ds4: warning: raw KV cap limits Metal prefill chunk (prefill_chunk=16384, raw_kv_rows=8704, raw_window=128, effective_chunk=8576; target raw cap for one chunk is 16640, also requires ctx >= that value)
ds4: context buffers 1618.87 MiB (ctx=20000, backend=metal, prefill_chunk=16384, raw_kv_rows=8704, compressed_kv_rows=5002)
ds4: Flash-MoE sidecar loaded: /Users/anemll/Models/flash/dsv4-iq2xxs-expert-major (slot-bank=99, expert-record 6.75 MiB)
ds4: Metal device Apple M5 Max, 128.00 GiB RAM
ds4: Flash-MoE using mmap-backed dense/shared weights without full-model Metal residency warmup
ds4: Metal model views created in 0.283 ms, residency requested in 0.000 ms, warmup 0.000 ms (mapped 8393.67 MiB from offset 5.06 MiB)
ds4: Metal mapped mmaped model as 1 overlapping shared buffers
ds4: metal backend initialized for graph diagnostics
ds4: prefill routed-MoE (requested): mul_mm_id (grouped GPU / ALU)  [grouped path]
ds4: prefill quant scales (ANE env first): w_qscale=512 x_qscale=32 mid_qscale=32 w_scale=0.00195312 x_scale=0.03125 mid_scale=0.03125
ds4: prefill ctx-grow: on, block=2048 tokens
ds4: prefill chunk cap: 16384, graph_raw_cap=8704
ds4: Flash-MoE slot banks allocated: layers=43 slots=99 gpu-bank=28734.75 MiB
ds4: prefill compute: routed experts = ANE i8i8 (W8A8) | dense proj = fp16-NAX (half x half)
ds4: prefill I/O: io-split=4 async-pread=on pread-threads=4 readahead=12 bank-prefetch=3 xlayer=auto<=6k-tok topk=49
ds4: decode  I/O: io-split=4 temporal-prefetch=on slots=99
ds4: Flash-MoE banked kernels using M5 simdgroup_matrix fast path (prefetch=3, banks=4)
ds4: WARNING: prefill chunk 16384 clamped to 8576 by raw-KV cap (raw_cap=8704, window=128). Set DS4_METAL_GRAPH_RAW_CAP >= 16512 (window + chunk) — or unset it to auto-size — to honor the chunk.
ds4: prefill chunk cap EFFECTIVE=8576 tokens (DS4_METAL_PREFILL_CHUNK=16384), CLAMPED by raw-KV-cap (ctx-grow) (resident-NAX tiles this by scratch_cap; that tile gates the sync bridge)
ds4: ANE i8w-i8x-tiled-fused cached async prefill B=256 H=4096 I=2048 w_scale=0.00195312 x_scale=0.03125 mid_scale=0.03125
processing 17329 input tokens: 0/17329 (0.0%) batch=0.00 t/s avg=0.00 t/s
ds4: Flash-MoE prefill layer=0 tokens=8576 unique=256 refs=51456 sync=244.522 ms plan=0.927 ms stage/compute=346.113 ms misses=256
ds4: Flash-MoE hybrid prefill layer=0 ane_groups=3 ane_refs=1829 gpu_i8_groups=0 gpu_i8_refs=0 fp32_groups=0 ane_min_refs=512 concurrent=1 ane_pipeline=1 output_queue=4 async_ane=3 gpu_overlap=253 finishes=3 waits=6
ds4: Flash-MoE overlap plan layer=0 exec_groups=256 planned_ane_groups=3 planned_ane_refs=1829 planned_gpu_groups=253 planned_gpu_refs=49627 tail_gpu_groups=0 tail_gpu_refs=0 planned_ssd_groups=256 est_gpu=65819.0 est_ane=503.3 est_idle=99.24% wall=338.181 ms actual_ane_groups=3 actual_ane_refs=1829 actual_gpu_groups=0 actual_gpu_refs=0 finishes=3 waits=6 overlap_gpu_groups=253
ds4: gpu chunked prefill pos=0 tokens=8576 layer 0 encode=610.792 ms execute=46.924 ms
ds4: Flash-MoE prefill layer=1 tokens=8576 unique=256 refs=51456 sync=95.904 ms plan=0.349 ms stage/compute=314.412 ms misses=256
ds4: Flash-MoE hybrid prefill layer=1 ane_groups=5 ane_refs=2759 gpu_i8_groups=0 gpu_i8_refs=0 fp32_groups=0 ane_min_refs=512 concurrent=1 ane_pipeline=1 output_queue=4 async_ane=5 gpu_overlap=251 finishes=5 waits=10
ds4: Flash-MoE overlap plan layer=1 exec_groups=256 planned_ane_groups=5 planned_ane_refs=2759 planned_gpu_groups=251 planned_gpu_refs=48697 tail_gpu_groups=0 tail_gpu_refs=0 planned_ssd_groups=256 est_gpu=64761.0 est_ane=838.8 est_idle=98.70% wall=312.977 ms actual_ane_groups=5 actual_ane_refs=2759 actual_gpu_groups=0 actual_gpu_refs=0 finishes=5 waits=10 overlap_gpu_groups=251
ds4: gpu chunked prefill pos=0 tokens=8576 layer 1 encode=429.493 ms execute=18.386 ms
ds4: Flash-MoE prefill layer=2 tokens=8576 unique=256 refs=51456 sync=313.626 ms plan=0.481 ms stage/compute=310.589 ms misses=256
ds4: Flash-MoE hybrid prefill layer=2 ane_groups=7 ane_refs=4155 gpu_i8_groups=0 gpu_i8_refs=0 fp32_groups=0 ane_min_refs=512 concurrent=1 ane_pipeline=1 output_queue=4 async_ane=7 gpu_overlap=249 finishes=7 waits=14
ds4: Flash-MoE overlap plan layer=2 exec_groups=256 planned_ane_groups=7 planned_ane_refs=4155 planned_gpu_groups=249 planned_gpu_refs=47301 tail_gpu_groups=0 tail_gpu_refs=0 planned_ssd_groups=256 est_gpu=63237.0 est_ane=1174.3 est_idle=98.14% wall=309.298 ms actual_ane_groups=7 actual_ane_refs=4155 actual_gpu_groups=0 actual_gpu_refs=0 finishes=7 waits=14 overlap_gpu_groups=249
ds4: gpu chunked prefill pos=0 tokens=8576 layer 2 encode=627.210 ms execute=18.668 ms
ds4: Flash-MoE prefill layer=3 tokens=8576 unique=245 refs=51456 sync=118.604 ms plan=0.444 ms stage/compute=293.216 ms misses=245
ds4: Flash-MoE hybrid prefill layer=3 ane_groups=16 ane_refs=16033 gpu_i8_groups=0 gpu_i8_refs=0 fp32_groups=0 ane_min_refs=512 concurrent=1 ane_pipeline=1 output_queue=4 async_ane=16 gpu_overlap=229 finishes=16 waits=32
ds4: Flash-MoE overlap plan layer=3 exec_groups=245 planned_ane_groups=16 planned_ane_refs=16033 planned_gpu_groups=229 planned_gpu_refs=35423 tail_gpu_groups=0 tail_gpu_refs=0 planned_ssd_groups=245 est_gpu=50079.0 est_ane=2746.2 est_idle=94.52% wall=291.839 ms actual_ane_groups=16 actual_ane_refs=16033 actual_gpu_groups=0 actual_gpu_refs=0 finishes=16 waits=32 overlap_gpu_groups=229
ds4: gpu chunked prefill pos=0 tokens=8576 layer 3 encode=431.746 ms execute=19.237 ms
ds4: Flash-MoE prefill layer=4 tokens=8576 unique=246 refs=51456 sync=295.502 ms plan=0.434 ms stage/compute=292.271 ms misses=246
ds4: Flash-MoE hybrid prefill layer=4 ane_groups=19 ane_refs=18332 gpu_i8_groups=0 gpu_i8_refs=0 fp32_groups=0 ane_min_refs=512 concurrent=1 ane_pipeline=1 output_queue=4 async_ane=19 gpu_overlap=227 finishes=19 waits=38
ds4: Flash-MoE overlap plan layer=4 exec_groups=246 planned_ane_groups=19 planned_ane_refs=18332 planned_gpu_groups=227 planned_gpu_refs=33124 tail_gpu_groups=0 tail_gpu_refs=0 planned_ssd_groups=246 est_gpu=47652.0 est_ane=3254.6 est_idle=93.17% wall=290.950 ms actual_ane_groups=19 actual_ane_refs=18332 actual_gpu_groups=0 actual_gpu_refs=0 finishes=19 waits=38 overlap_gpu_groups=227
ds4: gpu chunked prefill pos=0 tokens=8576 layer 4 encode=589.930 ms execute=18.409 ms
ds4: Flash-MoE prefill layer=5 tokens=8576 unique=252 refs=51456 sync=118.406 ms plan=0.367 ms stage/compute=306.623 ms misses=252
ds4: Flash-MoE hybrid prefill layer=5 ane_groups=14 ane_refs=15911 gpu_i8_groups=0 gpu_i8_refs=0 fp32_groups=0 ane_min_refs=512 concurrent=1 ane_pipeline=1 output_queue=4 async_ane=14 gpu_overlap=238 finishes=14 waits=28
ds4: Flash-MoE overlap plan layer=5 exec_groups=252 planned_ane_groups=14 planned_ane_refs=15911 planned_gpu_groups=238 planned_gpu_refs=35545 tail_gpu_groups=0 tail_gpu_refs=0 planned_ssd_groups=252 est_gpu=50777.0 est_ane=2423.6 est_idle=95.23% wall=305.212 ms actual_ane_groups=14 actual_ane_refs=15911 actual_gpu_groups=0 actual_gpu_refs=0 finishes=14 waits=28 overlap_gpu_groups=238
ds4: gpu chunked prefill pos=0 tokens=8576 layer 5 encode=443.134 ms execute=18.445 ms
ds4: Flash-MoE prefill layer=6 tokens=8576 unique=250 refs=51456 sync=295.047 ms plan=0.409 ms stage/compute=288.467 ms misses=250
ds4: Flash-MoE hybrid prefill layer=6 ane_groups=20 ane_refs=18681 gpu_i8_groups=0 gpu_i8_refs=0 fp32_groups=0 ane_min_refs=512 concurrent=1 ane_pipeline=1 output_queue=4 async_ane=20 gpu_overlap=230 finishes=20 waits=40
ds4: Flash-MoE overlap plan layer=6 exec_groups=250 planned_ane_groups=20 planned_ane_refs=18681 planned_gpu_groups=230 planned_gpu_refs=32775 tail_gpu_groups=0 tail_gpu_refs=0 planned_ssd_groups=250 est_gpu=47495.0 est_ane=3419.8 est_idle=92.80% wall=287.128 ms actual_ane_groups=20 actual_ane_refs=18681 actual_gpu_groups=0 actual_gpu_refs=0 finishes=20 waits=40 overlap_gpu_groups=230
ds4: gpu chunked prefill pos=0 tokens=8576 layer 6 encode=585.808 ms execute=18.396 ms
ds4: Flash-MoE prefill layer=7 tokens=8576 unique=252 refs=51456 sync=118.185 ms plan=0.354 ms stage/compute=293.025 ms misses=252
ds4: Flash-MoE hybrid prefill layer=7 ane_groups=17 ane_refs=18494 gpu_i8_groups=0 gpu_i8_refs=0 fp32_groups=0 ane_min_refs=512 concurrent=1 ane_pipeline=1 output_queue=4 async_ane=17 gpu_overlap=235 finishes=17 waits=34
ds4: Flash-MoE overlap plan layer=7 exec_groups=252 planned_ane_groups=17 planned_ane_refs=18494 planned_gpu_groups=235 planned_gpu_refs=32962 tail_gpu_groups=0 tail_gpu_refs=0 planned_ssd_groups=252 est_gpu=48002.0 est_ane=2934.6 est_idle=93.89% wall=291.616 ms actual_ane_groups=17 actual_ane_refs=18494 actual_gpu_groups=0 actual_gpu_refs=0 finishes=17 waits=34 overlap_gpu_groups=235
ds4: gpu chunked prefill pos=0 tokens=8576 layer 7 encode=430.507 ms execute=18.424 ms
ds4: Flash-MoE prefill layer=8 tokens=8576 unique=248 refs=51456 sync=294.540 ms plan=0.369 ms stage/compute=290.819 ms misses=248
ds4: Flash-MoE hybrid prefill layer=8 ane_groups=19 ane_refs=19967 gpu_i8_groups=0 gpu_i8_refs=0 fp32_groups=0 ane_min_refs=512 concurrent=1 ane_pipeline=1 output_queue=4 async_ane=19 gpu_overlap=229 finishes=19 waits=38
ds4: Flash-MoE overlap plan layer=8 exec_groups=248 planned_ane_groups=19 planned_ane_refs=19967 planned_gpu_groups=229 planned_gpu_refs=31489 tail_gpu_groups=0 tail_gpu_refs=0 planned_ssd_groups=248 est_gpu=46145.0 est_ane=3265.0 est_idle=92.92% wall=289.506 ms actual_ane_groups=19 actual_ane_refs=19967 actual_gpu_groups=0 actual_gpu_refs=0 finishes=19 waits=38 overlap_gpu_groups=229
ds4: gpu chunked prefill pos=0 tokens=8576 layer 8 encode=587.451 ms execute=18.407 ms
ds4: Flash-MoE prefill layer=9 tokens=8576 unique=250 refs=51456 sync=120.623 ms plan=0.324 ms stage/compute=293.655 ms misses=250
ds4: Flash-MoE hybrid prefill layer=9 ane_groups=17 ane_refs=16971 gpu_i8_groups=0 gpu_i8_refs=0 fp32_groups=0 ane_min_refs=512 concurrent=1 ane_pipeline=1 output_queue=4 async_ane=17 gpu_overlap=233 finishes=17 waits=34
ds4: Flash-MoE overlap plan layer=9 exec_groups=250 planned_ane_groups=17 planned_ane_refs=16971 planned_gpu_groups=233 planned_gpu_refs=34485 tail_gpu_groups=0 tail_gpu_refs=0 planned_ssd_groups=250 est_gpu=49397.0 est_ane=2919.1 est_idle=94.09% wall=292.371 ms actual_ane_groups=17 actual_ane_refs=16971 actual_gpu_groups=0 actual_gpu_refs=0 finishes=17 waits=34 overlap_gpu_groups=233
ds4: gpu chunked prefill pos=0 tokens=8576 layer 9 encode=433.022 ms execute=18.451 ms
ds4: Flash-MoE prefill layer=10 tokens=8576 unique=248 refs=51456 sync=296.393 ms plan=0.393 ms stage/compute=291.294 ms misses=248
ds4: Flash-MoE hybrid prefill layer=10 ane_groups=17 ane_refs=16186 gpu_i8_groups=0 gpu_i8_refs=0 fp32_groups=0 ane_min_refs=512 concurrent=1 ane_pipeline=1 output_queue=4 async_ane=17 gpu_overlap=231 finishes=17 waits=34
ds4: Flash-MoE overlap plan layer=10 exec_groups=248 planned_ane_groups=17 planned_ane_refs=16186 planned_gpu_groups=231 planned_gpu_refs=35270 tail_gpu_groups=0 tail_gpu_refs=0 planned_ssd_groups=248 est_gpu=50054.0 est_ane=2908.8 est_idle=94.19% wall=289.886 ms actual_ane_groups=17 actual_ane_refs=16186 actual_gpu_groups=0 actual_gpu_refs=0 finishes=17 waits=34 overlap_gpu_groups=231
ds4: gpu chunked prefill pos=0 tokens=8576 layer 10 encode=589.859 ms execute=18.346 ms
ds4: Flash-MoE prefill layer=11 tokens=8576 unique=251 refs=51456 sync=118.037 ms plan=0.428 ms stage/compute=286.098 ms misses=251
ds4: Flash-MoE hybrid prefill layer=11 ane_groups=21 ane_refs=15964 gpu_i8_groups=0 gpu_i8_refs=0 fp32_groups=0 ane_min_refs=512 concurrent=1 ane_pipeline=1 output_queue=4 async_ane=21 gpu_overlap=230 finishes=21 waits=42
ds4: Flash-MoE overlap plan layer=11 exec_groups=251 planned_ane_groups=21 planned_ane_refs=15964 planned_gpu_groups=230 planned_gpu_refs=35492 tail_gpu_groups=0 tail_gpu_refs=0 planned_ssd_groups=251 est_gpu=50212.0 est_ane=3548.8 est_idle=92.93% wall=284.674 ms actual_ane_groups=21 actual_ane_refs=15964 actual_gpu_groups=0 actual_gpu_refs=0 finishes=21 waits=42 overlap_gpu_groups=230
ds4: gpu chunked prefill pos=0 tokens=8576 layer 11 encode=423.632 ms execute=18.375 ms
ds4: Flash-MoE prefill layer=12 tokens=8576 unique=246 refs=51456 sync=294.727 ms plan=0.482 ms stage/compute=281.862 ms misses=246
ds4: Flash-MoE hybrid prefill layer=12 ane_groups=23 ane_refs=20060 gpu_i8_groups=0 gpu_i8_refs=0 fp32_groups=0 ane_min_refs=512 concurrent=1 ane_pipeline=1 output_queue=4 async_ane=23 gpu_overlap=223 finishes=23 waits=46
ds4: Flash-MoE overlap plan layer=12 exec_groups=246 planned_ane_groups=23 planned_ane_refs=20060 planned_gpu_groups=223 planned_gpu_refs=31396 tail_gpu_groups=0 tail_gpu_refs=0 planned_ssd_groups=246 est_gpu=45668.0 est_ane=3920.5 est_idle=91.42% wall=280.547 ms actual_ane_groups=23 actual_ane_refs=20060 actual_gpu_groups=0 actual_gpu_refs=0 finishes=23 waits=46 overlap_gpu_groups=223
ds4: gpu chunked prefill pos=0 tokens=8576 layer 12 encode=578.839 ms execute=18.539 ms
ds4: Flash-MoE prefill layer=13 tokens=8576 unique=250 refs=51456 sync=118.953 ms plan=0.367 ms stage/compute=274.876 ms misses=250
ds4: Flash-MoE hybrid prefill layer=13 ane_groups=26 ane_refs=22368 gpu_i8_groups=0 gpu_i8_refs=0 fp32_groups=0 ane_min_refs=512 concurrent=1 ane_pipeline=1 output_queue=4 async_ane=26 gpu_overlap=224 finishes=26 waits=52
ds4: Flash-MoE overlap plan layer=13 exec_groups=250 planned_ane_groups=26 planned_ane_refs=22368 planned_gpu_groups=224 planned_gpu_refs=29088 tail_gpu_groups=0 tail_gpu_refs=0 planned_ssd_groups=250 est_gpu=43424.0 est_ane=4426.3 est_idle=89.81% wall=273.448 ms actual_ane_groups=26 actual_ane_refs=22368 actual_gpu_groups=0 actual_gpu_refs=0 finishes=26 waits=52 overlap_gpu_groups=224
ds4: gpu chunked prefill pos=0 tokens=8576 layer 13 encode=411.737 ms execute=18.540 ms
ds4: Flash-MoE prefill layer=14 tokens=8576 unique=245 refs=51456 sync=295.794 ms plan=0.384 ms stage/compute=283.662 ms misses=245
ds4: Flash-MoE hybrid prefill layer=14 ane_groups=23 ane_refs=24041 gpu_i8_groups=0 gpu_i8_refs=0 fp32_groups=0 ane_min_refs=512 concurrent=1 ane_pipeline=1 output_queue=4 async_ane=23 gpu_overlap=222 finishes=23 waits=46
ds4: Flash-MoE overlap plan layer=14 exec_groups=245 planned_ane_groups=23 planned_ane_refs=24041 planned_gpu_groups=222 planned_gpu_refs=27415 tail_gpu_groups=0 tail_gpu_refs=0 planned_ssd_groups=245 est_gpu=41623.0 est_ane=3954.1 est_idle=90.50% wall=282.337 ms actual_ane_groups=23 actual_ane_refs=24041 actual_gpu_groups=0 actual_gpu_refs=0 finishes=23 waits=46 overlap_gpu_groups=222
ds4: gpu chunked prefill pos=0 tokens=8576 layer 14 encode=581.635 ms execute=18.838 ms
ds4: Flash-MoE prefill layer=15 tokens=8576 unique=241 refs=51456 sync=118.265 ms plan=0.362 ms stage/compute=280.118 ms misses=241
ds4: Flash-MoE hybrid prefill layer=15 ane_groups=25 ane_refs=23869 gpu_i8_groups=0 gpu_i8_refs=0 fp32_groups=0 ane_min_refs=512 concurrent=1 ane_pipeline=1 output_queue=4 async_ane=25 gpu_overlap=216 finishes=25 waits=50
ds4: Flash-MoE overlap plan layer=15 exec_groups=241 planned_ane_groups=25 planned_ane_refs=23869 planned_gpu_groups=216 planned_gpu_refs=27587 tail_gpu_groups=0 tail_gpu_refs=0 planned_ssd_groups=241 est_gpu=41411.0 est_ane=4279.3 est_idle=89.67% wall=278.666 ms actual_ane_groups=25 actual_ane_refs=23869 actual_gpu_groups=0 actual_gpu_refs=0 finishes=25 waits=50 overlap_gpu_groups=216
ds4: gpu chunked prefill pos=0 tokens=8576 layer 15 encode=418.447 ms execute=18.402 ms
ds4: Flash-MoE prefill layer=16 tokens=8576 unique=241 refs=51456 sync=294.366 ms plan=0.395 ms stage/compute=282.390 ms misses=241
ds4: Flash-MoE hybrid prefill layer=16 ane_groups=22 ane_refs=26032 gpu_i8_groups=0 gpu_i8_refs=0 fp32_groups=0 ane_min_refs=512 concurrent=1 ane_pipeline=1 output_queue=4 async_ane=22 gpu_overlap=219 finishes=22 waits=44
ds4: Flash-MoE overlap plan layer=16 exec_groups=241 planned_ane_groups=22 planned_ane_refs=26032 planned_gpu_groups=219 planned_gpu_refs=25424 tail_gpu_groups=0 tail_gpu_refs=0 planned_ssd_groups=241 est_gpu=39440.0 est_ane=3812.2 est_idle=90.33% wall=281.044 ms actual_ane_groups=22 actual_ane_refs=26032 actual_gpu_groups=0 actual_gpu_refs=0 finishes=22 waits=44 overlap_gpu_groups=219
ds4: gpu chunked prefill pos=0 tokens=8576 layer 16 encode=578.948 ms execute=18.470 ms
ds4: Flash-MoE prefill layer=17 tokens=8576 unique=242 refs=51456 sync=118.425 ms plan=0.348 ms stage/compute=284.045 ms misses=242
ds4: Flash-MoE hybrid prefill layer=17 ane_groups=23 ane_refs=22208 gpu_i8_groups=0 gpu_i8_refs=0 fp32_groups=0 ane_min_refs=512 concurrent=1 ane_pipeline=1 output_queue=4 async_ane=23 gpu_overlap=219 finishes=23 waits=46
ds4: Flash-MoE overlap plan layer=17 exec_groups=242 planned_ane_groups=23 planned_ane_refs=22208 planned_gpu_groups=219 planned_gpu_refs=29248 tail_gpu_groups=0 tail_gpu_refs=0 planned_ssd_groups=242 est_gpu=43264.0 est_ane=3943.8 est_idle=90.88% wall=282.444 ms actual_ane_groups=23 actual_ane_refs=22208 actual_gpu_groups=0 actual_gpu_refs=0 finishes=23 waits=46 overlap_gpu_groups=219
ds4: gpu chunked prefill pos=0 tokens=8576 layer 17 encode=421.336 ms execute=18.429 ms
ds4: Flash-MoE prefill layer=18 tokens=8576 unique=243 refs=51456 sync=294.315 ms plan=0.342 ms stage/compute=285.326 ms misses=243
ds4: Flash-MoE hybrid prefill layer=18 ane_groups=18 ane_refs=22004 gpu_i8_groups=0 gpu_i8_refs=0 fp32_groups=0 ane_min_refs=512 concurrent=1 ane_pipeline=1 output_queue=4 async_ane=18 gpu_overlap=225 finishes=18 waits=36
ds4: Flash-MoE overlap plan layer=18 exec_groups=243 planned_ane_groups=18 planned_ane_refs=22004 planned_gpu_groups=225 planned_gpu_refs=29452 tail_gpu_groups=0 tail_gpu_refs=0 planned_ssd_groups=243 est_gpu=43852.0 est_ane=3128.2 est_idle=92.87% wall=284.016 ms actual_ane_groups=18 actual_ane_refs=22004 actual_gpu_groups=0 actual_gpu_refs=0 finishes=18 waits=36 overlap_gpu_groups=225
ds4: gpu chunked prefill pos=0 tokens=8576 layer 18 encode=581.788 ms execute=18.430 ms
ds4: Flash-MoE prefill layer=19 tokens=8576 unique=252 refs=51456 sync=119.254 ms plan=0.352 ms stage/compute=299.510 ms misses=252
ds4: Flash-MoE hybrid prefill layer=19 ane_groups=13 ane_refs=12571 gpu_i8_groups=0 gpu_i8_refs=0 fp32_groups=0 ane_min_refs=512 concurrent=1 ane_pipeline=1 output_queue=4 async_ane=13 gpu_overlap=239 finishes=13 waits=26
ds4: Flash-MoE overlap plan layer=19 exec_groups=252 planned_ane_groups=13 planned_ane_refs=12571 planned_gpu_groups=239 planned_gpu_refs=38885 tail_gpu_groups=0 tail_gpu_refs=0 planned_ssd_groups=252 est_gpu=54181.0 est_ane=2222.2 est_idle=95.90% wall=297.897 ms actual_ane_groups=13 actual_ane_refs=12571 actual_gpu_groups=0 actual_gpu_refs=0 finishes=13 waits=26 overlap_gpu_groups=239
ds4: gpu chunked prefill pos=0 tokens=8576 layer 19 encode=437.286 ms execute=18.414 ms
ds4: Flash-MoE prefill layer=20 tokens=8576 unique=243 refs=51456 sync=294.327 ms plan=0.361 ms stage/compute=308.106 ms misses=243
ds4: Flash-MoE hybrid prefill layer=20 ane_groups=18 ane_refs=21220 gpu_i8_groups=0 gpu_i8_refs=0 fp32_groups=0 ane_min_refs=512 concurrent=1 ane_pipeline=1 output_queue=4 async_ane=18 gpu_overlap=225 finishes=18 waits=36
ds4: Flash-MoE overlap plan layer=20 exec_groups=243 planned_ane_groups=18 planned_ane_refs=21220 planned_gpu_groups=225 planned_gpu_refs=30236 tail_gpu_groups=0 tail_gpu_refs=0 planned_ssd_groups=243 est_gpu=44636.0 est_ane=3120.5 est_idle=93.01% wall=306.769 ms actual_ane_groups=18 actual_ane_refs=21220 actual_gpu_groups=0 actual_gpu_refs=0 finishes=18 waits=36 overlap_gpu_groups=225
ds4: gpu chunked prefill pos=0 tokens=8576 layer 20 encode=604.636 ms execute=18.388 ms
ds4: Flash-MoE prefill layer=21 tokens=8576 unique=238 refs=51456 sync=119.107 ms plan=0.357 ms stage/compute=269.197 ms misses=238
ds4: Flash-MoE hybrid prefill layer=21 ane_groups=26 ane_refs=21974 gpu_i8_groups=0 gpu_i8_refs=0 fp32_groups=0 ane_min_refs=512 concurrent=1 ane_pipeline=1 output_queue=4 async_ane=26 gpu_overlap=212 finishes=26 waits=52
ds4: Flash-MoE overlap plan layer=21 exec_groups=238 planned_ane_groups=26 planned_ane_refs=21974 planned_gpu_groups=212 planned_gpu_refs=29482 tail_gpu_groups=0 tail_gpu_refs=0 planned_ssd_groups=238 est_gpu=43050.0 est_ane=4418.6 est_idle=89.74% wall=267.893 ms actual_ane_groups=26 actual_ane_refs=21974 actual_gpu_groups=0 actual_gpu_refs=0 finishes=26 waits=52 overlap_gpu_groups=212
ds4: gpu chunked prefill pos=0 tokens=8576 layer 21 encode=408.862 ms execute=18.437 ms
ds4: Flash-MoE prefill layer=22 tokens=8576 unique=244 refs=51456 sync=294.340 ms plan=0.383 ms stage/compute=292.541 ms misses=244
ds4: Flash-MoE hybrid prefill layer=22 ane_groups=19 ane_refs=22146 gpu_i8_groups=0 gpu_i8_refs=0 fp32_groups=0 ane_min_refs=512 concurrent=1 ane_pipeline=1 output_queue=4 async_ane=19 gpu_overlap=225 finishes=19 waits=38
ds4: Flash-MoE overlap plan layer=22 exec_groups=244 planned_ane_groups=19 planned_ane_refs=22146 planned_gpu_groups=225 planned_gpu_refs=29310 tail_gpu_groups=0 tail_gpu_refs=0 planned_ssd_groups=244 est_gpu=43710.0 est_ane=3288.2 est_idle=92.48% wall=291.222 ms actual_ane_groups=19 actual_ane_refs=22146 actual_gpu_groups=0 actual_gpu_refs=0 finishes=19 waits=38 overlap_gpu_groups=225
ds4: gpu chunked prefill pos=0 tokens=8576 layer 22 encode=589.013 ms execute=18.800 ms
ds4: Flash-MoE prefill layer=23 tokens=8576 unique=244 refs=51456 sync=118.421 ms plan=0.367 ms stage/compute=278.774 ms misses=244
ds4: Flash-MoE hybrid prefill layer=23 ane_groups=22 ane_refs=18112 gpu_i8_groups=0 gpu_i8_refs=0 fp32_groups=0 ane_min_refs=512 concurrent=1 ane_pipeline=1 output_queue=4 async_ane=22 gpu_overlap=222 finishes=22 waits=44
ds4: Flash-MoE overlap plan layer=23 exec_groups=244 planned_ane_groups=22 planned_ane_refs=18112 planned_gpu_groups=222 planned_gpu_refs=33344 tail_gpu_groups=0 tail_gpu_refs=0 planned_ssd_groups=244 est_gpu=47552.0 est_ane=3729.5 est_idle=92.16% wall=277.397 ms actual_ane_groups=22 actual_ane_refs=18112 actual_gpu_groups=0 actual_gpu_refs=0 finishes=22 waits=44 overlap_gpu_groups=222
ds4: gpu chunked prefill pos=0 tokens=8576 layer 23 encode=417.452 ms execute=18.424 ms
ds4: Flash-MoE prefill layer=24 tokens=8576 unique=230 refs=51456 sync=295.847 ms plan=0.392 ms stage/compute=263.590 ms misses=230
ds4: Flash-MoE hybrid prefill layer=24 ane_groups=25 ane_refs=21398 gpu_i8_groups=0 gpu_i8_refs=0 fp32_groups=0 ane_min_refs=512 concurrent=1 ane_pipeline=1 output_queue=4 async_ane=25 gpu_overlap=205 finishes=25 waits=50
ds4: Flash-MoE overlap plan layer=24 exec_groups=230 planned_ane_groups=25 planned_ane_refs=21398 planned_gpu_groups=205 planned_gpu_refs=30058 tail_gpu_groups=0 tail_gpu_refs=0 planned_ssd_groups=230 est_gpu=43178.0 est_ane=4250.8 est_idle=90.16% wall=262.314 ms actual_ane_groups=25 actual_ane_refs=21398 actual_gpu_groups=0 actual_gpu_refs=0 finishes=25 waits=50 overlap_gpu_groups=205
ds4: gpu chunked prefill pos=0 tokens=8576 layer 24 encode=561.663 ms execute=19.102 ms
ds4: Flash-MoE prefill layer=25 tokens=8576 unique=234 refs=51456 sync=118.370 ms plan=0.358 ms stage/compute=274.027 ms misses=234
ds4: Flash-MoE hybrid prefill layer=25 ane_groups=24 ane_refs=20593 gpu_i8_groups=0 gpu_i8_refs=0 fp32_groups=0 ane_min_refs=512 concurrent=1 ane_pipeline=1 output_queue=4 async_ane=24 gpu_overlap=210 finishes=24 waits=48
ds4: Flash-MoE overlap plan layer=25 exec_groups=234 planned_ane_groups=24 planned_ane_refs=20593 planned_gpu_groups=210 planned_gpu_refs=30863 tail_gpu_groups=0 tail_gpu_refs=0 planned_ssd_groups=234 est_gpu=44303.0 est_ane=4080.5 est_idle=90.79% wall=272.694 ms actual_ane_groups=24 actual_ane_refs=20593 actual_gpu_groups=0 actual_gpu_refs=0 finishes=24 waits=48 overlap_gpu_groups=210
ds4: gpu chunked prefill pos=0 tokens=8576 layer 25 encode=411.103 ms execute=18.425 ms
ds4: Flash-MoE prefill layer=26 tokens=8576 unique=220 refs=51456 sync=294.220 ms plan=0.420 ms stage/compute=275.040 ms misses=220
ds4: Flash-MoE hybrid prefill layer=26 ane_groups=21 ane_refs=24764 gpu_i8_groups=0 gpu_i8_refs=0 fp32_groups=0 ane_min_refs=512 concurrent=1 ane_pipeline=1 output_queue=4 async_ane=21 gpu_overlap=199 finishes=21 waits=42
ds4: Flash-MoE overlap plan layer=26 exec_groups=220 planned_ane_groups=21 planned_ane_refs=24764 planned_gpu_groups=199 planned_gpu_refs=26692 tail_gpu_groups=0 tail_gpu_refs=0 planned_ssd_groups=220 est_gpu=39428.0 est_ane=3639.3 est_idle=90.77% wall=273.651 ms actual_ane_groups=21 actual_ane_refs=24764 actual_gpu_groups=0 actual_gpu_refs=0 finishes=21 waits=42 overlap_gpu_groups=199
ds4: gpu chunked prefill pos=0 tokens=8576 layer 26 encode=571.426 ms execute=18.407 ms
ds4: Flash-MoE prefill layer=27 tokens=8576 unique=231 refs=51456 sync=118.433 ms plan=0.390 ms stage/compute=276.298 ms misses=231
ds4: Flash-MoE hybrid prefill layer=27 ane_groups=20 ane_refs=19814 gpu_i8_groups=0 gpu_i8_refs=0 fp32_groups=0 ane_min_refs=512 concurrent=1 ane_pipeline=1 output_queue=4 async_ane=20 gpu_overlap=211 finishes=20 waits=40
ds4: Flash-MoE overlap plan layer=27 exec_groups=231 planned_ane_groups=20 planned_ane_refs=19814 planned_gpu_groups=211 planned_gpu_refs=31642 tail_gpu_groups=0 tail_gpu_refs=0 planned_ssd_groups=231 est_gpu=45146.0 est_ane=3422.4 est_idle=92.42% wall=274.935 ms actual_ane_groups=20 actual_ane_refs=19814 actual_gpu_groups=0 actual_gpu_refs=0 finishes=20 waits=40 overlap_gpu_groups=211
ds4: gpu chunked prefill pos=0 tokens=8576 layer 27 encode=414.498 ms execute=18.425 ms
ds4: Flash-MoE prefill layer=28 tokens=8576 unique=222 refs=51456 sync=294.532 ms plan=0.403 ms stage/compute=271.155 ms misses=222
ds4: Flash-MoE hybrid prefill layer=28 ane_groups=22 ane_refs=22183 gpu_i8_groups=0 gpu_i8_refs=0 fp32_groups=0 ane_min_refs=512 concurrent=1 ane_pipeline=1 output_queue=4 async_ane=22 gpu_overlap=200 finishes=22 waits=44
ds4: Flash-MoE overlap plan layer=28 exec_groups=222 planned_ane_groups=22 planned_ane_refs=22183 planned_gpu_groups=200 planned_gpu_refs=29273 tail_gpu_groups=0 tail_gpu_refs=0 planned_ssd_groups=222 est_gpu=42073.0 est_ane=3778.6 est_idle=91.02% wall=269.872 ms actual_ane_groups=22 actual_ane_refs=22183 actual_gpu_groups=0 actual_gpu_refs=0 finishes=22 waits=44 overlap_gpu_groups=200
ds4: gpu chunked prefill pos=0 tokens=8576 layer 28 encode=567.826 ms execute=18.436 ms
ds4: Flash-MoE prefill layer=29 tokens=8576 unique=238 refs=51456 sync=118.828 ms plan=0.375 ms stage/compute=278.593 ms misses=238
ds4: Flash-MoE hybrid prefill layer=29 ane_groups=25 ane_refs=23650 gpu_i8_groups=0 gpu_i8_refs=0 fp32_groups=0 ane_min_refs=512 concurrent=1 ane_pipeline=1 output_queue=4 async_ane=25 gpu_overlap=213 finishes=25 waits=50
ds4: Flash-MoE overlap plan layer=29 exec_groups=238 planned_ane_groups=25 planned_ane_refs=23650 planned_gpu_groups=213 planned_gpu_refs=27806 tail_gpu_groups=0 tail_gpu_refs=0 planned_ssd_groups=238 est_gpu=41438.0 est_ane=4271.5 est_idle=89.69% wall=277.154 ms actual_ane_groups=25 actual_ane_refs=23650 actual_gpu_groups=0 actual_gpu_refs=0 finishes=25 waits=50 overlap_gpu_groups=213
ds4: gpu chunked prefill pos=0 tokens=8576 layer 29 encode=415.689 ms execute=18.594 ms
ds4: Flash-MoE prefill layer=30 tokens=8576 unique=238 refs=51456 sync=294.411 ms plan=0.405 ms stage/compute=274.189 ms misses=238
ds4: Flash-MoE hybrid prefill layer=30 ane_groups=22 ane_refs=19983 gpu_i8_groups=0 gpu_i8_refs=0 fp32_groups=0 ane_min_refs=512 concurrent=1 ane_pipeline=1 output_queue=4 async_ane=22 gpu_overlap=216 finishes=22 waits=44
ds4: Flash-MoE overlap plan layer=30 exec_groups=238 planned_ane_groups=22 planned_ane_refs=19983 planned_gpu_groups=216 planned_gpu_refs=31473 tail_gpu_groups=0 tail_gpu_refs=0 planned_ssd_groups=238 est_gpu=45297.0 est_ane=3750.1 est_idle=91.72% wall=272.884 ms actual_ane_groups=22 actual_ane_refs=19983 actual_gpu_groups=0 actual_gpu_refs=0 finishes=22 waits=44 overlap_gpu_groups=216
ds4: gpu chunked prefill pos=0 tokens=8576 layer 30 encode=570.797 ms execute=18.451 ms
ds4: Flash-MoE prefill layer=31 tokens=8576 unique=241 refs=51456 sync=118.777 ms plan=0.377 ms stage/compute=278.115 ms misses=241
ds4: Flash-MoE hybrid prefill layer=31 ane_groups=23 ane_refs=20979 gpu_i8_groups=0 gpu_i8_refs=0 fp32_groups=0 ane_min_refs=512 concurrent=1 ane_pipeline=1 output_queue=4 async_ane=23 gpu_overlap=218 finishes=23 waits=46
ds4: Flash-MoE overlap plan layer=31 exec_groups=241 planned_ane_groups=23 planned_ane_refs=20979 planned_gpu_groups=218 planned_gpu_refs=30477 tail_gpu_groups=0 tail_gpu_refs=0 planned_ssd_groups=241 est_gpu=44429.0 est_ane=3925.7 est_idle=91.16% wall=276.536 ms actual_ane_groups=23 actual_ane_refs=20979 actual_gpu_groups=0 actual_gpu_refs=0 finishes=23 waits=46 overlap_gpu_groups=218
ds4: gpu chunked prefill pos=0 tokens=8576 layer 31 encode=415.121 ms execute=18.571 ms
ds4: Flash-MoE prefill layer=32 tokens=8576 unique=235 refs=51456 sync=294.328 ms plan=0.392 ms stage/compute=280.857 ms misses=235
ds4: Flash-MoE hybrid prefill layer=32 ane_groups=21 ane_refs=22694 gpu_i8_groups=0 gpu_i8_refs=0 fp32_groups=0 ane_min_refs=512 concurrent=1 ane_pipeline=1 output_queue=4 async_ane=21 gpu_overlap=214 finishes=21 waits=42
ds4: Flash-MoE overlap plan layer=32 exec_groups=235 planned_ane_groups=21 planned_ane_refs=22694 planned_gpu_groups=214 planned_gpu_refs=28762 tail_gpu_groups=0 tail_gpu_refs=0 planned_ssd_groups=235 est_gpu=42458.0 est_ane=3621.2 est_idle=91.47% wall=279.435 ms actual_ane_groups=21 actual_ane_refs=22694 actual_gpu_groups=0 actual_gpu_refs=0 finishes=21 waits=42 overlap_gpu_groups=214
ds4: gpu chunked prefill pos=0 tokens=8576 layer 32 encode=577.277 ms execute=18.666 ms
ds4: Flash-MoE prefill layer=33 tokens=8576 unique=237 refs=51456 sync=118.257 ms plan=0.483 ms stage/compute=271.667 ms misses=237
ds4: Flash-MoE hybrid prefill layer=33 ane_groups=24 ane_refs=23631 gpu_i8_groups=0 gpu_i8_refs=0 fp32_groups=0 ane_min_refs=512 concurrent=1 ane_pipeline=1 output_queue=4 async_ane=24 gpu_overlap=213 finishes=24 waits=48
ds4: Flash-MoE overlap plan layer=33 exec_groups=237 planned_ane_groups=24 planned_ane_refs=23631 planned_gpu_groups=213 planned_gpu_refs=27825 tail_gpu_groups=0 tail_gpu_refs=0 planned_ssd_groups=237 est_gpu=41457.0 est_ane=4103.8 est_idle=90.10% wall=270.203 ms actual_ane_groups=24 actual_ane_refs=23631 actual_gpu_groups=0 actual_gpu_refs=0 finishes=24 waits=48 overlap_gpu_groups=213
ds4: gpu chunked prefill pos=0 tokens=8576 layer 33 encode=409.467 ms execute=18.420 ms
ds4: Flash-MoE prefill layer=34 tokens=8576 unique=231 refs=51456 sync=295.591 ms plan=0.380 ms stage/compute=286.322 ms misses=231
ds4: Flash-MoE hybrid prefill layer=34 ane_groups=22 ane_refs=26608 gpu_i8_groups=0 gpu_i8_refs=0 fp32_groups=0 ane_min_refs=512 concurrent=1 ane_pipeline=1 output_queue=4 async_ane=22 gpu_overlap=209 finishes=22 waits=44
ds4: Flash-MoE overlap plan layer=34 exec_groups=231 planned_ane_groups=22 planned_ane_refs=26608 planned_gpu_groups=209 planned_gpu_refs=24848 tail_gpu_groups=0 tail_gpu_refs=0 planned_ssd_groups=231 est_gpu=38224.0 est_ane=3820.0 est_idle=90.01% wall=284.944 ms actual_ane_groups=22 actual_ane_refs=26608 actual_gpu_groups=0 actual_gpu_refs=0 finishes=22 waits=44 overlap_gpu_groups=209
ds4: gpu chunked prefill pos=0 tokens=8576 layer 34 encode=583.926 ms execute=18.381 ms
ds4: Flash-MoE prefill layer=35 tokens=8576 unique=244 refs=51456 sync=118.538 ms plan=0.377 ms stage/compute=279.183 ms misses=244
ds4: Flash-MoE hybrid prefill layer=35 ane_groups=21 ane_refs=22049 gpu_i8_groups=0 gpu_i8_refs=0 fp32_groups=0 ane_min_refs=512 concurrent=1 ane_pipeline=1 output_queue=4 async_ane=21 gpu_overlap=223 finishes=21 waits=42
ds4: Flash-MoE overlap plan layer=35 exec_groups=244 planned_ane_groups=21 planned_ane_refs=22049 planned_gpu_groups=223 planned_gpu_refs=29407 tail_gpu_groups=0 tail_gpu_refs=0 planned_ssd_groups=244 est_gpu=43679.0 est_ane=3603.1 est_idle=91.75% wall=277.834 ms actual_ane_groups=21 actual_ane_refs=22049 actual_gpu_groups=0 actual_gpu_refs=0 finishes=21 waits=42 overlap_gpu_groups=223
ds4: gpu chunked prefill pos=0 tokens=8576 layer 35 encode=415.683 ms execute=18.399 ms
ds4: Flash-MoE prefill layer=36 tokens=8576 unique=239 refs=51456 sync=295.938 ms plan=0.412 ms stage/compute=280.758 ms misses=239
ds4: Flash-MoE hybrid prefill layer=36 ane_groups=26 ane_refs=28248 gpu_i8_groups=0 gpu_i8_refs=0 fp32_groups=0 ane_min_refs=512 concurrent=1 ane_pipeline=1 output_queue=4 async_ane=26 gpu_overlap=213 finishes=26 waits=52
ds4: Flash-MoE overlap plan layer=36 exec_groups=239 planned_ane_groups=26 planned_ane_refs=28248 planned_gpu_groups=213 planned_gpu_refs=23208 tail_gpu_groups=0 tail_gpu_refs=0 planned_ssd_groups=239 est_gpu=36840.0 est_ane=4483.2 est_idle=87.83% wall=279.461 ms actual_ane_groups=26 actual_ane_refs=28248 actual_gpu_groups=0 actual_gpu_refs=0 finishes=26 waits=52 overlap_gpu_groups=213
ds4: gpu chunked prefill pos=0 tokens=8576 layer 36 encode=578.787 ms execute=18.360 ms
ds4: Flash-MoE prefill layer=37 tokens=8576 unique=239 refs=51456 sync=118.556 ms plan=0.408 ms stage/compute=300.158 ms misses=239
ds4: Flash-MoE hybrid prefill layer=37 ane_groups=21 ane_refs=23402 gpu_i8_groups=0 gpu_i8_refs=0 fp32_groups=0 ane_min_refs=512 concurrent=1 ane_pipeline=1 output_queue=4 async_ane=21 gpu_overlap=218 finishes=21 waits=42
ds4: Flash-MoE overlap plan layer=37 exec_groups=239 planned_ane_groups=21 planned_ane_refs=23402 planned_gpu_groups=218 planned_gpu_refs=28054 tail_gpu_groups=0 tail_gpu_refs=0 planned_ssd_groups=239 est_gpu=42006.0 est_ane=3618.6 est_idle=91.39% wall=298.810 ms actual_ane_groups=21 actual_ane_refs=23402 actual_gpu_groups=0 actual_gpu_refs=0 finishes=21 waits=42 overlap_gpu_groups=218
ds4: gpu chunked prefill pos=0 tokens=8576 layer 37 encode=438.013 ms execute=18.362 ms
ds4: Flash-MoE prefill layer=38 tokens=8576 unique=238 refs=51456 sync=294.888 ms plan=0.343 ms stage/compute=281.952 ms misses=238
ds4: Flash-MoE hybrid prefill layer=38 ane_groups=27 ane_refs=25832 gpu_i8_groups=0 gpu_i8_refs=0 fp32_groups=0 ane_min_refs=512 concurrent=1 ane_pipeline=1 output_queue=4 async_ane=27 gpu_overlap=211 finishes=27 waits=54
ds4: Flash-MoE overlap plan layer=38 exec_groups=238 planned_ane_groups=27 planned_ane_refs=25832 planned_gpu_groups=211 planned_gpu_refs=25624 tail_gpu_groups=0 tail_gpu_refs=0 planned_ssd_groups=238 est_gpu=39128.0 est_ane=4620.0 est_idle=88.19% wall=280.503 ms actual_ane_groups=27 actual_ane_refs=25832 actual_gpu_groups=0 actual_gpu_refs=0 finishes=27 waits=54 overlap_gpu_groups=211
ds4: gpu chunked prefill pos=0 tokens=8576 layer 38 encode=578.904 ms execute=18.778 ms
ds4: Flash-MoE prefill layer=39 tokens=8576 unique=248 refs=51456 sync=118.220 ms plan=0.397 ms stage/compute=291.250 ms misses=248
ds4: Flash-MoE hybrid prefill layer=39 ane_groups=21 ane_refs=18785 gpu_i8_groups=0 gpu_i8_refs=0 fp32_groups=0 ane_min_refs=512 concurrent=1 ane_pipeline=1 output_queue=4 async_ane=21 gpu_overlap=227 finishes=21 waits=42
ds4: Flash-MoE overlap plan layer=39 exec_groups=248 planned_ane_groups=21 planned_ane_refs=18785 planned_gpu_groups=227 planned_gpu_refs=32671 tail_gpu_groups=0 tail_gpu_refs=0 planned_ssd_groups=248 est_gpu=47199.0 est_ane=3579.8 est_idle=92.42% wall=289.884 ms actual_ane_groups=21 actual_ane_refs=18785 actual_gpu_groups=0 actual_gpu_refs=0 finishes=21 waits=42 overlap_gpu_groups=227
ds4: gpu chunked prefill pos=0 tokens=8576 layer 39 encode=428.571 ms execute=18.409 ms
ds4: Flash-MoE prefill layer=40 tokens=8576 unique=228 refs=51456 sync=294.424 ms plan=0.411 ms stage/compute=268.924 ms misses=228
ds4: Flash-MoE hybrid prefill layer=40 ane_groups=27 ane_refs=25837 gpu_i8_groups=0 gpu_i8_refs=0 fp32_groups=0 ane_min_refs=512 concurrent=1 ane_pipeline=1 output_queue=4 async_ane=27 gpu_overlap=201 finishes=27 waits=54
ds4: Flash-MoE overlap plan layer=40 exec_groups=228 planned_ane_groups=27 planned_ane_refs=25837 planned_gpu_groups=201 planned_gpu_refs=25619 tail_gpu_groups=0 tail_gpu_refs=0 planned_ssd_groups=228 est_gpu=38483.0 est_ane=4622.5 est_idle=87.99% wall=267.639 ms actual_ane_groups=27 actual_ane_refs=25837 actual_gpu_groups=0 actual_gpu_refs=0 finishes=27 waits=54 overlap_gpu_groups=201
ds4: gpu chunked prefill pos=0 tokens=8576 layer 40 encode=565.398 ms execute=18.410 ms
ds4: Flash-MoE prefill layer=41 tokens=8576 unique=238 refs=51456 sync=118.214 ms plan=0.406 ms stage/compute=271.764 ms misses=238
ds4: Flash-MoE hybrid prefill layer=41 ane_groups=23 ane_refs=18987 gpu_i8_groups=0 gpu_i8_refs=0 fp32_groups=0 ane_min_refs=512 concurrent=1 ane_pipeline=1 output_queue=4 async_ane=23 gpu_overlap=215 finishes=23 waits=46
ds4: Flash-MoE overlap plan layer=41 exec_groups=238 planned_ane_groups=23 planned_ane_refs=18987 planned_gpu_groups=215 planned_gpu_refs=32469 tail_gpu_groups=0 tail_gpu_refs=0 planned_ssd_groups=238 est_gpu=46229.0 est_ane=3899.8 est_idle=91.56% wall=270.332 ms actual_ane_groups=23 actual_ane_refs=18987 actual_gpu_groups=0 actual_gpu_refs=0 finishes=23 waits=46 overlap_gpu_groups=215
ds4: gpu chunked prefill pos=0 tokens=8576 layer 41 encode=408.259 ms execute=18.424 ms
ds4: Flash-MoE prefill layer=42 tokens=8576 unique=233 refs=51456 sync=294.854 ms plan=0.442 ms stage/compute=266.554 ms misses=233
ds4: Flash-MoE hybrid prefill layer=42 ane_groups=23 ane_refs=18707 gpu_i8_groups=0 gpu_i8_refs=0 fp32_groups=0 ane_min_refs=512 concurrent=1 ane_pipeline=1 output_queue=4 async_ane=23 gpu_overlap=210 finishes=23 waits=46
ds4: Flash-MoE overlap plan layer=42 exec_groups=233 planned_ane_groups=23 planned_ane_refs=18707 planned_gpu_groups=210 planned_gpu_refs=32749 tail_gpu_groups=0 tail_gpu_refs=0 planned_ssd_groups=233 est_gpu=46189.0 est_ane=3899.8 est_idle=91.56% wall=265.265 ms actual_ane_groups=23 actual_ane_refs=18707 actual_gpu_groups=0 actual_gpu_refs=0 finishes=23 waits=46 overlap_gpu_groups=210
ds4: gpu chunked prefill pos=0 tokens=8576 layer 42 encode=563.519 ms execute=18.472 ms
processing 17329 input tokens: 8576/17329 (49.5%) batch=380.44 t/s avg=374.62 t/s
ds4: Flash-MoE prefill layer=0 tokens=8576 unique=256 refs=51456 sync=96.037 ms plan=0.328 ms stage/compute=310.518 ms misses=256
ds4: Flash-MoE hybrid prefill layer=0 ane_groups=5 ane_refs=2907 gpu_i8_groups=0 gpu_i8_refs=0 fp32_groups=0 ane_min_refs=512 concurrent=1 ane_pipeline=1 output_queue=4 async_ane=5 gpu_overlap=251 finishes=5 waits=10
ds4: Flash-MoE overlap plan layer=0 exec_groups=256 planned_ane_groups=5 planned_ane_refs=2907 planned_gpu_groups=251 planned_gpu_refs=48549 tail_gpu_groups=0 tail_gpu_refs=0 planned_ssd_groups=256 est_gpu=64613.0 est_ane=838.8 est_idle=98.70% wall=309.173 ms actual_ane_groups=5 actual_ane_refs=2907 actual_gpu_groups=0 actual_gpu_refs=0 finishes=5 waits=10 overlap_gpu_groups=251
ds4: gpu chunked prefill pos=8576 tokens=8576 layer 0 encode=421.657 ms execute=18.768 ms
ds4: Flash-MoE prefill layer=1 tokens=8576 unique=256 refs=51456 sync=95.983 ms plan=0.375 ms stage/compute=311.596 ms misses=256
ds4: Flash-MoE hybrid prefill layer=1 ane_groups=6 ane_refs=3323 gpu_i8_groups=0 gpu_i8_refs=0 fp32_groups=0 ane_min_refs=512 concurrent=1 ane_pipeline=1 output_queue=4 async_ane=6 gpu_overlap=250 finishes=6 waits=12
ds4: Flash-MoE overlap plan layer=1 exec_groups=256 planned_ane_groups=6 planned_ane_refs=3323 planned_gpu_groups=250 planned_gpu_refs=48133 tail_gpu_groups=0 tail_gpu_refs=0 planned_ssd_groups=256 est_gpu=64133.0 est_ane=1006.5 est_idle=98.43% wall=310.278 ms actual_ane_groups=6 actual_ane_refs=3323 actual_gpu_groups=0 actual_gpu_refs=0 finishes=6 waits=12 overlap_gpu_groups=250
ds4: gpu chunked prefill pos=8576 tokens=8576 layer 1 encode=422.918 ms execute=18.424 ms
ds4: Flash-MoE prefill layer=2 tokens=8576 unique=256 refs=51456 sync=370.834 ms plan=0.387 ms stage/compute=310.396 ms misses=256
ds4: Flash-MoE hybrid prefill layer=2 ane_groups=8 ane_refs=4757 gpu_i8_groups=0 gpu_i8_refs=0 fp32_groups=0 ane_min_refs=512 concurrent=1 ane_pipeline=1 output_queue=4 async_ane=8 gpu_overlap=248 finishes=8 waits=16
ds4: Flash-MoE overlap plan layer=2 exec_groups=256 planned_ane_groups=8 planned_ane_refs=4757 planned_gpu_groups=248 planned_gpu_refs=46699 tail_gpu_groups=0 tail_gpu_refs=0 planned_ssd_groups=256 est_gpu=62571.0 est_ane=1342.1 est_idle=97.86% wall=308.944 ms actual_ane_groups=8 actual_ane_refs=4757 actual_gpu_groups=0 actual_gpu_refs=0 finishes=8 waits=16 overlap_gpu_groups=248
ds4: gpu chunked prefill pos=8576 tokens=8576 layer 2 encode=683.346 ms execute=18.378 ms
ds4: Flash-MoE prefill layer=3 tokens=8576 unique=240 refs=51456 sync=125.176 ms plan=0.397 ms stage/compute=299.641 ms misses=240
ds4: Flash-MoE hybrid prefill layer=3 ane_groups=12 ane_refs=12009 gpu_i8_groups=0 gpu_i8_refs=0 fp32_groups=0 ane_min_refs=512 concurrent=1 ane_pipeline=1 output_queue=4 async_ane=12 gpu_overlap=228 finishes=12 waits=24
ds4: Flash-MoE overlap plan layer=3 exec_groups=240 planned_ane_groups=12 planned_ane_refs=12009 planned_gpu_groups=228 planned_gpu_refs=39447 tail_gpu_groups=0 tail_gpu_refs=0 planned_ssd_groups=240 est_gpu=54039.0 est_ane=2059.6 est_idle=96.19% wall=298.255 ms actual_ane_groups=12 actual_ane_refs=12009 actual_gpu_groups=0 actual_gpu_refs=0 finishes=12 waits=24 overlap_gpu_groups=228
ds4: gpu chunked prefill pos=8576 tokens=8576 layer 3 encode=441.358 ms execute=18.574 ms
ds4: Flash-MoE prefill layer=4 tokens=8576 unique=243 refs=51456 sync=365.231 ms plan=0.407 ms stage/compute=290.360 ms misses=243
ds4: Flash-MoE hybrid prefill layer=4 ane_groups=20 ane_refs=17258 gpu_i8_groups=0 gpu_i8_refs=0 fp32_groups=0 ane_min_refs=512 concurrent=1 ane_pipeline=1 output_queue=4 async_ane=20 gpu_overlap=223 finishes=20 waits=40
ds4: Flash-MoE overlap plan layer=4 exec_groups=243 planned_ane_groups=20 planned_ane_refs=17258 planned_gpu_groups=223 planned_gpu_refs=34198 tail_gpu_groups=0 tail_gpu_refs=0 planned_ssd_groups=243 est_gpu=48470.0 est_ane=3404.3 est_idle=92.98% wall=288.937 ms actual_ane_groups=20 actual_ane_refs=17258 actual_gpu_groups=0 actual_gpu_refs=0 finishes=20 waits=40 overlap_gpu_groups=223
ds4: gpu chunked prefill pos=8576 tokens=8576 layer 4 encode=657.789 ms execute=18.382 ms
ds4: Flash-MoE prefill layer=5 tokens=8576 unique=251 refs=51456 sync=125.732 ms plan=0.445 ms stage/compute=297.370 ms misses=251
ds4: Flash-MoE hybrid prefill layer=5 ane_groups=16 ane_refs=14454 gpu_i8_groups=0 gpu_i8_refs=0 fp32_groups=0 ane_min_refs=512 concurrent=1 ane_pipeline=1 output_queue=4 async_ane=16 gpu_overlap=235 finishes=16 waits=32
ds4: Flash-MoE overlap plan layer=5 exec_groups=251 planned_ane_groups=16 planned_ane_refs=14454 planned_gpu_groups=235 planned_gpu_refs=37002 tail_gpu_groups=0 tail_gpu_refs=0 planned_ssd_groups=251 est_gpu=52042.0 est_ane=2733.3 est_idle=94.75% wall=295.974 ms actual_ane_groups=16 actual_ane_refs=14454 actual_gpu_groups=0 actual_gpu_refs=0 finishes=16 waits=32 overlap_gpu_groups=235
ds4: gpu chunked prefill pos=8576 tokens=8576 layer 5 encode=438.625 ms execute=18.429 ms
ds4: Flash-MoE prefill layer=6 tokens=8576 unique=246 refs=51456 sync=366.852 ms plan=0.393 ms stage/compute=291.992 ms misses=246
ds4: Flash-MoE hybrid prefill layer=6 ane_groups=14 ane_refs=13532 gpu_i8_groups=0 gpu_i8_refs=0 fp32_groups=0 ane_min_refs=512 concurrent=1 ane_pipeline=1 output_queue=4 async_ane=14 gpu_overlap=232 finishes=14 waits=28
ds4: Flash-MoE overlap plan layer=6 exec_groups=246 planned_ane_groups=14 planned_ane_refs=13532 planned_gpu_groups=232 planned_gpu_refs=37924 tail_gpu_groups=0 tail_gpu_refs=0 planned_ssd_groups=246 est_gpu=52772.0 est_ane=2390.0 est_idle=95.47% wall=290.674 ms actual_ane_groups=14 actual_ane_refs=13532 actual_gpu_groups=0 actual_gpu_refs=0 finishes=14 waits=28 overlap_gpu_groups=232
ds4: gpu chunked prefill pos=8576 tokens=8576 layer 6 encode=661.003 ms execute=18.407 ms
ds4: Flash-MoE prefill layer=7 tokens=8576 unique=252 refs=51456 sync=124.518 ms plan=0.446 ms stage/compute=298.388 ms misses=252
ds4: Flash-MoE hybrid prefill layer=7 ane_groups=19 ane_refs=15568 gpu_i8_groups=0 gpu_i8_refs=0 fp32_groups=0 ane_min_refs=512 concurrent=1 ane_pipeline=1 output_queue=4 async_ane=19 gpu_overlap=233 finishes=19 waits=38
ds4: Flash-MoE overlap plan layer=7 exec_groups=252 planned_ane_groups=19 planned_ane_refs=15568 planned_gpu_groups=233 planned_gpu_refs=35888 tail_gpu_groups=0 tail_gpu_refs=0 planned_ssd_groups=252 est_gpu=50800.0 est_ane=3228.8 est_idle=93.64% wall=297.011 ms actual_ane_groups=19 actual_ane_refs=15568 actual_gpu_groups=0 actual_gpu_refs=0 finishes=19 waits=38 overlap_gpu_groups=233
ds4: gpu chunked prefill pos=8576 tokens=8576 layer 7 encode=438.134 ms execute=18.476 ms
ds4: Flash-MoE prefill layer=8 tokens=8576 unique=241 refs=51456 sync=367.067 ms plan=0.435 ms stage/compute=281.134 ms misses=241
ds4: Flash-MoE hybrid prefill layer=8 ane_groups=22 ane_refs=19868 gpu_i8_groups=0 gpu_i8_refs=0 fp32_groups=0 ane_min_refs=512 concurrent=1 ane_pipeline=1 output_queue=4 async_ane=22 gpu_overlap=219 finishes=22 waits=44
ds4: Flash-MoE overlap plan layer=8 exec_groups=241 planned_ane_groups=22 planned_ane_refs=19868 planned_gpu_groups=219 planned_gpu_refs=31588 tail_gpu_groups=0 tail_gpu_refs=0 planned_ssd_groups=241 est_gpu=45604.0 est_ane=3755.3 est_idle=91.77% wall=279.768 ms actual_ane_groups=22 actual_ane_refs=19868 actual_gpu_groups=0 actual_gpu_refs=0 finishes=22 waits=44 overlap_gpu_groups=219
ds4: gpu chunked prefill pos=8576 tokens=8576 layer 8 encode=650.790 ms execute=18.401 ms
ds4: Flash-MoE prefill layer=9 tokens=8576 unique=248 refs=51456 sync=124.717 ms plan=0.443 ms stage/compute=285.236 ms misses=248
ds4: Flash-MoE hybrid prefill layer=9 ane_groups=20 ane_refs=15845 gpu_i8_groups=0 gpu_i8_refs=0 fp32_groups=0 ane_min_refs=512 concurrent=1 ane_pipeline=1 output_queue=4 async_ane=20 gpu_overlap=228 finishes=20 waits=40
ds4: Flash-MoE overlap plan layer=9 exec_groups=248 planned_ane_groups=20 planned_ane_refs=15845 planned_gpu_groups=228 planned_gpu_refs=35611 tail_gpu_groups=0 tail_gpu_refs=0 planned_ssd_groups=248 est_gpu=50203.0 est_ane=3391.4 est_idle=93.24% wall=283.886 ms actual_ane_groups=20 actual_ane_refs=15845 actual_gpu_groups=0 actual_gpu_refs=0 finishes=20 waits=40 overlap_gpu_groups=228
ds4: gpu chunked prefill pos=8576 tokens=8576 layer 9 encode=424.859 ms execute=18.485 ms
ds4: Flash-MoE prefill layer=10 tokens=8576 unique=246 refs=51456 sync=366.853 ms plan=0.411 ms stage/compute=285.389 ms misses=246
ds4: Flash-MoE hybrid prefill layer=10 ane_groups=22 ane_refs=18184 gpu_i8_groups=0 gpu_i8_refs=0 fp32_groups=0 ane_min_refs=512 concurrent=1 ane_pipeline=1 output_queue=4 async_ane=22 gpu_overlap=224 finishes=22 waits=44
ds4: Flash-MoE overlap plan layer=10 exec_groups=246 planned_ane_groups=22 planned_ane_refs=18184 planned_gpu_groups=224 planned_gpu_refs=33272 tail_gpu_groups=0 tail_gpu_refs=0 planned_ssd_groups=246 est_gpu=47608.0 est_ane=3729.5 est_idle=92.17% wall=284.105 ms actual_ane_groups=22 actual_ane_refs=18184 actual_gpu_groups=0 actual_gpu_refs=0 finishes=22 waits=44 overlap_gpu_groups=224
ds4: gpu chunked prefill pos=8576 tokens=8576 layer 10 encode=654.468 ms execute=18.424 ms
ds4: Flash-MoE prefill layer=11 tokens=8576 unique=247 refs=51456 sync=125.923 ms plan=0.343 ms stage/compute=287.418 ms misses=247
ds4: Flash-MoE hybrid prefill layer=11 ane_groups=24 ane_refs=18652 gpu_i8_groups=0 gpu_i8_refs=0 fp32_groups=0 ane_min_refs=512 concurrent=1 ane_pipeline=1 output_queue=4 async_ane=24 gpu_overlap=223 finishes=24 waits=48
ds4: Flash-MoE overlap plan layer=11 exec_groups=247 planned_ane_groups=24 planned_ane_refs=18652 planned_gpu_groups=223 planned_gpu_refs=32804 tail_gpu_groups=0 tail_gpu_refs=0 planned_ssd_groups=247 est_gpu=47076.0 est_ane=4067.6 est_idle=91.36% wall=286.099 ms actual_ane_groups=24 actual_ane_refs=18652 actual_gpu_groups=0 actual_gpu_refs=0 finishes=24 waits=48 overlap_gpu_groups=223
ds4: gpu chunked prefill pos=8576 tokens=8576 layer 11 encode=428.362 ms execute=18.637 ms
ds4: Flash-MoE prefill layer=12 tokens=8576 unique=242 refs=51456 sync=366.290 ms plan=0.373 ms stage/compute=283.948 ms misses=242
ds4: Flash-MoE hybrid prefill layer=12 ane_groups=25 ane_refs=20552 gpu_i8_groups=0 gpu_i8_refs=0 fp32_groups=0 ane_min_refs=512 concurrent=1 ane_pipeline=1 output_queue=4 async_ane=25 gpu_overlap=217 finishes=25 waits=50
ds4: Flash-MoE overlap plan layer=12 exec_groups=242 planned_ane_groups=25 planned_ane_refs=20552 planned_gpu_groups=217 planned_gpu_refs=30904 tail_gpu_groups=0 tail_gpu_refs=0 planned_ssd_groups=242 est_gpu=44792.0 est_ane=4250.8 est_idle=90.51% wall=282.530 ms actual_ane_groups=25 actual_ane_refs=20552 actual_gpu_groups=0 actual_gpu_refs=0 finishes=25 waits=50 overlap_gpu_groups=217
ds4: gpu chunked prefill pos=8576 tokens=8576 layer 12 encode=652.623 ms execute=18.460 ms
ds4: Flash-MoE prefill layer=13 tokens=8576 unique=237 refs=51456 sync=126.294 ms plan=0.440 ms stage/compute=283.835 ms misses=237
ds4: Flash-MoE hybrid prefill layer=13 ane_groups=23 ane_refs=25882 gpu_i8_groups=0 gpu_i8_refs=0 fp32_groups=0 ane_min_refs=512 concurrent=1 ane_pipeline=1 output_queue=4 async_ane=23 gpu_overlap=214 finishes=23 waits=46
ds4: Flash-MoE overlap plan layer=13 exec_groups=237 planned_ane_groups=23 planned_ane_refs=25882 planned_gpu_groups=214 planned_gpu_refs=25574 tail_gpu_groups=0 tail_gpu_refs=0 planned_ssd_groups=237 est_gpu=39270.0 est_ane=3974.8 est_idle=89.88% wall=282.525 ms actual_ane_groups=23 actual_ane_refs=25882 actual_gpu_groups=0 actual_gpu_refs=0 finishes=23 waits=46 overlap_gpu_groups=214
ds4: gpu chunked prefill pos=8576 tokens=8576 layer 13 encode=427.302 ms execute=18.370 ms
ds4: Flash-MoE prefill layer=14 tokens=8576 unique=235 refs=51456 sync=366.164 ms plan=0.410 ms stage/compute=296.876 ms misses=235
ds4: Flash-MoE hybrid prefill layer=14 ane_groups=22 ane_refs=28433 gpu_i8_groups=0 gpu_i8_refs=0 fp32_groups=0 ane_min_refs=512 concurrent=1 ane_pipeline=1 output_queue=4 async_ane=22 gpu_overlap=213 finishes=22 waits=44
ds4: Flash-MoE overlap plan layer=14 exec_groups=235 planned_ane_groups=22 planned_ane_refs=28433 planned_gpu_groups=213 planned_gpu_refs=23023 tail_gpu_groups=0 tail_gpu_refs=0 planned_ssd_groups=235 est_gpu=36655.0 est_ane=3840.6 est_idle=89.52% wall=295.422 ms actual_ane_groups=22 actual_ane_refs=28433 actual_gpu_groups=0 actual_gpu_refs=0 finishes=22 waits=44 overlap_gpu_groups=213
ds4: gpu chunked prefill pos=8576 tokens=8576 layer 14 encode=665.248 ms execute=18.886 ms
ds4: Flash-MoE prefill layer=15 tokens=8576 unique=227 refs=51456 sync=124.865 ms plan=0.355 ms stage/compute=279.167 ms misses=227
ds4: Flash-MoE hybrid prefill layer=15 ane_groups=24 ane_refs=29228 gpu_i8_groups=0 gpu_i8_refs=0 fp32_groups=0 ane_min_refs=512 concurrent=1 ane_pipeline=1 output_queue=4 async_ane=24 gpu_overlap=203 finishes=24 waits=48
ds4: Flash-MoE overlap plan layer=15 exec_groups=227 planned_ane_groups=24 planned_ane_refs=29228 planned_gpu_groups=203 planned_gpu_refs=22228 tail_gpu_groups=0 tail_gpu_refs=0 planned_ssd_groups=227 est_gpu=35220.0 est_ane=4163.2 est_idle=88.18% wall=277.781 ms actual_ane_groups=24 actual_ane_refs=29228 actual_gpu_groups=0 actual_gpu_refs=0 finishes=24 waits=48 overlap_gpu_groups=203
ds4: gpu chunked prefill pos=8576 tokens=8576 layer 15 encode=419.068 ms execute=18.488 ms
ds4: Flash-MoE prefill layer=16 tokens=8576 unique=224 refs=51456 sync=367.272 ms plan=0.394 ms stage/compute=288.722 ms misses=224
ds4: Flash-MoE hybrid prefill layer=16 ane_groups=20 ane_refs=28832 gpu_i8_groups=0 gpu_i8_refs=0 fp32_groups=0 ane_min_refs=512 concurrent=1 ane_pipeline=1 output_queue=4 async_ane=20 gpu_overlap=204 finishes=20 waits=40
ds4: Flash-MoE overlap plan layer=16 exec_groups=224 planned_ane_groups=20 planned_ane_refs=28832 planned_gpu_groups=204 planned_gpu_refs=22624 tail_gpu_groups=0 tail_gpu_refs=0 planned_ssd_groups=224 est_gpu=35680.0 est_ane=3518.1 est_idle=90.14% wall=287.403 ms actual_ane_groups=20 actual_ane_refs=28832 actual_gpu_groups=0 actual_gpu_refs=0 finishes=20 waits=40 overlap_gpu_groups=204
ds4: gpu chunked prefill pos=8576 tokens=8576 layer 16 encode=658.189 ms execute=18.501 ms
ds4: Flash-MoE prefill layer=17 tokens=8576 unique=225 refs=51456 sync=124.763 ms plan=0.414 ms stage/compute=288.516 ms misses=225
ds4: Flash-MoE hybrid prefill layer=17 ane_groups=24 ane_refs=26152 gpu_i8_groups=0 gpu_i8_refs=0 fp32_groups=0 ane_min_refs=512 concurrent=1 ane_pipeline=1 output_queue=4 async_ane=24 gpu_overlap=201 finishes=24 waits=48
ds4: Flash-MoE overlap plan layer=17 exec_groups=225 planned_ane_groups=24 planned_ane_refs=26152 planned_gpu_groups=201 planned_gpu_refs=25304 tail_gpu_groups=0 tail_gpu_refs=0 planned_ssd_groups=225 est_gpu=38168.0 est_ane=4142.5 est_idle=89.15% wall=287.116 ms actual_ane_groups=24 actual_ane_refs=26152 actual_gpu_groups=0 actual_gpu_refs=0 finishes=24 waits=48 overlap_gpu_groups=201
ds4: gpu chunked prefill pos=8576 tokens=8576 layer 17 encode=428.113 ms execute=18.463 ms
ds4: Flash-MoE prefill layer=18 tokens=8576 unique=218 refs=51456 sync=366.019 ms plan=0.371 ms stage/compute=280.623 ms misses=218
ds4: Flash-MoE hybrid prefill layer=18 ane_groups=21 ane_refs=26312 gpu_i8_groups=0 gpu_i8_refs=0 fp32_groups=0 ane_min_refs=512 concurrent=1 ane_pipeline=1 output_queue=4 async_ane=21 gpu_overlap=197 finishes=21 waits=42
ds4: Flash-MoE overlap plan layer=18 exec_groups=218 planned_ane_groups=21 planned_ane_refs=26312 planned_gpu_groups=197 planned_gpu_refs=25144 tail_gpu_groups=0 tail_gpu_refs=0 planned_ssd_groups=218 est_gpu=37752.0 est_ane=3654.8 est_idle=90.32% wall=279.316 ms actual_ane_groups=21 actual_ane_refs=26312 actual_gpu_groups=0 actual_gpu_refs=0 finishes=21 waits=42 overlap_gpu_groups=197
ds4: gpu chunked prefill pos=8576 tokens=8576 layer 18 encode=648.925 ms execute=18.409 ms
ds4: Flash-MoE prefill layer=19 tokens=8576 unique=247 refs=51456 sync=125.399 ms plan=0.399 ms stage/compute=294.389 ms misses=247
ds4: Flash-MoE hybrid prefill layer=19 ane_groups=17 ane_refs=16020 gpu_i8_groups=0 gpu_i8_refs=0 fp32_groups=0 ane_min_refs=512 concurrent=1 ane_pipeline=1 output_queue=4 async_ane=17 gpu_overlap=230 finishes=17 waits=34
ds4: Flash-MoE overlap plan layer=19 exec_groups=247 planned_ane_groups=17 planned_ane_refs=16020 planned_gpu_groups=230 planned_gpu_refs=35436 tail_gpu_groups=0 tail_gpu_refs=0 planned_ssd_groups=247 est_gpu=50156.0 est_ane=2911.4 est_idle=94.20% wall=293.066 ms actual_ane_groups=17 actual_ane_refs=16020 actual_gpu_groups=0 actual_gpu_refs=0 finishes=17 waits=34 overlap_gpu_groups=230
ds4: gpu chunked prefill pos=8576 tokens=8576 layer 19 encode=435.763 ms execute=18.512 ms
ds4: Flash-MoE prefill layer=20 tokens=8576 unique=216 refs=51456 sync=366.040 ms plan=0.398 ms stage/compute=276.492 ms misses=216
ds4: Flash-MoE hybrid prefill layer=20 ane_groups=23 ane_refs=26204 gpu_i8_groups=0 gpu_i8_refs=0 fp32_groups=0 ane_min_refs=512 concurrent=1 ane_pipeline=1 output_queue=4 async_ane=23 gpu_overlap=193 finishes=23 waits=46
ds4: Flash-MoE overlap plan layer=20 exec_groups=216 planned_ane_groups=23 planned_ane_refs=26204 planned_gpu_groups=193 planned_gpu_refs=25252 tail_gpu_groups=0 tail_gpu_refs=0 planned_ssd_groups=216 est_gpu=37604.0 est_ane=3980.0 est_idle=89.42% wall=275.151 ms actual_ane_groups=23 actual_ane_refs=26204 actual_gpu_groups=0 actual_gpu_refs=0 finishes=23 waits=46 overlap_gpu_groups=193
ds4: gpu chunked prefill pos=8576 tokens=8576 layer 20 encode=644.787 ms execute=18.432 ms
ds4: Flash-MoE prefill layer=21 tokens=8576 unique=215 refs=51456 sync=125.248 ms plan=0.441 ms stage/compute=277.369 ms misses=215
ds4: Flash-MoE hybrid prefill layer=21 ane_groups=26 ane_refs=26322 gpu_i8_groups=0 gpu_i8_refs=0 fp32_groups=0 ane_min_refs=512 concurrent=1 ane_pipeline=1 output_queue=4 async_ane=26 gpu_overlap=189 finishes=26 waits=52
ds4: Flash-MoE overlap plan layer=21 exec_groups=215 planned_ane_groups=26 planned_ane_refs=26322 planned_gpu_groups=189 planned_gpu_refs=25134 tail_gpu_groups=0 tail_gpu_refs=0 planned_ssd_groups=215 est_gpu=37230.0 est_ane=4462.5 est_idle=88.01% wall=276.019 ms actual_ane_groups=26 actual_ane_refs=26322 actual_gpu_groups=0 actual_gpu_refs=0 finishes=26 waits=52 overlap_gpu_groups=189
ds4: gpu chunked prefill pos=8576 tokens=8576 layer 21 encode=417.693 ms execute=18.442 ms
ds4: Flash-MoE prefill layer=22 tokens=8576 unique=210 refs=51456 sync=366.188 ms plan=0.390 ms stage/compute=286.053 ms misses=210
ds4: Flash-MoE hybrid prefill layer=22 ane_groups=23 ane_refs=26414 gpu_i8_groups=0 gpu_i8_refs=0 fp32_groups=0 ane_min_refs=512 concurrent=1 ane_pipeline=1 output_queue=4 async_ane=23 gpu_overlap=187 finishes=23 waits=46
ds4: Flash-MoE overlap plan layer=22 exec_groups=210 planned_ane_groups=23 planned_ane_refs=26414 planned_gpu_groups=187 planned_gpu_refs=25042 tail_gpu_groups=0 tail_gpu_refs=0 planned_ssd_groups=210 est_gpu=37010.0 est_ane=3982.5 est_idle=89.24% wall=284.733 ms actual_ane_groups=23 actual_ane_refs=26414 actual_gpu_groups=0 actual_gpu_refs=0 finishes=23 waits=46 overlap_gpu_groups=187
ds4: gpu chunked prefill pos=8576 tokens=8576 layer 22 encode=654.499 ms execute=18.425 ms
ds4: Flash-MoE prefill layer=23 tokens=8576 unique=221 refs=51456 sync=125.599 ms plan=0.349 ms stage/compute=272.225 ms misses=221
ds4: Flash-MoE hybrid prefill layer=23 ane_groups=27 ane_refs=26319 gpu_i8_groups=0 gpu_i8_refs=0 fp32_groups=0 ane_min_refs=512 concurrent=1 ane_pipeline=1 output_queue=4 async_ane=27 gpu_overlap=194 finishes=27 waits=54
ds4: Flash-MoE overlap plan layer=23 exec_groups=221 planned_ane_groups=27 planned_ane_refs=26319 planned_gpu_groups=194 planned_gpu_refs=25137 tail_gpu_groups=0 tail_gpu_refs=0 planned_ssd_groups=221 est_gpu=37553.0 est_ane=4622.5 est_idle=87.69% wall=270.832 ms actual_ane_groups=27 actual_ane_refs=26319 actual_gpu_groups=0 actual_gpu_refs=0 finishes=27 waits=54 overlap_gpu_groups=194
ds4: gpu chunked prefill pos=8576 tokens=8576 layer 23 encode=413.437 ms execute=18.707 ms
ds4: Flash-MoE prefill layer=24 tokens=8576 unique=207 refs=51456 sync=367.699 ms plan=0.445 ms stage/compute=253.485 ms misses=207
ds4: Flash-MoE hybrid prefill layer=24 ane_groups=30 ane_refs=27395 gpu_i8_groups=0 gpu_i8_refs=0 fp32_groups=0 ane_min_refs=512 concurrent=1 ane_pipeline=1 output_queue=4 async_ane=30 gpu_overlap=177 finishes=30 waits=60
ds4: Flash-MoE overlap plan layer=24 exec_groups=207 planned_ane_groups=30 planned_ane_refs=27395 planned_gpu_groups=177 planned_gpu_refs=24061 tail_gpu_groups=0 tail_gpu_refs=0 planned_ssd_groups=207 est_gpu=35389.0 est_ane=5112.9 est_idle=85.55% wall=252.199 ms actual_ane_groups=30 actual_ane_refs=27395 actual_gpu_groups=0 actual_gpu_refs=0 finishes=30 waits=60 overlap_gpu_groups=177
ds4: gpu chunked prefill pos=8576 tokens=8576 layer 24 encode=623.372 ms execute=18.431 ms
ds4: Flash-MoE prefill layer=25 tokens=8576 unique=216 refs=51456 sync=124.847 ms plan=0.358 ms stage/compute=265.284 ms misses=216
ds4: Flash-MoE hybrid prefill layer=25 ane_groups=27 ane_refs=27239 gpu_i8_groups=0 gpu_i8_refs=0 fp32_groups=0 ane_min_refs=512 concurrent=1 ane_pipeline=1 output_queue=4 async_ane=27 gpu_overlap=189 finishes=27 waits=54
ds4: Flash-MoE overlap plan layer=25 exec_groups=216 planned_ane_groups=27 planned_ane_refs=27239 planned_gpu_groups=189 planned_gpu_refs=24217 tail_gpu_groups=0 tail_gpu_refs=0 planned_ssd_groups=216 est_gpu=36313.0 est_ane=4630.3 est_idle=87.25% wall=263.975 ms actual_ane_groups=27 actual_ane_refs=27239 actual_gpu_groups=0 actual_gpu_refs=0 finishes=27 waits=54 overlap_gpu_groups=189
ds4: gpu chunked prefill pos=8576 tokens=8576 layer 25 encode=405.009 ms execute=18.469 ms
ds4: Flash-MoE prefill layer=26 tokens=8576 unique=196 refs=51456 sync=367.282 ms plan=0.372 ms stage/compute=269.084 ms misses=196
ds4: Flash-MoE hybrid prefill layer=26 ane_groups=21 ane_refs=30739 gpu_i8_groups=0 gpu_i8_refs=0 fp32_groups=0 ane_min_refs=512 concurrent=1 ane_pipeline=1 output_queue=4 async_ane=21 gpu_overlap=175 finishes=21 waits=42
ds4: Flash-MoE overlap plan layer=26 exec_groups=196 planned_ane_groups=21 planned_ane_refs=30739 planned_gpu_groups=175 planned_gpu_refs=20717 tail_gpu_groups=0 tail_gpu_refs=0 planned_ssd_groups=196 est_gpu=31917.0 est_ane=3698.7 est_idle=88.41% wall=267.824 ms actual_ane_groups=21 actual_ane_refs=30739 actual_gpu_groups=0 actual_gpu_refs=0 finishes=21 waits=42 overlap_gpu_groups=175
ds4: gpu chunked prefill pos=8576 tokens=8576 layer 26 encode=638.577 ms execute=18.467 ms
ds4: Flash-MoE prefill layer=27 tokens=8576 unique=212 refs=51456 sync=124.325 ms plan=0.379 ms stage/compute=268.348 ms misses=212
ds4: Flash-MoE hybrid prefill layer=27 ane_groups=24 ane_refs=28757 gpu_i8_groups=0 gpu_i8_refs=0 fp32_groups=0 ane_min_refs=512 concurrent=1 ane_pipeline=1 output_queue=4 async_ane=24 gpu_overlap=188 finishes=24 waits=48
ds4: Flash-MoE overlap plan layer=27 exec_groups=212 planned_ane_groups=24 planned_ane_refs=28757 planned_gpu_groups=188 planned_gpu_refs=22699 tail_gpu_groups=0 tail_gpu_refs=0 planned_ssd_groups=212 est_gpu=34731.0 est_ane=4163.2 est_idle=88.01% wall=267.071 ms actual_ane_groups=24 actual_ane_refs=28757 actual_gpu_groups=0 actual_gpu_refs=0 finishes=24 waits=48 overlap_gpu_groups=188
ds4: gpu chunked prefill pos=8576 tokens=8576 layer 27 encode=408.502 ms execute=18.525 ms
ds4: Flash-MoE prefill layer=28 tokens=8576 unique=196 refs=51456 sync=366.875 ms plan=0.375 ms stage/compute=268.124 ms misses=196
ds4: Flash-MoE hybrid prefill layer=28 ane_groups=24 ane_refs=27441 gpu_i8_groups=0 gpu_i8_refs=0 fp32_groups=0 ane_min_refs=512 concurrent=1 ane_pipeline=1 output_queue=4 async_ane=24 gpu_overlap=172 finishes=24 waits=48
ds4: Flash-MoE overlap plan layer=28 exec_groups=196 planned_ane_groups=24 planned_ane_refs=27441 planned_gpu_groups=172 planned_gpu_refs=24015 tail_gpu_groups=0 tail_gpu_refs=0 planned_ssd_groups=196 est_gpu=35023.0 est_ane=4150.3 est_idle=88.15% wall=266.725 ms actual_ane_groups=24 actual_ane_refs=27441 actual_gpu_groups=0 actual_gpu_refs=0 finishes=24 waits=48 overlap_gpu_groups=172
ds4: gpu chunked prefill pos=8576 tokens=8576 layer 28 encode=637.109 ms execute=18.664 ms
ds4: Flash-MoE prefill layer=29 tokens=8576 unique=206 refs=51456 sync=124.382 ms plan=0.377 ms stage/compute=264.281 ms misses=206
ds4: Flash-MoE hybrid prefill layer=29 ane_groups=25 ane_refs=28272 gpu_i8_groups=0 gpu_i8_refs=0 fp32_groups=0 ane_min_refs=512 concurrent=1 ane_pipeline=1 output_queue=4 async_ane=25 gpu_overlap=181 finishes=25 waits=50
ds4: Flash-MoE overlap plan layer=29 exec_groups=206 planned_ane_groups=25 planned_ane_refs=28272 planned_gpu_groups=181 planned_gpu_refs=23184 tail_gpu_groups=0 tail_gpu_refs=0 planned_ssd_groups=206 est_gpu=34768.0 est_ane=4315.5 est_idle=87.59% wall=262.896 ms actual_ane_groups=25 actual_ane_refs=28272 actual_gpu_groups=0 actual_gpu_refs=0 finishes=25 waits=50 overlap_gpu_groups=181
ds4: gpu chunked prefill pos=8576 tokens=8576 layer 29 encode=404.804 ms execute=18.459 ms
ds4: Flash-MoE prefill layer=30 tokens=8576 unique=203 refs=51456 sync=367.037 ms plan=0.332 ms stage/compute=263.850 ms misses=203
ds4: Flash-MoE hybrid prefill layer=30 ane_groups=22 ane_refs=25421 gpu_i8_groups=0 gpu_i8_refs=0 fp32_groups=0 ane_min_refs=512 concurrent=1 ane_pipeline=1 output_queue=4 async_ane=22 gpu_overlap=181 finishes=22 waits=44
ds4: Flash-MoE overlap plan layer=30 exec_groups=203 planned_ane_groups=22 planned_ane_refs=25421 planned_gpu_groups=181 planned_gpu_refs=26035 tail_gpu_groups=0 tail_gpu_refs=0 planned_ssd_groups=203 est_gpu=37619.0 est_ane=3807.0 est_idle=89.88% wall=262.551 ms actual_ane_groups=22 actual_ane_refs=25421 actual_gpu_groups=0 actual_gpu_refs=0 finishes=22 waits=44 overlap_gpu_groups=181
ds4: gpu chunked prefill pos=8576 tokens=8576 layer 30 encode=632.945 ms execute=18.384 ms
ds4: Flash-MoE prefill layer=31 tokens=8576 unique=212 refs=51456 sync=125.032 ms plan=0.345 ms stage/compute=266.319 ms misses=212
ds4: Flash-MoE hybrid prefill layer=31 ane_groups=25 ane_refs=27079 gpu_i8_groups=0 gpu_i8_refs=0 fp32_groups=0 ane_min_refs=512 concurrent=1 ane_pipeline=1 output_queue=4 async_ane=25 gpu_overlap=187 finishes=25 waits=50
ds4: Flash-MoE overlap plan layer=31 exec_groups=212 planned_ane_groups=25 planned_ane_refs=27079 planned_gpu_groups=187 planned_gpu_refs=24377 tail_gpu_groups=0 tail_gpu_refs=0 planned_ssd_groups=212 est_gpu=36345.0 est_ane=4305.1 est_idle=88.15% wall=265.020 ms actual_ane_groups=25 actual_ane_refs=27079 actual_gpu_groups=0 actual_gpu_refs=0 finishes=25 waits=50 overlap_gpu_groups=187
ds4: gpu chunked prefill pos=8576 tokens=8576 layer 31 encode=406.747 ms execute=18.643 ms
ds4: Flash-MoE prefill layer=32 tokens=8576 unique=215 refs=51456 sync=365.673 ms plan=0.383 ms stage/compute=269.104 ms misses=215
ds4: Flash-MoE hybrid prefill layer=32 ane_groups=25 ane_refs=27324 gpu_i8_groups=0 gpu_i8_refs=0 fp32_groups=0 ane_min_refs=512 concurrent=1 ane_pipeline=1 output_queue=4 async_ane=25 gpu_overlap=190 finishes=25 waits=50
ds4: Flash-MoE overlap plan layer=32 exec_groups=215 planned_ane_groups=25 planned_ane_refs=27324 planned_gpu_groups=190 planned_gpu_refs=24132 tail_gpu_groups=0 tail_gpu_refs=0 planned_ssd_groups=215 est_gpu=36292.0 est_ane=4310.3 est_idle=88.12% wall=267.833 ms actual_ane_groups=25 actual_ane_refs=27324 actual_gpu_groups=0 actual_gpu_refs=0 finishes=25 waits=50 overlap_gpu_groups=190
ds4: gpu chunked prefill pos=8576 tokens=8576 layer 32 encode=637.011 ms execute=18.479 ms
ds4: Flash-MoE prefill layer=33 tokens=8576 unique=208 refs=51456 sync=125.173 ms plan=0.377 ms stage/compute=264.153 ms misses=208
ds4: Flash-MoE hybrid prefill layer=33 ane_groups=27 ane_refs=29839 gpu_i8_groups=0 gpu_i8_refs=0 fp32_groups=0 ane_min_refs=512 concurrent=1 ane_pipeline=1 output_queue=4 async_ane=27 gpu_overlap=181 finishes=27 waits=54
ds4: Flash-MoE overlap plan layer=33 exec_groups=208 planned_ane_groups=27 planned_ane_refs=29839 planned_gpu_groups=181 planned_gpu_refs=21617 tail_gpu_groups=0 tail_gpu_refs=0 planned_ssd_groups=208 est_gpu=33201.0 est_ane=4661.3 est_idle=85.96% wall=262.771 ms actual_ane_groups=27 actual_ane_refs=29839 actual_gpu_groups=0 actual_gpu_refs=0 finishes=27 waits=54 overlap_gpu_groups=181
ds4: gpu chunked prefill pos=8576 tokens=8576 layer 33 encode=405.421 ms execute=18.450 ms
ds4: Flash-MoE prefill layer=34 tokens=8576 unique=212 refs=51456 sync=366.516 ms plan=0.432 ms stage/compute=296.720 ms misses=212
ds4: Flash-MoE hybrid prefill layer=34 ane_groups=20 ane_refs=29942 gpu_i8_groups=0 gpu_i8_refs=0 fp32_groups=0 ane_min_refs=512 concurrent=1 ane_pipeline=1 output_queue=4 async_ane=20 gpu_overlap=192 finishes=20 waits=40
ds4: Flash-MoE overlap plan layer=34 exec_groups=212 planned_ane_groups=20 planned_ane_refs=29942 planned_gpu_groups=192 planned_gpu_refs=21514 tail_gpu_groups=0 tail_gpu_refs=0 planned_ssd_groups=212 est_gpu=33802.0 est_ane=3525.8 est_idle=89.57% wall=295.374 ms actual_ane_groups=20 actual_ane_refs=29942 actual_gpu_groups=0 actual_gpu_refs=0 finishes=20 waits=40 overlap_gpu_groups=192
ds4: gpu chunked prefill pos=8576 tokens=8576 layer 34 encode=665.418 ms execute=18.428 ms
ds4: Flash-MoE prefill layer=35 tokens=8576 unique=199 refs=51456 sync=126.226 ms plan=0.394 ms stage/compute=279.178 ms misses=199
ds4: Flash-MoE hybrid prefill layer=35 ane_groups=23 ane_refs=28457 gpu_i8_groups=0 gpu_i8_refs=0 fp32_groups=0 ane_min_refs=512 concurrent=1 ane_pipeline=1 output_queue=4 async_ane=23 gpu_overlap=176 finishes=23 waits=46
ds4: Flash-MoE overlap plan layer=35 exec_groups=199 planned_ane_groups=23 planned_ane_refs=28457 planned_gpu_groups=176 planned_gpu_refs=22999 tail_gpu_groups=0 tail_gpu_refs=0 planned_ssd_groups=199 est_gpu=34263.0 est_ane=3998.1 est_idle=88.33% wall=277.906 ms actual_ane_groups=23 actual_ane_refs=28457 actual_gpu_groups=0 actual_gpu_refs=0 finishes=23 waits=46 overlap_gpu_groups=176
ds4: gpu chunked prefill pos=8576 tokens=8576 layer 35 encode=421.674 ms execute=18.679 ms
ds4: Flash-MoE prefill layer=36 tokens=8576 unique=220 refs=51456 sync=365.573 ms plan=0.458 ms stage/compute=280.700 ms misses=220
ds4: Flash-MoE hybrid prefill layer=36 ane_groups=26 ane_refs=32390 gpu_i8_groups=0 gpu_i8_refs=0 fp32_groups=0 ane_min_refs=512 concurrent=1 ane_pipeline=1 output_queue=4 async_ane=26 gpu_overlap=194 finishes=26 waits=52
ds4: Flash-MoE overlap plan layer=36 exec_groups=220 planned_ane_groups=26 planned_ane_refs=32390 planned_gpu_groups=194 planned_gpu_refs=19066 tail_gpu_groups=0 tail_gpu_refs=0 planned_ssd_groups=220 est_gpu=31482.0 est_ane=4527.2 est_idle=85.62% wall=279.324 ms actual_ane_groups=26 actual_ane_refs=32390 actual_gpu_groups=0 actual_gpu_refs=0 finishes=26 waits=52 overlap_gpu_groups=194
ds4: gpu chunked prefill pos=8576 tokens=8576 layer 36 encode=648.394 ms execute=18.442 ms
ds4: Flash-MoE prefill layer=37 tokens=8576 unique=204 refs=51456 sync=125.607 ms plan=0.375 ms stage/compute=286.762 ms misses=204
ds4: Flash-MoE hybrid prefill layer=37 ane_groups=23 ane_refs=27390 gpu_i8_groups=0 gpu_i8_refs=0 fp32_groups=0 ane_min_refs=512 concurrent=1 ane_pipeline=1 output_queue=4 async_ane=23 gpu_overlap=181 finishes=23 waits=46
ds4: Flash-MoE overlap plan layer=37 exec_groups=204 planned_ane_groups=23 planned_ane_refs=27390 planned_gpu_groups=181 planned_gpu_refs=24066 tail_gpu_groups=0 tail_gpu_refs=0 planned_ssd_groups=204 est_gpu=35650.0 est_ane=3990.3 est_idle=88.81% wall=285.375 ms actual_ane_groups=23 actual_ane_refs=27390 actual_gpu_groups=0 actual_gpu_refs=0 finishes=23 waits=46 overlap_gpu_groups=181
ds4: gpu chunked prefill pos=8576 tokens=8576 layer 37 encode=427.847 ms execute=18.457 ms
ds4: Flash-MoE prefill layer=38 tokens=8576 unique=217 refs=51456 sync=366.878 ms plan=0.357 ms stage/compute=270.463 ms misses=217
ds4: Flash-MoE hybrid prefill layer=38 ane_groups=26 ane_refs=28090 gpu_i8_groups=0 gpu_i8_refs=0 fp32_groups=0 ane_min_refs=512 concurrent=1 ane_pipeline=1 output_queue=4 async_ane=26 gpu_overlap=191 finishes=26 waits=52
ds4: Flash-MoE overlap plan layer=38 exec_groups=217 planned_ane_groups=26 planned_ane_refs=28090 planned_gpu_groups=191 planned_gpu_refs=23366 tail_gpu_groups=0 tail_gpu_refs=0 planned_ssd_groups=217 est_gpu=35590.0 est_ane=4488.4 est_idle=87.39% wall=269.177 ms actual_ane_groups=26 actual_ane_refs=28090 actual_gpu_groups=0 actual_gpu_refs=0 finishes=26 waits=52 overlap_gpu_groups=191
ds4: gpu chunked prefill pos=8576 tokens=8576 layer 38 encode=639.526 ms execute=18.447 ms
ds4: Flash-MoE prefill layer=39 tokens=8576 unique=221 refs=51456 sync=125.616 ms plan=0.434 ms stage/compute=276.736 ms misses=221
ds4: Flash-MoE hybrid prefill layer=39 ane_groups=18 ane_refs=20048 gpu_i8_groups=0 gpu_i8_refs=0 fp32_groups=0 ane_min_refs=512 concurrent=1 ane_pipeline=1 output_queue=4 async_ane=18 gpu_overlap=203 finishes=18 waits=36
ds4: Flash-MoE overlap plan layer=39 exec_groups=221 planned_ane_groups=18 planned_ane_refs=20048 planned_gpu_groups=203 planned_gpu_refs=31408 tail_gpu_groups=0 tail_gpu_refs=0 planned_ssd_groups=221 est_gpu=44400.0 est_ane=3107.6 est_idle=93.00% wall=275.359 ms actual_ane_groups=18 actual_ane_refs=20048 actual_gpu_groups=0 actual_gpu_refs=0 finishes=18 waits=36 overlap_gpu_groups=203
ds4: gpu chunked prefill pos=8576 tokens=8576 layer 39 encode=417.287 ms execute=18.416 ms
ds4: Flash-MoE prefill layer=40 tokens=8576 unique=184 refs=51456 sync=365.982 ms plan=0.417 ms stage/compute=251.045 ms misses=184
ds4: Flash-MoE hybrid prefill layer=40 ane_groups=30 ane_refs=30320 gpu_i8_groups=0 gpu_i8_refs=0 fp32_groups=0 ane_min_refs=512 concurrent=1 ane_pipeline=1 output_queue=4 async_ane=30 gpu_overlap=154 finishes=30 waits=60
ds4: Flash-MoE overlap plan layer=40 exec_groups=184 planned_ane_groups=30 planned_ane_refs=30320 planned_gpu_groups=154 planned_gpu_refs=21136 tail_gpu_groups=0 tail_gpu_refs=0 planned_ssd_groups=184 est_gpu=30992.0 est_ane=5151.7 est_idle=83.38% wall=249.765 ms actual_ane_groups=30 actual_ane_refs=30320 actual_gpu_groups=0 actual_gpu_refs=0 finishes=30 waits=60 overlap_gpu_groups=154
ds4: gpu chunked prefill pos=8576 tokens=8576 layer 40 encode=619.403 ms execute=18.404 ms
ds4: Flash-MoE prefill layer=41 tokens=8576 unique=199 refs=51456 sync=125.441 ms plan=0.354 ms stage/compute=257.879 ms misses=199
ds4: Flash-MoE hybrid prefill layer=41 ane_groups=27 ane_refs=24652 gpu_i8_groups=0 gpu_i8_refs=0 fp32_groups=0 ane_min_refs=512 concurrent=1 ane_pipeline=1 output_queue=4 async_ane=27 gpu_overlap=172 finishes=27 waits=54
ds4: Flash-MoE overlap plan layer=41 exec_groups=199 planned_ane_groups=27 planned_ane_refs=24652 planned_gpu_groups=172 planned_gpu_refs=26804 tail_gpu_groups=0 tail_gpu_refs=0 planned_ssd_groups=199 est_gpu=37812.0 est_ane=4609.6 est_idle=87.81% wall=256.544 ms actual_ane_groups=27 actual_ane_refs=24652 actual_gpu_groups=0 actual_gpu_refs=0 finishes=27 waits=54 overlap_gpu_groups=172
ds4: gpu chunked prefill pos=8576 tokens=8576 layer 41 encode=399.276 ms execute=18.402 ms
ds4: Flash-MoE prefill layer=42 tokens=8576 unique=208 refs=51456 sync=365.842 ms plan=0.438 ms stage/compute=258.586 ms misses=208
ds4: Flash-MoE hybrid prefill layer=42 ane_groups=24 ane_refs=22685 gpu_i8_groups=0 gpu_i8_refs=0 fp32_groups=0 ane_min_refs=512 concurrent=1 ane_pipeline=1 output_queue=4 async_ane=24 gpu_overlap=184 finishes=24 waits=48
ds4: Flash-MoE overlap plan layer=42 exec_groups=208 planned_ane_groups=24 planned_ane_refs=22685 planned_gpu_groups=184 planned_gpu_refs=28771 tail_gpu_groups=0 tail_gpu_refs=0 planned_ssd_groups=208 est_gpu=40547.0 est_ane=4098.6 est_idle=89.89% wall=257.202 ms actual_ane_groups=24 actual_ane_refs=22685 actual_gpu_groups=0 actual_gpu_refs=0 finishes=24 waits=48 overlap_gpu_groups=184
ds4: gpu chunked prefill pos=8576 tokens=8576 layer 42 encode=626.603 ms execute=18.422 ms
processing 17329 input tokens: 17152/17329 (99.0%) batch=362.55 t/s avg=368.48 t/s
ds4: Flash-MoE prefill layer=0 tokens=177 unique=245 refs=1062 sync=4.563 ms plan=0.368 ms stage/compute=91.498 ms misses=245
ds4: Flash-MoE hybrid prefill layer=0 ane_groups=0 ane_refs=0 gpu_i8_groups=0 gpu_i8_refs=0 fp32_groups=0 ane_min_refs=512 concurrent=1 ane_pipeline=1 output_queue=4 async_ane=0 gpu_overlap=0 finishes=0 waits=0
ds4: Flash-MoE overlap plan layer=0 exec_groups=245 planned_ane_groups=0 planned_ane_refs=0 planned_gpu_groups=245 planned_gpu_refs=1062 tail_gpu_groups=0 tail_gpu_refs=0 planned_ssd_groups=245 est_gpu=16742.0 est_ane=0.0 est_idle=100.00% wall=91.155 ms actual_ane_groups=0 actual_ane_refs=0 actual_gpu_groups=0 actual_gpu_refs=0 finishes=0 waits=0 overlap_gpu_groups=0
ds4: gpu chunked prefill pos=17152 tokens=177 layer 0 encode=96.841 ms execute=0.970 ms
ds4: Flash-MoE prefill layer=1 tokens=177 unique=240 refs=1062 sync=4.153 ms plan=0.409 ms stage/compute=88.393 ms misses=240
ds4: Flash-MoE hybrid prefill layer=1 ane_groups=0 ane_refs=0 gpu_i8_groups=0 gpu_i8_refs=0 fp32_groups=0 ane_min_refs=512 concurrent=1 ane_pipeline=1 output_queue=4 async_ane=0 gpu_overlap=0 finishes=0 waits=0
ds4: Flash-MoE overlap plan layer=1 exec_groups=240 planned_ane_groups=0 planned_ane_refs=0 planned_gpu_groups=240 planned_gpu_refs=1062 tail_gpu_groups=0 tail_gpu_refs=0 planned_ssd_groups=240 est_gpu=16422.0 est_ane=0.0 est_idle=100.00% wall=88.099 ms actual_ane_groups=0 actual_ane_refs=0 actual_gpu_groups=0 actual_gpu_refs=0 finishes=0 waits=0 overlap_gpu_groups=0
ds4: gpu chunked prefill pos=17152 tokens=177 layer 1 encode=93.201 ms execute=0.982 ms
ds4: Flash-MoE prefill layer=2 tokens=177 unique=236 refs=1062 sync=13.496 ms plan=0.359 ms stage/compute=85.093 ms misses=236
ds4: Flash-MoE hybrid prefill layer=2 ane_groups=0 ane_refs=0 gpu_i8_groups=0 gpu_i8_refs=0 fp32_groups=0 ane_min_refs=512 concurrent=1 ane_pipeline=1 output_queue=4 async_ane=0 gpu_overlap=0 finishes=0 waits=0
ds4: Flash-MoE overlap plan layer=2 exec_groups=236 planned_ane_groups=0 planned_ane_refs=0 planned_gpu_groups=236 planned_gpu_refs=1062 tail_gpu_groups=0 tail_gpu_refs=0 planned_ssd_groups=236 est_gpu=16166.0 est_ane=0.0 est_idle=100.00% wall=84.825 ms actual_ane_groups=0 actual_ane_refs=0 actual_gpu_groups=0 actual_gpu_refs=0 finishes=0 waits=0 overlap_gpu_groups=0
ds4: Flash-MoE async pread canceled queued=0 reading=0 ready=3 finished=0
ds4: gpu chunked prefill pos=17152 tokens=177 layer 2 encode=99.799 ms execute=0.899 ms
ds4: Flash-MoE prefill layer=3 tokens=177 unique=194 refs=1062 sync=5.175 ms plan=0.321 ms stage/compute=71.388 ms misses=194
ds4: Flash-MoE hybrid prefill layer=3 ane_groups=0 ane_refs=0 gpu_i8_groups=0 gpu_i8_refs=0 fp32_groups=0 ane_min_refs=512 concurrent=1 ane_pipeline=1 output_queue=4 async_ane=0 gpu_overlap=0 finishes=0 waits=0
ds4: Flash-MoE overlap plan layer=3 exec_groups=194 planned_ane_groups=0 planned_ane_refs=0 planned_gpu_groups=194 planned_gpu_refs=1062 tail_gpu_groups=0 tail_gpu_refs=0 planned_ssd_groups=194 est_gpu=13478.0 est_ane=0.0 est_idle=100.00% wall=71.166 ms actual_ane_groups=0 actual_ane_refs=0 actual_gpu_groups=0 actual_gpu_refs=0 finishes=0 waits=0 overlap_gpu_groups=0
ds4: Flash-MoE async pread canceled queued=0 reading=0 ready=10 finished=0
ds4: gpu chunked prefill pos=17152 tokens=177 layer 3 encode=77.359 ms execute=0.916 ms
ds4: Flash-MoE prefill layer=4 tokens=177 unique=179 refs=1062 sync=13.809 ms plan=0.379 ms stage/compute=68.736 ms misses=179
ds4: Flash-MoE hybrid prefill layer=4 ane_groups=0 ane_refs=0 gpu_i8_groups=0 gpu_i8_refs=0 fp32_groups=0 ane_min_refs=512 concurrent=1 ane_pipeline=1 output_queue=4 async_ane=0 gpu_overlap=0 finishes=0 waits=0
ds4: Flash-MoE overlap plan layer=4 exec_groups=179 planned_ane_groups=0 planned_ane_refs=0 planned_gpu_groups=179 planned_gpu_refs=1062 tail_gpu_groups=0 tail_gpu_refs=0 planned_ssd_groups=179 est_gpu=12518.0 est_ane=0.0 est_idle=100.00% wall=68.505 ms actual_ane_groups=0 actual_ane_refs=0 actual_gpu_groups=0 actual_gpu_refs=0 finishes=0 waits=0 overlap_gpu_groups=0
ds4: Flash-MoE async pread canceled queued=0 reading=0 ready=21 finished=0
ds4: gpu chunked prefill pos=17152 tokens=177 layer 4 encode=83.707 ms execute=0.919 ms
ds4: Flash-MoE prefill layer=5 tokens=177 unique=192 refs=1062 sync=5.179 ms plan=0.368 ms stage/compute=73.128 ms misses=192
ds4: Flash-MoE hybrid prefill layer=5 ane_groups=0 ane_refs=0 gpu_i8_groups=0 gpu_i8_refs=0 fp32_groups=0 ane_min_refs=512 concurrent=1 ane_pipeline=1 output_queue=4 async_ane=0 gpu_overlap=0 finishes=0 waits=0
ds4: Flash-MoE overlap plan layer=5 exec_groups=192 planned_ane_groups=0 planned_ane_refs=0 planned_gpu_groups=192 planned_gpu_refs=1062 tail_gpu_groups=0 tail_gpu_refs=0 planned_ssd_groups=192 est_gpu=13350.0 est_ane=0.0 est_idle=100.00% wall=72.893 ms actual_ane_groups=0 actual_ane_refs=0 actual_gpu_groups=0 actual_gpu_refs=0 finishes=0 waits=0 overlap_gpu_groups=0
ds4: Flash-MoE async pread canceled queued=0 reading=0 ready=36 finished=0
ds4: gpu chunked prefill pos=17152 tokens=177 layer 5 encode=79.109 ms execute=0.956 ms
ds4: Flash-MoE prefill layer=6 tokens=177 unique=188 refs=1062 sync=13.448 ms plan=0.429 ms stage/compute=72.213 ms misses=188
ds4: Flash-MoE hybrid prefill layer=6 ane_groups=0 ane_refs=0 gpu_i8_groups=0 gpu_i8_refs=0 fp32_groups=0 ane_min_refs=512 concurrent=1 ane_pipeline=1 output_queue=4 async_ane=0 gpu_overlap=0 finishes=0 waits=0
ds4: Flash-MoE overlap plan layer=6 exec_groups=188 planned_ane_groups=0 planned_ane_refs=0 planned_gpu_groups=188 planned_gpu_refs=1062 tail_gpu_groups=0 tail_gpu_refs=0 planned_ssd_groups=188 est_gpu=13094.0 est_ane=0.0 est_idle=100.00% wall=71.975 ms actual_ane_groups=0 actual_ane_refs=0 actual_gpu_groups=0 actual_gpu_refs=0 finishes=0 waits=0 overlap_gpu_groups=0
ds4: Flash-MoE async pread canceled queued=0 reading=0 ready=46 finished=0
ds4: gpu chunked prefill pos=17152 tokens=177 layer 6 encode=86.859 ms execute=0.899 ms
ds4: Flash-MoE prefill layer=7 tokens=177 unique=203 refs=1062 sync=5.147 ms plan=0.424 ms stage/compute=75.476 ms misses=203
ds4: Flash-MoE hybrid prefill layer=7 ane_groups=0 ane_refs=0 gpu_i8_groups=0 gpu_i8_refs=0 fp32_groups=0 ane_min_refs=512 concurrent=1 ane_pipeline=1 output_queue=4 async_ane=0 gpu_overlap=0 finishes=0 waits=0
ds4: Flash-MoE overlap plan layer=7 exec_groups=203 planned_ane_groups=0 planned_ane_refs=0 planned_gpu_groups=203 planned_gpu_refs=1062 tail_gpu_groups=0 tail_gpu_refs=0 planned_ssd_groups=203 est_gpu=14054.0 est_ane=0.0 est_idle=100.00% wall=75.249 ms actual_ane_groups=0 actual_ane_refs=0 actual_gpu_groups=0 actual_gpu_refs=0 finishes=0 waits=0 overlap_gpu_groups=0
ds4: Flash-MoE async pread canceled queued=0 reading=0 ready=54 finished=0
ds4: gpu chunked prefill pos=17152 tokens=177 layer 7 encode=81.482 ms execute=0.973 ms
ds4: Flash-MoE prefill layer=8 tokens=177 unique=170 refs=1062 sync=13.440 ms plan=0.362 ms stage/compute=65.648 ms misses=170
ds4: Flash-MoE hybrid prefill layer=8 ane_groups=0 ane_refs=0 gpu_i8_groups=0 gpu_i8_refs=0 fp32_groups=0 ane_min_refs=512 concurrent=1 ane_pipeline=1 output_queue=4 async_ane=0 gpu_overlap=0 finishes=0 waits=0
ds4: Flash-MoE overlap plan layer=8 exec_groups=170 planned_ane_groups=0 planned_ane_refs=0 planned_gpu_groups=170 planned_gpu_refs=1062 tail_gpu_groups=0 tail_gpu_refs=0 planned_ssd_groups=170 est_gpu=11942.0 est_ane=0.0 est_idle=100.00% wall=65.447 ms actual_ane_groups=0 actual_ane_refs=0 actual_gpu_groups=0 actual_gpu_refs=0 finishes=0 waits=0 overlap_gpu_groups=0
ds4: Flash-MoE async pread canceled queued=0 reading=0 ready=73 finished=0
ds4: gpu chunked prefill pos=17152 tokens=177 layer 8 encode=80.218 ms execute=0.908 ms
ds4: Flash-MoE prefill layer=9 tokens=177 unique=196 refs=1062 sync=5.170 ms plan=0.382 ms stage/compute=74.917 ms misses=196
ds4: Flash-MoE hybrid prefill layer=9 ane_groups=0 ane_refs=0 gpu_i8_groups=0 gpu_i8_refs=0 fp32_groups=0 ane_min_refs=512 concurrent=1 ane_pipeline=1 output_queue=4 async_ane=0 gpu_overlap=0 finishes=0 waits=0
ds4: Flash-MoE overlap plan layer=9 exec_groups=196 planned_ane_groups=0 planned_ane_refs=0 planned_gpu_groups=196 planned_gpu_refs=1062 tail_gpu_groups=0 tail_gpu_refs=0 planned_ssd_groups=196 est_gpu=13606.0 est_ane=0.0 est_idle=100.00% wall=74.695 ms actual_ane_groups=0 actual_ane_refs=0 actual_gpu_groups=0 actual_gpu_refs=0 finishes=0 waits=0 overlap_gpu_groups=0
ds4: Flash-MoE async pread canceled queued=0 reading=1 ready=84 finished=1
ds4: gpu chunked prefill pos=17152 tokens=177 layer 9 encode=80.933 ms execute=0.900 ms
ds4: Flash-MoE prefill layer=10 tokens=177 unique=180 refs=1062 sync=13.383 ms plan=0.363 ms stage/compute=68.713 ms misses=180
ds4: Flash-MoE hybrid prefill layer=10 ane_groups=0 ane_refs=0 gpu_i8_groups=0 gpu_i8_refs=0 fp32_groups=0 ane_min_refs=512 concurrent=1 ane_pipeline=1 output_queue=4 async_ane=0 gpu_overlap=0 finishes=0 waits=0
ds4: Flash-MoE overlap plan layer=10 exec_groups=180 planned_ane_groups=0 planned_ane_refs=0 planned_gpu_groups=180 planned_gpu_refs=1062 tail_gpu_groups=0 tail_gpu_refs=0 planned_ssd_groups=180 est_gpu=12582.0 est_ane=0.0 est_idle=100.00% wall=68.507 ms actual_ane_groups=0 actual_ane_refs=0 actual_gpu_groups=0 actual_gpu_refs=0 finishes=0 waits=0 overlap_gpu_groups=0
ds4: Flash-MoE async pread canceled queued=0 reading=1 ready=96 finished=1
ds4: gpu chunked prefill pos=17152 tokens=177 layer 10 encode=83.293 ms execute=0.908 ms
ds4: Flash-MoE prefill layer=11 tokens=177 unique=175 refs=1062 sync=5.206 ms plan=0.434 ms stage/compute=65.956 ms misses=175
ds4: Flash-MoE hybrid prefill layer=11 ane_groups=0 ane_refs=0 gpu_i8_groups=0 gpu_i8_refs=0 fp32_groups=0 ane_min_refs=512 concurrent=1 ane_pipeline=1 output_queue=4 async_ane=0 gpu_overlap=0 finishes=0 waits=0
ds4: Flash-MoE overlap plan layer=11 exec_groups=175 planned_ane_groups=0 planned_ane_refs=0 planned_gpu_groups=175 planned_gpu_refs=1062 tail_gpu_groups=0 tail_gpu_refs=0 planned_ssd_groups=175 est_gpu=12262.0 est_ane=0.0 est_idle=100.00% wall=65.715 ms actual_ane_groups=0 actual_ane_refs=0 actual_gpu_groups=0 actual_gpu_refs=0 finishes=0 waits=0 overlap_gpu_groups=0
ds4: Flash-MoE async pread canceled queued=2 reading=1 ready=109 finished=1
ds4: gpu chunked prefill pos=17152 tokens=177 layer 11 encode=72.027 ms execute=0.898 ms
ds4: Flash-MoE prefill layer=12 tokens=177 unique=166 refs=1062 sync=13.381 ms plan=0.390 ms stage/compute=61.348 ms misses=166
ds4: Flash-MoE hybrid prefill layer=12 ane_groups=0 ane_refs=0 gpu_i8_groups=0 gpu_i8_refs=0 fp32_groups=0 ane_min_refs=512 concurrent=1 ane_pipeline=1 output_queue=4 async_ane=0 gpu_overlap=0 finishes=0 waits=0
ds4: Flash-MoE overlap plan layer=12 exec_groups=166 planned_ane_groups=0 planned_ane_refs=0 planned_gpu_groups=166 planned_gpu_refs=1062 tail_gpu_groups=0 tail_gpu_refs=0 planned_ssd_groups=166 est_gpu=11686.0 est_ane=0.0 est_idle=100.00% wall=61.150 ms actual_ane_groups=0 actual_ane_refs=0 actual_gpu_groups=0 actual_gpu_refs=0 finishes=0 waits=0 overlap_gpu_groups=0
ds4: Flash-MoE async pread canceled queued=2 reading=1 ready=127 finished=1
ds4: gpu chunked prefill pos=17152 tokens=177 layer 12 encode=75.878 ms execute=0.965 ms
ds4: Flash-MoE prefill layer=13 tokens=177 unique=153 refs=1062 sync=5.150 ms plan=0.352 ms stage/compute=58.471 ms misses=153
ds4: Flash-MoE hybrid prefill layer=13 ane_groups=0 ane_refs=0 gpu_i8_groups=0 gpu_i8_refs=0 fp32_groups=0 ane_min_refs=512 concurrent=1 ane_pipeline=1 output_queue=4 async_ane=0 gpu_overlap=0 finishes=0 waits=0
ds4: Flash-MoE overlap plan layer=13 exec_groups=153 planned_ane_groups=0 planned_ane_refs=0 planned_gpu_groups=153 planned_gpu_refs=1062 tail_gpu_groups=0 tail_gpu_refs=0 planned_ssd_groups=153 est_gpu=10854.0 est_ane=0.0 est_idle=100.00% wall=58.290 ms actual_ane_groups=0 actual_ane_refs=0 actual_gpu_groups=0 actual_gpu_refs=0 finishes=0 waits=0 overlap_gpu_groups=0
ds4: Flash-MoE async pread canceled queued=2 reading=1 ready=144 finished=1
ds4: gpu chunked prefill pos=17152 tokens=177 layer 13 encode=64.405 ms execute=0.952 ms
ds4: Flash-MoE prefill layer=14 tokens=177 unique=137 refs=1062 sync=13.768 ms plan=0.306 ms stage/compute=54.084 ms misses=137
ds4: Flash-MoE hybrid prefill layer=14 ane_groups=0 ane_refs=0 gpu_i8_groups=0 gpu_i8_refs=0 fp32_groups=0 ane_min_refs=512 concurrent=1 ane_pipeline=1 output_queue=4 async_ane=0 gpu_overlap=0 finishes=0 waits=0
ds4: Flash-MoE overlap plan layer=14 exec_groups=137 planned_ane_groups=0 planned_ane_refs=0 planned_gpu_groups=137 planned_gpu_refs=1062 tail_gpu_groups=0 tail_gpu_refs=0 planned_ssd_groups=137 est_gpu=9830.0 est_ane=0.0 est_idle=100.00% wall=53.901 ms actual_ane_groups=0 actual_ane_refs=0 actual_gpu_groups=0 actual_gpu_refs=0 finishes=0 waits=0 overlap_gpu_groups=0
ds4: Flash-MoE async pread canceled queued=2 reading=1 ready=160 finished=1
ds4: gpu chunked prefill pos=17152 tokens=177 layer 14 encode=68.916 ms execute=0.974 ms
ds4: Flash-MoE prefill layer=15 tokens=177 unique=136 refs=1062 sync=5.231 ms plan=0.385 ms stage/compute=53.681 ms misses=136
ds4: Flash-MoE hybrid prefill layer=15 ane_groups=0 ane_refs=0 gpu_i8_groups=0 gpu_i8_refs=0 fp32_groups=0 ane_min_refs=512 concurrent=1 ane_pipeline=1 output_queue=4 async_ane=0 gpu_overlap=0 finishes=0 waits=0
ds4: Flash-MoE overlap plan layer=15 exec_groups=136 planned_ane_groups=0 planned_ane_refs=0 planned_gpu_groups=136 planned_gpu_refs=1062 tail_gpu_groups=0 tail_gpu_refs=0 planned_ssd_groups=136 est_gpu=9766.0 est_ane=0.0 est_idle=100.00% wall=53.505 ms actual_ane_groups=0 actual_ane_refs=0 actual_gpu_groups=0 actual_gpu_refs=0 finishes=0 waits=0 overlap_gpu_groups=0
ds4: Flash-MoE async pread canceled queued=2 reading=2 ready=181 finished=2
ds4: gpu chunked prefill pos=17152 tokens=177 layer 15 encode=59.717 ms execute=0.927 ms
ds4: Flash-MoE prefill layer=16 tokens=177 unique=136 refs=1062 sync=13.406 ms plan=0.321 ms stage/compute=53.254 ms misses=136
ds4: Flash-MoE hybrid prefill layer=16 ane_groups=0 ane_refs=0 gpu_i8_groups=0 gpu_i8_refs=0 fp32_groups=0 ane_min_refs=512 concurrent=1 ane_pipeline=1 output_queue=4 async_ane=0 gpu_overlap=0 finishes=0 waits=0
ds4: Flash-MoE overlap plan layer=16 exec_groups=136 planned_ane_groups=0 planned_ane_refs=0 planned_gpu_groups=136 planned_gpu_refs=1062 tail_gpu_groups=0 tail_gpu_refs=0 planned_ssd_groups=136 est_gpu=9766.0 est_ane=0.0 est_idle=100.00% wall=53.089 ms actual_ane_groups=0 actual_ane_refs=0 actual_gpu_groups=0 actual_gpu_refs=0 finishes=0 waits=0 overlap_gpu_groups=0
ds4: Flash-MoE async pread canceled queued=2 reading=2 ready=203 finished=2
ds4: gpu chunked prefill pos=17152 tokens=177 layer 16 encode=67.865 ms execute=0.959 ms
ds4: Flash-MoE prefill layer=17 tokens=177 unique=146 refs=1062 sync=5.073 ms plan=0.216 ms stage/compute=57.798 ms misses=146
ds4: Flash-MoE hybrid prefill layer=17 ane_groups=0 ane_refs=0 gpu_i8_groups=0 gpu_i8_refs=0 fp32_groups=0 ane_min_refs=512 concurrent=1 ane_pipeline=1 output_queue=4 async_ane=0 gpu_overlap=0 finishes=0 waits=0
ds4: Flash-MoE overlap plan layer=17 exec_groups=146 planned_ane_groups=0 planned_ane_refs=0 planned_gpu_groups=146 planned_gpu_refs=1062 tail_gpu_groups=0 tail_gpu_refs=0 planned_ssd_groups=146 est_gpu=10406.0 est_ane=0.0 est_idle=100.00% wall=57.606 ms actual_ane_groups=0 actual_ane_refs=0 actual_gpu_groups=0 actual_gpu_refs=0 finishes=0 waits=0 overlap_gpu_groups=0
ds4: Flash-MoE async pread canceled queued=5 reading=3 ready=228 finished=3
ds4: gpu chunked prefill pos=17152 tokens=177 layer 17 encode=63.617 ms execute=0.877 ms
ds4: Flash-MoE prefill layer=18 tokens=177 unique=147 refs=1062 sync=13.354 ms plan=0.291 ms stage/compute=54.731 ms misses=147
ds4: Flash-MoE hybrid prefill layer=18 ane_groups=0 ane_refs=0 gpu_i8_groups=0 gpu_i8_refs=0 fp32_groups=0 ane_min_refs=512 concurrent=1 ane_pipeline=1 output_queue=4 async_ane=0 gpu_overlap=0 finishes=0 waits=0
ds4: Flash-MoE overlap plan layer=18 exec_groups=147 planned_ane_groups=0 planned_ane_refs=0 planned_gpu_groups=147 planned_gpu_refs=1062 tail_gpu_groups=0 tail_gpu_refs=0 planned_ssd_groups=147 est_gpu=10470.0 est_ane=0.0 est_idle=100.00% wall=54.557 ms actual_ane_groups=0 actual_ane_refs=0 actual_gpu_groups=0 actual_gpu_refs=0 finishes=0 waits=0 overlap_gpu_groups=0
ds4: Flash-MoE async pread canceled queued=5 reading=3 ready=248 finished=3
ds4: gpu chunked prefill pos=17152 tokens=177 layer 18 encode=69.137 ms execute=0.900 ms
ds4: Flash-MoE prefill layer=19 tokens=177 unique=200 refs=1062 sync=5.144 ms plan=0.319 ms stage/compute=74.009 ms misses=200
ds4: Flash-MoE hybrid prefill layer=19 ane_groups=0 ane_refs=0 gpu_i8_groups=0 gpu_i8_refs=0 fp32_groups=0 ane_min_refs=512 concurrent=1 ane_pipeline=1 output_queue=4 async_ane=0 gpu_overlap=0 finishes=0 waits=0
ds4: Flash-MoE overlap plan layer=19 exec_groups=200 planned_ane_groups=0 planned_ane_refs=0 planned_gpu_groups=200 planned_gpu_refs=1062 tail_gpu_groups=0 tail_gpu_refs=0 planned_ssd_groups=200 est_gpu=13862.0 est_ane=0.0 est_idle=100.00% wall=73.772 ms actual_ane_groups=0 actual_ane_refs=0 actual_gpu_groups=0 actual_gpu_refs=0 finishes=0 waits=0 overlap_gpu_groups=0
ds4: Flash-MoE async pread canceled queued=5 reading=3 ready=259 finished=3
ds4: gpu chunked prefill pos=17152 tokens=177 layer 19 encode=79.895 ms execute=0.914 ms
ds4: Flash-MoE prefill layer=20 tokens=177 unique=157 refs=1062 sync=13.416 ms plan=0.336 ms stage/compute=60.468 ms misses=157
ds4: Flash-MoE hybrid prefill layer=20 ane_groups=0 ane_refs=0 gpu_i8_groups=0 gpu_i8_refs=0 fp32_groups=0 ane_min_refs=512 concurrent=1 ane_pipeline=1 output_queue=4 async_ane=0 gpu_overlap=0 finishes=0 waits=0
ds4: Flash-MoE overlap plan layer=20 exec_groups=157 planned_ane_groups=0 planned_ane_refs=0 planned_gpu_groups=157 planned_gpu_refs=1062 tail_gpu_groups=0 tail_gpu_refs=0 planned_ssd_groups=157 est_gpu=11110.0 est_ane=0.0 est_idle=100.00% wall=60.265 ms actual_ane_groups=0 actual_ane_refs=0 actual_gpu_groups=0 actual_gpu_refs=0 finishes=0 waits=0 overlap_gpu_groups=0
ds4: Flash-MoE async pread canceled queued=5 reading=3 ready=274 finished=3
ds4: gpu chunked prefill pos=17152 tokens=177 layer 20 encode=74.992 ms execute=0.907 ms
ds4: Flash-MoE prefill layer=21 tokens=177 unique=154 refs=1062 sync=5.099 ms plan=0.273 ms stage/compute=62.355 ms misses=154
ds4: Flash-MoE hybrid prefill layer=21 ane_groups=0 ane_refs=0 gpu_i8_groups=0 gpu_i8_refs=0 fp32_groups=0 ane_min_refs=512 concurrent=1 ane_pipeline=1 output_queue=4 async_ane=0 gpu_overlap=0 finishes=0 waits=0
ds4: Flash-MoE overlap plan layer=21 exec_groups=154 planned_ane_groups=0 planned_ane_refs=0 planned_gpu_groups=154 planned_gpu_refs=1062 tail_gpu_groups=0 tail_gpu_refs=0 planned_ssd_groups=154 est_gpu=10918.0 est_ane=0.0 est_idle=100.00% wall=62.176 ms actual_ane_groups=0 actual_ane_refs=0 actual_gpu_groups=0 actual_gpu_refs=0 finishes=0 waits=0 overlap_gpu_groups=0
ds4: Flash-MoE async pread canceled queued=8 reading=3 ready=289 finished=3
ds4: gpu chunked prefill pos=17152 tokens=177 layer 21 encode=68.207 ms execute=0.914 ms
ds4: Flash-MoE prefill layer=22 tokens=177 unique=151 refs=1062 sync=13.454 ms plan=0.359 ms stage/compute=56.832 ms misses=151
ds4: Flash-MoE hybrid prefill layer=22 ane_groups=0 ane_refs=0 gpu_i8_groups=0 gpu_i8_refs=0 fp32_groups=0 ane_min_refs=512 concurrent=1 ane_pipeline=1 output_queue=4 async_ane=0 gpu_overlap=0 finishes=0 waits=0
ds4: Flash-MoE overlap plan layer=22 exec_groups=151 planned_ane_groups=0 planned_ane_refs=0 planned_gpu_groups=151 planned_gpu_refs=1062 tail_gpu_groups=0 tail_gpu_refs=0 planned_ssd_groups=151 est_gpu=10726.0 est_ane=0.0 est_idle=100.00% wall=56.632 ms actual_ane_groups=0 actual_ane_refs=0 actual_gpu_groups=0 actual_gpu_refs=0 finishes=0 waits=0 overlap_gpu_groups=0
ds4: Flash-MoE async pread canceled queued=8 reading=3 ready=305 finished=3
ds4: gpu chunked prefill pos=17152 tokens=177 layer 22 encode=71.452 ms execute=0.895 ms
ds4: Flash-MoE prefill layer=23 tokens=177 unique=171 refs=1062 sync=5.115 ms plan=0.273 ms stage/compute=66.646 ms misses=171
ds4: Flash-MoE hybrid prefill layer=23 ane_groups=0 ane_refs=0 gpu_i8_groups=0 gpu_i8_refs=0 fp32_groups=0 ane_min_refs=512 concurrent=1 ane_pipeline=1 output_queue=4 async_ane=0 gpu_overlap=0 finishes=0 waits=0
ds4: Flash-MoE overlap plan layer=23 exec_groups=171 planned_ane_groups=0 planned_ane_refs=0 planned_gpu_groups=171 planned_gpu_refs=1062 tail_gpu_groups=0 tail_gpu_refs=0 planned_ssd_groups=171 est_gpu=12006.0 est_ane=0.0 est_idle=100.00% wall=66.447 ms actual_ane_groups=0 actual_ane_refs=0 actual_gpu_groups=0 actual_gpu_refs=0 finishes=0 waits=0 overlap_gpu_groups=0
ds4: Flash-MoE async pread canceled queued=8 reading=4 ready=323 finished=4
ds4: gpu chunked prefill pos=17152 tokens=177 layer 23 encode=72.457 ms execute=0.928 ms
ds4: Flash-MoE prefill layer=24 tokens=177 unique=160 refs=1062 sync=13.363 ms plan=0.311 ms stage/compute=60.048 ms misses=160
ds4: Flash-MoE hybrid prefill layer=24 ane_groups=0 ane_refs=0 gpu_i8_groups=0 gpu_i8_refs=0 fp32_groups=0 ane_min_refs=512 concurrent=1 ane_pipeline=1 output_queue=4 async_ane=0 gpu_overlap=0 finishes=0 waits=0
ds4: Flash-MoE overlap plan layer=24 exec_groups=160 planned_ane_groups=0 planned_ane_refs=0 planned_gpu_groups=160 planned_gpu_refs=1062 tail_gpu_groups=0 tail_gpu_refs=0 planned_ssd_groups=160 est_gpu=11302.0 est_ane=0.0 est_idle=100.00% wall=59.864 ms actual_ane_groups=0 actual_ane_refs=0 actual_gpu_groups=0 actual_gpu_refs=0 finishes=0 waits=0 overlap_gpu_groups=0
ds4: Flash-MoE async pread canceled queued=8 reading=4 ready=340 finished=4
ds4: gpu chunked prefill pos=17152 tokens=177 layer 24 encode=74.500 ms execute=0.896 ms
ds4: Flash-MoE prefill layer=25 tokens=177 unique=158 refs=1062 sync=5.126 ms plan=0.373 ms stage/compute=61.722 ms misses=158
ds4: Flash-MoE hybrid prefill layer=25 ane_groups=0 ane_refs=0 gpu_i8_groups=0 gpu_i8_refs=0 fp32_groups=0 ane_min_refs=512 concurrent=1 ane_pipeline=1 output_queue=4 async_ane=0 gpu_overlap=0 finishes=0 waits=0
ds4: Flash-MoE overlap plan layer=25 exec_groups=158 planned_ane_groups=0 planned_ane_refs=0 planned_gpu_groups=158 planned_gpu_refs=1062 tail_gpu_groups=0 tail_gpu_refs=0 planned_ssd_groups=158 est_gpu=11174.0 est_ane=0.0 est_idle=100.00% wall=61.486 ms actual_ane_groups=0 actual_ane_refs=0 actual_gpu_groups=0 actual_gpu_refs=0 finishes=0 waits=0 overlap_gpu_groups=0
ds4: Flash-MoE async pread canceled queued=8 reading=5 ready=358 finished=5
ds4: gpu chunked prefill pos=17152 tokens=177 layer 25 encode=67.673 ms execute=0.910 ms
ds4: Flash-MoE prefill layer=26 tokens=177 unique=135 refs=1062 sync=13.381 ms plan=0.307 ms stage/compute=52.785 ms misses=135
ds4: Flash-MoE hybrid prefill layer=26 ane_groups=0 ane_refs=0 gpu_i8_groups=0 gpu_i8_refs=0 fp32_groups=0 ane_min_refs=512 concurrent=1 ane_pipeline=1 output_queue=4 async_ane=0 gpu_overlap=0 finishes=0 waits=0
ds4: Flash-MoE overlap plan layer=26 exec_groups=135 planned_ane_groups=0 planned_ane_refs=0 planned_gpu_groups=135 planned_gpu_refs=1062 tail_gpu_groups=0 tail_gpu_refs=0 planned_ssd_groups=135 est_gpu=9702.0 est_ane=0.0 est_idle=100.00% wall=52.610 ms actual_ane_groups=0 actual_ane_refs=0 actual_gpu_groups=0 actual_gpu_refs=0 finishes=0 waits=0 overlap_gpu_groups=0
ds4: Flash-MoE async pread canceled queued=8 reading=5 ready=378 finished=5
ds4: gpu chunked prefill pos=17152 tokens=177 layer 26 encode=67.267 ms execute=0.894 ms
ds4: Flash-MoE prefill layer=27 tokens=177 unique=148 refs=1062 sync=5.111 ms plan=0.316 ms stage/compute=54.389 ms misses=148
ds4: Flash-MoE hybrid prefill layer=27 ane_groups=0 ane_refs=0 gpu_i8_groups=0 gpu_i8_refs=0 fp32_groups=0 ane_min_refs=512 concurrent=1 ane_pipeline=1 output_queue=4 async_ane=0 gpu_overlap=0 finishes=0 waits=0
ds4: Flash-MoE overlap plan layer=27 exec_groups=148 planned_ane_groups=0 planned_ane_refs=0 planned_gpu_groups=148 planned_gpu_refs=1062 tail_gpu_groups=0 tail_gpu_refs=0 planned_ssd_groups=148 est_gpu=10534.0 est_ane=0.0 est_idle=100.00% wall=54.213 ms actual_ane_groups=0 actual_ane_refs=0 actual_gpu_groups=0 actual_gpu_refs=0 finishes=0 waits=0 overlap_gpu_groups=0
ds4: Flash-MoE async pread canceled queued=8 reading=5 ready=400 finished=5
ds4: gpu chunked prefill pos=17152 tokens=177 layer 27 encode=60.257 ms execute=0.935 ms
ds4: Flash-MoE prefill layer=28 tokens=177 unique=143 refs=1062 sync=13.387 ms plan=0.382 ms stage/compute=54.058 ms misses=143
ds4: Flash-MoE hybrid prefill layer=28 ane_groups=0 ane_refs=0 gpu_i8_groups=0 gpu_i8_refs=0 fp32_groups=0 ane_min_refs=512 concurrent=1 ane_pipeline=1 output_queue=4 async_ane=0 gpu_overlap=0 finishes=0 waits=0
ds4: Flash-MoE overlap plan layer=28 exec_groups=143 planned_ane_groups=0 planned_ane_refs=0 planned_gpu_groups=143 planned_gpu_refs=1062 tail_gpu_groups=0 tail_gpu_refs=0 planned_ssd_groups=143 est_gpu=10214.0 est_ane=0.0 est_idle=100.00% wall=53.881 ms actual_ane_groups=0 actual_ane_refs=0 actual_gpu_groups=0 actual_gpu_refs=0 finishes=0 waits=0 overlap_gpu_groups=0
ds4: Flash-MoE async pread canceled queued=8 reading=5 ready=424 finished=5
ds4: gpu chunked prefill pos=17152 tokens=177 layer 28 encode=68.640 ms execute=0.912 ms
ds4: Flash-MoE prefill layer=29 tokens=177 unique=147 refs=1062 sync=5.067 ms plan=0.310 ms stage/compute=55.696 ms misses=147
ds4: Flash-MoE hybrid prefill layer=29 ane_groups=0 ane_refs=0 gpu_i8_groups=0 gpu_i8_refs=0 fp32_groups=0 ane_min_refs=512 concurrent=1 ane_pipeline=1 output_queue=4 async_ane=0 gpu_overlap=0 finishes=0 waits=0
ds4: Flash-MoE overlap plan layer=29 exec_groups=147 planned_ane_groups=0 planned_ane_refs=0 planned_gpu_groups=147 planned_gpu_refs=1062 tail_gpu_groups=0 tail_gpu_refs=0 planned_ssd_groups=147 est_gpu=10470.0 est_ane=0.0 est_idle=100.00% wall=55.491 ms actual_ane_groups=0 actual_ane_refs=0 actual_gpu_groups=0 actual_gpu_refs=0 finishes=0 waits=0 overlap_gpu_groups=0
ds4: Flash-MoE async pread canceled queued=15 reading=6 ready=446 finished=6
ds4: gpu chunked prefill pos=17152 tokens=177 layer 29 encode=61.488 ms execute=0.918 ms
ds4: Flash-MoE prefill layer=30 tokens=177 unique=151 refs=1062 sync=13.485 ms plan=0.311 ms stage/compute=57.271 ms misses=151
ds4: Flash-MoE hybrid prefill layer=30 ane_groups=0 ane_refs=0 gpu_i8_groups=0 gpu_i8_refs=0 fp32_groups=0 ane_min_refs=512 concurrent=1 ane_pipeline=1 output_queue=4 async_ane=0 gpu_overlap=0 finishes=0 waits=0
ds4: Flash-MoE overlap plan layer=30 exec_groups=151 planned_ane_groups=0 planned_ane_refs=0 planned_gpu_groups=151 planned_gpu_refs=1062 tail_gpu_groups=0 tail_gpu_refs=0 planned_ssd_groups=151 est_gpu=10726.0 est_ane=0.0 est_idle=100.00% wall=57.067 ms actual_ane_groups=0 actual_ane_refs=0 actual_gpu_groups=0 actual_gpu_refs=0 finishes=0 waits=0 overlap_gpu_groups=0
ds4: Flash-MoE async pread canceled queued=15 reading=6 ready=467 finished=6
ds4: gpu chunked prefill pos=17152 tokens=177 layer 30 encode=71.891 ms execute=0.925 ms
ds4: Flash-MoE prefill layer=31 tokens=177 unique=157 refs=1062 sync=5.185 ms plan=0.335 ms stage/compute=59.161 ms misses=157
ds4: Flash-MoE hybrid prefill layer=31 ane_groups=0 ane_refs=0 gpu_i8_groups=0 gpu_i8_refs=0 fp32_groups=0 ane_min_refs=512 concurrent=1 ane_pipeline=1 output_queue=4 async_ane=0 gpu_overlap=0 finishes=0 waits=0
ds4: Flash-MoE overlap plan layer=31 exec_groups=157 planned_ane_groups=0 planned_ane_refs=0 planned_gpu_groups=157 planned_gpu_refs=1062 tail_gpu_groups=0 tail_gpu_refs=0 planned_ssd_groups=157 est_gpu=11110.0 est_ane=0.0 est_idle=100.00% wall=58.965 ms actual_ane_groups=0 actual_ane_refs=0 actual_gpu_groups=0 actual_gpu_refs=0 finishes=0 waits=0 overlap_gpu_groups=0
ds4: Flash-MoE async pread canceled queued=15 reading=6 ready=486 finished=6
ds4: gpu chunked prefill pos=17152 tokens=177 layer 31 encode=65.125 ms execute=0.898 ms
ds4: Flash-MoE prefill layer=32 tokens=177 unique=147 refs=1062 sync=13.292 ms plan=0.345 ms stage/compute=56.252 ms misses=147
ds4: Flash-MoE hybrid prefill layer=32 ane_groups=0 ane_refs=0 gpu_i8_groups=0 gpu_i8_refs=0 fp32_groups=0 ane_min_refs=512 concurrent=1 ane_pipeline=1 output_queue=4 async_ane=0 gpu_overlap=0 finishes=0 waits=0
ds4: Flash-MoE overlap plan layer=32 exec_groups=147 planned_ane_groups=0 planned_ane_refs=0 planned_gpu_groups=147 planned_gpu_refs=1062 tail_gpu_groups=0 tail_gpu_refs=0 planned_ssd_groups=147 est_gpu=10470.0 est_ane=0.0 est_idle=100.00% wall=56.076 ms actual_ane_groups=0 actual_ane_refs=0 actual_gpu_groups=0 actual_gpu_refs=0 finishes=0 waits=0 overlap_gpu_groups=0
ds4: Flash-MoE async pread canceled queued=15 reading=6 ready=506 finished=6
ds4: gpu chunked prefill pos=17152 tokens=177 layer 32 encode=70.707 ms execute=0.901 ms
ds4: Flash-MoE prefill layer=33 tokens=177 unique=136 refs=1062 sync=5.117 ms plan=0.387 ms stage/compute=52.807 ms misses=136
ds4: Flash-MoE hybrid prefill layer=33 ane_groups=0 ane_refs=0 gpu_i8_groups=0 gpu_i8_refs=0 fp32_groups=0 ane_min_refs=512 concurrent=1 ane_pipeline=1 output_queue=4 async_ane=0 gpu_overlap=0 finishes=0 waits=0
ds4: Flash-MoE overlap plan layer=33 exec_groups=136 planned_ane_groups=0 planned_ane_refs=0 planned_gpu_groups=136 planned_gpu_refs=1062 tail_gpu_groups=0 tail_gpu_refs=0 planned_ssd_groups=136 est_gpu=9766.0 est_ane=0.0 est_idle=100.00% wall=52.621 ms actual_ane_groups=0 actual_ane_refs=0 actual_gpu_groups=0 actual_gpu_refs=0 finishes=0 waits=0 overlap_gpu_groups=0
ds4: Flash-MoE async pread canceled queued=15 reading=7 ready=529 finished=7
ds4: gpu chunked prefill pos=17152 tokens=177 layer 33 encode=58.736 ms execute=0.921 ms
ds4: Flash-MoE prefill layer=34 tokens=177 unique=137 refs=1062 sync=13.360 ms plan=0.352 ms stage/compute=51.108 ms misses=137
ds4: Flash-MoE hybrid prefill layer=34 ane_groups=0 ane_refs=0 gpu_i8_groups=0 gpu_i8_refs=0 fp32_groups=0 ane_min_refs=512 concurrent=1 ane_pipeline=1 output_queue=4 async_ane=0 gpu_overlap=0 finishes=0 waits=0
ds4: Flash-MoE overlap plan layer=34 exec_groups=137 planned_ane_groups=0 planned_ane_refs=0 planned_gpu_groups=137 planned_gpu_refs=1062 tail_gpu_groups=0 tail_gpu_refs=0 planned_ssd_groups=137 est_gpu=9830.0 est_ane=0.0 est_idle=100.00% wall=50.926 ms actual_ane_groups=0 actual_ane_refs=0 actual_gpu_groups=0 actual_gpu_refs=0 finishes=0 waits=0 overlap_gpu_groups=0
ds4: Flash-MoE async pread canceled queued=15 reading=7 ready=550 finished=7
ds4: gpu chunked prefill pos=17152 tokens=177 layer 34 encode=65.612 ms execute=0.892 ms
ds4: Flash-MoE prefill layer=35 tokens=177 unique=137 refs=1062 sync=5.110 ms plan=0.312 ms stage/compute=52.412 ms misses=137
ds4: Flash-MoE hybrid prefill layer=35 ane_groups=0 ane_refs=0 gpu_i8_groups=0 gpu_i8_refs=0 fp32_groups=0 ane_min_refs=512 concurrent=1 ane_pipeline=1 output_queue=4 async_ane=0 gpu_overlap=0 finishes=0 waits=0
ds4: Flash-MoE overlap plan layer=35 exec_groups=137 planned_ane_groups=0 planned_ane_refs=0 planned_gpu_groups=137 planned_gpu_refs=1062 tail_gpu_groups=0 tail_gpu_refs=0 planned_ssd_groups=137 est_gpu=9830.0 est_ane=0.0 est_idle=100.00% wall=52.248 ms actual_ane_groups=0 actual_ane_refs=0 actual_gpu_groups=0 actual_gpu_refs=0 finishes=0 waits=0 overlap_gpu_groups=0
ds4: Flash-MoE async pread canceled queued=15 reading=7 ready=577 finished=7
ds4: gpu chunked prefill pos=17152 tokens=177 layer 35 encode=58.253 ms execute=0.885 ms
ds4: Flash-MoE prefill layer=36 tokens=177 unique=132 refs=1062 sync=13.415 ms plan=0.344 ms stage/compute=51.742 ms misses=132
ds4: Flash-MoE hybrid prefill layer=36 ane_groups=0 ane_refs=0 gpu_i8_groups=0 gpu_i8_refs=0 fp32_groups=0 ane_min_refs=512 concurrent=1 ane_pipeline=1 output_queue=4 async_ane=0 gpu_overlap=0 finishes=0 waits=0
ds4: Flash-MoE overlap plan layer=36 exec_groups=132 planned_ane_groups=0 planned_ane_refs=0 planned_gpu_groups=132 planned_gpu_refs=1062 tail_gpu_groups=0 tail_gpu_refs=0 planned_ssd_groups=132 est_gpu=9510.0 est_ane=0.0 est_idle=100.00% wall=51.581 ms actual_ane_groups=0 actual_ane_refs=0 actual_gpu_groups=0 actual_gpu_refs=0 finishes=0 waits=0 overlap_gpu_groups=0
ds4: Flash-MoE async pread canceled queued=15 reading=7 ready=606 finished=7
ds4: gpu chunked prefill pos=17152 tokens=177 layer 36 encode=66.259 ms execute=0.882 ms
ds4: Flash-MoE prefill layer=37 tokens=177 unique=145 refs=1062 sync=5.156 ms plan=0.360 ms stage/compute=53.904 ms misses=145
ds4: Flash-MoE hybrid prefill layer=37 ane_groups=0 ane_refs=0 gpu_i8_groups=0 gpu_i8_refs=0 fp32_groups=0 ane_min_refs=512 concurrent=1 ane_pipeline=1 output_queue=4 async_ane=0 gpu_overlap=0 finishes=0 waits=0
ds4: Flash-MoE overlap plan layer=37 exec_groups=145 planned_ane_groups=0 planned_ane_refs=0 planned_gpu_groups=145 planned_gpu_refs=1062 tail_gpu_groups=0 tail_gpu_refs=0 planned_ssd_groups=145 est_gpu=10342.0 est_ane=0.0 est_idle=100.00% wall=53.724 ms actual_ane_groups=0 actual_ane_refs=0 actual_gpu_groups=0 actual_gpu_refs=0 finishes=0 waits=0 overlap_gpu_groups=0
ds4: Flash-MoE async pread canceled queued=15 reading=7 ready=626 finished=7
ds4: gpu chunked prefill pos=17152 tokens=177 layer 37 encode=59.875 ms execute=0.941 ms
ds4: Flash-MoE prefill layer=38 tokens=177 unique=152 refs=1062 sync=13.413 ms plan=0.331 ms stage/compute=59.711 ms misses=152
ds4: Flash-MoE hybrid prefill layer=38 ane_groups=0 ane_refs=0 gpu_i8_groups=0 gpu_i8_refs=0 fp32_groups=0 ane_min_refs=512 concurrent=1 ane_pipeline=1 output_queue=4 async_ane=0 gpu_overlap=0 finishes=0 waits=0
ds4: Flash-MoE overlap plan layer=38 exec_groups=152 planned_ane_groups=0 planned_ane_refs=0 planned_gpu_groups=152 planned_gpu_refs=1062 tail_gpu_groups=0 tail_gpu_refs=0 planned_ssd_groups=152 est_gpu=10790.0 est_ane=0.0 est_idle=100.00% wall=59.529 ms actual_ane_groups=0 actual_ane_refs=0 actual_gpu_groups=0 actual_gpu_refs=0 finishes=0 waits=0 overlap_gpu_groups=0
ds4: Flash-MoE async pread canceled queued=15 reading=7 ready=646 finished=7
ds4: gpu chunked prefill pos=17152 tokens=177 layer 38 encode=74.211 ms execute=0.897 ms
ds4: Flash-MoE prefill layer=39 tokens=177 unique=160 refs=1062 sync=5.136 ms plan=0.354 ms stage/compute=58.595 ms misses=160
ds4: Flash-MoE hybrid prefill layer=39 ane_groups=0 ane_refs=0 gpu_i8_groups=0 gpu_i8_refs=0 fp32_groups=0 ane_min_refs=512 concurrent=1 ane_pipeline=1 output_queue=4 async_ane=0 gpu_overlap=0 finishes=0 waits=0
ds4: Flash-MoE overlap plan layer=39 exec_groups=160 planned_ane_groups=0 planned_ane_refs=0 planned_gpu_groups=160 planned_gpu_refs=1062 tail_gpu_groups=0 tail_gpu_refs=0 planned_ssd_groups=160 est_gpu=11302.0 est_ane=0.0 est_idle=100.00% wall=58.412 ms actual_ane_groups=0 actual_ane_refs=0 actual_gpu_groups=0 actual_gpu_refs=0 finishes=0 waits=0 overlap_gpu_groups=0
ds4: Flash-MoE async pread canceled queued=15 reading=7 ready=662 finished=7
ds4: gpu chunked prefill pos=17152 tokens=177 layer 39 encode=64.503 ms execute=0.885 ms
ds4: Flash-MoE prefill layer=40 tokens=177 unique=135 refs=1062 sync=13.392 ms plan=0.303 ms stage/compute=52.191 ms misses=135
ds4: Flash-MoE hybrid prefill layer=40 ane_groups=0 ane_refs=0 gpu_i8_groups=0 gpu_i8_refs=0 fp32_groups=0 ane_min_refs=512 concurrent=1 ane_pipeline=1 output_queue=4 async_ane=0 gpu_overlap=0 finishes=0 waits=0
ds4: Flash-MoE overlap plan layer=40 exec_groups=135 planned_ane_groups=0 planned_ane_refs=0 planned_gpu_groups=135 planned_gpu_refs=1062 tail_gpu_groups=0 tail_gpu_refs=0 planned_ssd_groups=135 est_gpu=9702.0 est_ane=0.0 est_idle=100.00% wall=52.013 ms actual_ane_groups=0 actual_ane_refs=0 actual_gpu_groups=0 actual_gpu_refs=0 finishes=0 waits=0 overlap_gpu_groups=0
ds4: Flash-MoE async pread canceled queued=15 reading=7 ready=684 finished=7
ds4: gpu chunked prefill pos=17152 tokens=177 layer 40 encode=66.645 ms execute=0.904 ms
ds4: Flash-MoE prefill layer=41 tokens=177 unique=149 refs=1062 sync=5.119 ms plan=0.322 ms stage/compute=57.354 ms misses=149
ds4: Flash-MoE hybrid prefill layer=41 ane_groups=0 ane_refs=0 gpu_i8_groups=0 gpu_i8_refs=0 fp32_groups=0 ane_min_refs=512 concurrent=1 ane_pipeline=1 output_queue=4 async_ane=0 gpu_overlap=0 finishes=0 waits=0
ds4: Flash-MoE overlap plan layer=41 exec_groups=149 planned_ane_groups=0 planned_ane_refs=0 planned_gpu_groups=149 planned_gpu_refs=1062 tail_gpu_groups=0 tail_gpu_refs=0 planned_ssd_groups=149 est_gpu=10598.0 est_ane=0.0 est_idle=100.00% wall=57.179 ms actual_ane_groups=0 actual_ane_refs=0 actual_gpu_groups=0 actual_gpu_refs=0 finishes=0 waits=0 overlap_gpu_groups=0
ds4: Flash-MoE async pread canceled queued=15 reading=7 ready=703 finished=7
ds4: gpu chunked prefill pos=17152 tokens=177 layer 41 encode=63.215 ms execute=0.900 ms
ds4: Flash-MoE prefill layer=42 tokens=177 unique=146 refs=1062 sync=13.397 ms plan=0.331 ms stage/compute=57.175 ms misses=146
ds4: Flash-MoE hybrid prefill layer=42 ane_groups=0 ane_refs=0 gpu_i8_groups=0 gpu_i8_refs=0 fp32_groups=0 ane_min_refs=512 concurrent=1 ane_pipeline=1 output_queue=4 async_ane=0 gpu_overlap=0 finishes=0 waits=0
ds4: Flash-MoE overlap plan layer=42 exec_groups=146 planned_ane_groups=0 planned_ane_refs=0 planned_gpu_groups=146 planned_gpu_refs=1062 tail_gpu_groups=0 tail_gpu_refs=0 planned_ssd_groups=146 est_gpu=10406.0 est_ane=0.0 est_idle=100.00% wall=56.993 ms actual_ane_groups=0 actual_ane_refs=0 actual_gpu_groups=0 actual_gpu_refs=0 finishes=0 waits=0 overlap_gpu_groups=0
ds4: Flash-MoE async pread canceled queued=15 reading=7 ready=728 finished=7
ds4: gpu chunked prefill pos=17152 tokens=177 layer 42 encode=71.694 ms execute=0.875 ms
processing 17329 input tokens: 17329/17329 (100.0%) batch=56.17 t/s avg=348.68 t/s
ds4: gpu chunked prefill start=0 tokens=17329 chunk=8576 encode=47650.301 ms execute=1659.539 ms read=0.008 ms total=49350.592 ms
ds4: prefill full: 17329 tokens in 49699.7 ms (348.7 t/s)
We
ds4: ----------------------------------------
ds4: prefill: 348.67 t/s, generation: 1.33 t/s
ds4: Flash-MoE cross-layer prefetch layers=42 experts_queued=2058 (avg=49.0/layer)
ds4: Flash-MoE slot-bank stats hits=0 misses=27322 hit-rate=0.0% resident-slots=258/4257 (6.1%, avg=6.0/layer min=6 max=6 of 99) installed=184423.50 MiB
ds4: Flash-MoE decode prefetch calls=43 loads=258 bytes=1741.50 MiB pread=123.455 ms upload=100.727 ms overlap-flushes=43
ds4: Flash-MoE prefill dedup refs=4470882 unique=27064 saved=4443818 (99.4%) reuse=165.20x
ds4: Flash-MoE prefill stage stats calls=27064 bytes=182682.00 MiB pread=6357.638 ms upload=3161.907 ms gate=986.674 ms up=974.196 ms down=1201.037 ms scatter=29.856 ms stage_rate=19190.20 MiB/s pread_rate=28734.26 MiB/s upload_rate=57775.89 MiB/s
ds4: Flash-MoE prefill pread issue stats span=49043.228 ms active=12.96% span_rate=3724.92 MiB/s issue_gap=84265.086 ms post_stage_gap=22128.286 ms same_layer_issue=61112.557 ms same_layer_post=9.164 ms cross_layer_issue=23152.529 ms cross_layer_post=22119.122 ms max_issue=401.474 ms max_post=393.561 ms issue_gaps=22576 post_gaps=137 issue_gt1=6542 issue_gt5=1472 issue_gt20=987 post_gt1=130 post_gt5=119 post_gt20=86
ds4: Flash-MoE prefill pread bucket le16 calls=9849 refs=51560 bytes=66480.75 MiB pread=2347.322 ms issue_gap=41459.480 ms post_stage_gap=3.989 ms pread_rate=28321.96 MiB/s
ds4: Flash-MoE prefill pread bucket le32 calls=2034 refs=48056 bytes=13729.50 MiB pread=512.870 ms issue_gap=1538.327 ms post_stage_gap=89.595 ms pread_rate=26769.94 MiB/s
ds4: Flash-MoE prefill pread bucket le64 calls=2595 refs=122886 bytes=17516.25 MiB pread=574.324 ms issue_gap=2083.701 ms post_stage_gap=194.432 ms pread_rate=30498.90 MiB/s
ds4: Flash-MoE prefill pread bucket le128 calls=3481 refs=329390 bytes=23496.75 MiB pread=692.621 ms issue_gap=2829.224 ms post_stage_gap=145.273 ms pread_rate=33924.40 MiB/s
ds4: Flash-MoE prefill pread bucket le256 calls=3941 refs=727177 bytes=26601.75 MiB pread=710.567 ms issue_gap=4667.463 ms post_stage_gap=7.268 ms pread_rate=37437.36 MiB/s
ds4: Flash-MoE prefill pread bucket le512 calls=3015 refs=1088127 bytes=20351.25 MiB pread=728.022 ms issue_gap=8823.299 ms post_stage_gap=0.000 ms pread_rate=27954.17 MiB/s
ds4: Flash-MoE prefill pread bucket gt512 calls=2149 refs=2103686 bytes=14505.75 MiB pread=791.912 ms issue_gap=22863.592 ms post_stage_gap=21687.729 ms pread_rate=18317.38 MiB/s
ds4: ANE prefill stats calls=1801 ok=1801 skipped_big_refs=0 compile_attempts=1 compile_failures=0 eval_calls=8165 eval_failures=0 write_failures=0 reopen_failures=0
ds4: ANE prefill timing dequant=16.290 ms input=0.902 ms ane_eval=39812.700 ms ane_eval_a=39812.700 ms ane_eval_b=0.000 ms ane_eval_c=0.000 ms ane_eval_d=0.000 ms ane_wall_est=39812.700 ms writeback=10.316 ms helper_avg=4.876020 ms ane_calls=8165 ane_call_avg=4.876020 ms
ds4: ANE prefill timing2 output_pack=9.624 ms measured_total=39849.832 ms
ds4: ANE prefill timing3 dequant_wait=1482.695 ms post_wait=0.000 ms x_zero=45.190 ms x_copy=162.806 ms out_zero=517.767 ms out_f16_copy=326.867 ms output_convert=9.624 ms output_gpu_encode=9.624 ms output_chunks=1801 output_elems=7522459648 output_convert_rate=781.636 Gelem/s
ds4: ANE prefill timing4 wait_predict=0.000 ms finish_join_ane=3813.611 ms finish_join_post=0.000 ms wait_predict_calls=0 finish_calls=1801
ds4: ANE prefill chunks refs=1836538 padded_refs=2090240 pad_util=87.86% le16=144 le64=435 le128=475 full=6375
ds4: ANE prefill batch_hist B256=8165 refs=1836538 util=87.9%
