ds4: detected DS4 sidecar package: -m /Users/anemll/Models/flash/dsv4-iq2xxs-expert-major/dense/model-dense.gguf, --moe-sidecar /Users/anemll/Models/flash/dsv4-iq2xxs-expert-major, --moe-mode slot-bank
ds4: applied sidecar tuning profile [Apple M5 Max] from ds4_profile.json (51 env defaults set, 0 kept from environment)
ds4: warning: raw KV cap limits Metal prefill chunk (prefill_chunk=4096, raw_kv_rows=4096, raw_window=128, effective_chunk=3968; target raw cap for one chunk is 4352, also requires ctx >= that value)
ds4: context buffers 429.99 MiB (ctx=4096, backend=metal, prefill_chunk=4096, raw_kv_rows=4096, compressed_kv_rows=1026)
ds4: Flash-MoE sidecar loaded: /Users/anemll/Models/flash/dsv4-iq2xxs-expert-major (slot-bank=256, expert-record 6.75 MiB)
ds4: Flash-MoE expert mmap cache: off; expert reads: pread
ds4: Metal device Apple M5 Max, 128.00 GiB RAM, GPU working-set budget 107.52 GiB (raise with: sudo sysctl iogpu.wired_limit_mb=<MB>)
ds4: drift-patch flags hc_stable=on norm_unify=on kv_raw_f32=off rope_exp2_log2=off math_safe=off tensor_matmul=off
ds4: MXFP4 native library (MSL 4.1): repack=ok selected-repack=ok selected-plane-copy=ok scale-plane matmul=ok selected-matmul=ok decode2=pair/sum6 batch-decode2=pair/sum6 batch-strided=pair/sum6 hybrid-down=sum6 chunked-decode2=pair/sum6
ds4: DS4_MXFP4_NATIVE=1: native MXFP4 available (MPP 4.1 scale-plane matmul2d)
ds4: DSpark resident expert cache: ranges=9 bytes=9.56 GiB (persistent; debug opt-out requires DS4_DSPARK_ALLOW_NONRESIDENT=1)
ds4: DSpark sidecar Metal residency requested: buffers=9 bytes=9.56 GiB
ds4: DSpark draft package loaded: /Users/anemll/Models/DSv4-Flash-DSpark-draft (block=5 verify=4 scheduler=static conf=0.000 noise=128799 target_layers=40,41,42 markov_rank=256 records=81 mapped=10.12 GiB)
ds4: DSpark draft records: F32=41 F16=6 FP8_E4M3=25 MXFP4_NATIVE=9
ds4: DSpark draft inference enabled: MPP 4.1 FP8/MXFP4 draft kernels, fused routed-MoE per draft layer, persistent resident experts, greedy Markov head, exact verifier v1
ds4: Flash-MoE using mmap-backed dense/shared weights without full-model Metal residency warmup
ds4: Metal model views created in 0.262 ms, residency requested in 0.000 ms, warmup 0.000 ms (mapped 8393.67 MiB from offset 5.06 MiB)
ds4: Metal mapped mmaped model as 1 overlapping shared buffers
ds4: metal backend initialized for graph diagnostics
ds4: prefill routed-MoE (requested): mul_mm_id (grouped GPU / ALU)  [grouped path]
ds4: prefill quant scales (ANE env first): w_qscale=512 x_qscale=32 mid_qscale=32 w_scale=0.00195312 x_scale=0.03125 mid_scale=0.03125
ds4: prefill ctx-grow: on, block=16384 tokens
ds4: prefill chunk cap: 16384, graph_raw_cap=auto
ds4: Flash-MoE resident mixed slot-bank load: layers=43 slots=256 bytes=72.56 GiB (one dot per layer)
ds4: Flash-MoE resident prepare: ........................................... 72.56/72.56 GiB (43 layers)
ds4: Flash-MoE resident preload: ........................................... 72.56/72.56 GiB (43 layers)
ds4: Flash-MoE preloaded mixed slot bank: layers=43 slots=256 identity-mapped experts=256
ds4: Flash-MoE slot-bank Metal residency requested: buffers=43 bytes=72.56 GiB
ds4: Flash-MoE slot-bank pages touched: buffers=43 bytes=72.56 GiB
ds4: Flash-MoE slot banks allocated: layers=43 slots=256 gpu-bank=72.6GB Dense: 8.2GB Context: 0.4GB Total <<<< 81.2GB >>>>
ds4: Flash-MoE slot bank layout: mixed expert-major
ds4: warning: very large Flash-MoE slot bank can collapse decode throughput (slots=256, gpu-bank=72.56 GiB). The wired bank competes with the OS file cache that serves decode-miss reads of the sidecar; when the sidecar is larger than RAM, smaller banks decode faster. Compare --moe-slot-bank 32/48/64 or use --ssd-cache auto.
ds4: prefill compute: routed experts = ANE i8i8 (W8A8) | dense proj = Q8 direct-RHS NAX; K-quant dense = fused mul_mm_id batch
ds4: prefill I/O: io-split=4 async-pread=on pread-threads=4 readahead=12 bank-prefetch=3 slot-cache-topk=0 xlayer=auto<=6k-tok topk=128
ds4: decode  I/O: io-split=4 router-prefetch=off scratch-prefetch=off max-loads=0 layer-stride=1 miss-direct-slot-pread=on prefetch-direct-slot-pread=off did-modify=on shared-down=on reset-after-prefill=off realloc-after-prefill=off restore-after-prefill=off resident=slot-bank slots=256
ds4: Flash-MoE banked kernels using M5 simdgroup_matrix fast path (prefetch=3, banks=4)
ds4: WARNING: prefill chunk 4096 clamped to 3968 by raw-KV cap (raw_cap=4096, window=128). Set DS4_METAL_GRAPH_RAW_CAP >= 4224 (window + chunk) — or unset it to auto-size — to honor the chunk.
ds4: prefill chunk cap EFFECTIVE=3968 tokens (DS4_METAL_PREFILL_CHUNK=16384), CLAMPED by raw-KV-cap (ctx-grow) (resident-NAX tiles this by scratch_cap; that tile gates the sync bridge)
processing 19 input tokens: 0/19 (0.0%) batch=0.00 t/s avg=0.00 t/s
ds4: ANE i8w-i8x-tiled-fused cached async prefill B=256 H=4096 I=2048 w_scale=0.00195312 x_scale=0.03125 mid_scale=0.03125
processing 19 input tokens: 0/19 (0.0%) batch=0.00 t/s avg=0.00 t/s
processing 19 input tokens: 0/19 (0.0%) batch=0.00 t/s avg=0.00 t/s
processing 19 input tokens: 1/19 (5.3%) batch=26.30 t/s avg=0.41 t/s
processing 19 input tokens: 1/19 (5.3%) batch=0.00 t/s avg=0.41 t/s
processing 19 input tokens: 2/19 (10.5%) batch=54.67 t/s avg=0.81 t/s
processing 19 input tokens: 2/19 (10.5%) batch=0.00 t/s avg=0.81 t/s
processing 19 input tokens: 3/19 (15.8%) batch=52.55 t/s avg=1.20 t/s
processing 19 input tokens: 3/19 (15.8%) batch=0.00 t/s avg=1.19 t/s
processing 19 input tokens: 3/19 (15.8%) batch=0.00 t/s avg=1.18 t/s
processing 19 input tokens: 4/19 (21.1%) batch=49.86 t/s avg=1.57 t/s
processing 19 input tokens: 4/19 (21.1%) batch=0.00 t/s avg=1.55 t/s
processing 19 input tokens: 5/19 (26.3%) batch=50.44 t/s avg=1.93 t/s
processing 19 input tokens: 5/19 (26.3%) batch=0.00 t/s avg=1.91 t/s
processing 19 input tokens: 6/19 (31.6%) batch=56.41 t/s avg=2.28 t/s
processing 19 input tokens: 6/19 (31.6%) batch=0.00 t/s avg=2.26 t/s
processing 19 input tokens: 7/19 (36.8%) batch=60.92 t/s avg=2.63 t/s
processing 19 input tokens: 7/19 (36.8%) batch=0.00 t/s avg=2.61 t/s
processing 19 input tokens: 7/19 (36.8%) batch=0.00 t/s avg=2.59 t/s
processing 19 input tokens: 8/19 (42.1%) batch=55.69 t/s avg=2.94 t/s
processing 19 input tokens: 8/19 (42.1%) batch=0.00 t/s avg=2.92 t/s
processing 19 input tokens: 9/19 (47.4%) batch=57.32 t/s avg=3.26 t/s
processing 19 input tokens: 9/19 (47.4%) batch=0.00 t/s avg=3.24 t/s
processing 19 input tokens: 10/19 (52.6%) batch=51.20 t/s avg=3.58 t/s
processing 19 input tokens: 10/19 (52.6%) batch=0.00 t/s avg=3.55 t/s
processing 19 input tokens: 11/19 (57.9%) batch=59.08 t/s avg=3.88 t/s
processing 19 input tokens: 11/19 (57.9%) batch=0.00 t/s avg=3.86 t/s
processing 19 input tokens: 11/19 (57.9%) batch=0.00 t/s avg=3.84 t/s
processing 19 input tokens: 12/19 (63.2%) batch=51.16 t/s avg=4.16 t/s
processing 19 input tokens: 12/19 (63.2%) batch=0.00 t/s avg=4.13 t/s
processing 19 input tokens: 13/19 (68.4%) batch=49.85 t/s avg=4.44 t/s
processing 19 input tokens: 13/19 (68.4%) batch=0.00 t/s avg=4.42 t/s
processing 19 input tokens: 14/19 (73.7%) batch=51.36 t/s avg=4.73 t/s
processing 19 input tokens: 14/19 (73.7%) batch=0.00 t/s avg=4.70 t/s
processing 19 input tokens: 15/19 (78.9%) batch=57.24 t/s avg=5.00 t/s
processing 19 input tokens: 15/19 (78.9%) batch=0.00 t/s avg=4.97 t/s
processing 19 input tokens: 15/19 (78.9%) batch=0.00 t/s avg=4.94 t/s
processing 19 input tokens: 16/19 (84.2%) batch=53.35 t/s avg=5.24 t/s
processing 19 input tokens: 16/19 (84.2%) batch=0.00 t/s avg=5.20 t/s
processing 19 input tokens: 17/19 (89.5%) batch=52.55 t/s avg=5.49 t/s
processing 19 input tokens: 17/19 (89.5%) batch=0.00 t/s avg=5.46 t/s
processing 19 input tokens: 18/19 (94.7%) batch=53.36 t/s avg=5.74 t/s
processing 19 input tokens: 18/19 (94.7%) batch=0.00 t/s avg=5.71 t/s
processing 19 input tokens: 19/19 (100.0%) batch=45.65 t/s avg=5.98 t/s
ds4: prefill full: 19 tokens in 3179.4 ms (6.0 t/s)
ds4: [mxfp4-native] two-dispatch plane decode arm engaged (dspark-strided, experts=6)
ds4: DSpark draft warmup: cap=4 rows=4 in 189.1 ms (paid before decode timer)
ds4: Flash-MoE mixed resident bank using fused GPU-selected decode path (slot id == expert id)
ds4: dspark hybrid FFN-pre verifier using exact F16 rows path
ds4: dspark hybrid shared verifier using exact fused rows path
ds4: dspark hybrid verifier profile n=4 layers=43 exact_prefix=0.000 ms attention=60.872 ms row_ffn_pre=11.031 ms row_router=11.974 ms batch_router=11.001 ms row_routed=36.380 ms row_shared=12.232 ms batch_tail=11.123 ms target_hidden=1.357 ms head=1.573 ms read=0.072 ms total=157.804 ms
ds4: dspark hybrid audit prefix drafted=4 committed=4 state_count=4 prefix_slots=3
ds4: dspark hybrid layer q-rope audit decodeN-attn-ffn-batch eps=1e-05 first=2 row=2 idx=17564 delta=1.0848e-05 h=1.28533 e=1.28534 max=1.43647e-05 rms=9.68498e-07 worst=18 row=2 idx=113 worst_delta=0.595505 h=-1.4187 e=-0.823196 worst_rms=0.0453645 layers=43 rows=4
ds4: dspark hybrid layer kv-cache-row audit decodeN-attn-ffn-batch eps=1e-05 first=3 row=1 idx=445 delta=0.03125 h=-0.4375 e=-0.46875 max=0.03125 rms=0.000690534 worst=18 row=2 idx=35 worst_delta=0.34375 h=-0.21875 e=-0.5625 worst_rms=0.0532324 layers=43 rows=4
ds4: dspark hybrid layer attn-heads-raw audit decodeN-attn-ffn-batch eps=1e-05 first=1 row=0 idx=14785 delta=1.08182e-05 h=-0.413776 e=-0.413787 max=4.45247e-05 rms=7.02866e-07 worst=18 row=2 idx=24611 worst_delta=0.306235 h=-0.255531 e=-0.561766 worst_rms=0.0129452 layers=43 rows=4
ds4: dspark hybrid layer attn-heads audit decodeN-attn-ffn-batch eps=1e-05 first=1 row=0 idx=14785 delta=1.13845e-05 h=-0.950592 e=-0.950603 max=3.79086e-05 rms=7.0293e-07 worst=18 row=2 idx=24611 worst_delta=0.306235 h=-0.255531 e=-0.561766 worst_rms=0.0129452 layers=43 rows=4
ds4: dspark hybrid layer attn-out audit decodeN-attn-ffn-batch eps=1e-05 first=1 row=0 idx=18 delta=1.00136e-05 h=-3.54891 e=-3.54892 max=1.56164e-05 rms=3.12896e-06 worst=33 row=3 idx=2667 worst_delta=1.28018 h=2.30037 e=1.02019 worst_rms=0.0388533 layers=43 rows=4
ds4: dspark hybrid layer attn-HC audit decodeN-attn-ffn-batch eps=1e-05 first=3 row=1 idx=0 delta=3.67835e-05 h=-0.0802147 e=-0.0801779 max=0.000316948 rms=2.24449e-05 worst=34 row=3 idx=6763 worst_delta=1.36205 h=-8.34194 e=-9.70399 worst_rms=0.0756338 layers=43 rows=4
ds4: dspark hybrid layer ffn-pre audit decodeN-attn-ffn-batch eps=1e-05 first=3 row=1 idx=1 delta=1.131e-05 h=-0.0362852 e=-0.0362965 max=5.43296e-05 rms=8.3352e-06 worst=29 row=3 idx=1653 worst_delta=0.927307 h=-1.93586 e=-1.00855 worst_rms=0.115736 layers=43 rows=4
ds4: dspark hybrid layer ffn-norm audit decodeN-attn-ffn-batch eps=1e-05 first=3 row=1 idx=0 delta=3.04133e-05 h=-0.0893288 e=-0.0892983 max=0.00029517 rms=4.25923e-05 worst=28 row=3 idx=3534 worst_delta=0.20247 h=0.998409 e=0.795939 worst_rms=0.0274802 layers=43 rows=4
ds4: dspark hybrid layer routed-out audit decodeN-attn-ffn-batch eps=1e-05 first=3 row=1 idx=1 delta=3.39523e-05 h=-0.073124 e=-0.073158 max=0.000160933 rms=2.2024e-05 worst=27 row=3 idx=3911 worst_delta=0.450187 h=-0.139664 e=-0.589852 worst_rms=0.0626723 layers=43 rows=4
ds4: dspark hybrid layer shared-out audit decodeN-attn-ffn-batch eps=1e-05 first=3 row=1 idx=1 delta=2.78354e-05 h=0.0223182 e=0.0222904 max=6.96108e-05 rms=1.27382e-05 worst=42 row=2 idx=2196 worst_delta=0.266647 h=-103.137 e=-102.871 worst_rms=0.0238085 layers=43 rows=4
ds4: dspark hybrid layer post-HC audit decodeN-attn-ffn-batch eps=1e-05 first=3 row=1 idx=0 delta=3.38145e-05 h=-0.0541769 e=-0.0541431 max=0.000299685 rms=2.19405e-05 worst=33 row=3 idx=6763 worst_delta=1.39026 h=-8.61031 e=-10.0006 worst_rms=0.0755007 layers=43 rows=4
ds4: dspark hybrid first divergence audit decodeN-attn-ffn-batch stage=attn-heads-raw layer=1 row=0 idx=14785 delta=1.08182e-05 h=-0.413776 e=-0.413787 layer_max=4.45247e-05 layer_rms=7.02866e-07
ds4: dspark hybrid audit commit logits top hybrid=14295 exact=14295 margin hybrid=10.630 exact=10.638 max=0.455666 rms=0.0863513
ds4: dspark batch state audit hybrid-vs-exact layer=3 n_comp 0/0 n_index 0/0 attn_kv max=2.8424e-06 rms=7.84736e-08 attn_score max=9.6038e-06 rms=nan index_kv max=0 rms=0 index_score max=0 rms=0 raw max=0.03125 rms=0.000690539 rows=4
ds4: dspark batch state audit hybrid-vs-exact layer=4 n_comp 6/6 n_index 6/6 attn_kv max=0.000220984 rms=2.14306e-05 attn_score max=0.000457644 rms=0.000114227 index_kv max=0.000280857 rms=2.97957e-05 index_score max=0.000574112 rms=0.00012607 raw max=0.0625 rms=0.00159877 rows=4
ds4: dspark batch state audit hybrid-vs-exact layer=5 n_comp 0/0 n_index 0/0 attn_kv max=0.000314727 rms=6.67012e-06 attn_score max=0.000429451 rms=nan index_kv max=0 rms=0 index_score max=0 rms=0 raw max=0.125 rms=0.00347018 rows=4
ds4: dspark batch state audit hybrid-vs-exact layer=6 n_comp 6/6 n_index 6/6 attn_kv max=0.000751466 rms=0.000133577 attn_score max=0.00420856 rms=0.00127174 index_kv max=0.000939175 rms=0.000156146 index_score max=0.00572872 rms=0.00124021 raw max=0.0625 rms=0.00325128 rows=4
ds4: dspark batch state audit hybrid-vs-exact layer=7 n_comp 0/0 n_index 0/0 attn_kv max=0.000732958 rms=1.5203e-05 attn_score max=0.00133008 rms=nan index_kv max=0 rms=0 index_score max=0 rms=0 raw max=0.125 rms=0.00651766 rows=4
ds4: dspark batch state audit hybrid-vs-exact layer=8 n_comp 6/6 n_index 6/6 attn_kv max=0.00286889 rms=0.000313949 attn_score max=0.00591719 rms=0.00148059 index_kv max=0.00324774 rms=0.000417944 index_score max=0.00664288 rms=0.00141065 raw max=0.0625 rms=0.00508529 rows=4
ds4: dspark batch state audit hybrid-vs-exact layer=9 n_comp 0/0 n_index 0/0 attn_kv max=0.00058268 rms=1.71453e-05 attn_score max=0.00219357 rms=nan index_kv max=0 rms=0 index_score max=0 rms=0 raw max=0.125 rms=0.00520747 rows=4
ds4: dspark batch state audit hybrid-vs-exact layer=10 n_comp 6/6 n_index 6/6 attn_kv max=0.0019678 rms=0.000302722 attn_score max=0.00606227 rms=0.00128397 index_kv max=0.00358307 rms=0.000405805 index_score max=0.00487828 rms=0.00133641 raw max=0.0625 rms=0.00526715 rows=4
ds4: dspark batch state audit hybrid-vs-exact layer=11 n_comp 0/0 n_index 0/0 attn_kv max=0.000829019 rms=2.45405e-05 attn_score max=0.00254035 rms=nan index_kv max=0 rms=0 index_score max=0 rms=0 raw max=0.125 rms=0.00633837 rows=4
ds4: dspark batch state audit hybrid-vs-exact layer=12 n_comp 6/6 n_index 6/6 attn_kv max=0.00254059 rms=0.000332337 attn_score max=0.0119575 rms=0.00306378 index_kv max=0.00653648 rms=0.000509184 index_score max=0.0120916 rms=0.00293183 raw max=0.125 rms=0.00679252 rows=4
ds4: dspark batch state audit hybrid-vs-exact layer=13 n_comp 0/0 n_index 0/0 attn_kv max=0.0006392 rms=2.60553e-05 attn_score max=0.00103582 rms=nan index_kv max=0 rms=0 index_score max=0 rms=0 raw max=0.125 rms=0.00570388 rows=4
ds4: dspark batch state audit hybrid-vs-exact layer=14 n_comp 6/6 n_index 6/6 attn_kv max=0.00306612 rms=0.000362656 attn_score max=0.00838828 rms=0.00289969 index_kv max=0.00358582 rms=0.000564566 index_score max=0.0112532 rms=0.00280073 raw max=0.125 rms=0.00845734 rows=4
ds4: dspark batch state audit hybrid-vs-exact layer=15 n_comp 0/0 n_index 0/0 attn_kv max=0.00128081 rms=4.5378e-05 attn_score max=0.00506819 rms=nan index_kv max=0 rms=0 index_score max=0 rms=0 raw max=0.125 rms=0.00796128 rows=4
ds4: dspark batch state audit hybrid-vs-exact layer=16 n_comp 6/6 n_index 6/6 attn_kv max=0.00221634 rms=0.000482775 attn_score max=0.014689 rms=0.00518917 index_kv max=0.00594008 rms=0.000795668 index_score max=0.0142756 rms=0.00507294 raw max=0.125 rms=0.00825715 rows=4
ds4: dspark batch state audit hybrid-vs-exact layer=17 n_comp 0/0 n_index 0/0 attn_kv max=0.0476927 rms=0.00137298 attn_score max=0.119371 rms=nan index_kv max=0 rms=0 index_score max=0 rms=0 raw max=0.25 rms=0.0398396 rows=4
ds4: dspark batch state audit hybrid-vs-exact layer=18 n_comp 6/6 n_index 6/6 attn_kv max=0.0396021 rms=0.0062378 attn_score max=0.132079 rms=0.0276647 index_kv max=0.0920963 rms=0.00784618 index_score max=0.145857 rms=0.0298038 raw max=0.34375 rms=0.0532318 rows=4
ds4: dspark batch state audit hybrid-vs-exact layer=19 n_comp 0/0 n_index 0/0 attn_kv max=0.0249373 rms=0.000511131 attn_score max=0.0325395 rms=nan index_kv max=0 rms=0 index_score max=0 rms=0 raw max=0.25 rms=0.0452454 rows=4
ds4: dspark batch state audit hybrid-vs-exact layer=20 n_comp 6/6 n_index 6/6 attn_kv max=0.0317309 rms=0.00512247 attn_score max=0.105976 rms=0.0335303 index_kv max=0.0301934 rms=0.00575881 index_score max=0.187933 rms=0.0325048 raw max=0.289062 rms=0.0470427 rows=4
ds4: dspark batch state audit hybrid-vs-exact layer=21 n_comp 0/0 n_index 0/0 attn_kv max=0.0207 rms=0.000377649 attn_score max=0.0254197 rms=nan index_kv max=0 rms=0 index_score max=0 rms=0 raw max=0.148438 rms=0.0286472 rows=4
ds4: dspark batch state audit hybrid-vs-exact layer=22 n_comp 6/6 n_index 6/6 attn_kv max=0.0209846 rms=0.00364456 attn_score max=0.0597122 rms=0.010495 index_kv max=0.0301821 rms=0.00539519 index_score max=0.0620505 rms=0.0112074 raw max=0.25 rms=0.0223759 rows=4
ds4: dspark batch state audit hybrid-vs-exact layer=23 n_comp 0/0 n_index 0/0 attn_kv max=0.0461564 rms=0.000570012 attn_score max=0.0324503 rms=nan index_kv max=0 rms=0 index_score max=0 rms=0 raw max=0.25 rms=0.0305593 rows=4
ds4: dspark batch state audit hybrid-vs-exact layer=24 n_comp 6/6 n_index 6/6 attn_kv max=0.0286948 rms=0.00305138 attn_score max=0.0699606 rms=0.00882235 index_kv max=0.0236258 rms=0.00395872 index_score max=0.0888224 rms=0.00907385 raw max=0.125 rms=0.0152753 rows=4
ds4: dspark batch state audit hybrid-vs-exact layer=25 n_comp 0/0 n_index 0/0 attn_kv max=0.00964414 rms=0.000194395 attn_score max=0.0140177 rms=nan index_kv max=0 rms=0 index_score max=0 rms=0 raw max=0.125 rms=0.0216489 rows=4
ds4: dspark batch state audit hybrid-vs-exact layer=26 n_comp 6/6 n_index 6/6 attn_kv max=0.0138951 rms=0.00236916 attn_score max=0.0672255 rms=0.0176792 index_kv max=0.0164925 rms=0.00252724 index_score max=0.0980835 rms=0.017016 raw max=0.25 rms=0.0273723 rows=4
ds4: dspark batch state audit hybrid-vs-exact layer=27 n_comp 0/0 n_index 0/0 attn_kv max=0.0093506 rms=0.000217541 attn_score max=0.0155103 rms=nan index_kv max=0 rms=0 index_score max=0 rms=0 raw max=0.25 rms=0.0243994 rows=4
ds4: dspark batch state audit hybrid-vs-exact layer=28 n_comp 6/6 n_index 6/6 attn_kv max=0.0225545 rms=0.00315363 attn_score max=0.149038 rms=0.0303552 index_kv max=0.033896 rms=0.00407793 index_score max=0.121414 rms=0.03058 raw max=0.125 rms=0.026269 rows=4
ds4: dspark batch state audit hybrid-vs-exact layer=29 n_comp 0/0 n_index 0/0 attn_kv max=0.014552 rms=0.000254341 attn_score max=0.0279882 rms=nan index_kv max=0 rms=0 index_score max=0 rms=0 raw max=0.25 rms=0.0284167 rows=4
ds4: dspark batch state audit hybrid-vs-exact layer=30 n_comp 6/6 n_index 6/6 attn_kv max=0.0168354 rms=0.00262283 attn_score max=0.114432 rms=0.0253573 index_kv max=0.0277677 rms=0.00386415 index_score max=0.101861 rms=0.0235775 raw max=0.25 rms=0.0218367 rows=4
ds4: dspark batch state audit hybrid-vs-exact layer=31 n_comp 0/0 n_index 0/0 attn_kv max=0.00754341 rms=0.000275801 attn_score max=0.016088 rms=nan index_kv max=0 rms=0 index_score max=0 rms=0 raw max=0.25 rms=0.0247894 rows=4
ds4: dspark batch state audit hybrid-vs-exact layer=32 n_comp 6/6 n_index 6/6 attn_kv max=0.0188479 rms=0.00230643 attn_score max=0.0823855 rms=0.022881 index_kv max=0.0356018 rms=0.00308125 index_score max=0.0782342 rms=0.0220037 raw max=0.125 rms=0.0248778 rows=4
ds4: dspark batch state audit hybrid-vs-exact layer=33 n_comp 0/0 n_index 0/0 attn_kv max=0.00789832 rms=0.000263754 attn_score max=0.0240955 rms=nan index_kv max=0 rms=0 index_score max=0 rms=0 raw max=0.25 rms=0.0274064 rows=4
ds4: dspark batch state audit hybrid-vs-exact layer=34 n_comp 6/6 n_index 6/6 attn_kv max=0.0464778 rms=0.00333696 attn_score max=0.752251 rms=0.161802 index_kv max=0.0417603 rms=0.00398491 index_score max=0.736852 rms=0.158347 raw max=0.25 rms=0.0308622 rows=4
ds4: dspark batch state audit hybrid-vs-exact layer=35 n_comp 0/0 n_index 0/0 attn_kv max=0.0131146 rms=0.000415288 attn_score max=0.0228673 rms=nan index_kv max=0 rms=0 index_score max=0 rms=0 raw max=0.25 rms=0.0339144 rows=4
ds4: dspark batch state audit hybrid-vs-exact layer=36 n_comp 6/6 n_index 6/6 attn_kv max=0.0137496 rms=0.00197227 attn_score max=0.0385788 rms=0.0111539 index_kv max=0.0159992 rms=0.00199126 index_score max=0.0359228 rms=0.0108792 raw max=0.25 rms=0.0209228 rows=4
ds4: dspark batch state audit hybrid-vs-exact layer=37 n_comp 0/0 n_index 0/0 attn_kv max=0.010991 rms=0.000124572 attn_score max=0.0231749 rms=nan index_kv max=0 rms=0 index_score max=0 rms=0 raw max=0.25 rms=0.0210324 rows=4
ds4: dspark batch state audit hybrid-vs-exact layer=38 n_comp 6/6 n_index 6/6 attn_kv max=0.0353733 rms=0.00299745 attn_score max=0.0837665 rms=0.021575 index_kv max=0.0288392 rms=0.00395047 index_score max=0.0960002 rms=0.0216478 raw max=0.25 rms=0.0186846 rows=4
ds4: dspark batch state audit hybrid-vs-exact layer=39 n_comp 0/0 n_index 0/0 attn_kv max=0.0168462 rms=0.00031394 attn_score max=0.0270422 rms=nan index_kv max=0 rms=0 index_score max=0 rms=0 raw max=0.25 rms=0.0253254 rows=4
ds4: dspark batch state audit hybrid-vs-exact layer=40 n_comp 6/6 n_index 6/6 attn_kv max=0.0383406 rms=0.00273808 attn_score max=0.360725 rms=0.0891396 index_kv max=0.0391376 rms=0.00410647 index_score max=0.32984 rms=0.0867946 raw max=0.25 rms=0.0265217 rows=4
ds4: dspark batch state audit hybrid-vs-exact layer=41 n_comp 0/0 n_index 0/0 attn_kv max=0.00837539 rms=0.000193528 attn_score max=0.0198947 rms=nan index_kv max=0 rms=0 index_score max=0 rms=0 raw max=0.125 rms=0.0215593 rows=4
ds4: dspark batch state audit hybrid-vs-exact layer=42 n_comp 6/6 n_index 6/6 attn_kv max=0.0106612 rms=0.00125525 attn_score max=0.0454015 rms=0.00636995 index_kv max=0.00903425 rms=0.0013716 index_score max=0.0546157 rms=0.00802072 raw max=0.125 rms=0.01232 rows=4
ds4: dspark batch state audit hybrid-vs-exact final_hc row=3 max=1.04794 rms=0.18931
ds4: dspark batch state audit hybrid-vs-exact dspark_target_hidden start=20 rows=4 max=0.578899 rms=0.0790038
ds4: dspark batch state audit hybrid-vs-exact dspark_kv_cache layer=0 start=20 rows=4 max=0.125 rms=0.0195747
ds4: dspark batch state audit hybrid-vs-exact dspark_kv_cache layer=1 start=20 rows=4 max=0.25 rms=0.0260419
ds4: dspark batch state audit hybrid-vs-exact dspark_kv_cache layer=2 start=20 rows=4 max=0.25 rms=0.0302574
ds4: dspark batch state audit hybrid-vs-exact summary eps=1e-05 mismatch_layers=40 first_stage=raw-kv first_layer=3 first_max=0.03125 first_rms=0.000690539 max=1.04794 final_hc_max=1.04794 decode_hc_max=0 dspark_hidden max=0.578899 rms=0.0790038 dspark_kv max=0.25 rms=0.0260419 raw_rows=4 mtp_n_raw 0/0
ds4: dspark hybrid verifier profile n=4 layers=43 exact_prefix=0.000 ms attention=57.808 ms row_ffn_pre=10.545 ms row_router=12.747 ms batch_router=11.741 ms row_routed=37.154 ms row_shared=13.856 ms batch_tail=12.395 ms target_hidden=1.424 ms head=1.542 ms read=0.025 ms total=159.317 ms
ds4: dspark hybrid audit prefix drafted=4 committed=4 state_count=4 prefix_slots=3
ds4: dspark hybrid layer q-rope audit decodeN-attn-ffn-batch eps=1e-05 first=2 row=3 idx=21061 delta=1.16825e-05 h=-0.312415 e=-0.312404 max=1.19805e-05 rms=8.31449e-07 worst=39 row=3 idx=1472 worst_delta=0.0890254 h=-1.45729 e=-1.36826 worst_rms=0.00820311 layers=43 rows=4
ds4: dspark hybrid layer kv-cache-row audit decodeN-attn-ffn-batch eps=1e-05 first=4 row=0 idx=464 delta=1.2517e-05 h=-0.211118 e=-0.211106 max=1.2517e-05 rms=5.69222e-07 worst=16 row=1 idx=17 worst_delta=0.25 h=-2.75 e=-3 worst_rms=0.010935 layers=43 rows=4
ds4: dspark hybrid layer attn-heads-raw audit decodeN-attn-ffn-batch eps=1e-05 first=1 row=0 idx=4572 delta=1.3113e-05 h=-3.45861 e=-3.45862 max=3.62396e-05 rms=5.80831e-07 worst=40 row=2 idx=22541 worst_delta=0.235871 h=2.62917 e=2.86504 worst_rms=0.00690495 layers=43 rows=4
ds4: dspark hybrid layer attn-heads audit decodeN-attn-ffn-batch eps=1e-05 first=1 row=0 idx=4572 delta=1.43051e-05 h=-3.73958 e=-3.73959 max=4.00543e-05 rms=5.80761e-07 worst=40 row=2 idx=22541 worst_delta=0.235871 h=2.62917 e=2.86504 worst_rms=0.00690495 layers=43 rows=4
ds4: dspark hybrid layer attn-out audit decodeN-attn-ffn-batch eps=1e-05 first=1 row=0 idx=377 delta=1.04904e-05 h=-3.02235 e=-3.02234 max=1.52588e-05 rms=3.11865e-06 worst=42 row=3 idx=2739 worst_delta=0.710693 h=58.1886 e=58.8993 worst_rms=0.0223976 layers=43 rows=4
ds4: dspark hybrid layer attn-HC audit decodeN-attn-ffn-batch eps=1e-05 first=5 row=0 idx=704 delta=1.00732e-05 h=-0.228093 e=-0.228083 max=1.42567e-05 rms=1.39703e-06 worst=42 row=3 idx=6835 worst_delta=1.31479 h=74.7906 e=76.1054 worst_rms=0.0736184 layers=43 rows=4
ds4: dspark hybrid layer ffn-pre audit decodeN-attn-ffn-batch eps=1e-05 first=4 row=0 idx=213 delta=1.04904e-05 h=0.188369 e=0.18838 max=2.72393e-05 rms=1.64688e-06 worst=40 row=3 idx=2120 worst_delta=0.758472 h=-12.3888 e=-11.6304 worst_rms=0.0930396 layers=43 rows=4
ds4: dspark hybrid layer ffn-norm audit decodeN-attn-ffn-batch eps=1e-05 first=4 row=0 idx=213 delta=1.30534e-05 h=0.216385 e=0.216398 max=1.30534e-05 rms=2.33785e-06 worst=38 row=3 idx=1204 worst_delta=0.0875245 h=-0.652696 e=-0.565171 worst_rms=0.0117809 layers=43 rows=4
ds4: dspark hybrid layer routed-out audit decodeN-attn-ffn-batch eps=1e-05 first=5 row=0 idx=22 delta=1.12876e-05 h=-0.0958842 e=-0.0958955 max=1.94311e-05 rms=3.11439e-06 worst=36 row=3 idx=1204 worst_delta=0.402464 h=-0.0327237 e=0.36974 worst_rms=0.0551563 layers=43 rows=4
ds4: dspark hybrid layer shared-out audit decodeN-attn-ffn-batch eps=1e-05 first=5 row=2 idx=699 delta=1.21295e-05 h=0.215893 e=0.215905 max=1.21295e-05 rms=1.33313e-06 worst=42 row=1 idx=2196 worst_delta=0.486572 h=-73.2833 e=-72.7967 worst_rms=0.020639 layers=43 rows=4
ds4: dspark hybrid layer post-HC audit decodeN-attn-ffn-batch eps=1e-05 first=4 row=0 idx=704 delta=1.01924e-05 h=-0.225944 e=-0.225934 max=1.01924e-05 rms=9.90159e-07 worst=42 row=3 idx=6835 worst_delta=1.30709 h=74.5731 e=75.8802 worst_rms=0.0755848 layers=43 rows=4
ds4: dspark hybrid first divergence audit decodeN-attn-ffn-batch stage=attn-heads-raw layer=1 row=0 idx=4572 delta=1.3113e-05 h=-3.45861 e=-3.45862 layer_max=3.62396e-05 layer_rms=5.80831e-07
ds4: dspark hybrid audit commit logits top hybrid=19950 exact=19950 margin hybrid=8.328 exact=8.344 max=0.473004 rms=0.0916635
ds4: dspark batch state audit hybrid-vs-exact layer=3 n_comp 0/0 n_index 0/0 attn_kv max=1.70618e-06 rms=5.58747e-08 attn_score max=5.36442e-06 rms=nan index_kv max=0 rms=0 index_score max=0 rms=0 raw max=6.10352e-05 rms=1.3917e-06 rows=4
ds4: dspark batch state audit hybrid-vs-exact layer=4 n_comp 7/7 n_index 7/7 attn_kv max=4.36604e-06 rms=5.51611e-07 attn_score max=1.84774e-05 rms=3.65826e-06 index_kv max=5.00679e-06 rms=7.62366e-07 index_score max=1.78814e-05 rms=3.76261e-06 raw max=7.62939e-06 rms=1.88781e-07 rows=4
ds4: dspark batch state audit hybrid-vs-exact layer=5 n_comp 0/0 n_index 0/0 attn_kv max=3.8743e-06 rms=7.47669e-08 attn_score max=5.54323e-06 rms=nan index_kv max=0 rms=0 index_score max=0 rms=0 raw max=0.000488281 rms=1.12604e-05 rows=4
ds4: dspark batch state audit hybrid-vs-exact layer=6 n_comp 7/7 n_index 7/7 attn_kv max=6.58259e-06 rms=1.00618e-06 attn_score max=1.8537e-05 rms=5.46139e-06 index_kv max=7.86781e-06 rms=1.15816e-06 index_score max=1.94311e-05 rms=5.29391e-06 raw max=0.000976562 rms=2.24225e-05 rows=4
ds4: dspark batch state audit hybrid-vs-exact layer=7 n_comp 0/0 n_index 0/0 attn_kv max=7.60704e-06 rms=2.05481e-07 attn_score max=2.0802e-05 rms=nan index_kv max=0 rms=0 index_score max=0 rms=0 raw max=0.000976562 rms=2.56461e-05 rows=4
ds4: dspark batch state audit hybrid-vs-exact layer=8 n_comp 7/7 n_index 7/7 attn_kv max=1.84774e-05 rms=2.59577e-06 attn_score max=9.15527e-05 rms=1.82379e-05 index_kv max=1.63317e-05 rms=3.61858e-06 index_score max=9.72748e-05 rms=1.85335e-05 raw max=0.03125 rms=0.000701523 rows=4
ds4: dspark batch state audit hybrid-vs-exact layer=9 n_comp 0/0 n_index 0/0 attn_kv max=5.1856e-05 rms=1.29838e-06 attn_score max=0.00012207 rms=nan index_kv max=0 rms=0 index_score max=0 rms=0 raw max=0.125 rms=0.00313307 rows=4
ds4: dspark batch state audit hybrid-vs-exact layer=10 n_comp 7/7 n_index 7/7 attn_kv max=0.00116874 rms=0.000203682 attn_score max=0.00389051 rms=0.000854178 index_kv max=0.0037576 rms=0.000268404 index_score max=0.00359035 rms=0.000767054 raw max=0.0625 rms=0.00405919 rows=4
ds4: dspark batch state audit hybrid-vs-exact layer=11 n_comp 0/0 n_index 0/0 attn_kv max=0.000731289 rms=1.57522e-05 attn_score max=0.00178897 rms=nan index_kv max=0 rms=0 index_score max=0 rms=0 raw max=0.125 rms=0.00397936 rows=4
ds4: dspark batch state audit hybrid-vs-exact layer=12 n_comp 7/7 n_index 7/7 attn_kv max=0.00103376 rms=0.000157957 attn_score max=0.00405574 rms=0.00107458 index_kv max=0.00366879 rms=0.0002196 index_score max=0.00399482 rms=0.00100781 raw max=0.125 rms=0.00399562 rows=4
ds4: dspark batch state audit hybrid-vs-exact layer=13 n_comp 0/0 n_index 0/0 attn_kv max=0.000593172 rms=1.59081e-05 attn_score max=0.00134262 rms=nan index_kv max=0 rms=0 index_score max=0 rms=0 raw max=0.125 rms=0.00618712 rows=4
ds4: dspark batch state audit hybrid-vs-exact layer=14 n_comp 7/7 n_index 7/7 attn_kv max=0.00188839 rms=0.000215092 attn_score max=0.0100598 rms=0.00301614 index_kv max=0.00218534 rms=0.00033022 index_score max=0.0126071 rms=0.00286961 raw max=0.125 rms=0.00754551 rows=4
ds4: dspark batch state audit hybrid-vs-exact layer=15 n_comp 0/0 n_index 0/0 attn_kv max=0.000926208 rms=3.42203e-05 attn_score max=0.00365424 rms=nan index_kv max=0 rms=0 index_score max=0 rms=0 raw max=0.125 rms=0.00743516 rows=4
ds4: dspark batch state audit hybrid-vs-exact layer=16 n_comp 7/7 n_index 7/7 attn_kv max=0.00300279 rms=0.000401777 attn_score max=0.0218895 rms=0.00817226 index_kv max=0.0034253 rms=0.00063164 index_score max=0.0256791 rms=0.00797249 raw max=0.25 rms=0.0109349 rows=4
ds4: dspark batch state audit hybrid-vs-exact layer=17 n_comp 0/0 n_index 0/0 attn_kv max=0.00239842 rms=9.12782e-05 attn_score max=0.00654113 rms=nan index_kv max=0 rms=0 index_score max=0 rms=0 raw max=0.25 rms=0.012538 rows=4
ds4: dspark batch state audit hybrid-vs-exact layer=18 n_comp 7/7 n_index 7/7 attn_kv max=0.00159676 rms=0.000250799 attn_score max=0.0085578 rms=0.00216663 index_kv max=0.00308883 rms=0.000357879 index_score max=0.00870323 rms=0.00206447 raw max=0.125 rms=0.00776844 rows=4
ds4: dspark batch state audit hybrid-vs-exact layer=19 n_comp 0/0 n_index 0/0 attn_kv max=0.000996694 rms=3.18009e-05 attn_score max=0.00272706 rms=nan index_kv max=0 rms=0 index_score max=0 rms=0 raw max=0.125 rms=0.00996565 rows=4
ds4: dspark batch state audit hybrid-vs-exact layer=20 n_comp 7/7 n_index 7/7 attn_kv max=0.00204563 rms=0.000370752 attn_score max=0.0152231 rms=0.00648665 index_kv max=0.00262287 rms=0.000509196 index_score max=0.0237265 rms=0.00648505 raw max=0.125 rms=0.0111513 rows=4
ds4: dspark batch state audit hybrid-vs-exact layer=21 n_comp 0/0 n_index 0/0 attn_kv max=0.000930414 rms=3.48503e-05 attn_score max=0.00266731 rms=nan index_kv max=0 rms=0 index_score max=0 rms=0 raw max=0.125 rms=0.00900031 rows=4
ds4: dspark batch state audit hybrid-vs-exact layer=22 n_comp 7/7 n_index 7/7 attn_kv max=0.00217441 rms=0.000390684 attn_score max=0.0068208 rms=0.00135701 index_kv max=0.00223835 rms=0.000544554 index_score max=0.00713563 rms=0.00145734 raw max=0.25 rms=0.0114524 rows=4
ds4: dspark batch state audit hybrid-vs-exact layer=23 n_comp 0/0 n_index 0/0 attn_kv max=0.00300992 rms=5.74343e-05 attn_score max=0.00257438 rms=nan index_kv max=0 rms=0 index_score max=0 rms=0 raw max=0.25 rms=0.0106937 rows=4
ds4: dspark batch state audit hybrid-vs-exact layer=24 n_comp 7/7 n_index 7/7 attn_kv max=0.00249627 rms=0.000413272 attn_score max=0.0112414 rms=0.00257353 index_kv max=0.00231767 rms=0.000503731 index_score max=0.0109525 rms=0.002974 raw max=0.125 rms=0.00710004 rows=4
ds4: dspark batch state audit hybrid-vs-exact layer=25 n_comp 0/0 n_index 0/0 attn_kv max=0.000570059 rms=1.79842e-05 attn_score max=0.00157851 rms=nan index_kv max=0 rms=0 index_score max=0 rms=0 raw max=0.125 rms=0.00628417 rows=4
ds4: dspark batch state audit hybrid-vs-exact layer=26 n_comp 7/7 n_index 7/7 attn_kv max=0.0012809 rms=0.000206441 attn_score max=0.00929427 rms=0.00333619 index_kv max=0.00150335 rms=0.000244861 index_score max=0.0133464 rms=0.00320534 raw max=0.125 rms=0.00744124 rows=4
ds4: dspark batch state audit hybrid-vs-exact layer=27 n_comp 0/0 n_index 0/0 attn_kv max=0.000950964 rms=3.40438e-05 attn_score max=0.00296322 rms=nan index_kv max=0 rms=0 index_score max=0 rms=0 raw max=0.25 rms=0.0102623 rows=4
ds4: dspark batch state audit hybrid-vs-exact layer=28 n_comp 7/7 n_index 7/7 attn_kv max=0.00158952 rms=0.00026784 attn_score max=0.0113425 rms=0.00327815 index_kv max=0.00217256 rms=0.000336418 index_score max=0.0112617 rms=0.0033109 raw max=0.125 rms=0.00607248 rows=4
ds4: dspark batch state audit hybrid-vs-exact layer=29 n_comp 0/0 n_index 0/0 attn_kv max=0.00122171 rms=3.64349e-05 attn_score max=0.00330296 rms=nan index_kv max=0 rms=0 index_score max=0 rms=0 raw max=0.125 rms=0.00907715 rows=4
ds4: dspark batch state audit hybrid-vs-exact layer=30 n_comp 7/7 n_index 7/7 attn_kv max=0.0024102 rms=0.000291907 attn_score max=0.011066 rms=0.0019205 index_kv max=0.00217253 rms=0.000399388 index_score max=0.0119166 rms=0.00180423 raw max=0.0625 rms=0.00587279 rows=4
ds4: dspark batch state audit hybrid-vs-exact layer=31 n_comp 0/0 n_index 0/0 attn_kv max=0.000830173 rms=2.4469e-05 attn_score max=0.00153938 rms=nan index_kv max=0 rms=0 index_score max=0 rms=0 raw max=0.125 rms=0.00749861 rows=4
ds4: dspark batch state audit hybrid-vs-exact layer=32 n_comp 7/7 n_index 7/7 attn_kv max=0.00136039 rms=0.000216116 attn_score max=0.0163889 rms=0.00439043 index_kv max=0.00221574 rms=0.000287744 index_score max=0.0182689 rms=0.0041569 raw max=0.125 rms=0.00953057 rows=4
ds4: dspark batch state audit hybrid-vs-exact layer=33 n_comp 0/0 n_index 0/0 attn_kv max=0.00111585 rms=3.65266e-05 attn_score max=0.001987 rms=nan index_kv max=0 rms=0 index_score max=0 rms=0 raw max=0.125 rms=0.00804181 rows=4
ds4: dspark batch state audit hybrid-vs-exact layer=34 n_comp 7/7 n_index 7/7 attn_kv max=0.00337541 rms=0.00027116 attn_score max=0.0386019 rms=0.0103935 index_kv max=0.00263649 rms=0.000332149 index_score max=0.0376492 rms=0.0102379 raw max=0.125 rms=0.0100243 rows=4
ds4: dspark batch state audit hybrid-vs-exact layer=35 n_comp 0/0 n_index 0/0 attn_kv max=0.00256753 rms=5.24976e-05 attn_score max=0.0038296 rms=nan index_kv max=0 rms=0 index_score max=0 rms=0 raw max=0.25 rms=0.0129015 rows=4
ds4: dspark batch state audit hybrid-vs-exact layer=36 n_comp 7/7 n_index 7/7 attn_kv max=0.00164311 rms=0.000313217 attn_score max=0.0102781 rms=0.00182865 index_kv max=0.00163168 rms=0.000326607 index_score max=0.00999771 rms=0.00186584 raw max=0.125 rms=0.0102651 rows=4
ds4: dspark batch state audit hybrid-vs-exact layer=37 n_comp 0/0 n_index 0/0 attn_kv max=0.0080677 rms=7.17796e-05 attn_score max=0.0237679 rms=nan index_kv max=0 rms=0 index_score max=0 rms=0 raw max=0.125 rms=0.0142448 rows=4
ds4: dspark batch state audit hybrid-vs-exact layer=38 n_comp 7/7 n_index 7/7 attn_kv max=0.0136225 rms=0.00140021 attn_score max=0.0276697 rms=0.00529915 index_kv max=0.0165924 rms=0.00170761 index_score max=0.0314559 rms=0.00515411 raw max=0.25 rms=0.015195 rows=4
ds4: dspark batch state audit hybrid-vs-exact layer=39 n_comp 0/0 n_index 0/0 attn_kv max=0.0090184 rms=0.00022062 attn_score max=0.0252986 rms=nan index_kv max=0 rms=0 index_score max=0 rms=0 raw max=0.125 rms=0.0200244 rows=4
ds4: dspark batch state audit hybrid-vs-exact layer=40 n_comp 7/7 n_index 7/7 attn_kv max=0.018623 rms=0.00192099 attn_score max=0.197887 rms=0.0333607 index_kv max=0.0185211 rms=0.00239221 index_score max=0.187124 rms=0.0327747 raw max=0.25 rms=0.0263834 rows=4
ds4: dspark batch state audit hybrid-vs-exact layer=41 n_comp 0/0 n_index 0/0 attn_kv max=0.00915813 rms=0.000165318 attn_score max=0.0153579 rms=nan index_kv max=0 rms=0 index_score max=0 rms=0 raw max=0.25 rms=0.0213382 rows=4
ds4: dspark batch state audit hybrid-vs-exact layer=42 n_comp 7/7 n_index 7/7 attn_kv max=0.0132459 rms=0.000579456 attn_score max=0.0424625 rms=0.00343023 index_kv max=0.00720467 rms=0.000669267 index_score max=0.0407356 rms=0.00446978 raw max=0.125 rms=0.00924276 rows=4
ds4: dspark batch state audit hybrid-vs-exact final_hc row=3 max=1.30709 rms=0.140977
ds4: dspark batch state audit hybrid-vs-exact dspark_target_hidden start=25 rows=4 max=0.490326 rms=0.0555829
ds4: dspark batch state audit hybrid-vs-exact dspark_kv_cache layer=0 start=25 rows=4 max=0.125 rms=0.0166394
ds4: dspark batch state audit hybrid-vs-exact dspark_kv_cache layer=1 start=25 rows=4 max=0.25 rms=0.0234588
ds4: dspark batch state audit hybrid-vs-exact dspark_kv_cache layer=2 start=25 rows=4 max=0.25 rms=0.0254466
ds4: dspark batch state audit hybrid-vs-exact summary eps=1e-05 mismatch_layers=40 first_stage=raw-kv first_layer=3 first_max=6.10352e-05 first_rms=1.3917e-06 max=1.30709 final_hc_max=1.30709 decode_hc_max=0 dspark_hidden max=0.490326 rms=0.0555829 dspark_kv max=0.25 rms=0.0234588 raw_rows=4 mtp_n_raw 0/0
ds4: dspark hybrid verifier profile n=4 layers=43 exact_prefix=0.000 ms attention=58.479 ms row_ffn_pre=10.342 ms row_router=12.344 ms batch_router=11.806 ms row_routed=37.200 ms row_shared=11.923 ms batch_tail=11.750 ms target_hidden=1.390 ms head=1.491 ms read=0.024 ms total=156.826 ms
ds4: dspark hybrid audit prefix drafted=4 committed=2 state_count=2 prefix_slots=3
ds4: dspark hybrid layer q-rope audit decodeN-attn-ffn-batch eps=1e-05 first=2 row=1 idx=3 delta=1.02445e-05 h=0.0508426 e=0.0508323 max=8.51154e-05 rms=3.71953e-06 worst=22 row=3 idx=16867 worst_delta=0.0576811 h=-0.845039 e=-0.787358 worst_rms=0.00336267 layers=43 rows=4
ds4: dspark hybrid layer kv-cache-row audit decodeN-attn-ffn-batch eps=1e-05 first=2 row=1 idx=502 delta=1.63019e-05 h=-0.426518 e=-0.426534 max=1.63019e-05 rms=7.38606e-07 worst=16 row=2 idx=205 worst_delta=0.25 h=-2.25 e=-2 worst_rms=0.0120663 layers=43 rows=4
ds4: dspark hybrid layer attn-heads-raw audit decodeN-attn-ffn-batch eps=1e-05 first=1 row=0 idx=27612 delta=1.04904e-05 h=-5.62589 e=-5.6259 max=0.00116754 rms=4.52773e-06 worst=40 row=0 idx=22941 worst_delta=0.219776 h=2.44348 e=2.2237 worst_rms=0.00338675 layers=43 rows=4
ds4: dspark hybrid layer attn-heads audit decodeN-attn-ffn-batch eps=1e-05 first=1 row=0 idx=4572 delta=1.01328e-05 h=-1.73578 e=-1.73579 max=0.00131059 rms=4.52789e-06 worst=40 row=0 idx=22941 worst_delta=0.219776 h=2.44348 e=2.2237 worst_rms=0.00338675 layers=43 rows=4
ds4: dspark hybrid layer attn-out audit decodeN-attn-ffn-batch eps=1e-05 first=1 row=1 idx=1 delta=3.24249e-05 h=1.25538 e=1.25541 max=8.92207e-05 rms=1.18177e-05 worst=36 row=1 idx=2667 worst_delta=0.181217 h=0.215569 e=0.396786 worst_rms=0.0174237 layers=43 rows=4
ds4: dspark hybrid layer attn-HC audit decodeN-attn-ffn-batch eps=1e-05 first=5 row=2 idx=4104 delta=1.55419e-05 h=-0.135883 e=-0.135867 max=2.38866e-05 rms=2.13233e-06 worst=42 row=0 idx=6891 worst_delta=0.367292 h=-14.784 e=-15.1513 worst_rms=0.033222 layers=43 rows=4
ds4: dspark hybrid layer ffn-pre audit decodeN-attn-ffn-batch eps=1e-05 first=5 row=2 idx=8 delta=1.48192e-05 h=-0.122418 e=-0.122403 max=2.2456e-05 rms=3.65711e-06 worst=42 row=3 idx=2795 worst_delta=0.336173 h=-4.98657 e=-5.32274 worst_rms=0.0411936 layers=43 rows=4
ds4: dspark hybrid layer ffn-norm audit decodeN-attn-ffn-batch eps=1e-05 first=1 row=1 idx=2 delta=1.53035e-05 h=-0.118423 e=-0.118408 max=2.02358e-05 rms=2.62367e-06 worst=42 row=3 idx=2795 worst_delta=0.0187923 h=-0.279071 e=-0.297864 worst_rms=0.00305293 layers=43 rows=4
ds4: dspark hybrid layer routed-out audit decodeN-attn-ffn-batch eps=1e-05 first=1 row=1 idx=536 delta=1.05351e-05 h=0.0289783 e=0.0289677 max=1.05351e-05 rms=1.21122e-06 worst=42 row=1 idx=1870 worst_delta=0.0695305 h=-0.277185 e=-0.346715 worst_rms=0.0106502 layers=43 rows=4
ds4: dspark hybrid layer shared-out audit decodeN-attn-ffn-batch eps=1e-05 first=2 row=1 idx=699 delta=1.06469e-05 h=-0.121789 e=-0.121778 max=1.06469e-05 rms=1.39321e-06 worst=42 row=0 idx=1176 worst_delta=0.542786 h=142.074 e=142.617 worst_rms=0.0163587 layers=43 rows=4
ds4: dspark hybrid layer post-HC audit decodeN-attn-ffn-batch eps=1e-05 first=5 row=1 idx=4110 delta=1.01263e-05 h=0.00229107 e=0.00230119 max=3.90143e-05 rms=2.92979e-06 worst=42 row=3 idx=14484 worst_delta=0.458054 h=-144.119 e=-143.661 worst_rms=0.0344278 layers=43 rows=4
ds4: dspark hybrid first divergence audit decodeN-attn-ffn-batch stage=attn-heads-raw layer=1 row=0 idx=27612 delta=1.04904e-05 h=-5.62589 e=-5.6259 layer_max=0.00116754 layer_rms=4.52773e-06
ds4: dspark hybrid audit commit logits top hybrid=270 exact=270 margin hybrid=0.054 exact=0.063 max=0.14539 rms=0.0203352
ds4: dspark batch state audit hybrid-vs-exact layer=2 n_comp 8/8 n_index 8/8 attn_kv max=4.60818e-06 rms=6.51488e-07 attn_score max=1.89245e-05 rms=3.0005e-06 index_kv max=7.00355e-06 rms=9.12096e-07 index_score max=1.72853e-05 rms=2.78337e-06 raw max=9.53674e-07 rms=2.10734e-08 rows=4
ds4: dspark batch state audit hybrid-vs-exact layer=3 n_comp 0/0 n_index 0/0 attn_kv max=7.21216e-06 rms=1.26515e-07 attn_score max=1.32918e-05 rms=nan index_kv max=0 rms=0 index_score max=0 rms=0 raw max=6.10352e-05 rms=1.50789e-06 rows=4
ds4: dspark batch state audit hybrid-vs-exact layer=4 n_comp 8/8 n_index 8/8 attn_kv max=9.27597e-06 rms=1.12356e-06 attn_score max=2.95043e-05 rms=4.45845e-06 index_kv max=9.89437e-06 rms=1.40749e-06 index_score max=2.95639e-05 rms=4.6909e-06 raw max=3.05176e-05 rms=6.77927e-07 rows=4
ds4: dspark batch state audit hybrid-vs-exact layer=5 n_comp 0/0 n_index 0/0 attn_kv max=4.17233e-06 rms=9.59747e-08 attn_score max=1.41039e-05 rms=nan index_kv max=0 rms=0 index_score max=0 rms=0 raw max=0.0078125 rms=0.000173083 rows=4
ds4: dspark batch state audit hybrid-vs-exact layer=6 n_comp 8/8 n_index 8/8 attn_kv max=3.11136e-05 rms=5.05306e-06 attn_score max=8.06749e-05 rms=1.91221e-05 index_kv max=5.4121e-05 rms=5.6668e-06 index_score max=8.84533e-05 rms=2.03918e-05 raw max=0.015625 rms=0.00034664 rows=4
ds4: dspark batch state audit hybrid-vs-exact layer=7 n_comp 0/0 n_index 0/0 attn_kv max=3.91901e-05 rms=1.21156e-06 attn_score max=0.000109375 rms=nan index_kv max=0 rms=0 index_score max=0 rms=0 raw max=0.03125 rms=0.000715786 rows=4
ds4: dspark batch state audit hybrid-vs-exact layer=8 n_comp 8/8 n_index 8/8 attn_kv max=0.000233054 rms=2.4769e-05 attn_score max=0.000883102 rms=0.000190576 index_kv max=0.000232339 rms=3.28282e-05 index_score max=0.000899792 rms=0.000194929 raw max=0.03125 rms=0.00113654 rows=4
ds4: dspark batch state audit hybrid-vs-exact layer=9 n_comp 0/0 n_index 0/0 attn_kv max=6.62878e-05 rms=2.73241e-06 attn_score max=0.000318155 rms=nan index_kv max=0 rms=0 index_score max=0 rms=0 raw max=0.03125 rms=0.000904598 rows=4
ds4: dspark batch state audit hybrid-vs-exact layer=10 n_comp 8/8 n_index 8/8 attn_kv max=0.00028041 rms=3.49573e-05 attn_score max=0.000930071 rms=0.000211722 index_kv max=0.00066942 rms=4.75412e-05 index_score max=0.000942707 rms=0.000213877 raw max=0.0625 rms=0.00214213 rows=4
ds4: dspark batch state audit hybrid-vs-exact layer=11 n_comp 0/0 n_index 0/0 attn_kv max=0.000215873 rms=7.36405e-06 attn_score max=0.000537694 rms=nan index_kv max=0 rms=0 index_score max=0 rms=0 raw max=0.125 rms=0.00505251 rows=4
ds4: dspark batch state audit hybrid-vs-exact layer=12 n_comp 8/8 n_index 8/8 attn_kv max=0.00143192 rms=0.00016376 attn_score max=0.00309873 rms=0.000756807 index_kv max=0.00247717 rms=0.000213809 index_score max=0.00301123 rms=0.000730195 raw max=0.125 rms=0.00670834 rows=4
ds4: dspark batch state audit hybrid-vs-exact layer=13 n_comp 0/0 n_index 0/0 attn_kv max=0.000503838 rms=2.08996e-05 attn_score max=0.000709116 rms=nan index_kv max=0 rms=0 index_score max=0 rms=0 raw max=0.125 rms=0.00645791 rows=4
ds4: dspark batch state audit hybrid-vs-exact layer=14 n_comp 8/8 n_index 8/8 attn_kv max=0.00254011 rms=0.000244085 attn_score max=0.010116 rms=0.00196479 index_kv max=0.00213706 rms=0.000361941 index_score max=0.00998187 rms=0.00184995 raw max=0.125 rms=0.00680388 rows=4
ds4: dspark batch state audit hybrid-vs-exact layer=15 n_comp 0/0 n_index 0/0 attn_kv max=0.00128497 rms=3.85137e-05 attn_score max=0.00321424 rms=nan index_kv max=0 rms=0 index_score max=0 rms=0 raw max=0.125 rms=0.00754057 rows=4
ds4: dspark batch state audit hybrid-vs-exact layer=16 n_comp 8/8 n_index 8/8 attn_kv max=0.00194386 rms=0.000323327 attn_score max=0.0074935 rms=0.00256927 index_kv max=0.00255764 rms=0.000489534 index_score max=0.00796747 rms=0.00251332 raw max=0.25 rms=0.012067 rows=4
ds4: dspark batch state audit hybrid-vs-exact layer=17 n_comp 0/0 n_index 0/0 attn_kv max=0.00373346 rms=0.00012532 attn_score max=0.00945973 rms=nan index_kv max=0 rms=0 index_score max=0 rms=0 raw max=0.25 rms=0.0100998 rows=4
ds4: dspark batch state audit hybrid-vs-exact layer=18 n_comp 8/8 n_index 8/8 attn_kv max=0.00214937 rms=0.000243516 attn_score max=0.0136955 rms=0.0026027 index_kv max=0.00329113 rms=0.000359451 index_score max=0.0155826 rms=0.00251696 raw max=0.125 rms=0.0104998 rows=4
ds4: dspark batch state audit hybrid-vs-exact layer=19 n_comp 0/0 n_index 0/0 attn_kv max=0.00191854 rms=4.42251e-05 attn_score max=0.00367132 rms=nan index_kv max=0 rms=0 index_score max=0 rms=0 raw max=0.125 rms=0.0117136 rows=4
ds4: dspark batch state audit hybrid-vs-exact layer=20 n_comp 8/8 n_index 8/8 attn_kv max=0.0045564 rms=0.000416814 attn_score max=0.0166467 rms=0.00382267 index_kv max=0.00440726 rms=0.00056336 index_score max=0.023876 rms=0.00387954 raw max=0.125 rms=0.0124474 rows=4
ds4: dspark batch state audit hybrid-vs-exact layer=21 n_comp 0/0 n_index 0/0 attn_kv max=0.00156024 rms=4.47343e-05 attn_score max=0.00259513 rms=nan index_kv max=0 rms=0 index_score max=0 rms=0 raw max=0.125 rms=0.0110061 rows=4
ds4: dspark batch state audit hybrid-vs-exact layer=22 n_comp 8/8 n_index 8/8 attn_kv max=0.00589824 rms=0.000499701 attn_score max=0.0250096 rms=0.00444332 index_kv max=0.00654984 rms=0.00079771 index_score max=0.0271769 rms=0.00436045 raw max=0.125 rms=0.0101582 rows=4
ds4: dspark batch state audit hybrid-vs-exact layer=23 n_comp 0/0 n_index 0/0 attn_kv max=0.00199211 rms=8.10565e-05 attn_score max=0.00328566 rms=nan index_kv max=0 rms=0 index_score max=0 rms=0 raw max=0.25 rms=0.0140296 rows=4
ds4: dspark batch state audit hybrid-vs-exact layer=24 n_comp 8/8 n_index 8/8 attn_kv max=0.00325638 rms=0.000441235 attn_score max=0.0122908 rms=0.00236123 index_kv max=0.00438666 rms=0.000536244 index_score max=0.0138326 rms=0.00229049 raw max=0.125 rms=0.00787169 rows=4
ds4: dspark batch state audit hybrid-vs-exact layer=25 n_comp 0/0 n_index 0/0 attn_kv max=0.000501134 rms=2.00198e-05 attn_score max=0.00174576 rms=nan index_kv max=0 rms=0 index_score max=0 rms=0 raw max=0.125 rms=0.00721367 rows=4
ds4: dspark batch state audit hybrid-vs-exact layer=26 n_comp 8/8 n_index 8/8 attn_kv max=0.00208269 rms=0.000233464 attn_score max=0.0117714 rms=0.00263726 index_kv max=0.00154483 rms=0.000269074 index_score max=0.0146425 rms=0.00258921 raw max=0.25 rms=0.00973006 rows=4
ds4: dspark batch state audit hybrid-vs-exact layer=27 n_comp 0/0 n_index 0/0 attn_kv max=0.00115561 rms=4.03034e-05 attn_score max=0.00273263 rms=nan index_kv max=0 rms=0 index_score max=0 rms=0 raw max=0.125 rms=0.0101724 rows=4
ds4: dspark batch state audit hybrid-vs-exact layer=28 n_comp 8/8 n_index 8/8 attn_kv max=0.00196606 rms=0.000301722 attn_score max=0.0110092 rms=0.00325874 index_kv max=0.00155324 rms=0.000359628 index_score max=0.0120871 rms=0.00334959 raw max=0.125 rms=0.00773313 rows=4
ds4: dspark batch state audit hybrid-vs-exact layer=29 n_comp 0/0 n_index 0/0 attn_kv max=0.00162431 rms=4.18557e-05 attn_score max=0.0041644 rms=nan index_kv max=0 rms=0 index_score max=0 rms=0 raw max=0.125 rms=0.00978828 rows=4
ds4: dspark batch state audit hybrid-vs-exact layer=30 n_comp 8/8 n_index 8/8 attn_kv max=0.0015412 rms=0.000288117 attn_score max=0.013057 rms=0.00265944 index_kv max=0.00169125 rms=0.000374124 index_score max=0.0129883 rms=0.00239221 raw max=0.25 rms=0.00776642 rows=4
ds4: dspark batch state audit hybrid-vs-exact layer=31 n_comp 0/0 n_index 0/0 attn_kv max=0.000798747 rms=2.96103e-05 attn_score max=0.00391042 rms=nan index_kv max=0 rms=0 index_score max=0 rms=0 raw max=0.25 rms=0.0111746 rows=4
ds4: dspark batch state audit hybrid-vs-exact layer=32 n_comp 8/8 n_index 8/8 attn_kv max=0.0019692 rms=0.000224773 attn_score max=0.026003 rms=0.00511708 index_kv max=0.00246674 rms=0.000293502 index_score max=0.0239127 rms=0.0048589 raw max=0.25 rms=0.0105548 rows=4
ds4: dspark batch state audit hybrid-vs-exact layer=33 n_comp 0/0 n_index 0/0 attn_kv max=0.00110171 rms=3.82759e-05 attn_score max=0.0019989 rms=nan index_kv max=0 rms=0 index_score max=0 rms=0 raw max=0.125 rms=0.00991947 rows=4
ds4: dspark batch state audit hybrid-vs-exact layer=34 n_comp 8/8 n_index 8/8 attn_kv max=0.00217861 rms=0.000304523 attn_score max=0.033196 rms=0.00814146 index_kv max=0.00196391 rms=0.000343382 index_score max=0.032856 rms=0.0079989 raw max=0.125 rms=0.0102103 rows=4
ds4: dspark batch state audit hybrid-vs-exact layer=35 n_comp 0/0 n_index 0/0 attn_kv max=0.0015233 rms=5.87346e-05 attn_score max=0.00260723 rms=nan index_kv max=0 rms=0 index_score max=0 rms=0 raw max=0.25 rms=0.0138543 rows=4
ds4: dspark batch state audit hybrid-vs-exact layer=36 n_comp 8/8 n_index 8/8 attn_kv max=0.00424457 rms=0.000341568 attn_score max=0.016529 rms=0.00248979 index_kv max=0.00348708 rms=0.000373916 index_score max=0.0161767 rms=0.00253034 raw max=0.125 rms=0.0105776 rows=4
ds4: dspark batch state audit hybrid-vs-exact layer=37 n_comp 0/0 n_index 0/0 attn_kv max=0.0016374 rms=3.08528e-05 attn_score max=0.00455189 rms=nan index_kv max=0 rms=0 index_score max=0 rms=0 raw max=0.125 rms=0.00793627 rows=4
ds4: dspark batch state audit hybrid-vs-exact layer=38 n_comp 8/8 n_index 8/8 attn_kv max=0.0121589 rms=0.000862563 attn_score max=0.0337021 rms=0.00820125 index_kv max=0.0124741 rms=0.00114813 index_score max=0.0349481 rms=0.008276 raw max=0.25 rms=0.0114519 rows=4
ds4: dspark batch state audit hybrid-vs-exact layer=39 n_comp 0/0 n_index 0/0 attn_kv max=0.00314458 rms=6.73654e-05 attn_score max=0.00723183 rms=nan index_kv max=0 rms=0 index_score max=0 rms=0 raw max=0.125 rms=0.0122368 rows=4
ds4: dspark batch state audit hybrid-vs-exact layer=40 n_comp 8/8 n_index 8/8 attn_kv max=0.00676289 rms=0.000816944 attn_score max=0.0511856 rms=0.0104857 index_kv max=0.00752085 rms=0.00114134 index_score max=0.0490694 rms=0.010303 raw max=0.25 rms=0.0181855 rows=4
ds4: dspark batch state audit hybrid-vs-exact layer=41 n_comp 0/0 n_index 0/0 attn_kv max=0.0015727 rms=5.49684e-05 attn_score max=0.00723892 rms=nan index_kv max=0 rms=0 index_score max=0 rms=0 raw max=0.125 rms=0.0131211 rows=4
ds4: dspark batch state audit hybrid-vs-exact layer=42 n_comp 8/8 n_index 8/8 attn_kv max=0.00476161 rms=0.000427887 attn_score max=0.0149063 rms=0.0026405 index_kv max=0.00343915 rms=0.000513745 index_score max=0.0150096 rms=0.0034892 raw max=0.125 rms=0.00801903 rows=4
ds4: dspark batch state audit hybrid-vs-exact final_hc row=3 max=0.458054 rms=0.0362511
ds4: dspark batch state audit hybrid-vs-exact dspark_target_hidden start=30 rows=2 max=0.127981 rms=0.021374
ds4: dspark batch state audit hybrid-vs-exact dspark_kv_cache layer=0 start=30 rows=2 max=0.125 rms=0.013723
ds4: dspark batch state audit hybrid-vs-exact dspark_kv_cache layer=1 start=30 rows=2 max=0.125 rms=0.0167403
ds4: dspark batch state audit hybrid-vs-exact dspark_kv_cache layer=2 start=30 rows=2 max=0.25 rms=0.0241511
ds4: dspark batch state audit hybrid-vs-exact summary eps=1e-05 mismatch_layers=41 first_stage=attn-score first_layer=2 first_max=1.89245e-05 first_rms=3.0005e-06 max=0.458054 final_hc_max=0.458054 decode_hc_max=0 dspark_hidden max=0.127981 rms=0.021374 dspark_kv max=0.25 rms=0.0241511 raw_rows=4 mtp_n_raw 0/0
ds4: dspark hybrid verifier profile n=4 layers=43 exact_prefix=0.000 ms attention=56.211 ms row_ffn_pre=10.354 ms row_router=12.958 ms batch_router=11.865 ms row_routed=35.083 ms row_shared=12.291 ms batch_tail=11.319 ms target_hidden=1.479 ms head=1.485 ms read=0.026 ms total=153.154 ms
ds4: dspark hybrid audit prefix drafted=4 committed=1 state_count=1 prefix_slots=3
ds4: dspark hybrid layer q-rope audit decodeN-attn-ffn-batch eps=1e-05 first=2 row=2 idx=25644 delta=1.14441e-05 h=-6.20667 e=-6.20668 max=1.32322e-05 rms=1.22643e-06 worst=34 row=1 idx=32759 worst_delta=0.22712 h=0.663293 e=0.890413 worst_rms=0.0169434 layers=43 rows=4
ds4: dspark hybrid layer kv-cache-row audit decodeN-attn-ffn-batch eps=1e-05 first=2 row=3 idx=387 delta=6.10352e-05 h=-0.000549316 e=-0.000610352 max=6.10352e-05 rms=1.3718e-06 worst=20 row=0 idx=393 worst_delta=0.25 h=2.25 e=2.5 worst_rms=0.0129861 layers=43 rows=4
ds4: dspark hybrid layer attn-heads-raw audit decodeN-attn-ffn-batch eps=1e-05 first=1 row=0 idx=5084 delta=1.23978e-05 h=-5.39156 e=-5.39154 max=5.96046e-05 rms=8.2221e-07 worst=39 row=2 idx=20307 worst_delta=0.244477 h=-2.22074 e=-1.97626 worst_rms=0.0108228 layers=43 rows=4
ds4: dspark hybrid layer attn-heads audit decodeN-attn-ffn-batch eps=1e-05 first=1 row=0 idx=5084 delta=1.57356e-05 h=-6.36517 e=-6.36515 max=5.72205e-05 rms=8.22394e-07 worst=39 row=2 idx=20307 worst_delta=0.244477 h=-2.22074 e=-1.97626 worst_rms=0.0108228 layers=43 rows=4
ds4: dspark hybrid layer attn-out audit decodeN-attn-ffn-batch eps=1e-05 first=1 row=0 idx=763 delta=1.04904e-05 h=-2.23281 e=-2.2328 max=2.34246e-05 rms=4.4543e-06 worst=41 row=1 idx=2795 worst_delta=0.712874 h=2.70193 e=1.98906 worst_rms=0.0430966 layers=43 rows=4
ds4: dspark hybrid layer attn-HC audit decodeN-attn-ffn-batch eps=1e-05 first=6 row=3 idx=4386 delta=4.22001e-05 h=-0.817783 e=-0.817741 max=4.22001e-05 rms=7.10197e-07 worst=33 row=1 idx=9150 worst_delta=1.14366 h=3.26607 e=2.12241 worst_rms=0.0857107 layers=43 rows=4
ds4: dspark hybrid layer ffn-pre audit decodeN-attn-ffn-batch eps=1e-05 first=6 row=3 idx=290 delta=4.03523e-05 h=-0.749175 e=-0.749134 max=4.03523e-05 rms=1.10588e-06 worst=41 row=1 idx=1638 worst_delta=1.27075 h=1.39068 e=0.119933 worst_rms=0.159818 layers=43 rows=4
ds4: dspark hybrid layer ffn-norm audit decodeN-attn-ffn-batch eps=1e-05 first=5 row=0 idx=27 delta=1.52513e-05 h=-0.0279978 e=-0.0280131 max=2.46614e-05 rms=4.18845e-06 worst=25 row=1 idx=2728 worst_delta=0.237014 h=0.59386 e=0.356846 worst_rms=0.0296147 layers=43 rows=4
ds4: dspark hybrid layer routed-out audit decodeN-attn-ffn-batch eps=1e-05 first=5 row=2 idx=25 delta=1.04159e-05 h=-0.074287 e=-0.0742766 max=1.4022e-05 rms=2.56991e-06 worst=28 row=1 idx=180 worst_delta=0.581018 h=-0.720358 e=-0.139341 worst_rms=0.0639611 layers=43 rows=4
ds4: dspark hybrid layer shared-out audit decodeN-attn-ffn-batch eps=1e-05 first=5 row=2 idx=699 delta=1.02818e-05 h=0.165805 e=0.165794 max=1.56462e-05 rms=1.13276e-06 worst=42 row=1 idx=3077 worst_delta=0.592335 h=-7.5332 e=-8.12554 worst_rms=0.0312873 layers=43 rows=4
ds4: dspark hybrid layer post-HC audit decodeN-attn-ffn-batch eps=1e-05 first=6 row=3 idx=290 delta=1.26958e-05 h=-0.529521 e=-0.529509 max=4.76837e-05 rms=7.72867e-07 worst=42 row=1 idx=15365 worst_delta=1.15542 h=-1.66596 e=-2.82138 worst_rms=0.121456 layers=43 rows=4
ds4: dspark hybrid first divergence audit decodeN-attn-ffn-batch stage=attn-heads-raw layer=1 row=0 idx=5084 delta=1.23978e-05 h=-5.39156 e=-5.39154 layer_max=5.96046e-05 layer_rms=8.2221e-07
ds4: dspark hybrid audit top mismatch row=2 hybrid=8068 exact=16453 draft_next=16453
ds4: dspark hybrid audit commit logits top hybrid=9963 exact=9963 margin hybrid=0.305 exact=0.281 max=0.170679 rms=0.0276448
ds4: dspark batch state audit hybrid-vs-exact layer=2 n_comp 9/9 n_index 9/9 attn_kv max=1.11014e-06 rms=1.49636e-07 attn_score max=1.78814e-06 rms=3.22965e-07 index_kv max=1.32248e-06 rms=1.75913e-07 index_score max=2.38419e-06 rms=3.82968e-07 raw max=6.10352e-05 rms=1.34874e-06 rows=4
ds4: dspark batch state audit hybrid-vs-exact layer=4 n_comp 9/9 n_index 9/9 attn_kv max=2.23517e-06 rms=4.20696e-07 attn_score max=1.00136e-05 rms=2.10359e-06 index_kv max=3.09944e-06 rms=5.61726e-07 index_score max=1.12057e-05 rms=2.23528e-06 raw max=0.00012207 rms=2.69781e-06 rows=4
ds4: dspark batch state audit hybrid-vs-exact layer=5 n_comp 0/0 n_index 0/0 attn_kv max=1.22935e-06 rms=4.03844e-08 attn_score max=3.12924e-06 rms=nan index_kv max=0 rms=0 index_score max=0 rms=0 raw max=0.000488281 rms=1.07897e-05 rows=4
ds4: dspark batch state audit hybrid-vs-exact layer=6 n_comp 9/9 n_index 9/9 attn_kv max=7.53254e-06 rms=1.16698e-06 attn_score max=3.84152e-05 rms=1.05691e-05 index_kv max=1.12057e-05 rms=1.374e-06 index_score max=4.19617e-05 rms=1.05841e-05 raw max=0.000488281 rms=1.15488e-05 rows=4
ds4: dspark batch state audit hybrid-vs-exact layer=7 n_comp 0/0 n_index 0/0 attn_kv max=4.35114e-06 rms=1.2961e-07 attn_score max=7.98702e-06 rms=nan index_kv max=0 rms=0 index_score max=0 rms=0 raw max=0.000488281 rms=1.33894e-05 rows=4
ds4: dspark batch state audit hybrid-vs-exact layer=8 n_comp 9/9 n_index 9/9 attn_kv max=1.75387e-05 rms=2.19713e-06 attn_score max=5.9098e-05 rms=1.14376e-05 index_kv max=1.32173e-05 rms=2.68884e-06 index_score max=5.42849e-05 rms=1.17146e-05 raw max=0.015625 rms=0.000345496 rows=4
ds4: dspark batch state audit hybrid-vs-exact layer=9 n_comp 0/0 n_index 0/0 attn_kv max=2.80365e-05 rms=7.49351e-07 attn_score max=3.66457e-05 rms=nan index_kv max=0 rms=0 index_score max=0 rms=0 raw max=0.03125 rms=0.000847527 rows=4
ds4: dspark batch state audit hybrid-vs-exact layer=10 n_comp 9/9 n_index 9/9 attn_kv max=0.000261042 rms=4.45308e-05 attn_score max=0.000666916 rms=0.000108835 index_kv max=0.000525832 rms=5.57993e-05 index_score max=0.00050199 rms=0.000106998 raw max=0.0625 rms=0.00234999 rows=4
ds4: dspark batch state audit hybrid-vs-exact layer=11 n_comp 0/0 n_index 0/0 attn_kv max=0.000221256 rms=5.92983e-06 attn_score max=0.000443816 rms=nan index_kv max=0 rms=0 index_score max=0 rms=0 raw max=0.0625 rms=0.00254712 rows=4
ds4: dspark batch state audit hybrid-vs-exact layer=12 n_comp 9/9 n_index 9/9 attn_kv max=0.000346303 rms=6.66723e-05 attn_score max=0.00134945 rms=0.000391657 index_kv max=0.00106812 rms=8.99635e-05 index_score max=0.0016005 rms=0.000383835 raw max=0.125 rms=0.00375281 rows=4
ds4: dspark batch state audit hybrid-vs-exact layer=13 n_comp 0/0 n_index 0/0 attn_kv max=0.00041911 rms=1.02075e-05 attn_score max=0.000407882 rms=nan index_kv max=0 rms=0 index_score max=0 rms=0 raw max=0.125 rms=0.00606836 rows=4
ds4: dspark batch state audit hybrid-vs-exact layer=14 n_comp 9/9 n_index 9/9 attn_kv max=0.00372392 rms=0.000213939 attn_score max=0.0150811 rms=0.0036139 index_kv max=0.00354719 rms=0.000319431 index_score max=0.016907 rms=0.00338972 raw max=0.125 rms=0.00599535 rows=4
ds4: dspark batch state audit hybrid-vs-exact layer=15 n_comp 0/0 n_index 0/0 attn_kv max=0.0011355 rms=2.95246e-05 attn_score max=0.00262821 rms=nan index_kv max=0 rms=0 index_score max=0 rms=0 raw max=0.125 rms=0.00699982 rows=4
ds4: dspark batch state audit hybrid-vs-exact layer=16 n_comp 9/9 n_index 9/9 attn_kv max=0.00160331 rms=0.000332488 attn_score max=0.00685883 rms=0.00279866 index_kv max=0.00295225 rms=0.000529826 index_score max=0.00790501 rms=0.0028167 raw max=0.125 rms=0.00888602 rows=4
ds4: dspark batch state audit hybrid-vs-exact layer=17 n_comp 0/0 n_index 0/0 attn_kv max=0.00184142 rms=6.91271e-05 attn_score max=0.00528552 rms=nan index_kv max=0 rms=0 index_score max=0 rms=0 raw max=0.125 rms=0.00847479 rows=4
ds4: dspark batch state audit hybrid-vs-exact layer=18 n_comp 9/9 n_index 9/9 attn_kv max=0.00110963 rms=0.000195844 attn_score max=0.00517827 rms=0.00137724 index_kv max=0.00134262 rms=0.000283001 index_score max=0.00470006 rms=0.0013345 raw max=0.125 rms=0.00670692 rows=4
ds4: dspark batch state audit hybrid-vs-exact layer=19 n_comp 0/0 n_index 0/0 attn_kv max=0.00110215 rms=2.87368e-05 attn_score max=0.00282526 rms=nan index_kv max=0 rms=0 index_score max=0 rms=0 raw max=0.125 rms=0.010658 rows=4
ds4: dspark batch state audit hybrid-vs-exact layer=20 n_comp 9/9 n_index 9/9 attn_kv max=0.00220118 rms=0.000379451 attn_score max=0.0103168 rms=0.00332257 index_kv max=0.00224239 rms=0.000498373 index_score max=0.0142038 rms=0.00334681 raw max=0.25 rms=0.0129878 rows=4
ds4: dspark batch state audit hybrid-vs-exact layer=21 n_comp 0/0 n_index 0/0 attn_kv max=0.00140151 rms=3.42237e-05 attn_score max=0.00306925 rms=nan index_kv max=0 rms=0 index_score max=0 rms=0 raw max=0.125 rms=0.0112881 rows=4
ds4: dspark batch state audit hybrid-vs-exact layer=22 n_comp 9/9 n_index 9/9 attn_kv max=0.00474931 rms=0.00057019 attn_score max=0.0170765 rms=0.00454649 index_kv max=0.00782514 rms=0.000979531 index_score max=0.0165472 rms=0.00442326 raw max=0.125 rms=0.0104486 rows=4
ds4: dspark batch state audit hybrid-vs-exact layer=23 n_comp 0/0 n_index 0/0 attn_kv max=0.00290263 rms=7.26412e-05 attn_score max=0.00273246 rms=nan index_kv max=0 rms=0 index_score max=0 rms=0 raw max=0.25 rms=0.0178614 rows=4
ds4: dspark batch state audit hybrid-vs-exact layer=24 n_comp 9/9 n_index 9/9 attn_kv max=0.00278127 rms=0.000478569 attn_score max=0.0186825 rms=0.00536558 index_kv max=0.00301905 rms=0.000593028 index_score max=0.016243 rms=0.00549836 raw max=0.0625 rms=0.00529766 rows=4
ds4: dspark batch state audit hybrid-vs-exact layer=25 n_comp 0/0 n_index 0/0 attn_kv max=0.000526354 rms=1.68578e-05 attn_score max=0.00199369 rms=nan index_kv max=0 rms=0 index_score max=0 rms=0 raw max=0.125 rms=0.00669132 rows=4
ds4: dspark batch state audit hybrid-vs-exact layer=26 n_comp 9/9 n_index 9/9 attn_kv max=0.0244631 rms=0.00218511 attn_score max=0.0552154 rms=0.0147695 index_kv max=0.0329669 rms=0.00269917 index_score max=0.0949468 rms=0.0152111 raw max=0.25 rms=0.0249198 rows=4
ds4: dspark batch state audit hybrid-vs-exact layer=27 n_comp 0/0 n_index 0/0 attn_kv max=0.00346126 rms=6.83614e-05 attn_score max=0.00443107 rms=nan index_kv max=0 rms=0 index_score max=0 rms=0 raw max=0.25 rms=0.0163914 rows=4
ds4: dspark batch state audit hybrid-vs-exact layer=28 n_comp 9/9 n_index 9/9 attn_kv max=0.00975579 rms=0.00121956 attn_score max=0.0228339 rms=0.00507592 index_kv max=0.00907296 rms=0.00133611 index_score max=0.0321534 rms=0.00525506 raw max=0.25 rms=0.0169931 rows=4
ds4: dspark batch state audit hybrid-vs-exact layer=29 n_comp 0/0 n_index 0/0 attn_kv max=0.0123357 rms=0.000174964 attn_score max=0.0201826 rms=nan index_kv max=0 rms=0 index_score max=0 rms=0 raw max=0.25 rms=0.0179026 rows=4
ds4: dspark batch state audit hybrid-vs-exact layer=30 n_comp 9/9 n_index 9/9 attn_kv max=0.00713408 rms=0.00114801 attn_score max=0.0310943 rms=0.00708237 index_kv max=0.00935662 rms=0.00157275 index_score max=0.0265661 rms=0.00630842 raw max=0.125 rms=0.0118636 rows=4
ds4: dspark batch state audit hybrid-vs-exact layer=31 n_comp 0/0 n_index 0/0 attn_kv max=0.0089713 rms=0.000218425 attn_score max=0.015105 rms=nan index_kv max=0 rms=0 index_score max=0 rms=0 raw max=0.25 rms=0.0236713 rows=4
ds4: dspark batch state audit hybrid-vs-exact layer=32 n_comp 9/9 n_index 9/9 attn_kv max=0.0138536 rms=0.00202575 attn_score max=0.0533828 rms=0.0160048 index_kv max=0.0171047 rms=0.00238316 index_score max=0.0472538 rms=0.0153769 raw max=0.125 rms=0.0193749 rows=4
ds4: dspark batch state audit hybrid-vs-exact layer=33 n_comp 0/0 n_index 0/0 attn_kv max=0.00668839 rms=0.000195796 attn_score max=0.0166775 rms=nan index_kv max=0 rms=0 index_score max=0 rms=0 raw max=0.25 rms=0.0243242 rows=4
ds4: dspark batch state audit hybrid-vs-exact layer=34 n_comp 9/9 n_index 9/9 attn_kv max=0.0334822 rms=0.00372928 attn_score max=0.143627 rms=0.0370171 index_kv max=0.0354353 rms=0.00424663 index_score max=0.14191 rms=0.0364383 raw max=0.25 rms=0.0326535 rows=4
ds4: dspark batch state audit hybrid-vs-exact layer=35 n_comp 0/0 n_index 0/0 attn_kv max=0.0163201 rms=0.000403332 attn_score max=0.016925 rms=nan index_kv max=0 rms=0 index_score max=0 rms=0 raw max=0.25 rms=0.0314059 rows=4
ds4: dspark batch state audit hybrid-vs-exact layer=36 n_comp 9/9 n_index 9/9 attn_kv max=0.0175634 rms=0.00168132 attn_score max=0.0406435 rms=0.00853724 index_kv max=0.0147673 rms=0.00177414 index_score max=0.0413965 rms=0.00896239 raw max=0.125 rms=0.0210168 rows=4
ds4: dspark batch state audit hybrid-vs-exact layer=37 n_comp 0/0 n_index 0/0 attn_kv max=0.0100173 rms=0.000142118 attn_score max=0.0182451 rms=nan index_kv max=0 rms=0 index_score max=0 rms=0 raw max=0.25 rms=0.0213648 rows=4
ds4: dspark batch state audit hybrid-vs-exact layer=38 n_comp 9/9 n_index 9/9 attn_kv max=0.0205375 rms=0.00290937 attn_score max=0.0617433 rms=0.0123953 index_kv max=0.0473495 rms=0.00371266 index_score max=0.0464346 rms=0.0113405 raw max=0.125 rms=0.0187956 rows=4
ds4: dspark batch state audit hybrid-vs-exact layer=39 n_comp 0/0 n_index 0/0 attn_kv max=0.0115169 rms=0.000303931 attn_score max=0.025555 rms=nan index_kv max=0 rms=0 index_score max=0 rms=0 raw max=0.25 rms=0.0267067 rows=4
ds4: dspark batch state audit hybrid-vs-exact layer=40 n_comp 9/9 n_index 9/9 attn_kv max=0.0179254 rms=0.00285778 attn_score max=0.121938 rms=0.0236509 index_kv max=0.0236839 rms=0.00382783 index_score max=0.111193 rms=0.0233296 raw max=0.25 rms=0.0315758 rows=4
ds4: dspark batch state audit hybrid-vs-exact layer=41 n_comp 0/0 n_index 0/0 attn_kv max=0.00674089 rms=0.000204397 attn_score max=0.0174295 rms=nan index_kv max=0 rms=0 index_score max=0 rms=0 raw max=0.25 rms=0.0242559 rows=4
ds4: dspark batch state audit hybrid-vs-exact layer=42 n_comp 9/9 n_index 9/9 attn_kv max=0.0113106 rms=0.00126256 attn_score max=0.0463684 rms=0.00571833 index_kv max=0.00871997 rms=0.00146719 index_score max=0.0295647 rms=0.0067979 raw max=0.125 rms=0.0128387 rows=4
ds4: dspark batch state audit hybrid-vs-exact final_hc row=3 max=0.853287 rms=0.0542612
ds4: dspark batch state audit hybrid-vs-exact dspark_target_hidden start=33 rows=1 max=0.131168 rms=0.0169187
ds4: dspark batch state audit hybrid-vs-exact dspark_kv_cache layer=0 start=33 rows=1 max=0.125 rms=0.0100778
ds4: dspark batch state audit hybrid-vs-exact dspark_kv_cache layer=1 start=33 rows=1 max=0.125 rms=0.00932558
ds4: dspark batch state audit hybrid-vs-exact dspark_kv_cache layer=2 start=33 rows=1 max=0.125 rms=0.0140233
ds4: dspark batch state audit hybrid-vs-exact summary eps=1e-05 mismatch_layers=40 first_stage=raw-kv first_layer=2 first_max=6.10352e-05 first_rms=1.34874e-06 max=0.853287 final_hc_max=0.853287 decode_hc_max=0 dspark_hidden max=0.131168 rms=0.0169187 dspark_kv max=0.125 rms=0.0100778 raw_rows=4 mtp_n_raw 0/0
ds4: dspark hybrid verifier profile n=4 layers=43 exact_prefix=0.000 ms attention=56.513 ms row_ffn_pre=10.503 ms row_router=12.209 ms batch_router=12.145 ms row_routed=35.641 ms row_shared=12.258 ms batch_tail=11.459 ms target_hidden=1.401 ms head=1.446 ms read=0.011 ms total=153.658 ms
ds4: dspark hybrid audit prefix drafted=4 committed=1 state_count=1 prefix_slots=3
ds4: dspark hybrid layer q-rope audit decodeN-attn-ffn-batch eps=1e-05 first=3 row=0 idx=1990 delta=1.4782e-05 h=-1.49439 e=-1.49441 max=3.67165e-05 rms=2.16796e-06 worst=22 row=3 idx=32730 worst_delta=0.371716 h=-8.95568 e=-9.32739 worst_rms=0.0209459 layers=43 rows=4
ds4: dspark hybrid layer kv-cache-row audit decodeN-attn-ffn-batch eps=1e-05 first=5 row=0 idx=455 delta=1.50204e-05 h=-1.16622 e=-1.16624 max=0.00390625 rms=8.9254e-05 worst=19 row=1 idx=283 worst_delta=0.25 h=2.25 e=2 worst_rms=0.0120976 layers=43 rows=4
ds4: dspark hybrid layer attn-heads-raw audit decodeN-attn-ffn-batch eps=1e-05 first=1 row=0 idx=21440 delta=1.19209e-05 h=0.566222 e=0.56621 max=2.00272e-05 rms=3.3948e-07 worst=41 row=1 idx=31024 worst_delta=0.436914 h=-3.66361 e=-3.22669 worst_rms=0.0170391 layers=43 rows=4
ds4: dspark hybrid layer attn-heads audit decodeN-attn-ffn-batch eps=1e-05 first=1 row=0 idx=21441 delta=1.17421e-05 h=0.60881 e=0.608798 max=2.71797e-05 rms=3.39415e-07 worst=41 row=1 idx=31024 worst_delta=0.436914 h=-3.66361 e=-3.22669 worst_rms=0.0170391 layers=43 rows=4
ds4: dspark hybrid layer attn-out audit decodeN-attn-ffn-batch eps=1e-05 first=2 row=0 idx=0 delta=1.03116e-05 h=0.579486 e=0.579476 max=3.60161e-05 rms=6.62298e-06 worst=28 row=3 idx=3717 worst_delta=1.0446 h=-6.51393 e=-5.46933 worst_rms=0.0284865 layers=43 rows=4
ds4: dspark hybrid layer attn-HC audit decodeN-attn-ffn-batch eps=1e-05 first=4 row=0 idx=13 delta=1.01477e-05 h=0.167366 e=0.167376 max=2.46763e-05 rms=2.40012e-06 worst=42 row=3 idx=6114 worst_delta=1.52551 h=109.609 e=111.134 worst_rms=0.142387 layers=43 rows=4
ds4: dspark hybrid layer ffn-pre audit decodeN-attn-ffn-batch eps=1e-05 first=4 row=0 idx=13 delta=1.07214e-05 h=0.0792571 e=0.0792678 max=2.19811e-05 rms=3.7083e-06 worst=42 row=1 idx=1590 worst_delta=1.26309 h=8.34312 e=7.08003 worst_rms=0.21204 layers=43 rows=4
ds4: dspark hybrid layer ffn-norm audit decodeN-attn-ffn-batch eps=1e-05 first=4 row=0 idx=2 delta=1.56462e-05 h=-0.271695 e=-0.271679 max=7.37906e-05 rms=1.22881e-05 worst=22 row=3 idx=2808 worst_delta=0.139628 h=-0.465423 e=-0.605051 worst_rms=0.0161675 layers=43 rows=4
ds4: dspark hybrid layer routed-out audit decodeN-attn-ffn-batch eps=1e-05 first=4 row=0 idx=0 delta=1.3873e-05 h=-0.105386 e=-0.105372 max=4.38765e-05 rms=9.11487e-06 worst=42 row=2 idx=1718 worst_delta=0.941144 h=0.0653369 e=-0.875807 worst_rms=0.115378 layers=43 rows=4
ds4: dspark hybrid layer shared-out audit decodeN-attn-ffn-batch eps=1e-05 first=4 row=0 idx=103 delta=1.08071e-05 h=-0.0616719 e=-0.0616611 max=3.97861e-05 rms=6.07547e-06 worst=42 row=3 idx=2196 worst_delta=3.38103 h=-141.609 e=-138.228 worst_rms=0.0791037 layers=43 rows=4
ds4: dspark hybrid layer post-HC audit decodeN-attn-ffn-batch eps=1e-05 first=4 row=0 idx=13 delta=1.0021e-05 h=0.110803 e=0.110813 max=2.02507e-05 rms=2.77097e-06 worst=42 row=3 idx=14484 worst_delta=2.95337 h=-189.504 e=-186.551 worst_rms=0.163681 layers=43 rows=4
ds4: dspark hybrid first divergence audit decodeN-attn-ffn-batch stage=attn-heads-raw layer=1 row=0 idx=21440 delta=1.19209e-05 h=0.566222 e=0.56621 layer_max=2.00272e-05 layer_rms=3.3948e-07
ds4: dspark hybrid audit commit logits top hybrid=68546 exact=68546 margin hybrid=3.157 exact=3.263 max=0.555885 rms=0.112857
ds4: dspark batch state audit hybrid-vs-exact layer=4 n_comp 10/10 n_index 10/10 attn_kv max=1.51023e-05 rms=8.28526e-07 attn_score max=4.49419e-05 rms=3.6976e-06 index_kv max=8.19564e-06 rms=9.69815e-07 index_score max=2.80142e-05 rms=3.94967e-06 raw max=0.00195312 rms=4.31591e-05 rows=4
ds4: dspark batch state audit hybrid-vs-exact layer=5 n_comp 0/0 n_index 0/0 attn_kv max=1.40145e-05 rms=4.25149e-07 attn_score max=3.98755e-05 rms=nan index_kv max=0 rms=0 index_score max=0 rms=0 raw max=0.00390625 rms=9.57433e-05 rows=4
ds4: dspark batch state audit hybrid-vs-exact layer=6 n_comp 10/10 n_index 10/10 attn_kv max=5.62221e-05 rms=6.80028e-06 attn_score max=0.000246197 rms=4.76248e-05 index_kv max=9.86457e-05 rms=7.54012e-06 index_score max=0.000266552 rms=5.00967e-05 raw max=0.03125 rms=0.000706924 rows=4
ds4: dspark batch state audit hybrid-vs-exact layer=7 n_comp 0/0 n_index 0/0 attn_kv max=0.000106052 rms=3.23554e-06 attn_score max=0.000189483 rms=nan index_kv max=0 rms=0 index_score max=0 rms=0 raw max=0.0625 rms=0.00143716 rows=4
ds4: dspark batch state audit hybrid-vs-exact layer=8 n_comp 10/10 n_index 10/10 attn_kv max=0.000573099 rms=6.62733e-05 attn_score max=0.00174975 rms=0.000356074 index_kv max=0.000611305 rms=8.42304e-05 index_score max=0.00161827 rms=0.000339527 raw max=0.0625 rms=0.00250669 rows=4
ds4: dspark batch state audit hybrid-vs-exact layer=9 n_comp 0/0 n_index 0/0 attn_kv max=0.000210688 rms=5.66443e-06 attn_score max=0.000378907 rms=nan index_kv max=0 rms=0 index_score max=0 rms=0 raw max=0.0625 rms=0.00215927 rows=4
ds4: dspark batch state audit hybrid-vs-exact layer=10 n_comp 10/10 n_index 10/10 attn_kv max=0.000876218 rms=0.000110209 attn_score max=0.00241375 rms=0.000587975 index_kv max=0.00113928 rms=0.000138833 index_score max=0.00267172 rms=0.000572929 raw max=0.0625 rms=0.00312223 rows=4
ds4: dspark batch state audit hybrid-vs-exact layer=11 n_comp 0/0 n_index 0/0 attn_kv max=0.000441371 rms=1.15802e-05 attn_score max=0.00081864 rms=nan index_kv max=0 rms=0 index_score max=0 rms=0 raw max=0.0625 rms=0.00506672 rows=4
ds4: dspark batch state audit hybrid-vs-exact layer=12 n_comp 10/10 n_index 10/10 attn_kv max=0.00160983 rms=0.00031302 attn_score max=0.00372115 rms=0.00102744 index_kv max=0.00177121 rms=0.000380855 index_score max=0.00401795 rms=0.00101226 raw max=0.125 rms=0.00690437 rows=4
ds4: dspark batch state audit hybrid-vs-exact layer=13 n_comp 0/0 n_index 0/0 attn_kv max=0.00073567 rms=2.72202e-05 attn_score max=0.00130546 rms=nan index_kv max=0 rms=0 index_score max=0 rms=0 raw max=0.125 rms=0.00885332 rows=4
ds4: dspark batch state audit hybrid-vs-exact layer=14 n_comp 10/10 n_index 10/10 attn_kv max=0.00446784 rms=0.000465014 attn_score max=0.0131086 rms=0.00450928 index_kv max=0.00314207 rms=0.000692861 index_score max=0.0133055 rms=0.0043865 raw max=0.125 rms=0.00864758 rows=4
ds4: dspark batch state audit hybrid-vs-exact layer=15 n_comp 0/0 n_index 0/0 attn_kv max=0.00172365 rms=4.99588e-05 attn_score max=0.00632703 rms=nan index_kv max=0 rms=0 index_score max=0 rms=0 raw max=0.125 rms=0.0110382 rows=4
ds4: dspark batch state audit hybrid-vs-exact layer=16 n_comp 10/10 n_index 10/10 attn_kv max=0.00329174 rms=0.000606313 attn_score max=0.00943118 rms=0.00307102 index_kv max=0.00542706 rms=0.000928799 index_score max=0.0147839 rms=0.00326441 raw max=0.125 rms=0.00952983 rows=4
ds4: dspark batch state audit hybrid-vs-exact layer=17 n_comp 0/0 n_index 0/0 attn_kv max=0.00729821 rms=0.000146398 attn_score max=0.0064621 rms=nan index_kv max=0 rms=0 index_score max=0 rms=0 raw max=0.125 rms=0.0103029 rows=4
ds4: dspark batch state audit hybrid-vs-exact layer=18 n_comp 10/10 n_index 10/10 attn_kv max=0.00209402 rms=0.000371656 attn_score max=0.00615811 rms=0.00179843 index_kv max=0.00388756 rms=0.000491575 index_score max=0.00702417 rms=0.00177326 raw max=0.125 rms=0.00897992 rows=4
ds4: dspark batch state audit hybrid-vs-exact layer=19 n_comp 0/0 n_index 0/0 attn_kv max=0.00189148 rms=4.5778e-05 attn_score max=0.00463097 rms=nan index_kv max=0 rms=0 index_score max=0 rms=0 raw max=0.25 rms=0.012099 rows=4
ds4: dspark batch state audit hybrid-vs-exact layer=20 n_comp 10/10 n_index 10/10 attn_kv max=0.00323701 rms=0.000582202 attn_score max=0.0410469 rms=0.0107646 index_kv max=0.00669517 rms=0.000778573 index_score max=0.0561643 rms=0.0107081 raw max=0.25 rms=0.0158868 rows=4
ds4: dspark batch state audit hybrid-vs-exact layer=21 n_comp 0/0 n_index 0/0 attn_kv max=0.0219495 rms=0.000547677 attn_score max=0.0445117 rms=nan index_kv max=0 rms=0 index_score max=0 rms=0 raw max=0.25 rms=0.0416103 rows=4
ds4: dspark batch state audit hybrid-vs-exact layer=22 n_comp 10/10 n_index 10/10 attn_kv max=0.0335089 rms=0.00480327 attn_score max=0.10513 rms=0.0196618 index_kv max=0.0382559 rms=0.00705604 index_score max=0.183344 rms=0.0245889 raw max=0.25 rms=0.0374626 rows=4
ds4: dspark batch state audit hybrid-vs-exact layer=23 n_comp 0/0 n_index 0/0 attn_kv max=0.0408131 rms=0.000627322 attn_score max=0.0557783 rms=nan index_kv max=0 rms=0 index_score max=0 rms=0 raw max=0.25 rms=0.0329519 rows=4
ds4: dspark batch state audit hybrid-vs-exact layer=24 n_comp 10/10 n_index 10/10 attn_kv max=0.0388911 rms=0.0044958 attn_score max=0.151612 rms=0.0289593 index_kv max=0.0387537 rms=0.00564329 index_score max=0.185135 rms=0.0296152 raw max=0.15625 rms=0.019758 rows=4
ds4: dspark batch state audit hybrid-vs-exact layer=25 n_comp 0/0 n_index 0/0 attn_kv max=0.00895733 rms=0.000194936 attn_score max=0.0227143 rms=nan index_kv max=0 rms=0 index_score max=0 rms=0 raw max=0.25 rms=0.0196903 rows=4
ds4: dspark batch state audit hybrid-vs-exact layer=26 n_comp 10/10 n_index 10/10 attn_kv max=0.0183946 rms=0.00208871 attn_score max=0.0918174 rms=0.0235744 index_kv max=0.0158411 rms=0.00227271 index_score max=0.122166 rms=0.0229784 raw max=0.25 rms=0.0229328 rows=4
ds4: dspark batch state audit hybrid-vs-exact layer=27 n_comp 0/0 n_index 0/0 attn_kv max=0.00954072 rms=0.000236966 attn_score max=0.0247766 rms=nan index_kv max=0 rms=0 index_score max=0 rms=0 raw max=0.125 rms=0.0206038 rows=4
ds4: dspark batch state audit hybrid-vs-exact layer=28 n_comp 10/10 n_index 10/10 attn_kv max=0.0248191 rms=0.00244344 attn_score max=0.0838337 rms=0.0187395 index_kv max=0.0273046 rms=0.0031055 index_score max=0.0707209 rms=0.0190536 raw max=0.125 rms=0.0221374 rows=4
ds4: dspark batch state audit hybrid-vs-exact layer=29 n_comp 0/0 n_index 0/0 attn_kv max=0.0106243 rms=0.000265156 attn_score max=0.0333346 rms=nan index_kv max=0 rms=0 index_score max=0 rms=0 raw max=0.25 rms=0.0245625 rows=4
ds4: dspark batch state audit hybrid-vs-exact layer=30 n_comp 10/10 n_index 10/10 attn_kv max=0.0320638 rms=0.00252508 attn_score max=0.294847 rms=0.0508759 index_kv max=0.0282844 rms=0.00404107 index_score max=0.292547 rms=0.0498712 raw max=0.125 rms=0.0181173 rows=4
ds4: dspark batch state audit hybrid-vs-exact layer=31 n_comp 0/0 n_index 0/0 attn_kv max=0.00907708 rms=0.000237114 attn_score max=0.01533 rms=nan index_kv max=0 rms=0 index_score max=0 rms=0 raw max=0.125 rms=0.021835 rows=4
ds4: dspark batch state audit hybrid-vs-exact layer=32 n_comp 10/10 n_index 10/10 attn_kv max=0.0117301 rms=0.00186533 attn_score max=0.201566 rms=0.0445228 index_kv max=0.0156145 rms=0.00222623 index_score max=0.182126 rms=0.0416584 raw max=0.25 rms=0.0205653 rows=4
ds4: dspark batch state audit hybrid-vs-exact layer=33 n_comp 0/0 n_index 0/0 attn_kv max=0.0138249 rms=0.000268893 attn_score max=0.0176309 rms=nan index_kv max=0 rms=0 index_score max=0 rms=0 raw max=0.125 rms=0.0230903 rows=4
ds4: dspark batch state audit hybrid-vs-exact layer=34 n_comp 10/10 n_index 10/10 attn_kv max=0.0211034 rms=0.00257079 attn_score max=0.0937181 rms=0.0299112 index_kv max=0.0188866 rms=0.00284895 index_score max=0.094617 rms=0.029286 raw max=0.25 rms=0.0220461 rows=4
ds4: dspark batch state audit hybrid-vs-exact layer=35 n_comp 0/0 n_index 0/0 attn_kv max=0.0308565 rms=0.000384206 attn_score max=0.021663 rms=nan index_kv max=0 rms=0 index_score max=0 rms=0 raw max=0.25 rms=0.0266836 rows=4
ds4: dspark batch state audit hybrid-vs-exact layer=36 n_comp 10/10 n_index 10/10 attn_kv max=0.0265021 rms=0.0019601 attn_score max=0.0457659 rms=0.00907782 index_kv max=0.0214571 rms=0.00193907 index_score max=0.0464087 rms=0.0097608 raw max=0.125 rms=0.0215448 rows=4
ds4: dspark batch state audit hybrid-vs-exact layer=37 n_comp 0/0 n_index 0/0 attn_kv max=0.0107096 rms=0.000111788 attn_score max=0.0389823 rms=nan index_kv max=0 rms=0 index_score max=0 rms=0 raw max=0.125 rms=0.0182888 rows=4
ds4: dspark batch state audit hybrid-vs-exact layer=38 n_comp 10/10 n_index 10/10 attn_kv max=0.0231926 rms=0.00273545 attn_score max=0.105282 rms=0.0179213 index_kv max=0.0435548 rms=0.00395467 index_score max=0.099798 rms=0.0171427 raw max=0.25 rms=0.0192322 rows=4
ds4: dspark batch state audit hybrid-vs-exact layer=39 n_comp 0/0 n_index 0/0 attn_kv max=0.0114531 rms=0.000238503 attn_score max=0.0359814 rms=nan index_kv max=0 rms=0 index_score max=0 rms=0 raw max=0.25 rms=0.0229862 rows=4
ds4: dspark batch state audit hybrid-vs-exact layer=40 n_comp 10/10 n_index 10/10 attn_kv max=0.0193587 rms=0.00266065 attn_score max=0.133337 rms=0.0315768 index_kv max=0.0207355 rms=0.00374187 index_score max=0.131477 rms=0.0307013 raw max=0.25 rms=0.0304585 rows=4
ds4: dspark batch state audit hybrid-vs-exact layer=41 n_comp 0/0 n_index 0/0 attn_kv max=0.0235159 rms=0.000347868 attn_score max=0.0295109 rms=nan index_kv max=0 rms=0 index_score max=0 rms=0 raw max=0.25 rms=0.0361848 rows=4
ds4: dspark batch state audit hybrid-vs-exact layer=42 n_comp 10/10 n_index 10/10 attn_kv max=0.0254604 rms=0.00178901 attn_score max=0.0611439 rms=0.00973557 index_kv max=0.0127519 rms=0.00199079 index_score max=0.0538372 rms=0.0121732 raw max=0.25 rms=0.0176917 rows=4
ds4: dspark batch state audit hybrid-vs-exact final_hc row=3 max=2.95337 rms=0.209339
ds4: dspark batch state audit hybrid-vs-exact dspark_target_hidden start=36 rows=1 max=0.134145 rms=0.0241061
ds4: dspark batch state audit hybrid-vs-exact dspark_kv_cache layer=0 start=36 rows=1 max=0.125 rms=0.0118671
ds4: dspark batch state audit hybrid-vs-exact dspark_kv_cache layer=1 start=36 rows=1 max=0.25 rms=0.0198199
ds4: dspark batch state audit hybrid-vs-exact dspark_kv_cache layer=2 start=36 rows=1 max=0.25 rms=0.0228918
ds4: dspark batch state audit hybrid-vs-exact summary eps=1e-05 mismatch_layers=39 first_stage=attn-kv first_layer=4 first_max=1.51023e-05 first_rms=8.28526e-07 max=2.95337 final_hc_max=2.95337 decode_hc_max=0 dspark_hidden max=0.134145 rms=0.0241061 dspark_kv max=0.25 rms=0.0198199 raw_rows=4 mtp_n_raw 0/0
ds4: dspark hybrid verifier profile n=4 layers=43 exact_prefix=0.000 ms attention=55.350 ms row_ffn_pre=11.030 ms row_router=12.392 ms batch_router=12.205 ms row_routed=34.704 ms row_shared=13.122 ms batch_tail=11.277 ms target_hidden=1.306 ms head=1.446 ms read=0.010 ms total=152.916 ms
ds4: dspark hybrid audit prefix drafted=4 committed=3 state_count=3 prefix_slots=3
ds4: dspark hybrid layer q-rope audit decodeN-attn-ffn-batch eps=1e-05 first=2 row=0 idx=24116 delta=1.0252e-05 h=-1.27064 e=-1.27063 max=1.43051e-05 rms=8.42494e-07 worst=35 row=1 idx=12773 worst_delta=0.26092 h=0.775136 e=1.03606 worst_rms=0.0172417 layers=43 rows=4
ds4: dspark hybrid layer kv-cache-row audit decodeN-attn-ffn-batch eps=1e-05 first=4 row=3 idx=112 delta=0.00012207 h=-0.00170898 e=-0.00158691 max=0.00012207 rms=2.72682e-06 worst=38 row=1 idx=340 worst_delta=0.375 h=-1.875 e=-2.25 worst_rms=0.0211382 layers=43 rows=4
ds4: dspark hybrid layer attn-heads-raw audit decodeN-attn-ffn-batch eps=1e-05 first=1 row=0 idx=31755 delta=1.10865e-05 h=-0.528902 e=-0.528913 max=0.00014019 rms=8.47739e-07 worst=38 row=1 idx=11092 worst_delta=0.351251 h=-1.64008 e=-1.99133 worst_rms=0.00901393 layers=43 rows=4
ds4: dspark hybrid layer attn-heads audit decodeN-attn-ffn-batch eps=1e-05 first=1 row=0 idx=31755 delta=1.10865e-05 h=-0.528902 e=-0.528913 max=0.000178814 rms=8.48096e-07 worst=38 row=1 idx=11092 worst_delta=0.351251 h=-1.64008 e=-1.99133 worst_rms=0.00901393 layers=43 rows=4
ds4: dspark hybrid layer attn-out audit decodeN-attn-ffn-batch eps=1e-05 first=1 row=0 idx=57 delta=1.33514e-05 h=0.399786 e=0.399799 max=1.70469e-05 rms=3.24366e-06 worst=42 row=1 idx=2018 worst_delta=0.531431 h=30.7526 e=31.284 worst_rms=0.0318203 layers=43 rows=4
ds4: dspark hybrid layer attn-HC audit decodeN-attn-ffn-batch eps=1e-05 first=5 row=1 idx=5037 delta=1.10194e-05 h=0.0680645 e=0.0680535 max=1.36727e-05 rms=1.01461e-06 worst=36 row=1 idx=7851 worst_delta=1.00543 h=3.08412 e=4.08955 worst_rms=0.0987882 layers=43 rows=4
ds4: dspark hybrid layer ffn-pre audit decodeN-attn-ffn-batch eps=1e-05 first=5 row=1 idx=941 delta=1.04457e-05 h=0.0677498 e=0.0677394 max=1.131e-05 rms=1.65745e-06 worst=42 row=1 idx=990 worst_delta=1.12578 h=7.56534 e=6.43956 worst_rms=0.138139 layers=43 rows=4
ds4: dspark hybrid layer ffn-norm audit decodeN-attn-ffn-batch eps=1e-05 first=3 row=0 idx=349 delta=1.23754e-05 h=0.0718475 e=0.0718599 max=1.23754e-05 rms=1.93123e-06 worst=36 row=1 idx=399 worst_delta=0.137437 h=-0.183036 e=-0.0455989 worst_rms=0.0193363 layers=43 rows=4
ds4: dspark hybrid layer routed-out audit decodeN-attn-ffn-batch eps=1e-05 first=5 row=0 idx=70 delta=1.02371e-05 h=-0.0898599 e=-0.0898702 max=0.000100031 rms=1.45817e-05 worst=42 row=1 idx=2196 worst_delta=0.679886 h=-3.27799 e=-2.5981 worst_rms=0.0787144 layers=43 rows=4
ds4: dspark hybrid layer shared-out audit decodeN-attn-ffn-batch eps=1e-05 first=5 row=2 idx=3 delta=1.10827e-05 h=-0.0541809 e=-0.054192 max=4.15966e-05 rms=5.92065e-06 worst=37 row=1 idx=2470 worst_delta=0.381235 h=4.62868 e=4.24745 worst_rms=0.00892206 layers=43 rows=4
ds4: dspark hybrid layer post-HC audit decodeN-attn-ffn-batch eps=1e-05 first=5 row=1 idx=4718 delta=1.09375e-05 h=-0.214639 e=-0.214629 max=1.27405e-05 rms=1.3792e-06 worst=42 row=1 idx=13259 worst_delta=1.03467 h=-5.15328 e=-4.11861 worst_rms=0.132502 layers=43 rows=4
ds4: dspark hybrid first divergence audit decodeN-attn-ffn-batch stage=attn-heads-raw layer=1 row=0 idx=31755 delta=1.10865e-05 h=-0.528902 e=-0.528913 layer_max=0.00014019 layer_rms=8.47739e-07
ds4: dspark hybrid audit commit logits top hybrid=6569 exact=6569 margin hybrid=0.467 exact=0.416 max=0.173733 rms=0.0327995
ds4: dspark batch state audit hybrid-vs-exact layer=3 n_comp 0/0 n_index 0/0 attn_kv max=2.22027e-06 rms=5.82745e-08 attn_score max=5.59539e-06 rms=nan index_kv max=0 rms=0 index_score max=0 rms=0 raw max=6.10352e-05 rms=1.40071e-06 rows=4
ds4: dspark batch state audit hybrid-vs-exact layer=4 n_comp 10/10 n_index 10/10 attn_kv max=3.80725e-06 rms=5.7765e-07 attn_score max=2.30074e-05 rms=4.63251e-06 index_kv max=6.19888e-06 rms=7.63971e-07 index_score max=2.09808e-05 rms=5.01363e-06 raw max=0.00012207 rms=2.69876e-06 rows=4
ds4: dspark batch state audit hybrid-vs-exact layer=5 n_comp 0/0 n_index 0/0 attn_kv max=1.54972e-06 rms=5.74835e-08 attn_score max=3.33786e-06 rms=nan index_kv max=0 rms=0 index_score max=0 rms=0 raw max=0.0078125 rms=0.000172974 rows=4
ds4: dspark batch state audit hybrid-vs-exact layer=6 n_comp 10/10 n_index 10/10 attn_kv max=3.65674e-05 rms=3.53522e-06 attn_score max=0.000115633 rms=2.03563e-05 index_kv max=3.62396e-05 rms=3.70801e-06 index_score max=0.000175953 rms=2.0593e-05 raw max=0.03125 rms=0.000691082 rows=4
ds4: dspark batch state audit hybrid-vs-exact layer=7 n_comp 0/0 n_index 0/0 attn_kv max=0.000129383 rms=2.95495e-06 attn_score max=0.000249505 rms=nan index_kv max=0 rms=0 index_score max=0 rms=0 raw max=0.125 rms=0.00277429 rows=4
ds4: dspark batch state audit hybrid-vs-exact layer=8 n_comp 10/10 n_index 10/10 attn_kv max=0.000863433 rms=7.07926e-05 attn_score max=0.00264049 rms=0.000577219 index_kv max=0.00116968 rms=0.000104009 index_score max=0.00363255 rms=0.000537314 raw max=0.03125 rms=0.00153213 rows=4
ds4: dspark batch state audit hybrid-vs-exact layer=9 n_comp 0/0 n_index 0/0 attn_kv max=0.000153281 rms=4.69275e-06 attn_score max=0.000344872 rms=nan index_kv max=0 rms=0 index_score max=0 rms=0 raw max=0.0625 rms=0.00287241 rows=4
ds4: dspark batch state audit hybrid-vs-exact layer=10 n_comp 10/10 n_index 10/10 attn_kv max=0.000589646 rms=8.94332e-05 attn_score max=0.0017564 rms=0.000404445 index_kv max=0.00114921 rms=0.000115541 index_score max=0.0018152 rms=0.000398888 raw max=0.0625 rms=0.00386848 rows=4
ds4: dspark batch state audit hybrid-vs-exact layer=11 n_comp 0/0 n_index 0/0 attn_kv max=0.000765108 rms=1.88287e-05 attn_score max=0.00384259 rms=nan index_kv max=0 rms=0 index_score max=0 rms=0 raw max=0.125 rms=0.00554981 rows=4
ds4: dspark batch state audit hybrid-vs-exact layer=12 n_comp 10/10 n_index 10/10 attn_kv max=0.0014497 rms=0.000149213 attn_score max=0.00663257 rms=0.00109445 index_kv max=0.00482988 rms=0.000240132 index_score max=0.0076108 rms=0.00108896 raw max=0.125 rms=0.00488147 rows=4
ds4: dspark batch state audit hybrid-vs-exact layer=13 n_comp 0/0 n_index 0/0 attn_kv max=0.000456072 rms=1.67113e-05 attn_score max=0.00143659 rms=nan index_kv max=0 rms=0 index_score max=0 rms=0 raw max=0.125 rms=0.00687634 rows=4
ds4: dspark batch state audit hybrid-vs-exact layer=14 n_comp 10/10 n_index 10/10 attn_kv max=0.00553086 rms=0.000252819 attn_score max=0.0114491 rms=0.00248655 index_kv max=0.00307345 rms=0.000367396 index_score max=0.0132132 rms=0.00236493 raw max=0.25 rms=0.00962533 rows=4
ds4: dspark batch state audit hybrid-vs-exact layer=15 n_comp 0/0 n_index 0/0 attn_kv max=0.00124715 rms=4.17719e-05 attn_score max=0.00493789 rms=nan index_kv max=0 rms=0 index_score max=0 rms=0 raw max=0.25 rms=0.0102909 rows=4
ds4: dspark batch state audit hybrid-vs-exact layer=16 n_comp 10/10 n_index 10/10 attn_kv max=0.00205648 rms=0.00037125 attn_score max=0.0120581 rms=0.00283425 index_kv max=0.00317538 rms=0.000583154 index_score max=0.0137606 rms=0.00281975 raw max=0.25 rms=0.0104913 rows=4
ds4: dspark batch state audit hybrid-vs-exact layer=17 n_comp 0/0 n_index 0/0 attn_kv max=0.00326967 rms=9.81131e-05 attn_score max=0.00601959 rms=nan index_kv max=0 rms=0 index_score max=0 rms=0 raw max=0.125 rms=0.00980117 rows=4
ds4: dspark batch state audit hybrid-vs-exact layer=18 n_comp 10/10 n_index 10/10 attn_kv max=0.00164385 rms=0.000226453 attn_score max=0.00557327 rms=0.00162345 index_kv max=0.00187154 rms=0.00031571 index_score max=0.0059278 rms=0.001535 raw max=0.125 rms=0.00871011 rows=4
ds4: dspark batch state audit hybrid-vs-exact layer=19 n_comp 0/0 n_index 0/0 attn_kv max=0.00109276 rms=3.70895e-05 attn_score max=0.00373125 rms=nan index_kv max=0 rms=0 index_score max=0 rms=0 raw max=0.125 rms=0.0118852 rows=4
ds4: dspark batch state audit hybrid-vs-exact layer=20 n_comp 10/10 n_index 10/10 attn_kv max=0.00298053 rms=0.000394602 attn_score max=0.0153124 rms=0.00470045 index_kv max=0.00253055 rms=0.000536584 index_score max=0.0174281 rms=0.0046851 raw max=0.125 rms=0.0107725 rows=4
ds4: dspark batch state audit hybrid-vs-exact layer=21 n_comp 0/0 n_index 0/0 attn_kv max=0.00185436 rms=4.90439e-05 attn_score max=0.00363588 rms=nan index_kv max=0 rms=0 index_score max=0 rms=0 raw max=0.125 rms=0.0100952 rows=4
ds4: dspark batch state audit hybrid-vs-exact layer=22 n_comp 10/10 n_index 10/10 attn_kv max=0.00393516 rms=0.000466886 attn_score max=0.0165441 rms=0.00354943 index_kv max=0.00482738 rms=0.000723371 index_score max=0.0159976 rms=0.00356683 raw max=0.25 rms=0.01305 rows=4
ds4: dspark batch state audit hybrid-vs-exact layer=23 n_comp 0/0 n_index 0/0 attn_kv max=0.00357074 rms=8.17567e-05 attn_score max=0.00357521 rms=nan index_kv max=0 rms=0 index_score max=0 rms=0 raw max=0.25 rms=0.0146467 rows=4
ds4: dspark batch state audit hybrid-vs-exact layer=24 n_comp 10/10 n_index 10/10 attn_kv max=0.00376171 rms=0.000508524 attn_score max=0.0247927 rms=0.00451131 index_kv max=0.00469685 rms=0.000633738 index_score max=0.0196166 rms=0.00476428 raw max=0.125 rms=0.00827657 rows=4
ds4: dspark batch state audit hybrid-vs-exact layer=25 n_comp 0/0 n_index 0/0 attn_kv max=0.000767022 rms=2.32426e-05 attn_score max=0.002184 rms=nan index_kv max=0 rms=0 index_score max=0 rms=0 raw max=0.125 rms=0.00753265 rows=4
ds4: dspark batch state audit hybrid-vs-exact layer=26 n_comp 10/10 n_index 10/10 attn_kv max=0.0035882 rms=0.000264888 attn_score max=0.0256585 rms=0.00744648 index_kv max=0.00161612 rms=0.000302282 index_score max=0.0319297 rms=0.00724654 raw max=0.25 rms=0.0105815 rows=4
ds4: dspark batch state audit hybrid-vs-exact layer=27 n_comp 0/0 n_index 0/0 attn_kv max=0.00135671 rms=5.11296e-05 attn_score max=0.00294834 rms=nan index_kv max=0 rms=0 index_score max=0 rms=0 raw max=0.125 rms=0.00822344 rows=4
ds4: dspark batch state audit hybrid-vs-exact layer=28 n_comp 10/10 n_index 10/10 attn_kv max=0.00180167 rms=0.000313263 attn_score max=0.0195169 rms=0.0042271 index_kv max=0.00287807 rms=0.000368606 index_score max=0.0171418 rms=0.00427994 raw max=0.125 rms=0.00875426 rows=4
ds4: dspark batch state audit hybrid-vs-exact layer=29 n_comp 0/0 n_index 0/0 attn_kv max=0.00315952 rms=5.8319e-05 attn_score max=0.00552869 rms=nan index_kv max=0 rms=0 index_score max=0 rms=0 raw max=0.125 rms=0.00910977 rows=4
ds4: dspark batch state audit hybrid-vs-exact layer=30 n_comp 10/10 n_index 10/10 attn_kv max=0.0024329 rms=0.000371561 attn_score max=0.0177331 rms=0.00561302 index_kv max=0.00395095 rms=0.000547818 index_score max=0.0189686 rms=0.00543416 raw max=0.125 rms=0.00779307 rows=4
ds4: dspark batch state audit hybrid-vs-exact layer=31 n_comp 0/0 n_index 0/0 attn_kv max=0.0126886 rms=0.000287437 attn_score max=0.0231745 rms=nan index_kv max=0 rms=0 index_score max=0 rms=0 raw max=0.25 rms=0.0203728 rows=4
ds4: dspark batch state audit hybrid-vs-exact layer=32 n_comp 10/10 n_index 10/10 attn_kv max=0.0221955 rms=0.00265735 attn_score max=0.122912 rms=0.0260918 index_kv max=0.0198728 rms=0.00296779 index_score max=0.135274 rms=0.024945 raw max=0.25 rms=0.0246758 rows=4
ds4: dspark batch state audit hybrid-vs-exact layer=33 n_comp 0/0 n_index 0/0 attn_kv max=0.0135844 rms=0.000285225 attn_score max=0.0214961 rms=nan index_kv max=0 rms=0 index_score max=0 rms=0 raw max=0.25 rms=0.0242546 rows=4
ds4: dspark batch state audit hybrid-vs-exact layer=34 n_comp 10/10 n_index 10/10 attn_kv max=0.0345558 rms=0.00313692 attn_score max=0.321436 rms=0.0690821 index_kv max=0.0318277 rms=0.00303113 index_score max=0.330378 rms=0.0680007 raw max=0.125 rms=0.0267426 rows=4
ds4: dspark batch state audit hybrid-vs-exact layer=35 n_comp 0/0 n_index 0/0 attn_kv max=0.0282047 rms=0.000575599 attn_score max=0.0336747 rms=nan index_kv max=0 rms=0 index_score max=0 rms=0 raw max=0.25 rms=0.0354439 rows=4
ds4: dspark batch state audit hybrid-vs-exact layer=36 n_comp 10/10 n_index 10/10 attn_kv max=0.0153529 rms=0.00207641 attn_score max=0.0553161 rms=0.0117049 index_kv max=0.0140139 rms=0.00207101 index_score max=0.0544564 rms=0.0124705 raw max=0.125 rms=0.0234496 rows=4
ds4: dspark batch state audit hybrid-vs-exact layer=37 n_comp 0/0 n_index 0/0 attn_kv max=0.0169058 rms=0.000175062 attn_score max=0.0277337 rms=nan index_kv max=0 rms=0 index_score max=0 rms=0 raw max=0.25 rms=0.0240974 rows=4
ds4: dspark batch state audit hybrid-vs-exact layer=38 n_comp 10/10 n_index 10/10 attn_kv max=0.0416089 rms=0.00320731 attn_score max=0.176715 rms=0.0345036 index_kv max=0.0321406 rms=0.00376605 index_score max=0.185334 rms=0.0323485 raw max=0.375 rms=0.0211421 rows=4
ds4: dspark batch state audit hybrid-vs-exact layer=39 n_comp 0/0 n_index 0/0 attn_kv max=0.0137278 rms=0.000373231 attn_score max=0.0466969 rms=nan index_kv max=0 rms=0 index_score max=0 rms=0 raw max=0.25 rms=0.0325682 rows=4
ds4: dspark batch state audit hybrid-vs-exact layer=40 n_comp 10/10 n_index 10/10 attn_kv max=0.0167037 rms=0.00221424 attn_score max=0.241992 rms=0.0538539 index_kv max=0.0166919 rms=0.00287652 index_score max=0.226558 rms=0.052504 raw max=0.25 rms=0.0212925 rows=4
ds4: dspark batch state audit hybrid-vs-exact layer=41 n_comp 0/0 n_index 0/0 attn_kv max=0.00792233 rms=0.00021425 attn_score max=0.0194993 rms=nan index_kv max=0 rms=0 index_score max=0 rms=0 raw max=0.25 rms=0.0289285 rows=4
ds4: dspark batch state audit hybrid-vs-exact layer=42 n_comp 10/10 n_index 10/10 attn_kv max=0.0131659 rms=0.00151003 attn_score max=0.0405346 rms=0.00560703 index_kv max=0.00946829 rms=0.00166478 index_score max=0.0435991 rms=0.00659393 raw max=0.125 rms=0.0138278 rows=4
ds4: dspark batch state audit hybrid-vs-exact final_hc row=3 max=0.47187 rms=0.0652784
ds4: dspark batch state audit hybrid-vs-exact dspark_target_hidden start=38 rows=3 max=0.824987 rms=0.107315
ds4: dspark batch state audit hybrid-vs-exact dspark_kv_cache layer=0 start=38 rows=3 max=0.125 rms=0.0230611
ds4: dspark batch state audit hybrid-vs-exact dspark_kv_cache layer=1 start=38 rows=3 max=0.25 rms=0.0365497
ds4: dspark batch state audit hybrid-vs-exact dspark_kv_cache layer=2 start=38 rows=3 max=0.25 rms=0.0419333
ds4: dspark batch state audit hybrid-vs-exact summary eps=1e-05 mismatch_layers=40 first_stage=raw-kv first_layer=3 first_max=6.10352e-05 first_rms=1.40071e-06 max=0.824987 final_hc_max=0.47187 decode_hc_max=0 dspark_hidden max=0.824987 rms=0.107315 dspark_kv max=0.25 rms=0.0365497 raw_rows=4 mtp_n_raw 0/0
ds4: dspark hybrid verifier profile n=4 layers=43 exact_prefix=0.000 ms attention=54.868 ms row_ffn_pre=10.957 ms row_router=12.387 ms batch_router=12.334 ms row_routed=35.011 ms row_shared=12.493 ms batch_tail=10.776 ms target_hidden=1.346 ms head=1.472 ms read=0.010 ms total=151.729 ms
ds4: dspark hybrid audit prefix drafted=4 committed=4 state_count=4 prefix_slots=3
ds4: dspark hybrid layer q-rope audit decodeN-attn-ffn-batch eps=1e-05 first=2 row=0 idx=18996 delta=1.91331e-05 h=-0.617852 e=-0.617871 max=2.3365e-05 rms=1.01968e-06 worst=39 row=3 idx=187 worst_delta=0.165047 h=4.65977 e=4.82482 worst_rms=0.0117187 layers=43 rows=4
ds4: dspark hybrid layer kv-cache-row audit decodeN-attn-ffn-batch eps=1e-05 first=2 row=0 idx=377 delta=0.00390625 h=-0.0429688 e=-0.046875 max=0.00390625 rms=8.6317e-05 worst=19 row=1 idx=305 worst_delta=0.25 h=-2.25 e=-2.5 worst_rms=0.0118625 layers=43 rows=4
ds4: dspark hybrid layer attn-heads-raw audit decodeN-attn-ffn-batch eps=1e-05 first=1 row=0 idx=11221 delta=1.01924e-05 h=-0.923454 e=-0.923465 max=2.72691e-05 rms=6.98342e-07 worst=41 row=3 idx=30000 worst_delta=0.254159 h=-3.12399 e=-2.86983 worst_rms=0.0116893 layers=43 rows=4
ds4: dspark hybrid layer attn-heads audit decodeN-attn-ffn-batch eps=1e-05 first=1 row=0 idx=11229 delta=1.04904e-05 h=2.75801 e=2.75802 max=2.47955e-05 rms=6.98171e-07 worst=41 row=3 idx=30000 worst_delta=0.254159 h=-3.12399 e=-2.86983 worst_rms=0.0116893 layers=43 rows=4
ds4: dspark hybrid layer attn-out audit decodeN-attn-ffn-batch eps=1e-05 first=1 row=2 idx=1368 delta=1.15633e-05 h=1.76013 e=1.76012 max=1.65701e-05 rms=3.30759e-06 worst=41 row=3 idx=2739 worst_delta=0.429428 h=-0.582437 e=-1.01186 worst_rms=0.0345019 layers=43 rows=4
ds4: dspark hybrid layer attn-HC audit decodeN-attn-ffn-batch eps=1e-05 first=3 row=1 idx=424 delta=1.03079e-05 h=0.0529715 e=0.0529612 max=0.00120211 rms=7.81525e-05 worst=40 row=3 idx=15469 worst_delta=0.753798 h=-4.82639 e=-5.58018 worst_rms=0.0658699 layers=43 rows=4
ds4: dspark hybrid layer ffn-pre audit decodeN-attn-ffn-batch eps=1e-05 first=3 row=2 idx=0 delta=4.7192e-05 h=-0.167595 e=-0.167643 max=0.000194343 rms=2.55936e-05 worst=42 row=3 idx=202 worst_delta=1.06142 h=11.9451 e=10.8837 worst_rms=0.154552 layers=43 rows=4
ds4: dspark hybrid layer ffn-norm audit decodeN-attn-ffn-batch eps=1e-05 first=2 row=0 idx=0 delta=1.18762e-05 h=0.0726827 e=0.0726708 max=5.126e-05 rms=7.96728e-06 worst=39 row=3 idx=3181 worst_delta=0.109793 h=-1.07821 e=-1.188 worst_rms=0.013856 layers=43 rows=4
ds4: dspark hybrid layer routed-out audit decodeN-attn-ffn-batch eps=1e-05 first=2 row=0 idx=3 delta=1.09076e-05 h=-0.147211 e=-0.147222 max=2.77907e-05 rms=4.39411e-06 worst=42 row=1 idx=672 worst_delta=0.832308 h=-2.49149 e=-3.32379 worst_rms=0.0908489 layers=43 rows=4
ds4: dspark hybrid layer shared-out audit decodeN-attn-ffn-batch eps=1e-05 first=2 row=0 idx=1 delta=1.12951e-05 h=0.161425 e=0.161437 max=2.25157e-05 rms=3.27058e-06 worst=42 row=3 idx=2739 worst_delta=1.29227 h=57.1249 e=55.8326 worst_rms=0.0322921 layers=43 rows=4
ds4: dspark hybrid layer post-HC audit decodeN-attn-ffn-batch eps=1e-05 first=3 row=1 idx=2096 delta=1.03656e-05 h=-0.0280267 e=-0.0280371 max=0.00113526 rms=7.4668e-05 worst=42 row=3 idx=15027 worst_delta=1.66002 h=48.932 e=47.272 worst_rms=0.11215 layers=43 rows=4
ds4: dspark hybrid first divergence audit decodeN-attn-ffn-batch stage=attn-heads-raw layer=1 row=0 idx=11221 delta=1.01924e-05 h=-0.923454 e=-0.923465 layer_max=2.72691e-05 layer_rms=6.98342e-07
ds4: dspark hybrid audit commit logits top hybrid=9854 exact=9854 margin hybrid=9.004 exact=9.183 max=0.740755 rms=0.139813
ds4: dspark batch state audit hybrid-vs-exact layer=2 n_comp 11/11 n_index 11/11 attn_kv max=1.03563e-06 rms=1.19575e-07 attn_score max=1.37091e-06 rms=1.75149e-07 index_kv max=1.2219e-06 rms=1.62574e-07 index_score max=1.96695e-06 rms=3.0146e-07 raw max=0.00390625 rms=8.63167e-05 rows=4
ds4: dspark batch state audit hybrid-vs-exact layer=3 n_comp 0/0 n_index 0/0 attn_kv max=7.36117e-06 rms=2.27751e-07 attn_score max=2.49147e-05 rms=nan index_kv max=0 rms=0 index_score max=0 rms=0 raw max=0.0625 rms=0.001392 rows=4
ds4: dspark batch state audit hybrid-vs-exact layer=4 n_comp 11/11 n_index 11/11 attn_kv max=0.000356019 rms=3.01241e-05 attn_score max=0.000856906 rms=8.75126e-05 index_kv max=0.000454664 rms=3.98798e-05 index_score max=0.000825047 rms=8.84747e-05 raw max=0.015625 rms=0.000607667 rows=4
ds4: dspark batch state audit hybrid-vs-exact layer=5 n_comp 0/0 n_index 0/0 attn_kv max=0.00011522 rms=3.19846e-06 attn_score max=0.000430167 rms=nan index_kv max=0 rms=0 index_score max=0 rms=0 raw max=0.03125 rms=0.000805386 rows=4
ds4: dspark batch state audit hybrid-vs-exact layer=6 n_comp 11/11 n_index 11/11 attn_kv max=0.000227153 rms=2.64806e-05 attn_score max=0.000940204 rms=0.000220541 index_kv max=0.000256702 rms=2.97394e-05 index_score max=0.00135654 rms=0.00022972 raw max=0.0625 rms=0.00241146 rows=4
ds4: dspark batch state audit hybrid-vs-exact layer=7 n_comp 0/0 n_index 0/0 attn_kv max=0.000213705 rms=7.88924e-06 attn_score max=0.000469446 rms=nan index_kv max=0 rms=0 index_score max=0 rms=0 raw max=0.125 rms=0.00496586 rows=4
ds4: dspark batch state audit hybrid-vs-exact layer=8 n_comp 11/11 n_index 11/11 attn_kv max=0.00108397 rms=0.000128354 attn_score max=0.00299448 rms=0.000581369 index_kv max=0.00142336 rms=0.000161619 index_score max=0.00354099 rms=0.000598408 raw max=0.125 rms=0.00490203 rows=4
ds4: dspark batch state audit hybrid-vs-exact layer=9 n_comp 0/0 n_index 0/0 attn_kv max=0.000336841 rms=1.3168e-05 attn_score max=0.00155663 rms=nan index_kv max=0 rms=0 index_score max=0 rms=0 raw max=0.125 rms=0.00564124 rows=4
ds4: dspark batch state audit hybrid-vs-exact layer=10 n_comp 11/11 n_index 11/11 attn_kv max=0.00143909 rms=0.000178397 attn_score max=0.00603926 rms=0.000999936 index_kv max=0.00217722 rms=0.000252171 index_score max=0.00627014 rms=0.00103761 raw max=0.125 rms=0.00604945 rows=4
ds4: dspark batch state audit hybrid-vs-exact layer=11 n_comp 0/0 n_index 0/0 attn_kv max=0.0010466 rms=2.23605e-05 attn_score max=0.00137055 rms=nan index_kv max=0 rms=0 index_score max=0 rms=0 raw max=0.125 rms=0.00785895 rows=4
ds4: dspark batch state audit hybrid-vs-exact layer=12 n_comp 11/11 n_index 11/11 attn_kv max=0.00244027 rms=0.000305854 attn_score max=0.0112433 rms=0.00227913 index_kv max=0.00831747 rms=0.000448712 index_score max=0.0125809 rms=0.00221408 raw max=0.125 rms=0.00777248 rows=4
ds4: dspark batch state audit hybrid-vs-exact layer=13 n_comp 0/0 n_index 0/0 attn_kv max=0.000911376 rms=3.12024e-05 attn_score max=0.00287122 rms=nan index_kv max=0 rms=0 index_score max=0 rms=0 raw max=0.125 rms=0.00671924 rows=4
ds4: dspark batch state audit hybrid-vs-exact layer=14 n_comp 11/11 n_index 11/11 attn_kv max=0.00644469 rms=0.000324542 attn_score max=0.0200157 rms=0.00387612 index_kv max=0.00356984 rms=0.000476207 index_score max=0.0307236 rms=0.00374331 raw max=0.125 rms=0.00828464 rows=4
ds4: dspark batch state audit hybrid-vs-exact layer=15 n_comp 0/0 n_index 0/0 attn_kv max=0.00101139 rms=4.55875e-05 attn_score max=0.00331613 rms=nan index_kv max=0 rms=0 index_score max=0 rms=0 raw max=0.125 rms=0.00911732 rows=4
ds4: dspark batch state audit hybrid-vs-exact layer=16 n_comp 11/11 n_index 11/11 attn_kv max=0.00236487 rms=0.000388972 attn_score max=0.0126238 rms=0.00419963 index_kv max=0.00370295 rms=0.000604147 index_score max=0.0146685 rms=0.00412973 raw max=0.125 rms=0.0100268 rows=4
ds4: dspark batch state audit hybrid-vs-exact layer=17 n_comp 0/0 n_index 0/0 attn_kv max=0.0029515 rms=0.000112182 attn_score max=0.00766206 rms=nan index_kv max=0 rms=0 index_score max=0 rms=0 raw max=0.125 rms=0.00882263 rows=4
ds4: dspark batch state audit hybrid-vs-exact layer=18 n_comp 11/11 n_index 11/11 attn_kv max=0.00137266 rms=0.000247064 attn_score max=0.0080688 rms=0.00199894 index_kv max=0.00240466 rms=0.000336742 index_score max=0.00800848 rms=0.00200578 raw max=0.125 rms=0.00871617 rows=4
ds4: dspark batch state audit hybrid-vs-exact layer=19 n_comp 0/0 n_index 0/0 attn_kv max=0.00132871 rms=3.53057e-05 attn_score max=0.00311896 rms=nan index_kv max=0 rms=0 index_score max=0 rms=0 raw max=0.25 rms=0.0118631 rows=4
ds4: dspark batch state audit hybrid-vs-exact layer=20 n_comp 11/11 n_index 11/11 attn_kv max=0.00300246 rms=0.000379781 attn_score max=0.01211 rms=0.00259973 index_kv max=0.00425959 rms=0.000526402 index_score max=0.0149398 rms=0.00269897 raw max=0.125 rms=0.0105836 rows=4
ds4: dspark batch state audit hybrid-vs-exact layer=21 n_comp 0/0 n_index 0/0 attn_kv max=0.00145161 rms=4.1672e-05 attn_score max=0.00295642 rms=nan index_kv max=0 rms=0 index_score max=0 rms=0 raw max=0.125 rms=0.0105411 rows=4
ds4: dspark batch state audit hybrid-vs-exact layer=22 n_comp 11/11 n_index 11/11 attn_kv max=0.00335509 rms=0.000425523 attn_score max=0.0118299 rms=0.00285234 index_kv max=0.00373597 rms=0.000636484 index_score max=0.0108347 rms=0.00294063 raw max=0.25 rms=0.0111181 rows=4
ds4: dspark batch state audit hybrid-vs-exact layer=23 n_comp 0/0 n_index 0/0 attn_kv max=0.0032177 rms=6.96079e-05 attn_score max=0.00297332 rms=nan index_kv max=0 rms=0 index_score max=0 rms=0 raw max=0.25 rms=0.0137432 rows=4
ds4: dspark batch state audit hybrid-vs-exact layer=24 n_comp 11/11 n_index 11/11 attn_kv max=0.00291488 rms=0.000411189 attn_score max=0.0125475 rms=0.00242771 index_kv max=0.00275421 rms=0.000499545 index_score max=0.0141382 rms=0.00216437 raw max=0.0625 rms=0.00590009 rows=4
ds4: dspark batch state audit hybrid-vs-exact layer=25 n_comp 0/0 n_index 0/0 attn_kv max=0.000691026 rms=1.93626e-05 attn_score max=0.00117376 rms=nan index_kv max=0 rms=0 index_score max=0 rms=0 raw max=0.125 rms=0.00677652 rows=4
ds4: dspark batch state audit hybrid-vs-exact layer=26 n_comp 11/11 n_index 11/11 attn_kv max=0.00167966 rms=0.000199489 attn_score max=0.00578213 rms=0.00248235 index_kv max=0.00205731 rms=0.000246031 index_score max=0.00807953 rms=0.00235851 raw max=0.125 rms=0.00934076 rows=4
ds4: dspark batch state audit hybrid-vs-exact layer=27 n_comp 0/0 n_index 0/0 attn_kv max=0.00135493 rms=3.8736e-05 attn_score max=0.00192645 rms=nan index_kv max=0 rms=0 index_score max=0 rms=0 raw max=0.25 rms=0.0107198 rows=4
ds4: dspark batch state audit hybrid-vs-exact layer=28 n_comp 11/11 n_index 11/11 attn_kv max=0.00180089 rms=0.000243949 attn_score max=0.0128129 rms=0.00244589 index_kv max=0.00179869 rms=0.000311448 index_score max=0.00976562 rms=0.0025218 raw max=0.125 rms=0.00899172 rows=4
ds4: dspark batch state audit hybrid-vs-exact layer=29 n_comp 0/0 n_index 0/0 attn_kv max=0.00127964 rms=4.084e-05 attn_score max=0.00306338 rms=nan index_kv max=0 rms=0 index_score max=0 rms=0 raw max=0.125 rms=0.00990083 rows=4
ds4: dspark batch state audit hybrid-vs-exact layer=30 n_comp 11/11 n_index 11/11 attn_kv max=0.00295199 rms=0.000262024 attn_score max=0.014069 rms=0.00250512 index_kv max=0.00222958 rms=0.000370561 index_score max=0.0137797 rms=0.0024116 raw max=0.125 rms=0.00743015 rows=4
ds4: dspark batch state audit hybrid-vs-exact layer=31 n_comp 0/0 n_index 0/0 attn_kv max=0.000723675 rms=2.89783e-05 attn_score max=0.00207311 rms=nan index_kv max=0 rms=0 index_score max=0 rms=0 raw max=0.125 rms=0.00935488 rows=4
ds4: dspark batch state audit hybrid-vs-exact layer=32 n_comp 11/11 n_index 11/11 attn_kv max=0.00130185 rms=0.000206976 attn_score max=0.0080452 rms=0.00317292 index_kv max=0.00238404 rms=0.000265365 index_score max=0.00983071 rms=0.00295215 raw max=0.25 rms=0.00845231 rows=4
ds4: dspark batch state audit hybrid-vs-exact layer=33 n_comp 0/0 n_index 0/0 attn_kv max=0.00136566 rms=4.22487e-05 attn_score max=0.00330033 rms=nan index_kv max=0 rms=0 index_score max=0 rms=0 raw max=0.25 rms=0.0109728 rows=4
ds4: dspark batch state audit hybrid-vs-exact layer=34 n_comp 11/11 n_index 11/11 attn_kv max=0.00312432 rms=0.00028127 attn_score max=0.054301 rms=0.0127602 index_kv max=0.00252616 rms=0.000356196 index_score max=0.0533705 rms=0.0125483 raw max=0.25 rms=0.0109782 rows=4
ds4: dspark batch state audit hybrid-vs-exact layer=35 n_comp 0/0 n_index 0/0 attn_kv max=0.00202477 rms=5.98667e-05 attn_score max=0.0036045 rms=nan index_kv max=0 rms=0 index_score max=0 rms=0 raw max=0.125 rms=0.00996472 rows=4
ds4: dspark batch state audit hybrid-vs-exact layer=36 n_comp 11/11 n_index 11/11 attn_kv max=0.00330397 rms=0.000302679 attn_score max=0.00971377 rms=0.00226474 index_kv max=0.00278254 rms=0.00033725 index_score max=0.00919592 rms=0.00230012 raw max=0.125 rms=0.00940416 rows=4
ds4: dspark batch state audit hybrid-vs-exact layer=37 n_comp 0/0 n_index 0/0 attn_kv max=0.00241232 rms=3.01505e-05 attn_score max=0.00813521 rms=nan index_kv max=0 rms=0 index_score max=0 rms=0 raw max=0.125 rms=0.00829159 rows=4
ds4: dspark batch state audit hybrid-vs-exact layer=38 n_comp 11/11 n_index 11/11 attn_kv max=0.0176818 rms=0.00186545 attn_score max=0.0534651 rms=0.00812254 index_kv max=0.0220685 rms=0.00247773 index_score max=0.0607991 rms=0.00733715 raw max=0.125 rms=0.01494 rows=4
ds4: dspark batch state audit hybrid-vs-exact layer=39 n_comp 0/0 n_index 0/0 attn_kv max=0.012545 rms=0.00031341 attn_score max=0.0544629 rms=nan index_kv max=0 rms=0 index_score max=0 rms=0 raw max=0.125 rms=0.0253134 rows=4
ds4: dspark batch state audit hybrid-vs-exact layer=40 n_comp 11/11 n_index 11/11 attn_kv max=0.0212532 rms=0.00207391 attn_score max=0.0988569 rms=0.0190124 index_kv max=0.0352554 rms=0.00246807 index_score max=0.0757504 rms=0.0184142 raw max=0.25 rms=0.0300672 rows=4
ds4: dspark batch state audit hybrid-vs-exact layer=41 n_comp 0/0 n_index 0/0 attn_kv max=0.00680409 rms=0.000201549 attn_score max=0.0192728 rms=nan index_kv max=0 rms=0 index_score max=0 rms=0 raw max=0.25 rms=0.0249886 rows=4
ds4: dspark batch state audit hybrid-vs-exact layer=42 n_comp 11/11 n_index 11/11 attn_kv max=0.00654236 rms=0.000627841 attn_score max=0.0223899 rms=0.00257419 index_kv max=0.00621569 rms=0.000651022 index_score max=0.0369235 rms=0.00305239 raw max=0.125 rms=0.0106985 rows=4
ds4: dspark batch state audit hybrid-vs-exact final_hc row=3 max=1.66002 rms=0.169186
ds4: dspark batch state audit hybrid-vs-exact dspark_target_hidden start=42 rows=4 max=0.518448 rms=0.0728136
ds4: dspark batch state audit hybrid-vs-exact dspark_kv_cache layer=0 start=42 rows=4 max=0.125 rms=0.0196594
ds4: dspark batch state audit hybrid-vs-exact dspark_kv_cache layer=1 start=42 rows=4 max=0.25 rms=0.0272742
ds4: dspark batch state audit hybrid-vs-exact dspark_kv_cache layer=2 start=42 rows=4 max=0.25 rms=0.0327435
ds4: dspark batch state audit hybrid-vs-exact summary eps=1e-05 mismatch_layers=41 first_stage=raw-kv first_layer=2 first_max=0.00390625 first_rms=8.63167e-05 max=1.66002 final_hc_max=1.66002 decode_hc_max=0 dspark_hidden max=0.518448 rms=0.0728136 dspark_kv max=0.25 rms=0.0272742 raw_rows=4 mtp_n_raw 0/0
ds4: dspark hybrid verifier profile n=4 layers=43 exact_prefix=0.000 ms attention=60.628 ms row_ffn_pre=11.253 ms row_router=12.910 ms batch_router=12.071 ms row_routed=35.847 ms row_shared=15.370 ms batch_tail=11.860 ms target_hidden=1.589 ms head=1.471 ms read=0.012 ms total=163.098 ms
ds4: dspark hybrid audit prefix drafted=4 committed=4 state_count=4 prefix_slots=3
ds4: dspark hybrid layer q-rope audit decodeN-attn-ffn-batch eps=1e-05 first=2 row=0 idx=24264 delta=1.2815e-05 h=0.554833 e=0.55482 max=2.43187e-05 rms=1.88116e-06 worst=22 row=0 idx=16861 worst_delta=0.0569426 h=-0.679785 e=-0.622842 worst_rms=0.00364239 layers=43 rows=4
ds4: dspark hybrid layer kv-cache-row audit decodeN-attn-ffn-batch eps=1e-05 first=4 row=0 idx=189 delta=1.52588e-05 h=0.00012207 e=0.000137329 max=1.52588e-05 rms=5.26661e-07 worst=14 row=0 idx=104 worst_delta=0.25 h=-2.75 e=-3 worst_rms=0.00750558 layers=43 rows=4
ds4: dspark hybrid layer attn-heads-raw audit decodeN-attn-ffn-batch eps=1e-05 first=1 row=0 idx=3037 delta=1.26362e-05 h=-3.94426 e=-3.94428 max=0.000213802 rms=1.81315e-06 worst=40 row=3 idx=22593 worst_delta=0.248904 h=-2.74205 e=-2.49314 worst_rms=0.0049587 layers=43 rows=4
ds4: dspark hybrid layer attn-heads audit decodeN-attn-ffn-batch eps=1e-05 first=1 row=0 idx=3036 delta=1.43051e-05 h=-5.64671 e=-5.64672 max=0.000213742 rms=1.81312e-06 worst=40 row=3 idx=22593 worst_delta=0.248904 h=-2.74205 e=-2.49314 worst_rms=0.0049587 layers=43 rows=4
ds4: dspark hybrid layer attn-out audit decodeN-attn-ffn-batch eps=1e-05 first=1 row=0 idx=7 delta=1.06096e-05 h=-0.109603 e=-0.109614 max=3.73125e-05 rms=7.37922e-06 worst=16 row=3 idx=322 worst_delta=0.341303 h=16.7497 e=17.091 worst_rms=0.0134884 layers=43 rows=4
ds4: dspark hybrid layer attn-HC audit decodeN-attn-ffn-batch eps=1e-05 first=3 row=3 idx=2949 delta=1.12504e-05 h=-0.17381 e=-0.173821 max=1.12504e-05 rms=7.66515e-07 worst=42 row=1 idx=7173 worst_delta=0.476826 h=-34.3424 e=-34.8192 worst_rms=0.0433624 layers=43 rows=4
ds4: dspark hybrid layer ffn-pre audit decodeN-attn-ffn-batch eps=1e-05 first=4 row=0 idx=2 delta=1.06096e-05 h=-0.166565 e=-0.166576 max=2.7284e-05 rms=4.33901e-06 worst=42 row=1 idx=3077 worst_delta=0.270588 h=-12.1603 e=-12.4309 worst_rms=0.0433751 layers=43 rows=4
ds4: dspark hybrid layer ffn-norm audit decodeN-attn-ffn-batch eps=1e-05 first=4 row=0 idx=2 delta=1.82688e-05 h=-0.321047 e=-0.321065 max=3.8486e-05 rms=8.46156e-06 worst=39 row=1 idx=2778 worst_delta=0.0324907 h=-1.12957 e=-1.09708 worst_rms=0.00558137 layers=43 rows=4
ds4: dspark hybrid layer routed-out audit decodeN-attn-ffn-batch eps=1e-05 first=4 row=0 idx=7 delta=1.38581e-05 h=-0.118138 e=-0.118124 max=2.14577e-05 rms=4.6558e-06 worst=42 row=3 idx=521 worst_delta=0.802548 h=-3.13108 e=-3.93363 worst_rms=0.0887016 layers=43 rows=4
ds4: dspark hybrid layer shared-out audit decodeN-attn-ffn-batch eps=1e-05 first=4 row=0 idx=871 delta=1.19153e-05 h=0.0295906 e=0.0295787 max=1.45882e-05 rms=2.67762e-06 worst=42 row=1 idx=2739 worst_delta=0.559464 h=63.2461 e=62.6867 worst_rms=0.0173384 layers=43 rows=4
ds4: dspark hybrid layer post-HC audit decodeN-attn-ffn-batch eps=1e-05 first=4 row=0 idx=2 delta=1.01104e-05 h=-0.0763935 e=-0.0764037 max=2.5548e-05 rms=2.73946e-06 worst=42 row=3 idx=14306 worst_delta=1.25292 h=121.713 e=122.966 worst_rms=0.0683916 layers=43 rows=4
ds4: dspark hybrid first divergence audit decodeN-attn-ffn-batch stage=attn-heads-raw layer=1 row=0 idx=3037 delta=1.26362e-05 h=-3.94426 e=-3.94428 layer_max=0.000213802 layer_rms=1.81315e-06
ds4: dspark hybrid audit commit logits top hybrid=201 exact=201 margin hybrid=12.732 exact=12.838 max=0.735413 rms=0.106697
ds4: dspark batch state audit hybrid-vs-exact layer=1 n_comp 0/0 n_index 0/0 attn_kv max=0 rms=0 attn_score max=0 rms=0 index_kv max=0 rms=0 index_score max=0 rms=0 raw max=0.000244141 rms=5.3948e-06 rows=4
ds4: dspark batch state audit hybrid-vs-exact layer=2 n_comp 12/12 n_index 12/12 attn_kv max=1.57952e-06 rms=1.98692e-07 attn_score max=3.39746e-06 rms=8.2265e-07 index_kv max=2.14577e-06 rms=2.73855e-07 index_score max=4.94719e-06 rms=7.80292e-07 raw max=6.10352e-05 rms=1.3487e-06 rows=4
ds4: dspark batch state audit hybrid-vs-exact layer=3 n_comp 0/0 n_index 0/0 attn_kv max=2.20537e-06 rms=6.98832e-08 attn_score max=6.61612e-06 rms=nan index_kv max=0 rms=0 index_score max=0 rms=0 raw max=0.000244141 rms=6.08789e-06 rows=4
ds4: dspark batch state audit hybrid-vs-exact layer=4 n_comp 12/12 n_index 12/12 attn_kv max=3.39746e-06 rms=4.32692e-07 attn_score max=1.2517e-05 rms=2.75489e-06 index_kv max=5.96046e-06 rms=5.71923e-07 index_score max=1.2517e-05 rms=2.92885e-06 raw max=1.52588e-05 rms=5.05762e-07 rows=4
ds4: dspark batch state audit hybrid-vs-exact layer=5 n_comp 0/0 n_index 0/0 attn_kv max=5.39422e-06 rms=2.26557e-07 attn_score max=1.41039e-05 rms=nan index_kv max=0 rms=0 index_score max=0 rms=0 raw max=0.000976562 rms=2.42476e-05 rows=4
ds4: dspark batch state audit hybrid-vs-exact layer=6 n_comp 12/12 n_index 12/12 attn_kv max=1.94423e-05 rms=2.56378e-06 attn_score max=9.43542e-05 rms=1.41084e-05 index_kv max=3.77893e-05 rms=2.90543e-06 index_score max=9.28044e-05 rms=1.4185e-05 raw max=0.000976562 rms=3.4132e-05 rows=4
ds4: dspark batch state audit hybrid-vs-exact layer=7 n_comp 0/0 n_index 0/0 attn_kv max=1.04159e-05 rms=3.20281e-07 attn_score max=4.27961e-05 rms=nan index_kv max=0 rms=0 index_score max=0 rms=0 raw max=0.000976562 rms=3.11956e-05 rows=4
ds4: dspark batch state audit hybrid-vs-exact layer=8 n_comp 12/12 n_index 12/12 attn_kv max=4.23938e-05 rms=4.69629e-06 attn_score max=0.000192881 rms=3.85254e-05 index_kv max=5.36591e-05 rms=6.4843e-06 index_score max=0.000179291 rms=3.88691e-05 raw max=0.0625 rms=0.00139303 rows=4
ds4: dspark batch state audit hybrid-vs-exact layer=9 n_comp 0/0 n_index 0/0 attn_kv max=0.000107408 rms=3.01235e-06 attn_score max=0.000134081 rms=nan index_kv max=0 rms=0 index_score max=0 rms=0 raw max=0.125 rms=0.00279924 rows=4
ds4: dspark batch state audit hybrid-vs-exact layer=10 n_comp 12/12 n_index 12/12 attn_kv max=0.00110811 rms=0.000128977 attn_score max=0.00275671 rms=0.000422682 index_kv max=0.00221813 rms=0.000171307 index_score max=0.00277758 rms=0.000472545 raw max=0.125 rms=0.00567191 rows=4
ds4: dspark batch state audit hybrid-vs-exact layer=11 n_comp 0/0 n_index 0/0 attn_kv max=0.000950664 rms=1.76357e-05 attn_score max=0.00143129 rms=nan index_kv max=0 rms=0 index_score max=0 rms=0 raw max=0.125 rms=0.00504716 rows=4
ds4: dspark batch state audit hybrid-vs-exact layer=12 n_comp 12/12 n_index 12/12 attn_kv max=0.00113413 rms=0.000132902 attn_score max=0.0058589 rms=0.00169203 index_kv max=0.00377846 rms=0.000201479 index_score max=0.00588703 rms=0.00160679 raw max=0.125 rms=0.00419528 rows=4
ds4: dspark batch state audit hybrid-vs-exact layer=13 n_comp 0/0 n_index 0/0 attn_kv max=0.000644773 rms=1.54049e-05 attn_score max=0.000795096 rms=nan index_kv max=0 rms=0 index_score max=0 rms=0 raw max=0.125 rms=0.00581877 rows=4
ds4: dspark batch state audit hybrid-vs-exact layer=14 n_comp 12/12 n_index 12/12 attn_kv max=0.00224447 rms=0.000155604 attn_score max=0.00610447 rms=0.00127411 index_kv max=0.00275236 rms=0.000243171 index_score max=0.00991297 rms=0.00124387 raw max=0.25 rms=0.00750632 rows=4
ds4: dspark batch state audit hybrid-vs-exact layer=15 n_comp 0/0 n_index 0/0 attn_kv max=0.000852257 rms=3.69025e-05 attn_score max=0.00409204 rms=nan index_kv max=0 rms=0 index_score max=0 rms=0 raw max=0.25 rms=0.00900137 rows=4
ds4: dspark batch state audit hybrid-vs-exact layer=16 n_comp 12/12 n_index 12/12 attn_kv max=0.00247005 rms=0.000406695 attn_score max=0.00620365 rms=0.00227906 index_kv max=0.00336095 rms=0.000654074 index_score max=0.00903964 rms=0.00224338 raw max=0.125 rms=0.0115648 rows=4
ds4: dspark batch state audit hybrid-vs-exact layer=17 n_comp 0/0 n_index 0/0 attn_kv max=0.0032865 rms=0.000114441 attn_score max=0.00608921 rms=nan index_kv max=0 rms=0 index_score max=0 rms=0 raw max=0.125 rms=0.0115014 rows=4
ds4: dspark batch state audit hybrid-vs-exact layer=18 n_comp 12/12 n_index 12/12 attn_kv max=0.00199392 rms=0.00028263 attn_score max=0.0125029 rms=0.00333852 index_kv max=0.00357997 rms=0.000466707 index_score max=0.0132704 rms=0.00332584 raw max=0.125 rms=0.00963407 rows=4
ds4: dspark batch state audit hybrid-vs-exact layer=19 n_comp 0/0 n_index 0/0 attn_kv max=0.00150314 rms=4.26448e-05 attn_score max=0.00368339 rms=nan index_kv max=0 rms=0 index_score max=0 rms=0 raw max=0.25 rms=0.0133863 rows=4
ds4: dspark batch state audit hybrid-vs-exact layer=20 n_comp 12/12 n_index 12/12 attn_kv max=0.00277865 rms=0.000433467 attn_score max=0.0134499 rms=0.00356021 index_kv max=0.00331001 rms=0.000589342 index_score max=0.016151 rms=0.00366326 raw max=0.25 rms=0.0138152 rows=4
ds4: dspark batch state audit hybrid-vs-exact layer=21 n_comp 0/0 n_index 0/0 attn_kv max=0.00170988 rms=5.21794e-05 attn_score max=0.00477326 rms=nan index_kv max=0 rms=0 index_score max=0 rms=0 raw max=0.25 rms=0.0135854 rows=4
ds4: dspark batch state audit hybrid-vs-exact layer=22 n_comp 12/12 n_index 12/12 attn_kv max=0.00756615 rms=0.000568681 attn_score max=0.0432059 rms=0.00698643 index_kv max=0.0105833 rms=0.000962582 index_score max=0.0388433 rms=0.00702511 raw max=0.25 rms=0.0138211 rows=4
ds4: dspark batch state audit hybrid-vs-exact layer=23 n_comp 0/0 n_index 0/0 attn_kv max=0.00331926 rms=8.83717e-05 attn_score max=0.00453955 rms=nan index_kv max=0 rms=0 index_score max=0 rms=0 raw max=0.25 rms=0.0133615 rows=4
ds4: dspark batch state audit hybrid-vs-exact layer=24 n_comp 12/12 n_index 12/12 attn_kv max=0.00403229 rms=0.000536802 attn_score max=0.0156884 rms=0.002745 index_kv max=0.00428176 rms=0.000719124 index_score max=0.0203385 rms=0.00305849 raw max=0.125 rms=0.0101056 rows=4
ds4: dspark batch state audit hybrid-vs-exact layer=25 n_comp 0/0 n_index 0/0 attn_kv max=0.000624537 rms=2.46787e-05 attn_score max=0.0022468 rms=nan index_kv max=0 rms=0 index_score max=0 rms=0 raw max=0.125 rms=0.0110352 rows=4
ds4: dspark batch state audit hybrid-vs-exact layer=26 n_comp 12/12 n_index 12/12 attn_kv max=0.00221241 rms=0.000251828 attn_score max=0.0234773 rms=0.0066144 index_kv max=0.00226054 rms=0.000287181 index_score max=0.030632 rms=0.00646281 raw max=0.25 rms=0.0108705 rows=4
ds4: dspark batch state audit hybrid-vs-exact layer=27 n_comp 0/0 n_index 0/0 attn_kv max=0.00157437 rms=5.39548e-05 attn_score max=0.00288534 rms=nan index_kv max=0 rms=0 index_score max=0 rms=0 raw max=0.25 rms=0.0122121 rows=4
ds4: dspark batch state audit hybrid-vs-exact layer=28 n_comp 12/12 n_index 12/12 attn_kv max=0.00205112 rms=0.00032104 attn_score max=0.0163674 rms=0.00489207 index_kv max=0.0024257 rms=0.000404729 index_score max=0.0142181 rms=0.00497025 raw max=0.125 rms=0.0110175 rows=4
ds4: dspark batch state audit hybrid-vs-exact layer=29 n_comp 0/0 n_index 0/0 attn_kv max=0.00201163 rms=5.89023e-05 attn_score max=0.00608623 rms=nan index_kv max=0 rms=0 index_score max=0 rms=0 raw max=0.125 rms=0.0120254 rows=4
ds4: dspark batch state audit hybrid-vs-exact layer=30 n_comp 12/12 n_index 12/12 attn_kv max=0.00684135 rms=0.000427518 attn_score max=0.0344932 rms=0.0050497 index_kv max=0.00542802 rms=0.000582783 index_score max=0.0318317 rms=0.00500479 raw max=0.125 rms=0.00759214 rows=4
ds4: dspark batch state audit hybrid-vs-exact layer=31 n_comp 0/0 n_index 0/0 attn_kv max=0.00107551 rms=4.40987e-05 attn_score max=0.00245154 rms=nan index_kv max=0 rms=0 index_score max=0 rms=0 raw max=0.125 rms=0.0102331 rows=4
ds4: dspark batch state audit hybrid-vs-exact layer=32 n_comp 12/12 n_index 12/12 attn_kv max=0.00294104 rms=0.000280124 attn_score max=0.0264573 rms=0.00695969 index_kv max=0.00299871 rms=0.000360674 index_score max=0.0269518 rms=0.00658712 raw max=0.125 rms=0.0097904 rows=4
ds4: dspark batch state audit hybrid-vs-exact layer=33 n_comp 0/0 n_index 0/0 attn_kv max=0.00128766 rms=6.10254e-05 attn_score max=0.00318074 rms=nan index_kv max=0 rms=0 index_score max=0 rms=0 raw max=0.125 rms=0.0117276 rows=4
ds4: dspark batch state audit hybrid-vs-exact layer=34 n_comp 12/12 n_index 12/12 attn_kv max=0.00337863 rms=0.000373082 attn_score max=0.101674 rms=0.0190481 index_kv max=0.00306463 rms=0.000463548 index_score max=0.100592 rms=0.0186929 raw max=0.25 rms=0.0135733 rows=4
ds4: dspark batch state audit hybrid-vs-exact layer=35 n_comp 0/0 n_index 0/0 attn_kv max=0.00286937 rms=8.15783e-05 attn_score max=0.00411409 rms=nan index_kv max=0 rms=0 index_score max=0 rms=0 raw max=0.25 rms=0.0140826 rows=4
ds4: dspark batch state audit hybrid-vs-exact layer=36 n_comp 12/12 n_index 12/12 attn_kv max=0.00314081 rms=0.000472302 attn_score max=0.0234939 rms=0.00489017 index_kv max=0.00252336 rms=0.000489178 index_score max=0.0224642 rms=0.00514289 raw max=0.125 rms=0.0131927 rows=4
ds4: dspark batch state audit hybrid-vs-exact layer=37 n_comp 0/0 n_index 0/0 attn_kv max=0.0036338 rms=4.43287e-05 attn_score max=0.00500351 rms=nan index_kv max=0 rms=0 index_score max=0 rms=0 raw max=0.125 rms=0.0129757 rows=4
ds4: dspark batch state audit hybrid-vs-exact layer=38 n_comp 12/12 n_index 12/12 attn_kv max=0.00742483 rms=0.000929574 attn_score max=0.0315018 rms=0.00605084 index_kv max=0.0200529 rms=0.00121832 index_score max=0.0278435 rms=0.00570482 raw max=0.125 rms=0.0104686 rows=4
ds4: dspark batch state audit hybrid-vs-exact layer=39 n_comp 0/0 n_index 0/0 attn_kv max=0.00438184 rms=8.81259e-05 attn_score max=0.00966287 rms=nan index_kv max=0 rms=0 index_score max=0 rms=0 raw max=0.25 rms=0.0152871 rows=4
ds4: dspark batch state audit hybrid-vs-exact layer=40 n_comp 12/12 n_index 12/12 attn_kv max=0.00621592 rms=0.000805986 attn_score max=0.0820532 rms=0.0131449 index_kv max=0.00755633 rms=0.00118864 index_score max=0.0754948 rms=0.0128969 raw max=0.25 rms=0.0199542 rows=4
ds4: dspark batch state audit hybrid-vs-exact layer=41 n_comp 0/0 n_index 0/0 attn_kv max=0.00390893 rms=9.35003e-05 attn_score max=0.00709581 rms=nan index_kv max=0 rms=0 index_score max=0 rms=0 raw max=0.25 rms=0.0185441 rows=4
ds4: dspark batch state audit hybrid-vs-exact layer=42 n_comp 12/12 n_index 12/12 attn_kv max=0.00655136 rms=0.000564933 attn_score max=0.0270518 rms=0.00262606 index_kv max=0.00449908 rms=0.000621556 index_score max=0.0246803 rms=0.00292116 raw max=0.125 rms=0.010213 rows=4
ds4: dspark batch state audit hybrid-vs-exact final_hc row=3 max=1.25292 rms=0.114985
ds4: dspark batch state audit hybrid-vs-exact dspark_target_hidden start=47 rows=4 max=0.50264 rms=0.0342282
ds4: dspark batch state audit hybrid-vs-exact dspark_kv_cache layer=0 start=47 rows=4 max=0.125 rms=0.0141832
ds4: dspark batch state audit hybrid-vs-exact dspark_kv_cache layer=1 start=47 rows=4 max=0.25 rms=0.01955
ds4: dspark batch state audit hybrid-vs-exact dspark_kv_cache layer=2 start=47 rows=4 max=0.125 rms=0.0182279
ds4: dspark batch state audit hybrid-vs-exact summary eps=1e-05 mismatch_layers=42 first_stage=raw-kv first_layer=1 first_max=0.000244141 first_rms=5.3948e-06 max=1.25292 final_hc_max=1.25292 decode_hc_max=0 dspark_hidden max=0.50264 rms=0.0342282 dspark_kv max=0.25 rms=0.01955 raw_rows=4 mtp_n_raw 0/0
ds4: ----------------------------------------
ds4: prefill: 5.59 t/s, generation: 10.74 t/s (32 tokens in 2.979s)
ds4: dspark acceptance: 63.9% (23/36 draft tokens)
ds4: dspark acceptance by position: 1=8/9 2=6/9 3=5/9 4=4/9
ds4: dspark avg scheduled: 4.00 draft tokens/block (9 blocks)
ds4: Flash-MoE resident slot bank: resident-slots=11008/11008 (100.0%, avg=256.0/layer) installed=72.56 GiB
