ds4: detected DS4 sidecar package: -m /Users/anemll/Models/flash/dsv4-iq2xxs-expert-major/dense/model-dense.gguf, --moe-sidecar /Users/anemll/Models/flash/dsv4-iq2xxs-expert-major, --moe-mode slot-bank
ds4: applied sidecar tuning profile [Apple M5 Max] from ds4_profile.json (51 env defaults set, 0 kept from environment)
ds4: warning: raw KV cap limits Metal prefill chunk (prefill_chunk=4096, raw_kv_rows=4096, raw_window=128, effective_chunk=3968; target raw cap for one chunk is 4352, also requires ctx >= that value)
ds4: context buffers 429.99 MiB (ctx=4096, backend=metal, prefill_chunk=4096, raw_kv_rows=4096, compressed_kv_rows=1026)
ds4: Flash-MoE sidecar loaded: /Users/anemll/Models/flash/dsv4-iq2xxs-expert-major (slot-bank=256, expert-record 6.75 MiB)
ds4: Flash-MoE expert mmap cache: off; expert reads: pread
ds4: Metal device Apple M5 Max, 128.00 GiB RAM, GPU working-set budget 107.52 GiB (raise with: sudo sysctl iogpu.wired_limit_mb=<MB>)
ds4: drift-patch flags hc_stable=on norm_unify=on kv_raw_f32=off rope_exp2_log2=off math_safe=off tensor_matmul=off
ds4: MXFP4 native library (MSL 4.1): repack=ok selected-repack=ok selected-plane-copy=ok scale-plane matmul=ok selected-matmul=ok decode2=pair/sum6 batch-decode2=pair/sum6 batch-strided=pair/sum6 hybrid-down=sum6 chunked-decode2=pair/sum6
ds4: DS4_MXFP4_NATIVE=1: native MXFP4 available (MPP 4.1 scale-plane matmul2d)
ds4: DSpark resident expert cache: ranges=9 bytes=9.56 GiB (persistent; debug opt-out requires DS4_DSPARK_ALLOW_NONRESIDENT=1)
ds4: DSpark sidecar Metal residency requested: buffers=9 bytes=9.56 GiB
ds4: DSpark draft package loaded: /Users/anemll/Models/DSv4-Flash-DSpark-draft (block=5 verify=4 scheduler=static conf=0.000 noise=128799 target_layers=40,41,42 markov_rank=256 records=81 mapped=10.12 GiB)
ds4: DSpark draft records: F32=41 F16=6 FP8_E4M3=25 MXFP4_NATIVE=9
ds4: DSpark draft inference enabled: MPP 4.1 FP8/MXFP4 draft kernels, fused routed-MoE per draft layer, persistent resident experts, greedy Markov head, exact verifier v1
ds4: Flash-MoE using mmap-backed dense/shared weights without full-model Metal residency warmup
ds4: Metal model views created in 0.277 ms, residency requested in 0.000 ms, warmup 0.000 ms (mapped 8393.67 MiB from offset 5.06 MiB)
ds4: Metal mapped mmaped model as 1 overlapping shared buffers
ds4: metal backend initialized for graph diagnostics
ds4: prefill routed-MoE (requested): mul_mm_id (grouped GPU / ALU)  [grouped path]
ds4: prefill quant scales (ANE env first): w_qscale=512 x_qscale=32 mid_qscale=32 w_scale=0.00195312 x_scale=0.03125 mid_scale=0.03125
ds4: prefill ctx-grow: on, block=16384 tokens
ds4: prefill chunk cap: 16384, graph_raw_cap=auto
ds4: Flash-MoE resident mixed slot-bank load: layers=43 slots=256 bytes=72.56 GiB (one dot per layer)
ds4: Flash-MoE resident prepare: ........................................... 72.56/72.56 GiB (43 layers)
ds4: Flash-MoE resident preload: ........................................... 72.56/72.56 GiB (43 layers)
ds4: Flash-MoE preloaded mixed slot bank: layers=43 slots=256 identity-mapped experts=256
ds4: Flash-MoE slot-bank Metal residency requested: buffers=43 bytes=72.56 GiB
ds4: Flash-MoE slot-bank pages touched: buffers=43 bytes=72.56 GiB
ds4: Flash-MoE slot banks allocated: layers=43 slots=256 gpu-bank=72.6GB Dense: 8.2GB Context: 0.4GB Total <<<< 81.2GB >>>>
ds4: Flash-MoE slot bank layout: mixed expert-major
ds4: warning: very large Flash-MoE slot bank can collapse decode throughput (slots=256, gpu-bank=72.56 GiB). The wired bank competes with the OS file cache that serves decode-miss reads of the sidecar; when the sidecar is larger than RAM, smaller banks decode faster. Compare --moe-slot-bank 32/48/64 or use --ssd-cache auto.
ds4: prefill compute: routed experts = ANE i8i8 (W8A8) | dense proj = Q8 direct-RHS NAX; K-quant dense = fused mul_mm_id batch
ds4: prefill I/O: io-split=4 async-pread=on pread-threads=4 readahead=12 bank-prefetch=3 slot-cache-topk=0 xlayer=auto<=6k-tok topk=128
ds4: decode  I/O: io-split=4 router-prefetch=off scratch-prefetch=off max-loads=0 layer-stride=1 miss-direct-slot-pread=on prefetch-direct-slot-pread=off did-modify=on shared-down=on reset-after-prefill=off realloc-after-prefill=off restore-after-prefill=off resident=slot-bank slots=256
ds4: Flash-MoE banked kernels using M5 simdgroup_matrix fast path (prefetch=3, banks=4)
ds4: WARNING: prefill chunk 4096 clamped to 3968 by raw-KV cap (raw_cap=4096, window=128). Set DS4_METAL_GRAPH_RAW_CAP >= 4224 (window + chunk) — or unset it to auto-size — to honor the chunk.
ds4: prefill chunk cap EFFECTIVE=3968 tokens (DS4_METAL_PREFILL_CHUNK=16384), CLAMPED by raw-KV-cap (ctx-grow) (resident-NAX tiles this by scratch_cap; that tile gates the sync bridge)
processing 19 input tokens: 0/19 (0.0%) batch=0.00 t/s avg=0.00 t/s
ds4: ANE i8w-i8x-tiled-fused cached async prefill B=256 H=4096 I=2048 w_scale=0.00195312 x_scale=0.03125 mid_scale=0.03125
ds4: metal layer stage part=attn layer=0 pos=0 tokens=19 hc_pre=14.317 ms
ds4: metal layer stage part=attn layer=0 pos=0 tokens=19 norm=1.915 ms
ds4: metal layer stage part=attn layer=0 pos=0 tokens=19 q_path=20.460 ms
ds4: metal layer stage part=attn layer=0 pos=0 tokens=19 kv_path=0.866 ms
ds4: metal layer stage part=attn layer=0 pos=0 tokens=19 attention=17.488 ms
ds4: metal layer stage part=attn layer=0 pos=0 tokens=19 inv_rope=0.279 ms
ds4: metal layer stage part=attn layer=0 pos=0 tokens=19 output_proj=9.431 ms
ds4: metal layer stage part=attn layer=0 pos=0 tokens=19 hc_post=6.950 ms
ds4: metal layer stage part=ffn layer=0 pos=0 tokens=19 hc_pre=1.852 ms
ds4: metal layer stage part=ffn layer=0 pos=0 tokens=19 norm=1.168 ms
ds4: metal layer stage part=ffn layer=0 pos=0 tokens=19 router=1.154 ms
ds4: metal layer stage part=ffn layer=0 pos=0 tokens=19 routed_moe=32.057 ms
ds4: metal layer stage part=ffn layer=0 pos=0 tokens=19 shared_gate_up=1.795 ms
ds4: metal layer stage part=ffn layer=0 pos=0 tokens=19 shared_down=1.725 ms
ds4: metal layer stage part=ffn layer=0 pos=0 tokens=19 hc_post=6.314 ms
processing 19 input tokens: 0/19 (0.0%) batch=0.00 t/s avg=0.00 t/s
ds4: metal layer stage part=attn layer=1 pos=0 tokens=19 hc_pre=0.803 ms
ds4: metal layer stage part=attn layer=1 pos=0 tokens=19 norm=0.241 ms
ds4: metal layer stage part=attn layer=1 pos=0 tokens=19 q_path=0.850 ms
ds4: metal layer stage part=attn layer=1 pos=0 tokens=19 kv_path=0.393 ms
ds4: metal layer stage part=attn layer=1 pos=0 tokens=19 attention=0.932 ms
ds4: metal layer stage part=attn layer=1 pos=0 tokens=19 inv_rope=0.293 ms
ds4: metal layer stage part=attn layer=1 pos=0 tokens=19 output_proj=1.324 ms
ds4: metal layer stage part=attn layer=1 pos=0 tokens=19 hc_post=0.241 ms
ds4: metal layer stage part=ffn layer=1 pos=0 tokens=19 hc_pre=0.686 ms
ds4: metal layer stage part=ffn layer=1 pos=0 tokens=19 norm=0.205 ms
ds4: metal layer stage part=ffn layer=1 pos=0 tokens=19 router=0.328 ms
ds4: metal layer stage part=ffn layer=1 pos=0 tokens=19 routed_moe=22.869 ms
ds4: metal layer stage part=ffn layer=1 pos=0 tokens=19 shared_gate_up=0.553 ms
ds4: metal layer stage part=ffn layer=1 pos=0 tokens=19 shared_down=0.310 ms
ds4: metal layer stage part=ffn layer=1 pos=0 tokens=19 hc_post=0.209 ms
processing 19 input tokens: 0/19 (0.0%) batch=0.00 t/s avg=0.00 t/s
ds4: metal layer stage part=attn layer=2 pos=0 tokens=19 hc_pre=0.658 ms
ds4: metal layer stage part=attn layer=2 pos=0 tokens=19 norm=0.219 ms
ds4: metal layer stage part=attn layer=2 pos=0 tokens=19 q_path=0.815 ms
ds4: metal layer stage part=attn layer=2 pos=0 tokens=19 kv_path=0.235 ms
ds4: metal layer stage part=attn layer=2 pos=0 tokens=19 compressor=1.445 ms
ds4: metal layer stage part=attn layer=2 pos=0 tokens=19 indexer_setup=3.793 ms
ds4: metal layer stage part=attn layer=2 pos=0 tokens=19 attention=0.896 ms
ds4: metal layer stage part=attn layer=2 pos=0 tokens=19 inv_rope=0.209 ms
ds4: metal layer stage part=attn layer=2 pos=0 tokens=19 output_proj=1.315 ms
ds4: metal layer stage part=attn layer=2 pos=0 tokens=19 hc_post=0.252 ms
ds4: metal layer stage part=ffn layer=2 pos=0 tokens=19 hc_pre=0.684 ms
ds4: metal layer stage part=ffn layer=2 pos=0 tokens=19 norm=0.231 ms
ds4: metal layer stage part=ffn layer=2 pos=0 tokens=19 router=0.377 ms
ds4: metal layer stage part=ffn layer=2 pos=0 tokens=19 routed_moe=23.975 ms
ds4: metal layer stage part=ffn layer=2 pos=0 tokens=19 shared_gate_up=0.562 ms
ds4: metal layer stage part=ffn layer=2 pos=0 tokens=19 shared_down=0.308 ms
ds4: metal layer stage part=ffn layer=2 pos=0 tokens=19 hc_post=0.203 ms
processing 19 input tokens: 1/19 (5.3%) batch=27.62 t/s avg=0.65 t/s
ds4: metal layer stage part=attn layer=3 pos=0 tokens=19 hc_pre=0.715 ms
ds4: metal layer stage part=attn layer=3 pos=0 tokens=19 norm=0.243 ms
ds4: metal layer stage part=attn layer=3 pos=0 tokens=19 q_path=0.831 ms
ds4: metal layer stage part=attn layer=3 pos=0 tokens=19 kv_path=0.223 ms
ds4: metal layer stage part=attn layer=3 pos=0 tokens=19 compressor=0.664 ms
ds4: metal layer stage part=attn layer=3 pos=0 tokens=19 attention=0.860 ms
ds4: metal layer stage part=attn layer=3 pos=0 tokens=19 inv_rope=0.242 ms
ds4: metal layer stage part=attn layer=3 pos=0 tokens=19 output_proj=1.327 ms
ds4: metal layer stage part=attn layer=3 pos=0 tokens=19 hc_post=0.263 ms
ds4: metal layer stage part=ffn layer=3 pos=0 tokens=19 hc_pre=0.694 ms
ds4: metal layer stage part=ffn layer=3 pos=0 tokens=19 norm=0.255 ms
ds4: metal layer stage part=ffn layer=3 pos=0 tokens=19 router=0.399 ms
ds4: metal layer stage part=ffn layer=3 pos=0 tokens=19 routed_moe=15.879 ms
ds4: metal layer stage part=ffn layer=3 pos=0 tokens=19 shared_gate_up=0.541 ms
ds4: metal layer stage part=ffn layer=3 pos=0 tokens=19 shared_down=0.272 ms
ds4: metal layer stage part=ffn layer=3 pos=0 tokens=19 hc_post=0.211 ms
processing 19 input tokens: 1/19 (5.3%) batch=0.00 t/s avg=0.64 t/s
ds4: metal layer stage part=attn layer=4 pos=0 tokens=19 hc_pre=0.680 ms
ds4: metal layer stage part=attn layer=4 pos=0 tokens=19 norm=0.229 ms
ds4: metal layer stage part=attn layer=4 pos=0 tokens=19 q_path=0.844 ms
ds4: metal layer stage part=attn layer=4 pos=0 tokens=19 kv_path=0.241 ms
ds4: metal layer stage part=attn layer=4 pos=0 tokens=19 compressor=0.853 ms
ds4: metal layer stage part=attn layer=4 pos=0 tokens=19 indexer_setup=0.817 ms
ds4: metal layer stage part=attn layer=4 pos=0 tokens=19 attention=0.872 ms
ds4: metal layer stage part=attn layer=4 pos=0 tokens=19 inv_rope=0.350 ms
ds4: metal layer stage part=attn layer=4 pos=0 tokens=19 output_proj=1.294 ms
ds4: metal layer stage part=attn layer=4 pos=0 tokens=19 hc_post=0.285 ms
ds4: metal layer stage part=ffn layer=4 pos=0 tokens=19 hc_pre=0.691 ms
ds4: metal layer stage part=ffn layer=4 pos=0 tokens=19 norm=0.265 ms
ds4: metal layer stage part=ffn layer=4 pos=0 tokens=19 router=0.393 ms
ds4: metal layer stage part=ffn layer=4 pos=0 tokens=19 routed_moe=13.301 ms
ds4: metal layer stage part=ffn layer=4 pos=0 tokens=19 shared_gate_up=0.569 ms
ds4: metal layer stage part=ffn layer=4 pos=0 tokens=19 shared_down=0.308 ms
ds4: metal layer stage part=ffn layer=4 pos=0 tokens=19 hc_post=0.260 ms
processing 19 input tokens: 2/19 (10.5%) batch=44.90 t/s avg=1.26 t/s
ds4: metal layer stage part=attn layer=5 pos=0 tokens=19 hc_pre=0.698 ms
ds4: metal layer stage part=attn layer=5 pos=0 tokens=19 norm=0.237 ms
ds4: metal layer stage part=attn layer=5 pos=0 tokens=19 q_path=0.790 ms
ds4: metal layer stage part=attn layer=5 pos=0 tokens=19 kv_path=0.217 ms
ds4: metal layer stage part=attn layer=5 pos=0 tokens=19 compressor=0.684 ms
ds4: metal layer stage part=attn layer=5 pos=0 tokens=19 attention=0.829 ms
ds4: metal layer stage part=attn layer=5 pos=0 tokens=19 inv_rope=0.235 ms
ds4: metal layer stage part=attn layer=5 pos=0 tokens=19 output_proj=1.386 ms
ds4: metal layer stage part=attn layer=5 pos=0 tokens=19 hc_post=0.238 ms
ds4: metal layer stage part=ffn layer=5 pos=0 tokens=19 hc_pre=0.649 ms
ds4: metal layer stage part=ffn layer=5 pos=0 tokens=19 norm=0.187 ms
ds4: metal layer stage part=ffn layer=5 pos=0 tokens=19 router=0.347 ms
ds4: metal layer stage part=ffn layer=5 pos=0 tokens=19 routed_moe=12.654 ms
ds4: metal layer stage part=ffn layer=5 pos=0 tokens=19 shared_gate_up=0.540 ms
ds4: metal layer stage part=ffn layer=5 pos=0 tokens=19 shared_down=0.316 ms
ds4: metal layer stage part=ffn layer=5 pos=0 tokens=19 hc_post=0.209 ms
processing 19 input tokens: 2/19 (10.5%) batch=0.00 t/s avg=1.25 t/s
ds4: metal layer stage part=attn layer=6 pos=0 tokens=19 hc_pre=0.624 ms
ds4: metal layer stage part=attn layer=6 pos=0 tokens=19 norm=0.243 ms
ds4: metal layer stage part=attn layer=6 pos=0 tokens=19 q_path=0.819 ms
ds4: metal layer stage part=attn layer=6 pos=0 tokens=19 kv_path=0.245 ms
ds4: metal layer stage part=attn layer=6 pos=0 tokens=19 compressor=0.863 ms
ds4: metal layer stage part=attn layer=6 pos=0 tokens=19 indexer_setup=0.836 ms
ds4: metal layer stage part=attn layer=6 pos=0 tokens=19 attention=0.876 ms
ds4: metal layer stage part=attn layer=6 pos=0 tokens=19 inv_rope=0.240 ms
ds4: metal layer stage part=attn layer=6 pos=0 tokens=19 output_proj=1.228 ms
ds4: metal layer stage part=attn layer=6 pos=0 tokens=19 hc_post=0.201 ms
ds4: metal layer stage part=ffn layer=6 pos=0 tokens=19 hc_pre=0.722 ms
ds4: metal layer stage part=ffn layer=6 pos=0 tokens=19 norm=0.230 ms
ds4: metal layer stage part=ffn layer=6 pos=0 tokens=19 router=0.370 ms
ds4: metal layer stage part=ffn layer=6 pos=0 tokens=19 routed_moe=13.599 ms
ds4: metal layer stage part=ffn layer=6 pos=0 tokens=19 shared_gate_up=0.546 ms
ds4: metal layer stage part=ffn layer=6 pos=0 tokens=19 shared_down=0.315 ms
ds4: metal layer stage part=ffn layer=6 pos=0 tokens=19 hc_post=0.232 ms
processing 19 input tokens: 3/19 (15.8%) batch=45.03 t/s avg=1.84 t/s
ds4: metal layer stage part=attn layer=7 pos=0 tokens=19 hc_pre=0.696 ms
ds4: metal layer stage part=attn layer=7 pos=0 tokens=19 norm=0.228 ms
ds4: metal layer stage part=attn layer=7 pos=0 tokens=19 q_path=0.803 ms
ds4: metal layer stage part=attn layer=7 pos=0 tokens=19 kv_path=0.213 ms
ds4: metal layer stage part=attn layer=7 pos=0 tokens=19 compressor=1.018 ms
ds4: metal layer stage part=attn layer=7 pos=0 tokens=19 attention=0.882 ms
ds4: metal layer stage part=attn layer=7 pos=0 tokens=19 inv_rope=0.198 ms
ds4: metal layer stage part=attn layer=7 pos=0 tokens=19 output_proj=1.277 ms
ds4: metal layer stage part=attn layer=7 pos=0 tokens=19 hc_post=0.268 ms
ds4: metal layer stage part=ffn layer=7 pos=0 tokens=19 hc_pre=0.634 ms
ds4: metal layer stage part=ffn layer=7 pos=0 tokens=19 norm=0.200 ms
ds4: metal layer stage part=ffn layer=7 pos=0 tokens=19 router=0.342 ms
ds4: metal layer stage part=ffn layer=7 pos=0 tokens=19 routed_moe=16.559 ms
ds4: metal layer stage part=ffn layer=7 pos=0 tokens=19 shared_gate_up=0.671 ms
ds4: metal layer stage part=ffn layer=7 pos=0 tokens=19 shared_down=0.332 ms
ds4: metal layer stage part=ffn layer=7 pos=0 tokens=19 hc_post=0.257 ms
processing 19 input tokens: 3/19 (15.8%) batch=0.00 t/s avg=1.82 t/s
ds4: metal layer stage part=attn layer=8 pos=0 tokens=19 hc_pre=0.746 ms
ds4: metal layer stage part=attn layer=8 pos=0 tokens=19 norm=0.233 ms
ds4: metal layer stage part=attn layer=8 pos=0 tokens=19 q_path=0.899 ms
ds4: metal layer stage part=attn layer=8 pos=0 tokens=19 kv_path=0.220 ms
ds4: metal layer stage part=attn layer=8 pos=0 tokens=19 compressor=0.851 ms
ds4: metal layer stage part=attn layer=8 pos=0 tokens=19 indexer_setup=0.848 ms
ds4: metal layer stage part=attn layer=8 pos=0 tokens=19 attention=0.872 ms
ds4: metal layer stage part=attn layer=8 pos=0 tokens=19 inv_rope=0.251 ms
ds4: metal layer stage part=attn layer=8 pos=0 tokens=19 output_proj=1.317 ms
ds4: metal layer stage part=attn layer=8 pos=0 tokens=19 hc_post=0.267 ms
ds4: metal layer stage part=ffn layer=8 pos=0 tokens=19 hc_pre=0.685 ms
ds4: metal layer stage part=ffn layer=8 pos=0 tokens=19 norm=0.254 ms
ds4: metal layer stage part=ffn layer=8 pos=0 tokens=19 router=0.387 ms
ds4: metal layer stage part=ffn layer=8 pos=0 tokens=19 routed_moe=14.827 ms
ds4: metal layer stage part=ffn layer=8 pos=0 tokens=19 shared_gate_up=0.665 ms
ds4: metal layer stage part=ffn layer=8 pos=0 tokens=19 shared_down=0.357 ms
ds4: metal layer stage part=ffn layer=8 pos=0 tokens=19 hc_post=0.336 ms
processing 19 input tokens: 3/19 (15.8%) batch=0.00 t/s avg=1.79 t/s
ds4: metal layer stage part=attn layer=9 pos=0 tokens=19 hc_pre=0.655 ms
ds4: metal layer stage part=attn layer=9 pos=0 tokens=19 norm=0.249 ms
ds4: metal layer stage part=attn layer=9 pos=0 tokens=19 q_path=0.862 ms
ds4: metal layer stage part=attn layer=9 pos=0 tokens=19 kv_path=0.229 ms
ds4: metal layer stage part=attn layer=9 pos=0 tokens=19 compressor=0.646 ms
ds4: metal layer stage part=attn layer=9 pos=0 tokens=19 attention=0.851 ms
ds4: metal layer stage part=attn layer=9 pos=0 tokens=19 inv_rope=0.224 ms
ds4: metal layer stage part=attn layer=9 pos=0 tokens=19 output_proj=1.271 ms
ds4: metal layer stage part=attn layer=9 pos=0 tokens=19 hc_post=0.284 ms
ds4: metal layer stage part=ffn layer=9 pos=0 tokens=19 hc_pre=0.658 ms
ds4: metal layer stage part=ffn layer=9 pos=0 tokens=19 norm=0.237 ms
ds4: metal layer stage part=ffn layer=9 pos=0 tokens=19 router=0.355 ms
ds4: metal layer stage part=ffn layer=9 pos=0 tokens=19 routed_moe=16.026 ms
ds4: metal layer stage part=ffn layer=9 pos=0 tokens=19 shared_gate_up=0.602 ms
ds4: metal layer stage part=ffn layer=9 pos=0 tokens=19 shared_down=0.309 ms
ds4: metal layer stage part=ffn layer=9 pos=0 tokens=19 hc_post=0.158 ms
processing 19 input tokens: 4/19 (21.1%) batch=42.31 t/s avg=2.35 t/s
ds4: metal layer stage part=attn layer=10 pos=0 tokens=19 hc_pre=0.913 ms
ds4: metal layer stage part=attn layer=10 pos=0 tokens=19 norm=0.312 ms
ds4: metal layer stage part=attn layer=10 pos=0 tokens=19 q_path=0.841 ms
ds4: metal layer stage part=attn layer=10 pos=0 tokens=19 kv_path=0.238 ms
ds4: metal layer stage part=attn layer=10 pos=0 tokens=19 compressor=0.811 ms
ds4: metal layer stage part=attn layer=10 pos=0 tokens=19 indexer_setup=1.127 ms
ds4: metal layer stage part=attn layer=10 pos=0 tokens=19 attention=0.952 ms
ds4: metal layer stage part=attn layer=10 pos=0 tokens=19 inv_rope=0.241 ms
ds4: metal layer stage part=attn layer=10 pos=0 tokens=19 output_proj=1.302 ms
ds4: metal layer stage part=attn layer=10 pos=0 tokens=19 hc_post=0.258 ms
ds4: metal layer stage part=ffn layer=10 pos=0 tokens=19 hc_pre=0.642 ms
ds4: metal layer stage part=ffn layer=10 pos=0 tokens=19 norm=0.188 ms
ds4: metal layer stage part=ffn layer=10 pos=0 tokens=19 router=0.346 ms
ds4: metal layer stage part=ffn layer=10 pos=0 tokens=19 routed_moe=14.684 ms
ds4: metal layer stage part=ffn layer=10 pos=0 tokens=19 shared_gate_up=0.615 ms
ds4: metal layer stage part=ffn layer=10 pos=0 tokens=19 shared_down=0.298 ms
ds4: metal layer stage part=ffn layer=10 pos=0 tokens=19 hc_post=0.189 ms
processing 19 input tokens: 4/19 (21.1%) batch=0.00 t/s avg=2.32 t/s
ds4: metal layer stage part=attn layer=11 pos=0 tokens=19 hc_pre=0.593 ms
ds4: metal layer stage part=attn layer=11 pos=0 tokens=19 norm=0.270 ms
ds4: metal layer stage part=attn layer=11 pos=0 tokens=19 q_path=0.859 ms
ds4: metal layer stage part=attn layer=11 pos=0 tokens=19 kv_path=0.254 ms
ds4: metal layer stage part=attn layer=11 pos=0 tokens=19 compressor=0.604 ms
ds4: metal layer stage part=attn layer=11 pos=0 tokens=19 attention=0.822 ms
ds4: metal layer stage part=attn layer=11 pos=0 tokens=19 inv_rope=0.191 ms
ds4: metal layer stage part=attn layer=11 pos=0 tokens=19 output_proj=1.305 ms
ds4: metal layer stage part=attn layer=11 pos=0 tokens=19 hc_post=0.253 ms
ds4: metal layer stage part=ffn layer=11 pos=0 tokens=19 hc_pre=0.672 ms
ds4: metal layer stage part=ffn layer=11 pos=0 tokens=19 norm=0.237 ms
ds4: metal layer stage part=ffn layer=11 pos=0 tokens=19 router=0.479 ms
ds4: metal layer stage part=ffn layer=11 pos=0 tokens=19 routed_moe=16.604 ms
ds4: metal layer stage part=ffn layer=11 pos=0 tokens=19 shared_gate_up=0.542 ms
ds4: metal layer stage part=ffn layer=11 pos=0 tokens=19 shared_down=0.294 ms
ds4: metal layer stage part=ffn layer=11 pos=0 tokens=19 hc_post=0.206 ms
processing 19 input tokens: 5/19 (26.3%) batch=41.31 t/s avg=2.86 t/s
ds4: metal layer stage part=attn layer=12 pos=0 tokens=19 hc_pre=0.611 ms
ds4: metal layer stage part=attn layer=12 pos=0 tokens=19 norm=0.259 ms
ds4: metal layer stage part=attn layer=12 pos=0 tokens=19 q_path=0.891 ms
ds4: metal layer stage part=attn layer=12 pos=0 tokens=19 kv_path=0.235 ms
ds4: metal layer stage part=attn layer=12 pos=0 tokens=19 compressor=0.849 ms
ds4: metal layer stage part=attn layer=12 pos=0 tokens=19 indexer_setup=0.777 ms
ds4: metal layer stage part=attn layer=12 pos=0 tokens=19 attention=0.800 ms
ds4: metal layer stage part=attn layer=12 pos=0 tokens=19 inv_rope=0.206 ms
ds4: metal layer stage part=attn layer=12 pos=0 tokens=19 output_proj=1.287 ms
ds4: metal layer stage part=attn layer=12 pos=0 tokens=19 hc_post=0.291 ms
ds4: metal layer stage part=ffn layer=12 pos=0 tokens=19 hc_pre=0.668 ms
ds4: metal layer stage part=ffn layer=12 pos=0 tokens=19 norm=0.241 ms
ds4: metal layer stage part=ffn layer=12 pos=0 tokens=19 router=0.385 ms
ds4: metal layer stage part=ffn layer=12 pos=0 tokens=19 routed_moe=14.322 ms
ds4: metal layer stage part=ffn layer=12 pos=0 tokens=19 shared_gate_up=0.556 ms
ds4: metal layer stage part=ffn layer=12 pos=0 tokens=19 shared_down=0.308 ms
ds4: metal layer stage part=ffn layer=12 pos=0 tokens=19 hc_post=0.206 ms
processing 19 input tokens: 5/19 (26.3%) batch=0.00 t/s avg=2.82 t/s
ds4: metal layer stage part=attn layer=13 pos=0 tokens=19 hc_pre=0.626 ms
ds4: metal layer stage part=attn layer=13 pos=0 tokens=19 norm=0.247 ms
ds4: metal layer stage part=attn layer=13 pos=0 tokens=19 q_path=0.827 ms
ds4: metal layer stage part=attn layer=13 pos=0 tokens=19 kv_path=0.295 ms
ds4: metal layer stage part=attn layer=13 pos=0 tokens=19 compressor=0.703 ms
ds4: metal layer stage part=attn layer=13 pos=0 tokens=19 attention=0.855 ms
ds4: metal layer stage part=attn layer=13 pos=0 tokens=19 inv_rope=0.215 ms
ds4: metal layer stage part=attn layer=13 pos=0 tokens=19 output_proj=1.265 ms
ds4: metal layer stage part=attn layer=13 pos=0 tokens=19 hc_post=0.279 ms
ds4: metal layer stage part=ffn layer=13 pos=0 tokens=19 hc_pre=0.684 ms
ds4: metal layer stage part=ffn layer=13 pos=0 tokens=19 norm=0.236 ms
ds4: metal layer stage part=ffn layer=13 pos=0 tokens=19 router=0.352 ms
ds4: metal layer stage part=ffn layer=13 pos=0 tokens=19 routed_moe=15.018 ms
ds4: metal layer stage part=ffn layer=13 pos=0 tokens=19 shared_gate_up=0.675 ms
ds4: metal layer stage part=ffn layer=13 pos=0 tokens=19 shared_down=0.343 ms
ds4: metal layer stage part=ffn layer=13 pos=0 tokens=19 hc_post=0.218 ms
processing 19 input tokens: 6/19 (31.6%) batch=43.75 t/s avg=3.35 t/s
ds4: metal layer stage part=attn layer=14 pos=0 tokens=19 hc_pre=0.643 ms
ds4: metal layer stage part=attn layer=14 pos=0 tokens=19 norm=0.204 ms
ds4: metal layer stage part=attn layer=14 pos=0 tokens=19 q_path=0.772 ms
ds4: metal layer stage part=attn layer=14 pos=0 tokens=19 kv_path=0.221 ms
ds4: metal layer stage part=attn layer=14 pos=0 tokens=19 compressor=0.817 ms
ds4: metal layer stage part=attn layer=14 pos=0 tokens=19 indexer_setup=0.777 ms
ds4: metal layer stage part=attn layer=14 pos=0 tokens=19 attention=0.819 ms
ds4: metal layer stage part=attn layer=14 pos=0 tokens=19 inv_rope=0.218 ms
ds4: metal layer stage part=attn layer=14 pos=0 tokens=19 output_proj=1.269 ms
ds4: metal layer stage part=attn layer=14 pos=0 tokens=19 hc_post=0.259 ms
ds4: metal layer stage part=ffn layer=14 pos=0 tokens=19 hc_pre=0.626 ms
ds4: metal layer stage part=ffn layer=14 pos=0 tokens=19 norm=0.287 ms
ds4: metal layer stage part=ffn layer=14 pos=0 tokens=19 router=0.453 ms
ds4: metal layer stage part=ffn layer=14 pos=0 tokens=19 routed_moe=12.668 ms
ds4: metal layer stage part=ffn layer=14 pos=0 tokens=19 shared_gate_up=0.598 ms
ds4: metal layer stage part=ffn layer=14 pos=0 tokens=19 shared_down=0.305 ms
ds4: metal layer stage part=ffn layer=14 pos=0 tokens=19 hc_post=0.206 ms
processing 19 input tokens: 6/19 (31.6%) batch=0.00 t/s avg=3.31 t/s
ds4: metal layer stage part=attn layer=15 pos=0 tokens=19 hc_pre=0.650 ms
ds4: metal layer stage part=attn layer=15 pos=0 tokens=19 norm=0.220 ms
ds4: metal layer stage part=attn layer=15 pos=0 tokens=19 q_path=0.863 ms
ds4: metal layer stage part=attn layer=15 pos=0 tokens=19 kv_path=0.227 ms
ds4: metal layer stage part=attn layer=15 pos=0 tokens=19 compressor=0.612 ms
ds4: metal layer stage part=attn layer=15 pos=0 tokens=19 attention=0.892 ms
ds4: metal layer stage part=attn layer=15 pos=0 tokens=19 inv_rope=0.338 ms
ds4: metal layer stage part=attn layer=15 pos=0 tokens=19 output_proj=1.312 ms
ds4: metal layer stage part=attn layer=15 pos=0 tokens=19 hc_post=0.278 ms
ds4: metal layer stage part=ffn layer=15 pos=0 tokens=19 hc_pre=0.648 ms
ds4: metal layer stage part=ffn layer=15 pos=0 tokens=19 norm=0.269 ms
ds4: metal layer stage part=ffn layer=15 pos=0 tokens=19 router=0.405 ms
ds4: metal layer stage part=ffn layer=15 pos=0 tokens=19 routed_moe=12.508 ms
ds4: metal layer stage part=ffn layer=15 pos=0 tokens=19 shared_gate_up=0.656 ms
ds4: metal layer stage part=ffn layer=15 pos=0 tokens=19 shared_down=0.329 ms
ds4: metal layer stage part=ffn layer=15 pos=0 tokens=19 hc_post=0.276 ms
processing 19 input tokens: 7/19 (36.8%) batch=48.77 t/s avg=3.81 t/s
ds4: metal layer stage part=attn layer=16 pos=0 tokens=19 hc_pre=0.678 ms
ds4: metal layer stage part=attn layer=16 pos=0 tokens=19 norm=0.222 ms
ds4: metal layer stage part=attn layer=16 pos=0 tokens=19 q_path=0.770 ms
ds4: metal layer stage part=attn layer=16 pos=0 tokens=19 kv_path=0.217 ms
ds4: metal layer stage part=attn layer=16 pos=0 tokens=19 compressor=0.898 ms
ds4: metal layer stage part=attn layer=16 pos=0 tokens=19 indexer_setup=0.855 ms
ds4: metal layer stage part=attn layer=16 pos=0 tokens=19 attention=0.883 ms
ds4: metal layer stage part=attn layer=16 pos=0 tokens=19 inv_rope=0.229 ms
ds4: metal layer stage part=attn layer=16 pos=0 tokens=19 output_proj=1.246 ms
ds4: metal layer stage part=attn layer=16 pos=0 tokens=19 hc_post=0.248 ms
ds4: metal layer stage part=ffn layer=16 pos=0 tokens=19 hc_pre=0.622 ms
ds4: metal layer stage part=ffn layer=16 pos=0 tokens=19 norm=0.201 ms
ds4: metal layer stage part=ffn layer=16 pos=0 tokens=19 router=0.384 ms
ds4: metal layer stage part=ffn layer=16 pos=0 tokens=19 routed_moe=12.850 ms
ds4: metal layer stage part=ffn layer=16 pos=0 tokens=19 shared_gate_up=0.598 ms
ds4: metal layer stage part=ffn layer=16 pos=0 tokens=19 shared_down=0.331 ms
ds4: metal layer stage part=ffn layer=16 pos=0 tokens=19 hc_post=0.254 ms
processing 19 input tokens: 7/19 (36.8%) batch=0.00 t/s avg=3.77 t/s
ds4: metal layer stage part=attn layer=17 pos=0 tokens=19 hc_pre=0.692 ms
ds4: metal layer stage part=attn layer=17 pos=0 tokens=19 norm=0.227 ms
ds4: metal layer stage part=attn layer=17 pos=0 tokens=19 q_path=0.793 ms
ds4: metal layer stage part=attn layer=17 pos=0 tokens=19 kv_path=0.222 ms
ds4: metal layer stage part=attn layer=17 pos=0 tokens=19 compressor=0.744 ms
ds4: metal layer stage part=attn layer=17 pos=0 tokens=19 attention=0.861 ms
ds4: metal layer stage part=attn layer=17 pos=0 tokens=19 inv_rope=0.223 ms
ds4: metal layer stage part=attn layer=17 pos=0 tokens=19 output_proj=1.269 ms
ds4: metal layer stage part=attn layer=17 pos=0 tokens=19 hc_post=0.290 ms
ds4: metal layer stage part=ffn layer=17 pos=0 tokens=19 hc_pre=0.654 ms
ds4: metal layer stage part=ffn layer=17 pos=0 tokens=19 norm=0.188 ms
ds4: metal layer stage part=ffn layer=17 pos=0 tokens=19 router=0.349 ms
ds4: metal layer stage part=ffn layer=17 pos=0 tokens=19 routed_moe=11.308 ms
ds4: metal layer stage part=ffn layer=17 pos=0 tokens=19 shared_gate_up=0.586 ms
ds4: metal layer stage part=ffn layer=17 pos=0 tokens=19 shared_down=0.356 ms
ds4: metal layer stage part=ffn layer=17 pos=0 tokens=19 hc_post=0.313 ms
processing 19 input tokens: 7/19 (36.8%) batch=0.00 t/s avg=3.73 t/s
ds4: metal layer stage part=attn layer=18 pos=0 tokens=19 hc_pre=0.703 ms
ds4: metal layer stage part=attn layer=18 pos=0 tokens=19 norm=0.240 ms
ds4: metal layer stage part=attn layer=18 pos=0 tokens=19 q_path=0.822 ms
ds4: metal layer stage part=attn layer=18 pos=0 tokens=19 kv_path=0.312 ms
ds4: metal layer stage part=attn layer=18 pos=0 tokens=19 compressor=0.814 ms
ds4: metal layer stage part=attn layer=18 pos=0 tokens=19 indexer_setup=0.757 ms
ds4: metal layer stage part=attn layer=18 pos=0 tokens=19 attention=0.860 ms
ds4: metal layer stage part=attn layer=18 pos=0 tokens=19 inv_rope=0.208 ms
ds4: metal layer stage part=attn layer=18 pos=0 tokens=19 output_proj=1.261 ms
ds4: metal layer stage part=attn layer=18 pos=0 tokens=19 hc_post=0.303 ms
ds4: metal layer stage part=ffn layer=18 pos=0 tokens=19 hc_pre=0.597 ms
ds4: metal layer stage part=ffn layer=18 pos=0 tokens=19 norm=0.192 ms
ds4: metal layer stage part=ffn layer=18 pos=0 tokens=19 router=0.344 ms
ds4: metal layer stage part=ffn layer=18 pos=0 tokens=19 routed_moe=13.706 ms
ds4: metal layer stage part=ffn layer=18 pos=0 tokens=19 shared_gate_up=0.558 ms
ds4: metal layer stage part=ffn layer=18 pos=0 tokens=19 shared_down=0.298 ms
ds4: metal layer stage part=ffn layer=18 pos=0 tokens=19 hc_post=0.200 ms
processing 19 input tokens: 8/19 (42.1%) batch=45.06 t/s avg=4.22 t/s
ds4: metal layer stage part=attn layer=19 pos=0 tokens=19 hc_pre=0.584 ms
ds4: metal layer stage part=attn layer=19 pos=0 tokens=19 norm=0.205 ms
ds4: metal layer stage part=attn layer=19 pos=0 tokens=19 q_path=0.823 ms
ds4: metal layer stage part=attn layer=19 pos=0 tokens=19 kv_path=0.248 ms
ds4: metal layer stage part=attn layer=19 pos=0 tokens=19 compressor=0.636 ms
ds4: metal layer stage part=attn layer=19 pos=0 tokens=19 attention=0.909 ms
ds4: metal layer stage part=attn layer=19 pos=0 tokens=19 inv_rope=0.209 ms
ds4: metal layer stage part=attn layer=19 pos=0 tokens=19 output_proj=1.294 ms
ds4: metal layer stage part=attn layer=19 pos=0 tokens=19 hc_post=0.271 ms
ds4: metal layer stage part=ffn layer=19 pos=0 tokens=19 hc_pre=0.679 ms
ds4: metal layer stage part=ffn layer=19 pos=0 tokens=19 norm=0.225 ms
ds4: metal layer stage part=ffn layer=19 pos=0 tokens=19 router=0.449 ms
ds4: metal layer stage part=ffn layer=19 pos=0 tokens=19 routed_moe=19.723 ms
ds4: metal layer stage part=ffn layer=19 pos=0 tokens=19 shared_gate_up=0.571 ms
ds4: metal layer stage part=ffn layer=19 pos=0 tokens=19 shared_down=0.292 ms
ds4: metal layer stage part=ffn layer=19 pos=0 tokens=19 hc_post=0.151 ms
processing 19 input tokens: 8/19 (42.1%) batch=0.00 t/s avg=4.16 t/s
ds4: metal layer stage part=attn layer=20 pos=0 tokens=19 hc_pre=0.689 ms
ds4: metal layer stage part=attn layer=20 pos=0 tokens=19 norm=0.233 ms
ds4: metal layer stage part=attn layer=20 pos=0 tokens=19 q_path=0.846 ms
ds4: metal layer stage part=attn layer=20 pos=0 tokens=19 kv_path=0.241 ms
ds4: metal layer stage part=attn layer=20 pos=0 tokens=19 compressor=1.242 ms
ds4: metal layer stage part=attn layer=20 pos=0 tokens=19 indexer_setup=0.835 ms
ds4: metal layer stage part=attn layer=20 pos=0 tokens=19 attention=0.828 ms
ds4: metal layer stage part=attn layer=20 pos=0 tokens=19 inv_rope=0.239 ms
ds4: metal layer stage part=attn layer=20 pos=0 tokens=19 output_proj=1.264 ms
ds4: metal layer stage part=attn layer=20 pos=0 tokens=19 hc_post=0.259 ms
ds4: metal layer stage part=ffn layer=20 pos=0 tokens=19 hc_pre=0.649 ms
ds4: metal layer stage part=ffn layer=20 pos=0 tokens=19 norm=0.204 ms
ds4: metal layer stage part=ffn layer=20 pos=0 tokens=19 router=0.457 ms
ds4: metal layer stage part=ffn layer=20 pos=0 tokens=19 routed_moe=12.583 ms
ds4: metal layer stage part=ffn layer=20 pos=0 tokens=19 shared_gate_up=0.585 ms
ds4: metal layer stage part=ffn layer=20 pos=0 tokens=19 shared_down=0.284 ms
ds4: metal layer stage part=ffn layer=20 pos=0 tokens=19 hc_post=0.200 ms
processing 19 input tokens: 9/19 (47.4%) batch=46.17 t/s avg=4.62 t/s
ds4: metal layer stage part=attn layer=21 pos=0 tokens=19 hc_pre=0.604 ms
ds4: metal layer stage part=attn layer=21 pos=0 tokens=19 norm=0.200 ms
ds4: metal layer stage part=attn layer=21 pos=0 tokens=19 q_path=0.798 ms
ds4: metal layer stage part=attn layer=21 pos=0 tokens=19 kv_path=0.228 ms
ds4: metal layer stage part=attn layer=21 pos=0 tokens=19 compressor=0.651 ms
ds4: metal layer stage part=attn layer=21 pos=0 tokens=19 attention=0.872 ms
ds4: metal layer stage part=attn layer=21 pos=0 tokens=19 inv_rope=0.251 ms
ds4: metal layer stage part=attn layer=21 pos=0 tokens=19 output_proj=1.393 ms
ds4: metal layer stage part=attn layer=21 pos=0 tokens=19 hc_post=0.247 ms
ds4: metal layer stage part=ffn layer=21 pos=0 tokens=19 hc_pre=0.625 ms
ds4: metal layer stage part=ffn layer=21 pos=0 tokens=19 norm=0.223 ms
ds4: metal layer stage part=ffn layer=21 pos=0 tokens=19 router=0.460 ms
ds4: metal layer stage part=ffn layer=21 pos=0 tokens=19 routed_moe=14.754 ms
ds4: metal layer stage part=ffn layer=21 pos=0 tokens=19 shared_gate_up=0.667 ms
ds4: metal layer stage part=ffn layer=21 pos=0 tokens=19 shared_down=0.370 ms
ds4: metal layer stage part=ffn layer=21 pos=0 tokens=19 hc_post=0.252 ms
processing 19 input tokens: 9/19 (47.4%) batch=0.00 t/s avg=4.57 t/s
ds4: metal layer stage part=attn layer=22 pos=0 tokens=19 hc_pre=0.683 ms
ds4: metal layer stage part=attn layer=22 pos=0 tokens=19 norm=0.261 ms
ds4: metal layer stage part=attn layer=22 pos=0 tokens=19 q_path=0.840 ms
ds4: metal layer stage part=attn layer=22 pos=0 tokens=19 kv_path=0.234 ms
ds4: metal layer stage part=attn layer=22 pos=0 tokens=19 compressor=0.786 ms
ds4: metal layer stage part=attn layer=22 pos=0 tokens=19 indexer_setup=0.821 ms
ds4: metal layer stage part=attn layer=22 pos=0 tokens=19 attention=0.823 ms
ds4: metal layer stage part=attn layer=22 pos=0 tokens=19 inv_rope=0.252 ms
ds4: metal layer stage part=attn layer=22 pos=0 tokens=19 output_proj=1.335 ms
ds4: metal layer stage part=attn layer=22 pos=0 tokens=19 hc_post=0.369 ms
ds4: metal layer stage part=ffn layer=22 pos=0 tokens=19 hc_pre=0.676 ms
ds4: metal layer stage part=ffn layer=22 pos=0 tokens=19 norm=0.184 ms
ds4: metal layer stage part=ffn layer=22 pos=0 tokens=19 router=0.467 ms
ds4: metal layer stage part=ffn layer=22 pos=0 tokens=19 routed_moe=14.425 ms
ds4: metal layer stage part=ffn layer=22 pos=0 tokens=19 shared_gate_up=0.622 ms
ds4: metal layer stage part=ffn layer=22 pos=0 tokens=19 shared_down=0.309 ms
ds4: metal layer stage part=ffn layer=22 pos=0 tokens=19 hc_post=0.238 ms
processing 19 input tokens: 10/19 (52.6%) batch=42.84 t/s avg=5.02 t/s
ds4: metal layer stage part=attn layer=23 pos=0 tokens=19 hc_pre=0.664 ms
ds4: metal layer stage part=attn layer=23 pos=0 tokens=19 norm=0.201 ms
ds4: metal layer stage part=attn layer=23 pos=0 tokens=19 q_path=0.825 ms
ds4: metal layer stage part=attn layer=23 pos=0 tokens=19 kv_path=0.224 ms
ds4: metal layer stage part=attn layer=23 pos=0 tokens=19 compressor=0.676 ms
ds4: metal layer stage part=attn layer=23 pos=0 tokens=19 attention=0.853 ms
ds4: metal layer stage part=attn layer=23 pos=0 tokens=19 inv_rope=0.247 ms
ds4: metal layer stage part=attn layer=23 pos=0 tokens=19 output_proj=1.300 ms
ds4: metal layer stage part=attn layer=23 pos=0 tokens=19 hc_post=0.239 ms
ds4: metal layer stage part=ffn layer=23 pos=0 tokens=19 hc_pre=0.639 ms
ds4: metal layer stage part=ffn layer=23 pos=0 tokens=19 norm=0.195 ms
ds4: metal layer stage part=ffn layer=23 pos=0 tokens=19 router=0.403 ms
ds4: metal layer stage part=ffn layer=23 pos=0 tokens=19 routed_moe=16.025 ms
ds4: metal layer stage part=ffn layer=23 pos=0 tokens=19 shared_gate_up=0.569 ms
ds4: metal layer stage part=ffn layer=23 pos=0 tokens=19 shared_down=0.302 ms
ds4: metal layer stage part=ffn layer=23 pos=0 tokens=19 hc_post=0.205 ms
processing 19 input tokens: 10/19 (52.6%) batch=0.00 t/s avg=4.96 t/s
ds4: metal layer stage part=attn layer=24 pos=0 tokens=19 hc_pre=0.631 ms
ds4: metal layer stage part=attn layer=24 pos=0 tokens=19 norm=0.311 ms
ds4: metal layer stage part=attn layer=24 pos=0 tokens=19 q_path=0.840 ms
ds4: metal layer stage part=attn layer=24 pos=0 tokens=19 kv_path=0.257 ms
ds4: metal layer stage part=attn layer=24 pos=0 tokens=19 compressor=0.799 ms
ds4: metal layer stage part=attn layer=24 pos=0 tokens=19 indexer_setup=0.727 ms
ds4: metal layer stage part=attn layer=24 pos=0 tokens=19 attention=0.849 ms
ds4: metal layer stage part=attn layer=24 pos=0 tokens=19 inv_rope=0.228 ms
ds4: metal layer stage part=attn layer=24 pos=0 tokens=19 output_proj=1.333 ms
ds4: metal layer stage part=attn layer=24 pos=0 tokens=19 hc_post=0.228 ms
ds4: metal layer stage part=ffn layer=24 pos=0 tokens=19 hc_pre=0.626 ms
ds4: metal layer stage part=ffn layer=24 pos=0 tokens=19 norm=0.195 ms
ds4: metal layer stage part=ffn layer=24 pos=0 tokens=19 router=0.326 ms
ds4: metal layer stage part=ffn layer=24 pos=0 tokens=19 routed_moe=12.379 ms
ds4: metal layer stage part=ffn layer=24 pos=0 tokens=19 shared_gate_up=0.627 ms
ds4: metal layer stage part=ffn layer=24 pos=0 tokens=19 shared_down=0.303 ms
ds4: metal layer stage part=ffn layer=24 pos=0 tokens=19 hc_post=0.265 ms
processing 19 input tokens: 11/19 (57.9%) batch=47.76 t/s avg=5.40 t/s
ds4: metal layer stage part=attn layer=25 pos=0 tokens=19 hc_pre=0.675 ms
ds4: metal layer stage part=attn layer=25 pos=0 tokens=19 norm=0.226 ms
ds4: metal layer stage part=attn layer=25 pos=0 tokens=19 q_path=0.770 ms
ds4: metal layer stage part=attn layer=25 pos=0 tokens=19 kv_path=0.265 ms
ds4: metal layer stage part=attn layer=25 pos=0 tokens=19 compressor=0.646 ms
ds4: metal layer stage part=attn layer=25 pos=0 tokens=19 attention=0.852 ms
ds4: metal layer stage part=attn layer=25 pos=0 tokens=19 inv_rope=0.219 ms
ds4: metal layer stage part=attn layer=25 pos=0 tokens=19 output_proj=1.290 ms
ds4: metal layer stage part=attn layer=25 pos=0 tokens=19 hc_post=0.260 ms
ds4: metal layer stage part=ffn layer=25 pos=0 tokens=19 hc_pre=0.673 ms
ds4: metal layer stage part=ffn layer=25 pos=0 tokens=19 norm=0.203 ms
ds4: metal layer stage part=ffn layer=25 pos=0 tokens=19 router=0.389 ms
ds4: metal layer stage part=ffn layer=25 pos=0 tokens=19 routed_moe=13.420 ms
ds4: metal layer stage part=ffn layer=25 pos=0 tokens=19 shared_gate_up=0.567 ms
ds4: metal layer stage part=ffn layer=25 pos=0 tokens=19 shared_down=0.292 ms
ds4: metal layer stage part=ffn layer=25 pos=0 tokens=19 hc_post=0.214 ms
processing 19 input tokens: 11/19 (57.9%) batch=0.00 t/s avg=5.34 t/s
ds4: metal layer stage part=attn layer=26 pos=0 tokens=19 hc_pre=0.621 ms
ds4: metal layer stage part=attn layer=26 pos=0 tokens=19 norm=0.264 ms
ds4: metal layer stage part=attn layer=26 pos=0 tokens=19 q_path=0.830 ms
ds4: metal layer stage part=attn layer=26 pos=0 tokens=19 kv_path=0.287 ms
ds4: metal layer stage part=attn layer=26 pos=0 tokens=19 compressor=0.757 ms
ds4: metal layer stage part=attn layer=26 pos=0 tokens=19 indexer_setup=0.763 ms
ds4: metal layer stage part=attn layer=26 pos=0 tokens=19 attention=0.796 ms
ds4: metal layer stage part=attn layer=26 pos=0 tokens=19 inv_rope=0.219 ms
ds4: metal layer stage part=attn layer=26 pos=0 tokens=19 output_proj=1.294 ms
ds4: metal layer stage part=attn layer=26 pos=0 tokens=19 hc_post=0.190 ms
ds4: metal layer stage part=ffn layer=26 pos=0 tokens=19 hc_pre=0.604 ms
ds4: metal layer stage part=ffn layer=26 pos=0 tokens=19 norm=0.227 ms
ds4: metal layer stage part=ffn layer=26 pos=0 tokens=19 router=0.454 ms
ds4: metal layer stage part=ffn layer=26 pos=0 tokens=19 routed_moe=10.863 ms
ds4: metal layer stage part=ffn layer=26 pos=0 tokens=19 shared_gate_up=0.661 ms
ds4: metal layer stage part=ffn layer=26 pos=0 tokens=19 shared_down=0.367 ms
ds4: metal layer stage part=ffn layer=26 pos=0 tokens=19 hc_post=0.282 ms
processing 19 input tokens: 11/19 (57.9%) batch=0.00 t/s avg=5.29 t/s
ds4: metal layer stage part=attn layer=27 pos=0 tokens=19 hc_pre=0.651 ms
ds4: metal layer stage part=attn layer=27 pos=0 tokens=19 norm=0.183 ms
ds4: metal layer stage part=attn layer=27 pos=0 tokens=19 q_path=0.762 ms
ds4: metal layer stage part=attn layer=27 pos=0 tokens=19 kv_path=0.227 ms
ds4: metal layer stage part=attn layer=27 pos=0 tokens=19 compressor=0.650 ms
ds4: metal layer stage part=attn layer=27 pos=0 tokens=19 attention=0.848 ms
ds4: metal layer stage part=attn layer=27 pos=0 tokens=19 inv_rope=0.219 ms
ds4: metal layer stage part=attn layer=27 pos=0 tokens=19 output_proj=1.303 ms
ds4: metal layer stage part=attn layer=27 pos=0 tokens=19 hc_post=0.246 ms
ds4: metal layer stage part=ffn layer=27 pos=0 tokens=19 hc_pre=0.658 ms
ds4: metal layer stage part=ffn layer=27 pos=0 tokens=19 norm=0.212 ms
ds4: metal layer stage part=ffn layer=27 pos=0 tokens=19 router=0.480 ms
ds4: metal layer stage part=ffn layer=27 pos=0 tokens=19 routed_moe=15.162 ms
ds4: metal layer stage part=ffn layer=27 pos=0 tokens=19 shared_gate_up=0.595 ms
ds4: metal layer stage part=ffn layer=27 pos=0 tokens=19 shared_down=0.314 ms
ds4: metal layer stage part=ffn layer=27 pos=0 tokens=19 hc_post=0.222 ms
processing 19 input tokens: 12/19 (63.2%) batch=43.96 t/s avg=5.71 t/s
ds4: metal layer stage part=attn layer=28 pos=0 tokens=19 hc_pre=0.723 ms
ds4: metal layer stage part=attn layer=28 pos=0 tokens=19 norm=0.198 ms
ds4: metal layer stage part=attn layer=28 pos=0 tokens=19 q_path=0.864 ms
ds4: metal layer stage part=attn layer=28 pos=0 tokens=19 kv_path=0.254 ms
ds4: metal layer stage part=attn layer=28 pos=0 tokens=19 compressor=0.798 ms
ds4: metal layer stage part=attn layer=28 pos=0 tokens=19 indexer_setup=0.742 ms
ds4: metal layer stage part=attn layer=28 pos=0 tokens=19 attention=0.815 ms
ds4: metal layer stage part=attn layer=28 pos=0 tokens=19 inv_rope=0.208 ms
ds4: metal layer stage part=attn layer=28 pos=0 tokens=19 output_proj=1.297 ms
ds4: metal layer stage part=attn layer=28 pos=0 tokens=19 hc_post=0.246 ms
ds4: metal layer stage part=ffn layer=28 pos=0 tokens=19 hc_pre=0.657 ms
ds4: metal layer stage part=ffn layer=28 pos=0 tokens=19 norm=0.261 ms
ds4: metal layer stage part=ffn layer=28 pos=0 tokens=19 router=0.399 ms
ds4: metal layer stage part=ffn layer=28 pos=0 tokens=19 routed_moe=13.535 ms
ds4: metal layer stage part=ffn layer=28 pos=0 tokens=19 shared_gate_up=0.605 ms
ds4: metal layer stage part=ffn layer=28 pos=0 tokens=19 shared_down=0.331 ms
ds4: metal layer stage part=ffn layer=28 pos=0 tokens=19 hc_post=0.237 ms
processing 19 input tokens: 12/19 (63.2%) batch=0.00 t/s avg=5.65 t/s
ds4: metal layer stage part=attn layer=29 pos=0 tokens=19 hc_pre=0.683 ms
ds4: metal layer stage part=attn layer=29 pos=0 tokens=19 norm=0.243 ms
ds4: metal layer stage part=attn layer=29 pos=0 tokens=19 q_path=0.780 ms
ds4: metal layer stage part=attn layer=29 pos=0 tokens=19 kv_path=0.227 ms
ds4: metal layer stage part=attn layer=29 pos=0 tokens=19 compressor=0.690 ms
ds4: metal layer stage part=attn layer=29 pos=0 tokens=19 attention=0.913 ms
ds4: metal layer stage part=attn layer=29 pos=0 tokens=19 inv_rope=0.212 ms
ds4: metal layer stage part=attn layer=29 pos=0 tokens=19 output_proj=1.317 ms
ds4: metal layer stage part=attn layer=29 pos=0 tokens=19 hc_post=0.260 ms
ds4: metal layer stage part=ffn layer=29 pos=0 tokens=19 hc_pre=0.618 ms
ds4: metal layer stage part=ffn layer=29 pos=0 tokens=19 norm=0.203 ms
ds4: metal layer stage part=ffn layer=29 pos=0 tokens=19 router=0.341 ms
ds4: metal layer stage part=ffn layer=29 pos=0 tokens=19 routed_moe=16.532 ms
ds4: metal layer stage part=ffn layer=29 pos=0 tokens=19 shared_gate_up=0.589 ms
ds4: metal layer stage part=ffn layer=29 pos=0 tokens=19 shared_down=0.315 ms
ds4: metal layer stage part=ffn layer=29 pos=0 tokens=19 hc_post=0.205 ms
processing 19 input tokens: 13/19 (68.4%) batch=41.41 t/s avg=6.06 t/s
ds4: metal layer stage part=attn layer=30 pos=0 tokens=19 hc_pre=0.592 ms
ds4: metal layer stage part=attn layer=30 pos=0 tokens=19 norm=0.243 ms
ds4: metal layer stage part=attn layer=30 pos=0 tokens=19 q_path=0.817 ms
ds4: metal layer stage part=attn layer=30 pos=0 tokens=19 kv_path=0.241 ms
ds4: metal layer stage part=attn layer=30 pos=0 tokens=19 compressor=0.838 ms
ds4: metal layer stage part=attn layer=30 pos=0 tokens=19 indexer_setup=0.759 ms
ds4: metal layer stage part=attn layer=30 pos=0 tokens=19 attention=0.879 ms
ds4: metal layer stage part=attn layer=30 pos=0 tokens=19 inv_rope=0.228 ms
ds4: metal layer stage part=attn layer=30 pos=0 tokens=19 output_proj=1.264 ms
ds4: metal layer stage part=attn layer=30 pos=0 tokens=19 hc_post=0.287 ms
ds4: metal layer stage part=ffn layer=30 pos=0 tokens=19 hc_pre=0.658 ms
ds4: metal layer stage part=ffn layer=30 pos=0 tokens=19 norm=0.270 ms
ds4: metal layer stage part=ffn layer=30 pos=0 tokens=19 router=0.394 ms
ds4: metal layer stage part=ffn layer=30 pos=0 tokens=19 routed_moe=13.812 ms
ds4: metal layer stage part=ffn layer=30 pos=0 tokens=19 shared_gate_up=0.589 ms
ds4: metal layer stage part=ffn layer=30 pos=0 tokens=19 shared_down=0.335 ms
ds4: metal layer stage part=ffn layer=30 pos=0 tokens=19 hc_post=0.232 ms
processing 19 input tokens: 13/19 (68.4%) batch=0.00 t/s avg=5.99 t/s
ds4: metal layer stage part=attn layer=31 pos=0 tokens=19 hc_pre=0.745 ms
ds4: metal layer stage part=attn layer=31 pos=0 tokens=19 norm=0.293 ms
ds4: metal layer stage part=attn layer=31 pos=0 tokens=19 q_path=0.817 ms
ds4: metal layer stage part=attn layer=31 pos=0 tokens=19 kv_path=0.241 ms
ds4: metal layer stage part=attn layer=31 pos=0 tokens=19 compressor=0.623 ms
ds4: metal layer stage part=attn layer=31 pos=0 tokens=19 attention=0.792 ms
ds4: metal layer stage part=attn layer=31 pos=0 tokens=19 inv_rope=0.238 ms
ds4: metal layer stage part=attn layer=31 pos=0 tokens=19 output_proj=1.268 ms
ds4: metal layer stage part=attn layer=31 pos=0 tokens=19 hc_post=0.301 ms
ds4: metal layer stage part=ffn layer=31 pos=0 tokens=19 hc_pre=0.645 ms
ds4: metal layer stage part=ffn layer=31 pos=0 tokens=19 norm=0.355 ms
ds4: metal layer stage part=ffn layer=31 pos=0 tokens=19 router=0.420 ms
ds4: metal layer stage part=ffn layer=31 pos=0 tokens=19 routed_moe=14.469 ms
ds4: metal layer stage part=ffn layer=31 pos=0 tokens=19 shared_gate_up=0.646 ms
ds4: metal layer stage part=ffn layer=31 pos=0 tokens=19 shared_down=0.364 ms
ds4: metal layer stage part=ffn layer=31 pos=0 tokens=19 hc_post=0.306 ms
processing 19 input tokens: 14/19 (73.7%) batch=44.36 t/s avg=6.39 t/s
ds4: metal layer stage part=attn layer=32 pos=0 tokens=19 hc_pre=0.594 ms
ds4: metal layer stage part=attn layer=32 pos=0 tokens=19 norm=0.195 ms
ds4: metal layer stage part=attn layer=32 pos=0 tokens=19 q_path=0.767 ms
ds4: metal layer stage part=attn layer=32 pos=0 tokens=19 kv_path=0.223 ms
ds4: metal layer stage part=attn layer=32 pos=0 tokens=19 compressor=0.833 ms
ds4: metal layer stage part=attn layer=32 pos=0 tokens=19 indexer_setup=0.798 ms
ds4: metal layer stage part=attn layer=32 pos=0 tokens=19 attention=0.865 ms
ds4: metal layer stage part=attn layer=32 pos=0 tokens=19 inv_rope=0.280 ms
ds4: metal layer stage part=attn layer=32 pos=0 tokens=19 output_proj=1.278 ms
ds4: metal layer stage part=attn layer=32 pos=0 tokens=19 hc_post=0.275 ms
ds4: metal layer stage part=ffn layer=32 pos=0 tokens=19 hc_pre=0.655 ms
ds4: metal layer stage part=ffn layer=32 pos=0 tokens=19 norm=0.218 ms
ds4: metal layer stage part=ffn layer=32 pos=0 tokens=19 router=0.390 ms
ds4: metal layer stage part=ffn layer=32 pos=0 tokens=19 routed_moe=12.140 ms
ds4: metal layer stage part=ffn layer=32 pos=0 tokens=19 shared_gate_up=0.560 ms
ds4: metal layer stage part=ffn layer=32 pos=0 tokens=19 shared_down=0.309 ms
ds4: metal layer stage part=ffn layer=32 pos=0 tokens=19 hc_post=0.209 ms
processing 19 input tokens: 14/19 (73.7%) batch=0.00 t/s avg=6.33 t/s
ds4: metal layer stage part=attn layer=33 pos=0 tokens=19 hc_pre=0.601 ms
ds4: metal layer stage part=attn layer=33 pos=0 tokens=19 norm=0.240 ms
ds4: metal layer stage part=attn layer=33 pos=0 tokens=19 q_path=0.843 ms
ds4: metal layer stage part=attn layer=33 pos=0 tokens=19 kv_path=0.247 ms
ds4: metal layer stage part=attn layer=33 pos=0 tokens=19 compressor=0.616 ms
ds4: metal layer stage part=attn layer=33 pos=0 tokens=19 attention=0.811 ms
ds4: metal layer stage part=attn layer=33 pos=0 tokens=19 inv_rope=0.213 ms
ds4: metal layer stage part=attn layer=33 pos=0 tokens=19 output_proj=1.322 ms
ds4: metal layer stage part=attn layer=33 pos=0 tokens=19 hc_post=0.252 ms
ds4: metal layer stage part=ffn layer=33 pos=0 tokens=19 hc_pre=0.640 ms
ds4: metal layer stage part=ffn layer=33 pos=0 tokens=19 norm=0.273 ms
ds4: metal layer stage part=ffn layer=33 pos=0 tokens=19 router=0.463 ms
ds4: metal layer stage part=ffn layer=33 pos=0 tokens=19 routed_moe=13.987 ms
ds4: metal layer stage part=ffn layer=33 pos=0 tokens=19 shared_gate_up=0.544 ms
ds4: metal layer stage part=ffn layer=33 pos=0 tokens=19 shared_down=0.316 ms
ds4: metal layer stage part=ffn layer=33 pos=0 tokens=19 hc_post=0.208 ms
processing 19 input tokens: 15/19 (78.9%) batch=46.31 t/s avg=6.71 t/s
ds4: metal layer stage part=attn layer=34 pos=0 tokens=19 hc_pre=0.660 ms
ds4: metal layer stage part=attn layer=34 pos=0 tokens=19 norm=0.227 ms
ds4: metal layer stage part=attn layer=34 pos=0 tokens=19 q_path=0.823 ms
ds4: metal layer stage part=attn layer=34 pos=0 tokens=19 kv_path=0.238 ms
ds4: metal layer stage part=attn layer=34 pos=0 tokens=19 compressor=0.905 ms
ds4: metal layer stage part=attn layer=34 pos=0 tokens=19 indexer_setup=0.788 ms
ds4: metal layer stage part=attn layer=34 pos=0 tokens=19 attention=0.821 ms
ds4: metal layer stage part=attn layer=34 pos=0 tokens=19 inv_rope=0.204 ms
ds4: metal layer stage part=attn layer=34 pos=0 tokens=19 output_proj=1.271 ms
ds4: metal layer stage part=attn layer=34 pos=0 tokens=19 hc_post=0.262 ms
ds4: metal layer stage part=ffn layer=34 pos=0 tokens=19 hc_pre=0.651 ms
ds4: metal layer stage part=ffn layer=34 pos=0 tokens=19 norm=0.268 ms
ds4: metal layer stage part=ffn layer=34 pos=0 tokens=19 router=0.390 ms
ds4: metal layer stage part=ffn layer=34 pos=0 tokens=19 routed_moe=14.048 ms
ds4: metal layer stage part=ffn layer=34 pos=0 tokens=19 shared_gate_up=0.597 ms
ds4: metal layer stage part=ffn layer=34 pos=0 tokens=19 shared_down=0.314 ms
ds4: metal layer stage part=ffn layer=34 pos=0 tokens=19 hc_post=0.193 ms
processing 19 input tokens: 15/19 (78.9%) batch=0.00 t/s avg=6.65 t/s
ds4: metal layer stage part=attn layer=35 pos=0 tokens=19 hc_pre=0.606 ms
ds4: metal layer stage part=attn layer=35 pos=0 tokens=19 norm=0.226 ms
ds4: metal layer stage part=attn layer=35 pos=0 tokens=19 q_path=0.837 ms
ds4: metal layer stage part=attn layer=35 pos=0 tokens=19 kv_path=0.240 ms
ds4: metal layer stage part=attn layer=35 pos=0 tokens=19 compressor=0.610 ms
ds4: metal layer stage part=attn layer=35 pos=0 tokens=19 attention=0.940 ms
ds4: metal layer stage part=attn layer=35 pos=0 tokens=19 inv_rope=0.266 ms
ds4: metal layer stage part=attn layer=35 pos=0 tokens=19 output_proj=1.296 ms
ds4: metal layer stage part=attn layer=35 pos=0 tokens=19 hc_post=0.259 ms
ds4: metal layer stage part=ffn layer=35 pos=0 tokens=19 hc_pre=0.670 ms
ds4: metal layer stage part=ffn layer=35 pos=0 tokens=19 norm=0.206 ms
ds4: metal layer stage part=ffn layer=35 pos=0 tokens=19 router=0.408 ms
ds4: metal layer stage part=ffn layer=35 pos=0 tokens=19 routed_moe=16.555 ms
ds4: metal layer stage part=ffn layer=35 pos=0 tokens=19 shared_gate_up=0.546 ms
ds4: metal layer stage part=ffn layer=35 pos=0 tokens=19 shared_down=0.306 ms
ds4: metal layer stage part=ffn layer=35 pos=0 tokens=19 hc_post=0.214 ms
processing 19 input tokens: 15/19 (78.9%) batch=0.00 t/s avg=6.58 t/s
ds4: metal layer stage part=attn layer=36 pos=0 tokens=19 hc_pre=0.647 ms
ds4: metal layer stage part=attn layer=36 pos=0 tokens=19 norm=0.217 ms
ds4: metal layer stage part=attn layer=36 pos=0 tokens=19 q_path=0.866 ms
ds4: metal layer stage part=attn layer=36 pos=0 tokens=19 kv_path=0.235 ms
ds4: metal layer stage part=attn layer=36 pos=0 tokens=19 compressor=0.860 ms
ds4: metal layer stage part=attn layer=36 pos=0 tokens=19 indexer_setup=0.786 ms
ds4: metal layer stage part=attn layer=36 pos=0 tokens=19 attention=0.810 ms
ds4: metal layer stage part=attn layer=36 pos=0 tokens=19 inv_rope=0.207 ms
ds4: metal layer stage part=attn layer=36 pos=0 tokens=19 output_proj=1.303 ms
ds4: metal layer stage part=attn layer=36 pos=0 tokens=19 hc_post=0.265 ms
ds4: metal layer stage part=ffn layer=36 pos=0 tokens=19 hc_pre=0.685 ms
ds4: metal layer stage part=ffn layer=36 pos=0 tokens=19 norm=0.211 ms
ds4: metal layer stage part=ffn layer=36 pos=0 tokens=19 router=0.477 ms
ds4: metal layer stage part=ffn layer=36 pos=0 tokens=19 routed_moe=14.270 ms
ds4: metal layer stage part=ffn layer=36 pos=0 tokens=19 shared_gate_up=0.544 ms
ds4: metal layer stage part=ffn layer=36 pos=0 tokens=19 shared_down=0.305 ms
ds4: metal layer stage part=ffn layer=36 pos=0 tokens=19 hc_post=0.200 ms
processing 19 input tokens: 16/19 (84.2%) batch=43.65 t/s avg=6.95 t/s
ds4: metal layer stage part=attn layer=37 pos=0 tokens=19 hc_pre=0.607 ms
ds4: metal layer stage part=attn layer=37 pos=0 tokens=19 norm=0.272 ms
ds4: metal layer stage part=attn layer=37 pos=0 tokens=19 q_path=0.820 ms
ds4: metal layer stage part=attn layer=37 pos=0 tokens=19 kv_path=0.251 ms
ds4: metal layer stage part=attn layer=37 pos=0 tokens=19 compressor=0.667 ms
ds4: metal layer stage part=attn layer=37 pos=0 tokens=19 attention=0.816 ms
ds4: metal layer stage part=attn layer=37 pos=0 tokens=19 inv_rope=0.308 ms
ds4: metal layer stage part=attn layer=37 pos=0 tokens=19 output_proj=1.316 ms
ds4: metal layer stage part=attn layer=37 pos=0 tokens=19 hc_post=0.251 ms
ds4: metal layer stage part=ffn layer=37 pos=0 tokens=19 hc_pre=0.647 ms
ds4: metal layer stage part=ffn layer=37 pos=0 tokens=19 norm=0.222 ms
ds4: metal layer stage part=ffn layer=37 pos=0 tokens=19 router=0.381 ms
ds4: metal layer stage part=ffn layer=37 pos=0 tokens=19 routed_moe=15.855 ms
ds4: metal layer stage part=ffn layer=37 pos=0 tokens=19 shared_gate_up=0.562 ms
ds4: metal layer stage part=ffn layer=37 pos=0 tokens=19 shared_down=0.318 ms
ds4: metal layer stage part=ffn layer=37 pos=0 tokens=19 hc_post=0.202 ms
processing 19 input tokens: 16/19 (84.2%) batch=0.00 t/s avg=6.88 t/s
ds4: metal layer stage part=attn layer=38 pos=0 tokens=19 hc_pre=0.836 ms
ds4: metal layer stage part=attn layer=38 pos=0 tokens=19 norm=0.234 ms
ds4: metal layer stage part=attn layer=38 pos=0 tokens=19 q_path=0.844 ms
ds4: metal layer stage part=attn layer=38 pos=0 tokens=19 kv_path=0.243 ms
ds4: metal layer stage part=attn layer=38 pos=0 tokens=19 compressor=0.890 ms
ds4: metal layer stage part=attn layer=38 pos=0 tokens=19 indexer_setup=0.878 ms
ds4: metal layer stage part=attn layer=38 pos=0 tokens=19 attention=0.932 ms
ds4: metal layer stage part=attn layer=38 pos=0 tokens=19 inv_rope=0.236 ms
ds4: metal layer stage part=attn layer=38 pos=0 tokens=19 output_proj=1.306 ms
ds4: metal layer stage part=attn layer=38 pos=0 tokens=19 hc_post=0.397 ms
ds4: metal layer stage part=ffn layer=38 pos=0 tokens=19 hc_pre=0.644 ms
ds4: metal layer stage part=ffn layer=38 pos=0 tokens=19 norm=0.221 ms
ds4: metal layer stage part=ffn layer=38 pos=0 tokens=19 router=0.390 ms
ds4: metal layer stage part=ffn layer=38 pos=0 tokens=19 routed_moe=13.947 ms
ds4: metal layer stage part=ffn layer=38 pos=0 tokens=19 shared_gate_up=0.594 ms
ds4: metal layer stage part=ffn layer=38 pos=0 tokens=19 shared_down=0.310 ms
ds4: metal layer stage part=ffn layer=38 pos=0 tokens=19 hc_post=0.213 ms
processing 19 input tokens: 17/19 (89.5%) batch=43.22 t/s avg=7.23 t/s
ds4: metal layer stage part=attn layer=39 pos=0 tokens=19 hc_pre=0.736 ms
ds4: metal layer stage part=attn layer=39 pos=0 tokens=19 norm=0.204 ms
ds4: metal layer stage part=attn layer=39 pos=0 tokens=19 q_path=0.846 ms
ds4: metal layer stage part=attn layer=39 pos=0 tokens=19 kv_path=0.216 ms
ds4: metal layer stage part=attn layer=39 pos=0 tokens=19 compressor=0.654 ms
ds4: metal layer stage part=attn layer=39 pos=0 tokens=19 attention=0.885 ms
ds4: metal layer stage part=attn layer=39 pos=0 tokens=19 inv_rope=0.271 ms
ds4: metal layer stage part=attn layer=39 pos=0 tokens=19 output_proj=1.279 ms
ds4: metal layer stage part=attn layer=39 pos=0 tokens=19 hc_post=0.295 ms
ds4: metal layer stage part=ffn layer=39 pos=0 tokens=19 hc_pre=0.667 ms
ds4: metal layer stage part=ffn layer=39 pos=0 tokens=19 norm=0.256 ms
ds4: metal layer stage part=ffn layer=39 pos=0 tokens=19 router=0.370 ms
ds4: metal layer stage part=ffn layer=39 pos=0 tokens=19 routed_moe=16.674 ms
ds4: metal layer stage part=ffn layer=39 pos=0 tokens=19 shared_gate_up=0.553 ms
ds4: metal layer stage part=ffn layer=39 pos=0 tokens=19 shared_down=0.313 ms
ds4: metal layer stage part=ffn layer=39 pos=0 tokens=19 hc_post=0.202 ms
processing 19 input tokens: 17/19 (89.5%) batch=0.00 t/s avg=7.16 t/s
ds4: metal layer stage part=attn layer=40 pos=0 tokens=19 hc_pre=0.592 ms
ds4: metal layer stage part=attn layer=40 pos=0 tokens=19 norm=0.210 ms
ds4: metal layer stage part=attn layer=40 pos=0 tokens=19 q_path=0.791 ms
ds4: metal layer stage part=attn layer=40 pos=0 tokens=19 kv_path=0.244 ms
ds4: metal layer stage part=attn layer=40 pos=0 tokens=19 compressor=0.785 ms
ds4: metal layer stage part=attn layer=40 pos=0 tokens=19 indexer_setup=0.761 ms
ds4: metal layer stage part=attn layer=40 pos=0 tokens=19 attention=0.797 ms
ds4: metal layer stage part=attn layer=40 pos=0 tokens=19 inv_rope=0.202 ms
ds4: metal layer stage part=attn layer=40 pos=0 tokens=19 output_proj=1.258 ms
ds4: metal layer stage part=attn layer=40 pos=0 tokens=19 hc_post=0.290 ms
ds4: metal layer stage part=ffn layer=40 pos=0 tokens=19 hc_pre=0.636 ms
ds4: metal layer stage part=ffn layer=40 pos=0 tokens=19 norm=0.199 ms
ds4: metal layer stage part=ffn layer=40 pos=0 tokens=19 router=0.346 ms
ds4: metal layer stage part=ffn layer=40 pos=0 tokens=19 routed_moe=13.665 ms
ds4: metal layer stage part=ffn layer=40 pos=0 tokens=19 shared_gate_up=0.567 ms
ds4: metal layer stage part=ffn layer=40 pos=0 tokens=19 shared_down=0.293 ms
ds4: metal layer stage part=ffn layer=40 pos=0 tokens=19 hc_post=0.207 ms
processing 19 input tokens: 18/19 (94.7%) batch=45.72 t/s avg=7.51 t/s
ds4: metal layer stage part=attn layer=41 pos=0 tokens=19 hc_pre=0.790 ms
ds4: metal layer stage part=attn layer=41 pos=0 tokens=19 norm=0.198 ms
ds4: metal layer stage part=attn layer=41 pos=0 tokens=19 q_path=0.808 ms
ds4: metal layer stage part=attn layer=41 pos=0 tokens=19 kv_path=0.231 ms
ds4: metal layer stage part=attn layer=41 pos=0 tokens=19 compressor=0.667 ms
ds4: metal layer stage part=attn layer=41 pos=0 tokens=19 attention=0.869 ms
ds4: metal layer stage part=attn layer=41 pos=0 tokens=19 inv_rope=0.276 ms
ds4: metal layer stage part=attn layer=41 pos=0 tokens=19 output_proj=1.341 ms
ds4: metal layer stage part=attn layer=41 pos=0 tokens=19 hc_post=0.257 ms
ds4: metal layer stage part=ffn layer=41 pos=0 tokens=19 hc_pre=0.607 ms
ds4: metal layer stage part=ffn layer=41 pos=0 tokens=19 norm=0.212 ms
ds4: metal layer stage part=ffn layer=41 pos=0 tokens=19 router=0.350 ms
ds4: metal layer stage part=ffn layer=41 pos=0 tokens=19 routed_moe=15.214 ms
ds4: metal layer stage part=ffn layer=41 pos=0 tokens=19 shared_gate_up=0.598 ms
ds4: metal layer stage part=ffn layer=41 pos=0 tokens=19 shared_down=0.300 ms
ds4: metal layer stage part=ffn layer=41 pos=0 tokens=19 hc_post=0.211 ms
processing 19 input tokens: 18/19 (94.7%) batch=0.00 t/s avg=7.44 t/s
ds4: metal layer stage part=attn layer=42 pos=0 tokens=19 hc_pre=0.634 ms
ds4: metal layer stage part=attn layer=42 pos=0 tokens=19 norm=0.279 ms
ds4: metal layer stage part=attn layer=42 pos=0 tokens=19 q_path=0.836 ms
ds4: metal layer stage part=attn layer=42 pos=0 tokens=19 kv_path=0.260 ms
ds4: metal layer stage part=attn layer=42 pos=0 tokens=19 compressor=0.758 ms
ds4: metal layer stage part=attn layer=42 pos=0 tokens=19 indexer_setup=0.759 ms
ds4: metal layer stage part=attn layer=42 pos=0 tokens=19 attention=0.849 ms
ds4: metal layer stage part=attn layer=42 pos=0 tokens=19 inv_rope=0.239 ms
ds4: metal layer stage part=attn layer=42 pos=0 tokens=19 output_proj=1.290 ms
ds4: metal layer stage part=attn layer=42 pos=0 tokens=19 hc_post=0.269 ms
ds4: metal layer stage part=ffn layer=42 pos=0 tokens=19 hc_pre=0.663 ms
ds4: metal layer stage part=ffn layer=42 pos=0 tokens=19 norm=0.252 ms
ds4: metal layer stage part=ffn layer=42 pos=0 tokens=19 router=0.368 ms
ds4: metal layer stage part=ffn layer=42 pos=0 tokens=19 routed_moe=17.207 ms
ds4: metal layer stage part=ffn layer=42 pos=0 tokens=19 shared_gate_up=0.555 ms
ds4: metal layer stage part=ffn layer=42 pos=0 tokens=19 shared_down=0.296 ms
ds4: metal layer stage part=ffn layer=42 pos=0 tokens=19 hc_post=0.195 ms
processing 19 input tokens: 19/19 (100.0%) batch=38.86 t/s avg=7.77 t/s
ds4: prefill full: 19 tokens in 2446.9 ms (7.8 t/s)
ds4: [mxfp4-native] two-dispatch plane decode arm engaged (dspark-strided, experts=6)
ds4: DSpark draft warmup: cap=4 rows=4 in 185.5 ms (paid before decode timer)
ds4: Flash-MoE mixed resident bank using fused GPU-selected decode path (slot id == expert id)
ds4: metal layer stage part=attn layer=0 pos=20 tokens=4 row_hc_f16_rows=0.206 ms
ds4: metal layer stage part=attn layer=0 pos=20 tokens=4 q_path=0.525 ms
ds4: metal layer stage part=attn layer=0 pos=20 tokens=4 kv_path=0.253 ms
ds4: metal layer stage part=attn layer=0 pos=20 tokens=4 attention=0.428 ms
ds4: metal layer stage part=attn layer=0 pos=20 tokens=4 row_output_hc=0.555 ms
ds4: metal layer stage part=attn layer=0 pos=20 tokens=4 hc_post=0.060 ms
ds4: dspark hybrid FFN-pre verifier using exact F16 rows path
ds4: dspark hybrid row-router verifier using exact F16 logits rows path
ds4: dspark hybrid row-router verifier using exact selector rows path
ds4: dspark hybrid shared verifier using exact fused rows path
ds4: metal layer stage part=ffn layer=0 pos=20 tokens=4 router=0.020 ms
ds4: metal layer stage part=ffn layer=0 pos=20 tokens=4 routed_moe=0.021 ms
ds4: metal layer stage part=ffn layer=0 pos=20 tokens=4 shared_gate_up=0.019 ms
ds4: metal layer stage part=ffn layer=0 pos=20 tokens=4 shared_down=0.261 ms
ds4: metal layer stage part=ffn layer=0 pos=20 tokens=4 hc_post=0.021 ms
ds4: metal layer stage part=attn layer=1 pos=20 tokens=4 row_hc_f16_rows=0.235 ms
ds4: metal layer stage part=attn layer=1 pos=20 tokens=4 q_path=0.506 ms
ds4: metal layer stage part=attn layer=1 pos=20 tokens=4 kv_path=0.279 ms
ds4: metal layer stage part=attn layer=1 pos=20 tokens=4 attention=0.450 ms
ds4: metal layer stage part=attn layer=1 pos=20 tokens=4 row_output_hc=0.492 ms
ds4: metal layer stage part=attn layer=1 pos=20 tokens=4 hc_post=0.024 ms
ds4: metal layer stage part=ffn layer=1 pos=20 tokens=4 router=0.019 ms
ds4: metal layer stage part=ffn layer=1 pos=20 tokens=4 routed_moe=0.025 ms
ds4: metal layer stage part=ffn layer=1 pos=20 tokens=4 shared_gate_up=0.024 ms
ds4: metal layer stage part=ffn layer=1 pos=20 tokens=4 shared_down=0.252 ms
ds4: metal layer stage part=ffn layer=1 pos=20 tokens=4 hc_post=0.025 ms
ds4: metal layer stage part=attn layer=2 pos=20 tokens=4 row_hc_f16_rows=0.241 ms
ds4: metal layer stage part=attn layer=2 pos=20 tokens=4 q_path=0.502 ms
ds4: metal layer stage part=attn layer=2 pos=20 tokens=4 kv_path=0.201 ms
ds4: dspark hybrid attention verifier using exact F16 compressor rows path
ds4: metal layer stage part=attn layer=2 pos=20 tokens=4 compressor=0.238 ms
ds4: metal layer stage part=attn layer=2 pos=20 tokens=4 indexer_setup=0.024 ms
ds4: metal layer stage part=attn layer=2 pos=20 tokens=4 attention=0.637 ms
ds4: metal layer stage part=attn layer=2 pos=20 tokens=4 row_output_hc=0.677 ms
ds4: metal layer stage part=attn layer=2 pos=20 tokens=4 hc_post=0.054 ms
ds4: metal layer stage part=ffn layer=2 pos=20 tokens=4 router=0.021 ms
ds4: metal layer stage part=ffn layer=2 pos=20 tokens=4 routed_moe=0.029 ms
ds4: metal layer stage part=ffn layer=2 pos=20 tokens=4 shared_gate_up=0.023 ms
ds4: metal layer stage part=ffn layer=2 pos=20 tokens=4 shared_down=0.232 ms
ds4: metal layer stage part=ffn layer=2 pos=20 tokens=4 hc_post=0.023 ms
ds4: metal layer stage part=attn layer=3 pos=20 tokens=4 row_hc_f16_rows=0.213 ms
ds4: metal layer stage part=attn layer=3 pos=20 tokens=4 q_path=0.467 ms
ds4: metal layer stage part=attn layer=3 pos=20 tokens=4 kv_path=0.287 ms
ds4: metal layer stage part=attn layer=3 pos=20 tokens=4 compressor=0.029 ms
ds4: metal layer stage part=attn layer=3 pos=20 tokens=4 attention=0.549 ms
ds4: metal layer stage part=attn layer=3 pos=20 tokens=4 row_output_hc=0.483 ms
ds4: metal layer stage part=attn layer=3 pos=20 tokens=4 hc_post=0.025 ms
ds4: metal layer stage part=ffn layer=3 pos=20 tokens=4 router=0.018 ms
ds4: metal layer stage part=ffn layer=3 pos=20 tokens=4 routed_moe=0.027 ms
ds4: metal layer stage part=ffn layer=3 pos=20 tokens=4 shared_gate_up=0.020 ms
ds4: metal layer stage part=ffn layer=3 pos=20 tokens=4 shared_down=0.259 ms
ds4: metal layer stage part=ffn layer=3 pos=20 tokens=4 hc_post=0.027 ms
ds4: metal layer stage part=attn layer=4 pos=20 tokens=4 row_hc_f16_rows=0.235 ms
ds4: metal layer stage part=attn layer=4 pos=20 tokens=4 q_path=0.501 ms
ds4: metal layer stage part=attn layer=4 pos=20 tokens=4 kv_path=0.274 ms
ds4: metal layer stage part=attn layer=4 pos=20 tokens=4 compressor=0.293 ms
ds4: metal layer stage part=attn layer=4 pos=20 tokens=4 indexer_setup=0.029 ms
ds4: metal layer stage part=attn layer=4 pos=20 tokens=4 attention=0.546 ms
ds4: metal layer stage part=attn layer=4 pos=20 tokens=4 row_output_hc=0.536 ms
ds4: metal layer stage part=attn layer=4 pos=20 tokens=4 hc_post=0.026 ms
ds4: metal layer stage part=ffn layer=4 pos=20 tokens=4 router=0.020 ms
ds4: metal layer stage part=ffn layer=4 pos=20 tokens=4 routed_moe=0.023 ms
ds4: metal layer stage part=ffn layer=4 pos=20 tokens=4 shared_gate_up=0.026 ms
ds4: metal layer stage part=ffn layer=4 pos=20 tokens=4 shared_down=0.260 ms
ds4: metal layer stage part=ffn layer=4 pos=20 tokens=4 hc_post=0.023 ms
ds4: metal layer stage part=attn layer=5 pos=20 tokens=4 row_hc_f16_rows=0.246 ms
ds4: metal layer stage part=attn layer=5 pos=20 tokens=4 q_path=0.499 ms
ds4: metal layer stage part=attn layer=5 pos=20 tokens=4 kv_path=0.264 ms
ds4: metal layer stage part=attn layer=5 pos=20 tokens=4 compressor=0.021 ms
ds4: metal layer stage part=attn layer=5 pos=20 tokens=4 attention=0.581 ms
ds4: metal layer stage part=attn layer=5 pos=20 tokens=4 row_output_hc=0.543 ms
ds4: metal layer stage part=attn layer=5 pos=20 tokens=4 hc_post=0.023 ms
ds4: metal layer stage part=ffn layer=5 pos=20 tokens=4 router=0.023 ms
ds4: metal layer stage part=ffn layer=5 pos=20 tokens=4 routed_moe=0.027 ms
ds4: metal layer stage part=ffn layer=5 pos=20 tokens=4 shared_gate_up=0.017 ms
ds4: metal layer stage part=ffn layer=5 pos=20 tokens=4 shared_down=0.243 ms
ds4: metal layer stage part=ffn layer=5 pos=20 tokens=4 hc_post=0.022 ms
ds4: metal layer stage part=attn layer=6 pos=20 tokens=4 row_hc_f16_rows=0.250 ms
ds4: metal layer stage part=attn layer=6 pos=20 tokens=4 q_path=0.526 ms
ds4: metal layer stage part=attn layer=6 pos=20 tokens=4 kv_path=0.267 ms
ds4: metal layer stage part=attn layer=6 pos=20 tokens=4 compressor=0.284 ms
ds4: metal layer stage part=attn layer=6 pos=20 tokens=4 indexer_setup=0.024 ms
ds4: metal layer stage part=attn layer=6 pos=20 tokens=4 attention=0.608 ms
ds4: metal layer stage part=attn layer=6 pos=20 tokens=4 row_output_hc=0.464 ms
ds4: metal layer stage part=attn layer=6 pos=20 tokens=4 hc_post=0.023 ms
ds4: metal layer stage part=ffn layer=6 pos=20 tokens=4 router=0.020 ms
ds4: metal layer stage part=ffn layer=6 pos=20 tokens=4 routed_moe=0.024 ms
ds4: metal layer stage part=ffn layer=6 pos=20 tokens=4 shared_gate_up=0.020 ms
ds4: metal layer stage part=ffn layer=6 pos=20 tokens=4 shared_down=0.255 ms
ds4: metal layer stage part=ffn layer=6 pos=20 tokens=4 hc_post=0.023 ms
ds4: metal layer stage part=attn layer=7 pos=20 tokens=4 row_hc_f16_rows=0.250 ms
ds4: metal layer stage part=attn layer=7 pos=20 tokens=4 q_path=0.527 ms
ds4: metal layer stage part=attn layer=7 pos=20 tokens=4 kv_path=0.325 ms
ds4: metal layer stage part=attn layer=7 pos=20 tokens=4 compressor=0.023 ms
ds4: metal layer stage part=attn layer=7 pos=20 tokens=4 attention=0.528 ms
ds4: metal layer stage part=attn layer=7 pos=20 tokens=4 row_output_hc=0.516 ms
ds4: metal layer stage part=attn layer=7 pos=20 tokens=4 hc_post=0.021 ms
ds4: metal layer stage part=ffn layer=7 pos=20 tokens=4 router=0.019 ms
ds4: metal layer stage part=ffn layer=7 pos=20 tokens=4 routed_moe=0.022 ms
ds4: metal layer stage part=ffn layer=7 pos=20 tokens=4 shared_gate_up=0.021 ms
ds4: metal layer stage part=ffn layer=7 pos=20 tokens=4 shared_down=0.260 ms
ds4: metal layer stage part=ffn layer=7 pos=20 tokens=4 hc_post=0.024 ms
ds4: metal layer stage part=attn layer=8 pos=20 tokens=4 row_hc_f16_rows=0.361 ms
ds4: metal layer stage part=attn layer=8 pos=20 tokens=4 q_path=0.749 ms
ds4: metal layer stage part=attn layer=8 pos=20 tokens=4 kv_path=0.298 ms
ds4: metal layer stage part=attn layer=8 pos=20 tokens=4 compressor=0.259 ms
ds4: metal layer stage part=attn layer=8 pos=20 tokens=4 indexer_setup=0.029 ms
ds4: metal layer stage part=attn layer=8 pos=20 tokens=4 attention=0.583 ms
ds4: metal layer stage part=attn layer=8 pos=20 tokens=4 row_output_hc=0.472 ms
ds4: metal layer stage part=attn layer=8 pos=20 tokens=4 hc_post=0.024 ms
ds4: metal layer stage part=ffn layer=8 pos=20 tokens=4 router=0.020 ms
ds4: metal layer stage part=ffn layer=8 pos=20 tokens=4 routed_moe=0.024 ms
ds4: metal layer stage part=ffn layer=8 pos=20 tokens=4 shared_gate_up=0.017 ms
ds4: metal layer stage part=ffn layer=8 pos=20 tokens=4 shared_down=0.226 ms
ds4: metal layer stage part=ffn layer=8 pos=20 tokens=4 hc_post=0.024 ms
ds4: metal layer stage part=attn layer=9 pos=20 tokens=4 row_hc_f16_rows=0.209 ms
ds4: metal layer stage part=attn layer=9 pos=20 tokens=4 q_path=0.458 ms
ds4: metal layer stage part=attn layer=9 pos=20 tokens=4 kv_path=0.260 ms
ds4: metal layer stage part=attn layer=9 pos=20 tokens=4 compressor=0.028 ms
ds4: metal layer stage part=attn layer=9 pos=20 tokens=4 attention=0.536 ms
ds4: metal layer stage part=attn layer=9 pos=20 tokens=4 row_output_hc=0.487 ms
ds4: metal layer stage part=attn layer=9 pos=20 tokens=4 hc_post=0.026 ms
ds4: metal layer stage part=ffn layer=9 pos=20 tokens=4 router=0.017 ms
ds4: metal layer stage part=ffn layer=9 pos=20 tokens=4 routed_moe=0.025 ms
ds4: metal layer stage part=ffn layer=9 pos=20 tokens=4 shared_gate_up=0.018 ms
ds4: metal layer stage part=ffn layer=9 pos=20 tokens=4 shared_down=0.245 ms
ds4: metal layer stage part=ffn layer=9 pos=20 tokens=4 hc_post=0.022 ms
ds4: metal layer stage part=attn layer=10 pos=20 tokens=4 row_hc_f16_rows=0.269 ms
ds4: metal layer stage part=attn layer=10 pos=20 tokens=4 q_path=0.491 ms
ds4: metal layer stage part=attn layer=10 pos=20 tokens=4 kv_path=0.289 ms
ds4: metal layer stage part=attn layer=10 pos=20 tokens=4 compressor=0.288 ms
ds4: metal layer stage part=attn layer=10 pos=20 tokens=4 indexer_setup=0.027 ms
ds4: metal layer stage part=attn layer=10 pos=20 tokens=4 attention=0.554 ms
ds4: metal layer stage part=attn layer=10 pos=20 tokens=4 row_output_hc=0.527 ms
ds4: metal layer stage part=attn layer=10 pos=20 tokens=4 hc_post=0.031 ms
ds4: metal layer stage part=ffn layer=10 pos=20 tokens=4 router=0.019 ms
ds4: metal layer stage part=ffn layer=10 pos=20 tokens=4 routed_moe=0.027 ms
ds4: metal layer stage part=ffn layer=10 pos=20 tokens=4 shared_gate_up=0.023 ms
ds4: metal layer stage part=ffn layer=10 pos=20 tokens=4 shared_down=0.255 ms
ds4: metal layer stage part=ffn layer=10 pos=20 tokens=4 hc_post=0.024 ms
ds4: metal layer stage part=attn layer=11 pos=20 tokens=4 row_hc_f16_rows=0.246 ms
ds4: metal layer stage part=attn layer=11 pos=20 tokens=4 q_path=0.602 ms
ds4: metal layer stage part=attn layer=11 pos=20 tokens=4 kv_path=0.300 ms
ds4: metal layer stage part=attn layer=11 pos=20 tokens=4 compressor=0.022 ms
ds4: metal layer stage part=attn layer=11 pos=20 tokens=4 attention=0.512 ms
ds4: metal layer stage part=attn layer=11 pos=20 tokens=4 row_output_hc=0.483 ms
ds4: metal layer stage part=attn layer=11 pos=20 tokens=4 hc_post=0.024 ms
ds4: metal layer stage part=ffn layer=11 pos=20 tokens=4 router=0.021 ms
ds4: metal layer stage part=ffn layer=11 pos=20 tokens=4 routed_moe=0.023 ms
ds4: metal layer stage part=ffn layer=11 pos=20 tokens=4 shared_gate_up=0.019 ms
ds4: metal layer stage part=ffn layer=11 pos=20 tokens=4 shared_down=0.229 ms
ds4: metal layer stage part=ffn layer=11 pos=20 tokens=4 hc_post=0.022 ms
ds4: metal layer stage part=attn layer=12 pos=20 tokens=4 row_hc_f16_rows=0.207 ms
ds4: metal layer stage part=attn layer=12 pos=20 tokens=4 q_path=0.462 ms
ds4: metal layer stage part=attn layer=12 pos=20 tokens=4 kv_path=0.277 ms
ds4: metal layer stage part=attn layer=12 pos=20 tokens=4 compressor=0.285 ms
ds4: metal layer stage part=attn layer=12 pos=20 tokens=4 indexer_setup=0.032 ms
ds4: metal layer stage part=attn layer=12 pos=20 tokens=4 attention=0.628 ms
ds4: metal layer stage part=attn layer=12 pos=20 tokens=4 row_output_hc=0.516 ms
ds4: metal layer stage part=attn layer=12 pos=20 tokens=4 hc_post=0.024 ms
ds4: metal layer stage part=ffn layer=12 pos=20 tokens=4 router=0.017 ms
ds4: metal layer stage part=ffn layer=12 pos=20 tokens=4 routed_moe=0.025 ms
ds4: metal layer stage part=ffn layer=12 pos=20 tokens=4 shared_gate_up=0.023 ms
ds4: metal layer stage part=ffn layer=12 pos=20 tokens=4 shared_down=0.255 ms
ds4: metal layer stage part=ffn layer=12 pos=20 tokens=4 hc_post=0.024 ms
ds4: metal layer stage part=attn layer=13 pos=20 tokens=4 row_hc_f16_rows=0.206 ms
ds4: metal layer stage part=attn layer=13 pos=20 tokens=4 q_path=0.561 ms
ds4: metal layer stage part=attn layer=13 pos=20 tokens=4 kv_path=0.237 ms
ds4: metal layer stage part=attn layer=13 pos=20 tokens=4 compressor=0.027 ms
ds4: metal layer stage part=attn layer=13 pos=20 tokens=4 attention=0.543 ms
ds4: metal layer stage part=attn layer=13 pos=20 tokens=4 row_output_hc=0.488 ms
ds4: metal layer stage part=attn layer=13 pos=20 tokens=4 hc_post=0.031 ms
ds4: metal layer stage part=ffn layer=13 pos=20 tokens=4 router=0.018 ms
ds4: metal layer stage part=ffn layer=13 pos=20 tokens=4 routed_moe=0.033 ms
ds4: metal layer stage part=ffn layer=13 pos=20 tokens=4 shared_gate_up=0.022 ms
ds4: metal layer stage part=ffn layer=13 pos=20 tokens=4 shared_down=0.264 ms
ds4: metal layer stage part=ffn layer=13 pos=20 tokens=4 hc_post=0.020 ms
ds4: metal layer stage part=attn layer=14 pos=20 tokens=4 row_hc_f16_rows=0.248 ms
ds4: metal layer stage part=attn layer=14 pos=20 tokens=4 q_path=0.498 ms
ds4: metal layer stage part=attn layer=14 pos=20 tokens=4 kv_path=0.271 ms
ds4: metal layer stage part=attn layer=14 pos=20 tokens=4 compressor=0.298 ms
ds4: metal layer stage part=attn layer=14 pos=20 tokens=4 indexer_setup=0.024 ms
ds4: metal layer stage part=attn layer=14 pos=20 tokens=4 attention=0.643 ms
ds4: metal layer stage part=attn layer=14 pos=20 tokens=4 row_output_hc=0.525 ms
ds4: metal layer stage part=attn layer=14 pos=20 tokens=4 hc_post=0.025 ms
ds4: metal layer stage part=ffn layer=14 pos=20 tokens=4 router=0.019 ms
ds4: metal layer stage part=ffn layer=14 pos=20 tokens=4 routed_moe=0.030 ms
ds4: metal layer stage part=ffn layer=14 pos=20 tokens=4 shared_gate_up=0.021 ms
ds4: metal layer stage part=ffn layer=14 pos=20 tokens=4 shared_down=0.309 ms
ds4: metal layer stage part=ffn layer=14 pos=20 tokens=4 hc_post=0.028 ms
ds4: metal layer stage part=attn layer=15 pos=20 tokens=4 row_hc_f16_rows=0.272 ms
ds4: metal layer stage part=attn layer=15 pos=20 tokens=4 q_path=0.486 ms
ds4: metal layer stage part=attn layer=15 pos=20 tokens=4 kv_path=0.275 ms
ds4: metal layer stage part=attn layer=15 pos=20 tokens=4 compressor=0.020 ms
ds4: metal layer stage part=attn layer=15 pos=20 tokens=4 attention=0.553 ms
ds4: metal layer stage part=attn layer=15 pos=20 tokens=4 row_output_hc=0.475 ms
ds4: metal layer stage part=attn layer=15 pos=20 tokens=4 hc_post=0.022 ms
ds4: metal layer stage part=ffn layer=15 pos=20 tokens=4 router=0.019 ms
ds4: metal layer stage part=ffn layer=15 pos=20 tokens=4 routed_moe=0.030 ms
ds4: metal layer stage part=ffn layer=15 pos=20 tokens=4 shared_gate_up=0.023 ms
ds4: metal layer stage part=ffn layer=15 pos=20 tokens=4 shared_down=0.333 ms
ds4: metal layer stage part=ffn layer=15 pos=20 tokens=4 hc_post=0.026 ms
ds4: metal layer stage part=attn layer=16 pos=20 tokens=4 row_hc_f16_rows=0.188 ms
ds4: metal layer stage part=attn layer=16 pos=20 tokens=4 q_path=0.612 ms
ds4: metal layer stage part=attn layer=16 pos=20 tokens=4 kv_path=0.231 ms
ds4: metal layer stage part=attn layer=16 pos=20 tokens=4 compressor=0.294 ms
ds4: metal layer stage part=attn layer=16 pos=20 tokens=4 indexer_setup=0.036 ms
ds4: metal layer stage part=attn layer=16 pos=20 tokens=4 attention=0.628 ms
ds4: metal layer stage part=attn layer=16 pos=20 tokens=4 row_output_hc=0.498 ms
ds4: metal layer stage part=attn layer=16 pos=20 tokens=4 hc_post=0.026 ms
ds4: metal layer stage part=ffn layer=16 pos=20 tokens=4 router=0.019 ms
ds4: metal layer stage part=ffn layer=16 pos=20 tokens=4 routed_moe=0.031 ms
ds4: metal layer stage part=ffn layer=16 pos=20 tokens=4 shared_gate_up=0.024 ms
ds4: metal layer stage part=ffn layer=16 pos=20 tokens=4 shared_down=0.300 ms
ds4: metal layer stage part=ffn layer=16 pos=20 tokens=4 hc_post=0.027 ms
ds4: metal layer stage part=attn layer=17 pos=20 tokens=4 row_hc_f16_rows=0.286 ms
ds4: metal layer stage part=attn layer=17 pos=20 tokens=4 q_path=0.506 ms
ds4: metal layer stage part=attn layer=17 pos=20 tokens=4 kv_path=0.276 ms
ds4: metal layer stage part=attn layer=17 pos=20 tokens=4 compressor=0.023 ms
ds4: metal layer stage part=attn layer=17 pos=20 tokens=4 attention=0.533 ms
ds4: metal layer stage part=attn layer=17 pos=20 tokens=4 row_output_hc=0.558 ms
ds4: metal layer stage part=attn layer=17 pos=20 tokens=4 hc_post=0.037 ms
ds4: metal layer stage part=ffn layer=17 pos=20 tokens=4 router=0.020 ms
ds4: metal layer stage part=ffn layer=17 pos=20 tokens=4 routed_moe=0.026 ms
ds4: metal layer stage part=ffn layer=17 pos=20 tokens=4 shared_gate_up=0.018 ms
ds4: metal layer stage part=ffn layer=17 pos=20 tokens=4 shared_down=0.248 ms
ds4: metal layer stage part=ffn layer=17 pos=20 tokens=4 hc_post=0.021 ms
ds4: metal layer stage part=attn layer=18 pos=20 tokens=4 row_hc_f16_rows=0.176 ms
ds4: metal layer stage part=attn layer=18 pos=20 tokens=4 q_path=0.473 ms
ds4: metal layer stage part=attn layer=18 pos=20 tokens=4 kv_path=0.239 ms
ds4: metal layer stage part=attn layer=18 pos=20 tokens=4 compressor=0.282 ms
ds4: metal layer stage part=attn layer=18 pos=20 tokens=4 indexer_setup=0.026 ms
ds4: metal layer stage part=attn layer=18 pos=20 tokens=4 attention=0.571 ms
ds4: metal layer stage part=attn layer=18 pos=20 tokens=4 row_output_hc=0.499 ms
ds4: metal layer stage part=attn layer=18 pos=20 tokens=4 hc_post=0.028 ms
ds4: metal layer stage part=ffn layer=18 pos=20 tokens=4 router=0.023 ms
ds4: metal layer stage part=ffn layer=18 pos=20 tokens=4 routed_moe=0.027 ms
ds4: metal layer stage part=ffn layer=18 pos=20 tokens=4 shared_gate_up=0.024 ms
ds4: metal layer stage part=ffn layer=18 pos=20 tokens=4 shared_down=0.262 ms
ds4: metal layer stage part=ffn layer=18 pos=20 tokens=4 hc_post=0.023 ms
ds4: metal layer stage part=attn layer=19 pos=20 tokens=4 row_hc_f16_rows=0.206 ms
ds4: metal layer stage part=attn layer=19 pos=20 tokens=4 q_path=0.550 ms
ds4: metal layer stage part=attn layer=19 pos=20 tokens=4 kv_path=0.231 ms
ds4: metal layer stage part=attn layer=19 pos=20 tokens=4 compressor=0.025 ms
ds4: metal layer stage part=attn layer=19 pos=20 tokens=4 attention=0.549 ms
ds4: metal layer stage part=attn layer=19 pos=20 tokens=4 row_output_hc=0.547 ms
ds4: metal layer stage part=attn layer=19 pos=20 tokens=4 hc_post=0.024 ms
ds4: metal layer stage part=ffn layer=19 pos=20 tokens=4 router=0.021 ms
ds4: metal layer stage part=ffn layer=19 pos=20 tokens=4 routed_moe=0.024 ms
ds4: metal layer stage part=ffn layer=19 pos=20 tokens=4 shared_gate_up=0.024 ms
ds4: metal layer stage part=ffn layer=19 pos=20 tokens=4 shared_down=0.344 ms
ds4: metal layer stage part=ffn layer=19 pos=20 tokens=4 hc_post=0.027 ms
ds4: metal layer stage part=attn layer=20 pos=20 tokens=4 row_hc_f16_rows=0.469 ms
ds4: metal layer stage part=attn layer=20 pos=20 tokens=4 q_path=0.439 ms
ds4: metal layer stage part=attn layer=20 pos=20 tokens=4 kv_path=0.278 ms
ds4: metal layer stage part=attn layer=20 pos=20 tokens=4 compressor=0.299 ms
ds4: metal layer stage part=attn layer=20 pos=20 tokens=4 indexer_setup=0.022 ms
ds4: metal layer stage part=attn layer=20 pos=20 tokens=4 attention=0.555 ms
ds4: metal layer stage part=attn layer=20 pos=20 tokens=4 row_output_hc=0.525 ms
ds4: metal layer stage part=attn layer=20 pos=20 tokens=4 hc_post=0.025 ms
ds4: metal layer stage part=ffn layer=20 pos=20 tokens=4 router=0.019 ms
ds4: metal layer stage part=ffn layer=20 pos=20 tokens=4 routed_moe=0.034 ms
ds4: metal layer stage part=ffn layer=20 pos=20 tokens=4 shared_gate_up=0.020 ms
ds4: metal layer stage part=ffn layer=20 pos=20 tokens=4 shared_down=0.316 ms
ds4: metal layer stage part=ffn layer=20 pos=20 tokens=4 hc_post=0.021 ms
ds4: metal layer stage part=attn layer=21 pos=20 tokens=4 row_hc_f16_rows=0.220 ms
ds4: metal layer stage part=attn layer=21 pos=20 tokens=4 q_path=0.505 ms
ds4: metal layer stage part=attn layer=21 pos=20 tokens=4 kv_path=0.265 ms
ds4: metal layer stage part=attn layer=21 pos=20 tokens=4 compressor=0.024 ms
ds4: metal layer stage part=attn layer=21 pos=20 tokens=4 attention=0.535 ms
ds4: metal layer stage part=attn layer=21 pos=20 tokens=4 row_output_hc=0.524 ms
ds4: metal layer stage part=attn layer=21 pos=20 tokens=4 hc_post=0.024 ms
ds4: metal layer stage part=ffn layer=21 pos=20 tokens=4 router=0.022 ms
ds4: metal layer stage part=ffn layer=21 pos=20 tokens=4 routed_moe=0.033 ms
ds4: metal layer stage part=ffn layer=21 pos=20 tokens=4 shared_gate_up=0.025 ms
ds4: metal layer stage part=ffn layer=21 pos=20 tokens=4 shared_down=0.337 ms
ds4: metal layer stage part=ffn layer=21 pos=20 tokens=4 hc_post=0.020 ms
ds4: metal layer stage part=attn layer=22 pos=20 tokens=4 row_hc_f16_rows=0.208 ms
ds4: metal layer stage part=attn layer=22 pos=20 tokens=4 q_path=0.524 ms
ds4: metal layer stage part=attn layer=22 pos=20 tokens=4 kv_path=0.301 ms
ds4: metal layer stage part=attn layer=22 pos=20 tokens=4 compressor=0.293 ms
ds4: metal layer stage part=attn layer=22 pos=20 tokens=4 indexer_setup=0.027 ms
ds4: metal layer stage part=attn layer=22 pos=20 tokens=4 attention=0.571 ms
ds4: metal layer stage part=attn layer=22 pos=20 tokens=4 row_output_hc=0.483 ms
ds4: metal layer stage part=attn layer=22 pos=20 tokens=4 hc_post=0.025 ms
ds4: metal layer stage part=ffn layer=22 pos=20 tokens=4 router=0.023 ms
ds4: metal layer stage part=ffn layer=22 pos=20 tokens=4 routed_moe=0.022 ms
ds4: metal layer stage part=ffn layer=22 pos=20 tokens=4 shared_gate_up=0.022 ms
ds4: metal layer stage part=ffn layer=22 pos=20 tokens=4 shared_down=0.332 ms
ds4: metal layer stage part=ffn layer=22 pos=20 tokens=4 hc_post=0.022 ms
ds4: metal layer stage part=attn layer=23 pos=20 tokens=4 row_hc_f16_rows=0.218 ms
ds4: metal layer stage part=attn layer=23 pos=20 tokens=4 q_path=0.509 ms
ds4: metal layer stage part=attn layer=23 pos=20 tokens=4 kv_path=0.295 ms
ds4: metal layer stage part=attn layer=23 pos=20 tokens=4 compressor=0.024 ms
ds4: metal layer stage part=attn layer=23 pos=20 tokens=4 attention=0.517 ms
ds4: metal layer stage part=attn layer=23 pos=20 tokens=4 row_output_hc=0.487 ms
ds4: metal layer stage part=attn layer=23 pos=20 tokens=4 hc_post=0.023 ms
ds4: metal layer stage part=ffn layer=23 pos=20 tokens=4 router=0.019 ms
ds4: metal layer stage part=ffn layer=23 pos=20 tokens=4 routed_moe=0.030 ms
ds4: metal layer stage part=ffn layer=23 pos=20 tokens=4 shared_gate_up=0.022 ms
ds4: metal layer stage part=ffn layer=23 pos=20 tokens=4 shared_down=0.257 ms
ds4: metal layer stage part=ffn layer=23 pos=20 tokens=4 hc_post=0.022 ms
ds4: metal layer stage part=attn layer=24 pos=20 tokens=4 row_hc_f16_rows=0.246 ms
ds4: metal layer stage part=attn layer=24 pos=20 tokens=4 q_path=0.505 ms
ds4: metal layer stage part=attn layer=24 pos=20 tokens=4 kv_path=0.261 ms
ds4: metal layer stage part=attn layer=24 pos=20 tokens=4 compressor=0.263 ms
ds4: metal layer stage part=attn layer=24 pos=20 tokens=4 indexer_setup=0.020 ms
ds4: metal layer stage part=attn layer=24 pos=20 tokens=4 attention=0.577 ms
ds4: metal layer stage part=attn layer=24 pos=20 tokens=4 row_output_hc=0.535 ms
ds4: metal layer stage part=attn layer=24 pos=20 tokens=4 hc_post=0.025 ms
ds4: metal layer stage part=ffn layer=24 pos=20 tokens=4 router=0.018 ms
ds4: metal layer stage part=ffn layer=24 pos=20 tokens=4 routed_moe=0.035 ms
ds4: metal layer stage part=ffn layer=24 pos=20 tokens=4 shared_gate_up=0.020 ms
ds4: metal layer stage part=ffn layer=24 pos=20 tokens=4 shared_down=0.299 ms
ds4: metal layer stage part=ffn layer=24 pos=20 tokens=4 hc_post=0.022 ms
ds4: metal layer stage part=attn layer=25 pos=20 tokens=4 row_hc_f16_rows=0.216 ms
ds4: metal layer stage part=attn layer=25 pos=20 tokens=4 q_path=0.542 ms
ds4: metal layer stage part=attn layer=25 pos=20 tokens=4 kv_path=0.282 ms
ds4: metal layer stage part=attn layer=25 pos=20 tokens=4 compressor=0.023 ms
ds4: metal layer stage part=attn layer=25 pos=20 tokens=4 attention=0.517 ms
ds4: metal layer stage part=attn layer=25 pos=20 tokens=4 row_output_hc=0.486 ms
ds4: metal layer stage part=attn layer=25 pos=20 tokens=4 hc_post=0.028 ms
ds4: metal layer stage part=ffn layer=25 pos=20 tokens=4 router=0.021 ms
ds4: metal layer stage part=ffn layer=25 pos=20 tokens=4 routed_moe=0.025 ms
ds4: metal layer stage part=ffn layer=25 pos=20 tokens=4 shared_gate_up=0.018 ms
ds4: metal layer stage part=ffn layer=25 pos=20 tokens=4 shared_down=0.259 ms
ds4: metal layer stage part=ffn layer=25 pos=20 tokens=4 hc_post=0.021 ms
ds4: metal layer stage part=attn layer=26 pos=20 tokens=4 row_hc_f16_rows=0.235 ms
ds4: metal layer stage part=attn layer=26 pos=20 tokens=4 q_path=0.534 ms
ds4: metal layer stage part=attn layer=26 pos=20 tokens=4 kv_path=0.251 ms
ds4: metal layer stage part=attn layer=26 pos=20 tokens=4 compressor=0.273 ms
ds4: metal layer stage part=attn layer=26 pos=20 tokens=4 indexer_setup=0.019 ms
ds4: metal layer stage part=attn layer=26 pos=20 tokens=4 attention=0.577 ms
ds4: metal layer stage part=attn layer=26 pos=20 tokens=4 row_output_hc=0.563 ms
ds4: metal layer stage part=attn layer=26 pos=20 tokens=4 hc_post=0.025 ms
ds4: metal layer stage part=ffn layer=26 pos=20 tokens=4 router=0.019 ms
ds4: metal layer stage part=ffn layer=26 pos=20 tokens=4 routed_moe=0.026 ms
ds4: metal layer stage part=ffn layer=26 pos=20 tokens=4 shared_gate_up=0.017 ms
ds4: metal layer stage part=ffn layer=26 pos=20 tokens=4 shared_down=0.255 ms
ds4: metal layer stage part=ffn layer=26 pos=20 tokens=4 hc_post=0.022 ms
ds4: metal layer stage part=attn layer=27 pos=20 tokens=4 row_hc_f16_rows=0.267 ms
ds4: metal layer stage part=attn layer=27 pos=20 tokens=4 q_path=0.498 ms
ds4: metal layer stage part=attn layer=27 pos=20 tokens=4 kv_path=0.282 ms
ds4: metal layer stage part=attn layer=27 pos=20 tokens=4 compressor=0.021 ms
ds4: metal layer stage part=attn layer=27 pos=20 tokens=4 attention=0.549 ms
ds4: metal layer stage part=attn layer=27 pos=20 tokens=4 row_output_hc=0.540 ms
ds4: metal layer stage part=attn layer=27 pos=20 tokens=4 hc_post=0.027 ms
ds4: metal layer stage part=ffn layer=27 pos=20 tokens=4 router=0.021 ms
ds4: metal layer stage part=ffn layer=27 pos=20 tokens=4 routed_moe=0.022 ms
ds4: metal layer stage part=ffn layer=27 pos=20 tokens=4 shared_gate_up=0.023 ms
ds4: metal layer stage part=ffn layer=27 pos=20 tokens=4 shared_down=0.249 ms
ds4: metal layer stage part=ffn layer=27 pos=20 tokens=4 hc_post=0.021 ms
ds4: metal layer stage part=attn layer=28 pos=20 tokens=4 row_hc_f16_rows=0.228 ms
ds4: metal layer stage part=attn layer=28 pos=20 tokens=4 q_path=0.492 ms
ds4: metal layer stage part=attn layer=28 pos=20 tokens=4 kv_path=0.216 ms
ds4: metal layer stage part=attn layer=28 pos=20 tokens=4 compressor=0.236 ms
ds4: metal layer stage part=attn layer=28 pos=20 tokens=4 indexer_setup=0.022 ms
ds4: metal layer stage part=attn layer=28 pos=20 tokens=4 attention=0.620 ms
ds4: metal layer stage part=attn layer=28 pos=20 tokens=4 row_output_hc=0.526 ms
ds4: metal layer stage part=attn layer=28 pos=20 tokens=4 hc_post=0.024 ms
ds4: metal layer stage part=ffn layer=28 pos=20 tokens=4 router=0.019 ms
ds4: metal layer stage part=ffn layer=28 pos=20 tokens=4 routed_moe=0.032 ms
ds4: metal layer stage part=ffn layer=28 pos=20 tokens=4 shared_gate_up=0.017 ms
ds4: metal layer stage part=ffn layer=28 pos=20 tokens=4 shared_down=0.246 ms
ds4: metal layer stage part=ffn layer=28 pos=20 tokens=4 hc_post=0.022 ms
ds4: metal layer stage part=attn layer=29 pos=20 tokens=4 row_hc_f16_rows=0.191 ms
ds4: metal layer stage part=attn layer=29 pos=20 tokens=4 q_path=0.492 ms
ds4: metal layer stage part=attn layer=29 pos=20 tokens=4 kv_path=0.213 ms
ds4: metal layer stage part=attn layer=29 pos=20 tokens=4 compressor=0.025 ms
ds4: metal layer stage part=attn layer=29 pos=20 tokens=4 attention=0.508 ms
ds4: metal layer stage part=attn layer=29 pos=20 tokens=4 row_output_hc=0.511 ms
ds4: metal layer stage part=attn layer=29 pos=20 tokens=4 hc_post=0.025 ms
ds4: metal layer stage part=ffn layer=29 pos=20 tokens=4 router=0.018 ms
ds4: metal layer stage part=ffn layer=29 pos=20 tokens=4 routed_moe=0.035 ms
ds4: metal layer stage part=ffn layer=29 pos=20 tokens=4 shared_gate_up=0.017 ms
ds4: metal layer stage part=ffn layer=29 pos=20 tokens=4 shared_down=0.252 ms
ds4: metal layer stage part=ffn layer=29 pos=20 tokens=4 hc_post=0.025 ms
ds4: metal layer stage part=attn layer=30 pos=20 tokens=4 row_hc_f16_rows=0.264 ms
ds4: metal layer stage part=attn layer=30 pos=20 tokens=4 q_path=0.508 ms
ds4: metal layer stage part=attn layer=30 pos=20 tokens=4 kv_path=0.278 ms
ds4: metal layer stage part=attn layer=30 pos=20 tokens=4 compressor=0.277 ms
ds4: metal layer stage part=attn layer=30 pos=20 tokens=4 indexer_setup=0.023 ms
ds4: metal layer stage part=attn layer=30 pos=20 tokens=4 attention=0.550 ms
ds4: metal layer stage part=attn layer=30 pos=20 tokens=4 row_output_hc=0.598 ms
ds4: metal layer stage part=attn layer=30 pos=20 tokens=4 hc_post=0.053 ms
ds4: metal layer stage part=ffn layer=30 pos=20 tokens=4 router=0.018 ms
ds4: metal layer stage part=ffn layer=30 pos=20 tokens=4 routed_moe=0.025 ms
ds4: metal layer stage part=ffn layer=30 pos=20 tokens=4 shared_gate_up=0.022 ms
ds4: metal layer stage part=ffn layer=30 pos=20 tokens=4 shared_down=0.250 ms
ds4: metal layer stage part=ffn layer=30 pos=20 tokens=4 hc_post=0.022 ms
ds4: metal layer stage part=attn layer=31 pos=20 tokens=4 row_hc_f16_rows=0.236 ms
ds4: metal layer stage part=attn layer=31 pos=20 tokens=4 q_path=0.513 ms
ds4: metal layer stage part=attn layer=31 pos=20 tokens=4 kv_path=0.263 ms
ds4: metal layer stage part=attn layer=31 pos=20 tokens=4 compressor=0.022 ms
ds4: metal layer stage part=attn layer=31 pos=20 tokens=4 attention=1.153 ms
ds4: metal layer stage part=attn layer=31 pos=20 tokens=4 row_output_hc=0.538 ms
ds4: metal layer stage part=attn layer=31 pos=20 tokens=4 hc_post=0.032 ms
ds4: metal layer stage part=ffn layer=31 pos=20 tokens=4 router=0.024 ms
ds4: metal layer stage part=ffn layer=31 pos=20 tokens=4 routed_moe=0.022 ms
ds4: metal layer stage part=ffn layer=31 pos=20 tokens=4 shared_gate_up=0.018 ms
ds4: metal layer stage part=ffn layer=31 pos=20 tokens=4 shared_down=0.259 ms
ds4: metal layer stage part=ffn layer=31 pos=20 tokens=4 hc_post=0.021 ms
ds4: metal layer stage part=attn layer=32 pos=20 tokens=4 row_hc_f16_rows=0.249 ms
ds4: metal layer stage part=attn layer=32 pos=20 tokens=4 q_path=0.500 ms
ds4: metal layer stage part=attn layer=32 pos=20 tokens=4 kv_path=0.314 ms
ds4: metal layer stage part=attn layer=32 pos=20 tokens=4 compressor=0.288 ms
ds4: metal layer stage part=attn layer=32 pos=20 tokens=4 indexer_setup=0.024 ms
ds4: metal layer stage part=attn layer=32 pos=20 tokens=4 attention=0.565 ms
ds4: metal layer stage part=attn layer=32 pos=20 tokens=4 row_output_hc=0.495 ms
ds4: metal layer stage part=attn layer=32 pos=20 tokens=4 hc_post=0.023 ms
ds4: metal layer stage part=ffn layer=32 pos=20 tokens=4 router=0.017 ms
ds4: metal layer stage part=ffn layer=32 pos=20 tokens=4 routed_moe=0.027 ms
ds4: metal layer stage part=ffn layer=32 pos=20 tokens=4 shared_gate_up=0.018 ms
ds4: metal layer stage part=ffn layer=32 pos=20 tokens=4 shared_down=0.258 ms
ds4: metal layer stage part=ffn layer=32 pos=20 tokens=4 hc_post=0.020 ms
ds4: metal layer stage part=attn layer=33 pos=20 tokens=4 row_hc_f16_rows=0.251 ms
ds4: metal layer stage part=attn layer=33 pos=20 tokens=4 q_path=0.508 ms
ds4: metal layer stage part=attn layer=33 pos=20 tokens=4 kv_path=0.274 ms
ds4: metal layer stage part=attn layer=33 pos=20 tokens=4 compressor=0.021 ms
ds4: metal layer stage part=attn layer=33 pos=20 tokens=4 attention=0.551 ms
ds4: metal layer stage part=attn layer=33 pos=20 tokens=4 row_output_hc=0.545 ms
ds4: metal layer stage part=attn layer=33 pos=20 tokens=4 hc_post=0.025 ms
ds4: metal layer stage part=ffn layer=33 pos=20 tokens=4 router=0.021 ms
ds4: metal layer stage part=ffn layer=33 pos=20 tokens=4 routed_moe=0.022 ms
ds4: metal layer stage part=ffn layer=33 pos=20 tokens=4 shared_gate_up=0.022 ms
ds4: metal layer stage part=ffn layer=33 pos=20 tokens=4 shared_down=0.247 ms
ds4: metal layer stage part=ffn layer=33 pos=20 tokens=4 hc_post=0.021 ms
ds4: metal layer stage part=attn layer=34 pos=20 tokens=4 row_hc_f16_rows=0.265 ms
ds4: metal layer stage part=attn layer=34 pos=20 tokens=4 q_path=0.569 ms
ds4: metal layer stage part=attn layer=34 pos=20 tokens=4 kv_path=0.232 ms
ds4: metal layer stage part=attn layer=34 pos=20 tokens=4 compressor=0.352 ms
ds4: metal layer stage part=attn layer=34 pos=20 tokens=4 indexer_setup=0.024 ms
ds4: metal layer stage part=attn layer=34 pos=20 tokens=4 attention=0.535 ms
ds4: metal layer stage part=attn layer=34 pos=20 tokens=4 row_output_hc=0.469 ms
ds4: metal layer stage part=attn layer=34 pos=20 tokens=4 hc_post=0.024 ms
ds4: metal layer stage part=ffn layer=34 pos=20 tokens=4 router=0.018 ms
ds4: metal layer stage part=ffn layer=34 pos=20 tokens=4 routed_moe=0.028 ms
ds4: metal layer stage part=ffn layer=34 pos=20 tokens=4 shared_gate_up=0.022 ms
ds4: metal layer stage part=ffn layer=34 pos=20 tokens=4 shared_down=0.250 ms
ds4: metal layer stage part=ffn layer=34 pos=20 tokens=4 hc_post=0.020 ms
ds4: metal layer stage part=attn layer=35 pos=20 tokens=4 row_hc_f16_rows=0.237 ms
ds4: metal layer stage part=attn layer=35 pos=20 tokens=4 q_path=0.510 ms
ds4: metal layer stage part=attn layer=35 pos=20 tokens=4 kv_path=0.265 ms
ds4: metal layer stage part=attn layer=35 pos=20 tokens=4 compressor=0.023 ms
ds4: metal layer stage part=attn layer=35 pos=20 tokens=4 attention=0.531 ms
ds4: metal layer stage part=attn layer=35 pos=20 tokens=4 row_output_hc=0.503 ms
ds4: metal layer stage part=attn layer=35 pos=20 tokens=4 hc_post=0.025 ms
ds4: metal layer stage part=ffn layer=35 pos=20 tokens=4 router=0.019 ms
ds4: metal layer stage part=ffn layer=35 pos=20 tokens=4 routed_moe=0.035 ms
ds4: metal layer stage part=ffn layer=35 pos=20 tokens=4 shared_gate_up=0.021 ms
ds4: metal layer stage part=ffn layer=35 pos=20 tokens=4 shared_down=0.245 ms
ds4: metal layer stage part=ffn layer=35 pos=20 tokens=4 hc_post=0.024 ms
ds4: metal layer stage part=attn layer=36 pos=20 tokens=4 row_hc_f16_rows=0.189 ms
ds4: metal layer stage part=attn layer=36 pos=20 tokens=4 q_path=0.470 ms
ds4: metal layer stage part=attn layer=36 pos=20 tokens=4 kv_path=0.293 ms
ds4: metal layer stage part=attn layer=36 pos=20 tokens=4 compressor=0.347 ms
ds4: metal layer stage part=attn layer=36 pos=20 tokens=4 indexer_setup=0.024 ms
ds4: metal layer stage part=attn layer=36 pos=20 tokens=4 attention=0.574 ms
ds4: metal layer stage part=attn layer=36 pos=20 tokens=4 row_output_hc=0.494 ms
ds4: metal layer stage part=attn layer=36 pos=20 tokens=4 hc_post=0.025 ms
ds4: metal layer stage part=ffn layer=36 pos=20 tokens=4 router=0.020 ms
ds4: metal layer stage part=ffn layer=36 pos=20 tokens=4 routed_moe=0.025 ms
ds4: metal layer stage part=ffn layer=36 pos=20 tokens=4 shared_gate_up=0.018 ms
ds4: metal layer stage part=ffn layer=36 pos=20 tokens=4 shared_down=0.249 ms
ds4: metal layer stage part=ffn layer=36 pos=20 tokens=4 hc_post=0.026 ms
ds4: metal layer stage part=attn layer=37 pos=20 tokens=4 row_hc_f16_rows=0.189 ms
ds4: metal layer stage part=attn layer=37 pos=20 tokens=4 q_path=0.498 ms
ds4: metal layer stage part=attn layer=37 pos=20 tokens=4 kv_path=0.268 ms
ds4: metal layer stage part=attn layer=37 pos=20 tokens=4 compressor=0.026 ms
ds4: metal layer stage part=attn layer=37 pos=20 tokens=4 attention=0.519 ms
ds4: metal layer stage part=attn layer=37 pos=20 tokens=4 row_output_hc=0.490 ms
ds4: metal layer stage part=attn layer=37 pos=20 tokens=4 hc_post=0.023 ms
ds4: metal layer stage part=ffn layer=37 pos=20 tokens=4 router=0.024 ms
ds4: metal layer stage part=ffn layer=37 pos=20 tokens=4 routed_moe=0.025 ms
ds4: metal layer stage part=ffn layer=37 pos=20 tokens=4 shared_gate_up=0.017 ms
ds4: metal layer stage part=ffn layer=37 pos=20 tokens=4 shared_down=0.261 ms
ds4: metal layer stage part=ffn layer=37 pos=20 tokens=4 hc_post=0.022 ms
ds4: metal layer stage part=attn layer=38 pos=20 tokens=4 row_hc_f16_rows=0.254 ms
ds4: metal layer stage part=attn layer=38 pos=20 tokens=4 q_path=0.513 ms
ds4: metal layer stage part=attn layer=38 pos=20 tokens=4 kv_path=0.317 ms
ds4: metal layer stage part=attn layer=38 pos=20 tokens=4 compressor=0.328 ms
ds4: metal layer stage part=attn layer=38 pos=20 tokens=4 indexer_setup=0.025 ms
ds4: metal layer stage part=attn layer=38 pos=20 tokens=4 attention=0.557 ms
ds4: metal layer stage part=attn layer=38 pos=20 tokens=4 row_output_hc=0.460 ms
ds4: metal layer stage part=attn layer=38 pos=20 tokens=4 hc_post=0.022 ms
ds4: metal layer stage part=ffn layer=38 pos=20 tokens=4 router=0.018 ms
ds4: metal layer stage part=ffn layer=38 pos=20 tokens=4 routed_moe=0.023 ms
ds4: metal layer stage part=ffn layer=38 pos=20 tokens=4 shared_gate_up=0.017 ms
ds4: metal layer stage part=ffn layer=38 pos=20 tokens=4 shared_down=0.244 ms
ds4: metal layer stage part=ffn layer=38 pos=20 tokens=4 hc_post=0.024 ms
ds4: metal layer stage part=attn layer=39 pos=20 tokens=4 row_hc_f16_rows=0.271 ms
ds4: metal layer stage part=attn layer=39 pos=20 tokens=4 q_path=0.497 ms
ds4: metal layer stage part=attn layer=39 pos=20 tokens=4 kv_path=0.283 ms
ds4: metal layer stage part=attn layer=39 pos=20 tokens=4 compressor=0.027 ms
ds4: metal layer stage part=attn layer=39 pos=20 tokens=4 attention=0.540 ms
ds4: metal layer stage part=attn layer=39 pos=20 tokens=4 row_output_hc=0.564 ms
ds4: metal layer stage part=attn layer=39 pos=20 tokens=4 hc_post=0.051 ms
ds4: metal layer stage part=ffn layer=39 pos=20 tokens=4 router=0.016 ms
ds4: metal layer stage part=ffn layer=39 pos=20 tokens=4 routed_moe=0.026 ms
ds4: metal layer stage part=ffn layer=39 pos=20 tokens=4 shared_gate_up=0.023 ms
ds4: metal layer stage part=ffn layer=39 pos=20 tokens=4 shared_down=0.265 ms
ds4: metal layer stage part=ffn layer=39 pos=20 tokens=4 hc_post=0.019 ms
ds4: metal layer stage part=attn layer=40 pos=20 tokens=4 row_hc_f16_rows=0.261 ms
ds4: metal layer stage part=attn layer=40 pos=20 tokens=4 q_path=0.483 ms
ds4: metal layer stage part=attn layer=40 pos=20 tokens=4 kv_path=0.282 ms
ds4: metal layer stage part=attn layer=40 pos=20 tokens=4 compressor=0.269 ms
ds4: metal layer stage part=attn layer=40 pos=20 tokens=4 indexer_setup=0.020 ms
ds4: metal layer stage part=attn layer=40 pos=20 tokens=4 attention=0.575 ms
ds4: metal layer stage part=attn layer=40 pos=20 tokens=4 row_output_hc=0.523 ms
ds4: metal layer stage part=attn layer=40 pos=20 tokens=4 hc_post=0.025 ms
ds4: metal layer stage part=ffn layer=40 pos=20 tokens=4 router=0.022 ms
ds4: metal layer stage part=ffn layer=40 pos=20 tokens=4 routed_moe=0.026 ms
ds4: metal layer stage part=ffn layer=40 pos=20 tokens=4 shared_gate_up=0.026 ms
ds4: metal layer stage part=ffn layer=40 pos=20 tokens=4 shared_down=0.279 ms
ds4: metal layer stage part=ffn layer=40 pos=20 tokens=4 hc_post=0.020 ms
ds4: metal layer stage part=attn layer=41 pos=20 tokens=4 row_hc_f16_rows=0.235 ms
ds4: metal layer stage part=attn layer=41 pos=20 tokens=4 q_path=0.528 ms
ds4: metal layer stage part=attn layer=41 pos=20 tokens=4 kv_path=0.258 ms
ds4: metal layer stage part=attn layer=41 pos=20 tokens=4 compressor=0.028 ms
ds4: metal layer stage part=attn layer=41 pos=20 tokens=4 attention=0.545 ms
ds4: metal layer stage part=attn layer=41 pos=20 tokens=4 row_output_hc=0.538 ms
ds4: metal layer stage part=attn layer=41 pos=20 tokens=4 hc_post=0.028 ms
ds4: metal layer stage part=ffn layer=41 pos=20 tokens=4 router=0.021 ms
ds4: metal layer stage part=ffn layer=41 pos=20 tokens=4 routed_moe=0.021 ms
ds4: metal layer stage part=ffn layer=41 pos=20 tokens=4 shared_gate_up=0.023 ms
ds4: metal layer stage part=ffn layer=41 pos=20 tokens=4 shared_down=0.237 ms
ds4: metal layer stage part=ffn layer=41 pos=20 tokens=4 hc_post=0.023 ms
ds4: metal layer stage part=attn layer=42 pos=20 tokens=4 row_hc_f16_rows=0.251 ms
ds4: metal layer stage part=attn layer=42 pos=20 tokens=4 q_path=0.476 ms
ds4: metal layer stage part=attn layer=42 pos=20 tokens=4 kv_path=0.245 ms
ds4: metal layer stage part=attn layer=42 pos=20 tokens=4 compressor=0.292 ms
ds4: metal layer stage part=attn layer=42 pos=20 tokens=4 indexer_setup=0.023 ms
ds4: metal layer stage part=attn layer=42 pos=20 tokens=4 attention=0.568 ms
ds4: metal layer stage part=attn layer=42 pos=20 tokens=4 row_output_hc=0.489 ms
ds4: metal layer stage part=attn layer=42 pos=20 tokens=4 hc_post=0.025 ms
ds4: metal layer stage part=ffn layer=42 pos=20 tokens=4 router=0.019 ms
ds4: metal layer stage part=ffn layer=42 pos=20 tokens=4 routed_moe=0.029 ms
ds4: metal layer stage part=ffn layer=42 pos=20 tokens=4 shared_gate_up=0.023 ms
ds4: metal layer stage part=ffn layer=42 pos=20 tokens=4 shared_down=0.234 ms
ds4: metal layer stage part=ffn layer=42 pos=20 tokens=4 hc_post=0.026 ms
ds4: dspark hybrid verifier profile n=4 layers=43 exact_prefix=0.000 ms attention=99.926 ms row_ffn_pre=9.702 ms row_router=11.795 ms batch_router=0.000 ms row_routed=33.856 ms row_shared=12.248 ms batch_tail=16.323 ms target_hidden=1.293 ms head=1.494 ms read=0.094 ms total=186.745 ms
ds4: metal layer stage part=attn layer=0 pos=25 tokens=4 row_hc_f16_rows=0.303 ms
ds4: metal layer stage part=attn layer=0 pos=25 tokens=4 q_path=0.486 ms
ds4: metal layer stage part=attn layer=0 pos=25 tokens=4 kv_path=0.268 ms
ds4: metal layer stage part=attn layer=0 pos=25 tokens=4 attention=0.463 ms
ds4: metal layer stage part=attn layer=0 pos=25 tokens=4 row_output_hc=0.509 ms
ds4: metal layer stage part=attn layer=0 pos=25 tokens=4 hc_post=0.028 ms
ds4: metal layer stage part=ffn layer=0 pos=25 tokens=4 router=0.016 ms
ds4: metal layer stage part=ffn layer=0 pos=25 tokens=4 routed_moe=0.034 ms
ds4: metal layer stage part=ffn layer=0 pos=25 tokens=4 shared_gate_up=0.022 ms
ds4: metal layer stage part=ffn layer=0 pos=25 tokens=4 shared_down=0.231 ms
ds4: metal layer stage part=ffn layer=0 pos=25 tokens=4 hc_post=0.023 ms
ds4: metal layer stage part=attn layer=1 pos=25 tokens=4 row_hc_f16_rows=0.210 ms
ds4: metal layer stage part=attn layer=1 pos=25 tokens=4 q_path=0.496 ms
ds4: metal layer stage part=attn layer=1 pos=25 tokens=4 kv_path=0.278 ms
ds4: metal layer stage part=attn layer=1 pos=25 tokens=4 attention=0.505 ms
ds4: metal layer stage part=attn layer=1 pos=25 tokens=4 row_output_hc=0.488 ms
ds4: metal layer stage part=attn layer=1 pos=25 tokens=4 hc_post=0.023 ms
ds4: metal layer stage part=ffn layer=1 pos=25 tokens=4 router=0.017 ms
ds4: metal layer stage part=ffn layer=1 pos=25 tokens=4 routed_moe=0.032 ms
ds4: metal layer stage part=ffn layer=1 pos=25 tokens=4 shared_gate_up=0.015 ms
ds4: metal layer stage part=ffn layer=1 pos=25 tokens=4 shared_down=0.255 ms
ds4: metal layer stage part=ffn layer=1 pos=25 tokens=4 hc_post=0.024 ms
ds4: metal layer stage part=attn layer=2 pos=25 tokens=4 row_hc_f16_rows=0.238 ms
ds4: metal layer stage part=attn layer=2 pos=25 tokens=4 q_path=0.497 ms
ds4: metal layer stage part=attn layer=2 pos=25 tokens=4 kv_path=0.283 ms
ds4: metal layer stage part=attn layer=2 pos=25 tokens=4 compressor=0.294 ms
ds4: metal layer stage part=attn layer=2 pos=25 tokens=4 indexer_setup=0.025 ms
ds4: metal layer stage part=attn layer=2 pos=25 tokens=4 attention=0.774 ms
ds4: metal layer stage part=attn layer=2 pos=25 tokens=4 row_output_hc=0.506 ms
ds4: metal layer stage part=attn layer=2 pos=25 tokens=4 hc_post=0.025 ms
ds4: metal layer stage part=ffn layer=2 pos=25 tokens=4 router=0.022 ms
ds4: metal layer stage part=ffn layer=2 pos=25 tokens=4 routed_moe=0.024 ms
ds4: metal layer stage part=ffn layer=2 pos=25 tokens=4 shared_gate_up=0.026 ms
ds4: metal layer stage part=ffn layer=2 pos=25 tokens=4 shared_down=0.254 ms
ds4: metal layer stage part=ffn layer=2 pos=25 tokens=4 hc_post=0.020 ms
ds4: metal layer stage part=attn layer=3 pos=25 tokens=4 row_hc_f16_rows=0.207 ms
ds4: metal layer stage part=attn layer=3 pos=25 tokens=4 q_path=0.499 ms
ds4: metal layer stage part=attn layer=3 pos=25 tokens=4 kv_path=0.258 ms
ds4: metal layer stage part=attn layer=3 pos=25 tokens=4 compressor=0.018 ms
ds4: metal layer stage part=attn layer=3 pos=25 tokens=4 attention=0.535 ms
ds4: metal layer stage part=attn layer=3 pos=25 tokens=4 row_output_hc=0.503 ms
ds4: metal layer stage part=attn layer=3 pos=25 tokens=4 hc_post=0.025 ms
ds4: metal layer stage part=ffn layer=3 pos=25 tokens=4 router=0.019 ms
ds4: metal layer stage part=ffn layer=3 pos=25 tokens=4 routed_moe=0.036 ms
ds4: metal layer stage part=ffn layer=3 pos=25 tokens=4 shared_gate_up=0.017 ms
ds4: metal layer stage part=ffn layer=3 pos=25 tokens=4 shared_down=0.258 ms
ds4: metal layer stage part=ffn layer=3 pos=25 tokens=4 hc_post=0.021 ms
ds4: metal layer stage part=attn layer=4 pos=25 tokens=4 row_hc_f16_rows=0.245 ms
ds4: metal layer stage part=attn layer=4 pos=25 tokens=4 q_path=0.493 ms
ds4: metal layer stage part=attn layer=4 pos=25 tokens=4 kv_path=0.283 ms
ds4: metal layer stage part=attn layer=4 pos=25 tokens=4 compressor=0.287 ms
ds4: metal layer stage part=attn layer=4 pos=25 tokens=4 indexer_setup=0.018 ms
ds4: metal layer stage part=attn layer=4 pos=25 tokens=4 attention=0.577 ms
ds4: metal layer stage part=attn layer=4 pos=25 tokens=4 row_output_hc=0.474 ms
ds4: metal layer stage part=attn layer=4 pos=25 tokens=4 hc_post=0.025 ms
ds4: metal layer stage part=ffn layer=4 pos=25 tokens=4 router=0.020 ms
ds4: metal layer stage part=ffn layer=4 pos=25 tokens=4 routed_moe=0.024 ms
ds4: metal layer stage part=ffn layer=4 pos=25 tokens=4 shared_gate_up=0.019 ms
ds4: metal layer stage part=ffn layer=4 pos=25 tokens=4 shared_down=0.255 ms
ds4: metal layer stage part=ffn layer=4 pos=25 tokens=4 hc_post=0.024 ms
ds4: metal layer stage part=attn layer=5 pos=25 tokens=4 row_hc_f16_rows=0.246 ms
ds4: metal layer stage part=attn layer=5 pos=25 tokens=4 q_path=0.510 ms
ds4: metal layer stage part=attn layer=5 pos=25 tokens=4 kv_path=0.196 ms
ds4: metal layer stage part=attn layer=5 pos=25 tokens=4 compressor=0.021 ms
ds4: metal layer stage part=attn layer=5 pos=25 tokens=4 attention=0.576 ms
ds4: metal layer stage part=attn layer=5 pos=25 tokens=4 row_output_hc=0.585 ms
ds4: metal layer stage part=attn layer=5 pos=25 tokens=4 hc_post=0.053 ms
ds4: metal layer stage part=ffn layer=5 pos=25 tokens=4 router=0.020 ms
ds4: metal layer stage part=ffn layer=5 pos=25 tokens=4 routed_moe=0.024 ms
ds4: metal layer stage part=ffn layer=5 pos=25 tokens=4 shared_gate_up=0.022 ms
ds4: metal layer stage part=ffn layer=5 pos=25 tokens=4 shared_down=0.323 ms
ds4: metal layer stage part=ffn layer=5 pos=25 tokens=4 hc_post=0.020 ms
ds4: metal layer stage part=attn layer=6 pos=25 tokens=4 row_hc_f16_rows=0.214 ms
ds4: metal layer stage part=attn layer=6 pos=25 tokens=4 q_path=0.567 ms
ds4: metal layer stage part=attn layer=6 pos=25 tokens=4 kv_path=0.251 ms
ds4: metal layer stage part=attn layer=6 pos=25 tokens=4 compressor=0.290 ms
ds4: metal layer stage part=attn layer=6 pos=25 tokens=4 indexer_setup=0.020 ms
ds4: metal layer stage part=attn layer=6 pos=25 tokens=4 attention=0.579 ms
ds4: metal layer stage part=attn layer=6 pos=25 tokens=4 row_output_hc=0.470 ms
ds4: metal layer stage part=attn layer=6 pos=25 tokens=4 hc_post=0.026 ms
ds4: metal layer stage part=ffn layer=6 pos=25 tokens=4 router=0.023 ms
ds4: metal layer stage part=ffn layer=6 pos=25 tokens=4 routed_moe=0.022 ms
ds4: metal layer stage part=ffn layer=6 pos=25 tokens=4 shared_gate_up=0.020 ms
ds4: metal layer stage part=ffn layer=6 pos=25 tokens=4 shared_down=0.255 ms
ds4: metal layer stage part=ffn layer=6 pos=25 tokens=4 hc_post=0.026 ms
ds4: metal layer stage part=attn layer=7 pos=25 tokens=4 row_hc_f16_rows=0.226 ms
ds4: metal layer stage part=attn layer=7 pos=25 tokens=4 q_path=0.520 ms
ds4: metal layer stage part=attn layer=7 pos=25 tokens=4 kv_path=0.277 ms
ds4: metal layer stage part=attn layer=7 pos=25 tokens=4 compressor=0.023 ms
ds4: metal layer stage part=attn layer=7 pos=25 tokens=4 attention=0.527 ms
ds4: metal layer stage part=attn layer=7 pos=25 tokens=4 row_output_hc=0.571 ms
ds4: metal layer stage part=attn layer=7 pos=25 tokens=4 hc_post=0.023 ms
ds4: metal layer stage part=ffn layer=7 pos=25 tokens=4 router=0.018 ms
ds4: metal layer stage part=ffn layer=7 pos=25 tokens=4 routed_moe=0.029 ms
ds4: metal layer stage part=ffn layer=7 pos=25 tokens=4 shared_gate_up=0.021 ms
ds4: metal layer stage part=ffn layer=7 pos=25 tokens=4 shared_down=0.305 ms
ds4: metal layer stage part=ffn layer=7 pos=25 tokens=4 hc_post=0.024 ms
ds4: metal layer stage part=attn layer=8 pos=25 tokens=4 row_hc_f16_rows=0.207 ms
ds4: metal layer stage part=attn layer=8 pos=25 tokens=4 q_path=0.536 ms
ds4: metal layer stage part=attn layer=8 pos=25 tokens=4 kv_path=0.243 ms
ds4: metal layer stage part=attn layer=8 pos=25 tokens=4 compressor=0.297 ms
ds4: metal layer stage part=attn layer=8 pos=25 tokens=4 indexer_setup=0.023 ms
ds4: metal layer stage part=attn layer=8 pos=25 tokens=4 attention=0.553 ms
ds4: metal layer stage part=attn layer=8 pos=25 tokens=4 row_output_hc=0.528 ms
ds4: metal layer stage part=attn layer=8 pos=25 tokens=4 hc_post=0.052 ms
ds4: metal layer stage part=ffn layer=8 pos=25 tokens=4 router=0.021 ms
ds4: metal layer stage part=ffn layer=8 pos=25 tokens=4 routed_moe=0.024 ms
ds4: metal layer stage part=ffn layer=8 pos=25 tokens=4 shared_gate_up=0.017 ms
ds4: metal layer stage part=ffn layer=8 pos=25 tokens=4 shared_down=0.254 ms
ds4: metal layer stage part=ffn layer=8 pos=25 tokens=4 hc_post=0.025 ms
ds4: metal layer stage part=attn layer=9 pos=25 tokens=4 row_hc_f16_rows=0.229 ms
ds4: metal layer stage part=attn layer=9 pos=25 tokens=4 q_path=0.513 ms
ds4: metal layer stage part=attn layer=9 pos=25 tokens=4 kv_path=0.275 ms
ds4: metal layer stage part=attn layer=9 pos=25 tokens=4 compressor=0.022 ms
ds4: metal layer stage part=attn layer=9 pos=25 tokens=4 attention=0.530 ms
ds4: metal layer stage part=attn layer=9 pos=25 tokens=4 row_output_hc=0.513 ms
ds4: metal layer stage part=attn layer=9 pos=25 tokens=4 hc_post=0.022 ms
ds4: metal layer stage part=ffn layer=9 pos=25 tokens=4 router=0.017 ms
ds4: metal layer stage part=ffn layer=9 pos=25 tokens=4 routed_moe=0.036 ms
ds4: metal layer stage part=ffn layer=9 pos=25 tokens=4 shared_gate_up=0.019 ms
ds4: metal layer stage part=ffn layer=9 pos=25 tokens=4 shared_down=0.328 ms
ds4: metal layer stage part=ffn layer=9 pos=25 tokens=4 hc_post=0.023 ms
ds4: metal layer stage part=attn layer=10 pos=25 tokens=4 row_hc_f16_rows=0.204 ms
ds4: metal layer stage part=attn layer=10 pos=25 tokens=4 q_path=0.527 ms
ds4: metal layer stage part=attn layer=10 pos=25 tokens=4 kv_path=0.298 ms
ds4: metal layer stage part=attn layer=10 pos=25 tokens=4 compressor=0.283 ms
ds4: metal layer stage part=attn layer=10 pos=25 tokens=4 indexer_setup=0.023 ms
ds4: metal layer stage part=attn layer=10 pos=25 tokens=4 attention=0.566 ms
ds4: metal layer stage part=attn layer=10 pos=25 tokens=4 row_output_hc=0.452 ms
ds4: metal layer stage part=attn layer=10 pos=25 tokens=4 hc_post=0.023 ms
ds4: metal layer stage part=ffn layer=10 pos=25 tokens=4 router=0.021 ms
ds4: metal layer stage part=ffn layer=10 pos=25 tokens=4 routed_moe=0.021 ms
ds4: metal layer stage part=ffn layer=10 pos=25 tokens=4 shared_gate_up=0.020 ms
ds4: metal layer stage part=ffn layer=10 pos=25 tokens=4 shared_down=0.252 ms
ds4: metal layer stage part=ffn layer=10 pos=25 tokens=4 hc_post=0.022 ms
ds4: metal layer stage part=attn layer=11 pos=25 tokens=4 row_hc_f16_rows=0.260 ms
ds4: metal layer stage part=attn layer=11 pos=25 tokens=4 q_path=0.495 ms
ds4: metal layer stage part=attn layer=11 pos=25 tokens=4 kv_path=0.209 ms
ds4: metal layer stage part=attn layer=11 pos=25 tokens=4 compressor=0.025 ms
ds4: metal layer stage part=attn layer=11 pos=25 tokens=4 attention=0.591 ms
ds4: metal layer stage part=attn layer=11 pos=25 tokens=4 row_output_hc=0.524 ms
ds4: metal layer stage part=attn layer=11 pos=25 tokens=4 hc_post=0.023 ms
ds4: metal layer stage part=ffn layer=11 pos=25 tokens=4 router=0.019 ms
ds4: metal layer stage part=ffn layer=11 pos=25 tokens=4 routed_moe=0.028 ms
ds4: metal layer stage part=ffn layer=11 pos=25 tokens=4 shared_gate_up=0.024 ms
ds4: metal layer stage part=ffn layer=11 pos=25 tokens=4 shared_down=0.252 ms
ds4: metal layer stage part=ffn layer=11 pos=25 tokens=4 hc_post=0.022 ms
ds4: metal layer stage part=attn layer=12 pos=25 tokens=4 row_hc_f16_rows=0.242 ms
ds4: metal layer stage part=attn layer=12 pos=25 tokens=4 q_path=0.508 ms
ds4: metal layer stage part=attn layer=12 pos=25 tokens=4 kv_path=0.195 ms
ds4: metal layer stage part=attn layer=12 pos=25 tokens=4 compressor=0.212 ms
ds4: metal layer stage part=attn layer=12 pos=25 tokens=4 indexer_setup=0.022 ms
ds4: metal layer stage part=attn layer=12 pos=25 tokens=4 attention=0.572 ms
ds4: metal layer stage part=attn layer=12 pos=25 tokens=4 row_output_hc=0.456 ms
ds4: metal layer stage part=attn layer=12 pos=25 tokens=4 hc_post=0.038 ms
ds4: metal layer stage part=ffn layer=12 pos=25 tokens=4 router=0.023 ms
ds4: metal layer stage part=ffn layer=12 pos=25 tokens=4 routed_moe=0.025 ms
ds4: metal layer stage part=ffn layer=12 pos=25 tokens=4 shared_gate_up=0.027 ms
ds4: metal layer stage part=ffn layer=12 pos=25 tokens=4 shared_down=0.263 ms
ds4: metal layer stage part=ffn layer=12 pos=25 tokens=4 hc_post=0.021 ms
ds4: metal layer stage part=attn layer=13 pos=25 tokens=4 row_hc_f16_rows=0.241 ms
ds4: metal layer stage part=attn layer=13 pos=25 tokens=4 q_path=0.502 ms
ds4: metal layer stage part=attn layer=13 pos=25 tokens=4 kv_path=0.189 ms
ds4: metal layer stage part=attn layer=13 pos=25 tokens=4 compressor=0.025 ms
ds4: metal layer stage part=attn layer=13 pos=25 tokens=4 attention=0.599 ms
ds4: metal layer stage part=attn layer=13 pos=25 tokens=4 row_output_hc=0.513 ms
ds4: metal layer stage part=attn layer=13 pos=25 tokens=4 hc_post=0.027 ms
ds4: metal layer stage part=ffn layer=13 pos=25 tokens=4 router=0.024 ms
ds4: metal layer stage part=ffn layer=13 pos=25 tokens=4 routed_moe=0.032 ms
ds4: metal layer stage part=ffn layer=13 pos=25 tokens=4 shared_gate_up=0.022 ms
ds4: metal layer stage part=ffn layer=13 pos=25 tokens=4 shared_down=0.246 ms
ds4: metal layer stage part=ffn layer=13 pos=25 tokens=4 hc_post=0.028 ms
ds4: metal layer stage part=attn layer=14 pos=25 tokens=4 row_hc_f16_rows=0.590 ms
ds4: metal layer stage part=attn layer=14 pos=25 tokens=4 q_path=0.663 ms
ds4: metal layer stage part=attn layer=14 pos=25 tokens=4 kv_path=0.228 ms
ds4: metal layer stage part=attn layer=14 pos=25 tokens=4 compressor=0.234 ms
ds4: metal layer stage part=attn layer=14 pos=25 tokens=4 indexer_setup=0.033 ms
ds4: metal layer stage part=attn layer=14 pos=25 tokens=4 attention=0.745 ms
ds4: metal layer stage part=attn layer=14 pos=25 tokens=4 row_output_hc=0.517 ms
ds4: metal layer stage part=attn layer=14 pos=25 tokens=4 hc_post=0.028 ms
ds4: metal layer stage part=ffn layer=14 pos=25 tokens=4 router=0.018 ms
ds4: metal layer stage part=ffn layer=14 pos=25 tokens=4 routed_moe=0.026 ms
ds4: metal layer stage part=ffn layer=14 pos=25 tokens=4 shared_gate_up=0.021 ms
ds4: metal layer stage part=ffn layer=14 pos=25 tokens=4 shared_down=0.269 ms
ds4: metal layer stage part=ffn layer=14 pos=25 tokens=4 hc_post=0.020 ms
ds4: metal layer stage part=attn layer=15 pos=25 tokens=4 row_hc_f16_rows=0.228 ms
ds4: metal layer stage part=attn layer=15 pos=25 tokens=4 q_path=0.518 ms
ds4: metal layer stage part=attn layer=15 pos=25 tokens=4 kv_path=0.265 ms
ds4: metal layer stage part=attn layer=15 pos=25 tokens=4 compressor=0.018 ms
ds4: metal layer stage part=attn layer=15 pos=25 tokens=4 attention=0.575 ms
ds4: metal layer stage part=attn layer=15 pos=25 tokens=4 row_output_hc=0.540 ms
ds4: metal layer stage part=attn layer=15 pos=25 tokens=4 hc_post=0.026 ms
ds4: metal layer stage part=ffn layer=15 pos=25 tokens=4 router=0.022 ms
ds4: metal layer stage part=ffn layer=15 pos=25 tokens=4 routed_moe=0.031 ms
ds4: metal layer stage part=ffn layer=15 pos=25 tokens=4 shared_gate_up=0.022 ms
ds4: metal layer stage part=ffn layer=15 pos=25 tokens=4 shared_down=0.324 ms
ds4: metal layer stage part=ffn layer=15 pos=25 tokens=4 hc_post=0.029 ms
ds4: metal layer stage part=attn layer=16 pos=25 tokens=4 row_hc_f16_rows=0.208 ms
ds4: metal layer stage part=attn layer=16 pos=25 tokens=4 q_path=0.551 ms
ds4: metal layer stage part=attn layer=16 pos=25 tokens=4 kv_path=0.285 ms
ds4: metal layer stage part=attn layer=16 pos=25 tokens=4 compressor=0.236 ms
ds4: metal layer stage part=attn layer=16 pos=25 tokens=4 indexer_setup=0.024 ms
ds4: metal layer stage part=attn layer=16 pos=25 tokens=4 attention=0.556 ms
ds4: metal layer stage part=attn layer=16 pos=25 tokens=4 row_output_hc=0.470 ms
ds4: metal layer stage part=attn layer=16 pos=25 tokens=4 hc_post=0.033 ms
ds4: metal layer stage part=ffn layer=16 pos=25 tokens=4 router=0.018 ms
ds4: metal layer stage part=ffn layer=16 pos=25 tokens=4 routed_moe=0.029 ms
ds4: metal layer stage part=ffn layer=16 pos=25 tokens=4 shared_gate_up=0.019 ms
ds4: metal layer stage part=ffn layer=16 pos=25 tokens=4 shared_down=0.258 ms
ds4: metal layer stage part=ffn layer=16 pos=25 tokens=4 hc_post=0.020 ms
ds4: metal layer stage part=attn layer=17 pos=25 tokens=4 row_hc_f16_rows=0.255 ms
ds4: metal layer stage part=attn layer=17 pos=25 tokens=4 q_path=0.545 ms
ds4: metal layer stage part=attn layer=17 pos=25 tokens=4 kv_path=0.302 ms
ds4: metal layer stage part=attn layer=17 pos=25 tokens=4 compressor=0.022 ms
ds4: metal layer stage part=attn layer=17 pos=25 tokens=4 attention=0.540 ms
ds4: metal layer stage part=attn layer=17 pos=25 tokens=4 row_output_hc=0.482 ms
ds4: metal layer stage part=attn layer=17 pos=25 tokens=4 hc_post=0.022 ms
ds4: metal layer stage part=ffn layer=17 pos=25 tokens=4 router=0.017 ms
ds4: metal layer stage part=ffn layer=17 pos=25 tokens=4 routed_moe=0.033 ms
ds4: metal layer stage part=ffn layer=17 pos=25 tokens=4 shared_gate_up=0.022 ms
ds4: metal layer stage part=ffn layer=17 pos=25 tokens=4 shared_down=0.254 ms
ds4: metal layer stage part=ffn layer=17 pos=25 tokens=4 hc_post=0.030 ms
ds4: metal layer stage part=attn layer=18 pos=25 tokens=4 row_hc_f16_rows=0.221 ms
ds4: metal layer stage part=attn layer=18 pos=25 tokens=4 q_path=0.496 ms
ds4: metal layer stage part=attn layer=18 pos=25 tokens=4 kv_path=0.284 ms
ds4: metal layer stage part=attn layer=18 pos=25 tokens=4 compressor=0.292 ms
ds4: metal layer stage part=attn layer=18 pos=25 tokens=4 indexer_setup=0.022 ms
ds4: metal layer stage part=attn layer=18 pos=25 tokens=4 attention=0.575 ms
ds4: metal layer stage part=attn layer=18 pos=25 tokens=4 row_output_hc=0.503 ms
ds4: metal layer stage part=attn layer=18 pos=25 tokens=4 hc_post=0.030 ms
ds4: metal layer stage part=ffn layer=18 pos=25 tokens=4 router=0.022 ms
ds4: metal layer stage part=ffn layer=18 pos=25 tokens=4 routed_moe=0.026 ms
ds4: metal layer stage part=ffn layer=18 pos=25 tokens=4 shared_gate_up=0.019 ms
ds4: metal layer stage part=ffn layer=18 pos=25 tokens=4 shared_down=0.240 ms
ds4: metal layer stage part=ffn layer=18 pos=25 tokens=4 hc_post=0.028 ms
ds4: metal layer stage part=attn layer=19 pos=25 tokens=4 row_hc_f16_rows=0.278 ms
ds4: metal layer stage part=attn layer=19 pos=25 tokens=4 q_path=0.497 ms
ds4: metal layer stage part=attn layer=19 pos=25 tokens=4 kv_path=0.254 ms
ds4: metal layer stage part=attn layer=19 pos=25 tokens=4 compressor=0.030 ms
ds4: metal layer stage part=attn layer=19 pos=25 tokens=4 attention=0.546 ms
ds4: metal layer stage part=attn layer=19 pos=25 tokens=4 row_output_hc=0.529 ms
ds4: metal layer stage part=attn layer=19 pos=25 tokens=4 hc_post=0.025 ms
ds4: metal layer stage part=ffn layer=19 pos=25 tokens=4 router=0.018 ms
ds4: metal layer stage part=ffn layer=19 pos=25 tokens=4 routed_moe=0.036 ms
ds4: metal layer stage part=ffn layer=19 pos=25 tokens=4 shared_gate_up=0.018 ms
ds4: metal layer stage part=ffn layer=19 pos=25 tokens=4 shared_down=0.253 ms
ds4: metal layer stage part=ffn layer=19 pos=25 tokens=4 hc_post=0.020 ms
ds4: metal layer stage part=attn layer=20 pos=25 tokens=4 row_hc_f16_rows=0.239 ms
ds4: metal layer stage part=attn layer=20 pos=25 tokens=4 q_path=0.484 ms
ds4: metal layer stage part=attn layer=20 pos=25 tokens=4 kv_path=0.209 ms
ds4: metal layer stage part=attn layer=20 pos=25 tokens=4 compressor=0.247 ms
ds4: metal layer stage part=attn layer=20 pos=25 tokens=4 indexer_setup=0.021 ms
ds4: metal layer stage part=attn layer=20 pos=25 tokens=4 attention=0.605 ms
ds4: metal layer stage part=attn layer=20 pos=25 tokens=4 row_output_hc=0.503 ms
ds4: metal layer stage part=attn layer=20 pos=25 tokens=4 hc_post=0.024 ms
ds4: metal layer stage part=ffn layer=20 pos=25 tokens=4 router=0.019 ms
ds4: metal layer stage part=ffn layer=20 pos=25 tokens=4 routed_moe=0.025 ms
ds4: metal layer stage part=ffn layer=20 pos=25 tokens=4 shared_gate_up=0.022 ms
ds4: metal layer stage part=ffn layer=20 pos=25 tokens=4 shared_down=0.264 ms
ds4: metal layer stage part=ffn layer=20 pos=25 tokens=4 hc_post=0.029 ms
ds4: metal layer stage part=attn layer=21 pos=25 tokens=4 row_hc_f16_rows=0.193 ms
ds4: metal layer stage part=attn layer=21 pos=25 tokens=4 q_path=0.524 ms
ds4: metal layer stage part=attn layer=21 pos=25 tokens=4 kv_path=0.251 ms
ds4: metal layer stage part=attn layer=21 pos=25 tokens=4 compressor=0.027 ms
ds4: metal layer stage part=attn layer=21 pos=25 tokens=4 attention=0.562 ms
ds4: metal layer stage part=attn layer=21 pos=25 tokens=4 row_output_hc=0.479 ms
ds4: metal layer stage part=attn layer=21 pos=25 tokens=4 hc_post=0.024 ms
ds4: metal layer stage part=ffn layer=21 pos=25 tokens=4 router=0.023 ms
ds4: metal layer stage part=ffn layer=21 pos=25 tokens=4 routed_moe=0.029 ms
ds4: metal layer stage part=ffn layer=21 pos=25 tokens=4 shared_gate_up=0.021 ms
ds4: metal layer stage part=ffn layer=21 pos=25 tokens=4 shared_down=0.322 ms
ds4: metal layer stage part=ffn layer=21 pos=25 tokens=4 hc_post=0.027 ms
ds4: metal layer stage part=attn layer=22 pos=25 tokens=4 row_hc_f16_rows=0.215 ms
ds4: metal layer stage part=attn layer=22 pos=25 tokens=4 q_path=0.557 ms
ds4: metal layer stage part=attn layer=22 pos=25 tokens=4 kv_path=0.261 ms
ds4: metal layer stage part=attn layer=22 pos=25 tokens=4 compressor=0.279 ms
ds4: metal layer stage part=attn layer=22 pos=25 tokens=4 indexer_setup=0.030 ms
ds4: metal layer stage part=attn layer=22 pos=25 tokens=4 attention=0.577 ms
ds4: metal layer stage part=attn layer=22 pos=25 tokens=4 row_output_hc=0.461 ms
ds4: metal layer stage part=attn layer=22 pos=25 tokens=4 hc_post=0.025 ms
ds4: metal layer stage part=ffn layer=22 pos=25 tokens=4 router=0.020 ms
ds4: metal layer stage part=ffn layer=22 pos=25 tokens=4 routed_moe=0.022 ms
ds4: metal layer stage part=ffn layer=22 pos=25 tokens=4 shared_gate_up=0.016 ms
ds4: metal layer stage part=ffn layer=22 pos=25 tokens=4 shared_down=0.246 ms
ds4: metal layer stage part=ffn layer=22 pos=25 tokens=4 hc_post=0.021 ms
ds4: metal layer stage part=attn layer=23 pos=25 tokens=4 row_hc_f16_rows=0.261 ms
ds4: metal layer stage part=attn layer=23 pos=25 tokens=4 q_path=0.585 ms
ds4: metal layer stage part=attn layer=23 pos=25 tokens=4 kv_path=0.236 ms
ds4: metal layer stage part=attn layer=23 pos=25 tokens=4 compressor=0.022 ms
ds4: metal layer stage part=attn layer=23 pos=25 tokens=4 attention=0.573 ms
ds4: metal layer stage part=attn layer=23 pos=25 tokens=4 row_output_hc=0.497 ms
ds4: metal layer stage part=attn layer=23 pos=25 tokens=4 hc_post=0.027 ms
ds4: metal layer stage part=ffn layer=23 pos=25 tokens=4 router=0.019 ms
ds4: metal layer stage part=ffn layer=23 pos=25 tokens=4 routed_moe=0.028 ms
ds4: metal layer stage part=ffn layer=23 pos=25 tokens=4 shared_gate_up=0.027 ms
ds4: metal layer stage part=ffn layer=23 pos=25 tokens=4 shared_down=0.252 ms
ds4: metal layer stage part=ffn layer=23 pos=25 tokens=4 hc_post=0.025 ms
ds4: metal layer stage part=attn layer=24 pos=25 tokens=4 row_hc_f16_rows=0.225 ms
ds4: metal layer stage part=attn layer=24 pos=25 tokens=4 q_path=0.527 ms
ds4: metal layer stage part=attn layer=24 pos=25 tokens=4 kv_path=0.268 ms
ds4: metal layer stage part=attn layer=24 pos=25 tokens=4 compressor=0.280 ms
ds4: metal layer stage part=attn layer=24 pos=25 tokens=4 indexer_setup=0.022 ms
ds4: metal layer stage part=attn layer=24 pos=25 tokens=4 attention=0.568 ms
ds4: metal layer stage part=attn layer=24 pos=25 tokens=4 row_output_hc=0.528 ms
ds4: metal layer stage part=attn layer=24 pos=25 tokens=4 hc_post=0.022 ms
ds4: metal layer stage part=ffn layer=24 pos=25 tokens=4 router=0.019 ms
ds4: metal layer stage part=ffn layer=24 pos=25 tokens=4 routed_moe=0.035 ms
ds4: metal layer stage part=ffn layer=24 pos=25 tokens=4 shared_gate_up=0.023 ms
ds4: metal layer stage part=ffn layer=24 pos=25 tokens=4 shared_down=0.276 ms
ds4: metal layer stage part=ffn layer=24 pos=25 tokens=4 hc_post=0.024 ms
ds4: metal layer stage part=attn layer=25 pos=25 tokens=4 row_hc_f16_rows=0.204 ms
ds4: metal layer stage part=attn layer=25 pos=25 tokens=4 q_path=0.528 ms
ds4: metal layer stage part=attn layer=25 pos=25 tokens=4 kv_path=0.266 ms
ds4: metal layer stage part=attn layer=25 pos=25 tokens=4 compressor=0.021 ms
ds4: metal layer stage part=attn layer=25 pos=25 tokens=4 attention=0.553 ms
ds4: metal layer stage part=attn layer=25 pos=25 tokens=4 row_output_hc=0.516 ms
ds4: metal layer stage part=attn layer=25 pos=25 tokens=4 hc_post=0.021 ms
ds4: metal layer stage part=ffn layer=25 pos=25 tokens=4 router=0.021 ms
ds4: metal layer stage part=ffn layer=25 pos=25 tokens=4 routed_moe=0.026 ms
ds4: metal layer stage part=ffn layer=25 pos=25 tokens=4 shared_gate_up=0.021 ms
ds4: metal layer stage part=ffn layer=25 pos=25 tokens=4 shared_down=0.253 ms
ds4: metal layer stage part=ffn layer=25 pos=25 tokens=4 hc_post=0.022 ms
ds4: metal layer stage part=attn layer=26 pos=25 tokens=4 row_hc_f16_rows=0.238 ms
ds4: metal layer stage part=attn layer=26 pos=25 tokens=4 q_path=0.514 ms
ds4: metal layer stage part=attn layer=26 pos=25 tokens=4 kv_path=0.271 ms
ds4: metal layer stage part=attn layer=26 pos=25 tokens=4 compressor=0.287 ms
ds4: metal layer stage part=attn layer=26 pos=25 tokens=4 indexer_setup=0.023 ms
ds4: metal layer stage part=attn layer=26 pos=25 tokens=4 attention=0.572 ms
ds4: metal layer stage part=attn layer=26 pos=25 tokens=4 row_output_hc=0.513 ms
ds4: metal layer stage part=attn layer=26 pos=25 tokens=4 hc_post=0.024 ms
ds4: metal layer stage part=ffn layer=26 pos=25 tokens=4 router=0.021 ms
ds4: metal layer stage part=ffn layer=26 pos=25 tokens=4 routed_moe=0.025 ms
ds4: metal layer stage part=ffn layer=26 pos=25 tokens=4 shared_gate_up=0.022 ms
ds4: metal layer stage part=ffn layer=26 pos=25 tokens=4 shared_down=0.317 ms
ds4: metal layer stage part=ffn layer=26 pos=25 tokens=4 hc_post=0.020 ms
ds4: metal layer stage part=attn layer=27 pos=25 tokens=4 row_hc_f16_rows=0.219 ms
ds4: metal layer stage part=attn layer=27 pos=25 tokens=4 q_path=0.528 ms
ds4: metal layer stage part=attn layer=27 pos=25 tokens=4 kv_path=0.284 ms
ds4: metal layer stage part=attn layer=27 pos=25 tokens=4 compressor=0.031 ms
ds4: metal layer stage part=attn layer=27 pos=25 tokens=4 attention=0.530 ms
ds4: metal layer stage part=attn layer=27 pos=25 tokens=4 row_output_hc=0.490 ms
ds4: metal layer stage part=attn layer=27 pos=25 tokens=4 hc_post=0.028 ms
ds4: metal layer stage part=ffn layer=27 pos=25 tokens=4 router=0.020 ms
ds4: metal layer stage part=ffn layer=27 pos=25 tokens=4 routed_moe=0.024 ms
ds4: metal layer stage part=ffn layer=27 pos=25 tokens=4 shared_gate_up=0.018 ms
ds4: metal layer stage part=ffn layer=27 pos=25 tokens=4 shared_down=0.251 ms
ds4: metal layer stage part=ffn layer=27 pos=25 tokens=4 hc_post=0.022 ms
ds4: metal layer stage part=attn layer=28 pos=25 tokens=4 row_hc_f16_rows=0.242 ms
ds4: metal layer stage part=attn layer=28 pos=25 tokens=4 q_path=0.499 ms
ds4: metal layer stage part=attn layer=28 pos=25 tokens=4 kv_path=0.290 ms
ds4: metal layer stage part=attn layer=28 pos=25 tokens=4 compressor=0.280 ms
ds4: metal layer stage part=attn layer=28 pos=25 tokens=4 indexer_setup=0.022 ms
ds4: metal layer stage part=attn layer=28 pos=25 tokens=4 attention=0.573 ms
ds4: metal layer stage part=attn layer=28 pos=25 tokens=4 row_output_hc=0.510 ms
ds4: metal layer stage part=attn layer=28 pos=25 tokens=4 hc_post=0.024 ms
ds4: metal layer stage part=ffn layer=28 pos=25 tokens=4 router=0.020 ms
ds4: metal layer stage part=ffn layer=28 pos=25 tokens=4 routed_moe=0.021 ms
ds4: metal layer stage part=ffn layer=28 pos=25 tokens=4 shared_gate_up=0.023 ms
ds4: metal layer stage part=ffn layer=28 pos=25 tokens=4 shared_down=0.261 ms
ds4: metal layer stage part=ffn layer=28 pos=25 tokens=4 hc_post=0.021 ms
ds4: metal layer stage part=attn layer=29 pos=25 tokens=4 row_hc_f16_rows=0.260 ms
ds4: metal layer stage part=attn layer=29 pos=25 tokens=4 q_path=0.505 ms
ds4: metal layer stage part=attn layer=29 pos=25 tokens=4 kv_path=0.269 ms
ds4: metal layer stage part=attn layer=29 pos=25 tokens=4 compressor=0.019 ms
ds4: metal layer stage part=attn layer=29 pos=25 tokens=4 attention=0.551 ms
ds4: metal layer stage part=attn layer=29 pos=25 tokens=4 row_output_hc=0.558 ms
ds4: metal layer stage part=attn layer=29 pos=25 tokens=4 hc_post=0.050 ms
ds4: metal layer stage part=ffn layer=29 pos=25 tokens=4 router=0.017 ms
ds4: metal layer stage part=ffn layer=29 pos=25 tokens=4 routed_moe=0.032 ms
ds4: metal layer stage part=ffn layer=29 pos=25 tokens=4 shared_gate_up=0.020 ms
ds4: metal layer stage part=ffn layer=29 pos=25 tokens=4 shared_down=0.258 ms
ds4: metal layer stage part=ffn layer=29 pos=25 tokens=4 hc_post=0.025 ms
ds4: metal layer stage part=attn layer=30 pos=25 tokens=4 row_hc_f16_rows=0.247 ms
ds4: metal layer stage part=attn layer=30 pos=25 tokens=4 q_path=0.494 ms
ds4: metal layer stage part=attn layer=30 pos=25 tokens=4 kv_path=0.283 ms
ds4: metal layer stage part=attn layer=30 pos=25 tokens=4 compressor=0.297 ms
ds4: metal layer stage part=attn layer=30 pos=25 tokens=4 indexer_setup=0.020 ms
ds4: metal layer stage part=attn layer=30 pos=25 tokens=4 attention=0.573 ms
ds4: metal layer stage part=attn layer=30 pos=25 tokens=4 row_output_hc=0.491 ms
ds4: metal layer stage part=attn layer=30 pos=25 tokens=4 hc_post=0.026 ms
ds4: metal layer stage part=ffn layer=30 pos=25 tokens=4 router=0.018 ms
ds4: metal layer stage part=ffn layer=30 pos=25 tokens=4 routed_moe=0.031 ms
ds4: metal layer stage part=ffn layer=30 pos=25 tokens=4 shared_gate_up=0.019 ms
ds4: metal layer stage part=ffn layer=30 pos=25 tokens=4 shared_down=0.287 ms
ds4: metal layer stage part=ffn layer=30 pos=25 tokens=4 hc_post=0.021 ms
ds4: metal layer stage part=attn layer=31 pos=25 tokens=4 row_hc_f16_rows=0.221 ms
ds4: metal layer stage part=attn layer=31 pos=25 tokens=4 q_path=0.551 ms
ds4: metal layer stage part=attn layer=31 pos=25 tokens=4 kv_path=0.278 ms
ds4: metal layer stage part=attn layer=31 pos=25 tokens=4 compressor=0.024 ms
ds4: metal layer stage part=attn layer=31 pos=25 tokens=4 attention=0.529 ms
ds4: metal layer stage part=attn layer=31 pos=25 tokens=4 row_output_hc=0.482 ms
ds4: metal layer stage part=attn layer=31 pos=25 tokens=4 hc_post=0.025 ms
ds4: metal layer stage part=ffn layer=31 pos=25 tokens=4 router=0.020 ms
ds4: metal layer stage part=ffn layer=31 pos=25 tokens=4 routed_moe=0.023 ms
ds4: metal layer stage part=ffn layer=31 pos=25 tokens=4 shared_gate_up=0.018 ms
ds4: metal layer stage part=ffn layer=31 pos=25 tokens=4 shared_down=0.256 ms
ds4: metal layer stage part=ffn layer=31 pos=25 tokens=4 hc_post=0.021 ms
ds4: metal layer stage part=attn layer=32 pos=25 tokens=4 row_hc_f16_rows=0.263 ms
ds4: metal layer stage part=attn layer=32 pos=25 tokens=4 q_path=0.501 ms
ds4: metal layer stage part=attn layer=32 pos=25 tokens=4 kv_path=0.285 ms
ds4: metal layer stage part=attn layer=32 pos=25 tokens=4 compressor=0.275 ms
ds4: metal layer stage part=attn layer=32 pos=25 tokens=4 indexer_setup=0.021 ms
ds4: metal layer stage part=attn layer=32 pos=25 tokens=4 attention=0.564 ms
ds4: metal layer stage part=attn layer=32 pos=25 tokens=4 row_output_hc=0.535 ms
ds4: metal layer stage part=attn layer=32 pos=25 tokens=4 hc_post=0.021 ms
ds4: metal layer stage part=ffn layer=32 pos=25 tokens=4 router=0.017 ms
ds4: metal layer stage part=ffn layer=32 pos=25 tokens=4 routed_moe=0.033 ms
ds4: metal layer stage part=ffn layer=32 pos=25 tokens=4 shared_gate_up=0.020 ms
ds4: metal layer stage part=ffn layer=32 pos=25 tokens=4 shared_down=0.312 ms
ds4: metal layer stage part=ffn layer=32 pos=25 tokens=4 hc_post=0.019 ms
ds4: metal layer stage part=attn layer=33 pos=25 tokens=4 row_hc_f16_rows=0.208 ms
ds4: metal layer stage part=attn layer=33 pos=25 tokens=4 q_path=0.599 ms
ds4: metal layer stage part=attn layer=33 pos=25 tokens=4 kv_path=0.247 ms
ds4: metal layer stage part=attn layer=33 pos=25 tokens=4 compressor=0.019 ms
ds4: metal layer stage part=attn layer=33 pos=25 tokens=4 attention=0.537 ms
ds4: metal layer stage part=attn layer=33 pos=25 tokens=4 row_output_hc=0.472 ms
ds4: metal layer stage part=attn layer=33 pos=25 tokens=4 hc_post=0.024 ms
ds4: metal layer stage part=ffn layer=33 pos=25 tokens=4 router=0.018 ms
ds4: metal layer stage part=ffn layer=33 pos=25 tokens=4 routed_moe=0.026 ms
ds4: metal layer stage part=ffn layer=33 pos=25 tokens=4 shared_gate_up=0.021 ms
ds4: metal layer stage part=ffn layer=33 pos=25 tokens=4 shared_down=0.256 ms
ds4: metal layer stage part=ffn layer=33 pos=25 tokens=4 hc_post=0.023 ms
ds4: metal layer stage part=attn layer=34 pos=25 tokens=4 row_hc_f16_rows=0.289 ms
ds4: metal layer stage part=attn layer=34 pos=25 tokens=4 q_path=0.498 ms
ds4: metal layer stage part=attn layer=34 pos=25 tokens=4 kv_path=0.253 ms
ds4: metal layer stage part=attn layer=34 pos=25 tokens=4 compressor=0.304 ms
ds4: metal layer stage part=attn layer=34 pos=25 tokens=4 indexer_setup=0.030 ms
ds4: metal layer stage part=attn layer=34 pos=25 tokens=4 attention=0.576 ms
ds4: metal layer stage part=attn layer=34 pos=25 tokens=4 row_output_hc=0.512 ms
ds4: metal layer stage part=attn layer=34 pos=25 tokens=4 hc_post=0.034 ms
ds4: metal layer stage part=ffn layer=34 pos=25 tokens=4 router=0.019 ms
ds4: metal layer stage part=ffn layer=34 pos=25 tokens=4 routed_moe=0.032 ms
ds4: metal layer stage part=ffn layer=34 pos=25 tokens=4 shared_gate_up=0.017 ms
ds4: metal layer stage part=ffn layer=34 pos=25 tokens=4 shared_down=0.246 ms
ds4: metal layer stage part=ffn layer=34 pos=25 tokens=4 hc_post=0.022 ms
ds4: metal layer stage part=attn layer=35 pos=25 tokens=4 row_hc_f16_rows=0.258 ms
ds4: metal layer stage part=attn layer=35 pos=25 tokens=4 q_path=0.561 ms
ds4: metal layer stage part=attn layer=35 pos=25 tokens=4 kv_path=0.223 ms
ds4: metal layer stage part=attn layer=35 pos=25 tokens=4 compressor=0.019 ms
ds4: metal layer stage part=attn layer=35 pos=25 tokens=4 attention=0.538 ms
ds4: metal layer stage part=attn layer=35 pos=25 tokens=4 row_output_hc=0.506 ms
ds4: metal layer stage part=attn layer=35 pos=25 tokens=4 hc_post=0.024 ms
ds4: metal layer stage part=ffn layer=35 pos=25 tokens=4 router=0.016 ms
ds4: metal layer stage part=ffn layer=35 pos=25 tokens=4 routed_moe=0.026 ms
ds4: metal layer stage part=ffn layer=35 pos=25 tokens=4 shared_gate_up=0.025 ms
ds4: metal layer stage part=ffn layer=35 pos=25 tokens=4 shared_down=0.255 ms
ds4: metal layer stage part=ffn layer=35 pos=25 tokens=4 hc_post=0.025 ms
ds4: metal layer stage part=attn layer=36 pos=25 tokens=4 row_hc_f16_rows=0.181 ms
ds4: metal layer stage part=attn layer=36 pos=25 tokens=4 q_path=0.534 ms
ds4: metal layer stage part=attn layer=36 pos=25 tokens=4 kv_path=0.260 ms
ds4: metal layer stage part=attn layer=36 pos=25 tokens=4 compressor=0.280 ms
ds4: metal layer stage part=attn layer=36 pos=25 tokens=4 indexer_setup=0.023 ms
ds4: metal layer stage part=attn layer=36 pos=25 tokens=4 attention=0.568 ms
ds4: metal layer stage part=attn layer=36 pos=25 tokens=4 row_output_hc=0.485 ms
ds4: metal layer stage part=attn layer=36 pos=25 tokens=4 hc_post=0.055 ms
ds4: metal layer stage part=ffn layer=36 pos=25 tokens=4 router=0.020 ms
ds4: metal layer stage part=ffn layer=36 pos=25 tokens=4 routed_moe=0.030 ms
ds4: metal layer stage part=ffn layer=36 pos=25 tokens=4 shared_gate_up=0.027 ms
ds4: metal layer stage part=ffn layer=36 pos=25 tokens=4 shared_down=0.331 ms
ds4: metal layer stage part=ffn layer=36 pos=25 tokens=4 hc_post=0.023 ms
ds4: metal layer stage part=attn layer=37 pos=25 tokens=4 row_hc_f16_rows=0.223 ms
ds4: metal layer stage part=attn layer=37 pos=25 tokens=4 q_path=0.562 ms
ds4: metal layer stage part=attn layer=37 pos=25 tokens=4 kv_path=0.241 ms
ds4: metal layer stage part=attn layer=37 pos=25 tokens=4 compressor=0.021 ms
ds4: metal layer stage part=attn layer=37 pos=25 tokens=4 attention=0.516 ms
ds4: metal layer stage part=attn layer=37 pos=25 tokens=4 row_output_hc=0.493 ms
ds4: metal layer stage part=attn layer=37 pos=25 tokens=4 hc_post=0.025 ms
ds4: metal layer stage part=ffn layer=37 pos=25 tokens=4 router=0.017 ms
ds4: metal layer stage part=ffn layer=37 pos=25 tokens=4 routed_moe=0.029 ms
ds4: metal layer stage part=ffn layer=37 pos=25 tokens=4 shared_gate_up=0.027 ms
ds4: metal layer stage part=ffn layer=37 pos=25 tokens=4 shared_down=0.247 ms
ds4: metal layer stage part=ffn layer=37 pos=25 tokens=4 hc_post=0.020 ms
ds4: metal layer stage part=attn layer=38 pos=25 tokens=4 row_hc_f16_rows=0.231 ms
ds4: metal layer stage part=attn layer=38 pos=25 tokens=4 q_path=0.514 ms
ds4: metal layer stage part=attn layer=38 pos=25 tokens=4 kv_path=0.267 ms
ds4: metal layer stage part=attn layer=38 pos=25 tokens=4 compressor=0.286 ms
ds4: metal layer stage part=attn layer=38 pos=25 tokens=4 indexer_setup=0.020 ms
ds4: metal layer stage part=attn layer=38 pos=25 tokens=4 attention=0.570 ms
ds4: metal layer stage part=attn layer=38 pos=25 tokens=4 row_output_hc=0.518 ms
ds4: metal layer stage part=attn layer=38 pos=25 tokens=4 hc_post=0.025 ms
ds4: metal layer stage part=ffn layer=38 pos=25 tokens=4 router=0.017 ms
ds4: metal layer stage part=ffn layer=38 pos=25 tokens=4 routed_moe=0.029 ms
ds4: metal layer stage part=ffn layer=38 pos=25 tokens=4 shared_gate_up=0.022 ms
ds4: metal layer stage part=ffn layer=38 pos=25 tokens=4 shared_down=0.276 ms
ds4: metal layer stage part=ffn layer=38 pos=25 tokens=4 hc_post=0.026 ms
ds4: metal layer stage part=attn layer=39 pos=25 tokens=4 row_hc_f16_rows=0.216 ms
ds4: metal layer stage part=attn layer=39 pos=25 tokens=4 q_path=0.542 ms
ds4: metal layer stage part=attn layer=39 pos=25 tokens=4 kv_path=0.265 ms
ds4: metal layer stage part=attn layer=39 pos=25 tokens=4 compressor=0.028 ms
ds4: metal layer stage part=attn layer=39 pos=25 tokens=4 attention=0.534 ms
ds4: metal layer stage part=attn layer=39 pos=25 tokens=4 row_output_hc=0.553 ms
ds4: metal layer stage part=attn layer=39 pos=25 tokens=4 hc_post=0.058 ms
ds4: metal layer stage part=ffn layer=39 pos=25 tokens=4 router=0.017 ms
ds4: metal layer stage part=ffn layer=39 pos=25 tokens=4 routed_moe=0.031 ms
ds4: metal layer stage part=ffn layer=39 pos=25 tokens=4 shared_gate_up=0.017 ms
ds4: metal layer stage part=ffn layer=39 pos=25 tokens=4 shared_down=0.260 ms
ds4: metal layer stage part=ffn layer=39 pos=25 tokens=4 hc_post=0.020 ms
ds4: metal layer stage part=attn layer=40 pos=25 tokens=4 row_hc_f16_rows=0.210 ms
ds4: metal layer stage part=attn layer=40 pos=25 tokens=4 q_path=0.485 ms
ds4: metal layer stage part=attn layer=40 pos=25 tokens=4 kv_path=0.264 ms
ds4: metal layer stage part=attn layer=40 pos=25 tokens=4 compressor=0.274 ms
ds4: metal layer stage part=attn layer=40 pos=25 tokens=4 indexer_setup=0.018 ms
ds4: metal layer stage part=attn layer=40 pos=25 tokens=4 attention=0.552 ms
ds4: metal layer stage part=attn layer=40 pos=25 tokens=4 row_output_hc=0.493 ms
ds4: metal layer stage part=attn layer=40 pos=25 tokens=4 hc_post=0.027 ms
ds4: metal layer stage part=ffn layer=40 pos=25 tokens=4 router=0.017 ms
ds4: metal layer stage part=ffn layer=40 pos=25 tokens=4 routed_moe=0.025 ms
ds4: metal layer stage part=ffn layer=40 pos=25 tokens=4 shared_gate_up=0.022 ms
ds4: metal layer stage part=ffn layer=40 pos=25 tokens=4 shared_down=0.257 ms
ds4: metal layer stage part=ffn layer=40 pos=25 tokens=4 hc_post=0.023 ms
ds4: metal layer stage part=attn layer=41 pos=25 tokens=4 row_hc_f16_rows=0.195 ms
ds4: metal layer stage part=attn layer=41 pos=25 tokens=4 q_path=0.518 ms
ds4: metal layer stage part=attn layer=41 pos=25 tokens=4 kv_path=0.289 ms
ds4: metal layer stage part=attn layer=41 pos=25 tokens=4 compressor=0.027 ms
ds4: metal layer stage part=attn layer=41 pos=25 tokens=4 attention=0.547 ms
ds4: metal layer stage part=attn layer=41 pos=25 tokens=4 row_output_hc=0.481 ms
ds4: metal layer stage part=attn layer=41 pos=25 tokens=4 hc_post=0.025 ms
ds4: metal layer stage part=ffn layer=41 pos=25 tokens=4 router=0.018 ms
ds4: metal layer stage part=ffn layer=41 pos=25 tokens=4 routed_moe=0.027 ms
ds4: metal layer stage part=ffn layer=41 pos=25 tokens=4 shared_gate_up=0.022 ms
ds4: metal layer stage part=ffn layer=41 pos=25 tokens=4 shared_down=0.251 ms
ds4: metal layer stage part=ffn layer=41 pos=25 tokens=4 hc_post=0.022 ms
ds4: metal layer stage part=attn layer=42 pos=25 tokens=4 row_hc_f16_rows=0.212 ms
ds4: metal layer stage part=attn layer=42 pos=25 tokens=4 q_path=0.508 ms
ds4: metal layer stage part=attn layer=42 pos=25 tokens=4 kv_path=0.289 ms
ds4: metal layer stage part=attn layer=42 pos=25 tokens=4 compressor=0.302 ms
ds4: metal layer stage part=attn layer=42 pos=25 tokens=4 indexer_setup=0.019 ms
ds4: metal layer stage part=attn layer=42 pos=25 tokens=4 attention=0.711 ms
ds4: metal layer stage part=attn layer=42 pos=25 tokens=4 row_output_hc=0.519 ms
ds4: metal layer stage part=attn layer=42 pos=25 tokens=4 hc_post=0.022 ms
ds4: metal layer stage part=ffn layer=42 pos=25 tokens=4 router=0.029 ms
ds4: metal layer stage part=ffn layer=42 pos=25 tokens=4 routed_moe=0.031 ms
ds4: metal layer stage part=ffn layer=42 pos=25 tokens=4 shared_gate_up=0.020 ms
ds4: metal layer stage part=ffn layer=42 pos=25 tokens=4 shared_down=0.334 ms
ds4: metal layer stage part=ffn layer=42 pos=25 tokens=4 hc_post=0.024 ms
ds4: dspark hybrid verifier profile n=4 layers=43 exact_prefix=0.000 ms attention=99.139 ms row_ffn_pre=10.227 ms row_router=11.938 ms batch_router=0.000 ms row_routed=33.977 ms row_shared=12.251 ms batch_tail=16.542 ms target_hidden=1.313 ms head=1.533 ms read=0.027 ms total=186.963 ms
ds4: metal layer stage part=attn layer=0 pos=30 tokens=4 row_hc_f16_rows=0.229 ms
ds4: metal layer stage part=attn layer=0 pos=30 tokens=4 q_path=0.523 ms
ds4: metal layer stage part=attn layer=0 pos=30 tokens=4 kv_path=0.256 ms
ds4: metal layer stage part=attn layer=0 pos=30 tokens=4 attention=0.452 ms
ds4: metal layer stage part=attn layer=0 pos=30 tokens=4 row_output_hc=0.539 ms
ds4: metal layer stage part=attn layer=0 pos=30 tokens=4 hc_post=0.030 ms
ds4: metal layer stage part=ffn layer=0 pos=30 tokens=4 router=0.017 ms
ds4: metal layer stage part=ffn layer=0 pos=30 tokens=4 routed_moe=0.028 ms
ds4: metal layer stage part=ffn layer=0 pos=30 tokens=4 shared_gate_up=0.021 ms
ds4: metal layer stage part=ffn layer=0 pos=30 tokens=4 shared_down=0.256 ms
ds4: metal layer stage part=ffn layer=0 pos=30 tokens=4 hc_post=0.027 ms
ds4: metal layer stage part=attn layer=1 pos=30 tokens=4 row_hc_f16_rows=0.242 ms
ds4: metal layer stage part=attn layer=1 pos=30 tokens=4 q_path=0.496 ms
ds4: metal layer stage part=attn layer=1 pos=30 tokens=4 kv_path=0.291 ms
ds4: metal layer stage part=attn layer=1 pos=30 tokens=4 attention=0.415 ms
ds4: metal layer stage part=attn layer=1 pos=30 tokens=4 row_output_hc=0.484 ms
ds4: metal layer stage part=attn layer=1 pos=30 tokens=4 hc_post=0.023 ms
ds4: metal layer stage part=ffn layer=1 pos=30 tokens=4 router=0.018 ms
ds4: metal layer stage part=ffn layer=1 pos=30 tokens=4 routed_moe=0.029 ms
ds4: metal layer stage part=ffn layer=1 pos=30 tokens=4 shared_gate_up=0.022 ms
ds4: metal layer stage part=ffn layer=1 pos=30 tokens=4 shared_down=0.377 ms
ds4: metal layer stage part=ffn layer=1 pos=30 tokens=4 hc_post=0.023 ms
ds4: metal layer stage part=attn layer=2 pos=30 tokens=4 row_hc_f16_rows=0.201 ms
ds4: metal layer stage part=attn layer=2 pos=30 tokens=4 q_path=0.510 ms
ds4: metal layer stage part=attn layer=2 pos=30 tokens=4 kv_path=0.260 ms
ds4: metal layer stage part=attn layer=2 pos=30 tokens=4 compressor=0.285 ms
ds4: metal layer stage part=attn layer=2 pos=30 tokens=4 indexer_setup=0.028 ms
ds4: metal layer stage part=attn layer=2 pos=30 tokens=4 attention=0.642 ms
ds4: metal layer stage part=attn layer=2 pos=30 tokens=4 row_output_hc=0.489 ms
ds4: metal layer stage part=attn layer=2 pos=30 tokens=4 hc_post=0.030 ms
ds4: metal layer stage part=ffn layer=2 pos=30 tokens=4 router=0.020 ms
ds4: metal layer stage part=ffn layer=2 pos=30 tokens=4 routed_moe=0.024 ms
ds4: metal layer stage part=ffn layer=2 pos=30 tokens=4 shared_gate_up=0.022 ms
ds4: metal layer stage part=ffn layer=2 pos=30 tokens=4 shared_down=0.239 ms
ds4: metal layer stage part=ffn layer=2 pos=30 tokens=4 hc_post=0.021 ms
ds4: metal layer stage part=attn layer=3 pos=30 tokens=4 row_hc_f16_rows=0.198 ms
ds4: metal layer stage part=attn layer=3 pos=30 tokens=4 q_path=0.506 ms
ds4: metal layer stage part=attn layer=3 pos=30 tokens=4 kv_path=0.268 ms
ds4: metal layer stage part=attn layer=3 pos=30 tokens=4 compressor=0.021 ms
ds4: metal layer stage part=attn layer=3 pos=30 tokens=4 attention=0.507 ms
ds4: metal layer stage part=attn layer=3 pos=30 tokens=4 row_output_hc=0.555 ms
ds4: metal layer stage part=attn layer=3 pos=30 tokens=4 hc_post=0.053 ms
ds4: metal layer stage part=ffn layer=3 pos=30 tokens=4 router=0.021 ms
ds4: metal layer stage part=ffn layer=3 pos=30 tokens=4 routed_moe=0.022 ms
ds4: metal layer stage part=ffn layer=3 pos=30 tokens=4 shared_gate_up=0.019 ms
ds4: metal layer stage part=ffn layer=3 pos=30 tokens=4 shared_down=0.305 ms
ds4: metal layer stage part=ffn layer=3 pos=30 tokens=4 hc_post=0.023 ms
ds4: metal layer stage part=attn layer=4 pos=30 tokens=4 row_hc_f16_rows=0.200 ms
ds4: metal layer stage part=attn layer=4 pos=30 tokens=4 q_path=0.545 ms
ds4: metal layer stage part=attn layer=4 pos=30 tokens=4 kv_path=0.295 ms
ds4: metal layer stage part=attn layer=4 pos=30 tokens=4 compressor=0.282 ms
ds4: metal layer stage part=attn layer=4 pos=30 tokens=4 indexer_setup=0.030 ms
ds4: metal layer stage part=attn layer=4 pos=30 tokens=4 attention=0.550 ms
ds4: metal layer stage part=attn layer=4 pos=30 tokens=4 row_output_hc=0.461 ms
ds4: metal layer stage part=attn layer=4 pos=30 tokens=4 hc_post=0.027 ms
ds4: metal layer stage part=ffn layer=4 pos=30 tokens=4 router=0.021 ms
ds4: metal layer stage part=ffn layer=4 pos=30 tokens=4 routed_moe=0.022 ms
ds4: metal layer stage part=ffn layer=4 pos=30 tokens=4 shared_gate_up=0.021 ms
ds4: metal layer stage part=ffn layer=4 pos=30 tokens=4 shared_down=0.252 ms
ds4: metal layer stage part=ffn layer=4 pos=30 tokens=4 hc_post=0.022 ms
ds4: metal layer stage part=attn layer=5 pos=30 tokens=4 row_hc_f16_rows=0.254 ms
ds4: metal layer stage part=attn layer=5 pos=30 tokens=4 q_path=0.508 ms
ds4: metal layer stage part=attn layer=5 pos=30 tokens=4 kv_path=0.194 ms
ds4: metal layer stage part=attn layer=5 pos=30 tokens=4 compressor=0.025 ms
ds4: metal layer stage part=attn layer=5 pos=30 tokens=4 attention=0.562 ms
ds4: metal layer stage part=attn layer=5 pos=30 tokens=4 row_output_hc=0.541 ms
ds4: metal layer stage part=attn layer=5 pos=30 tokens=4 hc_post=0.024 ms
ds4: metal layer stage part=ffn layer=5 pos=30 tokens=4 router=0.021 ms
ds4: metal layer stage part=ffn layer=5 pos=30 tokens=4 routed_moe=0.025 ms
ds4: metal layer stage part=ffn layer=5 pos=30 tokens=4 shared_gate_up=0.017 ms
ds4: metal layer stage part=ffn layer=5 pos=30 tokens=4 shared_down=0.228 ms
ds4: metal layer stage part=ffn layer=5 pos=30 tokens=4 hc_post=0.026 ms
ds4: metal layer stage part=attn layer=6 pos=30 tokens=4 row_hc_f16_rows=0.211 ms
ds4: metal layer stage part=attn layer=6 pos=30 tokens=4 q_path=0.471 ms
ds4: metal layer stage part=attn layer=6 pos=30 tokens=4 kv_path=0.250 ms
ds4: metal layer stage part=attn layer=6 pos=30 tokens=4 compressor=0.279 ms
ds4: metal layer stage part=attn layer=6 pos=30 tokens=4 indexer_setup=0.020 ms
ds4: metal layer stage part=attn layer=6 pos=30 tokens=4 attention=0.525 ms
ds4: metal layer stage part=attn layer=6 pos=30 tokens=4 row_output_hc=0.449 ms
ds4: metal layer stage part=attn layer=6 pos=30 tokens=4 hc_post=0.022 ms
ds4: metal layer stage part=ffn layer=6 pos=30 tokens=4 router=0.020 ms
ds4: metal layer stage part=ffn layer=6 pos=30 tokens=4 routed_moe=0.027 ms
ds4: metal layer stage part=ffn layer=6 pos=30 tokens=4 shared_gate_up=0.023 ms
ds4: metal layer stage part=ffn layer=6 pos=30 tokens=4 shared_down=0.250 ms
ds4: metal layer stage part=ffn layer=6 pos=30 tokens=4 hc_post=0.026 ms
ds4: metal layer stage part=attn layer=7 pos=30 tokens=4 row_hc_f16_rows=0.235 ms
ds4: metal layer stage part=attn layer=7 pos=30 tokens=4 q_path=0.536 ms
ds4: metal layer stage part=attn layer=7 pos=30 tokens=4 kv_path=0.250 ms
ds4: metal layer stage part=attn layer=7 pos=30 tokens=4 compressor=0.023 ms
ds4: metal layer stage part=attn layer=7 pos=30 tokens=4 attention=0.544 ms
ds4: metal layer stage part=attn layer=7 pos=30 tokens=4 row_output_hc=0.544 ms
ds4: metal layer stage part=attn layer=7 pos=30 tokens=4 hc_post=0.024 ms
ds4: metal layer stage part=ffn layer=7 pos=30 tokens=4 router=0.021 ms
ds4: metal layer stage part=ffn layer=7 pos=30 tokens=4 routed_moe=0.022 ms
ds4: metal layer stage part=ffn layer=7 pos=30 tokens=4 shared_gate_up=0.021 ms
ds4: metal layer stage part=ffn layer=7 pos=30 tokens=4 shared_down=0.274 ms
ds4: metal layer stage part=ffn layer=7 pos=30 tokens=4 hc_post=0.019 ms
ds4: metal layer stage part=attn layer=8 pos=30 tokens=4 row_hc_f16_rows=0.209 ms
ds4: metal layer stage part=attn layer=8 pos=30 tokens=4 q_path=0.508 ms
ds4: metal layer stage part=attn layer=8 pos=30 tokens=4 kv_path=0.227 ms
ds4: metal layer stage part=attn layer=8 pos=30 tokens=4 compressor=0.291 ms
ds4: metal layer stage part=attn layer=8 pos=30 tokens=4 indexer_setup=0.019 ms
ds4: metal layer stage part=attn layer=8 pos=30 tokens=4 attention=0.554 ms
ds4: metal layer stage part=attn layer=8 pos=30 tokens=4 row_output_hc=0.539 ms
ds4: metal layer stage part=attn layer=8 pos=30 tokens=4 hc_post=0.026 ms
ds4: metal layer stage part=ffn layer=8 pos=30 tokens=4 router=0.016 ms
ds4: metal layer stage part=ffn layer=8 pos=30 tokens=4 routed_moe=0.033 ms
ds4: metal layer stage part=ffn layer=8 pos=30 tokens=4 shared_gate_up=0.022 ms
ds4: metal layer stage part=ffn layer=8 pos=30 tokens=4 shared_down=0.331 ms
ds4: metal layer stage part=ffn layer=8 pos=30 tokens=4 hc_post=0.021 ms
ds4: metal layer stage part=attn layer=9 pos=30 tokens=4 row_hc_f16_rows=0.210 ms
ds4: metal layer stage part=attn layer=9 pos=30 tokens=4 q_path=0.541 ms
ds4: metal layer stage part=attn layer=9 pos=30 tokens=4 kv_path=0.278 ms
ds4: metal layer stage part=attn layer=9 pos=30 tokens=4 compressor=0.019 ms
ds4: metal layer stage part=attn layer=9 pos=30 tokens=4 attention=0.513 ms
ds4: metal layer stage part=attn layer=9 pos=30 tokens=4 row_output_hc=0.531 ms
ds4: metal layer stage part=attn layer=9 pos=30 tokens=4 hc_post=0.055 ms
ds4: metal layer stage part=ffn layer=9 pos=30 tokens=4 router=0.016 ms
ds4: metal layer stage part=ffn layer=9 pos=30 tokens=4 routed_moe=0.029 ms
ds4: metal layer stage part=ffn layer=9 pos=30 tokens=4 shared_gate_up=0.021 ms
ds4: metal layer stage part=ffn layer=9 pos=30 tokens=4 shared_down=0.291 ms
ds4: metal layer stage part=ffn layer=9 pos=30 tokens=4 hc_post=0.021 ms
ds4: metal layer stage part=attn layer=10 pos=30 tokens=4 row_hc_f16_rows=0.219 ms
ds4: metal layer stage part=attn layer=10 pos=30 tokens=4 q_path=0.515 ms
ds4: metal layer stage part=attn layer=10 pos=30 tokens=4 kv_path=0.279 ms
ds4: metal layer stage part=attn layer=10 pos=30 tokens=4 compressor=0.312 ms
ds4: metal layer stage part=attn layer=10 pos=30 tokens=4 indexer_setup=0.020 ms
ds4: metal layer stage part=attn layer=10 pos=30 tokens=4 attention=0.548 ms
ds4: metal layer stage part=attn layer=10 pos=30 tokens=4 row_output_hc=0.454 ms
ds4: metal layer stage part=attn layer=10 pos=30 tokens=4 hc_post=0.026 ms
ds4: metal layer stage part=ffn layer=10 pos=30 tokens=4 router=0.019 ms
ds4: metal layer stage part=ffn layer=10 pos=30 tokens=4 routed_moe=0.031 ms
ds4: metal layer stage part=ffn layer=10 pos=30 tokens=4 shared_gate_up=0.020 ms
ds4: metal layer stage part=ffn layer=10 pos=30 tokens=4 shared_down=0.266 ms
ds4: metal layer stage part=ffn layer=10 pos=30 tokens=4 hc_post=0.020 ms
ds4: metal layer stage part=attn layer=11 pos=30 tokens=4 row_hc_f16_rows=0.232 ms
ds4: metal layer stage part=attn layer=11 pos=30 tokens=4 q_path=0.528 ms
ds4: metal layer stage part=attn layer=11 pos=30 tokens=4 kv_path=0.252 ms
ds4: metal layer stage part=attn layer=11 pos=30 tokens=4 compressor=0.031 ms
ds4: metal layer stage part=attn layer=11 pos=30 tokens=4 attention=0.527 ms
ds4: metal layer stage part=attn layer=11 pos=30 tokens=4 row_output_hc=0.541 ms
ds4: metal layer stage part=attn layer=11 pos=30 tokens=4 hc_post=0.024 ms
ds4: metal layer stage part=ffn layer=11 pos=30 tokens=4 router=0.020 ms
ds4: metal layer stage part=ffn layer=11 pos=30 tokens=4 routed_moe=0.026 ms
ds4: metal layer stage part=ffn layer=11 pos=30 tokens=4 shared_gate_up=0.021 ms
ds4: metal layer stage part=ffn layer=11 pos=30 tokens=4 shared_down=0.259 ms
ds4: metal layer stage part=ffn layer=11 pos=30 tokens=4 hc_post=0.023 ms
ds4: metal layer stage part=attn layer=12 pos=30 tokens=4 row_hc_f16_rows=0.268 ms
ds4: metal layer stage part=attn layer=12 pos=30 tokens=4 q_path=0.538 ms
ds4: metal layer stage part=attn layer=12 pos=30 tokens=4 kv_path=0.269 ms
ds4: metal layer stage part=attn layer=12 pos=30 tokens=4 compressor=0.317 ms
ds4: metal layer stage part=attn layer=12 pos=30 tokens=4 indexer_setup=0.022 ms
ds4: metal layer stage part=attn layer=12 pos=30 tokens=4 attention=0.555 ms
ds4: metal layer stage part=attn layer=12 pos=30 tokens=4 row_output_hc=0.462 ms
ds4: metal layer stage part=attn layer=12 pos=30 tokens=4 hc_post=0.027 ms
ds4: metal layer stage part=ffn layer=12 pos=30 tokens=4 router=0.022 ms
ds4: metal layer stage part=ffn layer=12 pos=30 tokens=4 routed_moe=0.025 ms
ds4: metal layer stage part=ffn layer=12 pos=30 tokens=4 shared_gate_up=0.017 ms
ds4: metal layer stage part=ffn layer=12 pos=30 tokens=4 shared_down=0.256 ms
ds4: metal layer stage part=ffn layer=12 pos=30 tokens=4 hc_post=0.025 ms
ds4: metal layer stage part=attn layer=13 pos=30 tokens=4 row_hc_f16_rows=0.241 ms
ds4: metal layer stage part=attn layer=13 pos=30 tokens=4 q_path=0.569 ms
ds4: metal layer stage part=attn layer=13 pos=30 tokens=4 kv_path=0.248 ms
ds4: metal layer stage part=attn layer=13 pos=30 tokens=4 compressor=0.022 ms
ds4: metal layer stage part=attn layer=13 pos=30 tokens=4 attention=0.570 ms
ds4: metal layer stage part=attn layer=13 pos=30 tokens=4 row_output_hc=0.503 ms
ds4: metal layer stage part=attn layer=13 pos=30 tokens=4 hc_post=0.019 ms
ds4: metal layer stage part=ffn layer=13 pos=30 tokens=4 router=0.022 ms
ds4: metal layer stage part=ffn layer=13 pos=30 tokens=4 routed_moe=0.025 ms
ds4: metal layer stage part=ffn layer=13 pos=30 tokens=4 shared_gate_up=0.021 ms
ds4: metal layer stage part=ffn layer=13 pos=30 tokens=4 shared_down=0.299 ms
ds4: metal layer stage part=ffn layer=13 pos=30 tokens=4 hc_post=0.021 ms
ds4: metal layer stage part=attn layer=14 pos=30 tokens=4 row_hc_f16_rows=0.213 ms
ds4: metal layer stage part=attn layer=14 pos=30 tokens=4 q_path=0.520 ms
ds4: metal layer stage part=attn layer=14 pos=30 tokens=4 kv_path=0.291 ms
ds4: metal layer stage part=attn layer=14 pos=30 tokens=4 compressor=0.278 ms
ds4: metal layer stage part=attn layer=14 pos=30 tokens=4 indexer_setup=0.025 ms
ds4: metal layer stage part=attn layer=14 pos=30 tokens=4 attention=0.557 ms
ds4: metal layer stage part=attn layer=14 pos=30 tokens=4 row_output_hc=0.478 ms
ds4: metal layer stage part=attn layer=14 pos=30 tokens=4 hc_post=0.032 ms
ds4: metal layer stage part=ffn layer=14 pos=30 tokens=4 router=0.031 ms
ds4: metal layer stage part=ffn layer=14 pos=30 tokens=4 routed_moe=0.030 ms
ds4: metal layer stage part=ffn layer=14 pos=30 tokens=4 shared_gate_up=0.018 ms
ds4: metal layer stage part=ffn layer=14 pos=30 tokens=4 shared_down=0.668 ms
ds4: metal layer stage part=ffn layer=14 pos=30 tokens=4 hc_post=0.064 ms
ds4: metal layer stage part=attn layer=15 pos=30 tokens=4 row_hc_f16_rows=0.215 ms
ds4: metal layer stage part=attn layer=15 pos=30 tokens=4 q_path=0.480 ms
ds4: metal layer stage part=attn layer=15 pos=30 tokens=4 kv_path=0.240 ms
ds4: metal layer stage part=attn layer=15 pos=30 tokens=4 compressor=0.030 ms
ds4: metal layer stage part=attn layer=15 pos=30 tokens=4 attention=0.510 ms
ds4: metal layer stage part=attn layer=15 pos=30 tokens=4 row_output_hc=0.541 ms
ds4: metal layer stage part=attn layer=15 pos=30 tokens=4 hc_post=0.030 ms
ds4: metal layer stage part=ffn layer=15 pos=30 tokens=4 router=0.017 ms
ds4: metal layer stage part=ffn layer=15 pos=30 tokens=4 routed_moe=0.031 ms
ds4: metal layer stage part=ffn layer=15 pos=30 tokens=4 shared_gate_up=0.025 ms
ds4: metal layer stage part=ffn layer=15 pos=30 tokens=4 shared_down=0.265 ms
ds4: metal layer stage part=ffn layer=15 pos=30 tokens=4 hc_post=0.024 ms
ds4: metal layer stage part=attn layer=16 pos=30 tokens=4 row_hc_f16_rows=0.221 ms
ds4: metal layer stage part=attn layer=16 pos=30 tokens=4 q_path=0.524 ms
ds4: metal layer stage part=attn layer=16 pos=30 tokens=4 kv_path=0.266 ms
ds4: metal layer stage part=attn layer=16 pos=30 tokens=4 compressor=0.273 ms
ds4: metal layer stage part=attn layer=16 pos=30 tokens=4 indexer_setup=0.025 ms
ds4: metal layer stage part=attn layer=16 pos=30 tokens=4 attention=0.539 ms
ds4: metal layer stage part=attn layer=16 pos=30 tokens=4 row_output_hc=0.553 ms
ds4: metal layer stage part=attn layer=16 pos=30 tokens=4 hc_post=0.026 ms
ds4: metal layer stage part=ffn layer=16 pos=30 tokens=4 router=0.025 ms
ds4: metal layer stage part=ffn layer=16 pos=30 tokens=4 routed_moe=0.036 ms
ds4: metal layer stage part=ffn layer=16 pos=30 tokens=4 shared_gate_up=0.023 ms
ds4: metal layer stage part=ffn layer=16 pos=30 tokens=4 shared_down=0.317 ms
ds4: metal layer stage part=ffn layer=16 pos=30 tokens=4 hc_post=0.024 ms
ds4: metal layer stage part=attn layer=17 pos=30 tokens=4 row_hc_f16_rows=0.220 ms
ds4: metal layer stage part=attn layer=17 pos=30 tokens=4 q_path=0.541 ms
ds4: metal layer stage part=attn layer=17 pos=30 tokens=4 kv_path=0.243 ms
ds4: metal layer stage part=attn layer=17 pos=30 tokens=4 compressor=0.021 ms
ds4: metal layer stage part=attn layer=17 pos=30 tokens=4 attention=0.544 ms
ds4: metal layer stage part=attn layer=17 pos=30 tokens=4 row_output_hc=0.498 ms
ds4: metal layer stage part=attn layer=17 pos=30 tokens=4 hc_post=0.026 ms
ds4: metal layer stage part=ffn layer=17 pos=30 tokens=4 router=0.017 ms
ds4: metal layer stage part=ffn layer=17 pos=30 tokens=4 routed_moe=0.030 ms
ds4: metal layer stage part=ffn layer=17 pos=30 tokens=4 shared_gate_up=0.016 ms
ds4: metal layer stage part=ffn layer=17 pos=30 tokens=4 shared_down=0.265 ms
ds4: metal layer stage part=ffn layer=17 pos=30 tokens=4 hc_post=0.020 ms
ds4: metal layer stage part=attn layer=18 pos=30 tokens=4 row_hc_f16_rows=0.225 ms
ds4: metal layer stage part=attn layer=18 pos=30 tokens=4 q_path=0.508 ms
ds4: metal layer stage part=attn layer=18 pos=30 tokens=4 kv_path=0.274 ms
ds4: metal layer stage part=attn layer=18 pos=30 tokens=4 compressor=0.288 ms
ds4: metal layer stage part=attn layer=18 pos=30 tokens=4 indexer_setup=0.020 ms
ds4: metal layer stage part=attn layer=18 pos=30 tokens=4 attention=0.564 ms
ds4: metal layer stage part=attn layer=18 pos=30 tokens=4 row_output_hc=0.533 ms
ds4: metal layer stage part=attn layer=18 pos=30 tokens=4 hc_post=0.028 ms
ds4: metal layer stage part=ffn layer=18 pos=30 tokens=4 router=0.023 ms
ds4: metal layer stage part=ffn layer=18 pos=30 tokens=4 routed_moe=0.025 ms
ds4: metal layer stage part=ffn layer=18 pos=30 tokens=4 shared_gate_up=0.019 ms
ds4: metal layer stage part=ffn layer=18 pos=30 tokens=4 shared_down=0.260 ms
ds4: metal layer stage part=ffn layer=18 pos=30 tokens=4 hc_post=0.025 ms
ds4: metal layer stage part=attn layer=19 pos=30 tokens=4 row_hc_f16_rows=0.229 ms
ds4: metal layer stage part=attn layer=19 pos=30 tokens=4 q_path=0.515 ms
ds4: metal layer stage part=attn layer=19 pos=30 tokens=4 kv_path=0.195 ms
ds4: metal layer stage part=attn layer=19 pos=30 tokens=4 compressor=0.026 ms
ds4: metal layer stage part=attn layer=19 pos=30 tokens=4 attention=0.601 ms
ds4: metal layer stage part=attn layer=19 pos=30 tokens=4 row_output_hc=0.579 ms
ds4: metal layer stage part=attn layer=19 pos=30 tokens=4 hc_post=0.033 ms
ds4: metal layer stage part=ffn layer=19 pos=30 tokens=4 router=0.017 ms
ds4: metal layer stage part=ffn layer=19 pos=30 tokens=4 routed_moe=0.025 ms
ds4: metal layer stage part=ffn layer=19 pos=30 tokens=4 shared_gate_up=0.019 ms
ds4: metal layer stage part=ffn layer=19 pos=30 tokens=4 shared_down=0.284 ms
ds4: metal layer stage part=ffn layer=19 pos=30 tokens=4 hc_post=0.020 ms
ds4: metal layer stage part=attn layer=20 pos=30 tokens=4 row_hc_f16_rows=0.201 ms
ds4: metal layer stage part=attn layer=20 pos=30 tokens=4 q_path=0.539 ms
ds4: metal layer stage part=attn layer=20 pos=30 tokens=4 kv_path=0.305 ms
ds4: metal layer stage part=attn layer=20 pos=30 tokens=4 compressor=0.278 ms
ds4: metal layer stage part=attn layer=20 pos=30 tokens=4 indexer_setup=0.022 ms
ds4: metal layer stage part=attn layer=20 pos=30 tokens=4 attention=0.555 ms
ds4: metal layer stage part=attn layer=20 pos=30 tokens=4 row_output_hc=0.467 ms
ds4: metal layer stage part=attn layer=20 pos=30 tokens=4 hc_post=0.028 ms
ds4: metal layer stage part=ffn layer=20 pos=30 tokens=4 router=0.019 ms
ds4: metal layer stage part=ffn layer=20 pos=30 tokens=4 routed_moe=0.032 ms
ds4: metal layer stage part=ffn layer=20 pos=30 tokens=4 shared_gate_up=0.020 ms
ds4: metal layer stage part=ffn layer=20 pos=30 tokens=4 shared_down=0.256 ms
ds4: metal layer stage part=ffn layer=20 pos=30 tokens=4 hc_post=0.020 ms
ds4: metal layer stage part=attn layer=21 pos=30 tokens=4 row_hc_f16_rows=0.247 ms
ds4: metal layer stage part=attn layer=21 pos=30 tokens=4 q_path=0.496 ms
ds4: metal layer stage part=attn layer=21 pos=30 tokens=4 kv_path=0.296 ms
ds4: metal layer stage part=attn layer=21 pos=30 tokens=4 compressor=0.020 ms
ds4: metal layer stage part=attn layer=21 pos=30 tokens=4 attention=0.523 ms
ds4: metal layer stage part=attn layer=21 pos=30 tokens=4 row_output_hc=0.510 ms
ds4: metal layer stage part=attn layer=21 pos=30 tokens=4 hc_post=0.024 ms
ds4: metal layer stage part=ffn layer=21 pos=30 tokens=4 router=0.021 ms
ds4: metal layer stage part=ffn layer=21 pos=30 tokens=4 routed_moe=0.025 ms
ds4: metal layer stage part=ffn layer=21 pos=30 tokens=4 shared_gate_up=0.022 ms
ds4: metal layer stage part=ffn layer=21 pos=30 tokens=4 shared_down=0.249 ms
ds4: metal layer stage part=ffn layer=21 pos=30 tokens=4 hc_post=0.023 ms
ds4: metal layer stage part=attn layer=22 pos=30 tokens=4 row_hc_f16_rows=0.202 ms
ds4: metal layer stage part=attn layer=22 pos=30 tokens=4 q_path=0.501 ms
ds4: metal layer stage part=attn layer=22 pos=30 tokens=4 kv_path=0.248 ms
ds4: metal layer stage part=attn layer=22 pos=30 tokens=4 compressor=0.277 ms
ds4: metal layer stage part=attn layer=22 pos=30 tokens=4 indexer_setup=0.025 ms
ds4: metal layer stage part=attn layer=22 pos=30 tokens=4 attention=0.552 ms
ds4: metal layer stage part=attn layer=22 pos=30 tokens=4 row_output_hc=0.464 ms
ds4: metal layer stage part=attn layer=22 pos=30 tokens=4 hc_post=0.021 ms
ds4: metal layer stage part=ffn layer=22 pos=30 tokens=4 router=0.020 ms
ds4: metal layer stage part=ffn layer=22 pos=30 tokens=4 routed_moe=0.022 ms
ds4: metal layer stage part=ffn layer=22 pos=30 tokens=4 shared_gate_up=0.022 ms
ds4: metal layer stage part=ffn layer=22 pos=30 tokens=4 shared_down=0.260 ms
ds4: metal layer stage part=ffn layer=22 pos=30 tokens=4 hc_post=0.020 ms
ds4: metal layer stage part=attn layer=23 pos=30 tokens=4 row_hc_f16_rows=0.243 ms
ds4: metal layer stage part=attn layer=23 pos=30 tokens=4 q_path=0.499 ms
ds4: metal layer stage part=attn layer=23 pos=30 tokens=4 kv_path=0.309 ms
ds4: metal layer stage part=attn layer=23 pos=30 tokens=4 compressor=0.021 ms
ds4: metal layer stage part=attn layer=23 pos=30 tokens=4 attention=0.523 ms
ds4: metal layer stage part=attn layer=23 pos=30 tokens=4 row_output_hc=0.542 ms
ds4: metal layer stage part=attn layer=23 pos=30 tokens=4 hc_post=0.024 ms
ds4: metal layer stage part=ffn layer=23 pos=30 tokens=4 router=0.020 ms
ds4: metal layer stage part=ffn layer=23 pos=30 tokens=4 routed_moe=0.026 ms
ds4: metal layer stage part=ffn layer=23 pos=30 tokens=4 shared_gate_up=0.020 ms
ds4: metal layer stage part=ffn layer=23 pos=30 tokens=4 shared_down=0.317 ms
ds4: metal layer stage part=ffn layer=23 pos=30 tokens=4 hc_post=0.029 ms
ds4: metal layer stage part=attn layer=24 pos=30 tokens=4 row_hc_f16_rows=0.203 ms
ds4: metal layer stage part=attn layer=24 pos=30 tokens=4 q_path=0.544 ms
ds4: metal layer stage part=attn layer=24 pos=30 tokens=4 kv_path=0.254 ms
ds4: metal layer stage part=attn layer=24 pos=30 tokens=4 compressor=0.326 ms
ds4: metal layer stage part=attn layer=24 pos=30 tokens=4 indexer_setup=0.022 ms
ds4: metal layer stage part=attn layer=24 pos=30 tokens=4 attention=0.542 ms
ds4: metal layer stage part=attn layer=24 pos=30 tokens=4 row_output_hc=0.460 ms
ds4: metal layer stage part=attn layer=24 pos=30 tokens=4 hc_post=0.027 ms
ds4: metal layer stage part=ffn layer=24 pos=30 tokens=4 router=0.017 ms
ds4: metal layer stage part=ffn layer=24 pos=30 tokens=4 routed_moe=0.031 ms
ds4: metal layer stage part=ffn layer=24 pos=30 tokens=4 shared_gate_up=0.020 ms
ds4: metal layer stage part=ffn layer=24 pos=30 tokens=4 shared_down=0.259 ms
ds4: metal layer stage part=ffn layer=24 pos=30 tokens=4 hc_post=0.023 ms
ds4: metal layer stage part=attn layer=25 pos=30 tokens=4 row_hc_f16_rows=0.218 ms
ds4: metal layer stage part=attn layer=25 pos=30 tokens=4 q_path=0.506 ms
ds4: metal layer stage part=attn layer=25 pos=30 tokens=4 kv_path=0.278 ms
ds4: metal layer stage part=attn layer=25 pos=30 tokens=4 compressor=0.024 ms
ds4: metal layer stage part=attn layer=25 pos=30 tokens=4 attention=0.559 ms
ds4: metal layer stage part=attn layer=25 pos=30 tokens=4 row_output_hc=0.564 ms
ds4: metal layer stage part=attn layer=25 pos=30 tokens=4 hc_post=0.032 ms
ds4: metal layer stage part=ffn layer=25 pos=30 tokens=4 router=0.017 ms
ds4: metal layer stage part=ffn layer=25 pos=30 tokens=4 routed_moe=0.030 ms
ds4: metal layer stage part=ffn layer=25 pos=30 tokens=4 shared_gate_up=0.020 ms
ds4: metal layer stage part=ffn layer=25 pos=30 tokens=4 shared_down=0.268 ms
ds4: metal layer stage part=ffn layer=25 pos=30 tokens=4 hc_post=0.020 ms
ds4: metal layer stage part=attn layer=26 pos=30 tokens=4 row_hc_f16_rows=0.215 ms
ds4: metal layer stage part=attn layer=26 pos=30 tokens=4 q_path=0.520 ms
ds4: metal layer stage part=attn layer=26 pos=30 tokens=4 kv_path=0.276 ms
ds4: metal layer stage part=attn layer=26 pos=30 tokens=4 compressor=0.282 ms
ds4: metal layer stage part=attn layer=26 pos=30 tokens=4 indexer_setup=0.022 ms
ds4: metal layer stage part=attn layer=26 pos=30 tokens=4 attention=0.553 ms
ds4: metal layer stage part=attn layer=26 pos=30 tokens=4 row_output_hc=0.546 ms
ds4: metal layer stage part=attn layer=26 pos=30 tokens=4 hc_post=0.024 ms
ds4: metal layer stage part=ffn layer=26 pos=30 tokens=4 router=0.018 ms
ds4: metal layer stage part=ffn layer=26 pos=30 tokens=4 routed_moe=0.031 ms
ds4: metal layer stage part=ffn layer=26 pos=30 tokens=4 shared_gate_up=0.021 ms
ds4: metal layer stage part=ffn layer=26 pos=30 tokens=4 shared_down=0.255 ms
ds4: metal layer stage part=ffn layer=26 pos=30 tokens=4 hc_post=0.024 ms
ds4: metal layer stage part=attn layer=27 pos=30 tokens=4 row_hc_f16_rows=0.245 ms
ds4: metal layer stage part=attn layer=27 pos=30 tokens=4 q_path=0.549 ms
ds4: metal layer stage part=attn layer=27 pos=30 tokens=4 kv_path=0.288 ms
ds4: metal layer stage part=attn layer=27 pos=30 tokens=4 compressor=0.024 ms
ds4: metal layer stage part=attn layer=27 pos=30 tokens=4 attention=0.537 ms
ds4: metal layer stage part=attn layer=27 pos=30 tokens=4 row_output_hc=0.521 ms
ds4: metal layer stage part=attn layer=27 pos=30 tokens=4 hc_post=0.023 ms
ds4: metal layer stage part=ffn layer=27 pos=30 tokens=4 router=0.018 ms
ds4: metal layer stage part=ffn layer=27 pos=30 tokens=4 routed_moe=0.032 ms
ds4: metal layer stage part=ffn layer=27 pos=30 tokens=4 shared_gate_up=0.022 ms
ds4: metal layer stage part=ffn layer=27 pos=30 tokens=4 shared_down=0.282 ms
ds4: metal layer stage part=ffn layer=27 pos=30 tokens=4 hc_post=0.018 ms
ds4: metal layer stage part=attn layer=28 pos=30 tokens=4 row_hc_f16_rows=0.221 ms
ds4: metal layer stage part=attn layer=28 pos=30 tokens=4 q_path=0.525 ms
ds4: metal layer stage part=attn layer=28 pos=30 tokens=4 kv_path=0.299 ms
ds4: metal layer stage part=attn layer=28 pos=30 tokens=4 compressor=0.270 ms
ds4: metal layer stage part=attn layer=28 pos=30 tokens=4 indexer_setup=0.021 ms
ds4: metal layer stage part=attn layer=28 pos=30 tokens=4 attention=0.544 ms
ds4: metal layer stage part=attn layer=28 pos=30 tokens=4 row_output_hc=0.462 ms
ds4: metal layer stage part=attn layer=28 pos=30 tokens=4 hc_post=0.027 ms
ds4: metal layer stage part=ffn layer=28 pos=30 tokens=4 router=0.021 ms
ds4: metal layer stage part=ffn layer=28 pos=30 tokens=4 routed_moe=0.026 ms
ds4: metal layer stage part=ffn layer=28 pos=30 tokens=4 shared_gate_up=0.021 ms
ds4: metal layer stage part=ffn layer=28 pos=30 tokens=4 shared_down=0.244 ms
ds4: metal layer stage part=ffn layer=28 pos=30 tokens=4 hc_post=0.022 ms
ds4: metal layer stage part=attn layer=29 pos=30 tokens=4 row_hc_f16_rows=0.269 ms
ds4: metal layer stage part=attn layer=29 pos=30 tokens=4 q_path=0.493 ms
ds4: metal layer stage part=attn layer=29 pos=30 tokens=4 kv_path=0.280 ms
ds4: metal layer stage part=attn layer=29 pos=30 tokens=4 compressor=0.022 ms
ds4: metal layer stage part=attn layer=29 pos=30 tokens=4 attention=0.542 ms
ds4: metal layer stage part=attn layer=29 pos=30 tokens=4 row_output_hc=0.554 ms
ds4: metal layer stage part=attn layer=29 pos=30 tokens=4 hc_post=0.027 ms
ds4: metal layer stage part=ffn layer=29 pos=30 tokens=4 router=0.022 ms
ds4: metal layer stage part=ffn layer=29 pos=30 tokens=4 routed_moe=0.031 ms
ds4: metal layer stage part=ffn layer=29 pos=30 tokens=4 shared_gate_up=0.019 ms
ds4: metal layer stage part=ffn layer=29 pos=30 tokens=4 shared_down=0.329 ms
ds4: metal layer stage part=ffn layer=29 pos=30 tokens=4 hc_post=0.022 ms
ds4: metal layer stage part=attn layer=30 pos=30 tokens=4 row_hc_f16_rows=0.209 ms
ds4: metal layer stage part=attn layer=30 pos=30 tokens=4 q_path=0.585 ms
ds4: metal layer stage part=attn layer=30 pos=30 tokens=4 kv_path=0.238 ms
ds4: metal layer stage part=attn layer=30 pos=30 tokens=4 compressor=0.278 ms
ds4: metal layer stage part=attn layer=30 pos=30 tokens=4 indexer_setup=0.030 ms
ds4: metal layer stage part=attn layer=30 pos=30 tokens=4 attention=0.550 ms
ds4: metal layer stage part=attn layer=30 pos=30 tokens=4 row_output_hc=0.475 ms
ds4: metal layer stage part=attn layer=30 pos=30 tokens=4 hc_post=0.026 ms
ds4: metal layer stage part=ffn layer=30 pos=30 tokens=4 router=0.019 ms
ds4: metal layer stage part=ffn layer=30 pos=30 tokens=4 routed_moe=0.026 ms
ds4: metal layer stage part=ffn layer=30 pos=30 tokens=4 shared_gate_up=0.022 ms
ds4: metal layer stage part=ffn layer=30 pos=30 tokens=4 shared_down=0.247 ms
ds4: metal layer stage part=ffn layer=30 pos=30 tokens=4 hc_post=0.024 ms
ds4: metal layer stage part=attn layer=31 pos=30 tokens=4 row_hc_f16_rows=0.255 ms
ds4: metal layer stage part=attn layer=31 pos=30 tokens=4 q_path=0.562 ms
ds4: metal layer stage part=attn layer=31 pos=30 tokens=4 kv_path=0.279 ms
ds4: metal layer stage part=attn layer=31 pos=30 tokens=4 compressor=0.019 ms
ds4: metal layer stage part=attn layer=31 pos=30 tokens=4 attention=0.549 ms
ds4: metal layer stage part=attn layer=31 pos=30 tokens=4 row_output_hc=0.508 ms
ds4: metal layer stage part=attn layer=31 pos=30 tokens=4 hc_post=0.023 ms
ds4: metal layer stage part=ffn layer=31 pos=30 tokens=4 router=0.017 ms
ds4: metal layer stage part=ffn layer=31 pos=30 tokens=4 routed_moe=0.031 ms
ds4: metal layer stage part=ffn layer=31 pos=30 tokens=4 shared_gate_up=0.019 ms
ds4: metal layer stage part=ffn layer=31 pos=30 tokens=4 shared_down=0.261 ms
ds4: metal layer stage part=ffn layer=31 pos=30 tokens=4 hc_post=0.023 ms
ds4: metal layer stage part=attn layer=32 pos=30 tokens=4 row_hc_f16_rows=0.241 ms
ds4: metal layer stage part=attn layer=32 pos=30 tokens=4 q_path=0.522 ms
ds4: metal layer stage part=attn layer=32 pos=30 tokens=4 kv_path=0.274 ms
ds4: metal layer stage part=attn layer=32 pos=30 tokens=4 compressor=0.282 ms
ds4: metal layer stage part=attn layer=32 pos=30 tokens=4 indexer_setup=0.020 ms
ds4: metal layer stage part=attn layer=32 pos=30 tokens=4 attention=0.549 ms
ds4: metal layer stage part=attn layer=32 pos=30 tokens=4 row_output_hc=0.556 ms
ds4: metal layer stage part=attn layer=32 pos=30 tokens=4 hc_post=0.025 ms
ds4: metal layer stage part=ffn layer=32 pos=30 tokens=4 router=0.017 ms
ds4: metal layer stage part=ffn layer=32 pos=30 tokens=4 routed_moe=0.029 ms
ds4: metal layer stage part=ffn layer=32 pos=30 tokens=4 shared_gate_up=0.021 ms
ds4: metal layer stage part=ffn layer=32 pos=30 tokens=4 shared_down=0.328 ms
ds4: metal layer stage part=ffn layer=32 pos=30 tokens=4 hc_post=0.024 ms
ds4: metal layer stage part=attn layer=33 pos=30 tokens=4 row_hc_f16_rows=0.285 ms
ds4: metal layer stage part=attn layer=33 pos=30 tokens=4 q_path=0.476 ms
ds4: metal layer stage part=attn layer=33 pos=30 tokens=4 kv_path=0.298 ms
ds4: metal layer stage part=attn layer=33 pos=30 tokens=4 compressor=0.020 ms
ds4: metal layer stage part=attn layer=33 pos=30 tokens=4 attention=0.516 ms
ds4: metal layer stage part=attn layer=33 pos=30 tokens=4 row_output_hc=0.489 ms
ds4: metal layer stage part=attn layer=33 pos=30 tokens=4 hc_post=0.023 ms
ds4: metal layer stage part=ffn layer=33 pos=30 tokens=4 router=0.018 ms
ds4: metal layer stage part=ffn layer=33 pos=30 tokens=4 routed_moe=0.028 ms
ds4: metal layer stage part=ffn layer=33 pos=30 tokens=4 shared_gate_up=0.024 ms
ds4: metal layer stage part=ffn layer=33 pos=30 tokens=4 shared_down=0.248 ms
ds4: metal layer stage part=ffn layer=33 pos=30 tokens=4 hc_post=0.024 ms
ds4: metal layer stage part=attn layer=34 pos=30 tokens=4 row_hc_f16_rows=0.241 ms
ds4: metal layer stage part=attn layer=34 pos=30 tokens=4 q_path=0.505 ms
ds4: metal layer stage part=attn layer=34 pos=30 tokens=4 kv_path=0.281 ms
ds4: metal layer stage part=attn layer=34 pos=30 tokens=4 compressor=0.284 ms
ds4: metal layer stage part=attn layer=34 pos=30 tokens=4 indexer_setup=0.021 ms
ds4: metal layer stage part=attn layer=34 pos=30 tokens=4 attention=0.555 ms
ds4: metal layer stage part=attn layer=34 pos=30 tokens=4 row_output_hc=0.522 ms
ds4: metal layer stage part=attn layer=34 pos=30 tokens=4 hc_post=0.025 ms
ds4: metal layer stage part=ffn layer=34 pos=30 tokens=4 router=0.017 ms
ds4: metal layer stage part=ffn layer=34 pos=30 tokens=4 routed_moe=0.032 ms
ds4: metal layer stage part=ffn layer=34 pos=30 tokens=4 shared_gate_up=0.018 ms
ds4: metal layer stage part=ffn layer=34 pos=30 tokens=4 shared_down=0.386 ms
ds4: metal layer stage part=ffn layer=34 pos=30 tokens=4 hc_post=0.021 ms
ds4: metal layer stage part=attn layer=35 pos=30 tokens=4 row_hc_f16_rows=0.224 ms
ds4: metal layer stage part=attn layer=35 pos=30 tokens=4 q_path=0.481 ms
ds4: metal layer stage part=attn layer=35 pos=30 tokens=4 kv_path=0.272 ms
ds4: metal layer stage part=attn layer=35 pos=30 tokens=4 compressor=0.024 ms
ds4: metal layer stage part=attn layer=35 pos=30 tokens=4 attention=0.524 ms
ds4: metal layer stage part=attn layer=35 pos=30 tokens=4 row_output_hc=0.500 ms
ds4: metal layer stage part=attn layer=35 pos=30 tokens=4 hc_post=0.023 ms
ds4: metal layer stage part=ffn layer=35 pos=30 tokens=4 router=0.022 ms
ds4: metal layer stage part=ffn layer=35 pos=30 tokens=4 routed_moe=0.028 ms
ds4: metal layer stage part=ffn layer=35 pos=30 tokens=4 shared_gate_up=0.022 ms
ds4: metal layer stage part=ffn layer=35 pos=30 tokens=4 shared_down=0.256 ms
ds4: metal layer stage part=ffn layer=35 pos=30 tokens=4 hc_post=0.024 ms
ds4: metal layer stage part=attn layer=36 pos=30 tokens=4 row_hc_f16_rows=0.243 ms
ds4: metal layer stage part=attn layer=36 pos=30 tokens=4 q_path=0.501 ms
ds4: metal layer stage part=attn layer=36 pos=30 tokens=4 kv_path=0.272 ms
ds4: metal layer stage part=attn layer=36 pos=30 tokens=4 compressor=0.294 ms
ds4: metal layer stage part=attn layer=36 pos=30 tokens=4 indexer_setup=0.024 ms
ds4: metal layer stage part=attn layer=36 pos=30 tokens=4 attention=0.554 ms
ds4: metal layer stage part=attn layer=36 pos=30 tokens=4 row_output_hc=0.519 ms
ds4: metal layer stage part=attn layer=36 pos=30 tokens=4 hc_post=0.022 ms
ds4: metal layer stage part=ffn layer=36 pos=30 tokens=4 router=0.031 ms
ds4: metal layer stage part=ffn layer=36 pos=30 tokens=4 routed_moe=0.028 ms
ds4: metal layer stage part=ffn layer=36 pos=30 tokens=4 shared_gate_up=0.018 ms
ds4: metal layer stage part=ffn layer=36 pos=30 tokens=4 shared_down=0.253 ms
ds4: metal layer stage part=ffn layer=36 pos=30 tokens=4 hc_post=0.024 ms
ds4: metal layer stage part=attn layer=37 pos=30 tokens=4 row_hc_f16_rows=0.230 ms
ds4: metal layer stage part=attn layer=37 pos=30 tokens=4 q_path=0.498 ms
ds4: metal layer stage part=attn layer=37 pos=30 tokens=4 kv_path=0.288 ms
ds4: metal layer stage part=attn layer=37 pos=30 tokens=4 compressor=0.022 ms
ds4: metal layer stage part=attn layer=37 pos=30 tokens=4 attention=0.527 ms
ds4: metal layer stage part=attn layer=37 pos=30 tokens=4 row_output_hc=0.518 ms
ds4: metal layer stage part=attn layer=37 pos=30 tokens=4 hc_post=0.028 ms
ds4: metal layer stage part=ffn layer=37 pos=30 tokens=4 router=0.018 ms
ds4: metal layer stage part=ffn layer=37 pos=30 tokens=4 routed_moe=0.028 ms
ds4: metal layer stage part=ffn layer=37 pos=30 tokens=4 shared_gate_up=0.026 ms
ds4: metal layer stage part=ffn layer=37 pos=30 tokens=4 shared_down=0.263 ms
ds4: metal layer stage part=ffn layer=37 pos=30 tokens=4 hc_post=0.021 ms
ds4: metal layer stage part=attn layer=38 pos=30 tokens=4 row_hc_f16_rows=0.245 ms
ds4: metal layer stage part=attn layer=38 pos=30 tokens=4 q_path=0.502 ms
ds4: metal layer stage part=attn layer=38 pos=30 tokens=4 kv_path=0.273 ms
ds4: metal layer stage part=attn layer=38 pos=30 tokens=4 compressor=0.294 ms
ds4: metal layer stage part=attn layer=38 pos=30 tokens=4 indexer_setup=0.023 ms
ds4: metal layer stage part=attn layer=38 pos=30 tokens=4 attention=0.555 ms
ds4: metal layer stage part=attn layer=38 pos=30 tokens=4 row_output_hc=0.523 ms
ds4: metal layer stage part=attn layer=38 pos=30 tokens=4 hc_post=0.022 ms
ds4: metal layer stage part=ffn layer=38 pos=30 tokens=4 router=0.018 ms
ds4: metal layer stage part=ffn layer=38 pos=30 tokens=4 routed_moe=0.027 ms
ds4: metal layer stage part=ffn layer=38 pos=30 tokens=4 shared_gate_up=0.018 ms
ds4: metal layer stage part=ffn layer=38 pos=30 tokens=4 shared_down=0.279 ms
ds4: metal layer stage part=ffn layer=38 pos=30 tokens=4 hc_post=0.020 ms
ds4: metal layer stage part=attn layer=39 pos=30 tokens=4 row_hc_f16_rows=0.223 ms
ds4: metal layer stage part=attn layer=39 pos=30 tokens=4 q_path=0.519 ms
ds4: metal layer stage part=attn layer=39 pos=30 tokens=4 kv_path=0.303 ms
ds4: metal layer stage part=attn layer=39 pos=30 tokens=4 compressor=0.020 ms
ds4: metal layer stage part=attn layer=39 pos=30 tokens=4 attention=0.534 ms
ds4: metal layer stage part=attn layer=39 pos=30 tokens=4 row_output_hc=0.483 ms
ds4: metal layer stage part=attn layer=39 pos=30 tokens=4 hc_post=0.026 ms
ds4: metal layer stage part=ffn layer=39 pos=30 tokens=4 router=0.021 ms
ds4: metal layer stage part=ffn layer=39 pos=30 tokens=4 routed_moe=0.025 ms
ds4: metal layer stage part=ffn layer=39 pos=30 tokens=4 shared_gate_up=0.019 ms
ds4: metal layer stage part=ffn layer=39 pos=30 tokens=4 shared_down=0.574 ms
ds4: metal layer stage part=ffn layer=39 pos=30 tokens=4 hc_post=0.026 ms
ds4: metal layer stage part=attn layer=40 pos=30 tokens=4 row_hc_f16_rows=0.360 ms
ds4: metal layer stage part=attn layer=40 pos=30 tokens=4 q_path=0.522 ms
ds4: metal layer stage part=attn layer=40 pos=30 tokens=4 kv_path=0.227 ms
ds4: metal layer stage part=attn layer=40 pos=30 tokens=4 compressor=0.231 ms
ds4: metal layer stage part=attn layer=40 pos=30 tokens=4 indexer_setup=0.035 ms
ds4: metal layer stage part=attn layer=40 pos=30 tokens=4 attention=0.551 ms
ds4: metal layer stage part=attn layer=40 pos=30 tokens=4 row_output_hc=0.464 ms
ds4: metal layer stage part=attn layer=40 pos=30 tokens=4 hc_post=0.023 ms
ds4: metal layer stage part=ffn layer=40 pos=30 tokens=4 router=0.023 ms
ds4: metal layer stage part=ffn layer=40 pos=30 tokens=4 routed_moe=0.028 ms
ds4: metal layer stage part=ffn layer=40 pos=30 tokens=4 shared_gate_up=0.024 ms
ds4: metal layer stage part=ffn layer=40 pos=30 tokens=4 shared_down=0.253 ms
ds4: metal layer stage part=ffn layer=40 pos=30 tokens=4 hc_post=0.027 ms
ds4: metal layer stage part=attn layer=41 pos=30 tokens=4 row_hc_f16_rows=0.268 ms
ds4: metal layer stage part=attn layer=41 pos=30 tokens=4 q_path=0.500 ms
ds4: metal layer stage part=attn layer=41 pos=30 tokens=4 kv_path=0.201 ms
ds4: metal layer stage part=attn layer=41 pos=30 tokens=4 compressor=0.024 ms
ds4: metal layer stage part=attn layer=41 pos=30 tokens=4 attention=0.567 ms
ds4: metal layer stage part=attn layer=41 pos=30 tokens=4 row_output_hc=0.529 ms
ds4: metal layer stage part=attn layer=41 pos=30 tokens=4 hc_post=0.032 ms
ds4: metal layer stage part=ffn layer=41 pos=30 tokens=4 router=0.024 ms
ds4: metal layer stage part=ffn layer=41 pos=30 tokens=4 routed_moe=0.030 ms
ds4: metal layer stage part=ffn layer=41 pos=30 tokens=4 shared_gate_up=0.020 ms
ds4: metal layer stage part=ffn layer=41 pos=30 tokens=4 shared_down=0.254 ms
ds4: metal layer stage part=ffn layer=41 pos=30 tokens=4 hc_post=0.021 ms
ds4: metal layer stage part=attn layer=42 pos=30 tokens=4 row_hc_f16_rows=0.253 ms
ds4: metal layer stage part=attn layer=42 pos=30 tokens=4 q_path=0.501 ms
ds4: metal layer stage part=attn layer=42 pos=30 tokens=4 kv_path=0.283 ms
ds4: metal layer stage part=attn layer=42 pos=30 tokens=4 compressor=0.281 ms
ds4: metal layer stage part=attn layer=42 pos=30 tokens=4 indexer_setup=0.022 ms
ds4: metal layer stage part=attn layer=42 pos=30 tokens=4 attention=0.551 ms
ds4: metal layer stage part=attn layer=42 pos=30 tokens=4 row_output_hc=0.465 ms
ds4: metal layer stage part=attn layer=42 pos=30 tokens=4 hc_post=0.022 ms
ds4: metal layer stage part=ffn layer=42 pos=30 tokens=4 router=0.024 ms
ds4: metal layer stage part=ffn layer=42 pos=30 tokens=4 routed_moe=0.023 ms
ds4: metal layer stage part=ffn layer=42 pos=30 tokens=4 shared_gate_up=0.023 ms
ds4: metal layer stage part=ffn layer=42 pos=30 tokens=4 shared_down=0.264 ms
ds4: metal layer stage part=ffn layer=42 pos=30 tokens=4 hc_post=0.019 ms
ds4: dspark hybrid verifier profile n=4 layers=43 exact_prefix=0.000 ms attention=97.913 ms row_ffn_pre=9.605 ms row_router=11.705 ms batch_router=0.000 ms row_routed=34.029 ms row_shared=12.468 ms batch_tail=17.612 ms target_hidden=1.351 ms head=1.480 ms read=0.026 ms total=186.209 ms
ds4: metal layer stage part=attn layer=0 pos=33 tokens=4 row_hc_f16_rows=0.248 ms
ds4: metal layer stage part=attn layer=0 pos=33 tokens=4 q_path=0.521 ms
ds4: metal layer stage part=attn layer=0 pos=33 tokens=4 kv_path=0.270 ms
ds4: metal layer stage part=attn layer=0 pos=33 tokens=4 attention=0.416 ms
ds4: metal layer stage part=attn layer=0 pos=33 tokens=4 row_output_hc=0.529 ms
ds4: metal layer stage part=attn layer=0 pos=33 tokens=4 hc_post=0.021 ms
ds4: metal layer stage part=ffn layer=0 pos=33 tokens=4 router=0.017 ms
ds4: metal layer stage part=ffn layer=0 pos=33 tokens=4 routed_moe=0.034 ms
ds4: metal layer stage part=ffn layer=0 pos=33 tokens=4 shared_gate_up=0.021 ms
ds4: metal layer stage part=ffn layer=0 pos=33 tokens=4 shared_down=0.248 ms
ds4: metal layer stage part=ffn layer=0 pos=33 tokens=4 hc_post=0.024 ms
ds4: metal layer stage part=attn layer=1 pos=33 tokens=4 row_hc_f16_rows=0.251 ms
ds4: metal layer stage part=attn layer=1 pos=33 tokens=4 q_path=0.515 ms
ds4: metal layer stage part=attn layer=1 pos=33 tokens=4 kv_path=0.264 ms
ds4: metal layer stage part=attn layer=1 pos=33 tokens=4 attention=0.433 ms
ds4: metal layer stage part=attn layer=1 pos=33 tokens=4 row_output_hc=0.476 ms
ds4: metal layer stage part=attn layer=1 pos=33 tokens=4 hc_post=0.020 ms
ds4: metal layer stage part=ffn layer=1 pos=33 tokens=4 router=0.021 ms
ds4: metal layer stage part=ffn layer=1 pos=33 tokens=4 routed_moe=0.030 ms
ds4: metal layer stage part=ffn layer=1 pos=33 tokens=4 shared_gate_up=0.023 ms
ds4: metal layer stage part=ffn layer=1 pos=33 tokens=4 shared_down=0.248 ms
ds4: metal layer stage part=ffn layer=1 pos=33 tokens=4 hc_post=0.024 ms
ds4: metal layer stage part=attn layer=2 pos=33 tokens=4 row_hc_f16_rows=0.247 ms
ds4: metal layer stage part=attn layer=2 pos=33 tokens=4 q_path=0.521 ms
ds4: metal layer stage part=attn layer=2 pos=33 tokens=4 kv_path=0.246 ms
ds4: metal layer stage part=attn layer=2 pos=33 tokens=4 compressor=0.300 ms
ds4: metal layer stage part=attn layer=2 pos=33 tokens=4 indexer_setup=0.032 ms
ds4: metal layer stage part=attn layer=2 pos=33 tokens=4 attention=0.586 ms
ds4: metal layer stage part=attn layer=2 pos=33 tokens=4 row_output_hc=0.531 ms
ds4: metal layer stage part=attn layer=2 pos=33 tokens=4 hc_post=0.024 ms
ds4: metal layer stage part=ffn layer=2 pos=33 tokens=4 router=0.018 ms
ds4: metal layer stage part=ffn layer=2 pos=33 tokens=4 routed_moe=0.029 ms
ds4: metal layer stage part=ffn layer=2 pos=33 tokens=4 shared_gate_up=0.022 ms
ds4: metal layer stage part=ffn layer=2 pos=33 tokens=4 shared_down=0.255 ms
ds4: metal layer stage part=ffn layer=2 pos=33 tokens=4 hc_post=0.021 ms
ds4: metal layer stage part=attn layer=3 pos=33 tokens=4 row_hc_f16_rows=0.256 ms
ds4: metal layer stage part=attn layer=3 pos=33 tokens=4 q_path=0.493 ms
ds4: metal layer stage part=attn layer=3 pos=33 tokens=4 kv_path=0.198 ms
ds4: metal layer stage part=attn layer=3 pos=33 tokens=4 compressor=0.028 ms
ds4: metal layer stage part=attn layer=3 pos=33 tokens=4 attention=0.637 ms
ds4: metal layer stage part=attn layer=3 pos=33 tokens=4 row_output_hc=0.502 ms
ds4: metal layer stage part=attn layer=3 pos=33 tokens=4 hc_post=0.020 ms
ds4: metal layer stage part=ffn layer=3 pos=33 tokens=4 router=0.020 ms
ds4: metal layer stage part=ffn layer=3 pos=33 tokens=4 routed_moe=0.027 ms
ds4: metal layer stage part=ffn layer=3 pos=33 tokens=4 shared_gate_up=0.020 ms
ds4: metal layer stage part=ffn layer=3 pos=33 tokens=4 shared_down=0.254 ms
ds4: metal layer stage part=ffn layer=3 pos=33 tokens=4 hc_post=0.027 ms
ds4: metal layer stage part=attn layer=4 pos=33 tokens=4 row_hc_f16_rows=0.184 ms
ds4: metal layer stage part=attn layer=4 pos=33 tokens=4 q_path=0.520 ms
ds4: metal layer stage part=attn layer=4 pos=33 tokens=4 kv_path=0.262 ms
ds4: metal layer stage part=attn layer=4 pos=33 tokens=4 compressor=0.278 ms
ds4: metal layer stage part=attn layer=4 pos=33 tokens=4 indexer_setup=0.025 ms
ds4: metal layer stage part=attn layer=4 pos=33 tokens=4 attention=0.578 ms
ds4: metal layer stage part=attn layer=4 pos=33 tokens=4 row_output_hc=0.507 ms
ds4: metal layer stage part=attn layer=4 pos=33 tokens=4 hc_post=0.057 ms
ds4: metal layer stage part=ffn layer=4 pos=33 tokens=4 router=0.019 ms
ds4: metal layer stage part=ffn layer=4 pos=33 tokens=4 routed_moe=0.029 ms
ds4: metal layer stage part=ffn layer=4 pos=33 tokens=4 shared_gate_up=0.017 ms
ds4: metal layer stage part=ffn layer=4 pos=33 tokens=4 shared_down=0.241 ms
ds4: metal layer stage part=ffn layer=4 pos=33 tokens=4 hc_post=0.026 ms
ds4: metal layer stage part=attn layer=5 pos=33 tokens=4 row_hc_f16_rows=0.217 ms
ds4: metal layer stage part=attn layer=5 pos=33 tokens=4 q_path=0.466 ms
ds4: metal layer stage part=attn layer=5 pos=33 tokens=4 kv_path=0.251 ms
ds4: metal layer stage part=attn layer=5 pos=33 tokens=4 compressor=0.026 ms
ds4: metal layer stage part=attn layer=5 pos=33 tokens=4 attention=0.564 ms
ds4: metal layer stage part=attn layer=5 pos=33 tokens=4 row_output_hc=0.498 ms
ds4: metal layer stage part=attn layer=5 pos=33 tokens=4 hc_post=0.024 ms
ds4: metal layer stage part=ffn layer=5 pos=33 tokens=4 router=0.018 ms
ds4: metal layer stage part=ffn layer=5 pos=33 tokens=4 routed_moe=0.032 ms
ds4: metal layer stage part=ffn layer=5 pos=33 tokens=4 shared_gate_up=0.024 ms
ds4: metal layer stage part=ffn layer=5 pos=33 tokens=4 shared_down=0.270 ms
ds4: metal layer stage part=ffn layer=5 pos=33 tokens=4 hc_post=0.022 ms
ds4: metal layer stage part=attn layer=6 pos=33 tokens=4 row_hc_f16_rows=0.221 ms
ds4: metal layer stage part=attn layer=6 pos=33 tokens=4 q_path=0.527 ms
ds4: metal layer stage part=attn layer=6 pos=33 tokens=4 kv_path=0.257 ms
ds4: metal layer stage part=attn layer=6 pos=33 tokens=4 compressor=0.293 ms
ds4: metal layer stage part=attn layer=6 pos=33 tokens=4 indexer_setup=0.022 ms
ds4: metal layer stage part=attn layer=6 pos=33 tokens=4 attention=0.570 ms
ds4: metal layer stage part=attn layer=6 pos=33 tokens=4 row_output_hc=0.507 ms
ds4: metal layer stage part=attn layer=6 pos=33 tokens=4 hc_post=0.027 ms
ds4: metal layer stage part=ffn layer=6 pos=33 tokens=4 router=0.018 ms
ds4: metal layer stage part=ffn layer=6 pos=33 tokens=4 routed_moe=0.032 ms
ds4: metal layer stage part=ffn layer=6 pos=33 tokens=4 shared_gate_up=0.018 ms
ds4: metal layer stage part=ffn layer=6 pos=33 tokens=4 shared_down=0.325 ms
ds4: metal layer stage part=ffn layer=6 pos=33 tokens=4 hc_post=0.020 ms
ds4: metal layer stage part=attn layer=7 pos=33 tokens=4 row_hc_f16_rows=0.208 ms
ds4: metal layer stage part=attn layer=7 pos=33 tokens=4 q_path=0.556 ms
ds4: metal layer stage part=attn layer=7 pos=33 tokens=4 kv_path=0.267 ms
ds4: metal layer stage part=attn layer=7 pos=33 tokens=4 compressor=0.028 ms
ds4: metal layer stage part=attn layer=7 pos=33 tokens=4 attention=0.522 ms
ds4: metal layer stage part=attn layer=7 pos=33 tokens=4 row_output_hc=0.487 ms
ds4: metal layer stage part=attn layer=7 pos=33 tokens=4 hc_post=0.024 ms
ds4: metal layer stage part=ffn layer=7 pos=33 tokens=4 router=0.022 ms
ds4: metal layer stage part=ffn layer=7 pos=33 tokens=4 routed_moe=0.030 ms
ds4: metal layer stage part=ffn layer=7 pos=33 tokens=4 shared_gate_up=0.021 ms
ds4: metal layer stage part=ffn layer=7 pos=33 tokens=4 shared_down=0.298 ms
ds4: metal layer stage part=ffn layer=7 pos=33 tokens=4 hc_post=0.024 ms
ds4: metal layer stage part=attn layer=8 pos=33 tokens=4 row_hc_f16_rows=0.224 ms
ds4: metal layer stage part=attn layer=8 pos=33 tokens=4 q_path=0.570 ms
ds4: metal layer stage part=attn layer=8 pos=33 tokens=4 kv_path=0.251 ms
ds4: metal layer stage part=attn layer=8 pos=33 tokens=4 compressor=0.350 ms
ds4: metal layer stage part=attn layer=8 pos=33 tokens=4 indexer_setup=0.026 ms
ds4: metal layer stage part=attn layer=8 pos=33 tokens=4 attention=0.631 ms
ds4: metal layer stage part=attn layer=8 pos=33 tokens=4 row_output_hc=0.519 ms
ds4: metal layer stage part=attn layer=8 pos=33 tokens=4 hc_post=0.023 ms
ds4: metal layer stage part=ffn layer=8 pos=33 tokens=4 router=0.020 ms
ds4: metal layer stage part=ffn layer=8 pos=33 tokens=4 routed_moe=0.029 ms
ds4: metal layer stage part=ffn layer=8 pos=33 tokens=4 shared_gate_up=0.021 ms
ds4: metal layer stage part=ffn layer=8 pos=33 tokens=4 shared_down=0.261 ms
ds4: metal layer stage part=ffn layer=8 pos=33 tokens=4 hc_post=0.021 ms
ds4: metal layer stage part=attn layer=9 pos=33 tokens=4 row_hc_f16_rows=0.246 ms
ds4: metal layer stage part=attn layer=9 pos=33 tokens=4 q_path=0.502 ms
ds4: metal layer stage part=attn layer=9 pos=33 tokens=4 kv_path=0.262 ms
ds4: metal layer stage part=attn layer=9 pos=33 tokens=4 compressor=0.021 ms
ds4: metal layer stage part=attn layer=9 pos=33 tokens=4 attention=0.540 ms
ds4: metal layer stage part=attn layer=9 pos=33 tokens=4 row_output_hc=0.569 ms
ds4: metal layer stage part=attn layer=9 pos=33 tokens=4 hc_post=0.057 ms
ds4: metal layer stage part=ffn layer=9 pos=33 tokens=4 router=0.018 ms
ds4: metal layer stage part=ffn layer=9 pos=33 tokens=4 routed_moe=0.036 ms
ds4: metal layer stage part=ffn layer=9 pos=33 tokens=4 shared_gate_up=0.026 ms
ds4: metal layer stage part=ffn layer=9 pos=33 tokens=4 shared_down=0.329 ms
ds4: metal layer stage part=ffn layer=9 pos=33 tokens=4 hc_post=0.024 ms
ds4: metal layer stage part=attn layer=10 pos=33 tokens=4 row_hc_f16_rows=0.227 ms
ds4: metal layer stage part=attn layer=10 pos=33 tokens=4 q_path=0.529 ms
ds4: metal layer stage part=attn layer=10 pos=33 tokens=4 kv_path=0.290 ms
ds4: metal layer stage part=attn layer=10 pos=33 tokens=4 compressor=0.281 ms
ds4: metal layer stage part=attn layer=10 pos=33 tokens=4 indexer_setup=0.028 ms
ds4: metal layer stage part=attn layer=10 pos=33 tokens=4 attention=0.577 ms
ds4: metal layer stage part=attn layer=10 pos=33 tokens=4 row_output_hc=0.467 ms
ds4: metal layer stage part=attn layer=10 pos=33 tokens=4 hc_post=0.029 ms
ds4: metal layer stage part=ffn layer=10 pos=33 tokens=4 router=0.019 ms
ds4: metal layer stage part=ffn layer=10 pos=33 tokens=4 routed_moe=0.028 ms
ds4: metal layer stage part=ffn layer=10 pos=33 tokens=4 shared_gate_up=0.023 ms
ds4: metal layer stage part=ffn layer=10 pos=33 tokens=4 shared_down=0.259 ms
ds4: metal layer stage part=ffn layer=10 pos=33 tokens=4 hc_post=0.023 ms
ds4: metal layer stage part=attn layer=11 pos=33 tokens=4 row_hc_f16_rows=0.241 ms
ds4: metal layer stage part=attn layer=11 pos=33 tokens=4 q_path=0.527 ms
ds4: metal layer stage part=attn layer=11 pos=33 tokens=4 kv_path=0.261 ms
ds4: metal layer stage part=attn layer=11 pos=33 tokens=4 compressor=0.021 ms
ds4: metal layer stage part=attn layer=11 pos=33 tokens=4 attention=0.553 ms
ds4: metal layer stage part=attn layer=11 pos=33 tokens=4 row_output_hc=0.552 ms
ds4: metal layer stage part=attn layer=11 pos=33 tokens=4 hc_post=0.022 ms
ds4: metal layer stage part=ffn layer=11 pos=33 tokens=4 router=0.024 ms
ds4: metal layer stage part=ffn layer=11 pos=33 tokens=4 routed_moe=0.029 ms
ds4: metal layer stage part=ffn layer=11 pos=33 tokens=4 shared_gate_up=0.024 ms
ds4: metal layer stage part=ffn layer=11 pos=33 tokens=4 shared_down=0.306 ms
ds4: metal layer stage part=ffn layer=11 pos=33 tokens=4 hc_post=0.028 ms
ds4: metal layer stage part=attn layer=12 pos=33 tokens=4 row_hc_f16_rows=0.212 ms
ds4: metal layer stage part=attn layer=12 pos=33 tokens=4 q_path=0.643 ms
ds4: metal layer stage part=attn layer=12 pos=33 tokens=4 kv_path=0.281 ms
ds4: metal layer stage part=attn layer=12 pos=33 tokens=4 compressor=0.248 ms
ds4: metal layer stage part=attn layer=12 pos=33 tokens=4 indexer_setup=0.029 ms
ds4: metal layer stage part=attn layer=12 pos=33 tokens=4 attention=0.590 ms
ds4: metal layer stage part=attn layer=12 pos=33 tokens=4 row_output_hc=0.522 ms
ds4: metal layer stage part=attn layer=12 pos=33 tokens=4 hc_post=0.024 ms
ds4: metal layer stage part=ffn layer=12 pos=33 tokens=4 router=0.017 ms
ds4: metal layer stage part=ffn layer=12 pos=33 tokens=4 routed_moe=0.028 ms
ds4: metal layer stage part=ffn layer=12 pos=33 tokens=4 shared_gate_up=0.025 ms
ds4: metal layer stage part=ffn layer=12 pos=33 tokens=4 shared_down=0.319 ms
ds4: metal layer stage part=ffn layer=12 pos=33 tokens=4 hc_post=0.019 ms
ds4: metal layer stage part=attn layer=13 pos=33 tokens=4 row_hc_f16_rows=0.200 ms
ds4: metal layer stage part=attn layer=13 pos=33 tokens=4 q_path=0.501 ms
ds4: metal layer stage part=attn layer=13 pos=33 tokens=4 kv_path=0.243 ms
ds4: metal layer stage part=attn layer=13 pos=33 tokens=4 compressor=0.019 ms
ds4: metal layer stage part=attn layer=13 pos=33 tokens=4 attention=0.538 ms
ds4: metal layer stage part=attn layer=13 pos=33 tokens=4 row_output_hc=0.498 ms
ds4: metal layer stage part=attn layer=13 pos=33 tokens=4 hc_post=0.022 ms
ds4: metal layer stage part=ffn layer=13 pos=33 tokens=4 router=0.024 ms
ds4: metal layer stage part=ffn layer=13 pos=33 tokens=4 routed_moe=0.027 ms
ds4: metal layer stage part=ffn layer=13 pos=33 tokens=4 shared_gate_up=0.020 ms
ds4: metal layer stage part=ffn layer=13 pos=33 tokens=4 shared_down=0.271 ms
ds4: metal layer stage part=ffn layer=13 pos=33 tokens=4 hc_post=0.024 ms
ds4: metal layer stage part=attn layer=14 pos=33 tokens=4 row_hc_f16_rows=0.322 ms
ds4: metal layer stage part=attn layer=14 pos=33 tokens=4 q_path=0.524 ms
ds4: metal layer stage part=attn layer=14 pos=33 tokens=4 kv_path=0.243 ms
ds4: metal layer stage part=attn layer=14 pos=33 tokens=4 compressor=0.295 ms
ds4: metal layer stage part=attn layer=14 pos=33 tokens=4 indexer_setup=0.021 ms
ds4: metal layer stage part=attn layer=14 pos=33 tokens=4 attention=0.589 ms
ds4: metal layer stage part=attn layer=14 pos=33 tokens=4 row_output_hc=0.467 ms
ds4: metal layer stage part=attn layer=14 pos=33 tokens=4 hc_post=0.024 ms
ds4: metal layer stage part=ffn layer=14 pos=33 tokens=4 router=0.020 ms
ds4: metal layer stage part=ffn layer=14 pos=33 tokens=4 routed_moe=0.027 ms
ds4: metal layer stage part=ffn layer=14 pos=33 tokens=4 shared_gate_up=0.020 ms
ds4: metal layer stage part=ffn layer=14 pos=33 tokens=4 shared_down=0.258 ms
ds4: metal layer stage part=ffn layer=14 pos=33 tokens=4 hc_post=0.021 ms
ds4: metal layer stage part=attn layer=15 pos=33 tokens=4 row_hc_f16_rows=0.212 ms
ds4: metal layer stage part=attn layer=15 pos=33 tokens=4 q_path=0.525 ms
ds4: metal layer stage part=attn layer=15 pos=33 tokens=4 kv_path=0.280 ms
ds4: metal layer stage part=attn layer=15 pos=33 tokens=4 compressor=0.020 ms
ds4: metal layer stage part=attn layer=15 pos=33 tokens=4 attention=0.539 ms
ds4: metal layer stage part=attn layer=15 pos=33 tokens=4 row_output_hc=0.538 ms
ds4: metal layer stage part=attn layer=15 pos=33 tokens=4 hc_post=0.032 ms
ds4: metal layer stage part=ffn layer=15 pos=33 tokens=4 router=0.021 ms
ds4: metal layer stage part=ffn layer=15 pos=33 tokens=4 routed_moe=0.025 ms
ds4: metal layer stage part=ffn layer=15 pos=33 tokens=4 shared_gate_up=0.024 ms
ds4: metal layer stage part=ffn layer=15 pos=33 tokens=4 shared_down=0.256 ms
ds4: metal layer stage part=ffn layer=15 pos=33 tokens=4 hc_post=0.026 ms
ds4: metal layer stage part=attn layer=16 pos=33 tokens=4 row_hc_f16_rows=0.249 ms
ds4: metal layer stage part=attn layer=16 pos=33 tokens=4 q_path=0.505 ms
ds4: metal layer stage part=attn layer=16 pos=33 tokens=4 kv_path=0.193 ms
ds4: metal layer stage part=attn layer=16 pos=33 tokens=4 compressor=0.246 ms
ds4: metal layer stage part=attn layer=16 pos=33 tokens=4 indexer_setup=0.027 ms
ds4: metal layer stage part=attn layer=16 pos=33 tokens=4 attention=0.612 ms
ds4: metal layer stage part=attn layer=16 pos=33 tokens=4 row_output_hc=0.486 ms
ds4: metal layer stage part=attn layer=16 pos=33 tokens=4 hc_post=0.026 ms
ds4: metal layer stage part=ffn layer=16 pos=33 tokens=4 router=0.018 ms
ds4: metal layer stage part=ffn layer=16 pos=33 tokens=4 routed_moe=0.030 ms
ds4: metal layer stage part=ffn layer=16 pos=33 tokens=4 shared_gate_up=0.028 ms
ds4: metal layer stage part=ffn layer=16 pos=33 tokens=4 shared_down=0.236 ms
ds4: metal layer stage part=ffn layer=16 pos=33 tokens=4 hc_post=0.023 ms
ds4: metal layer stage part=attn layer=17 pos=33 tokens=4 row_hc_f16_rows=0.199 ms
ds4: metal layer stage part=attn layer=17 pos=33 tokens=4 q_path=0.497 ms
ds4: metal layer stage part=attn layer=17 pos=33 tokens=4 kv_path=0.283 ms
ds4: metal layer stage part=attn layer=17 pos=33 tokens=4 compressor=0.023 ms
ds4: metal layer stage part=attn layer=17 pos=33 tokens=4 attention=0.514 ms
ds4: metal layer stage part=attn layer=17 pos=33 tokens=4 row_output_hc=0.480 ms
ds4: metal layer stage part=attn layer=17 pos=33 tokens=4 hc_post=0.021 ms
ds4: metal layer stage part=ffn layer=17 pos=33 tokens=4 router=0.018 ms
ds4: metal layer stage part=ffn layer=17 pos=33 tokens=4 routed_moe=0.032 ms
ds4: metal layer stage part=ffn layer=17 pos=33 tokens=4 shared_gate_up=0.016 ms
ds4: metal layer stage part=ffn layer=17 pos=33 tokens=4 shared_down=0.262 ms
ds4: metal layer stage part=ffn layer=17 pos=33 tokens=4 hc_post=0.018 ms
ds4: metal layer stage part=attn layer=18 pos=33 tokens=4 row_hc_f16_rows=0.210 ms
ds4: metal layer stage part=attn layer=18 pos=33 tokens=4 q_path=0.564 ms
ds4: metal layer stage part=attn layer=18 pos=33 tokens=4 kv_path=0.227 ms
ds4: metal layer stage part=attn layer=18 pos=33 tokens=4 compressor=0.284 ms
ds4: metal layer stage part=attn layer=18 pos=33 tokens=4 indexer_setup=0.019 ms
ds4: metal layer stage part=attn layer=18 pos=33 tokens=4 attention=0.575 ms
ds4: metal layer stage part=attn layer=18 pos=33 tokens=4 row_output_hc=0.541 ms
ds4: metal layer stage part=attn layer=18 pos=33 tokens=4 hc_post=0.053 ms
ds4: metal layer stage part=ffn layer=18 pos=33 tokens=4 router=0.019 ms
ds4: metal layer stage part=ffn layer=18 pos=33 tokens=4 routed_moe=0.030 ms
ds4: metal layer stage part=ffn layer=18 pos=33 tokens=4 shared_gate_up=0.021 ms
ds4: metal layer stage part=ffn layer=18 pos=33 tokens=4 shared_down=0.247 ms
ds4: metal layer stage part=ffn layer=18 pos=33 tokens=4 hc_post=0.022 ms
ds4: metal layer stage part=attn layer=19 pos=33 tokens=4 row_hc_f16_rows=0.191 ms
ds4: metal layer stage part=attn layer=19 pos=33 tokens=4 q_path=0.467 ms
ds4: metal layer stage part=attn layer=19 pos=33 tokens=4 kv_path=0.216 ms
ds4: metal layer stage part=attn layer=19 pos=33 tokens=4 compressor=0.027 ms
ds4: metal layer stage part=attn layer=19 pos=33 tokens=4 attention=0.533 ms
ds4: metal layer stage part=attn layer=19 pos=33 tokens=4 row_output_hc=0.507 ms
ds4: metal layer stage part=attn layer=19 pos=33 tokens=4 hc_post=0.026 ms
ds4: metal layer stage part=ffn layer=19 pos=33 tokens=4 router=0.020 ms
ds4: metal layer stage part=ffn layer=19 pos=33 tokens=4 routed_moe=0.025 ms
ds4: metal layer stage part=ffn layer=19 pos=33 tokens=4 shared_gate_up=0.017 ms
ds4: metal layer stage part=ffn layer=19 pos=33 tokens=4 shared_down=0.253 ms
ds4: metal layer stage part=ffn layer=19 pos=33 tokens=4 hc_post=0.027 ms
ds4: metal layer stage part=attn layer=20 pos=33 tokens=4 row_hc_f16_rows=0.237 ms
ds4: metal layer stage part=attn layer=20 pos=33 tokens=4 q_path=0.501 ms
ds4: metal layer stage part=attn layer=20 pos=33 tokens=4 kv_path=0.279 ms
ds4: metal layer stage part=attn layer=20 pos=33 tokens=4 compressor=0.284 ms
ds4: metal layer stage part=attn layer=20 pos=33 tokens=4 indexer_setup=0.021 ms
ds4: metal layer stage part=attn layer=20 pos=33 tokens=4 attention=0.572 ms
ds4: metal layer stage part=attn layer=20 pos=33 tokens=4 row_output_hc=0.525 ms
ds4: metal layer stage part=attn layer=20 pos=33 tokens=4 hc_post=0.022 ms
ds4: metal layer stage part=ffn layer=20 pos=33 tokens=4 router=0.017 ms
ds4: metal layer stage part=ffn layer=20 pos=33 tokens=4 routed_moe=0.028 ms
ds4: metal layer stage part=ffn layer=20 pos=33 tokens=4 shared_gate_up=0.019 ms
ds4: metal layer stage part=ffn layer=20 pos=33 tokens=4 shared_down=0.259 ms
ds4: metal layer stage part=ffn layer=20 pos=33 tokens=4 hc_post=0.022 ms
ds4: metal layer stage part=attn layer=21 pos=33 tokens=4 row_hc_f16_rows=0.263 ms
ds4: metal layer stage part=attn layer=21 pos=33 tokens=4 q_path=0.500 ms
ds4: metal layer stage part=attn layer=21 pos=33 tokens=4 kv_path=0.272 ms
ds4: metal layer stage part=attn layer=21 pos=33 tokens=4 compressor=0.019 ms
ds4: metal layer stage part=attn layer=21 pos=33 tokens=4 attention=0.537 ms
ds4: metal layer stage part=attn layer=21 pos=33 tokens=4 row_output_hc=0.520 ms
ds4: metal layer stage part=attn layer=21 pos=33 tokens=4 hc_post=0.027 ms
ds4: metal layer stage part=ffn layer=21 pos=33 tokens=4 router=0.018 ms
ds4: metal layer stage part=ffn layer=21 pos=33 tokens=4 routed_moe=0.023 ms
ds4: metal layer stage part=ffn layer=21 pos=33 tokens=4 shared_gate_up=0.023 ms
ds4: metal layer stage part=ffn layer=21 pos=33 tokens=4 shared_down=0.252 ms
ds4: metal layer stage part=ffn layer=21 pos=33 tokens=4 hc_post=0.019 ms
ds4: metal layer stage part=attn layer=22 pos=33 tokens=4 row_hc_f16_rows=0.209 ms
ds4: metal layer stage part=attn layer=22 pos=33 tokens=4 q_path=0.495 ms
ds4: metal layer stage part=attn layer=22 pos=33 tokens=4 kv_path=0.286 ms
ds4: metal layer stage part=attn layer=22 pos=33 tokens=4 compressor=0.286 ms
ds4: metal layer stage part=attn layer=22 pos=33 tokens=4 indexer_setup=0.019 ms
ds4: metal layer stage part=attn layer=22 pos=33 tokens=4 attention=0.587 ms
ds4: metal layer stage part=attn layer=22 pos=33 tokens=4 row_output_hc=0.480 ms
ds4: metal layer stage part=attn layer=22 pos=33 tokens=4 hc_post=0.055 ms
ds4: metal layer stage part=ffn layer=22 pos=33 tokens=4 router=0.017 ms
ds4: metal layer stage part=ffn layer=22 pos=33 tokens=4 routed_moe=0.027 ms
ds4: metal layer stage part=ffn layer=22 pos=33 tokens=4 shared_gate_up=0.021 ms
ds4: metal layer stage part=ffn layer=22 pos=33 tokens=4 shared_down=0.242 ms
ds4: metal layer stage part=ffn layer=22 pos=33 tokens=4 hc_post=0.021 ms
ds4: metal layer stage part=attn layer=23 pos=33 tokens=4 row_hc_f16_rows=0.186 ms
ds4: metal layer stage part=attn layer=23 pos=33 tokens=4 q_path=0.567 ms
ds4: metal layer stage part=attn layer=23 pos=33 tokens=4 kv_path=0.239 ms
ds4: metal layer stage part=attn layer=23 pos=33 tokens=4 compressor=0.028 ms
ds4: metal layer stage part=attn layer=23 pos=33 tokens=4 attention=0.542 ms
ds4: metal layer stage part=attn layer=23 pos=33 tokens=4 row_output_hc=0.480 ms
ds4: metal layer stage part=attn layer=23 pos=33 tokens=4 hc_post=0.024 ms
ds4: metal layer stage part=ffn layer=23 pos=33 tokens=4 router=0.021 ms
ds4: metal layer stage part=ffn layer=23 pos=33 tokens=4 routed_moe=0.025 ms
ds4: metal layer stage part=ffn layer=23 pos=33 tokens=4 shared_gate_up=0.024 ms
ds4: metal layer stage part=ffn layer=23 pos=33 tokens=4 shared_down=0.258 ms
ds4: metal layer stage part=ffn layer=23 pos=33 tokens=4 hc_post=0.019 ms
ds4: metal layer stage part=attn layer=24 pos=33 tokens=4 row_hc_f16_rows=0.250 ms
ds4: metal layer stage part=attn layer=24 pos=33 tokens=4 q_path=0.532 ms
ds4: metal layer stage part=attn layer=24 pos=33 tokens=4 kv_path=0.231 ms
ds4: metal layer stage part=attn layer=24 pos=33 tokens=4 compressor=0.304 ms
ds4: metal layer stage part=attn layer=24 pos=33 tokens=4 indexer_setup=0.022 ms
ds4: metal layer stage part=attn layer=24 pos=33 tokens=4 attention=0.582 ms
ds4: metal layer stage part=attn layer=24 pos=33 tokens=4 row_output_hc=0.484 ms
ds4: metal layer stage part=attn layer=24 pos=33 tokens=4 hc_post=0.024 ms
ds4: metal layer stage part=ffn layer=24 pos=33 tokens=4 router=0.016 ms
ds4: metal layer stage part=ffn layer=24 pos=33 tokens=4 routed_moe=0.033 ms
ds4: metal layer stage part=ffn layer=24 pos=33 tokens=4 shared_gate_up=0.028 ms
ds4: metal layer stage part=ffn layer=24 pos=33 tokens=4 shared_down=0.247 ms
ds4: metal layer stage part=ffn layer=24 pos=33 tokens=4 hc_post=0.026 ms
ds4: metal layer stage part=attn layer=25 pos=33 tokens=4 row_hc_f16_rows=0.215 ms
ds4: metal layer stage part=attn layer=25 pos=33 tokens=4 q_path=0.522 ms
ds4: metal layer stage part=attn layer=25 pos=33 tokens=4 kv_path=0.260 ms
ds4: metal layer stage part=attn layer=25 pos=33 tokens=4 compressor=0.022 ms
ds4: metal layer stage part=attn layer=25 pos=33 tokens=4 attention=0.532 ms
ds4: metal layer stage part=attn layer=25 pos=33 tokens=4 row_output_hc=0.499 ms
ds4: metal layer stage part=attn layer=25 pos=33 tokens=4 hc_post=0.025 ms
ds4: metal layer stage part=ffn layer=25 pos=33 tokens=4 router=0.022 ms
ds4: metal layer stage part=ffn layer=25 pos=33 tokens=4 routed_moe=0.032 ms
ds4: metal layer stage part=ffn layer=25 pos=33 tokens=4 shared_gate_up=0.021 ms
ds4: metal layer stage part=ffn layer=25 pos=33 tokens=4 shared_down=0.248 ms
ds4: metal layer stage part=ffn layer=25 pos=33 tokens=4 hc_post=0.027 ms
ds4: metal layer stage part=attn layer=26 pos=33 tokens=4 row_hc_f16_rows=0.252 ms
ds4: metal layer stage part=attn layer=26 pos=33 tokens=4 q_path=0.492 ms
ds4: metal layer stage part=attn layer=26 pos=33 tokens=4 kv_path=0.269 ms
ds4: metal layer stage part=attn layer=26 pos=33 tokens=4 compressor=0.301 ms
ds4: metal layer stage part=attn layer=26 pos=33 tokens=4 indexer_setup=0.022 ms
ds4: metal layer stage part=attn layer=26 pos=33 tokens=4 attention=0.565 ms
ds4: metal layer stage part=attn layer=26 pos=33 tokens=4 row_output_hc=0.494 ms
ds4: metal layer stage part=attn layer=26 pos=33 tokens=4 hc_post=0.026 ms
ds4: metal layer stage part=ffn layer=26 pos=33 tokens=4 router=0.019 ms
ds4: metal layer stage part=ffn layer=26 pos=33 tokens=4 routed_moe=0.033 ms
ds4: metal layer stage part=ffn layer=26 pos=33 tokens=4 shared_gate_up=0.017 ms
ds4: metal layer stage part=ffn layer=26 pos=33 tokens=4 shared_down=0.255 ms
ds4: metal layer stage part=ffn layer=26 pos=33 tokens=4 hc_post=0.023 ms
ds4: metal layer stage part=attn layer=27 pos=33 tokens=4 row_hc_f16_rows=0.232 ms
ds4: metal layer stage part=attn layer=27 pos=33 tokens=4 q_path=0.499 ms
ds4: metal layer stage part=attn layer=27 pos=33 tokens=4 kv_path=0.289 ms
ds4: metal layer stage part=attn layer=27 pos=33 tokens=4 compressor=0.022 ms
ds4: metal layer stage part=attn layer=27 pos=33 tokens=4 attention=0.536 ms
ds4: metal layer stage part=attn layer=27 pos=33 tokens=4 row_output_hc=0.550 ms
ds4: metal layer stage part=attn layer=27 pos=33 tokens=4 hc_post=0.025 ms
ds4: metal layer stage part=ffn layer=27 pos=33 tokens=4 router=0.019 ms
ds4: metal layer stage part=ffn layer=27 pos=33 tokens=4 routed_moe=0.022 ms
ds4: metal layer stage part=ffn layer=27 pos=33 tokens=4 shared_gate_up=0.021 ms
ds4: metal layer stage part=ffn layer=27 pos=33 tokens=4 shared_down=0.323 ms
ds4: metal layer stage part=ffn layer=27 pos=33 tokens=4 hc_post=0.022 ms
ds4: metal layer stage part=attn layer=28 pos=33 tokens=4 row_hc_f16_rows=0.199 ms
ds4: metal layer stage part=attn layer=28 pos=33 tokens=4 q_path=0.546 ms
ds4: metal layer stage part=attn layer=28 pos=33 tokens=4 kv_path=0.290 ms
ds4: metal layer stage part=attn layer=28 pos=33 tokens=4 compressor=0.309 ms
ds4: metal layer stage part=attn layer=28 pos=33 tokens=4 indexer_setup=0.027 ms
ds4: metal layer stage part=attn layer=28 pos=33 tokens=4 attention=0.645 ms
ds4: metal layer stage part=attn layer=28 pos=33 tokens=4 row_output_hc=0.487 ms
ds4: metal layer stage part=attn layer=28 pos=33 tokens=4 hc_post=0.026 ms
ds4: metal layer stage part=ffn layer=28 pos=33 tokens=4 router=0.019 ms
ds4: metal layer stage part=ffn layer=28 pos=33 tokens=4 routed_moe=0.027 ms
ds4: metal layer stage part=ffn layer=28 pos=33 tokens=4 shared_gate_up=0.023 ms
ds4: metal layer stage part=ffn layer=28 pos=33 tokens=4 shared_down=0.235 ms
ds4: metal layer stage part=ffn layer=28 pos=33 tokens=4 hc_post=0.033 ms
ds4: metal layer stage part=attn layer=29 pos=33 tokens=4 row_hc_f16_rows=0.177 ms
ds4: metal layer stage part=attn layer=29 pos=33 tokens=4 q_path=0.531 ms
ds4: metal layer stage part=attn layer=29 pos=33 tokens=4 kv_path=0.253 ms
ds4: metal layer stage part=attn layer=29 pos=33 tokens=4 compressor=0.024 ms
ds4: metal layer stage part=attn layer=29 pos=33 tokens=4 attention=0.510 ms
ds4: metal layer stage part=attn layer=29 pos=33 tokens=4 row_output_hc=0.497 ms
ds4: metal layer stage part=attn layer=29 pos=33 tokens=4 hc_post=0.023 ms
ds4: metal layer stage part=ffn layer=29 pos=33 tokens=4 router=0.017 ms
ds4: metal layer stage part=ffn layer=29 pos=33 tokens=4 routed_moe=0.030 ms
ds4: metal layer stage part=ffn layer=29 pos=33 tokens=4 shared_gate_up=0.112 ms
ds4: metal layer stage part=ffn layer=29 pos=33 tokens=4 shared_down=0.264 ms
ds4: metal layer stage part=ffn layer=29 pos=33 tokens=4 hc_post=0.027 ms
ds4: metal layer stage part=attn layer=30 pos=33 tokens=4 row_hc_f16_rows=0.185 ms
ds4: metal layer stage part=attn layer=30 pos=33 tokens=4 q_path=0.460 ms
ds4: metal layer stage part=attn layer=30 pos=33 tokens=4 kv_path=0.245 ms
ds4: metal layer stage part=attn layer=30 pos=33 tokens=4 compressor=0.271 ms
ds4: metal layer stage part=attn layer=30 pos=33 tokens=4 indexer_setup=0.022 ms
ds4: metal layer stage part=attn layer=30 pos=33 tokens=4 attention=0.543 ms
ds4: metal layer stage part=attn layer=30 pos=33 tokens=4 row_output_hc=0.492 ms
ds4: metal layer stage part=attn layer=30 pos=33 tokens=4 hc_post=0.028 ms
ds4: metal layer stage part=ffn layer=30 pos=33 tokens=4 router=0.018 ms
ds4: metal layer stage part=ffn layer=30 pos=33 tokens=4 routed_moe=0.026 ms
ds4: metal layer stage part=ffn layer=30 pos=33 tokens=4 shared_gate_up=0.022 ms
ds4: metal layer stage part=ffn layer=30 pos=33 tokens=4 shared_down=0.246 ms
ds4: metal layer stage part=ffn layer=30 pos=33 tokens=4 hc_post=0.023 ms
ds4: metal layer stage part=attn layer=31 pos=33 tokens=4 row_hc_f16_rows=0.265 ms
ds4: metal layer stage part=attn layer=31 pos=33 tokens=4 q_path=0.512 ms
ds4: metal layer stage part=attn layer=31 pos=33 tokens=4 kv_path=0.256 ms
ds4: metal layer stage part=attn layer=31 pos=33 tokens=4 compressor=0.024 ms
ds4: metal layer stage part=attn layer=31 pos=33 tokens=4 attention=0.533 ms
ds4: metal layer stage part=attn layer=31 pos=33 tokens=4 row_output_hc=0.531 ms
ds4: metal layer stage part=attn layer=31 pos=33 tokens=4 hc_post=0.036 ms
ds4: metal layer stage part=ffn layer=31 pos=33 tokens=4 router=0.024 ms
ds4: metal layer stage part=ffn layer=31 pos=33 tokens=4 routed_moe=0.027 ms
ds4: metal layer stage part=ffn layer=31 pos=33 tokens=4 shared_gate_up=0.026 ms
ds4: metal layer stage part=ffn layer=31 pos=33 tokens=4 shared_down=0.244 ms
ds4: metal layer stage part=ffn layer=31 pos=33 tokens=4 hc_post=0.025 ms
ds4: metal layer stage part=attn layer=32 pos=33 tokens=4 row_hc_f16_rows=0.229 ms
ds4: metal layer stage part=attn layer=32 pos=33 tokens=4 q_path=1.352 ms
ds4: metal layer stage part=attn layer=32 pos=33 tokens=4 kv_path=0.277 ms
ds4: metal layer stage part=attn layer=32 pos=33 tokens=4 compressor=0.332 ms
ds4: metal layer stage part=attn layer=32 pos=33 tokens=4 indexer_setup=0.029 ms
ds4: metal layer stage part=attn layer=32 pos=33 tokens=4 attention=0.643 ms
ds4: metal layer stage part=attn layer=32 pos=33 tokens=4 row_output_hc=0.509 ms
ds4: metal layer stage part=attn layer=32 pos=33 tokens=4 hc_post=0.029 ms
ds4: metal layer stage part=ffn layer=32 pos=33 tokens=4 router=0.020 ms
ds4: metal layer stage part=ffn layer=32 pos=33 tokens=4 routed_moe=0.028 ms
ds4: metal layer stage part=ffn layer=32 pos=33 tokens=4 shared_gate_up=0.022 ms
ds4: metal layer stage part=ffn layer=32 pos=33 tokens=4 shared_down=0.243 ms
ds4: metal layer stage part=ffn layer=32 pos=33 tokens=4 hc_post=0.027 ms
ds4: metal layer stage part=attn layer=33 pos=33 tokens=4 row_hc_f16_rows=0.197 ms
ds4: metal layer stage part=attn layer=33 pos=33 tokens=4 q_path=0.518 ms
ds4: metal layer stage part=attn layer=33 pos=33 tokens=4 kv_path=0.276 ms
ds4: metal layer stage part=attn layer=33 pos=33 tokens=4 compressor=0.032 ms
ds4: metal layer stage part=attn layer=33 pos=33 tokens=4 attention=0.532 ms
ds4: metal layer stage part=attn layer=33 pos=33 tokens=4 row_output_hc=0.448 ms
ds4: metal layer stage part=attn layer=33 pos=33 tokens=4 hc_post=0.023 ms
ds4: metal layer stage part=ffn layer=33 pos=33 tokens=4 router=0.021 ms
ds4: metal layer stage part=ffn layer=33 pos=33 tokens=4 routed_moe=0.026 ms
ds4: metal layer stage part=ffn layer=33 pos=33 tokens=4 shared_gate_up=0.025 ms
ds4: metal layer stage part=ffn layer=33 pos=33 tokens=4 shared_down=0.252 ms
ds4: metal layer stage part=ffn layer=33 pos=33 tokens=4 hc_post=0.025 ms
ds4: metal layer stage part=attn layer=34 pos=33 tokens=4 row_hc_f16_rows=0.241 ms
ds4: metal layer stage part=attn layer=34 pos=33 tokens=4 q_path=0.507 ms
ds4: metal layer stage part=attn layer=34 pos=33 tokens=4 kv_path=0.267 ms
ds4: metal layer stage part=attn layer=34 pos=33 tokens=4 compressor=0.296 ms
ds4: metal layer stage part=attn layer=34 pos=33 tokens=4 indexer_setup=0.019 ms
ds4: metal layer stage part=attn layer=34 pos=33 tokens=4 attention=0.577 ms
ds4: metal layer stage part=attn layer=34 pos=33 tokens=4 row_output_hc=0.494 ms
ds4: metal layer stage part=attn layer=34 pos=33 tokens=4 hc_post=0.024 ms
ds4: metal layer stage part=ffn layer=34 pos=33 tokens=4 router=0.018 ms
ds4: metal layer stage part=ffn layer=34 pos=33 tokens=4 routed_moe=0.031 ms
ds4: metal layer stage part=ffn layer=34 pos=33 tokens=4 shared_gate_up=0.021 ms
ds4: metal layer stage part=ffn layer=34 pos=33 tokens=4 shared_down=0.263 ms
ds4: metal layer stage part=ffn layer=34 pos=33 tokens=4 hc_post=0.020 ms
ds4: metal layer stage part=attn layer=35 pos=33 tokens=4 row_hc_f16_rows=0.219 ms
ds4: metal layer stage part=attn layer=35 pos=33 tokens=4 q_path=0.543 ms
ds4: metal layer stage part=attn layer=35 pos=33 tokens=4 kv_path=0.288 ms
ds4: metal layer stage part=attn layer=35 pos=33 tokens=4 compressor=0.026 ms
ds4: metal layer stage part=attn layer=35 pos=33 tokens=4 attention=0.537 ms
ds4: metal layer stage part=attn layer=35 pos=33 tokens=4 row_output_hc=0.545 ms
ds4: metal layer stage part=attn layer=35 pos=33 tokens=4 hc_post=0.025 ms
ds4: metal layer stage part=ffn layer=35 pos=33 tokens=4 router=0.020 ms
ds4: metal layer stage part=ffn layer=35 pos=33 tokens=4 routed_moe=0.030 ms
ds4: metal layer stage part=ffn layer=35 pos=33 tokens=4 shared_gate_up=0.023 ms
ds4: metal layer stage part=ffn layer=35 pos=33 tokens=4 shared_down=0.326 ms
ds4: metal layer stage part=ffn layer=35 pos=33 tokens=4 hc_post=0.020 ms
ds4: metal layer stage part=attn layer=36 pos=33 tokens=4 row_hc_f16_rows=0.222 ms
ds4: metal layer stage part=attn layer=36 pos=33 tokens=4 q_path=0.522 ms
ds4: metal layer stage part=attn layer=36 pos=33 tokens=4 kv_path=0.274 ms
ds4: metal layer stage part=attn layer=36 pos=33 tokens=4 compressor=0.334 ms
ds4: metal layer stage part=attn layer=36 pos=33 tokens=4 indexer_setup=0.024 ms
ds4: metal layer stage part=attn layer=36 pos=33 tokens=4 attention=0.574 ms
ds4: metal layer stage part=attn layer=36 pos=33 tokens=4 row_output_hc=0.475 ms
ds4: metal layer stage part=attn layer=36 pos=33 tokens=4 hc_post=0.023 ms
ds4: metal layer stage part=ffn layer=36 pos=33 tokens=4 router=0.019 ms
ds4: metal layer stage part=ffn layer=36 pos=33 tokens=4 routed_moe=0.033 ms
ds4: metal layer stage part=ffn layer=36 pos=33 tokens=4 shared_gate_up=0.020 ms
ds4: metal layer stage part=ffn layer=36 pos=33 tokens=4 shared_down=0.255 ms
ds4: metal layer stage part=ffn layer=36 pos=33 tokens=4 hc_post=0.020 ms
ds4: metal layer stage part=attn layer=37 pos=33 tokens=4 row_hc_f16_rows=0.252 ms
ds4: metal layer stage part=attn layer=37 pos=33 tokens=4 q_path=0.499 ms
ds4: metal layer stage part=attn layer=37 pos=33 tokens=4 kv_path=0.273 ms
ds4: metal layer stage part=attn layer=37 pos=33 tokens=4 compressor=0.027 ms
ds4: metal layer stage part=attn layer=37 pos=33 tokens=4 attention=0.591 ms
ds4: metal layer stage part=attn layer=37 pos=33 tokens=4 row_output_hc=0.490 ms
ds4: metal layer stage part=attn layer=37 pos=33 tokens=4 hc_post=0.032 ms
ds4: metal layer stage part=ffn layer=37 pos=33 tokens=4 router=0.019 ms
ds4: metal layer stage part=ffn layer=37 pos=33 tokens=4 routed_moe=0.026 ms
ds4: metal layer stage part=ffn layer=37 pos=33 tokens=4 shared_gate_up=0.021 ms
ds4: metal layer stage part=ffn layer=37 pos=33 tokens=4 shared_down=0.262 ms
ds4: metal layer stage part=ffn layer=37 pos=33 tokens=4 hc_post=0.019 ms
ds4: metal layer stage part=attn layer=38 pos=33 tokens=4 row_hc_f16_rows=0.249 ms
ds4: metal layer stage part=attn layer=38 pos=33 tokens=4 q_path=0.503 ms
ds4: metal layer stage part=attn layer=38 pos=33 tokens=4 kv_path=0.276 ms
ds4: metal layer stage part=attn layer=38 pos=33 tokens=4 compressor=0.292 ms
ds4: metal layer stage part=attn layer=38 pos=33 tokens=4 indexer_setup=0.020 ms
ds4: metal layer stage part=attn layer=38 pos=33 tokens=4 attention=0.566 ms
ds4: metal layer stage part=attn layer=38 pos=33 tokens=4 row_output_hc=0.541 ms
ds4: metal layer stage part=attn layer=38 pos=33 tokens=4 hc_post=0.052 ms
ds4: metal layer stage part=ffn layer=38 pos=33 tokens=4 router=0.020 ms
ds4: metal layer stage part=ffn layer=38 pos=33 tokens=4 routed_moe=0.031 ms
ds4: metal layer stage part=ffn layer=38 pos=33 tokens=4 shared_gate_up=0.026 ms
ds4: metal layer stage part=ffn layer=38 pos=33 tokens=4 shared_down=0.257 ms
ds4: metal layer stage part=ffn layer=38 pos=33 tokens=4 hc_post=0.026 ms
ds4: metal layer stage part=attn layer=39 pos=33 tokens=4 row_hc_f16_rows=0.257 ms
ds4: metal layer stage part=attn layer=39 pos=33 tokens=4 q_path=0.602 ms
ds4: metal layer stage part=attn layer=39 pos=33 tokens=4 kv_path=0.236 ms
ds4: metal layer stage part=attn layer=39 pos=33 tokens=4 compressor=0.021 ms
ds4: metal layer stage part=attn layer=39 pos=33 tokens=4 attention=0.535 ms
ds4: metal layer stage part=attn layer=39 pos=33 tokens=4 row_output_hc=0.546 ms
ds4: metal layer stage part=attn layer=39 pos=33 tokens=4 hc_post=0.026 ms
ds4: metal layer stage part=ffn layer=39 pos=33 tokens=4 router=0.022 ms
ds4: metal layer stage part=ffn layer=39 pos=33 tokens=4 routed_moe=0.024 ms
ds4: metal layer stage part=ffn layer=39 pos=33 tokens=4 shared_gate_up=0.024 ms
ds4: metal layer stage part=ffn layer=39 pos=33 tokens=4 shared_down=0.257 ms
ds4: metal layer stage part=ffn layer=39 pos=33 tokens=4 hc_post=0.025 ms
ds4: metal layer stage part=attn layer=40 pos=33 tokens=4 row_hc_f16_rows=0.233 ms
ds4: metal layer stage part=attn layer=40 pos=33 tokens=4 q_path=0.510 ms
ds4: metal layer stage part=attn layer=40 pos=33 tokens=4 kv_path=0.267 ms
ds4: metal layer stage part=attn layer=40 pos=33 tokens=4 compressor=0.290 ms
ds4: metal layer stage part=attn layer=40 pos=33 tokens=4 indexer_setup=0.023 ms
ds4: metal layer stage part=attn layer=40 pos=33 tokens=4 attention=0.571 ms
ds4: metal layer stage part=attn layer=40 pos=33 tokens=4 row_output_hc=0.507 ms
ds4: metal layer stage part=attn layer=40 pos=33 tokens=4 hc_post=0.028 ms
ds4: metal layer stage part=ffn layer=40 pos=33 tokens=4 router=0.018 ms
ds4: metal layer stage part=ffn layer=40 pos=33 tokens=4 routed_moe=0.037 ms
ds4: metal layer stage part=ffn layer=40 pos=33 tokens=4 shared_gate_up=0.025 ms
ds4: metal layer stage part=ffn layer=40 pos=33 tokens=4 shared_down=0.335 ms
ds4: metal layer stage part=ffn layer=40 pos=33 tokens=4 hc_post=0.028 ms
ds4: metal layer stage part=attn layer=41 pos=33 tokens=4 row_hc_f16_rows=0.280 ms
ds4: metal layer stage part=attn layer=41 pos=33 tokens=4 q_path=0.484 ms
ds4: metal layer stage part=attn layer=41 pos=33 tokens=4 kv_path=0.270 ms
ds4: metal layer stage part=attn layer=41 pos=33 tokens=4 compressor=0.028 ms
ds4: metal layer stage part=attn layer=41 pos=33 tokens=4 attention=0.543 ms
ds4: metal layer stage part=attn layer=41 pos=33 tokens=4 row_output_hc=0.470 ms
ds4: metal layer stage part=attn layer=41 pos=33 tokens=4 hc_post=0.024 ms
ds4: metal layer stage part=ffn layer=41 pos=33 tokens=4 router=0.021 ms
ds4: metal layer stage part=ffn layer=41 pos=33 tokens=4 routed_moe=0.033 ms
ds4: metal layer stage part=ffn layer=41 pos=33 tokens=4 shared_gate_up=0.022 ms
ds4: metal layer stage part=ffn layer=41 pos=33 tokens=4 shared_down=0.321 ms
ds4: metal layer stage part=ffn layer=41 pos=33 tokens=4 hc_post=0.022 ms
ds4: metal layer stage part=attn layer=42 pos=33 tokens=4 row_hc_f16_rows=0.242 ms
ds4: metal layer stage part=attn layer=42 pos=33 tokens=4 q_path=0.510 ms
ds4: metal layer stage part=attn layer=42 pos=33 tokens=4 kv_path=0.194 ms
ds4: metal layer stage part=attn layer=42 pos=33 tokens=4 compressor=0.244 ms
ds4: metal layer stage part=attn layer=42 pos=33 tokens=4 indexer_setup=0.018 ms
ds4: metal layer stage part=attn layer=42 pos=33 tokens=4 attention=0.630 ms
ds4: metal layer stage part=attn layer=42 pos=33 tokens=4 row_output_hc=0.575 ms
ds4: metal layer stage part=attn layer=42 pos=33 tokens=4 hc_post=0.058 ms
ds4: metal layer stage part=ffn layer=42 pos=33 tokens=4 router=0.018 ms
ds4: metal layer stage part=ffn layer=42 pos=33 tokens=4 routed_moe=0.029 ms
ds4: metal layer stage part=ffn layer=42 pos=33 tokens=4 shared_gate_up=0.024 ms
ds4: metal layer stage part=ffn layer=42 pos=33 tokens=4 shared_down=0.275 ms
ds4: metal layer stage part=ffn layer=42 pos=33 tokens=4 hc_post=0.027 ms
ds4: dspark hybrid verifier profile n=4 layers=43 exact_prefix=0.000 ms attention=99.347 ms row_ffn_pre=10.020 ms row_router=11.538 ms batch_router=0.000 ms row_routed=35.116 ms row_shared=12.274 ms batch_tail=16.747 ms target_hidden=1.335 ms head=1.509 ms read=0.027 ms total=187.932 ms
ds4: metal layer stage part=attn layer=0 pos=36 tokens=4 row_hc_f16_rows=0.202 ms
ds4: metal layer stage part=attn layer=0 pos=36 tokens=4 q_path=0.477 ms
ds4: metal layer stage part=attn layer=0 pos=36 tokens=4 kv_path=0.287 ms
ds4: metal layer stage part=attn layer=0 pos=36 tokens=4 attention=0.421 ms
ds4: metal layer stage part=attn layer=0 pos=36 tokens=4 row_output_hc=0.502 ms
ds4: metal layer stage part=attn layer=0 pos=36 tokens=4 hc_post=0.031 ms
ds4: metal layer stage part=ffn layer=0 pos=36 tokens=4 router=0.020 ms
ds4: metal layer stage part=ffn layer=0 pos=36 tokens=4 routed_moe=0.026 ms
ds4: metal layer stage part=ffn layer=0 pos=36 tokens=4 shared_gate_up=0.022 ms
ds4: metal layer stage part=ffn layer=0 pos=36 tokens=4 shared_down=0.243 ms
ds4: metal layer stage part=ffn layer=0 pos=36 tokens=4 hc_post=0.027 ms
ds4: metal layer stage part=attn layer=1 pos=36 tokens=4 row_hc_f16_rows=0.184 ms
ds4: metal layer stage part=attn layer=1 pos=36 tokens=4 q_path=0.548 ms
ds4: metal layer stage part=attn layer=1 pos=36 tokens=4 kv_path=0.240 ms
ds4: metal layer stage part=attn layer=1 pos=36 tokens=4 attention=0.425 ms
ds4: metal layer stage part=attn layer=1 pos=36 tokens=4 row_output_hc=0.505 ms
ds4: metal layer stage part=attn layer=1 pos=36 tokens=4 hc_post=0.022 ms
ds4: metal layer stage part=ffn layer=1 pos=36 tokens=4 router=0.018 ms
ds4: metal layer stage part=ffn layer=1 pos=36 tokens=4 routed_moe=0.029 ms
ds4: metal layer stage part=ffn layer=1 pos=36 tokens=4 shared_gate_up=0.022 ms
ds4: metal layer stage part=ffn layer=1 pos=36 tokens=4 shared_down=0.281 ms
ds4: metal layer stage part=ffn layer=1 pos=36 tokens=4 hc_post=0.029 ms
ds4: metal layer stage part=attn layer=2 pos=36 tokens=4 row_hc_f16_rows=0.200 ms
ds4: metal layer stage part=attn layer=2 pos=36 tokens=4 q_path=0.508 ms
ds4: metal layer stage part=attn layer=2 pos=36 tokens=4 kv_path=0.219 ms
ds4: metal layer stage part=attn layer=2 pos=36 tokens=4 compressor=0.259 ms
ds4: metal layer stage part=attn layer=2 pos=36 tokens=4 indexer_setup=0.019 ms
ds4: metal layer stage part=attn layer=2 pos=36 tokens=4 attention=0.751 ms
ds4: metal layer stage part=attn layer=2 pos=36 tokens=4 row_output_hc=0.500 ms
ds4: metal layer stage part=attn layer=2 pos=36 tokens=4 hc_post=0.024 ms
ds4: metal layer stage part=ffn layer=2 pos=36 tokens=4 router=0.021 ms
ds4: metal layer stage part=ffn layer=2 pos=36 tokens=4 routed_moe=0.024 ms
ds4: metal layer stage part=ffn layer=2 pos=36 tokens=4 shared_gate_up=0.028 ms
ds4: metal layer stage part=ffn layer=2 pos=36 tokens=4 shared_down=0.264 ms
ds4: metal layer stage part=ffn layer=2 pos=36 tokens=4 hc_post=0.026 ms
ds4: metal layer stage part=attn layer=3 pos=36 tokens=4 row_hc_f16_rows=0.229 ms
ds4: metal layer stage part=attn layer=3 pos=36 tokens=4 q_path=0.496 ms
ds4: metal layer stage part=attn layer=3 pos=36 tokens=4 kv_path=0.281 ms
ds4: metal layer stage part=attn layer=3 pos=36 tokens=4 compressor=0.021 ms
ds4: metal layer stage part=attn layer=3 pos=36 tokens=4 attention=0.528 ms
ds4: metal layer stage part=attn layer=3 pos=36 tokens=4 row_output_hc=0.510 ms
ds4: metal layer stage part=attn layer=3 pos=36 tokens=4 hc_post=0.027 ms
ds4: metal layer stage part=ffn layer=3 pos=36 tokens=4 router=0.019 ms
ds4: metal layer stage part=ffn layer=3 pos=36 tokens=4 routed_moe=0.022 ms
ds4: metal layer stage part=ffn layer=3 pos=36 tokens=4 shared_gate_up=0.016 ms
ds4: metal layer stage part=ffn layer=3 pos=36 tokens=4 shared_down=0.254 ms
ds4: metal layer stage part=ffn layer=3 pos=36 tokens=4 hc_post=0.023 ms
ds4: metal layer stage part=attn layer=4 pos=36 tokens=4 row_hc_f16_rows=0.230 ms
ds4: metal layer stage part=attn layer=4 pos=36 tokens=4 q_path=0.465 ms
ds4: metal layer stage part=attn layer=4 pos=36 tokens=4 kv_path=0.260 ms
ds4: metal layer stage part=attn layer=4 pos=36 tokens=4 compressor=0.271 ms
ds4: metal layer stage part=attn layer=4 pos=36 tokens=4 indexer_setup=0.022 ms
ds4: metal layer stage part=attn layer=4 pos=36 tokens=4 attention=0.578 ms
ds4: metal layer stage part=attn layer=4 pos=36 tokens=4 row_output_hc=0.465 ms
ds4: metal layer stage part=attn layer=4 pos=36 tokens=4 hc_post=0.024 ms
ds4: metal layer stage part=ffn layer=4 pos=36 tokens=4 router=0.019 ms
ds4: metal layer stage part=ffn layer=4 pos=36 tokens=4 routed_moe=0.025 ms
ds4: metal layer stage part=ffn layer=4 pos=36 tokens=4 shared_gate_up=0.019 ms
ds4: metal layer stage part=ffn layer=4 pos=36 tokens=4 shared_down=0.244 ms
ds4: metal layer stage part=ffn layer=4 pos=36 tokens=4 hc_post=0.023 ms
ds4: metal layer stage part=attn layer=5 pos=36 tokens=4 row_hc_f16_rows=0.282 ms
ds4: metal layer stage part=attn layer=5 pos=36 tokens=4 q_path=0.496 ms
ds4: metal layer stage part=attn layer=5 pos=36 tokens=4 kv_path=0.279 ms
ds4: metal layer stage part=attn layer=5 pos=36 tokens=4 compressor=0.031 ms
ds4: metal layer stage part=attn layer=5 pos=36 tokens=4 attention=0.552 ms
ds4: metal layer stage part=attn layer=5 pos=36 tokens=4 row_output_hc=0.554 ms
ds4: metal layer stage part=attn layer=5 pos=36 tokens=4 hc_post=0.025 ms
ds4: metal layer stage part=ffn layer=5 pos=36 tokens=4 router=0.020 ms
ds4: metal layer stage part=ffn layer=5 pos=36 tokens=4 routed_moe=0.039 ms
ds4: metal layer stage part=ffn layer=5 pos=36 tokens=4 shared_gate_up=0.031 ms
ds4: metal layer stage part=ffn layer=5 pos=36 tokens=4 shared_down=0.285 ms
ds4: metal layer stage part=ffn layer=5 pos=36 tokens=4 hc_post=0.025 ms
ds4: metal layer stage part=attn layer=6 pos=36 tokens=4 row_hc_f16_rows=0.224 ms
ds4: metal layer stage part=attn layer=6 pos=36 tokens=4 q_path=0.532 ms
ds4: metal layer stage part=attn layer=6 pos=36 tokens=4 kv_path=0.264 ms
ds4: metal layer stage part=attn layer=6 pos=36 tokens=4 compressor=0.277 ms
ds4: metal layer stage part=attn layer=6 pos=36 tokens=4 indexer_setup=0.030 ms
ds4: metal layer stage part=attn layer=6 pos=36 tokens=4 attention=1.454 ms
ds4: metal layer stage part=attn layer=6 pos=36 tokens=4 row_output_hc=0.511 ms
ds4: metal layer stage part=attn layer=6 pos=36 tokens=4 hc_post=0.024 ms
ds4: metal layer stage part=ffn layer=6 pos=36 tokens=4 router=0.020 ms
ds4: metal layer stage part=ffn layer=6 pos=36 tokens=4 routed_moe=0.023 ms
ds4: metal layer stage part=ffn layer=6 pos=36 tokens=4 shared_gate_up=0.018 ms
ds4: metal layer stage part=ffn layer=6 pos=36 tokens=4 shared_down=0.262 ms
ds4: metal layer stage part=ffn layer=6 pos=36 tokens=4 hc_post=0.022 ms
ds4: metal layer stage part=attn layer=7 pos=36 tokens=4 row_hc_f16_rows=0.247 ms
ds4: metal layer stage part=attn layer=7 pos=36 tokens=4 q_path=0.536 ms
ds4: metal layer stage part=attn layer=7 pos=36 tokens=4 kv_path=0.231 ms
ds4: metal layer stage part=attn layer=7 pos=36 tokens=4 compressor=0.022 ms
ds4: metal layer stage part=attn layer=7 pos=36 tokens=4 attention=0.557 ms
ds4: metal layer stage part=attn layer=7 pos=36 tokens=4 row_output_hc=0.529 ms
ds4: metal layer stage part=attn layer=7 pos=36 tokens=4 hc_post=0.030 ms
ds4: metal layer stage part=ffn layer=7 pos=36 tokens=4 router=0.019 ms
ds4: metal layer stage part=ffn layer=7 pos=36 tokens=4 routed_moe=0.035 ms
ds4: metal layer stage part=ffn layer=7 pos=36 tokens=4 shared_gate_up=0.021 ms
ds4: metal layer stage part=ffn layer=7 pos=36 tokens=4 shared_down=0.236 ms
ds4: metal layer stage part=ffn layer=7 pos=36 tokens=4 hc_post=0.020 ms
ds4: metal layer stage part=attn layer=8 pos=36 tokens=4 row_hc_f16_rows=0.194 ms
ds4: metal layer stage part=attn layer=8 pos=36 tokens=4 q_path=0.582 ms
ds4: metal layer stage part=attn layer=8 pos=36 tokens=4 kv_path=0.217 ms
ds4: metal layer stage part=attn layer=8 pos=36 tokens=4 compressor=0.271 ms
ds4: metal layer stage part=attn layer=8 pos=36 tokens=4 indexer_setup=0.019 ms
ds4: metal layer stage part=attn layer=8 pos=36 tokens=4 attention=0.586 ms
ds4: metal layer stage part=attn layer=8 pos=36 tokens=4 row_output_hc=0.475 ms
ds4: metal layer stage part=attn layer=8 pos=36 tokens=4 hc_post=0.025 ms
ds4: metal layer stage part=ffn layer=8 pos=36 tokens=4 router=0.022 ms
ds4: metal layer stage part=ffn layer=8 pos=36 tokens=4 routed_moe=0.027 ms
ds4: metal layer stage part=ffn layer=8 pos=36 tokens=4 shared_gate_up=0.020 ms
ds4: metal layer stage part=ffn layer=8 pos=36 tokens=4 shared_down=0.255 ms
ds4: metal layer stage part=ffn layer=8 pos=36 tokens=4 hc_post=0.025 ms
ds4: metal layer stage part=attn layer=9 pos=36 tokens=4 row_hc_f16_rows=0.240 ms
ds4: metal layer stage part=attn layer=9 pos=36 tokens=4 q_path=0.518 ms
ds4: metal layer stage part=attn layer=9 pos=36 tokens=4 kv_path=0.281 ms
ds4: metal layer stage part=attn layer=9 pos=36 tokens=4 compressor=0.022 ms
ds4: metal layer stage part=attn layer=9 pos=36 tokens=4 attention=0.532 ms
ds4: metal layer stage part=attn layer=9 pos=36 tokens=4 row_output_hc=0.513 ms
ds4: metal layer stage part=attn layer=9 pos=36 tokens=4 hc_post=0.023 ms
ds4: metal layer stage part=ffn layer=9 pos=36 tokens=4 router=0.017 ms
ds4: metal layer stage part=ffn layer=9 pos=36 tokens=4 routed_moe=0.035 ms
ds4: metal layer stage part=ffn layer=9 pos=36 tokens=4 shared_gate_up=0.024 ms
ds4: metal layer stage part=ffn layer=9 pos=36 tokens=4 shared_down=0.297 ms
ds4: metal layer stage part=ffn layer=9 pos=36 tokens=4 hc_post=0.020 ms
ds4: metal layer stage part=attn layer=10 pos=36 tokens=4 row_hc_f16_rows=0.211 ms
ds4: metal layer stage part=attn layer=10 pos=36 tokens=4 q_path=0.553 ms
ds4: metal layer stage part=attn layer=10 pos=36 tokens=4 kv_path=0.276 ms
ds4: metal layer stage part=attn layer=10 pos=36 tokens=4 compressor=0.245 ms
ds4: metal layer stage part=attn layer=10 pos=36 tokens=4 indexer_setup=0.021 ms
ds4: metal layer stage part=attn layer=10 pos=36 tokens=4 attention=0.583 ms
ds4: metal layer stage part=attn layer=10 pos=36 tokens=4 row_output_hc=0.469 ms
ds4: metal layer stage part=attn layer=10 pos=36 tokens=4 hc_post=0.027 ms
ds4: metal layer stage part=ffn layer=10 pos=36 tokens=4 router=0.019 ms
ds4: metal layer stage part=ffn layer=10 pos=36 tokens=4 routed_moe=0.028 ms
ds4: metal layer stage part=ffn layer=10 pos=36 tokens=4 shared_gate_up=0.021 ms
ds4: metal layer stage part=ffn layer=10 pos=36 tokens=4 shared_down=0.258 ms
ds4: metal layer stage part=ffn layer=10 pos=36 tokens=4 hc_post=0.032 ms
ds4: metal layer stage part=attn layer=11 pos=36 tokens=4 row_hc_f16_rows=0.222 ms
ds4: metal layer stage part=attn layer=11 pos=36 tokens=4 q_path=0.503 ms
ds4: metal layer stage part=attn layer=11 pos=36 tokens=4 kv_path=0.280 ms
ds4: metal layer stage part=attn layer=11 pos=36 tokens=4 compressor=0.021 ms
ds4: metal layer stage part=attn layer=11 pos=36 tokens=4 attention=0.579 ms
ds4: metal layer stage part=attn layer=11 pos=36 tokens=4 row_output_hc=0.491 ms
ds4: metal layer stage part=attn layer=11 pos=36 tokens=4 hc_post=0.027 ms
ds4: metal layer stage part=ffn layer=11 pos=36 tokens=4 router=0.026 ms
ds4: metal layer stage part=ffn layer=11 pos=36 tokens=4 routed_moe=0.024 ms
ds4: metal layer stage part=ffn layer=11 pos=36 tokens=4 shared_gate_up=0.025 ms
ds4: metal layer stage part=ffn layer=11 pos=36 tokens=4 shared_down=0.473 ms
ds4: metal layer stage part=ffn layer=11 pos=36 tokens=4 hc_post=0.034 ms
ds4: metal layer stage part=attn layer=12 pos=36 tokens=4 row_hc_f16_rows=0.397 ms
ds4: metal layer stage part=attn layer=12 pos=36 tokens=4 q_path=0.553 ms
ds4: metal layer stage part=attn layer=12 pos=36 tokens=4 kv_path=0.222 ms
ds4: metal layer stage part=attn layer=12 pos=36 tokens=4 compressor=0.242 ms
ds4: metal layer stage part=attn layer=12 pos=36 tokens=4 indexer_setup=0.021 ms
ds4: metal layer stage part=attn layer=12 pos=36 tokens=4 attention=0.571 ms
ds4: metal layer stage part=attn layer=12 pos=36 tokens=4 row_output_hc=0.467 ms
ds4: metal layer stage part=attn layer=12 pos=36 tokens=4 hc_post=0.022 ms
ds4: metal layer stage part=ffn layer=12 pos=36 tokens=4 router=0.018 ms
ds4: metal layer stage part=ffn layer=12 pos=36 tokens=4 routed_moe=0.031 ms
ds4: metal layer stage part=ffn layer=12 pos=36 tokens=4 shared_gate_up=0.017 ms
ds4: metal layer stage part=ffn layer=12 pos=36 tokens=4 shared_down=0.268 ms
ds4: metal layer stage part=ffn layer=12 pos=36 tokens=4 hc_post=0.022 ms
ds4: metal layer stage part=attn layer=13 pos=36 tokens=4 row_hc_f16_rows=0.241 ms
ds4: metal layer stage part=attn layer=13 pos=36 tokens=4 q_path=0.516 ms
ds4: metal layer stage part=attn layer=13 pos=36 tokens=4 kv_path=0.180 ms
ds4: metal layer stage part=attn layer=13 pos=36 tokens=4 compressor=0.023 ms
ds4: metal layer stage part=attn layer=13 pos=36 tokens=4 attention=0.588 ms
ds4: metal layer stage part=attn layer=13 pos=36 tokens=4 row_output_hc=0.516 ms
ds4: metal layer stage part=attn layer=13 pos=36 tokens=4 hc_post=0.025 ms
ds4: metal layer stage part=ffn layer=13 pos=36 tokens=4 router=0.018 ms
ds4: metal layer stage part=ffn layer=13 pos=36 tokens=4 routed_moe=0.032 ms
ds4: metal layer stage part=ffn layer=13 pos=36 tokens=4 shared_gate_up=0.020 ms
ds4: metal layer stage part=ffn layer=13 pos=36 tokens=4 shared_down=0.251 ms
ds4: metal layer stage part=ffn layer=13 pos=36 tokens=4 hc_post=0.020 ms
ds4: metal layer stage part=attn layer=14 pos=36 tokens=4 row_hc_f16_rows=0.217 ms
ds4: metal layer stage part=attn layer=14 pos=36 tokens=4 q_path=0.481 ms
ds4: metal layer stage part=attn layer=14 pos=36 tokens=4 kv_path=0.261 ms
ds4: metal layer stage part=attn layer=14 pos=36 tokens=4 compressor=0.279 ms
ds4: metal layer stage part=attn layer=14 pos=36 tokens=4 indexer_setup=0.023 ms
ds4: metal layer stage part=attn layer=14 pos=36 tokens=4 attention=0.576 ms
ds4: metal layer stage part=attn layer=14 pos=36 tokens=4 row_output_hc=0.464 ms
ds4: metal layer stage part=attn layer=14 pos=36 tokens=4 hc_post=0.022 ms
ds4: metal layer stage part=ffn layer=14 pos=36 tokens=4 router=0.020 ms
ds4: metal layer stage part=ffn layer=14 pos=36 tokens=4 routed_moe=0.027 ms
ds4: metal layer stage part=ffn layer=14 pos=36 tokens=4 shared_gate_up=0.024 ms
ds4: metal layer stage part=ffn layer=14 pos=36 tokens=4 shared_down=0.257 ms
ds4: metal layer stage part=ffn layer=14 pos=36 tokens=4 hc_post=0.021 ms
ds4: metal layer stage part=attn layer=15 pos=36 tokens=4 row_hc_f16_rows=0.236 ms
ds4: metal layer stage part=attn layer=15 pos=36 tokens=4 q_path=0.510 ms
ds4: metal layer stage part=attn layer=15 pos=36 tokens=4 kv_path=0.264 ms
ds4: metal layer stage part=attn layer=15 pos=36 tokens=4 compressor=0.023 ms
ds4: metal layer stage part=attn layer=15 pos=36 tokens=4 attention=0.559 ms
ds4: metal layer stage part=attn layer=15 pos=36 tokens=4 row_output_hc=0.535 ms
ds4: metal layer stage part=attn layer=15 pos=36 tokens=4 hc_post=0.029 ms
ds4: metal layer stage part=ffn layer=15 pos=36 tokens=4 router=0.018 ms
ds4: metal layer stage part=ffn layer=15 pos=36 tokens=4 routed_moe=0.027 ms
ds4: metal layer stage part=ffn layer=15 pos=36 tokens=4 shared_gate_up=0.024 ms
ds4: metal layer stage part=ffn layer=15 pos=36 tokens=4 shared_down=0.264 ms
ds4: metal layer stage part=ffn layer=15 pos=36 tokens=4 hc_post=0.022 ms
ds4: metal layer stage part=attn layer=16 pos=36 tokens=4 row_hc_f16_rows=0.244 ms
ds4: metal layer stage part=attn layer=16 pos=36 tokens=4 q_path=0.505 ms
ds4: metal layer stage part=attn layer=16 pos=36 tokens=4 kv_path=0.261 ms
ds4: metal layer stage part=attn layer=16 pos=36 tokens=4 compressor=0.313 ms
ds4: metal layer stage part=attn layer=16 pos=36 tokens=4 indexer_setup=0.019 ms
ds4: metal layer stage part=attn layer=16 pos=36 tokens=4 attention=0.605 ms
ds4: metal layer stage part=attn layer=16 pos=36 tokens=4 row_output_hc=0.509 ms
ds4: metal layer stage part=attn layer=16 pos=36 tokens=4 hc_post=0.019 ms
ds4: metal layer stage part=ffn layer=16 pos=36 tokens=4 router=0.018 ms
ds4: metal layer stage part=ffn layer=16 pos=36 tokens=4 routed_moe=0.023 ms
ds4: metal layer stage part=ffn layer=16 pos=36 tokens=4 shared_gate_up=0.028 ms
ds4: metal layer stage part=ffn layer=16 pos=36 tokens=4 shared_down=0.266 ms
ds4: metal layer stage part=ffn layer=16 pos=36 tokens=4 hc_post=0.019 ms
ds4: metal layer stage part=attn layer=17 pos=36 tokens=4 row_hc_f16_rows=0.249 ms
ds4: metal layer stage part=attn layer=17 pos=36 tokens=4 q_path=0.502 ms
ds4: metal layer stage part=attn layer=17 pos=36 tokens=4 kv_path=0.274 ms
ds4: metal layer stage part=attn layer=17 pos=36 tokens=4 compressor=0.023 ms
ds4: metal layer stage part=attn layer=17 pos=36 tokens=4 attention=0.539 ms
ds4: metal layer stage part=attn layer=17 pos=36 tokens=4 row_output_hc=0.586 ms
ds4: metal layer stage part=attn layer=17 pos=36 tokens=4 hc_post=0.030 ms
ds4: metal layer stage part=ffn layer=17 pos=36 tokens=4 router=0.019 ms
ds4: metal layer stage part=ffn layer=17 pos=36 tokens=4 routed_moe=0.034 ms
ds4: metal layer stage part=ffn layer=17 pos=36 tokens=4 shared_gate_up=0.019 ms
ds4: metal layer stage part=ffn layer=17 pos=36 tokens=4 shared_down=0.262 ms
ds4: metal layer stage part=ffn layer=17 pos=36 tokens=4 hc_post=0.019 ms
ds4: metal layer stage part=attn layer=18 pos=36 tokens=4 row_hc_f16_rows=0.231 ms
ds4: metal layer stage part=attn layer=18 pos=36 tokens=4 q_path=0.585 ms
ds4: metal layer stage part=attn layer=18 pos=36 tokens=4 kv_path=0.244 ms
ds4: metal layer stage part=attn layer=18 pos=36 tokens=4 compressor=0.299 ms
ds4: metal layer stage part=attn layer=18 pos=36 tokens=4 indexer_setup=0.020 ms
ds4: metal layer stage part=attn layer=18 pos=36 tokens=4 attention=0.571 ms
ds4: metal layer stage part=attn layer=18 pos=36 tokens=4 row_output_hc=0.500 ms
ds4: metal layer stage part=attn layer=18 pos=36 tokens=4 hc_post=0.061 ms
ds4: metal layer stage part=ffn layer=18 pos=36 tokens=4 router=0.019 ms
ds4: metal layer stage part=ffn layer=18 pos=36 tokens=4 routed_moe=0.030 ms
ds4: metal layer stage part=ffn layer=18 pos=36 tokens=4 shared_gate_up=0.016 ms
ds4: metal layer stage part=ffn layer=18 pos=36 tokens=4 shared_down=0.265 ms
ds4: metal layer stage part=ffn layer=18 pos=36 tokens=4 hc_post=0.029 ms
ds4: metal layer stage part=attn layer=19 pos=36 tokens=4 row_hc_f16_rows=0.234 ms
ds4: metal layer stage part=attn layer=19 pos=36 tokens=4 q_path=0.554 ms
ds4: metal layer stage part=attn layer=19 pos=36 tokens=4 kv_path=0.246 ms
ds4: metal layer stage part=attn layer=19 pos=36 tokens=4 compressor=0.020 ms
ds4: metal layer stage part=attn layer=19 pos=36 tokens=4 attention=0.550 ms
ds4: metal layer stage part=attn layer=19 pos=36 tokens=4 row_output_hc=0.576 ms
ds4: metal layer stage part=attn layer=19 pos=36 tokens=4 hc_post=0.032 ms
ds4: metal layer stage part=ffn layer=19 pos=36 tokens=4 router=0.017 ms
ds4: metal layer stage part=ffn layer=19 pos=36 tokens=4 routed_moe=0.034 ms
ds4: metal layer stage part=ffn layer=19 pos=36 tokens=4 shared_gate_up=0.020 ms
ds4: metal layer stage part=ffn layer=19 pos=36 tokens=4 shared_down=0.335 ms
ds4: metal layer stage part=ffn layer=19 pos=36 tokens=4 hc_post=0.020 ms
ds4: metal layer stage part=attn layer=20 pos=36 tokens=4 row_hc_f16_rows=0.211 ms
ds4: metal layer stage part=attn layer=20 pos=36 tokens=4 q_path=0.541 ms
ds4: metal layer stage part=attn layer=20 pos=36 tokens=4 kv_path=0.300 ms
ds4: metal layer stage part=attn layer=20 pos=36 tokens=4 compressor=0.285 ms
ds4: metal layer stage part=attn layer=20 pos=36 tokens=4 indexer_setup=0.025 ms
ds4: metal layer stage part=attn layer=20 pos=36 tokens=4 attention=0.638 ms
ds4: metal layer stage part=attn layer=20 pos=36 tokens=4 row_output_hc=0.494 ms
ds4: metal layer stage part=attn layer=20 pos=36 tokens=4 hc_post=0.025 ms
ds4: metal layer stage part=ffn layer=20 pos=36 tokens=4 router=0.017 ms
ds4: metal layer stage part=ffn layer=20 pos=36 tokens=4 routed_moe=0.031 ms
ds4: metal layer stage part=ffn layer=20 pos=36 tokens=4 shared_gate_up=0.023 ms
ds4: metal layer stage part=ffn layer=20 pos=36 tokens=4 shared_down=0.257 ms
ds4: metal layer stage part=ffn layer=20 pos=36 tokens=4 hc_post=0.027 ms
ds4: metal layer stage part=attn layer=21 pos=36 tokens=4 row_hc_f16_rows=0.190 ms
ds4: metal layer stage part=attn layer=21 pos=36 tokens=4 q_path=0.544 ms
ds4: metal layer stage part=attn layer=21 pos=36 tokens=4 kv_path=0.237 ms
ds4: metal layer stage part=attn layer=21 pos=36 tokens=4 compressor=0.022 ms
ds4: metal layer stage part=attn layer=21 pos=36 tokens=4 attention=0.571 ms
ds4: metal layer stage part=attn layer=21 pos=36 tokens=4 row_output_hc=0.490 ms
ds4: metal layer stage part=attn layer=21 pos=36 tokens=4 hc_post=0.027 ms
ds4: metal layer stage part=ffn layer=21 pos=36 tokens=4 router=0.018 ms
ds4: metal layer stage part=ffn layer=21 pos=36 tokens=4 routed_moe=0.027 ms
ds4: metal layer stage part=ffn layer=21 pos=36 tokens=4 shared_gate_up=0.022 ms
ds4: metal layer stage part=ffn layer=21 pos=36 tokens=4 shared_down=0.326 ms
ds4: metal layer stage part=ffn layer=21 pos=36 tokens=4 hc_post=0.024 ms
ds4: metal layer stage part=attn layer=22 pos=36 tokens=4 row_hc_f16_rows=0.207 ms
ds4: metal layer stage part=attn layer=22 pos=36 tokens=4 q_path=0.527 ms
ds4: metal layer stage part=attn layer=22 pos=36 tokens=4 kv_path=0.274 ms
ds4: metal layer stage part=attn layer=22 pos=36 tokens=4 compressor=0.320 ms
ds4: metal layer stage part=attn layer=22 pos=36 tokens=4 indexer_setup=0.023 ms
ds4: metal layer stage part=attn layer=22 pos=36 tokens=4 attention=0.580 ms
ds4: metal layer stage part=attn layer=22 pos=36 tokens=4 row_output_hc=0.473 ms
ds4: metal layer stage part=attn layer=22 pos=36 tokens=4 hc_post=0.035 ms
ds4: metal layer stage part=ffn layer=22 pos=36 tokens=4 router=0.018 ms
ds4: metal layer stage part=ffn layer=22 pos=36 tokens=4 routed_moe=0.028 ms
ds4: metal layer stage part=ffn layer=22 pos=36 tokens=4 shared_gate_up=0.024 ms
ds4: metal layer stage part=ffn layer=22 pos=36 tokens=4 shared_down=0.259 ms
ds4: metal layer stage part=ffn layer=22 pos=36 tokens=4 hc_post=0.023 ms
ds4: metal layer stage part=attn layer=23 pos=36 tokens=4 row_hc_f16_rows=0.231 ms
ds4: metal layer stage part=attn layer=23 pos=36 tokens=4 q_path=0.535 ms
ds4: metal layer stage part=attn layer=23 pos=36 tokens=4 kv_path=0.291 ms
ds4: metal layer stage part=attn layer=23 pos=36 tokens=4 compressor=0.026 ms
ds4: metal layer stage part=attn layer=23 pos=36 tokens=4 attention=0.526 ms
ds4: metal layer stage part=attn layer=23 pos=36 tokens=4 row_output_hc=0.560 ms
ds4: metal layer stage part=attn layer=23 pos=36 tokens=4 hc_post=0.026 ms
ds4: metal layer stage part=ffn layer=23 pos=36 tokens=4 router=0.022 ms
ds4: metal layer stage part=ffn layer=23 pos=36 tokens=4 routed_moe=0.024 ms
ds4: metal layer stage part=ffn layer=23 pos=36 tokens=4 shared_gate_up=0.024 ms
ds4: metal layer stage part=ffn layer=23 pos=36 tokens=4 shared_down=0.256 ms
ds4: metal layer stage part=ffn layer=23 pos=36 tokens=4 hc_post=0.025 ms
ds4: metal layer stage part=attn layer=24 pos=36 tokens=4 row_hc_f16_rows=0.252 ms
ds4: metal layer stage part=attn layer=24 pos=36 tokens=4 q_path=0.502 ms
ds4: metal layer stage part=attn layer=24 pos=36 tokens=4 kv_path=0.272 ms
ds4: metal layer stage part=attn layer=24 pos=36 tokens=4 compressor=0.294 ms
ds4: metal layer stage part=attn layer=24 pos=36 tokens=4 indexer_setup=0.020 ms
ds4: metal layer stage part=attn layer=24 pos=36 tokens=4 attention=0.569 ms
ds4: metal layer stage part=attn layer=24 pos=36 tokens=4 row_output_hc=0.513 ms
ds4: metal layer stage part=attn layer=24 pos=36 tokens=4 hc_post=0.028 ms
ds4: metal layer stage part=ffn layer=24 pos=36 tokens=4 router=0.034 ms
ds4: metal layer stage part=ffn layer=24 pos=36 tokens=4 routed_moe=0.038 ms
ds4: metal layer stage part=ffn layer=24 pos=36 tokens=4 shared_gate_up=0.034 ms
ds4: metal layer stage part=ffn layer=24 pos=36 tokens=4 shared_down=0.375 ms
ds4: metal layer stage part=ffn layer=24 pos=36 tokens=4 hc_post=0.025 ms
ds4: metal layer stage part=attn layer=25 pos=36 tokens=4 row_hc_f16_rows=0.231 ms
ds4: metal layer stage part=attn layer=25 pos=36 tokens=4 q_path=0.577 ms
ds4: metal layer stage part=attn layer=25 pos=36 tokens=4 kv_path=0.202 ms
ds4: metal layer stage part=attn layer=25 pos=36 tokens=4 compressor=0.030 ms
ds4: metal layer stage part=attn layer=25 pos=36 tokens=4 attention=0.569 ms
ds4: metal layer stage part=attn layer=25 pos=36 tokens=4 row_output_hc=0.501 ms
ds4: metal layer stage part=attn layer=25 pos=36 tokens=4 hc_post=0.032 ms
ds4: metal layer stage part=ffn layer=25 pos=36 tokens=4 router=0.020 ms
ds4: metal layer stage part=ffn layer=25 pos=36 tokens=4 routed_moe=0.032 ms
ds4: metal layer stage part=ffn layer=25 pos=36 tokens=4 shared_gate_up=0.023 ms
ds4: metal layer stage part=ffn layer=25 pos=36 tokens=4 shared_down=0.260 ms
ds4: metal layer stage part=ffn layer=25 pos=36 tokens=4 hc_post=0.029 ms
ds4: metal layer stage part=attn layer=26 pos=36 tokens=4 row_hc_f16_rows=0.215 ms
ds4: metal layer stage part=attn layer=26 pos=36 tokens=4 q_path=0.527 ms
ds4: metal layer stage part=attn layer=26 pos=36 tokens=4 kv_path=0.290 ms
ds4: metal layer stage part=attn layer=26 pos=36 tokens=4 compressor=0.282 ms
ds4: metal layer stage part=attn layer=26 pos=36 tokens=4 indexer_setup=0.023 ms
ds4: metal layer stage part=attn layer=26 pos=36 tokens=4 attention=0.723 ms
ds4: metal layer stage part=attn layer=26 pos=36 tokens=4 row_output_hc=0.517 ms
ds4: metal layer stage part=attn layer=26 pos=36 tokens=4 hc_post=0.024 ms
ds4: metal layer stage part=ffn layer=26 pos=36 tokens=4 router=0.019 ms
ds4: metal layer stage part=ffn layer=26 pos=36 tokens=4 routed_moe=0.024 ms
ds4: metal layer stage part=ffn layer=26 pos=36 tokens=4 shared_gate_up=0.023 ms
ds4: metal layer stage part=ffn layer=26 pos=36 tokens=4 shared_down=0.278 ms
ds4: metal layer stage part=ffn layer=26 pos=36 tokens=4 hc_post=0.026 ms
ds4: metal layer stage part=attn layer=27 pos=36 tokens=4 row_hc_f16_rows=0.211 ms
ds4: metal layer stage part=attn layer=27 pos=36 tokens=4 q_path=0.569 ms
ds4: metal layer stage part=attn layer=27 pos=36 tokens=4 kv_path=0.257 ms
ds4: metal layer stage part=attn layer=27 pos=36 tokens=4 compressor=0.023 ms
ds4: metal layer stage part=attn layer=27 pos=36 tokens=4 attention=0.548 ms
ds4: metal layer stage part=attn layer=27 pos=36 tokens=4 row_output_hc=0.483 ms
ds4: metal layer stage part=attn layer=27 pos=36 tokens=4 hc_post=0.024 ms
ds4: metal layer stage part=ffn layer=27 pos=36 tokens=4 router=0.019 ms
ds4: metal layer stage part=ffn layer=27 pos=36 tokens=4 routed_moe=0.033 ms
ds4: metal layer stage part=ffn layer=27 pos=36 tokens=4 shared_gate_up=0.015 ms
ds4: metal layer stage part=ffn layer=27 pos=36 tokens=4 shared_down=0.268 ms
ds4: metal layer stage part=ffn layer=27 pos=36 tokens=4 hc_post=0.032 ms
ds4: metal layer stage part=attn layer=28 pos=36 tokens=4 row_hc_f16_rows=0.203 ms
ds4: metal layer stage part=attn layer=28 pos=36 tokens=4 q_path=0.495 ms
ds4: metal layer stage part=attn layer=28 pos=36 tokens=4 kv_path=0.220 ms
ds4: metal layer stage part=attn layer=28 pos=36 tokens=4 compressor=0.248 ms
ds4: metal layer stage part=attn layer=28 pos=36 tokens=4 indexer_setup=0.032 ms
ds4: metal layer stage part=attn layer=28 pos=36 tokens=4 attention=0.630 ms
ds4: metal layer stage part=attn layer=28 pos=36 tokens=4 row_output_hc=0.519 ms
ds4: metal layer stage part=attn layer=28 pos=36 tokens=4 hc_post=0.023 ms
ds4: metal layer stage part=ffn layer=28 pos=36 tokens=4 router=0.021 ms
ds4: metal layer stage part=ffn layer=28 pos=36 tokens=4 routed_moe=0.027 ms
ds4: metal layer stage part=ffn layer=28 pos=36 tokens=4 shared_gate_up=0.025 ms
ds4: metal layer stage part=ffn layer=28 pos=36 tokens=4 shared_down=0.253 ms
ds4: metal layer stage part=ffn layer=28 pos=36 tokens=4 hc_post=0.030 ms
ds4: metal layer stage part=attn layer=29 pos=36 tokens=4 row_hc_f16_rows=0.257 ms
ds4: metal layer stage part=attn layer=29 pos=36 tokens=4 q_path=0.506 ms
ds4: metal layer stage part=attn layer=29 pos=36 tokens=4 kv_path=0.250 ms
ds4: metal layer stage part=attn layer=29 pos=36 tokens=4 compressor=0.030 ms
ds4: metal layer stage part=attn layer=29 pos=36 tokens=4 attention=0.631 ms
ds4: metal layer stage part=attn layer=29 pos=36 tokens=4 row_output_hc=0.531 ms
ds4: metal layer stage part=attn layer=29 pos=36 tokens=4 hc_post=0.049 ms
ds4: metal layer stage part=ffn layer=29 pos=36 tokens=4 router=0.018 ms
ds4: metal layer stage part=ffn layer=29 pos=36 tokens=4 routed_moe=0.029 ms
ds4: metal layer stage part=ffn layer=29 pos=36 tokens=4 shared_gate_up=0.027 ms
ds4: metal layer stage part=ffn layer=29 pos=36 tokens=4 shared_down=0.264 ms
ds4: metal layer stage part=ffn layer=29 pos=36 tokens=4 hc_post=0.019 ms
ds4: metal layer stage part=attn layer=30 pos=36 tokens=4 row_hc_f16_rows=0.229 ms
ds4: metal layer stage part=attn layer=30 pos=36 tokens=4 q_path=0.592 ms
ds4: metal layer stage part=attn layer=30 pos=36 tokens=4 kv_path=0.255 ms
ds4: metal layer stage part=attn layer=30 pos=36 tokens=4 compressor=0.312 ms
ds4: metal layer stage part=attn layer=30 pos=36 tokens=4 indexer_setup=0.021 ms
ds4: metal layer stage part=attn layer=30 pos=36 tokens=4 attention=0.585 ms
ds4: metal layer stage part=attn layer=30 pos=36 tokens=4 row_output_hc=0.468 ms
ds4: metal layer stage part=attn layer=30 pos=36 tokens=4 hc_post=0.029 ms
ds4: metal layer stage part=ffn layer=30 pos=36 tokens=4 router=0.025 ms
ds4: metal layer stage part=ffn layer=30 pos=36 tokens=4 routed_moe=0.030 ms
ds4: metal layer stage part=ffn layer=30 pos=36 tokens=4 shared_gate_up=0.018 ms
ds4: metal layer stage part=ffn layer=30 pos=36 tokens=4 shared_down=0.326 ms
ds4: metal layer stage part=ffn layer=30 pos=36 tokens=4 hc_post=0.020 ms
ds4: metal layer stage part=attn layer=31 pos=36 tokens=4 row_hc_f16_rows=0.222 ms
ds4: metal layer stage part=attn layer=31 pos=36 tokens=4 q_path=0.518 ms
ds4: metal layer stage part=attn layer=31 pos=36 tokens=4 kv_path=0.286 ms
ds4: metal layer stage part=attn layer=31 pos=36 tokens=4 compressor=0.031 ms
ds4: metal layer stage part=attn layer=31 pos=36 tokens=4 attention=0.527 ms
ds4: metal layer stage part=attn layer=31 pos=36 tokens=4 row_output_hc=0.494 ms
ds4: metal layer stage part=attn layer=31 pos=36 tokens=4 hc_post=0.026 ms
ds4: metal layer stage part=ffn layer=31 pos=36 tokens=4 router=0.019 ms
ds4: metal layer stage part=ffn layer=31 pos=36 tokens=4 routed_moe=0.037 ms
ds4: metal layer stage part=ffn layer=31 pos=36 tokens=4 shared_gate_up=0.025 ms
ds4: metal layer stage part=ffn layer=31 pos=36 tokens=4 shared_down=0.318 ms
ds4: metal layer stage part=ffn layer=31 pos=36 tokens=4 hc_post=0.029 ms
ds4: metal layer stage part=attn layer=32 pos=36 tokens=4 row_hc_f16_rows=0.200 ms
ds4: metal layer stage part=attn layer=32 pos=36 tokens=4 q_path=0.516 ms
ds4: metal layer stage part=attn layer=32 pos=36 tokens=4 kv_path=0.262 ms
ds4: metal layer stage part=attn layer=32 pos=36 tokens=4 compressor=0.304 ms
ds4: metal layer stage part=attn layer=32 pos=36 tokens=4 indexer_setup=0.030 ms
ds4: metal layer stage part=attn layer=32 pos=36 tokens=4 attention=0.568 ms
ds4: metal layer stage part=attn layer=32 pos=36 tokens=4 row_output_hc=0.471 ms
ds4: metal layer stage part=attn layer=32 pos=36 tokens=4 hc_post=0.027 ms
ds4: metal layer stage part=ffn layer=32 pos=36 tokens=4 router=0.019 ms
ds4: metal layer stage part=ffn layer=32 pos=36 tokens=4 routed_moe=0.029 ms
ds4: metal layer stage part=ffn layer=32 pos=36 tokens=4 shared_gate_up=0.024 ms
ds4: metal layer stage part=ffn layer=32 pos=36 tokens=4 shared_down=0.300 ms
ds4: metal layer stage part=ffn layer=32 pos=36 tokens=4 hc_post=0.024 ms
ds4: metal layer stage part=attn layer=33 pos=36 tokens=4 row_hc_f16_rows=0.217 ms
ds4: metal layer stage part=attn layer=33 pos=36 tokens=4 q_path=0.575 ms
ds4: metal layer stage part=attn layer=33 pos=36 tokens=4 kv_path=0.258 ms
ds4: metal layer stage part=attn layer=33 pos=36 tokens=4 compressor=0.019 ms
ds4: metal layer stage part=attn layer=33 pos=36 tokens=4 attention=0.557 ms
ds4: metal layer stage part=attn layer=33 pos=36 tokens=4 row_output_hc=0.449 ms
ds4: metal layer stage part=attn layer=33 pos=36 tokens=4 hc_post=0.023 ms
ds4: metal layer stage part=ffn layer=33 pos=36 tokens=4 router=0.019 ms
ds4: metal layer stage part=ffn layer=33 pos=36 tokens=4 routed_moe=0.027 ms
ds4: metal layer stage part=ffn layer=33 pos=36 tokens=4 shared_gate_up=0.023 ms
ds4: metal layer stage part=ffn layer=33 pos=36 tokens=4 shared_down=0.262 ms
ds4: metal layer stage part=ffn layer=33 pos=36 tokens=4 hc_post=0.021 ms
ds4: metal layer stage part=attn layer=34 pos=36 tokens=4 row_hc_f16_rows=0.270 ms
ds4: metal layer stage part=attn layer=34 pos=36 tokens=4 q_path=0.490 ms
ds4: metal layer stage part=attn layer=34 pos=36 tokens=4 kv_path=0.266 ms
ds4: metal layer stage part=attn layer=34 pos=36 tokens=4 compressor=0.298 ms
ds4: metal layer stage part=attn layer=34 pos=36 tokens=4 indexer_setup=0.025 ms
ds4: metal layer stage part=attn layer=34 pos=36 tokens=4 attention=0.572 ms
ds4: metal layer stage part=attn layer=34 pos=36 tokens=4 row_output_hc=0.526 ms
ds4: metal layer stage part=attn layer=34 pos=36 tokens=4 hc_post=0.022 ms
ds4: metal layer stage part=ffn layer=34 pos=36 tokens=4 router=0.021 ms
ds4: metal layer stage part=ffn layer=34 pos=36 tokens=4 routed_moe=0.032 ms
ds4: metal layer stage part=ffn layer=34 pos=36 tokens=4 shared_gate_up=0.016 ms
ds4: metal layer stage part=ffn layer=34 pos=36 tokens=4 shared_down=0.258 ms
ds4: metal layer stage part=ffn layer=34 pos=36 tokens=4 hc_post=0.019 ms
ds4: metal layer stage part=attn layer=35 pos=36 tokens=4 row_hc_f16_rows=0.253 ms
ds4: metal layer stage part=attn layer=35 pos=36 tokens=4 q_path=0.531 ms
ds4: metal layer stage part=attn layer=35 pos=36 tokens=4 kv_path=0.236 ms
ds4: metal layer stage part=attn layer=35 pos=36 tokens=4 compressor=0.019 ms
ds4: metal layer stage part=attn layer=35 pos=36 tokens=4 attention=0.562 ms
ds4: metal layer stage part=attn layer=35 pos=36 tokens=4 row_output_hc=0.664 ms
ds4: metal layer stage part=attn layer=35 pos=36 tokens=4 hc_post=0.046 ms
ds4: metal layer stage part=ffn layer=35 pos=36 tokens=4 router=0.018 ms
ds4: metal layer stage part=ffn layer=35 pos=36 tokens=4 routed_moe=0.037 ms
ds4: metal layer stage part=ffn layer=35 pos=36 tokens=4 shared_gate_up=0.023 ms
ds4: metal layer stage part=ffn layer=35 pos=36 tokens=4 shared_down=0.229 ms
ds4: metal layer stage part=ffn layer=35 pos=36 tokens=4 hc_post=0.024 ms
ds4: metal layer stage part=attn layer=36 pos=36 tokens=4 row_hc_f16_rows=0.220 ms
ds4: metal layer stage part=attn layer=36 pos=36 tokens=4 q_path=0.471 ms
ds4: metal layer stage part=attn layer=36 pos=36 tokens=4 kv_path=0.225 ms
ds4: metal layer stage part=attn layer=36 pos=36 tokens=4 compressor=0.296 ms
ds4: metal layer stage part=attn layer=36 pos=36 tokens=4 indexer_setup=0.020 ms
ds4: metal layer stage part=attn layer=36 pos=36 tokens=4 attention=0.599 ms
ds4: metal layer stage part=attn layer=36 pos=36 tokens=4 row_output_hc=0.689 ms
ds4: metal layer stage part=attn layer=36 pos=36 tokens=4 hc_post=0.044 ms
ds4: metal layer stage part=ffn layer=36 pos=36 tokens=4 router=0.025 ms
ds4: metal layer stage part=ffn layer=36 pos=36 tokens=4 routed_moe=0.024 ms
ds4: metal layer stage part=ffn layer=36 pos=36 tokens=4 shared_gate_up=0.023 ms
ds4: metal layer stage part=ffn layer=36 pos=36 tokens=4 shared_down=0.264 ms
ds4: metal layer stage part=ffn layer=36 pos=36 tokens=4 hc_post=0.023 ms
ds4: metal layer stage part=attn layer=37 pos=36 tokens=4 row_hc_f16_rows=0.179 ms
ds4: metal layer stage part=attn layer=37 pos=36 tokens=4 q_path=0.467 ms
ds4: metal layer stage part=attn layer=37 pos=36 tokens=4 kv_path=0.294 ms
ds4: metal layer stage part=attn layer=37 pos=36 tokens=4 compressor=0.025 ms
ds4: metal layer stage part=attn layer=37 pos=36 tokens=4 attention=0.537 ms
ds4: metal layer stage part=attn layer=37 pos=36 tokens=4 row_output_hc=0.494 ms
ds4: metal layer stage part=attn layer=37 pos=36 tokens=4 hc_post=0.025 ms
ds4: metal layer stage part=ffn layer=37 pos=36 tokens=4 router=0.019 ms
ds4: metal layer stage part=ffn layer=37 pos=36 tokens=4 routed_moe=0.034 ms
ds4: metal layer stage part=ffn layer=37 pos=36 tokens=4 shared_gate_up=0.021 ms
ds4: metal layer stage part=ffn layer=37 pos=36 tokens=4 shared_down=0.259 ms
ds4: metal layer stage part=ffn layer=37 pos=36 tokens=4 hc_post=0.022 ms
ds4: metal layer stage part=attn layer=38 pos=36 tokens=4 row_hc_f16_rows=0.238 ms
ds4: metal layer stage part=attn layer=38 pos=36 tokens=4 q_path=0.498 ms
ds4: metal layer stage part=attn layer=38 pos=36 tokens=4 kv_path=0.273 ms
ds4: metal layer stage part=attn layer=38 pos=36 tokens=4 compressor=0.337 ms
ds4: metal layer stage part=attn layer=38 pos=36 tokens=4 indexer_setup=0.025 ms
ds4: metal layer stage part=attn layer=38 pos=36 tokens=4 attention=0.559 ms
ds4: metal layer stage part=attn layer=38 pos=36 tokens=4 row_output_hc=0.461 ms
ds4: metal layer stage part=attn layer=38 pos=36 tokens=4 hc_post=0.032 ms
ds4: metal layer stage part=ffn layer=38 pos=36 tokens=4 router=0.020 ms
ds4: metal layer stage part=ffn layer=38 pos=36 tokens=4 routed_moe=0.028 ms
ds4: metal layer stage part=ffn layer=38 pos=36 tokens=4 shared_gate_up=0.020 ms
ds4: metal layer stage part=ffn layer=38 pos=36 tokens=4 shared_down=0.260 ms
ds4: metal layer stage part=ffn layer=38 pos=36 tokens=4 hc_post=0.023 ms
ds4: metal layer stage part=attn layer=39 pos=36 tokens=4 row_hc_f16_rows=0.238 ms
ds4: metal layer stage part=attn layer=39 pos=36 tokens=4 q_path=0.521 ms
ds4: metal layer stage part=attn layer=39 pos=36 tokens=4 kv_path=0.266 ms
ds4: metal layer stage part=attn layer=39 pos=36 tokens=4 compressor=0.018 ms
ds4: metal layer stage part=attn layer=39 pos=36 tokens=4 attention=0.637 ms
ds4: metal layer stage part=attn layer=39 pos=36 tokens=4 row_output_hc=0.575 ms
ds4: metal layer stage part=attn layer=39 pos=36 tokens=4 hc_post=0.055 ms
ds4: metal layer stage part=ffn layer=39 pos=36 tokens=4 router=0.017 ms
ds4: metal layer stage part=ffn layer=39 pos=36 tokens=4 routed_moe=0.033 ms
ds4: metal layer stage part=ffn layer=39 pos=36 tokens=4 shared_gate_up=0.021 ms
ds4: metal layer stage part=ffn layer=39 pos=36 tokens=4 shared_down=0.242 ms
ds4: metal layer stage part=ffn layer=39 pos=36 tokens=4 hc_post=0.034 ms
ds4: metal layer stage part=attn layer=40 pos=36 tokens=4 row_hc_f16_rows=0.221 ms
ds4: metal layer stage part=attn layer=40 pos=36 tokens=4 q_path=0.492 ms
ds4: metal layer stage part=attn layer=40 pos=36 tokens=4 kv_path=0.310 ms
ds4: metal layer stage part=attn layer=40 pos=36 tokens=4 compressor=0.229 ms
ds4: metal layer stage part=attn layer=40 pos=36 tokens=4 indexer_setup=0.022 ms
ds4: metal layer stage part=attn layer=40 pos=36 tokens=4 attention=0.722 ms
ds4: metal layer stage part=attn layer=40 pos=36 tokens=4 row_output_hc=0.522 ms
ds4: metal layer stage part=attn layer=40 pos=36 tokens=4 hc_post=0.023 ms
ds4: metal layer stage part=ffn layer=40 pos=36 tokens=4 router=0.017 ms
ds4: metal layer stage part=ffn layer=40 pos=36 tokens=4 routed_moe=0.029 ms
ds4: metal layer stage part=ffn layer=40 pos=36 tokens=4 shared_gate_up=0.022 ms
ds4: metal layer stage part=ffn layer=40 pos=36 tokens=4 shared_down=0.259 ms
ds4: metal layer stage part=ffn layer=40 pos=36 tokens=4 hc_post=0.021 ms
ds4: metal layer stage part=attn layer=41 pos=36 tokens=4 row_hc_f16_rows=0.264 ms
ds4: metal layer stage part=attn layer=41 pos=36 tokens=4 q_path=0.521 ms
ds4: metal layer stage part=attn layer=41 pos=36 tokens=4 kv_path=0.208 ms
ds4: metal layer stage part=attn layer=41 pos=36 tokens=4 compressor=0.029 ms
ds4: metal layer stage part=attn layer=41 pos=36 tokens=4 attention=0.561 ms
ds4: metal layer stage part=attn layer=41 pos=36 tokens=4 row_output_hc=0.524 ms
ds4: metal layer stage part=attn layer=41 pos=36 tokens=4 hc_post=0.026 ms
ds4: metal layer stage part=ffn layer=41 pos=36 tokens=4 router=0.019 ms
ds4: metal layer stage part=ffn layer=41 pos=36 tokens=4 routed_moe=0.034 ms
ds4: metal layer stage part=ffn layer=41 pos=36 tokens=4 shared_gate_up=0.023 ms
ds4: metal layer stage part=ffn layer=41 pos=36 tokens=4 shared_down=0.257 ms
ds4: metal layer stage part=ffn layer=41 pos=36 tokens=4 hc_post=0.027 ms
ds4: metal layer stage part=attn layer=42 pos=36 tokens=4 row_hc_f16_rows=0.313 ms
ds4: metal layer stage part=attn layer=42 pos=36 tokens=4 q_path=0.466 ms
ds4: metal layer stage part=attn layer=42 pos=36 tokens=4 kv_path=0.243 ms
ds4: metal layer stage part=attn layer=42 pos=36 tokens=4 compressor=0.276 ms
ds4: metal layer stage part=attn layer=42 pos=36 tokens=4 indexer_setup=0.019 ms
ds4: metal layer stage part=attn layer=42 pos=36 tokens=4 attention=0.580 ms
ds4: metal layer stage part=attn layer=42 pos=36 tokens=4 row_output_hc=0.456 ms
ds4: metal layer stage part=attn layer=42 pos=36 tokens=4 hc_post=0.026 ms
ds4: metal layer stage part=ffn layer=42 pos=36 tokens=4 router=0.021 ms
ds4: metal layer stage part=ffn layer=42 pos=36 tokens=4 routed_moe=0.028 ms
ds4: metal layer stage part=ffn layer=42 pos=36 tokens=4 shared_gate_up=0.029 ms
ds4: metal layer stage part=ffn layer=42 pos=36 tokens=4 shared_down=0.326 ms
ds4: metal layer stage part=ffn layer=42 pos=36 tokens=4 hc_post=0.023 ms
ds4: dspark hybrid verifier profile n=4 layers=43 exact_prefix=0.000 ms attention=100.254 ms row_ffn_pre=9.574 ms row_router=12.183 ms batch_router=0.000 ms row_routed=34.585 ms row_shared=12.547 ms batch_tail=17.088 ms target_hidden=1.376 ms head=1.481 ms read=0.034 ms total=189.138 ms
ds4: metal layer stage part=attn layer=0 pos=38 tokens=4 row_hc_f16_rows=0.243 ms
ds4: metal layer stage part=attn layer=0 pos=38 tokens=4 q_path=0.502 ms
ds4: metal layer stage part=attn layer=0 pos=38 tokens=4 kv_path=0.284 ms
ds4: metal layer stage part=attn layer=0 pos=38 tokens=4 attention=0.413 ms
ds4: metal layer stage part=attn layer=0 pos=38 tokens=4 row_output_hc=0.509 ms
ds4: metal layer stage part=attn layer=0 pos=38 tokens=4 hc_post=0.022 ms
ds4: metal layer stage part=ffn layer=0 pos=38 tokens=4 router=0.020 ms
ds4: metal layer stage part=ffn layer=0 pos=38 tokens=4 routed_moe=0.027 ms
ds4: metal layer stage part=ffn layer=0 pos=38 tokens=4 shared_gate_up=0.024 ms
ds4: metal layer stage part=ffn layer=0 pos=38 tokens=4 shared_down=0.227 ms
ds4: metal layer stage part=ffn layer=0 pos=38 tokens=4 hc_post=0.029 ms
ds4: metal layer stage part=attn layer=1 pos=38 tokens=4 row_hc_f16_rows=0.220 ms
ds4: metal layer stage part=attn layer=1 pos=38 tokens=4 q_path=0.461 ms
ds4: metal layer stage part=attn layer=1 pos=38 tokens=4 kv_path=0.243 ms
ds4: metal layer stage part=attn layer=1 pos=38 tokens=4 attention=0.432 ms
ds4: metal layer stage part=attn layer=1 pos=38 tokens=4 row_output_hc=0.517 ms
ds4: metal layer stage part=attn layer=1 pos=38 tokens=4 hc_post=0.024 ms
ds4: metal layer stage part=ffn layer=1 pos=38 tokens=4 router=0.019 ms
ds4: metal layer stage part=ffn layer=1 pos=38 tokens=4 routed_moe=0.024 ms
ds4: metal layer stage part=ffn layer=1 pos=38 tokens=4 shared_gate_up=0.017 ms
ds4: metal layer stage part=ffn layer=1 pos=38 tokens=4 shared_down=0.262 ms
ds4: metal layer stage part=ffn layer=1 pos=38 tokens=4 hc_post=0.027 ms
ds4: metal layer stage part=attn layer=2 pos=38 tokens=4 row_hc_f16_rows=0.218 ms
ds4: metal layer stage part=attn layer=2 pos=38 tokens=4 q_path=0.462 ms
ds4: metal layer stage part=attn layer=2 pos=38 tokens=4 kv_path=0.264 ms
ds4: metal layer stage part=attn layer=2 pos=38 tokens=4 compressor=0.279 ms
ds4: metal layer stage part=attn layer=2 pos=38 tokens=4 indexer_setup=0.027 ms
ds4: metal layer stage part=attn layer=2 pos=38 tokens=4 attention=0.628 ms
ds4: metal layer stage part=attn layer=2 pos=38 tokens=4 row_output_hc=0.525 ms
ds4: metal layer stage part=attn layer=2 pos=38 tokens=4 hc_post=0.027 ms
ds4: metal layer stage part=ffn layer=2 pos=38 tokens=4 router=0.019 ms
ds4: metal layer stage part=ffn layer=2 pos=38 tokens=4 routed_moe=0.027 ms
ds4: metal layer stage part=ffn layer=2 pos=38 tokens=4 shared_gate_up=0.019 ms
ds4: metal layer stage part=ffn layer=2 pos=38 tokens=4 shared_down=0.242 ms
ds4: metal layer stage part=ffn layer=2 pos=38 tokens=4 hc_post=0.031 ms
ds4: metal layer stage part=attn layer=3 pos=38 tokens=4 row_hc_f16_rows=0.198 ms
ds4: metal layer stage part=attn layer=3 pos=38 tokens=4 q_path=0.512 ms
ds4: metal layer stage part=attn layer=3 pos=38 tokens=4 kv_path=0.274 ms
ds4: metal layer stage part=attn layer=3 pos=38 tokens=4 compressor=0.025 ms
ds4: metal layer stage part=attn layer=3 pos=38 tokens=4 attention=0.507 ms
ds4: metal layer stage part=attn layer=3 pos=38 tokens=4 row_output_hc=0.551 ms
ds4: metal layer stage part=attn layer=3 pos=38 tokens=4 hc_post=0.053 ms
ds4: metal layer stage part=ffn layer=3 pos=38 tokens=4 router=0.020 ms
ds4: metal layer stage part=ffn layer=3 pos=38 tokens=4 routed_moe=0.027 ms
ds4: metal layer stage part=ffn layer=3 pos=38 tokens=4 shared_gate_up=0.023 ms
ds4: metal layer stage part=ffn layer=3 pos=38 tokens=4 shared_down=0.395 ms
ds4: metal layer stage part=ffn layer=3 pos=38 tokens=4 hc_post=0.025 ms
ds4: metal layer stage part=attn layer=4 pos=38 tokens=4 row_hc_f16_rows=0.230 ms
ds4: metal layer stage part=attn layer=4 pos=38 tokens=4 q_path=0.482 ms
ds4: metal layer stage part=attn layer=4 pos=38 tokens=4 kv_path=0.255 ms
ds4: metal layer stage part=attn layer=4 pos=38 tokens=4 compressor=0.283 ms
ds4: metal layer stage part=attn layer=4 pos=38 tokens=4 indexer_setup=0.032 ms
ds4: metal layer stage part=attn layer=4 pos=38 tokens=4 attention=1.148 ms
ds4: metal layer stage part=attn layer=4 pos=38 tokens=4 row_output_hc=0.544 ms
ds4: metal layer stage part=attn layer=4 pos=38 tokens=4 hc_post=0.057 ms
ds4: metal layer stage part=ffn layer=4 pos=38 tokens=4 router=0.025 ms
ds4: metal layer stage part=ffn layer=4 pos=38 tokens=4 routed_moe=0.028 ms
ds4: metal layer stage part=ffn layer=4 pos=38 tokens=4 shared_gate_up=0.028 ms
ds4: metal layer stage part=ffn layer=4 pos=38 tokens=4 shared_down=0.315 ms
ds4: metal layer stage part=ffn layer=4 pos=38 tokens=4 hc_post=0.024 ms
ds4: metal layer stage part=attn layer=5 pos=38 tokens=4 row_hc_f16_rows=0.209 ms
ds4: metal layer stage part=attn layer=5 pos=38 tokens=4 q_path=0.572 ms
ds4: metal layer stage part=attn layer=5 pos=38 tokens=4 kv_path=0.257 ms
ds4: metal layer stage part=attn layer=5 pos=38 tokens=4 compressor=0.022 ms
ds4: metal layer stage part=attn layer=5 pos=38 tokens=4 attention=0.539 ms
ds4: metal layer stage part=attn layer=5 pos=38 tokens=4 row_output_hc=0.554 ms
ds4: metal layer stage part=attn layer=5 pos=38 tokens=4 hc_post=0.052 ms
ds4: metal layer stage part=ffn layer=5 pos=38 tokens=4 router=0.023 ms
ds4: metal layer stage part=ffn layer=5 pos=38 tokens=4 routed_moe=0.024 ms
ds4: metal layer stage part=ffn layer=5 pos=38 tokens=4 shared_gate_up=0.025 ms
ds4: metal layer stage part=ffn layer=5 pos=38 tokens=4 shared_down=0.249 ms
ds4: metal layer stage part=ffn layer=5 pos=38 tokens=4 hc_post=0.022 ms
ds4: metal layer stage part=attn layer=6 pos=38 tokens=4 row_hc_f16_rows=0.179 ms
ds4: metal layer stage part=attn layer=6 pos=38 tokens=4 q_path=0.461 ms
ds4: metal layer stage part=attn layer=6 pos=38 tokens=4 kv_path=0.238 ms
ds4: metal layer stage part=attn layer=6 pos=38 tokens=4 compressor=0.287 ms
ds4: metal layer stage part=attn layer=6 pos=38 tokens=4 indexer_setup=0.035 ms
ds4: metal layer stage part=attn layer=6 pos=38 tokens=4 attention=0.577 ms
ds4: metal layer stage part=attn layer=6 pos=38 tokens=4 row_output_hc=0.474 ms
ds4: metal layer stage part=attn layer=6 pos=38 tokens=4 hc_post=0.030 ms
ds4: metal layer stage part=ffn layer=6 pos=38 tokens=4 router=0.020 ms
ds4: metal layer stage part=ffn layer=6 pos=38 tokens=4 routed_moe=0.023 ms
ds4: metal layer stage part=ffn layer=6 pos=38 tokens=4 shared_gate_up=0.029 ms
ds4: metal layer stage part=ffn layer=6 pos=38 tokens=4 shared_down=0.256 ms
ds4: metal layer stage part=ffn layer=6 pos=38 tokens=4 hc_post=0.025 ms
ds4: metal layer stage part=attn layer=7 pos=38 tokens=4 row_hc_f16_rows=0.253 ms
ds4: metal layer stage part=attn layer=7 pos=38 tokens=4 q_path=0.529 ms
ds4: metal layer stage part=attn layer=7 pos=38 tokens=4 kv_path=0.244 ms
ds4: metal layer stage part=attn layer=7 pos=38 tokens=4 compressor=0.025 ms
ds4: metal layer stage part=attn layer=7 pos=38 tokens=4 attention=0.546 ms
ds4: metal layer stage part=attn layer=7 pos=38 tokens=4 row_output_hc=0.538 ms
ds4: metal layer stage part=attn layer=7 pos=38 tokens=4 hc_post=0.029 ms
ds4: metal layer stage part=ffn layer=7 pos=38 tokens=4 router=0.023 ms
ds4: metal layer stage part=ffn layer=7 pos=38 tokens=4 routed_moe=0.027 ms
ds4: metal layer stage part=ffn layer=7 pos=38 tokens=4 shared_gate_up=0.021 ms
ds4: metal layer stage part=ffn layer=7 pos=38 tokens=4 shared_down=0.255 ms
ds4: metal layer stage part=ffn layer=7 pos=38 tokens=4 hc_post=0.024 ms
ds4: metal layer stage part=attn layer=8 pos=38 tokens=4 row_hc_f16_rows=0.258 ms
ds4: metal layer stage part=attn layer=8 pos=38 tokens=4 q_path=0.499 ms
ds4: metal layer stage part=attn layer=8 pos=38 tokens=4 kv_path=0.265 ms
ds4: metal layer stage part=attn layer=8 pos=38 tokens=4 compressor=0.295 ms
ds4: metal layer stage part=attn layer=8 pos=38 tokens=4 indexer_setup=0.026 ms
ds4: metal layer stage part=attn layer=8 pos=38 tokens=4 attention=0.550 ms
ds4: metal layer stage part=attn layer=8 pos=38 tokens=4 row_output_hc=0.553 ms
ds4: metal layer stage part=attn layer=8 pos=38 tokens=4 hc_post=0.027 ms
ds4: metal layer stage part=ffn layer=8 pos=38 tokens=4 router=0.021 ms
ds4: metal layer stage part=ffn layer=8 pos=38 tokens=4 routed_moe=0.027 ms
ds4: metal layer stage part=ffn layer=8 pos=38 tokens=4 shared_gate_up=0.016 ms
ds4: metal layer stage part=ffn layer=8 pos=38 tokens=4 shared_down=0.237 ms
ds4: metal layer stage part=ffn layer=8 pos=38 tokens=4 hc_post=0.027 ms
ds4: metal layer stage part=attn layer=9 pos=38 tokens=4 row_hc_f16_rows=0.257 ms
ds4: metal layer stage part=attn layer=9 pos=38 tokens=4 q_path=0.499 ms
ds4: metal layer stage part=attn layer=9 pos=38 tokens=4 kv_path=0.197 ms
ds4: metal layer stage part=attn layer=9 pos=38 tokens=4 compressor=0.022 ms
ds4: metal layer stage part=attn layer=9 pos=38 tokens=4 attention=0.662 ms
ds4: metal layer stage part=attn layer=9 pos=38 tokens=4 row_output_hc=0.489 ms
ds4: metal layer stage part=attn layer=9 pos=38 tokens=4 hc_post=0.028 ms
ds4: metal layer stage part=ffn layer=9 pos=38 tokens=4 router=0.018 ms
ds4: metal layer stage part=ffn layer=9 pos=38 tokens=4 routed_moe=0.035 ms
ds4: metal layer stage part=ffn layer=9 pos=38 tokens=4 shared_gate_up=0.023 ms
ds4: metal layer stage part=ffn layer=9 pos=38 tokens=4 shared_down=0.259 ms
ds4: metal layer stage part=ffn layer=9 pos=38 tokens=4 hc_post=0.023 ms
ds4: metal layer stage part=attn layer=10 pos=38 tokens=4 row_hc_f16_rows=0.227 ms
ds4: metal layer stage part=attn layer=10 pos=38 tokens=4 q_path=1.361 ms
ds4: metal layer stage part=attn layer=10 pos=38 tokens=4 kv_path=0.298 ms
ds4: metal layer stage part=attn layer=10 pos=38 tokens=4 compressor=0.256 ms
ds4: metal layer stage part=attn layer=10 pos=38 tokens=4 indexer_setup=0.024 ms
ds4: metal layer stage part=attn layer=10 pos=38 tokens=4 attention=0.589 ms
ds4: metal layer stage part=attn layer=10 pos=38 tokens=4 row_output_hc=0.494 ms
ds4: metal layer stage part=attn layer=10 pos=38 tokens=4 hc_post=0.023 ms
ds4: metal layer stage part=ffn layer=10 pos=38 tokens=4 router=0.023 ms
ds4: metal layer stage part=ffn layer=10 pos=38 tokens=4 routed_moe=0.027 ms
ds4: metal layer stage part=ffn layer=10 pos=38 tokens=4 shared_gate_up=0.019 ms
ds4: metal layer stage part=ffn layer=10 pos=38 tokens=4 shared_down=0.246 ms
ds4: metal layer stage part=ffn layer=10 pos=38 tokens=4 hc_post=0.021 ms
ds4: metal layer stage part=attn layer=11 pos=38 tokens=4 row_hc_f16_rows=0.207 ms
ds4: metal layer stage part=attn layer=11 pos=38 tokens=4 q_path=0.475 ms
ds4: metal layer stage part=attn layer=11 pos=38 tokens=4 kv_path=0.246 ms
ds4: metal layer stage part=attn layer=11 pos=38 tokens=4 compressor=0.023 ms
ds4: metal layer stage part=attn layer=11 pos=38 tokens=4 attention=0.540 ms
ds4: metal layer stage part=attn layer=11 pos=38 tokens=4 row_output_hc=0.647 ms
ds4: metal layer stage part=attn layer=11 pos=38 tokens=4 hc_post=0.030 ms
ds4: metal layer stage part=ffn layer=11 pos=38 tokens=4 router=0.023 ms
ds4: metal layer stage part=ffn layer=11 pos=38 tokens=4 routed_moe=0.029 ms
ds4: metal layer stage part=ffn layer=11 pos=38 tokens=4 shared_gate_up=0.017 ms
ds4: metal layer stage part=ffn layer=11 pos=38 tokens=4 shared_down=0.225 ms
ds4: metal layer stage part=ffn layer=11 pos=38 tokens=4 hc_post=0.024 ms
ds4: metal layer stage part=attn layer=12 pos=38 tokens=4 row_hc_f16_rows=0.217 ms
ds4: metal layer stage part=attn layer=12 pos=38 tokens=4 q_path=0.477 ms
ds4: metal layer stage part=attn layer=12 pos=38 tokens=4 kv_path=0.221 ms
ds4: metal layer stage part=attn layer=12 pos=38 tokens=4 compressor=0.313 ms
ds4: metal layer stage part=attn layer=12 pos=38 tokens=4 indexer_setup=0.024 ms
ds4: metal layer stage part=attn layer=12 pos=38 tokens=4 attention=0.626 ms
ds4: metal layer stage part=attn layer=12 pos=38 tokens=4 row_output_hc=0.487 ms
ds4: metal layer stage part=attn layer=12 pos=38 tokens=4 hc_post=0.025 ms
ds4: metal layer stage part=ffn layer=12 pos=38 tokens=4 router=0.022 ms
ds4: metal layer stage part=ffn layer=12 pos=38 tokens=4 routed_moe=0.023 ms
ds4: metal layer stage part=ffn layer=12 pos=38 tokens=4 shared_gate_up=0.017 ms
ds4: metal layer stage part=ffn layer=12 pos=38 tokens=4 shared_down=0.249 ms
ds4: metal layer stage part=ffn layer=12 pos=38 tokens=4 hc_post=0.024 ms
ds4: metal layer stage part=attn layer=13 pos=38 tokens=4 row_hc_f16_rows=0.215 ms
ds4: metal layer stage part=attn layer=13 pos=38 tokens=4 q_path=0.484 ms
ds4: metal layer stage part=attn layer=13 pos=38 tokens=4 kv_path=0.261 ms
ds4: metal layer stage part=attn layer=13 pos=38 tokens=4 compressor=0.020 ms
ds4: metal layer stage part=attn layer=13 pos=38 tokens=4 attention=0.538 ms
ds4: metal layer stage part=attn layer=13 pos=38 tokens=4 row_output_hc=0.492 ms
ds4: metal layer stage part=attn layer=13 pos=38 tokens=4 hc_post=0.033 ms
ds4: metal layer stage part=ffn layer=13 pos=38 tokens=4 router=0.022 ms
ds4: metal layer stage part=ffn layer=13 pos=38 tokens=4 routed_moe=0.030 ms
ds4: metal layer stage part=ffn layer=13 pos=38 tokens=4 shared_gate_up=0.025 ms
ds4: metal layer stage part=ffn layer=13 pos=38 tokens=4 shared_down=0.257 ms
ds4: metal layer stage part=ffn layer=13 pos=38 tokens=4 hc_post=0.020 ms
ds4: metal layer stage part=attn layer=14 pos=38 tokens=4 row_hc_f16_rows=0.242 ms
ds4: metal layer stage part=attn layer=14 pos=38 tokens=4 q_path=0.514 ms
ds4: metal layer stage part=attn layer=14 pos=38 tokens=4 kv_path=0.276 ms
ds4: metal layer stage part=attn layer=14 pos=38 tokens=4 compressor=0.272 ms
ds4: metal layer stage part=attn layer=14 pos=38 tokens=4 indexer_setup=0.027 ms
ds4: metal layer stage part=attn layer=14 pos=38 tokens=4 attention=0.554 ms
ds4: metal layer stage part=attn layer=14 pos=38 tokens=4 row_output_hc=0.534 ms
ds4: metal layer stage part=attn layer=14 pos=38 tokens=4 hc_post=0.022 ms
ds4: metal layer stage part=ffn layer=14 pos=38 tokens=4 router=0.019 ms
ds4: metal layer stage part=ffn layer=14 pos=38 tokens=4 routed_moe=0.032 ms
ds4: metal layer stage part=ffn layer=14 pos=38 tokens=4 shared_gate_up=0.023 ms
ds4: metal layer stage part=ffn layer=14 pos=38 tokens=4 shared_down=0.328 ms
ds4: metal layer stage part=ffn layer=14 pos=38 tokens=4 hc_post=0.027 ms
ds4: metal layer stage part=attn layer=15 pos=38 tokens=4 row_hc_f16_rows=0.216 ms
ds4: metal layer stage part=attn layer=15 pos=38 tokens=4 q_path=0.551 ms
ds4: metal layer stage part=attn layer=15 pos=38 tokens=4 kv_path=0.265 ms
ds4: metal layer stage part=attn layer=15 pos=38 tokens=4 compressor=0.020 ms
ds4: metal layer stage part=attn layer=15 pos=38 tokens=4 attention=0.583 ms
ds4: metal layer stage part=attn layer=15 pos=38 tokens=4 row_output_hc=0.490 ms
ds4: metal layer stage part=attn layer=15 pos=38 tokens=4 hc_post=0.023 ms
ds4: metal layer stage part=ffn layer=15 pos=38 tokens=4 router=0.018 ms
ds4: metal layer stage part=ffn layer=15 pos=38 tokens=4 routed_moe=0.032 ms
ds4: metal layer stage part=ffn layer=15 pos=38 tokens=4 shared_gate_up=0.021 ms
ds4: metal layer stage part=ffn layer=15 pos=38 tokens=4 shared_down=0.255 ms
ds4: metal layer stage part=ffn layer=15 pos=38 tokens=4 hc_post=0.019 ms
ds4: metal layer stage part=attn layer=16 pos=38 tokens=4 row_hc_f16_rows=0.244 ms
ds4: metal layer stage part=attn layer=16 pos=38 tokens=4 q_path=0.507 ms
ds4: metal layer stage part=attn layer=16 pos=38 tokens=4 kv_path=0.262 ms
ds4: metal layer stage part=attn layer=16 pos=38 tokens=4 compressor=0.278 ms
ds4: metal layer stage part=attn layer=16 pos=38 tokens=4 indexer_setup=0.030 ms
ds4: metal layer stage part=attn layer=16 pos=38 tokens=4 attention=0.536 ms
ds4: metal layer stage part=attn layer=16 pos=38 tokens=4 row_output_hc=0.547 ms
ds4: metal layer stage part=attn layer=16 pos=38 tokens=4 hc_post=0.030 ms
ds4: metal layer stage part=ffn layer=16 pos=38 tokens=4 router=0.018 ms
ds4: metal layer stage part=ffn layer=16 pos=38 tokens=4 routed_moe=0.029 ms
ds4: metal layer stage part=ffn layer=16 pos=38 tokens=4 shared_gate_up=0.020 ms
ds4: metal layer stage part=ffn layer=16 pos=38 tokens=4 shared_down=0.247 ms
ds4: metal layer stage part=ffn layer=16 pos=38 tokens=4 hc_post=0.025 ms
ds4: metal layer stage part=attn layer=17 pos=38 tokens=4 row_hc_f16_rows=0.260 ms
ds4: metal layer stage part=attn layer=17 pos=38 tokens=4 q_path=0.524 ms
ds4: metal layer stage part=attn layer=17 pos=38 tokens=4 kv_path=0.318 ms
ds4: metal layer stage part=attn layer=17 pos=38 tokens=4 compressor=0.026 ms
ds4: metal layer stage part=attn layer=17 pos=38 tokens=4 attention=0.541 ms
ds4: metal layer stage part=attn layer=17 pos=38 tokens=4 row_output_hc=0.507 ms
ds4: metal layer stage part=attn layer=17 pos=38 tokens=4 hc_post=0.022 ms
ds4: metal layer stage part=ffn layer=17 pos=38 tokens=4 router=0.017 ms
ds4: metal layer stage part=ffn layer=17 pos=38 tokens=4 routed_moe=0.023 ms
ds4: metal layer stage part=ffn layer=17 pos=38 tokens=4 shared_gate_up=0.022 ms
ds4: metal layer stage part=ffn layer=17 pos=38 tokens=4 shared_down=0.302 ms
ds4: metal layer stage part=ffn layer=17 pos=38 tokens=4 hc_post=0.019 ms
ds4: metal layer stage part=attn layer=18 pos=38 tokens=4 row_hc_f16_rows=0.218 ms
ds4: metal layer stage part=attn layer=18 pos=38 tokens=4 q_path=0.579 ms
ds4: metal layer stage part=attn layer=18 pos=38 tokens=4 kv_path=0.240 ms
ds4: metal layer stage part=attn layer=18 pos=38 tokens=4 compressor=0.289 ms
ds4: metal layer stage part=attn layer=18 pos=38 tokens=4 indexer_setup=0.021 ms
ds4: metal layer stage part=attn layer=18 pos=38 tokens=4 attention=0.545 ms
ds4: metal layer stage part=attn layer=18 pos=38 tokens=4 row_output_hc=0.470 ms
ds4: metal layer stage part=attn layer=18 pos=38 tokens=4 hc_post=0.022 ms
ds4: metal layer stage part=ffn layer=18 pos=38 tokens=4 router=0.022 ms
ds4: metal layer stage part=ffn layer=18 pos=38 tokens=4 routed_moe=0.022 ms
ds4: metal layer stage part=ffn layer=18 pos=38 tokens=4 shared_gate_up=0.027 ms
ds4: metal layer stage part=ffn layer=18 pos=38 tokens=4 shared_down=0.258 ms
ds4: metal layer stage part=ffn layer=18 pos=38 tokens=4 hc_post=0.021 ms
ds4: metal layer stage part=attn layer=19 pos=38 tokens=4 row_hc_f16_rows=0.281 ms
ds4: metal layer stage part=attn layer=19 pos=38 tokens=4 q_path=0.490 ms
ds4: metal layer stage part=attn layer=19 pos=38 tokens=4 kv_path=0.278 ms
ds4: metal layer stage part=attn layer=19 pos=38 tokens=4 compressor=0.018 ms
ds4: metal layer stage part=attn layer=19 pos=38 tokens=4 attention=0.550 ms
ds4: metal layer stage part=attn layer=19 pos=38 tokens=4 row_output_hc=0.544 ms
ds4: metal layer stage part=attn layer=19 pos=38 tokens=4 hc_post=0.021 ms
ds4: metal layer stage part=ffn layer=19 pos=38 tokens=4 router=0.017 ms
ds4: metal layer stage part=ffn layer=19 pos=38 tokens=4 routed_moe=0.028 ms
ds4: metal layer stage part=ffn layer=19 pos=38 tokens=4 shared_gate_up=0.021 ms
ds4: metal layer stage part=ffn layer=19 pos=38 tokens=4 shared_down=0.258 ms
ds4: metal layer stage part=ffn layer=19 pos=38 tokens=4 hc_post=0.019 ms
ds4: metal layer stage part=attn layer=20 pos=38 tokens=4 row_hc_f16_rows=0.230 ms
ds4: metal layer stage part=attn layer=20 pos=38 tokens=4 q_path=0.503 ms
ds4: metal layer stage part=attn layer=20 pos=38 tokens=4 kv_path=0.290 ms
ds4: metal layer stage part=attn layer=20 pos=38 tokens=4 compressor=0.275 ms
ds4: metal layer stage part=attn layer=20 pos=38 tokens=4 indexer_setup=0.024 ms
ds4: metal layer stage part=attn layer=20 pos=38 tokens=4 attention=0.549 ms
ds4: metal layer stage part=attn layer=20 pos=38 tokens=4 row_output_hc=0.541 ms
ds4: metal layer stage part=attn layer=20 pos=38 tokens=4 hc_post=0.024 ms
ds4: metal layer stage part=ffn layer=20 pos=38 tokens=4 router=0.023 ms
ds4: metal layer stage part=ffn layer=20 pos=38 tokens=4 routed_moe=0.024 ms
ds4: metal layer stage part=ffn layer=20 pos=38 tokens=4 shared_gate_up=0.017 ms
ds4: metal layer stage part=ffn layer=20 pos=38 tokens=4 shared_down=0.260 ms
ds4: metal layer stage part=ffn layer=20 pos=38 tokens=4 hc_post=0.019 ms
ds4: metal layer stage part=attn layer=21 pos=38 tokens=4 row_hc_f16_rows=0.255 ms
ds4: metal layer stage part=attn layer=21 pos=38 tokens=4 q_path=0.644 ms
ds4: metal layer stage part=attn layer=21 pos=38 tokens=4 kv_path=0.244 ms
ds4: metal layer stage part=attn layer=21 pos=38 tokens=4 compressor=0.019 ms
ds4: metal layer stage part=attn layer=21 pos=38 tokens=4 attention=0.524 ms
ds4: metal layer stage part=attn layer=21 pos=38 tokens=4 row_output_hc=0.486 ms
ds4: metal layer stage part=attn layer=21 pos=38 tokens=4 hc_post=0.022 ms
ds4: metal layer stage part=ffn layer=21 pos=38 tokens=4 router=0.018 ms
ds4: metal layer stage part=ffn layer=21 pos=38 tokens=4 routed_moe=0.024 ms
ds4: metal layer stage part=ffn layer=21 pos=38 tokens=4 shared_gate_up=0.023 ms
ds4: metal layer stage part=ffn layer=21 pos=38 tokens=4 shared_down=0.259 ms
ds4: metal layer stage part=ffn layer=21 pos=38 tokens=4 hc_post=0.018 ms
ds4: metal layer stage part=attn layer=22 pos=38 tokens=4 row_hc_f16_rows=0.251 ms
ds4: metal layer stage part=attn layer=22 pos=38 tokens=4 q_path=0.503 ms
ds4: metal layer stage part=attn layer=22 pos=38 tokens=4 kv_path=0.274 ms
ds4: metal layer stage part=attn layer=22 pos=38 tokens=4 compressor=0.290 ms
ds4: metal layer stage part=attn layer=22 pos=38 tokens=4 indexer_setup=0.021 ms
ds4: metal layer stage part=attn layer=22 pos=38 tokens=4 attention=0.564 ms
ds4: metal layer stage part=attn layer=22 pos=38 tokens=4 row_output_hc=0.529 ms
ds4: metal layer stage part=attn layer=22 pos=38 tokens=4 hc_post=0.024 ms
ds4: metal layer stage part=ffn layer=22 pos=38 tokens=4 router=0.021 ms
ds4: metal layer stage part=ffn layer=22 pos=38 tokens=4 routed_moe=0.025 ms
ds4: metal layer stage part=ffn layer=22 pos=38 tokens=4 shared_gate_up=0.021 ms
ds4: metal layer stage part=ffn layer=22 pos=38 tokens=4 shared_down=0.264 ms
ds4: metal layer stage part=ffn layer=22 pos=38 tokens=4 hc_post=0.020 ms
ds4: metal layer stage part=attn layer=23 pos=38 tokens=4 row_hc_f16_rows=0.303 ms
ds4: metal layer stage part=attn layer=23 pos=38 tokens=4 q_path=0.553 ms
ds4: metal layer stage part=attn layer=23 pos=38 tokens=4 kv_path=0.252 ms
ds4: metal layer stage part=attn layer=23 pos=38 tokens=4 compressor=0.022 ms
ds4: metal layer stage part=attn layer=23 pos=38 tokens=4 attention=0.539 ms
ds4: metal layer stage part=attn layer=23 pos=38 tokens=4 row_output_hc=0.512 ms
ds4: metal layer stage part=attn layer=23 pos=38 tokens=4 hc_post=0.055 ms
ds4: metal layer stage part=ffn layer=23 pos=38 tokens=4 router=0.018 ms
ds4: metal layer stage part=ffn layer=23 pos=38 tokens=4 routed_moe=0.028 ms
ds4: metal layer stage part=ffn layer=23 pos=38 tokens=4 shared_gate_up=0.021 ms
ds4: metal layer stage part=ffn layer=23 pos=38 tokens=4 shared_down=0.254 ms
ds4: metal layer stage part=ffn layer=23 pos=38 tokens=4 hc_post=0.021 ms
ds4: metal layer stage part=attn layer=24 pos=38 tokens=4 row_hc_f16_rows=0.240 ms
ds4: metal layer stage part=attn layer=24 pos=38 tokens=4 q_path=0.528 ms
ds4: metal layer stage part=attn layer=24 pos=38 tokens=4 kv_path=0.248 ms
ds4: metal layer stage part=attn layer=24 pos=38 tokens=4 compressor=0.290 ms
ds4: metal layer stage part=attn layer=24 pos=38 tokens=4 indexer_setup=0.023 ms
ds4: metal layer stage part=attn layer=24 pos=38 tokens=4 attention=0.548 ms
ds4: metal layer stage part=attn layer=24 pos=38 tokens=4 row_output_hc=0.517 ms
ds4: metal layer stage part=attn layer=24 pos=38 tokens=4 hc_post=0.028 ms
ds4: metal layer stage part=ffn layer=24 pos=38 tokens=4 router=0.020 ms
ds4: metal layer stage part=ffn layer=24 pos=38 tokens=4 routed_moe=0.021 ms
ds4: metal layer stage part=ffn layer=24 pos=38 tokens=4 shared_gate_up=0.019 ms
ds4: metal layer stage part=ffn layer=24 pos=38 tokens=4 shared_down=0.258 ms
ds4: metal layer stage part=ffn layer=24 pos=38 tokens=4 hc_post=0.023 ms
ds4: metal layer stage part=attn layer=25 pos=38 tokens=4 row_hc_f16_rows=0.289 ms
ds4: metal layer stage part=attn layer=25 pos=38 tokens=4 q_path=0.530 ms
ds4: metal layer stage part=attn layer=25 pos=38 tokens=4 kv_path=0.229 ms
ds4: metal layer stage part=attn layer=25 pos=38 tokens=4 compressor=0.018 ms
ds4: metal layer stage part=attn layer=25 pos=38 tokens=4 attention=0.519 ms
ds4: metal layer stage part=attn layer=25 pos=38 tokens=4 row_output_hc=0.533 ms
ds4: metal layer stage part=attn layer=25 pos=38 tokens=4 hc_post=0.026 ms
ds4: metal layer stage part=ffn layer=25 pos=38 tokens=4 router=0.019 ms
ds4: metal layer stage part=ffn layer=25 pos=38 tokens=4 routed_moe=0.024 ms
ds4: metal layer stage part=ffn layer=25 pos=38 tokens=4 shared_gate_up=0.025 ms
ds4: metal layer stage part=ffn layer=25 pos=38 tokens=4 shared_down=0.253 ms
ds4: metal layer stage part=ffn layer=25 pos=38 tokens=4 hc_post=0.027 ms
ds4: metal layer stage part=attn layer=26 pos=38 tokens=4 row_hc_f16_rows=0.235 ms
ds4: metal layer stage part=attn layer=26 pos=38 tokens=4 q_path=0.509 ms
ds4: metal layer stage part=attn layer=26 pos=38 tokens=4 kv_path=0.249 ms
ds4: metal layer stage part=attn layer=26 pos=38 tokens=4 compressor=0.314 ms
ds4: metal layer stage part=attn layer=26 pos=38 tokens=4 indexer_setup=0.054 ms
ds4: metal layer stage part=attn layer=26 pos=38 tokens=4 attention=0.582 ms
ds4: metal layer stage part=attn layer=26 pos=38 tokens=4 row_output_hc=0.473 ms
ds4: metal layer stage part=attn layer=26 pos=38 tokens=4 hc_post=0.042 ms
ds4: metal layer stage part=ffn layer=26 pos=38 tokens=4 router=0.022 ms
ds4: metal layer stage part=ffn layer=26 pos=38 tokens=4 routed_moe=0.023 ms
ds4: metal layer stage part=ffn layer=26 pos=38 tokens=4 shared_gate_up=0.025 ms
ds4: metal layer stage part=ffn layer=26 pos=38 tokens=4 shared_down=0.252 ms
ds4: metal layer stage part=ffn layer=26 pos=38 tokens=4 hc_post=0.022 ms
ds4: metal layer stage part=attn layer=27 pos=38 tokens=4 row_hc_f16_rows=0.236 ms
ds4: metal layer stage part=attn layer=27 pos=38 tokens=4 q_path=0.515 ms
ds4: metal layer stage part=attn layer=27 pos=38 tokens=4 kv_path=0.260 ms
ds4: metal layer stage part=attn layer=27 pos=38 tokens=4 compressor=0.027 ms
ds4: metal layer stage part=attn layer=27 pos=38 tokens=4 attention=1.336 ms
ds4: metal layer stage part=attn layer=27 pos=38 tokens=4 row_output_hc=0.587 ms
ds4: metal layer stage part=attn layer=27 pos=38 tokens=4 hc_post=0.056 ms
ds4: metal layer stage part=ffn layer=27 pos=38 tokens=4 router=0.020 ms
ds4: metal layer stage part=ffn layer=27 pos=38 tokens=4 routed_moe=0.031 ms
ds4: metal layer stage part=ffn layer=27 pos=38 tokens=4 shared_gate_up=0.028 ms
ds4: metal layer stage part=ffn layer=27 pos=38 tokens=4 shared_down=0.312 ms
ds4: metal layer stage part=ffn layer=27 pos=38 tokens=4 hc_post=0.025 ms
ds4: metal layer stage part=attn layer=28 pos=38 tokens=4 row_hc_f16_rows=0.209 ms
ds4: metal layer stage part=attn layer=28 pos=38 tokens=4 q_path=0.588 ms
ds4: metal layer stage part=attn layer=28 pos=38 tokens=4 kv_path=0.270 ms
ds4: metal layer stage part=attn layer=28 pos=38 tokens=4 compressor=0.249 ms
ds4: metal layer stage part=attn layer=28 pos=38 tokens=4 indexer_setup=0.023 ms
ds4: metal layer stage part=attn layer=28 pos=38 tokens=4 attention=0.560 ms
ds4: metal layer stage part=attn layer=28 pos=38 tokens=4 row_output_hc=0.469 ms
ds4: metal layer stage part=attn layer=28 pos=38 tokens=4 hc_post=0.026 ms
ds4: metal layer stage part=ffn layer=28 pos=38 tokens=4 router=0.019 ms
ds4: metal layer stage part=ffn layer=28 pos=38 tokens=4 routed_moe=0.025 ms
ds4: metal layer stage part=ffn layer=28 pos=38 tokens=4 shared_gate_up=0.018 ms
ds4: metal layer stage part=ffn layer=28 pos=38 tokens=4 shared_down=0.246 ms
ds4: metal layer stage part=ffn layer=28 pos=38 tokens=4 hc_post=0.024 ms
ds4: metal layer stage part=attn layer=29 pos=38 tokens=4 row_hc_f16_rows=0.210 ms
ds4: metal layer stage part=attn layer=29 pos=38 tokens=4 q_path=0.495 ms
ds4: metal layer stage part=attn layer=29 pos=38 tokens=4 kv_path=0.297 ms
ds4: metal layer stage part=attn layer=29 pos=38 tokens=4 compressor=0.034 ms
ds4: metal layer stage part=attn layer=29 pos=38 tokens=4 attention=0.555 ms
ds4: metal layer stage part=attn layer=29 pos=38 tokens=4 row_output_hc=0.469 ms
ds4: metal layer stage part=attn layer=29 pos=38 tokens=4 hc_post=0.025 ms
ds4: metal layer stage part=ffn layer=29 pos=38 tokens=4 router=0.019 ms
ds4: metal layer stage part=ffn layer=29 pos=38 tokens=4 routed_moe=0.029 ms
ds4: metal layer stage part=ffn layer=29 pos=38 tokens=4 shared_gate_up=0.025 ms
ds4: metal layer stage part=ffn layer=29 pos=38 tokens=4 shared_down=0.266 ms
ds4: metal layer stage part=ffn layer=29 pos=38 tokens=4 hc_post=0.030 ms
ds4: metal layer stage part=attn layer=30 pos=38 tokens=4 row_hc_f16_rows=0.218 ms
ds4: metal layer stage part=attn layer=30 pos=38 tokens=4 q_path=0.504 ms
ds4: metal layer stage part=attn layer=30 pos=38 tokens=4 kv_path=0.282 ms
ds4: metal layer stage part=attn layer=30 pos=38 tokens=4 compressor=0.279 ms
ds4: metal layer stage part=attn layer=30 pos=38 tokens=4 indexer_setup=0.028 ms
ds4: metal layer stage part=attn layer=30 pos=38 tokens=4 attention=0.550 ms
ds4: metal layer stage part=attn layer=30 pos=38 tokens=4 row_output_hc=0.542 ms
ds4: metal layer stage part=attn layer=30 pos=38 tokens=4 hc_post=0.029 ms
ds4: metal layer stage part=ffn layer=30 pos=38 tokens=4 router=0.017 ms
ds4: metal layer stage part=ffn layer=30 pos=38 tokens=4 routed_moe=0.028 ms
ds4: metal layer stage part=ffn layer=30 pos=38 tokens=4 shared_gate_up=0.021 ms
ds4: metal layer stage part=ffn layer=30 pos=38 tokens=4 shared_down=0.258 ms
ds4: metal layer stage part=ffn layer=30 pos=38 tokens=4 hc_post=0.024 ms
ds4: metal layer stage part=attn layer=31 pos=38 tokens=4 row_hc_f16_rows=0.230 ms
ds4: metal layer stage part=attn layer=31 pos=38 tokens=4 q_path=0.503 ms
ds4: metal layer stage part=attn layer=31 pos=38 tokens=4 kv_path=0.268 ms
ds4: metal layer stage part=attn layer=31 pos=38 tokens=4 compressor=0.022 ms
ds4: metal layer stage part=attn layer=31 pos=38 tokens=4 attention=0.539 ms
ds4: metal layer stage part=attn layer=31 pos=38 tokens=4 row_output_hc=0.498 ms
ds4: metal layer stage part=attn layer=31 pos=38 tokens=4 hc_post=0.028 ms
ds4: metal layer stage part=ffn layer=31 pos=38 tokens=4 router=0.019 ms
ds4: metal layer stage part=ffn layer=31 pos=38 tokens=4 routed_moe=0.023 ms
ds4: metal layer stage part=ffn layer=31 pos=38 tokens=4 shared_gate_up=0.022 ms
ds4: metal layer stage part=ffn layer=31 pos=38 tokens=4 shared_down=0.255 ms
ds4: metal layer stage part=ffn layer=31 pos=38 tokens=4 hc_post=0.023 ms
ds4: metal layer stage part=attn layer=32 pos=38 tokens=4 row_hc_f16_rows=0.203 ms
ds4: metal layer stage part=attn layer=32 pos=38 tokens=4 q_path=0.499 ms
ds4: metal layer stage part=attn layer=32 pos=38 tokens=4 kv_path=0.277 ms
ds4: metal layer stage part=attn layer=32 pos=38 tokens=4 compressor=0.284 ms
ds4: metal layer stage part=attn layer=32 pos=38 tokens=4 indexer_setup=0.021 ms
ds4: metal layer stage part=attn layer=32 pos=38 tokens=4 attention=0.557 ms
ds4: metal layer stage part=attn layer=32 pos=38 tokens=4 row_output_hc=0.469 ms
ds4: metal layer stage part=attn layer=32 pos=38 tokens=4 hc_post=0.033 ms
ds4: metal layer stage part=ffn layer=32 pos=38 tokens=4 router=0.021 ms
ds4: metal layer stage part=ffn layer=32 pos=38 tokens=4 routed_moe=0.028 ms
ds4: metal layer stage part=ffn layer=32 pos=38 tokens=4 shared_gate_up=0.020 ms
ds4: metal layer stage part=ffn layer=32 pos=38 tokens=4 shared_down=0.254 ms
ds4: metal layer stage part=ffn layer=32 pos=38 tokens=4 hc_post=0.023 ms
ds4: metal layer stage part=attn layer=33 pos=38 tokens=4 row_hc_f16_rows=0.196 ms
ds4: metal layer stage part=attn layer=33 pos=38 tokens=4 q_path=0.508 ms
ds4: metal layer stage part=attn layer=33 pos=38 tokens=4 kv_path=0.271 ms
ds4: metal layer stage part=attn layer=33 pos=38 tokens=4 compressor=0.023 ms
ds4: metal layer stage part=attn layer=33 pos=38 tokens=4 attention=0.533 ms
ds4: metal layer stage part=attn layer=33 pos=38 tokens=4 row_output_hc=0.488 ms
ds4: metal layer stage part=attn layer=33 pos=38 tokens=4 hc_post=0.023 ms
ds4: metal layer stage part=ffn layer=33 pos=38 tokens=4 router=0.018 ms
ds4: metal layer stage part=ffn layer=33 pos=38 tokens=4 routed_moe=0.028 ms
ds4: metal layer stage part=ffn layer=33 pos=38 tokens=4 shared_gate_up=0.024 ms
ds4: metal layer stage part=ffn layer=33 pos=38 tokens=4 shared_down=0.268 ms
ds4: metal layer stage part=ffn layer=33 pos=38 tokens=4 hc_post=0.021 ms
ds4: metal layer stage part=attn layer=34 pos=38 tokens=4 row_hc_f16_rows=0.263 ms
ds4: metal layer stage part=attn layer=34 pos=38 tokens=4 q_path=0.502 ms
ds4: metal layer stage part=attn layer=34 pos=38 tokens=4 kv_path=0.283 ms
ds4: metal layer stage part=attn layer=34 pos=38 tokens=4 compressor=0.278 ms
ds4: metal layer stage part=attn layer=34 pos=38 tokens=4 indexer_setup=0.021 ms
ds4: metal layer stage part=attn layer=34 pos=38 tokens=4 attention=0.544 ms
ds4: metal layer stage part=attn layer=34 pos=38 tokens=4 row_output_hc=0.558 ms
ds4: metal layer stage part=attn layer=34 pos=38 tokens=4 hc_post=0.028 ms
ds4: metal layer stage part=ffn layer=34 pos=38 tokens=4 router=0.026 ms
ds4: metal layer stage part=ffn layer=34 pos=38 tokens=4 routed_moe=0.029 ms
ds4: metal layer stage part=ffn layer=34 pos=38 tokens=4 shared_gate_up=0.023 ms
ds4: metal layer stage part=ffn layer=34 pos=38 tokens=4 shared_down=0.752 ms
ds4: metal layer stage part=ffn layer=34 pos=38 tokens=4 hc_post=0.030 ms
ds4: metal layer stage part=attn layer=35 pos=38 tokens=4 row_hc_f16_rows=0.198 ms
ds4: metal layer stage part=attn layer=35 pos=38 tokens=4 q_path=0.562 ms
ds4: metal layer stage part=attn layer=35 pos=38 tokens=4 kv_path=0.252 ms
ds4: metal layer stage part=attn layer=35 pos=38 tokens=4 compressor=0.023 ms
ds4: metal layer stage part=attn layer=35 pos=38 tokens=4 attention=0.561 ms
ds4: metal layer stage part=attn layer=35 pos=38 tokens=4 row_output_hc=0.587 ms
ds4: metal layer stage part=attn layer=35 pos=38 tokens=4 hc_post=0.053 ms
ds4: metal layer stage part=ffn layer=35 pos=38 tokens=4 router=0.019 ms
ds4: metal layer stage part=ffn layer=35 pos=38 tokens=4 routed_moe=0.034 ms
ds4: metal layer stage part=ffn layer=35 pos=38 tokens=4 shared_gate_up=0.021 ms
ds4: metal layer stage part=ffn layer=35 pos=38 tokens=4 shared_down=0.257 ms
ds4: metal layer stage part=ffn layer=35 pos=38 tokens=4 hc_post=0.031 ms
ds4: metal layer stage part=attn layer=36 pos=38 tokens=4 row_hc_f16_rows=0.263 ms
ds4: metal layer stage part=attn layer=36 pos=38 tokens=4 q_path=0.513 ms
ds4: metal layer stage part=attn layer=36 pos=38 tokens=4 kv_path=0.269 ms
ds4: metal layer stage part=attn layer=36 pos=38 tokens=4 compressor=0.294 ms
ds4: metal layer stage part=attn layer=36 pos=38 tokens=4 indexer_setup=0.029 ms
ds4: metal layer stage part=attn layer=36 pos=38 tokens=4 attention=0.556 ms
ds4: metal layer stage part=attn layer=36 pos=38 tokens=4 row_output_hc=0.519 ms
ds4: metal layer stage part=attn layer=36 pos=38 tokens=4 hc_post=0.026 ms
ds4: metal layer stage part=ffn layer=36 pos=38 tokens=4 router=0.018 ms
ds4: metal layer stage part=ffn layer=36 pos=38 tokens=4 routed_moe=0.031 ms
ds4: metal layer stage part=ffn layer=36 pos=38 tokens=4 shared_gate_up=0.023 ms
ds4: metal layer stage part=ffn layer=36 pos=38 tokens=4 shared_down=0.256 ms
ds4: metal layer stage part=ffn layer=36 pos=38 tokens=4 hc_post=0.021 ms
ds4: metal layer stage part=attn layer=37 pos=38 tokens=4 row_hc_f16_rows=0.236 ms
ds4: metal layer stage part=attn layer=37 pos=38 tokens=4 q_path=0.554 ms
ds4: metal layer stage part=attn layer=37 pos=38 tokens=4 kv_path=0.225 ms
ds4: metal layer stage part=attn layer=37 pos=38 tokens=4 compressor=0.019 ms
ds4: metal layer stage part=attn layer=37 pos=38 tokens=4 attention=0.543 ms
ds4: metal layer stage part=attn layer=37 pos=38 tokens=4 row_output_hc=0.536 ms
ds4: metal layer stage part=attn layer=37 pos=38 tokens=4 hc_post=0.053 ms
ds4: metal layer stage part=ffn layer=37 pos=38 tokens=4 router=0.018 ms
ds4: metal layer stage part=ffn layer=37 pos=38 tokens=4 routed_moe=0.036 ms
ds4: metal layer stage part=ffn layer=37 pos=38 tokens=4 shared_gate_up=0.020 ms
ds4: metal layer stage part=ffn layer=37 pos=38 tokens=4 shared_down=0.326 ms
ds4: metal layer stage part=ffn layer=37 pos=38 tokens=4 hc_post=0.026 ms
ds4: metal layer stage part=attn layer=38 pos=38 tokens=4 row_hc_f16_rows=0.217 ms
ds4: metal layer stage part=attn layer=38 pos=38 tokens=4 q_path=0.543 ms
ds4: metal layer stage part=attn layer=38 pos=38 tokens=4 kv_path=0.290 ms
ds4: metal layer stage part=attn layer=38 pos=38 tokens=4 compressor=0.262 ms
ds4: metal layer stage part=attn layer=38 pos=38 tokens=4 indexer_setup=0.021 ms
ds4: metal layer stage part=attn layer=38 pos=38 tokens=4 attention=0.567 ms
ds4: metal layer stage part=attn layer=38 pos=38 tokens=4 row_output_hc=0.464 ms
ds4: metal layer stage part=attn layer=38 pos=38 tokens=4 hc_post=0.020 ms
ds4: metal layer stage part=ffn layer=38 pos=38 tokens=4 router=0.019 ms
ds4: metal layer stage part=ffn layer=38 pos=38 tokens=4 routed_moe=0.032 ms
ds4: metal layer stage part=ffn layer=38 pos=38 tokens=4 shared_gate_up=0.020 ms
ds4: metal layer stage part=ffn layer=38 pos=38 tokens=4 shared_down=0.277 ms
ds4: metal layer stage part=ffn layer=38 pos=38 tokens=4 hc_post=0.020 ms
ds4: metal layer stage part=attn layer=39 pos=38 tokens=4 row_hc_f16_rows=0.220 ms
ds4: metal layer stage part=attn layer=39 pos=38 tokens=4 q_path=0.523 ms
ds4: metal layer stage part=attn layer=39 pos=38 tokens=4 kv_path=0.297 ms
ds4: metal layer stage part=attn layer=39 pos=38 tokens=4 compressor=0.026 ms
ds4: metal layer stage part=attn layer=39 pos=38 tokens=4 attention=0.519 ms
ds4: metal layer stage part=attn layer=39 pos=38 tokens=4 row_output_hc=0.507 ms
ds4: metal layer stage part=attn layer=39 pos=38 tokens=4 hc_post=0.031 ms
ds4: metal layer stage part=ffn layer=39 pos=38 tokens=4 router=0.019 ms
ds4: metal layer stage part=ffn layer=39 pos=38 tokens=4 routed_moe=0.035 ms
ds4: metal layer stage part=ffn layer=39 pos=38 tokens=4 shared_gate_up=0.024 ms
ds4: metal layer stage part=ffn layer=39 pos=38 tokens=4 shared_down=0.323 ms
ds4: metal layer stage part=ffn layer=39 pos=38 tokens=4 hc_post=0.024 ms
ds4: metal layer stage part=attn layer=40 pos=38 tokens=4 row_hc_f16_rows=0.203 ms
ds4: metal layer stage part=attn layer=40 pos=38 tokens=4 q_path=0.541 ms
ds4: metal layer stage part=attn layer=40 pos=38 tokens=4 kv_path=0.249 ms
ds4: metal layer stage part=attn layer=40 pos=38 tokens=4 compressor=0.401 ms
ds4: metal layer stage part=attn layer=40 pos=38 tokens=4 indexer_setup=0.022 ms
ds4: metal layer stage part=attn layer=40 pos=38 tokens=4 attention=0.569 ms
ds4: metal layer stage part=attn layer=40 pos=38 tokens=4 row_output_hc=0.500 ms
ds4: metal layer stage part=attn layer=40 pos=38 tokens=4 hc_post=0.024 ms
ds4: metal layer stage part=ffn layer=40 pos=38 tokens=4 router=0.020 ms
ds4: metal layer stage part=ffn layer=40 pos=38 tokens=4 routed_moe=0.031 ms
ds4: metal layer stage part=ffn layer=40 pos=38 tokens=4 shared_gate_up=0.021 ms
ds4: metal layer stage part=ffn layer=40 pos=38 tokens=4 shared_down=0.258 ms
ds4: metal layer stage part=ffn layer=40 pos=38 tokens=4 hc_post=0.022 ms
ds4: metal layer stage part=attn layer=41 pos=38 tokens=4 row_hc_f16_rows=0.251 ms
ds4: metal layer stage part=attn layer=41 pos=38 tokens=4 q_path=0.506 ms
ds4: metal layer stage part=attn layer=41 pos=38 tokens=4 kv_path=0.271 ms
ds4: metal layer stage part=attn layer=41 pos=38 tokens=4 compressor=0.020 ms
ds4: metal layer stage part=attn layer=41 pos=38 tokens=4 attention=0.522 ms
ds4: metal layer stage part=attn layer=41 pos=38 tokens=4 row_output_hc=0.496 ms
ds4: metal layer stage part=attn layer=41 pos=38 tokens=4 hc_post=0.035 ms
ds4: metal layer stage part=ffn layer=41 pos=38 tokens=4 router=0.017 ms
ds4: metal layer stage part=ffn layer=41 pos=38 tokens=4 routed_moe=0.029 ms
ds4: metal layer stage part=ffn layer=41 pos=38 tokens=4 shared_gate_up=0.020 ms
ds4: metal layer stage part=ffn layer=41 pos=38 tokens=4 shared_down=0.258 ms
ds4: metal layer stage part=ffn layer=41 pos=38 tokens=4 hc_post=0.024 ms
ds4: metal layer stage part=attn layer=42 pos=38 tokens=4 row_hc_f16_rows=0.239 ms
ds4: metal layer stage part=attn layer=42 pos=38 tokens=4 q_path=0.583 ms
ds4: metal layer stage part=attn layer=42 pos=38 tokens=4 kv_path=0.257 ms
ds4: metal layer stage part=attn layer=42 pos=38 tokens=4 compressor=0.325 ms
ds4: metal layer stage part=attn layer=42 pos=38 tokens=4 indexer_setup=0.020 ms
ds4: metal layer stage part=attn layer=42 pos=38 tokens=4 attention=0.552 ms
ds4: metal layer stage part=attn layer=42 pos=38 tokens=4 row_output_hc=0.447 ms
ds4: metal layer stage part=attn layer=42 pos=38 tokens=4 hc_post=0.025 ms
ds4: metal layer stage part=ffn layer=42 pos=38 tokens=4 router=0.018 ms
ds4: metal layer stage part=ffn layer=42 pos=38 tokens=4 routed_moe=0.024 ms
ds4: metal layer stage part=ffn layer=42 pos=38 tokens=4 shared_gate_up=0.027 ms
ds4: metal layer stage part=ffn layer=42 pos=38 tokens=4 shared_down=0.254 ms
ds4: metal layer stage part=ffn layer=42 pos=38 tokens=4 hc_post=0.020 ms
ds4: dspark hybrid verifier profile n=4 layers=43 exact_prefix=0.000 ms attention=100.993 ms row_ffn_pre=9.428 ms row_router=11.754 ms batch_router=0.000 ms row_routed=34.198 ms row_shared=12.242 ms batch_tail=17.048 ms target_hidden=1.372 ms head=1.519 ms read=0.029 ms total=188.598 ms
ds4: metal layer stage part=attn layer=0 pos=42 tokens=4 row_hc_f16_rows=0.267 ms
ds4: metal layer stage part=attn layer=0 pos=42 tokens=4 q_path=0.485 ms
ds4: metal layer stage part=attn layer=0 pos=42 tokens=4 kv_path=0.281 ms
ds4: metal layer stage part=attn layer=0 pos=42 tokens=4 attention=0.432 ms
ds4: metal layer stage part=attn layer=0 pos=42 tokens=4 row_output_hc=0.510 ms
ds4: metal layer stage part=attn layer=0 pos=42 tokens=4 hc_post=0.024 ms
ds4: metal layer stage part=ffn layer=0 pos=42 tokens=4 router=0.020 ms
ds4: metal layer stage part=ffn layer=0 pos=42 tokens=4 routed_moe=0.025 ms
ds4: metal layer stage part=ffn layer=0 pos=42 tokens=4 shared_gate_up=0.020 ms
ds4: metal layer stage part=ffn layer=0 pos=42 tokens=4 shared_down=0.257 ms
ds4: metal layer stage part=ffn layer=0 pos=42 tokens=4 hc_post=0.022 ms
ds4: metal layer stage part=attn layer=1 pos=42 tokens=4 row_hc_f16_rows=0.225 ms
ds4: metal layer stage part=attn layer=1 pos=42 tokens=4 q_path=0.466 ms
ds4: metal layer stage part=attn layer=1 pos=42 tokens=4 kv_path=0.269 ms
ds4: metal layer stage part=attn layer=1 pos=42 tokens=4 attention=0.416 ms
ds4: metal layer stage part=attn layer=1 pos=42 tokens=4 row_output_hc=0.531 ms
ds4: metal layer stage part=attn layer=1 pos=42 tokens=4 hc_post=0.029 ms
ds4: metal layer stage part=ffn layer=1 pos=42 tokens=4 router=0.022 ms
ds4: metal layer stage part=ffn layer=1 pos=42 tokens=4 routed_moe=0.023 ms
ds4: metal layer stage part=ffn layer=1 pos=42 tokens=4 shared_gate_up=0.023 ms
ds4: metal layer stage part=ffn layer=1 pos=42 tokens=4 shared_down=0.253 ms
ds4: metal layer stage part=ffn layer=1 pos=42 tokens=4 hc_post=0.022 ms
ds4: metal layer stage part=attn layer=2 pos=42 tokens=4 row_hc_f16_rows=0.186 ms
ds4: metal layer stage part=attn layer=2 pos=42 tokens=4 q_path=0.499 ms
ds4: metal layer stage part=attn layer=2 pos=42 tokens=4 kv_path=0.268 ms
ds4: metal layer stage part=attn layer=2 pos=42 tokens=4 compressor=0.277 ms
ds4: metal layer stage part=attn layer=2 pos=42 tokens=4 indexer_setup=0.020 ms
ds4: metal layer stage part=attn layer=2 pos=42 tokens=4 attention=0.665 ms
ds4: metal layer stage part=attn layer=2 pos=42 tokens=4 row_output_hc=0.498 ms
ds4: metal layer stage part=attn layer=2 pos=42 tokens=4 hc_post=0.029 ms
ds4: metal layer stage part=ffn layer=2 pos=42 tokens=4 router=0.020 ms
ds4: metal layer stage part=ffn layer=2 pos=42 tokens=4 routed_moe=0.029 ms
ds4: metal layer stage part=ffn layer=2 pos=42 tokens=4 shared_gate_up=0.025 ms
ds4: metal layer stage part=ffn layer=2 pos=42 tokens=4 shared_down=0.251 ms
ds4: metal layer stage part=ffn layer=2 pos=42 tokens=4 hc_post=0.022 ms
ds4: metal layer stage part=attn layer=3 pos=42 tokens=4 row_hc_f16_rows=0.193 ms
ds4: metal layer stage part=attn layer=3 pos=42 tokens=4 q_path=0.516 ms
ds4: metal layer stage part=attn layer=3 pos=42 tokens=4 kv_path=0.259 ms
ds4: metal layer stage part=attn layer=3 pos=42 tokens=4 compressor=0.021 ms
ds4: metal layer stage part=attn layer=3 pos=42 tokens=4 attention=0.511 ms
ds4: metal layer stage part=attn layer=3 pos=42 tokens=4 row_output_hc=0.488 ms
ds4: metal layer stage part=attn layer=3 pos=42 tokens=4 hc_post=0.023 ms
ds4: metal layer stage part=ffn layer=3 pos=42 tokens=4 router=0.020 ms
ds4: metal layer stage part=ffn layer=3 pos=42 tokens=4 routed_moe=0.023 ms
ds4: metal layer stage part=ffn layer=3 pos=42 tokens=4 shared_gate_up=0.017 ms
ds4: metal layer stage part=ffn layer=3 pos=42 tokens=4 shared_down=0.249 ms
ds4: metal layer stage part=ffn layer=3 pos=42 tokens=4 hc_post=0.019 ms
ds4: metal layer stage part=attn layer=4 pos=42 tokens=4 row_hc_f16_rows=0.261 ms
ds4: metal layer stage part=attn layer=4 pos=42 tokens=4 q_path=0.521 ms
ds4: metal layer stage part=attn layer=4 pos=42 tokens=4 kv_path=0.264 ms
ds4: metal layer stage part=attn layer=4 pos=42 tokens=4 compressor=0.278 ms
ds4: metal layer stage part=attn layer=4 pos=42 tokens=4 indexer_setup=0.028 ms
ds4: metal layer stage part=attn layer=4 pos=42 tokens=4 attention=0.555 ms
ds4: metal layer stage part=attn layer=4 pos=42 tokens=4 row_output_hc=0.543 ms
ds4: metal layer stage part=attn layer=4 pos=42 tokens=4 hc_post=0.030 ms
ds4: metal layer stage part=ffn layer=4 pos=42 tokens=4 router=0.021 ms
ds4: metal layer stage part=ffn layer=4 pos=42 tokens=4 routed_moe=0.024 ms
ds4: metal layer stage part=ffn layer=4 pos=42 tokens=4 shared_gate_up=0.021 ms
ds4: metal layer stage part=ffn layer=4 pos=42 tokens=4 shared_down=0.264 ms
ds4: metal layer stage part=ffn layer=4 pos=42 tokens=4 hc_post=0.025 ms
ds4: metal layer stage part=attn layer=5 pos=42 tokens=4 row_hc_f16_rows=0.188 ms
ds4: metal layer stage part=attn layer=5 pos=42 tokens=4 q_path=0.485 ms
ds4: metal layer stage part=attn layer=5 pos=42 tokens=4 kv_path=0.238 ms
ds4: metal layer stage part=attn layer=5 pos=42 tokens=4 compressor=0.019 ms
ds4: metal layer stage part=attn layer=5 pos=42 tokens=4 attention=0.522 ms
ds4: metal layer stage part=attn layer=5 pos=42 tokens=4 row_output_hc=0.478 ms
ds4: metal layer stage part=attn layer=5 pos=42 tokens=4 hc_post=0.023 ms
ds4: metal layer stage part=ffn layer=5 pos=42 tokens=4 router=0.022 ms
ds4: metal layer stage part=ffn layer=5 pos=42 tokens=4 routed_moe=0.026 ms
ds4: metal layer stage part=ffn layer=5 pos=42 tokens=4 shared_gate_up=0.024 ms
ds4: metal layer stage part=ffn layer=5 pos=42 tokens=4 shared_down=0.257 ms
ds4: metal layer stage part=ffn layer=5 pos=42 tokens=4 hc_post=0.025 ms
ds4: metal layer stage part=attn layer=6 pos=42 tokens=4 row_hc_f16_rows=0.236 ms
ds4: metal layer stage part=attn layer=6 pos=42 tokens=4 q_path=0.495 ms
ds4: metal layer stage part=attn layer=6 pos=42 tokens=4 kv_path=0.285 ms
ds4: metal layer stage part=attn layer=6 pos=42 tokens=4 compressor=0.291 ms
ds4: metal layer stage part=attn layer=6 pos=42 tokens=4 indexer_setup=0.025 ms
ds4: metal layer stage part=attn layer=6 pos=42 tokens=4 attention=0.551 ms
ds4: metal layer stage part=attn layer=6 pos=42 tokens=4 row_output_hc=0.525 ms
ds4: metal layer stage part=attn layer=6 pos=42 tokens=4 hc_post=0.022 ms
ds4: metal layer stage part=ffn layer=6 pos=42 tokens=4 router=0.020 ms
ds4: metal layer stage part=ffn layer=6 pos=42 tokens=4 routed_moe=0.022 ms
ds4: metal layer stage part=ffn layer=6 pos=42 tokens=4 shared_gate_up=0.026 ms
ds4: metal layer stage part=ffn layer=6 pos=42 tokens=4 shared_down=0.257 ms
ds4: metal layer stage part=ffn layer=6 pos=42 tokens=4 hc_post=0.025 ms
ds4: metal layer stage part=attn layer=7 pos=42 tokens=4 row_hc_f16_rows=0.243 ms
ds4: metal layer stage part=attn layer=7 pos=42 tokens=4 q_path=0.495 ms
ds4: metal layer stage part=attn layer=7 pos=42 tokens=4 kv_path=0.274 ms
ds4: metal layer stage part=attn layer=7 pos=42 tokens=4 compressor=0.028 ms
ds4: metal layer stage part=attn layer=7 pos=42 tokens=4 attention=0.534 ms
ds4: metal layer stage part=attn layer=7 pos=42 tokens=4 row_output_hc=0.499 ms
ds4: metal layer stage part=attn layer=7 pos=42 tokens=4 hc_post=0.027 ms
ds4: metal layer stage part=ffn layer=7 pos=42 tokens=4 router=0.020 ms
ds4: metal layer stage part=ffn layer=7 pos=42 tokens=4 routed_moe=0.028 ms
ds4: metal layer stage part=ffn layer=7 pos=42 tokens=4 shared_gate_up=0.020 ms
ds4: metal layer stage part=ffn layer=7 pos=42 tokens=4 shared_down=0.258 ms
ds4: metal layer stage part=ffn layer=7 pos=42 tokens=4 hc_post=0.019 ms
ds4: metal layer stage part=attn layer=8 pos=42 tokens=4 row_hc_f16_rows=0.247 ms
ds4: metal layer stage part=attn layer=8 pos=42 tokens=4 q_path=0.512 ms
ds4: metal layer stage part=attn layer=8 pos=42 tokens=4 kv_path=0.251 ms
ds4: metal layer stage part=attn layer=8 pos=42 tokens=4 compressor=0.296 ms
ds4: metal layer stage part=attn layer=8 pos=42 tokens=4 indexer_setup=0.025 ms
ds4: metal layer stage part=attn layer=8 pos=42 tokens=4 attention=0.630 ms
ds4: metal layer stage part=attn layer=8 pos=42 tokens=4 row_output_hc=0.479 ms
ds4: metal layer stage part=attn layer=8 pos=42 tokens=4 hc_post=0.024 ms
ds4: metal layer stage part=ffn layer=8 pos=42 tokens=4 router=0.018 ms
ds4: metal layer stage part=ffn layer=8 pos=42 tokens=4 routed_moe=0.027 ms
ds4: metal layer stage part=ffn layer=8 pos=42 tokens=4 shared_gate_up=0.017 ms
ds4: metal layer stage part=ffn layer=8 pos=42 tokens=4 shared_down=0.254 ms
ds4: metal layer stage part=ffn layer=8 pos=42 tokens=4 hc_post=0.022 ms
ds4: metal layer stage part=attn layer=9 pos=42 tokens=4 row_hc_f16_rows=0.172 ms
ds4: metal layer stage part=attn layer=9 pos=42 tokens=4 q_path=0.504 ms
ds4: metal layer stage part=attn layer=9 pos=42 tokens=4 kv_path=0.211 ms
ds4: metal layer stage part=attn layer=9 pos=42 tokens=4 compressor=0.029 ms
ds4: metal layer stage part=attn layer=9 pos=42 tokens=4 attention=0.510 ms
ds4: metal layer stage part=attn layer=9 pos=42 tokens=4 row_output_hc=0.553 ms
ds4: metal layer stage part=attn layer=9 pos=42 tokens=4 hc_post=0.053 ms
ds4: metal layer stage part=ffn layer=9 pos=42 tokens=4 router=0.026 ms
ds4: metal layer stage part=ffn layer=9 pos=42 tokens=4 routed_moe=0.026 ms
ds4: metal layer stage part=ffn layer=9 pos=42 tokens=4 shared_gate_up=0.026 ms
ds4: metal layer stage part=ffn layer=9 pos=42 tokens=4 shared_down=0.332 ms
ds4: metal layer stage part=ffn layer=9 pos=42 tokens=4 hc_post=0.026 ms
ds4: metal layer stage part=attn layer=10 pos=42 tokens=4 row_hc_f16_rows=0.225 ms
ds4: metal layer stage part=attn layer=10 pos=42 tokens=4 q_path=0.538 ms
ds4: metal layer stage part=attn layer=10 pos=42 tokens=4 kv_path=0.276 ms
ds4: metal layer stage part=attn layer=10 pos=42 tokens=4 compressor=0.303 ms
ds4: metal layer stage part=attn layer=10 pos=42 tokens=4 indexer_setup=0.021 ms
ds4: metal layer stage part=attn layer=10 pos=42 tokens=4 attention=0.629 ms
ds4: metal layer stage part=attn layer=10 pos=42 tokens=4 row_output_hc=0.501 ms
ds4: metal layer stage part=attn layer=10 pos=42 tokens=4 hc_post=0.028 ms
ds4: metal layer stage part=ffn layer=10 pos=42 tokens=4 router=0.021 ms
ds4: metal layer stage part=ffn layer=10 pos=42 tokens=4 routed_moe=0.025 ms
ds4: metal layer stage part=ffn layer=10 pos=42 tokens=4 shared_gate_up=0.021 ms
ds4: metal layer stage part=ffn layer=10 pos=42 tokens=4 shared_down=0.251 ms
ds4: metal layer stage part=ffn layer=10 pos=42 tokens=4 hc_post=0.022 ms
ds4: metal layer stage part=attn layer=11 pos=42 tokens=4 row_hc_f16_rows=0.272 ms
ds4: metal layer stage part=attn layer=11 pos=42 tokens=4 q_path=0.513 ms
ds4: metal layer stage part=attn layer=11 pos=42 tokens=4 kv_path=0.267 ms
ds4: metal layer stage part=attn layer=11 pos=42 tokens=4 compressor=0.026 ms
ds4: metal layer stage part=attn layer=11 pos=42 tokens=4 attention=0.532 ms
ds4: metal layer stage part=attn layer=11 pos=42 tokens=4 row_output_hc=0.524 ms
ds4: metal layer stage part=attn layer=11 pos=42 tokens=4 hc_post=0.027 ms
ds4: metal layer stage part=ffn layer=11 pos=42 tokens=4 router=0.023 ms
ds4: metal layer stage part=ffn layer=11 pos=42 tokens=4 routed_moe=0.029 ms
ds4: metal layer stage part=ffn layer=11 pos=42 tokens=4 shared_gate_up=0.019 ms
ds4: metal layer stage part=ffn layer=11 pos=42 tokens=4 shared_down=0.255 ms
ds4: metal layer stage part=ffn layer=11 pos=42 tokens=4 hc_post=0.020 ms
ds4: metal layer stage part=attn layer=12 pos=42 tokens=4 row_hc_f16_rows=0.247 ms
ds4: metal layer stage part=attn layer=12 pos=42 tokens=4 q_path=0.499 ms
ds4: metal layer stage part=attn layer=12 pos=42 tokens=4 kv_path=0.278 ms
ds4: metal layer stage part=attn layer=12 pos=42 tokens=4 compressor=0.299 ms
ds4: metal layer stage part=attn layer=12 pos=42 tokens=4 indexer_setup=0.021 ms
ds4: metal layer stage part=attn layer=12 pos=42 tokens=4 attention=0.539 ms
ds4: metal layer stage part=attn layer=12 pos=42 tokens=4 row_output_hc=0.535 ms
ds4: metal layer stage part=attn layer=12 pos=42 tokens=4 hc_post=0.024 ms
ds4: metal layer stage part=ffn layer=12 pos=42 tokens=4 router=0.019 ms
ds4: metal layer stage part=ffn layer=12 pos=42 tokens=4 routed_moe=0.025 ms
ds4: metal layer stage part=ffn layer=12 pos=42 tokens=4 shared_gate_up=0.021 ms
ds4: metal layer stage part=ffn layer=12 pos=42 tokens=4 shared_down=0.259 ms
ds4: metal layer stage part=ffn layer=12 pos=42 tokens=4 hc_post=0.030 ms
ds4: metal layer stage part=attn layer=13 pos=42 tokens=4 row_hc_f16_rows=0.226 ms
ds4: metal layer stage part=attn layer=13 pos=42 tokens=4 q_path=0.524 ms
ds4: metal layer stage part=attn layer=13 pos=42 tokens=4 kv_path=0.258 ms
ds4: metal layer stage part=attn layer=13 pos=42 tokens=4 compressor=0.022 ms
ds4: metal layer stage part=attn layer=13 pos=42 tokens=4 attention=0.542 ms
ds4: metal layer stage part=attn layer=13 pos=42 tokens=4 row_output_hc=0.575 ms
ds4: metal layer stage part=attn layer=13 pos=42 tokens=4 hc_post=0.027 ms
ds4: metal layer stage part=ffn layer=13 pos=42 tokens=4 router=0.018 ms
ds4: metal layer stage part=ffn layer=13 pos=42 tokens=4 routed_moe=0.035 ms
ds4: metal layer stage part=ffn layer=13 pos=42 tokens=4 shared_gate_up=0.022 ms
ds4: metal layer stage part=ffn layer=13 pos=42 tokens=4 shared_down=0.307 ms
ds4: metal layer stage part=ffn layer=13 pos=42 tokens=4 hc_post=0.021 ms
ds4: metal layer stage part=attn layer=14 pos=42 tokens=4 row_hc_f16_rows=0.219 ms
ds4: metal layer stage part=attn layer=14 pos=42 tokens=4 q_path=0.556 ms
ds4: metal layer stage part=attn layer=14 pos=42 tokens=4 kv_path=0.279 ms
ds4: metal layer stage part=attn layer=14 pos=42 tokens=4 compressor=0.289 ms
ds4: metal layer stage part=attn layer=14 pos=42 tokens=4 indexer_setup=0.022 ms
ds4: metal layer stage part=attn layer=14 pos=42 tokens=4 attention=0.562 ms
ds4: metal layer stage part=attn layer=14 pos=42 tokens=4 row_output_hc=0.454 ms
ds4: metal layer stage part=attn layer=14 pos=42 tokens=4 hc_post=0.034 ms
ds4: metal layer stage part=ffn layer=14 pos=42 tokens=4 router=0.018 ms
ds4: metal layer stage part=ffn layer=14 pos=42 tokens=4 routed_moe=0.034 ms
ds4: metal layer stage part=ffn layer=14 pos=42 tokens=4 shared_gate_up=0.017 ms
ds4: metal layer stage part=ffn layer=14 pos=42 tokens=4 shared_down=0.263 ms
ds4: metal layer stage part=ffn layer=14 pos=42 tokens=4 hc_post=0.028 ms
ds4: metal layer stage part=attn layer=15 pos=42 tokens=4 row_hc_f16_rows=0.232 ms
ds4: metal layer stage part=attn layer=15 pos=42 tokens=4 q_path=0.529 ms
ds4: metal layer stage part=attn layer=15 pos=42 tokens=4 kv_path=0.242 ms
ds4: metal layer stage part=attn layer=15 pos=42 tokens=4 compressor=0.029 ms
ds4: metal layer stage part=attn layer=15 pos=42 tokens=4 attention=0.547 ms
ds4: metal layer stage part=attn layer=15 pos=42 tokens=4 row_output_hc=0.542 ms
ds4: metal layer stage part=attn layer=15 pos=42 tokens=4 hc_post=0.024 ms
ds4: metal layer stage part=ffn layer=15 pos=42 tokens=4 router=0.018 ms
ds4: metal layer stage part=ffn layer=15 pos=42 tokens=4 routed_moe=0.027 ms
ds4: metal layer stage part=ffn layer=15 pos=42 tokens=4 shared_gate_up=0.022 ms
ds4: metal layer stage part=ffn layer=15 pos=42 tokens=4 shared_down=0.328 ms
ds4: metal layer stage part=ffn layer=15 pos=42 tokens=4 hc_post=0.023 ms
ds4: metal layer stage part=attn layer=16 pos=42 tokens=4 row_hc_f16_rows=0.219 ms
ds4: metal layer stage part=attn layer=16 pos=42 tokens=4 q_path=0.582 ms
ds4: metal layer stage part=attn layer=16 pos=42 tokens=4 kv_path=0.241 ms
ds4: metal layer stage part=attn layer=16 pos=42 tokens=4 compressor=0.299 ms
ds4: metal layer stage part=attn layer=16 pos=42 tokens=4 indexer_setup=0.022 ms
ds4: metal layer stage part=attn layer=16 pos=42 tokens=4 attention=0.632 ms
ds4: metal layer stage part=attn layer=16 pos=42 tokens=4 row_output_hc=0.519 ms
ds4: metal layer stage part=attn layer=16 pos=42 tokens=4 hc_post=0.031 ms
ds4: metal layer stage part=ffn layer=16 pos=42 tokens=4 router=0.020 ms
ds4: metal layer stage part=ffn layer=16 pos=42 tokens=4 routed_moe=0.027 ms
ds4: metal layer stage part=ffn layer=16 pos=42 tokens=4 shared_gate_up=0.025 ms
ds4: metal layer stage part=ffn layer=16 pos=42 tokens=4 shared_down=0.254 ms
ds4: metal layer stage part=ffn layer=16 pos=42 tokens=4 hc_post=0.024 ms
ds4: metal layer stage part=attn layer=17 pos=42 tokens=4 row_hc_f16_rows=0.190 ms
ds4: metal layer stage part=attn layer=17 pos=42 tokens=4 q_path=0.526 ms
ds4: metal layer stage part=attn layer=17 pos=42 tokens=4 kv_path=0.264 ms
ds4: metal layer stage part=attn layer=17 pos=42 tokens=4 compressor=0.018 ms
ds4: metal layer stage part=attn layer=17 pos=42 tokens=4 attention=0.536 ms
ds4: metal layer stage part=attn layer=17 pos=42 tokens=4 row_output_hc=0.551 ms
ds4: metal layer stage part=attn layer=17 pos=42 tokens=4 hc_post=0.025 ms
ds4: metal layer stage part=ffn layer=17 pos=42 tokens=4 router=0.019 ms
ds4: metal layer stage part=ffn layer=17 pos=42 tokens=4 routed_moe=0.026 ms
ds4: metal layer stage part=ffn layer=17 pos=42 tokens=4 shared_gate_up=0.020 ms
ds4: metal layer stage part=ffn layer=17 pos=42 tokens=4 shared_down=0.262 ms
ds4: metal layer stage part=ffn layer=17 pos=42 tokens=4 hc_post=0.021 ms
ds4: metal layer stage part=attn layer=18 pos=42 tokens=4 row_hc_f16_rows=0.244 ms
ds4: metal layer stage part=attn layer=18 pos=42 tokens=4 q_path=0.513 ms
ds4: metal layer stage part=attn layer=18 pos=42 tokens=4 kv_path=0.276 ms
ds4: metal layer stage part=attn layer=18 pos=42 tokens=4 compressor=0.288 ms
ds4: metal layer stage part=attn layer=18 pos=42 tokens=4 indexer_setup=0.026 ms
ds4: metal layer stage part=attn layer=18 pos=42 tokens=4 attention=0.546 ms
ds4: metal layer stage part=attn layer=18 pos=42 tokens=4 row_output_hc=0.519 ms
ds4: metal layer stage part=attn layer=18 pos=42 tokens=4 hc_post=0.024 ms
ds4: metal layer stage part=ffn layer=18 pos=42 tokens=4 router=0.019 ms
ds4: metal layer stage part=ffn layer=18 pos=42 tokens=4 routed_moe=0.030 ms
ds4: metal layer stage part=ffn layer=18 pos=42 tokens=4 shared_gate_up=0.022 ms
ds4: metal layer stage part=ffn layer=18 pos=42 tokens=4 shared_down=0.238 ms
ds4: metal layer stage part=ffn layer=18 pos=42 tokens=4 hc_post=0.023 ms
ds4: metal layer stage part=attn layer=19 pos=42 tokens=4 row_hc_f16_rows=0.213 ms
ds4: metal layer stage part=attn layer=19 pos=42 tokens=4 q_path=0.540 ms
ds4: metal layer stage part=attn layer=19 pos=42 tokens=4 kv_path=0.228 ms
ds4: metal layer stage part=attn layer=19 pos=42 tokens=4 compressor=0.024 ms
ds4: metal layer stage part=attn layer=19 pos=42 tokens=4 attention=0.642 ms
ds4: metal layer stage part=attn layer=19 pos=42 tokens=4 row_output_hc=0.634 ms
ds4: metal layer stage part=attn layer=19 pos=42 tokens=4 hc_post=0.060 ms
ds4: metal layer stage part=ffn layer=19 pos=42 tokens=4 router=0.020 ms
ds4: metal layer stage part=ffn layer=19 pos=42 tokens=4 routed_moe=0.024 ms
ds4: metal layer stage part=ffn layer=19 pos=42 tokens=4 shared_gate_up=0.017 ms
ds4: metal layer stage part=ffn layer=19 pos=42 tokens=4 shared_down=0.241 ms
ds4: metal layer stage part=ffn layer=19 pos=42 tokens=4 hc_post=0.021 ms
ds4: metal layer stage part=attn layer=20 pos=42 tokens=4 row_hc_f16_rows=0.213 ms
ds4: metal layer stage part=attn layer=20 pos=42 tokens=4 q_path=0.464 ms
ds4: metal layer stage part=attn layer=20 pos=42 tokens=4 kv_path=0.265 ms
ds4: metal layer stage part=attn layer=20 pos=42 tokens=4 compressor=0.278 ms
ds4: metal layer stage part=attn layer=20 pos=42 tokens=4 indexer_setup=0.027 ms
ds4: metal layer stage part=attn layer=20 pos=42 tokens=4 attention=0.576 ms
ds4: metal layer stage part=attn layer=20 pos=42 tokens=4 row_output_hc=0.457 ms
ds4: metal layer stage part=attn layer=20 pos=42 tokens=4 hc_post=0.021 ms
ds4: metal layer stage part=ffn layer=20 pos=42 tokens=4 router=0.021 ms
ds4: metal layer stage part=ffn layer=20 pos=42 tokens=4 routed_moe=0.032 ms
ds4: metal layer stage part=ffn layer=20 pos=42 tokens=4 shared_gate_up=0.020 ms
ds4: metal layer stage part=ffn layer=20 pos=42 tokens=4 shared_down=0.246 ms
ds4: metal layer stage part=ffn layer=20 pos=42 tokens=4 hc_post=0.024 ms
ds4: metal layer stage part=attn layer=21 pos=42 tokens=4 row_hc_f16_rows=0.242 ms
ds4: metal layer stage part=attn layer=21 pos=42 tokens=4 q_path=0.500 ms
ds4: metal layer stage part=attn layer=21 pos=42 tokens=4 kv_path=0.267 ms
ds4: metal layer stage part=attn layer=21 pos=42 tokens=4 compressor=0.022 ms
ds4: metal layer stage part=attn layer=21 pos=42 tokens=4 attention=0.581 ms
ds4: metal layer stage part=attn layer=21 pos=42 tokens=4 row_output_hc=0.563 ms
ds4: metal layer stage part=attn layer=21 pos=42 tokens=4 hc_post=0.026 ms
ds4: metal layer stage part=ffn layer=21 pos=42 tokens=4 router=0.021 ms
ds4: metal layer stage part=ffn layer=21 pos=42 tokens=4 routed_moe=0.025 ms
ds4: metal layer stage part=ffn layer=21 pos=42 tokens=4 shared_gate_up=0.028 ms
ds4: metal layer stage part=ffn layer=21 pos=42 tokens=4 shared_down=0.316 ms
ds4: metal layer stage part=ffn layer=21 pos=42 tokens=4 hc_post=0.023 ms
ds4: metal layer stage part=attn layer=22 pos=42 tokens=4 row_hc_f16_rows=0.206 ms
ds4: metal layer stage part=attn layer=22 pos=42 tokens=4 q_path=1.313 ms
ds4: metal layer stage part=attn layer=22 pos=42 tokens=4 kv_path=0.312 ms
ds4: metal layer stage part=attn layer=22 pos=42 tokens=4 compressor=0.291 ms
ds4: metal layer stage part=attn layer=22 pos=42 tokens=4 indexer_setup=0.026 ms
ds4: metal layer stage part=attn layer=22 pos=42 tokens=4 attention=0.550 ms
ds4: metal layer stage part=attn layer=22 pos=42 tokens=4 row_output_hc=0.449 ms
ds4: metal layer stage part=attn layer=22 pos=42 tokens=4 hc_post=0.026 ms
ds4: metal layer stage part=ffn layer=22 pos=42 tokens=4 router=0.022 ms
ds4: metal layer stage part=ffn layer=22 pos=42 tokens=4 routed_moe=0.022 ms
ds4: metal layer stage part=ffn layer=22 pos=42 tokens=4 shared_gate_up=0.017 ms
ds4: metal layer stage part=ffn layer=22 pos=42 tokens=4 shared_down=0.244 ms
ds4: metal layer stage part=ffn layer=22 pos=42 tokens=4 hc_post=0.027 ms
ds4: metal layer stage part=attn layer=23 pos=42 tokens=4 row_hc_f16_rows=0.324 ms
ds4: metal layer stage part=attn layer=23 pos=42 tokens=4 q_path=0.563 ms
ds4: metal layer stage part=attn layer=23 pos=42 tokens=4 kv_path=0.259 ms
ds4: metal layer stage part=attn layer=23 pos=42 tokens=4 compressor=0.020 ms
ds4: metal layer stage part=attn layer=23 pos=42 tokens=4 attention=0.504 ms
ds4: metal layer stage part=attn layer=23 pos=42 tokens=4 row_output_hc=0.532 ms
ds4: metal layer stage part=attn layer=23 pos=42 tokens=4 hc_post=0.023 ms
ds4: metal layer stage part=ffn layer=23 pos=42 tokens=4 router=0.019 ms
ds4: metal layer stage part=ffn layer=23 pos=42 tokens=4 routed_moe=0.021 ms
ds4: metal layer stage part=ffn layer=23 pos=42 tokens=4 shared_gate_up=0.016 ms
ds4: metal layer stage part=ffn layer=23 pos=42 tokens=4 shared_down=0.244 ms
ds4: metal layer stage part=ffn layer=23 pos=42 tokens=4 hc_post=0.023 ms
ds4: metal layer stage part=attn layer=24 pos=42 tokens=4 row_hc_f16_rows=0.204 ms
ds4: metal layer stage part=attn layer=24 pos=42 tokens=4 q_path=0.468 ms
ds4: metal layer stage part=attn layer=24 pos=42 tokens=4 kv_path=0.239 ms
ds4: metal layer stage part=attn layer=24 pos=42 tokens=4 compressor=0.273 ms
ds4: metal layer stage part=attn layer=24 pos=42 tokens=4 indexer_setup=0.021 ms
ds4: metal layer stage part=attn layer=24 pos=42 tokens=4 attention=0.555 ms
ds4: metal layer stage part=attn layer=24 pos=42 tokens=4 row_output_hc=0.463 ms
ds4: metal layer stage part=attn layer=24 pos=42 tokens=4 hc_post=0.023 ms
ds4: metal layer stage part=ffn layer=24 pos=42 tokens=4 router=0.021 ms
ds4: metal layer stage part=ffn layer=24 pos=42 tokens=4 routed_moe=0.028 ms
ds4: metal layer stage part=ffn layer=24 pos=42 tokens=4 shared_gate_up=0.023 ms
ds4: metal layer stage part=ffn layer=24 pos=42 tokens=4 shared_down=0.250 ms
ds4: metal layer stage part=ffn layer=24 pos=42 tokens=4 hc_post=0.020 ms
ds4: metal layer stage part=attn layer=25 pos=42 tokens=4 row_hc_f16_rows=0.329 ms
ds4: metal layer stage part=attn layer=25 pos=42 tokens=4 q_path=0.554 ms
ds4: metal layer stage part=attn layer=25 pos=42 tokens=4 kv_path=0.258 ms
ds4: metal layer stage part=attn layer=25 pos=42 tokens=4 compressor=0.026 ms
ds4: metal layer stage part=attn layer=25 pos=42 tokens=4 attention=0.497 ms
ds4: metal layer stage part=attn layer=25 pos=42 tokens=4 row_output_hc=0.486 ms
ds4: metal layer stage part=attn layer=25 pos=42 tokens=4 hc_post=0.025 ms
ds4: metal layer stage part=ffn layer=25 pos=42 tokens=4 router=0.021 ms
ds4: metal layer stage part=ffn layer=25 pos=42 tokens=4 routed_moe=0.023 ms
ds4: metal layer stage part=ffn layer=25 pos=42 tokens=4 shared_gate_up=0.024 ms
ds4: metal layer stage part=ffn layer=25 pos=42 tokens=4 shared_down=0.258 ms
ds4: metal layer stage part=ffn layer=25 pos=42 tokens=4 hc_post=0.023 ms
ds4: metal layer stage part=attn layer=26 pos=42 tokens=4 row_hc_f16_rows=0.247 ms
ds4: metal layer stage part=attn layer=26 pos=42 tokens=4 q_path=0.508 ms
ds4: metal layer stage part=attn layer=26 pos=42 tokens=4 kv_path=0.275 ms
ds4: metal layer stage part=attn layer=26 pos=42 tokens=4 compressor=0.280 ms
ds4: metal layer stage part=attn layer=26 pos=42 tokens=4 indexer_setup=0.027 ms
ds4: metal layer stage part=attn layer=26 pos=42 tokens=4 attention=0.549 ms
ds4: metal layer stage part=attn layer=26 pos=42 tokens=4 row_output_hc=0.538 ms
ds4: metal layer stage part=attn layer=26 pos=42 tokens=4 hc_post=0.026 ms
ds4: metal layer stage part=ffn layer=26 pos=42 tokens=4 router=0.017 ms
ds4: metal layer stage part=ffn layer=26 pos=42 tokens=4 routed_moe=0.028 ms
ds4: metal layer stage part=ffn layer=26 pos=42 tokens=4 shared_gate_up=0.024 ms
ds4: metal layer stage part=ffn layer=26 pos=42 tokens=4 shared_down=0.386 ms
ds4: metal layer stage part=ffn layer=26 pos=42 tokens=4 hc_post=0.024 ms
ds4: metal layer stage part=attn layer=27 pos=42 tokens=4 row_hc_f16_rows=0.199 ms
ds4: metal layer stage part=attn layer=27 pos=42 tokens=4 q_path=0.510 ms
ds4: metal layer stage part=attn layer=27 pos=42 tokens=4 kv_path=0.277 ms
ds4: metal layer stage part=attn layer=27 pos=42 tokens=4 compressor=0.021 ms
ds4: metal layer stage part=attn layer=27 pos=42 tokens=4 attention=0.519 ms
ds4: metal layer stage part=attn layer=27 pos=42 tokens=4 row_output_hc=0.482 ms
ds4: metal layer stage part=attn layer=27 pos=42 tokens=4 hc_post=0.020 ms
ds4: metal layer stage part=ffn layer=27 pos=42 tokens=4 router=0.019 ms
ds4: metal layer stage part=ffn layer=27 pos=42 tokens=4 routed_moe=0.025 ms
ds4: metal layer stage part=ffn layer=27 pos=42 tokens=4 shared_gate_up=0.021 ms
ds4: metal layer stage part=ffn layer=27 pos=42 tokens=4 shared_down=0.269 ms
ds4: metal layer stage part=ffn layer=27 pos=42 tokens=4 hc_post=0.026 ms
ds4: metal layer stage part=attn layer=28 pos=42 tokens=4 row_hc_f16_rows=0.223 ms
ds4: metal layer stage part=attn layer=28 pos=42 tokens=4 q_path=0.528 ms
ds4: metal layer stage part=attn layer=28 pos=42 tokens=4 kv_path=0.260 ms
ds4: metal layer stage part=attn layer=28 pos=42 tokens=4 compressor=0.286 ms
ds4: metal layer stage part=attn layer=28 pos=42 tokens=4 indexer_setup=0.026 ms
ds4: metal layer stage part=attn layer=28 pos=42 tokens=4 attention=0.548 ms
ds4: metal layer stage part=attn layer=28 pos=42 tokens=4 row_output_hc=0.533 ms
ds4: metal layer stage part=attn layer=28 pos=42 tokens=4 hc_post=0.024 ms
ds4: metal layer stage part=ffn layer=28 pos=42 tokens=4 router=0.017 ms
ds4: metal layer stage part=ffn layer=28 pos=42 tokens=4 routed_moe=0.028 ms
ds4: metal layer stage part=ffn layer=28 pos=42 tokens=4 shared_gate_up=0.019 ms
ds4: metal layer stage part=ffn layer=28 pos=42 tokens=4 shared_down=0.249 ms
ds4: metal layer stage part=ffn layer=28 pos=42 tokens=4 hc_post=0.020 ms
ds4: metal layer stage part=attn layer=29 pos=42 tokens=4 row_hc_f16_rows=0.247 ms
ds4: metal layer stage part=attn layer=29 pos=42 tokens=4 q_path=0.508 ms
ds4: metal layer stage part=attn layer=29 pos=42 tokens=4 kv_path=0.204 ms
ds4: metal layer stage part=attn layer=29 pos=42 tokens=4 compressor=0.025 ms
ds4: metal layer stage part=attn layer=29 pos=42 tokens=4 attention=0.581 ms
ds4: metal layer stage part=attn layer=29 pos=42 tokens=4 row_output_hc=0.507 ms
ds4: metal layer stage part=attn layer=29 pos=42 tokens=4 hc_post=0.027 ms
ds4: metal layer stage part=ffn layer=29 pos=42 tokens=4 router=0.025 ms
ds4: metal layer stage part=ffn layer=29 pos=42 tokens=4 routed_moe=0.030 ms
ds4: metal layer stage part=ffn layer=29 pos=42 tokens=4 shared_gate_up=0.022 ms
ds4: metal layer stage part=ffn layer=29 pos=42 tokens=4 shared_down=0.234 ms
ds4: metal layer stage part=ffn layer=29 pos=42 tokens=4 hc_post=0.028 ms
ds4: metal layer stage part=attn layer=30 pos=42 tokens=4 row_hc_f16_rows=0.195 ms
ds4: metal layer stage part=attn layer=30 pos=42 tokens=4 q_path=0.514 ms
ds4: metal layer stage part=attn layer=30 pos=42 tokens=4 kv_path=0.257 ms
ds4: metal layer stage part=attn layer=30 pos=42 tokens=4 compressor=0.306 ms
ds4: metal layer stage part=attn layer=30 pos=42 tokens=4 indexer_setup=0.020 ms
ds4: metal layer stage part=attn layer=30 pos=42 tokens=4 attention=0.564 ms
ds4: metal layer stage part=attn layer=30 pos=42 tokens=4 row_output_hc=0.456 ms
ds4: metal layer stage part=attn layer=30 pos=42 tokens=4 hc_post=0.023 ms
ds4: metal layer stage part=ffn layer=30 pos=42 tokens=4 router=0.020 ms
ds4: metal layer stage part=ffn layer=30 pos=42 tokens=4 routed_moe=0.034 ms
ds4: metal layer stage part=ffn layer=30 pos=42 tokens=4 shared_gate_up=0.020 ms
ds4: metal layer stage part=ffn layer=30 pos=42 tokens=4 shared_down=0.250 ms
ds4: metal layer stage part=ffn layer=30 pos=42 tokens=4 hc_post=0.025 ms
ds4: metal layer stage part=attn layer=31 pos=42 tokens=4 row_hc_f16_rows=0.230 ms
ds4: metal layer stage part=attn layer=31 pos=42 tokens=4 q_path=0.514 ms
ds4: metal layer stage part=attn layer=31 pos=42 tokens=4 kv_path=0.273 ms
ds4: metal layer stage part=attn layer=31 pos=42 tokens=4 compressor=0.024 ms
ds4: metal layer stage part=attn layer=31 pos=42 tokens=4 attention=0.543 ms
ds4: metal layer stage part=attn layer=31 pos=42 tokens=4 row_output_hc=0.516 ms
ds4: metal layer stage part=attn layer=31 pos=42 tokens=4 hc_post=0.029 ms
ds4: metal layer stage part=ffn layer=31 pos=42 tokens=4 router=0.018 ms
ds4: metal layer stage part=ffn layer=31 pos=42 tokens=4 routed_moe=0.033 ms
ds4: metal layer stage part=ffn layer=31 pos=42 tokens=4 shared_gate_up=0.019 ms
ds4: metal layer stage part=ffn layer=31 pos=42 tokens=4 shared_down=0.248 ms
ds4: metal layer stage part=ffn layer=31 pos=42 tokens=4 hc_post=0.023 ms
ds4: metal layer stage part=attn layer=32 pos=42 tokens=4 row_hc_f16_rows=0.246 ms
ds4: metal layer stage part=attn layer=32 pos=42 tokens=4 q_path=0.499 ms
ds4: metal layer stage part=attn layer=32 pos=42 tokens=4 kv_path=0.198 ms
ds4: metal layer stage part=attn layer=32 pos=42 tokens=4 compressor=0.234 ms
ds4: metal layer stage part=attn layer=32 pos=42 tokens=4 indexer_setup=0.018 ms
ds4: metal layer stage part=attn layer=32 pos=42 tokens=4 attention=0.550 ms
ds4: metal layer stage part=attn layer=32 pos=42 tokens=4 row_output_hc=0.590 ms
ds4: metal layer stage part=attn layer=32 pos=42 tokens=4 hc_post=0.022 ms
ds4: metal layer stage part=ffn layer=32 pos=42 tokens=4 router=0.021 ms
ds4: metal layer stage part=ffn layer=32 pos=42 tokens=4 routed_moe=0.030 ms
ds4: metal layer stage part=ffn layer=32 pos=42 tokens=4 shared_gate_up=0.022 ms
ds4: metal layer stage part=ffn layer=32 pos=42 tokens=4 shared_down=0.230 ms
ds4: metal layer stage part=ffn layer=32 pos=42 tokens=4 hc_post=0.029 ms
ds4: metal layer stage part=attn layer=33 pos=42 tokens=4 row_hc_f16_rows=0.217 ms
ds4: metal layer stage part=attn layer=33 pos=42 tokens=4 q_path=0.474 ms
ds4: metal layer stage part=attn layer=33 pos=42 tokens=4 kv_path=0.250 ms
ds4: metal layer stage part=attn layer=33 pos=42 tokens=4 compressor=0.024 ms
ds4: metal layer stage part=attn layer=33 pos=42 tokens=4 attention=0.548 ms
ds4: metal layer stage part=attn layer=33 pos=42 tokens=4 row_output_hc=0.476 ms
ds4: metal layer stage part=attn layer=33 pos=42 tokens=4 hc_post=0.024 ms
ds4: metal layer stage part=ffn layer=33 pos=42 tokens=4 router=0.018 ms
ds4: metal layer stage part=ffn layer=33 pos=42 tokens=4 routed_moe=0.033 ms
ds4: metal layer stage part=ffn layer=33 pos=42 tokens=4 shared_gate_up=0.020 ms
ds4: metal layer stage part=ffn layer=33 pos=42 tokens=4 shared_down=0.255 ms
ds4: metal layer stage part=ffn layer=33 pos=42 tokens=4 hc_post=0.021 ms
ds4: metal layer stage part=attn layer=34 pos=42 tokens=4 row_hc_f16_rows=0.235 ms
ds4: metal layer stage part=attn layer=34 pos=42 tokens=4 q_path=0.506 ms
ds4: metal layer stage part=attn layer=34 pos=42 tokens=4 kv_path=0.279 ms
ds4: metal layer stage part=attn layer=34 pos=42 tokens=4 compressor=0.281 ms
ds4: metal layer stage part=attn layer=34 pos=42 tokens=4 indexer_setup=0.028 ms
ds4: metal layer stage part=attn layer=34 pos=42 tokens=4 attention=0.545 ms
ds4: metal layer stage part=attn layer=34 pos=42 tokens=4 row_output_hc=0.541 ms
ds4: metal layer stage part=attn layer=34 pos=42 tokens=4 hc_post=0.028 ms
ds4: metal layer stage part=ffn layer=34 pos=42 tokens=4 router=0.019 ms
ds4: metal layer stage part=ffn layer=34 pos=42 tokens=4 routed_moe=0.028 ms
ds4: metal layer stage part=ffn layer=34 pos=42 tokens=4 shared_gate_up=0.024 ms
ds4: metal layer stage part=ffn layer=34 pos=42 tokens=4 shared_down=0.267 ms
ds4: metal layer stage part=ffn layer=34 pos=42 tokens=4 hc_post=0.031 ms
ds4: metal layer stage part=attn layer=35 pos=42 tokens=4 row_hc_f16_rows=0.211 ms
ds4: metal layer stage part=attn layer=35 pos=42 tokens=4 q_path=0.541 ms
ds4: metal layer stage part=attn layer=35 pos=42 tokens=4 kv_path=0.287 ms
ds4: metal layer stage part=attn layer=35 pos=42 tokens=4 compressor=0.025 ms
ds4: metal layer stage part=attn layer=35 pos=42 tokens=4 attention=0.599 ms
ds4: metal layer stage part=attn layer=35 pos=42 tokens=4 row_output_hc=0.582 ms
ds4: metal layer stage part=attn layer=35 pos=42 tokens=4 hc_post=0.026 ms
ds4: metal layer stage part=ffn layer=35 pos=42 tokens=4 router=0.020 ms
ds4: metal layer stage part=ffn layer=35 pos=42 tokens=4 routed_moe=0.028 ms
ds4: metal layer stage part=ffn layer=35 pos=42 tokens=4 shared_gate_up=0.019 ms
ds4: metal layer stage part=ffn layer=35 pos=42 tokens=4 shared_down=0.259 ms
ds4: metal layer stage part=ffn layer=35 pos=42 tokens=4 hc_post=0.023 ms
ds4: metal layer stage part=attn layer=36 pos=42 tokens=4 row_hc_f16_rows=0.219 ms
ds4: metal layer stage part=attn layer=36 pos=42 tokens=4 q_path=0.495 ms
ds4: metal layer stage part=attn layer=36 pos=42 tokens=4 kv_path=0.241 ms
ds4: metal layer stage part=attn layer=36 pos=42 tokens=4 compressor=0.281 ms
ds4: metal layer stage part=attn layer=36 pos=42 tokens=4 indexer_setup=0.026 ms
ds4: metal layer stage part=attn layer=36 pos=42 tokens=4 attention=0.554 ms
ds4: metal layer stage part=attn layer=36 pos=42 tokens=4 row_output_hc=0.475 ms
ds4: metal layer stage part=attn layer=36 pos=42 tokens=4 hc_post=0.027 ms
ds4: metal layer stage part=ffn layer=36 pos=42 tokens=4 router=0.019 ms
ds4: metal layer stage part=ffn layer=36 pos=42 tokens=4 routed_moe=0.030 ms
ds4: metal layer stage part=ffn layer=36 pos=42 tokens=4 shared_gate_up=0.021 ms
ds4: metal layer stage part=ffn layer=36 pos=42 tokens=4 shared_down=0.320 ms
ds4: metal layer stage part=ffn layer=36 pos=42 tokens=4 hc_post=0.019 ms
ds4: metal layer stage part=attn layer=37 pos=42 tokens=4 row_hc_f16_rows=0.214 ms
ds4: metal layer stage part=attn layer=37 pos=42 tokens=4 q_path=0.569 ms
ds4: metal layer stage part=attn layer=37 pos=42 tokens=4 kv_path=0.255 ms
ds4: metal layer stage part=attn layer=37 pos=42 tokens=4 compressor=0.019 ms
ds4: metal layer stage part=attn layer=37 pos=42 tokens=4 attention=0.519 ms
ds4: metal layer stage part=attn layer=37 pos=42 tokens=4 row_output_hc=0.490 ms
ds4: metal layer stage part=attn layer=37 pos=42 tokens=4 hc_post=0.024 ms
ds4: metal layer stage part=ffn layer=37 pos=42 tokens=4 router=0.020 ms
ds4: metal layer stage part=ffn layer=37 pos=42 tokens=4 routed_moe=0.030 ms
ds4: metal layer stage part=ffn layer=37 pos=42 tokens=4 shared_gate_up=0.025 ms
ds4: metal layer stage part=ffn layer=37 pos=42 tokens=4 shared_down=0.333 ms
ds4: metal layer stage part=ffn layer=37 pos=42 tokens=4 hc_post=0.028 ms
ds4: metal layer stage part=attn layer=38 pos=42 tokens=4 row_hc_f16_rows=0.224 ms
ds4: metal layer stage part=attn layer=38 pos=42 tokens=4 q_path=0.555 ms
ds4: metal layer stage part=attn layer=38 pos=42 tokens=4 kv_path=0.257 ms
ds4: metal layer stage part=attn layer=38 pos=42 tokens=4 compressor=0.281 ms
ds4: metal layer stage part=attn layer=38 pos=42 tokens=4 indexer_setup=0.023 ms
ds4: metal layer stage part=attn layer=38 pos=42 tokens=4 attention=0.553 ms
ds4: metal layer stage part=attn layer=38 pos=42 tokens=4 row_output_hc=0.466 ms
ds4: metal layer stage part=attn layer=38 pos=42 tokens=4 hc_post=0.027 ms
ds4: metal layer stage part=ffn layer=38 pos=42 tokens=4 router=0.018 ms
ds4: metal layer stage part=ffn layer=38 pos=42 tokens=4 routed_moe=0.034 ms
ds4: metal layer stage part=ffn layer=38 pos=42 tokens=4 shared_gate_up=0.024 ms
ds4: metal layer stage part=ffn layer=38 pos=42 tokens=4 shared_down=0.300 ms
ds4: metal layer stage part=ffn layer=38 pos=42 tokens=4 hc_post=0.022 ms
ds4: metal layer stage part=attn layer=39 pos=42 tokens=4 row_hc_f16_rows=0.222 ms
ds4: metal layer stage part=attn layer=39 pos=42 tokens=4 q_path=0.492 ms
ds4: metal layer stage part=attn layer=39 pos=42 tokens=4 kv_path=0.244 ms
ds4: metal layer stage part=attn layer=39 pos=42 tokens=4 compressor=0.029 ms
ds4: metal layer stage part=attn layer=39 pos=42 tokens=4 attention=0.544 ms
ds4: metal layer stage part=attn layer=39 pos=42 tokens=4 row_output_hc=0.506 ms
ds4: metal layer stage part=attn layer=39 pos=42 tokens=4 hc_post=0.024 ms
ds4: metal layer stage part=ffn layer=39 pos=42 tokens=4 router=0.018 ms
ds4: metal layer stage part=ffn layer=39 pos=42 tokens=4 routed_moe=0.033 ms
ds4: metal layer stage part=ffn layer=39 pos=42 tokens=4 shared_gate_up=0.024 ms
ds4: metal layer stage part=ffn layer=39 pos=42 tokens=4 shared_down=0.234 ms
ds4: metal layer stage part=ffn layer=39 pos=42 tokens=4 hc_post=0.033 ms
ds4: metal layer stage part=attn layer=40 pos=42 tokens=4 row_hc_f16_rows=0.197 ms
ds4: metal layer stage part=attn layer=40 pos=42 tokens=4 q_path=0.498 ms
ds4: metal layer stage part=attn layer=40 pos=42 tokens=4 kv_path=0.269 ms
ds4: metal layer stage part=attn layer=40 pos=42 tokens=4 compressor=0.291 ms
ds4: metal layer stage part=attn layer=40 pos=42 tokens=4 indexer_setup=0.024 ms
ds4: metal layer stage part=attn layer=40 pos=42 tokens=4 attention=0.561 ms
ds4: metal layer stage part=attn layer=40 pos=42 tokens=4 row_output_hc=0.454 ms
ds4: metal layer stage part=attn layer=40 pos=42 tokens=4 hc_post=0.021 ms
ds4: metal layer stage part=ffn layer=40 pos=42 tokens=4 router=0.018 ms
ds4: metal layer stage part=ffn layer=40 pos=42 tokens=4 routed_moe=0.029 ms
ds4: metal layer stage part=ffn layer=40 pos=42 tokens=4 shared_gate_up=0.025 ms
ds4: metal layer stage part=ffn layer=40 pos=42 tokens=4 shared_down=0.262 ms
ds4: metal layer stage part=ffn layer=40 pos=42 tokens=4 hc_post=0.026 ms
ds4: metal layer stage part=attn layer=41 pos=42 tokens=4 row_hc_f16_rows=0.270 ms
ds4: metal layer stage part=attn layer=41 pos=42 tokens=4 q_path=0.500 ms
ds4: metal layer stage part=attn layer=41 pos=42 tokens=4 kv_path=0.192 ms
ds4: metal layer stage part=attn layer=41 pos=42 tokens=4 compressor=0.023 ms
ds4: metal layer stage part=attn layer=41 pos=42 tokens=4 attention=0.644 ms
ds4: metal layer stage part=attn layer=41 pos=42 tokens=4 row_output_hc=0.514 ms
ds4: metal layer stage part=attn layer=41 pos=42 tokens=4 hc_post=0.022 ms
ds4: metal layer stage part=ffn layer=41 pos=42 tokens=4 router=0.020 ms
ds4: metal layer stage part=ffn layer=41 pos=42 tokens=4 routed_moe=0.030 ms
ds4: metal layer stage part=ffn layer=41 pos=42 tokens=4 shared_gate_up=0.016 ms
ds4: metal layer stage part=ffn layer=41 pos=42 tokens=4 shared_down=0.258 ms
ds4: metal layer stage part=ffn layer=41 pos=42 tokens=4 hc_post=0.021 ms
ds4: metal layer stage part=attn layer=42 pos=42 tokens=4 row_hc_f16_rows=0.255 ms
ds4: metal layer stage part=attn layer=42 pos=42 tokens=4 q_path=0.511 ms
ds4: metal layer stage part=attn layer=42 pos=42 tokens=4 kv_path=0.264 ms
ds4: metal layer stage part=attn layer=42 pos=42 tokens=4 compressor=0.222 ms
ds4: metal layer stage part=attn layer=42 pos=42 tokens=4 indexer_setup=0.023 ms
ds4: metal layer stage part=attn layer=42 pos=42 tokens=4 attention=0.541 ms
ds4: metal layer stage part=attn layer=42 pos=42 tokens=4 row_output_hc=0.537 ms
ds4: metal layer stage part=attn layer=42 pos=42 tokens=4 hc_post=0.026 ms
ds4: metal layer stage part=ffn layer=42 pos=42 tokens=4 router=0.020 ms
ds4: metal layer stage part=ffn layer=42 pos=42 tokens=4 routed_moe=0.020 ms
ds4: metal layer stage part=ffn layer=42 pos=42 tokens=4 shared_gate_up=0.021 ms
ds4: metal layer stage part=ffn layer=42 pos=42 tokens=4 shared_down=0.310 ms
ds4: metal layer stage part=ffn layer=42 pos=42 tokens=4 hc_post=0.020 ms
ds4: dspark hybrid verifier profile n=4 layers=43 exact_prefix=0.000 ms attention=98.661 ms row_ffn_pre=9.555 ms row_router=12.000 ms batch_router=0.000 ms row_routed=34.127 ms row_shared=12.006 ms batch_tail=16.501 ms target_hidden=1.415 ms head=1.517 ms read=0.026 ms total=185.824 ms
ds4: metal layer stage part=attn layer=0 pos=47 tokens=4 row_hc_f16_rows=0.252 ms
ds4: metal layer stage part=attn layer=0 pos=47 tokens=4 q_path=0.512 ms
ds4: metal layer stage part=attn layer=0 pos=47 tokens=4 kv_path=0.336 ms
ds4: metal layer stage part=attn layer=0 pos=47 tokens=4 attention=0.460 ms
ds4: metal layer stage part=attn layer=0 pos=47 tokens=4 row_output_hc=0.509 ms
ds4: metal layer stage part=attn layer=0 pos=47 tokens=4 hc_post=0.023 ms
ds4: metal layer stage part=ffn layer=0 pos=47 tokens=4 router=0.018 ms
ds4: metal layer stage part=ffn layer=0 pos=47 tokens=4 routed_moe=0.030 ms
ds4: metal layer stage part=ffn layer=0 pos=47 tokens=4 shared_gate_up=0.019 ms
ds4: metal layer stage part=ffn layer=0 pos=47 tokens=4 shared_down=0.251 ms
ds4: metal layer stage part=ffn layer=0 pos=47 tokens=4 hc_post=0.027 ms
ds4: metal layer stage part=attn layer=1 pos=47 tokens=4 row_hc_f16_rows=0.183 ms
ds4: metal layer stage part=attn layer=1 pos=47 tokens=4 q_path=0.504 ms
ds4: metal layer stage part=attn layer=1 pos=47 tokens=4 kv_path=0.260 ms
ds4: metal layer stage part=attn layer=1 pos=47 tokens=4 attention=0.395 ms
ds4: metal layer stage part=attn layer=1 pos=47 tokens=4 row_output_hc=0.474 ms
ds4: metal layer stage part=attn layer=1 pos=47 tokens=4 hc_post=0.036 ms
ds4: metal layer stage part=ffn layer=1 pos=47 tokens=4 router=0.023 ms
ds4: metal layer stage part=ffn layer=1 pos=47 tokens=4 routed_moe=0.029 ms
ds4: metal layer stage part=ffn layer=1 pos=47 tokens=4 shared_gate_up=0.018 ms
ds4: metal layer stage part=ffn layer=1 pos=47 tokens=4 shared_down=0.258 ms
ds4: metal layer stage part=ffn layer=1 pos=47 tokens=4 hc_post=0.025 ms
ds4: metal layer stage part=attn layer=2 pos=47 tokens=4 row_hc_f16_rows=0.216 ms
ds4: metal layer stage part=attn layer=2 pos=47 tokens=4 q_path=0.504 ms
ds4: metal layer stage part=attn layer=2 pos=47 tokens=4 kv_path=0.253 ms
ds4: metal layer stage part=attn layer=2 pos=47 tokens=4 compressor=0.312 ms
ds4: metal layer stage part=attn layer=2 pos=47 tokens=4 indexer_setup=0.032 ms
ds4: metal layer stage part=attn layer=2 pos=47 tokens=4 attention=0.780 ms
ds4: metal layer stage part=attn layer=2 pos=47 tokens=4 row_output_hc=0.490 ms
ds4: metal layer stage part=attn layer=2 pos=47 tokens=4 hc_post=0.030 ms
ds4: metal layer stage part=ffn layer=2 pos=47 tokens=4 router=0.022 ms
ds4: metal layer stage part=ffn layer=2 pos=47 tokens=4 routed_moe=0.027 ms
ds4: metal layer stage part=ffn layer=2 pos=47 tokens=4 shared_gate_up=0.021 ms
ds4: metal layer stage part=ffn layer=2 pos=47 tokens=4 shared_down=0.252 ms
ds4: metal layer stage part=ffn layer=2 pos=47 tokens=4 hc_post=0.022 ms
ds4: metal layer stage part=attn layer=3 pos=47 tokens=4 row_hc_f16_rows=0.253 ms
ds4: metal layer stage part=attn layer=3 pos=47 tokens=4 q_path=0.497 ms
ds4: metal layer stage part=attn layer=3 pos=47 tokens=4 kv_path=0.281 ms
ds4: metal layer stage part=attn layer=3 pos=47 tokens=4 compressor=0.021 ms
ds4: metal layer stage part=attn layer=3 pos=47 tokens=4 attention=0.538 ms
ds4: metal layer stage part=attn layer=3 pos=47 tokens=4 row_output_hc=0.553 ms
ds4: metal layer stage part=attn layer=3 pos=47 tokens=4 hc_post=0.025 ms
ds4: metal layer stage part=ffn layer=3 pos=47 tokens=4 router=0.019 ms
ds4: metal layer stage part=ffn layer=3 pos=47 tokens=4 routed_moe=0.029 ms
ds4: metal layer stage part=ffn layer=3 pos=47 tokens=4 shared_gate_up=0.024 ms
ds4: metal layer stage part=ffn layer=3 pos=47 tokens=4 shared_down=0.323 ms
ds4: metal layer stage part=ffn layer=3 pos=47 tokens=4 hc_post=0.026 ms
ds4: metal layer stage part=attn layer=4 pos=47 tokens=4 row_hc_f16_rows=0.209 ms
ds4: metal layer stage part=attn layer=4 pos=47 tokens=4 q_path=0.548 ms
ds4: metal layer stage part=attn layer=4 pos=47 tokens=4 kv_path=0.353 ms
ds4: metal layer stage part=attn layer=4 pos=47 tokens=4 compressor=0.249 ms
ds4: metal layer stage part=attn layer=4 pos=47 tokens=4 indexer_setup=0.025 ms
ds4: metal layer stage part=attn layer=4 pos=47 tokens=4 attention=0.605 ms
ds4: metal layer stage part=attn layer=4 pos=47 tokens=4 row_output_hc=0.512 ms
ds4: metal layer stage part=attn layer=4 pos=47 tokens=4 hc_post=0.026 ms
ds4: metal layer stage part=ffn layer=4 pos=47 tokens=4 router=0.018 ms
ds4: metal layer stage part=ffn layer=4 pos=47 tokens=4 routed_moe=0.031 ms
ds4: metal layer stage part=ffn layer=4 pos=47 tokens=4 shared_gate_up=0.021 ms
ds4: metal layer stage part=ffn layer=4 pos=47 tokens=4 shared_down=0.270 ms
ds4: metal layer stage part=ffn layer=4 pos=47 tokens=4 hc_post=0.033 ms
ds4: metal layer stage part=attn layer=5 pos=47 tokens=4 row_hc_f16_rows=0.246 ms
ds4: metal layer stage part=attn layer=5 pos=47 tokens=4 q_path=0.511 ms
ds4: metal layer stage part=attn layer=5 pos=47 tokens=4 kv_path=0.264 ms
ds4: metal layer stage part=attn layer=5 pos=47 tokens=4 compressor=0.032 ms
ds4: metal layer stage part=attn layer=5 pos=47 tokens=4 attention=0.561 ms
ds4: metal layer stage part=attn layer=5 pos=47 tokens=4 row_output_hc=0.548 ms
ds4: metal layer stage part=attn layer=5 pos=47 tokens=4 hc_post=0.034 ms
ds4: metal layer stage part=ffn layer=5 pos=47 tokens=4 router=0.017 ms
ds4: metal layer stage part=ffn layer=5 pos=47 tokens=4 routed_moe=0.030 ms
ds4: metal layer stage part=ffn layer=5 pos=47 tokens=4 shared_gate_up=0.025 ms
ds4: metal layer stage part=ffn layer=5 pos=47 tokens=4 shared_down=0.398 ms
ds4: metal layer stage part=ffn layer=5 pos=47 tokens=4 hc_post=0.021 ms
ds4: metal layer stage part=attn layer=6 pos=47 tokens=4 row_hc_f16_rows=0.204 ms
ds4: metal layer stage part=attn layer=6 pos=47 tokens=4 q_path=0.548 ms
ds4: metal layer stage part=attn layer=6 pos=47 tokens=4 kv_path=0.223 ms
ds4: metal layer stage part=attn layer=6 pos=47 tokens=4 compressor=0.273 ms
ds4: metal layer stage part=attn layer=6 pos=47 tokens=4 indexer_setup=0.020 ms
ds4: metal layer stage part=attn layer=6 pos=47 tokens=4 attention=0.627 ms
ds4: metal layer stage part=attn layer=6 pos=47 tokens=4 row_output_hc=0.515 ms
ds4: metal layer stage part=attn layer=6 pos=47 tokens=4 hc_post=0.044 ms
ds4: metal layer stage part=ffn layer=6 pos=47 tokens=4 router=0.029 ms
ds4: metal layer stage part=ffn layer=6 pos=47 tokens=4 routed_moe=0.023 ms
ds4: metal layer stage part=ffn layer=6 pos=47 tokens=4 shared_gate_up=0.025 ms
ds4: metal layer stage part=ffn layer=6 pos=47 tokens=4 shared_down=0.331 ms
ds4: metal layer stage part=ffn layer=6 pos=47 tokens=4 hc_post=0.021 ms
ds4: metal layer stage part=attn layer=7 pos=47 tokens=4 row_hc_f16_rows=0.231 ms
ds4: metal layer stage part=attn layer=7 pos=47 tokens=4 q_path=0.545 ms
ds4: metal layer stage part=attn layer=7 pos=47 tokens=4 kv_path=0.283 ms
ds4: metal layer stage part=attn layer=7 pos=47 tokens=4 compressor=0.035 ms
ds4: metal layer stage part=attn layer=7 pos=47 tokens=4 attention=0.559 ms
ds4: metal layer stage part=attn layer=7 pos=47 tokens=4 row_output_hc=0.501 ms
ds4: metal layer stage part=attn layer=7 pos=47 tokens=4 hc_post=0.030 ms
ds4: metal layer stage part=ffn layer=7 pos=47 tokens=4 router=0.022 ms
ds4: metal layer stage part=ffn layer=7 pos=47 tokens=4 routed_moe=0.033 ms
ds4: metal layer stage part=ffn layer=7 pos=47 tokens=4 shared_gate_up=0.023 ms
ds4: metal layer stage part=ffn layer=7 pos=47 tokens=4 shared_down=0.266 ms
ds4: metal layer stage part=ffn layer=7 pos=47 tokens=4 hc_post=0.021 ms
ds4: metal layer stage part=attn layer=8 pos=47 tokens=4 row_hc_f16_rows=0.215 ms
ds4: metal layer stage part=attn layer=8 pos=47 tokens=4 q_path=0.525 ms
ds4: metal layer stage part=attn layer=8 pos=47 tokens=4 kv_path=0.294 ms
ds4: metal layer stage part=attn layer=8 pos=47 tokens=4 compressor=0.278 ms
ds4: metal layer stage part=attn layer=8 pos=47 tokens=4 indexer_setup=0.024 ms
ds4: metal layer stage part=attn layer=8 pos=47 tokens=4 attention=1.371 ms
ds4: metal layer stage part=attn layer=8 pos=47 tokens=4 row_output_hc=0.530 ms
ds4: metal layer stage part=attn layer=8 pos=47 tokens=4 hc_post=0.059 ms
ds4: metal layer stage part=ffn layer=8 pos=47 tokens=4 router=0.027 ms
ds4: metal layer stage part=ffn layer=8 pos=47 tokens=4 routed_moe=0.028 ms
ds4: metal layer stage part=ffn layer=8 pos=47 tokens=4 shared_gate_up=0.023 ms
ds4: metal layer stage part=ffn layer=8 pos=47 tokens=4 shared_down=0.247 ms
ds4: metal layer stage part=ffn layer=8 pos=47 tokens=4 hc_post=0.024 ms
ds4: metal layer stage part=attn layer=9 pos=47 tokens=4 row_hc_f16_rows=0.277 ms
ds4: metal layer stage part=attn layer=9 pos=47 tokens=4 q_path=0.509 ms
ds4: metal layer stage part=attn layer=9 pos=47 tokens=4 kv_path=0.270 ms
ds4: metal layer stage part=attn layer=9 pos=47 tokens=4 compressor=0.019 ms
ds4: metal layer stage part=attn layer=9 pos=47 tokens=4 attention=0.562 ms
ds4: metal layer stage part=attn layer=9 pos=47 tokens=4 row_output_hc=0.556 ms
ds4: metal layer stage part=attn layer=9 pos=47 tokens=4 hc_post=0.023 ms
ds4: metal layer stage part=ffn layer=9 pos=47 tokens=4 router=0.020 ms
ds4: metal layer stage part=ffn layer=9 pos=47 tokens=4 routed_moe=0.022 ms
ds4: metal layer stage part=ffn layer=9 pos=47 tokens=4 shared_gate_up=0.027 ms
ds4: metal layer stage part=ffn layer=9 pos=47 tokens=4 shared_down=0.254 ms
ds4: metal layer stage part=ffn layer=9 pos=47 tokens=4 hc_post=0.023 ms
ds4: metal layer stage part=attn layer=10 pos=47 tokens=4 row_hc_f16_rows=0.254 ms
ds4: metal layer stage part=attn layer=10 pos=47 tokens=4 q_path=0.536 ms
ds4: metal layer stage part=attn layer=10 pos=47 tokens=4 kv_path=0.230 ms
ds4: metal layer stage part=attn layer=10 pos=47 tokens=4 compressor=0.302 ms
ds4: metal layer stage part=attn layer=10 pos=47 tokens=4 indexer_setup=0.026 ms
ds4: metal layer stage part=attn layer=10 pos=47 tokens=4 attention=0.552 ms
ds4: metal layer stage part=attn layer=10 pos=47 tokens=4 row_output_hc=0.538 ms
ds4: metal layer stage part=attn layer=10 pos=47 tokens=4 hc_post=0.023 ms
ds4: metal layer stage part=ffn layer=10 pos=47 tokens=4 router=0.022 ms
ds4: metal layer stage part=ffn layer=10 pos=47 tokens=4 routed_moe=0.027 ms
ds4: metal layer stage part=ffn layer=10 pos=47 tokens=4 shared_gate_up=0.021 ms
ds4: metal layer stage part=ffn layer=10 pos=47 tokens=4 shared_down=0.318 ms
ds4: metal layer stage part=ffn layer=10 pos=47 tokens=4 hc_post=0.022 ms
ds4: metal layer stage part=attn layer=11 pos=47 tokens=4 row_hc_f16_rows=0.217 ms
ds4: metal layer stage part=attn layer=11 pos=47 tokens=4 q_path=0.563 ms
ds4: metal layer stage part=attn layer=11 pos=47 tokens=4 kv_path=0.251 ms
ds4: metal layer stage part=attn layer=11 pos=47 tokens=4 compressor=0.024 ms
ds4: metal layer stage part=attn layer=11 pos=47 tokens=4 attention=0.587 ms
ds4: metal layer stage part=attn layer=11 pos=47 tokens=4 row_output_hc=0.513 ms
ds4: metal layer stage part=attn layer=11 pos=47 tokens=4 hc_post=0.031 ms
ds4: metal layer stage part=ffn layer=11 pos=47 tokens=4 router=0.019 ms
ds4: metal layer stage part=ffn layer=11 pos=47 tokens=4 routed_moe=0.033 ms
ds4: metal layer stage part=ffn layer=11 pos=47 tokens=4 shared_gate_up=0.018 ms
ds4: metal layer stage part=ffn layer=11 pos=47 tokens=4 shared_down=0.249 ms
ds4: metal layer stage part=ffn layer=11 pos=47 tokens=4 hc_post=0.030 ms
ds4: metal layer stage part=attn layer=12 pos=47 tokens=4 row_hc_f16_rows=0.228 ms
ds4: metal layer stage part=attn layer=12 pos=47 tokens=4 q_path=0.509 ms
ds4: metal layer stage part=attn layer=12 pos=47 tokens=4 kv_path=0.257 ms
ds4: metal layer stage part=attn layer=12 pos=47 tokens=4 compressor=0.232 ms
ds4: metal layer stage part=attn layer=12 pos=47 tokens=4 indexer_setup=0.021 ms
ds4: metal layer stage part=attn layer=12 pos=47 tokens=4 attention=0.556 ms
ds4: metal layer stage part=attn layer=12 pos=47 tokens=4 row_output_hc=0.476 ms
ds4: metal layer stage part=attn layer=12 pos=47 tokens=4 hc_post=0.031 ms
ds4: metal layer stage part=ffn layer=12 pos=47 tokens=4 router=0.022 ms
ds4: metal layer stage part=ffn layer=12 pos=47 tokens=4 routed_moe=0.024 ms
ds4: metal layer stage part=ffn layer=12 pos=47 tokens=4 shared_gate_up=0.017 ms
ds4: metal layer stage part=ffn layer=12 pos=47 tokens=4 shared_down=0.249 ms
ds4: metal layer stage part=ffn layer=12 pos=47 tokens=4 hc_post=0.023 ms
ds4: metal layer stage part=attn layer=13 pos=47 tokens=4 row_hc_f16_rows=0.250 ms
ds4: metal layer stage part=attn layer=13 pos=47 tokens=4 q_path=0.509 ms
ds4: metal layer stage part=attn layer=13 pos=47 tokens=4 kv_path=0.262 ms
ds4: metal layer stage part=attn layer=13 pos=47 tokens=4 compressor=0.026 ms
ds4: metal layer stage part=attn layer=13 pos=47 tokens=4 attention=0.585 ms
ds4: metal layer stage part=attn layer=13 pos=47 tokens=4 row_output_hc=0.553 ms
ds4: metal layer stage part=attn layer=13 pos=47 tokens=4 hc_post=0.035 ms
ds4: metal layer stage part=ffn layer=13 pos=47 tokens=4 router=0.018 ms
ds4: metal layer stage part=ffn layer=13 pos=47 tokens=4 routed_moe=0.029 ms
ds4: metal layer stage part=ffn layer=13 pos=47 tokens=4 shared_gate_up=0.021 ms
ds4: metal layer stage part=ffn layer=13 pos=47 tokens=4 shared_down=0.260 ms
ds4: metal layer stage part=ffn layer=13 pos=47 tokens=4 hc_post=0.025 ms
ds4: metal layer stage part=attn layer=14 pos=47 tokens=4 row_hc_f16_rows=0.275 ms
ds4: metal layer stage part=attn layer=14 pos=47 tokens=4 q_path=0.582 ms
ds4: metal layer stage part=attn layer=14 pos=47 tokens=4 kv_path=0.244 ms
ds4: metal layer stage part=attn layer=14 pos=47 tokens=4 compressor=0.297 ms
ds4: metal layer stage part=attn layer=14 pos=47 tokens=4 indexer_setup=0.030 ms
ds4: metal layer stage part=attn layer=14 pos=47 tokens=4 attention=0.563 ms
ds4: metal layer stage part=attn layer=14 pos=47 tokens=4 row_output_hc=0.455 ms
ds4: metal layer stage part=attn layer=14 pos=47 tokens=4 hc_post=0.033 ms
ds4: metal layer stage part=ffn layer=14 pos=47 tokens=4 router=0.017 ms
ds4: metal layer stage part=ffn layer=14 pos=47 tokens=4 routed_moe=0.031 ms
ds4: metal layer stage part=ffn layer=14 pos=47 tokens=4 shared_gate_up=0.022 ms
ds4: metal layer stage part=ffn layer=14 pos=47 tokens=4 shared_down=0.263 ms
ds4: metal layer stage part=ffn layer=14 pos=47 tokens=4 hc_post=0.027 ms
ds4: metal layer stage part=attn layer=15 pos=47 tokens=4 row_hc_f16_rows=0.284 ms
ds4: metal layer stage part=attn layer=15 pos=47 tokens=4 q_path=0.562 ms
ds4: metal layer stage part=attn layer=15 pos=47 tokens=4 kv_path=0.267 ms
ds4: metal layer stage part=attn layer=15 pos=47 tokens=4 compressor=0.020 ms
ds4: metal layer stage part=attn layer=15 pos=47 tokens=4 attention=0.545 ms
ds4: metal layer stage part=attn layer=15 pos=47 tokens=4 row_output_hc=0.484 ms
ds4: metal layer stage part=attn layer=15 pos=47 tokens=4 hc_post=0.025 ms
ds4: metal layer stage part=ffn layer=15 pos=47 tokens=4 router=0.019 ms
ds4: metal layer stage part=ffn layer=15 pos=47 tokens=4 routed_moe=0.030 ms
ds4: metal layer stage part=ffn layer=15 pos=47 tokens=4 shared_gate_up=0.021 ms
ds4: metal layer stage part=ffn layer=15 pos=47 tokens=4 shared_down=0.253 ms
ds4: metal layer stage part=ffn layer=15 pos=47 tokens=4 hc_post=0.021 ms
ds4: metal layer stage part=attn layer=16 pos=47 tokens=4 row_hc_f16_rows=0.267 ms
ds4: metal layer stage part=attn layer=16 pos=47 tokens=4 q_path=0.501 ms
ds4: metal layer stage part=attn layer=16 pos=47 tokens=4 kv_path=0.272 ms
ds4: metal layer stage part=attn layer=16 pos=47 tokens=4 compressor=0.272 ms
ds4: metal layer stage part=attn layer=16 pos=47 tokens=4 indexer_setup=0.035 ms
ds4: metal layer stage part=attn layer=16 pos=47 tokens=4 attention=0.531 ms
ds4: metal layer stage part=attn layer=16 pos=47 tokens=4 row_output_hc=0.536 ms
ds4: metal layer stage part=attn layer=16 pos=47 tokens=4 hc_post=0.026 ms
ds4: metal layer stage part=ffn layer=16 pos=47 tokens=4 router=0.017 ms
ds4: metal layer stage part=ffn layer=16 pos=47 tokens=4 routed_moe=0.029 ms
ds4: metal layer stage part=ffn layer=16 pos=47 tokens=4 shared_gate_up=0.016 ms
ds4: metal layer stage part=ffn layer=16 pos=47 tokens=4 shared_down=0.259 ms
ds4: metal layer stage part=ffn layer=16 pos=47 tokens=4 hc_post=0.021 ms
ds4: metal layer stage part=attn layer=17 pos=47 tokens=4 row_hc_f16_rows=0.220 ms
ds4: metal layer stage part=attn layer=17 pos=47 tokens=4 q_path=0.514 ms
ds4: metal layer stage part=attn layer=17 pos=47 tokens=4 kv_path=0.267 ms
ds4: metal layer stage part=attn layer=17 pos=47 tokens=4 compressor=0.025 ms
ds4: metal layer stage part=attn layer=17 pos=47 tokens=4 attention=0.539 ms
ds4: metal layer stage part=attn layer=17 pos=47 tokens=4 row_output_hc=0.500 ms
ds4: metal layer stage part=attn layer=17 pos=47 tokens=4 hc_post=0.023 ms
ds4: metal layer stage part=ffn layer=17 pos=47 tokens=4 router=0.019 ms
ds4: metal layer stage part=ffn layer=17 pos=47 tokens=4 routed_moe=0.023 ms
ds4: metal layer stage part=ffn layer=17 pos=47 tokens=4 shared_gate_up=0.018 ms
ds4: metal layer stage part=ffn layer=17 pos=47 tokens=4 shared_down=0.241 ms
ds4: metal layer stage part=ffn layer=17 pos=47 tokens=4 hc_post=0.022 ms
ds4: metal layer stage part=attn layer=18 pos=47 tokens=4 row_hc_f16_rows=0.202 ms
ds4: metal layer stage part=attn layer=18 pos=47 tokens=4 q_path=1.354 ms
ds4: metal layer stage part=attn layer=18 pos=47 tokens=4 kv_path=0.240 ms
ds4: metal layer stage part=attn layer=18 pos=47 tokens=4 compressor=0.267 ms
ds4: metal layer stage part=attn layer=18 pos=47 tokens=4 indexer_setup=0.024 ms
ds4: metal layer stage part=attn layer=18 pos=47 tokens=4 attention=0.552 ms
ds4: metal layer stage part=attn layer=18 pos=47 tokens=4 row_output_hc=0.450 ms
ds4: metal layer stage part=attn layer=18 pos=47 tokens=4 hc_post=0.020 ms
ds4: metal layer stage part=ffn layer=18 pos=47 tokens=4 router=0.018 ms
ds4: metal layer stage part=ffn layer=18 pos=47 tokens=4 routed_moe=0.027 ms
ds4: metal layer stage part=ffn layer=18 pos=47 tokens=4 shared_gate_up=0.019 ms
ds4: metal layer stage part=ffn layer=18 pos=47 tokens=4 shared_down=0.262 ms
ds4: metal layer stage part=ffn layer=18 pos=47 tokens=4 hc_post=0.021 ms
ds4: metal layer stage part=attn layer=19 pos=47 tokens=4 row_hc_f16_rows=0.216 ms
ds4: metal layer stage part=attn layer=19 pos=47 tokens=4 q_path=0.518 ms
ds4: metal layer stage part=attn layer=19 pos=47 tokens=4 kv_path=0.193 ms
ds4: metal layer stage part=attn layer=19 pos=47 tokens=4 compressor=0.028 ms
ds4: metal layer stage part=attn layer=19 pos=47 tokens=4 attention=0.581 ms
ds4: metal layer stage part=attn layer=19 pos=47 tokens=4 row_output_hc=0.513 ms
ds4: metal layer stage part=attn layer=19 pos=47 tokens=4 hc_post=0.027 ms
ds4: metal layer stage part=ffn layer=19 pos=47 tokens=4 router=0.020 ms
ds4: metal layer stage part=ffn layer=19 pos=47 tokens=4 routed_moe=0.027 ms
ds4: metal layer stage part=ffn layer=19 pos=47 tokens=4 shared_gate_up=0.025 ms
ds4: metal layer stage part=ffn layer=19 pos=47 tokens=4 shared_down=0.241 ms
ds4: metal layer stage part=ffn layer=19 pos=47 tokens=4 hc_post=0.023 ms
ds4: metal layer stage part=attn layer=20 pos=47 tokens=4 row_hc_f16_rows=0.183 ms
ds4: metal layer stage part=attn layer=20 pos=47 tokens=4 q_path=0.493 ms
ds4: metal layer stage part=attn layer=20 pos=47 tokens=4 kv_path=0.275 ms
ds4: metal layer stage part=attn layer=20 pos=47 tokens=4 compressor=0.279 ms
ds4: metal layer stage part=attn layer=20 pos=47 tokens=4 indexer_setup=0.027 ms
ds4: metal layer stage part=attn layer=20 pos=47 tokens=4 attention=0.551 ms
ds4: metal layer stage part=attn layer=20 pos=47 tokens=4 row_output_hc=0.469 ms
ds4: metal layer stage part=attn layer=20 pos=47 tokens=4 hc_post=0.029 ms
ds4: metal layer stage part=ffn layer=20 pos=47 tokens=4 router=0.020 ms
ds4: metal layer stage part=ffn layer=20 pos=47 tokens=4 routed_moe=0.029 ms
ds4: metal layer stage part=ffn layer=20 pos=47 tokens=4 shared_gate_up=0.021 ms
ds4: metal layer stage part=ffn layer=20 pos=47 tokens=4 shared_down=0.244 ms
ds4: metal layer stage part=ffn layer=20 pos=47 tokens=4 hc_post=0.022 ms
ds4: metal layer stage part=attn layer=21 pos=47 tokens=4 row_hc_f16_rows=0.247 ms
ds4: metal layer stage part=attn layer=21 pos=47 tokens=4 q_path=0.492 ms
ds4: metal layer stage part=attn layer=21 pos=47 tokens=4 kv_path=0.275 ms
ds4: metal layer stage part=attn layer=21 pos=47 tokens=4 compressor=0.021 ms
ds4: metal layer stage part=attn layer=21 pos=47 tokens=4 attention=0.548 ms
ds4: metal layer stage part=attn layer=21 pos=47 tokens=4 row_output_hc=0.513 ms
ds4: metal layer stage part=attn layer=21 pos=47 tokens=4 hc_post=0.024 ms
ds4: metal layer stage part=ffn layer=21 pos=47 tokens=4 router=0.021 ms
ds4: metal layer stage part=ffn layer=21 pos=47 tokens=4 routed_moe=0.028 ms
ds4: metal layer stage part=ffn layer=21 pos=47 tokens=4 shared_gate_up=0.019 ms
ds4: metal layer stage part=ffn layer=21 pos=47 tokens=4 shared_down=0.258 ms
ds4: metal layer stage part=ffn layer=21 pos=47 tokens=4 hc_post=0.028 ms
ds4: metal layer stage part=attn layer=22 pos=47 tokens=4 row_hc_f16_rows=0.202 ms
ds4: metal layer stage part=attn layer=22 pos=47 tokens=4 q_path=0.548 ms
ds4: metal layer stage part=attn layer=22 pos=47 tokens=4 kv_path=0.292 ms
ds4: metal layer stage part=attn layer=22 pos=47 tokens=4 compressor=0.278 ms
ds4: metal layer stage part=attn layer=22 pos=47 tokens=4 indexer_setup=0.021 ms
ds4: metal layer stage part=attn layer=22 pos=47 tokens=4 attention=0.550 ms
ds4: metal layer stage part=attn layer=22 pos=47 tokens=4 row_output_hc=0.464 ms
ds4: metal layer stage part=attn layer=22 pos=47 tokens=4 hc_post=0.027 ms
ds4: metal layer stage part=ffn layer=22 pos=47 tokens=4 router=0.017 ms
ds4: metal layer stage part=ffn layer=22 pos=47 tokens=4 routed_moe=0.029 ms
ds4: metal layer stage part=ffn layer=22 pos=47 tokens=4 shared_gate_up=0.022 ms
ds4: metal layer stage part=ffn layer=22 pos=47 tokens=4 shared_down=0.265 ms
ds4: metal layer stage part=ffn layer=22 pos=47 tokens=4 hc_post=0.023 ms
ds4: metal layer stage part=attn layer=23 pos=47 tokens=4 row_hc_f16_rows=0.216 ms
ds4: metal layer stage part=attn layer=23 pos=47 tokens=4 q_path=0.572 ms
ds4: metal layer stage part=attn layer=23 pos=47 tokens=4 kv_path=0.236 ms
ds4: metal layer stage part=attn layer=23 pos=47 tokens=4 compressor=0.023 ms
ds4: metal layer stage part=attn layer=23 pos=47 tokens=4 attention=0.536 ms
ds4: metal layer stage part=attn layer=23 pos=47 tokens=4 row_output_hc=0.493 ms
ds4: metal layer stage part=attn layer=23 pos=47 tokens=4 hc_post=0.026 ms
ds4: metal layer stage part=ffn layer=23 pos=47 tokens=4 router=0.022 ms
ds4: metal layer stage part=ffn layer=23 pos=47 tokens=4 routed_moe=0.027 ms
ds4: metal layer stage part=ffn layer=23 pos=47 tokens=4 shared_gate_up=0.022 ms
ds4: metal layer stage part=ffn layer=23 pos=47 tokens=4 shared_down=0.259 ms
ds4: metal layer stage part=ffn layer=23 pos=47 tokens=4 hc_post=0.024 ms
ds4: metal layer stage part=attn layer=24 pos=47 tokens=4 row_hc_f16_rows=0.264 ms
ds4: metal layer stage part=attn layer=24 pos=47 tokens=4 q_path=0.495 ms
ds4: metal layer stage part=attn layer=24 pos=47 tokens=4 kv_path=0.272 ms
ds4: metal layer stage part=attn layer=24 pos=47 tokens=4 compressor=0.290 ms
ds4: metal layer stage part=attn layer=24 pos=47 tokens=4 indexer_setup=0.026 ms
ds4: metal layer stage part=attn layer=24 pos=47 tokens=4 attention=0.544 ms
ds4: metal layer stage part=attn layer=24 pos=47 tokens=4 row_output_hc=0.605 ms
ds4: metal layer stage part=attn layer=24 pos=47 tokens=4 hc_post=0.054 ms
ds4: metal layer stage part=ffn layer=24 pos=47 tokens=4 router=0.021 ms
ds4: metal layer stage part=ffn layer=24 pos=47 tokens=4 routed_moe=0.023 ms
ds4: metal layer stage part=ffn layer=24 pos=47 tokens=4 shared_gate_up=0.023 ms
ds4: metal layer stage part=ffn layer=24 pos=47 tokens=4 shared_down=0.254 ms
ds4: metal layer stage part=ffn layer=24 pos=47 tokens=4 hc_post=0.020 ms
ds4: metal layer stage part=attn layer=25 pos=47 tokens=4 row_hc_f16_rows=0.176 ms
ds4: metal layer stage part=attn layer=25 pos=47 tokens=4 q_path=0.473 ms
ds4: metal layer stage part=attn layer=25 pos=47 tokens=4 kv_path=0.232 ms
ds4: metal layer stage part=attn layer=25 pos=47 tokens=4 compressor=0.020 ms
ds4: metal layer stage part=attn layer=25 pos=47 tokens=4 attention=0.526 ms
ds4: metal layer stage part=attn layer=25 pos=47 tokens=4 row_output_hc=0.464 ms
ds4: metal layer stage part=attn layer=25 pos=47 tokens=4 hc_post=0.024 ms
ds4: metal layer stage part=ffn layer=25 pos=47 tokens=4 router=0.023 ms
ds4: metal layer stage part=ffn layer=25 pos=47 tokens=4 routed_moe=0.027 ms
ds4: metal layer stage part=ffn layer=25 pos=47 tokens=4 shared_gate_up=0.021 ms
ds4: metal layer stage part=ffn layer=25 pos=47 tokens=4 shared_down=0.260 ms
ds4: metal layer stage part=ffn layer=25 pos=47 tokens=4 hc_post=0.023 ms
ds4: metal layer stage part=attn layer=26 pos=47 tokens=4 row_hc_f16_rows=0.193 ms
ds4: metal layer stage part=attn layer=26 pos=47 tokens=4 q_path=0.543 ms
ds4: metal layer stage part=attn layer=26 pos=47 tokens=4 kv_path=0.266 ms
ds4: metal layer stage part=attn layer=26 pos=47 tokens=4 compressor=0.264 ms
ds4: metal layer stage part=attn layer=26 pos=47 tokens=4 indexer_setup=0.022 ms
ds4: metal layer stage part=attn layer=26 pos=47 tokens=4 attention=0.544 ms
ds4: metal layer stage part=attn layer=26 pos=47 tokens=4 row_output_hc=0.450 ms
ds4: metal layer stage part=attn layer=26 pos=47 tokens=4 hc_post=0.023 ms
ds4: metal layer stage part=ffn layer=26 pos=47 tokens=4 router=0.020 ms
ds4: metal layer stage part=ffn layer=26 pos=47 tokens=4 routed_moe=0.023 ms
ds4: metal layer stage part=ffn layer=26 pos=47 tokens=4 shared_gate_up=0.016 ms
ds4: metal layer stage part=ffn layer=26 pos=47 tokens=4 shared_down=0.240 ms
ds4: metal layer stage part=ffn layer=26 pos=47 tokens=4 hc_post=0.024 ms
ds4: metal layer stage part=attn layer=27 pos=47 tokens=4 row_hc_f16_rows=0.273 ms
ds4: metal layer stage part=attn layer=27 pos=47 tokens=4 q_path=0.508 ms
ds4: metal layer stage part=attn layer=27 pos=47 tokens=4 kv_path=0.269 ms
ds4: metal layer stage part=attn layer=27 pos=47 tokens=4 compressor=0.022 ms
ds4: metal layer stage part=attn layer=27 pos=47 tokens=4 attention=0.542 ms
ds4: metal layer stage part=attn layer=27 pos=47 tokens=4 row_output_hc=1.382 ms
ds4: metal layer stage part=attn layer=27 pos=47 tokens=4 hc_post=0.053 ms
ds4: metal layer stage part=ffn layer=27 pos=47 tokens=4 router=0.019 ms
ds4: metal layer stage part=ffn layer=27 pos=47 tokens=4 routed_moe=0.022 ms
ds4: metal layer stage part=ffn layer=27 pos=47 tokens=4 shared_gate_up=0.022 ms
ds4: metal layer stage part=ffn layer=27 pos=47 tokens=4 shared_down=0.258 ms
ds4: metal layer stage part=ffn layer=27 pos=47 tokens=4 hc_post=0.024 ms
ds4: metal layer stage part=attn layer=28 pos=47 tokens=4 row_hc_f16_rows=0.238 ms
ds4: metal layer stage part=attn layer=28 pos=47 tokens=4 q_path=0.516 ms
ds4: metal layer stage part=attn layer=28 pos=47 tokens=4 kv_path=0.274 ms
ds4: metal layer stage part=attn layer=28 pos=47 tokens=4 compressor=0.267 ms
ds4: metal layer stage part=attn layer=28 pos=47 tokens=4 indexer_setup=0.028 ms
ds4: metal layer stage part=attn layer=28 pos=47 tokens=4 attention=0.559 ms
ds4: metal layer stage part=attn layer=28 pos=47 tokens=4 row_output_hc=0.512 ms
ds4: metal layer stage part=attn layer=28 pos=47 tokens=4 hc_post=0.021 ms
ds4: metal layer stage part=ffn layer=28 pos=47 tokens=4 router=0.018 ms
ds4: metal layer stage part=ffn layer=28 pos=47 tokens=4 routed_moe=0.029 ms
ds4: metal layer stage part=ffn layer=28 pos=47 tokens=4 shared_gate_up=0.024 ms
ds4: metal layer stage part=ffn layer=28 pos=47 tokens=4 shared_down=0.237 ms
ds4: metal layer stage part=ffn layer=28 pos=47 tokens=4 hc_post=0.025 ms
ds4: metal layer stage part=attn layer=29 pos=47 tokens=4 row_hc_f16_rows=0.255 ms
ds4: metal layer stage part=attn layer=29 pos=47 tokens=4 q_path=0.538 ms
ds4: metal layer stage part=attn layer=29 pos=47 tokens=4 kv_path=0.245 ms
ds4: metal layer stage part=attn layer=29 pos=47 tokens=4 compressor=0.025 ms
ds4: metal layer stage part=attn layer=29 pos=47 tokens=4 attention=0.531 ms
ds4: metal layer stage part=attn layer=29 pos=47 tokens=4 row_output_hc=0.515 ms
ds4: metal layer stage part=attn layer=29 pos=47 tokens=4 hc_post=0.027 ms
ds4: metal layer stage part=ffn layer=29 pos=47 tokens=4 router=0.021 ms
ds4: metal layer stage part=ffn layer=29 pos=47 tokens=4 routed_moe=0.023 ms
ds4: metal layer stage part=ffn layer=29 pos=47 tokens=4 shared_gate_up=0.018 ms
ds4: metal layer stage part=ffn layer=29 pos=47 tokens=4 shared_down=0.247 ms
ds4: metal layer stage part=ffn layer=29 pos=47 tokens=4 hc_post=0.026 ms
ds4: metal layer stage part=attn layer=30 pos=47 tokens=4 row_hc_f16_rows=0.243 ms
ds4: metal layer stage part=attn layer=30 pos=47 tokens=4 q_path=0.512 ms
ds4: metal layer stage part=attn layer=30 pos=47 tokens=4 kv_path=0.254 ms
ds4: metal layer stage part=attn layer=30 pos=47 tokens=4 compressor=0.360 ms
ds4: metal layer stage part=attn layer=30 pos=47 tokens=4 indexer_setup=0.030 ms
ds4: metal layer stage part=attn layer=30 pos=47 tokens=4 attention=0.523 ms
ds4: metal layer stage part=attn layer=30 pos=47 tokens=4 row_output_hc=0.486 ms
ds4: metal layer stage part=attn layer=30 pos=47 tokens=4 hc_post=0.023 ms
ds4: metal layer stage part=ffn layer=30 pos=47 tokens=4 router=0.019 ms
ds4: metal layer stage part=ffn layer=30 pos=47 tokens=4 routed_moe=0.024 ms
ds4: metal layer stage part=ffn layer=30 pos=47 tokens=4 shared_gate_up=0.021 ms
ds4: metal layer stage part=ffn layer=30 pos=47 tokens=4 shared_down=0.296 ms
ds4: metal layer stage part=ffn layer=30 pos=47 tokens=4 hc_post=0.025 ms
ds4: metal layer stage part=attn layer=31 pos=47 tokens=4 row_hc_f16_rows=0.202 ms
ds4: metal layer stage part=attn layer=31 pos=47 tokens=4 q_path=0.529 ms
ds4: metal layer stage part=attn layer=31 pos=47 tokens=4 kv_path=0.196 ms
ds4: metal layer stage part=attn layer=31 pos=47 tokens=4 compressor=0.026 ms
ds4: metal layer stage part=attn layer=31 pos=47 tokens=4 attention=0.942 ms
ds4: metal layer stage part=attn layer=31 pos=47 tokens=4 row_output_hc=0.477 ms
ds4: metal layer stage part=attn layer=31 pos=47 tokens=4 hc_post=0.025 ms
ds4: metal layer stage part=ffn layer=31 pos=47 tokens=4 router=0.019 ms
ds4: metal layer stage part=ffn layer=31 pos=47 tokens=4 routed_moe=0.031 ms
ds4: metal layer stage part=ffn layer=31 pos=47 tokens=4 shared_gate_up=0.020 ms
ds4: metal layer stage part=ffn layer=31 pos=47 tokens=4 shared_down=0.263 ms
ds4: metal layer stage part=ffn layer=31 pos=47 tokens=4 hc_post=0.018 ms
ds4: metal layer stage part=attn layer=32 pos=47 tokens=4 row_hc_f16_rows=0.248 ms
ds4: metal layer stage part=attn layer=32 pos=47 tokens=4 q_path=0.500 ms
ds4: metal layer stage part=attn layer=32 pos=47 tokens=4 kv_path=0.272 ms
ds4: metal layer stage part=attn layer=32 pos=47 tokens=4 compressor=0.266 ms
ds4: metal layer stage part=attn layer=32 pos=47 tokens=4 indexer_setup=0.021 ms
ds4: metal layer stage part=attn layer=32 pos=47 tokens=4 attention=0.538 ms
ds4: metal layer stage part=attn layer=32 pos=47 tokens=4 row_output_hc=0.538 ms
ds4: metal layer stage part=attn layer=32 pos=47 tokens=4 hc_post=0.027 ms
ds4: metal layer stage part=ffn layer=32 pos=47 tokens=4 router=0.021 ms
ds4: metal layer stage part=ffn layer=32 pos=47 tokens=4 routed_moe=0.026 ms
ds4: metal layer stage part=ffn layer=32 pos=47 tokens=4 shared_gate_up=0.017 ms
ds4: metal layer stage part=ffn layer=32 pos=47 tokens=4 shared_down=0.269 ms
ds4: metal layer stage part=ffn layer=32 pos=47 tokens=4 hc_post=0.024 ms
ds4: metal layer stage part=attn layer=33 pos=47 tokens=4 row_hc_f16_rows=0.212 ms
ds4: metal layer stage part=attn layer=33 pos=47 tokens=4 q_path=0.499 ms
ds4: metal layer stage part=attn layer=33 pos=47 tokens=4 kv_path=0.235 ms
ds4: metal layer stage part=attn layer=33 pos=47 tokens=4 compressor=0.022 ms
ds4: metal layer stage part=attn layer=33 pos=47 tokens=4 attention=0.536 ms
ds4: metal layer stage part=attn layer=33 pos=47 tokens=4 row_output_hc=0.491 ms
ds4: metal layer stage part=attn layer=33 pos=47 tokens=4 hc_post=0.056 ms
ds4: metal layer stage part=ffn layer=33 pos=47 tokens=4 router=0.021 ms
ds4: metal layer stage part=ffn layer=33 pos=47 tokens=4 routed_moe=0.023 ms
ds4: metal layer stage part=ffn layer=33 pos=47 tokens=4 shared_gate_up=0.017 ms
ds4: metal layer stage part=ffn layer=33 pos=47 tokens=4 shared_down=0.232 ms
ds4: metal layer stage part=ffn layer=33 pos=47 tokens=4 hc_post=0.023 ms
ds4: metal layer stage part=attn layer=34 pos=47 tokens=4 row_hc_f16_rows=0.203 ms
ds4: metal layer stage part=attn layer=34 pos=47 tokens=4 q_path=0.500 ms
ds4: metal layer stage part=attn layer=34 pos=47 tokens=4 kv_path=0.261 ms
ds4: metal layer stage part=attn layer=34 pos=47 tokens=4 compressor=0.208 ms
ds4: metal layer stage part=attn layer=34 pos=47 tokens=4 indexer_setup=0.021 ms
ds4: metal layer stage part=attn layer=34 pos=47 tokens=4 attention=0.543 ms
ds4: metal layer stage part=attn layer=34 pos=47 tokens=4 row_output_hc=0.461 ms
ds4: metal layer stage part=attn layer=34 pos=47 tokens=4 hc_post=0.022 ms
ds4: metal layer stage part=ffn layer=34 pos=47 tokens=4 router=0.022 ms
ds4: metal layer stage part=ffn layer=34 pos=47 tokens=4 routed_moe=0.024 ms
ds4: metal layer stage part=ffn layer=34 pos=47 tokens=4 shared_gate_up=0.023 ms
ds4: metal layer stage part=ffn layer=34 pos=47 tokens=4 shared_down=0.814 ms
ds4: metal layer stage part=ffn layer=34 pos=47 tokens=4 hc_post=0.026 ms
ds4: metal layer stage part=attn layer=35 pos=47 tokens=4 row_hc_f16_rows=0.183 ms
ds4: metal layer stage part=attn layer=35 pos=47 tokens=4 q_path=0.527 ms
ds4: metal layer stage part=attn layer=35 pos=47 tokens=4 kv_path=0.262 ms
ds4: metal layer stage part=attn layer=35 pos=47 tokens=4 compressor=0.027 ms
ds4: metal layer stage part=attn layer=35 pos=47 tokens=4 attention=0.560 ms
ds4: metal layer stage part=attn layer=35 pos=47 tokens=4 row_output_hc=0.535 ms
ds4: metal layer stage part=attn layer=35 pos=47 tokens=4 hc_post=0.026 ms
ds4: metal layer stage part=ffn layer=35 pos=47 tokens=4 router=0.020 ms
ds4: metal layer stage part=ffn layer=35 pos=47 tokens=4 routed_moe=0.026 ms
ds4: metal layer stage part=ffn layer=35 pos=47 tokens=4 shared_gate_up=0.022 ms
ds4: metal layer stage part=ffn layer=35 pos=47 tokens=4 shared_down=0.238 ms
ds4: metal layer stage part=ffn layer=35 pos=47 tokens=4 hc_post=0.026 ms
ds4: metal layer stage part=attn layer=36 pos=47 tokens=4 row_hc_f16_rows=0.187 ms
ds4: metal layer stage part=attn layer=36 pos=47 tokens=4 q_path=0.516 ms
ds4: metal layer stage part=attn layer=36 pos=47 tokens=4 kv_path=0.221 ms
ds4: metal layer stage part=attn layer=36 pos=47 tokens=4 compressor=0.238 ms
ds4: metal layer stage part=attn layer=36 pos=47 tokens=4 indexer_setup=0.023 ms
ds4: metal layer stage part=attn layer=36 pos=47 tokens=4 attention=0.548 ms
ds4: metal layer stage part=attn layer=36 pos=47 tokens=4 row_output_hc=0.462 ms
ds4: metal layer stage part=attn layer=36 pos=47 tokens=4 hc_post=0.025 ms
ds4: metal layer stage part=ffn layer=36 pos=47 tokens=4 router=0.021 ms
ds4: metal layer stage part=ffn layer=36 pos=47 tokens=4 routed_moe=0.021 ms
ds4: metal layer stage part=ffn layer=36 pos=47 tokens=4 shared_gate_up=0.018 ms
ds4: metal layer stage part=ffn layer=36 pos=47 tokens=4 shared_down=0.759 ms
ds4: metal layer stage part=ffn layer=36 pos=47 tokens=4 hc_post=0.023 ms
ds4: metal layer stage part=attn layer=37 pos=47 tokens=4 row_hc_f16_rows=0.176 ms
ds4: metal layer stage part=attn layer=37 pos=47 tokens=4 q_path=0.527 ms
ds4: metal layer stage part=attn layer=37 pos=47 tokens=4 kv_path=0.225 ms
ds4: metal layer stage part=attn layer=37 pos=47 tokens=4 compressor=0.026 ms
ds4: metal layer stage part=attn layer=37 pos=47 tokens=4 attention=0.548 ms
ds4: metal layer stage part=attn layer=37 pos=47 tokens=4 row_output_hc=0.491 ms
ds4: metal layer stage part=attn layer=37 pos=47 tokens=4 hc_post=0.024 ms
ds4: metal layer stage part=ffn layer=37 pos=47 tokens=4 router=0.017 ms
ds4: metal layer stage part=ffn layer=37 pos=47 tokens=4 routed_moe=0.025 ms
ds4: metal layer stage part=ffn layer=37 pos=47 tokens=4 shared_gate_up=0.024 ms
ds4: metal layer stage part=ffn layer=37 pos=47 tokens=4 shared_down=0.370 ms
ds4: metal layer stage part=ffn layer=37 pos=47 tokens=4 hc_post=0.024 ms
ds4: metal layer stage part=attn layer=38 pos=47 tokens=4 row_hc_f16_rows=0.219 ms
ds4: metal layer stage part=attn layer=38 pos=47 tokens=4 q_path=0.500 ms
ds4: metal layer stage part=attn layer=38 pos=47 tokens=4 kv_path=0.258 ms
ds4: metal layer stage part=attn layer=38 pos=47 tokens=4 compressor=0.315 ms
ds4: metal layer stage part=attn layer=38 pos=47 tokens=4 indexer_setup=0.021 ms
ds4: metal layer stage part=attn layer=38 pos=47 tokens=4 attention=0.543 ms
ds4: metal layer stage part=attn layer=38 pos=47 tokens=4 row_output_hc=0.467 ms
ds4: metal layer stage part=attn layer=38 pos=47 tokens=4 hc_post=0.026 ms
ds4: metal layer stage part=ffn layer=38 pos=47 tokens=4 router=0.019 ms
ds4: metal layer stage part=ffn layer=38 pos=47 tokens=4 routed_moe=0.023 ms
ds4: metal layer stage part=ffn layer=38 pos=47 tokens=4 shared_gate_up=0.018 ms
ds4: metal layer stage part=ffn layer=38 pos=47 tokens=4 shared_down=0.222 ms
ds4: metal layer stage part=ffn layer=38 pos=47 tokens=4 hc_post=0.029 ms
ds4: metal layer stage part=attn layer=39 pos=47 tokens=4 row_hc_f16_rows=0.209 ms
ds4: metal layer stage part=attn layer=39 pos=47 tokens=4 q_path=0.493 ms
ds4: metal layer stage part=attn layer=39 pos=47 tokens=4 kv_path=0.374 ms
ds4: metal layer stage part=attn layer=39 pos=47 tokens=4 compressor=0.027 ms
ds4: metal layer stage part=attn layer=39 pos=47 tokens=4 attention=0.536 ms
ds4: metal layer stage part=attn layer=39 pos=47 tokens=4 row_output_hc=0.502 ms
ds4: metal layer stage part=attn layer=39 pos=47 tokens=4 hc_post=0.025 ms
ds4: metal layer stage part=ffn layer=39 pos=47 tokens=4 router=0.019 ms
ds4: metal layer stage part=ffn layer=39 pos=47 tokens=4 routed_moe=0.026 ms
ds4: metal layer stage part=ffn layer=39 pos=47 tokens=4 shared_gate_up=0.024 ms
ds4: metal layer stage part=ffn layer=39 pos=47 tokens=4 shared_down=0.277 ms
ds4: metal layer stage part=ffn layer=39 pos=47 tokens=4 hc_post=0.025 ms
ds4: metal layer stage part=attn layer=40 pos=47 tokens=4 row_hc_f16_rows=0.212 ms
ds4: metal layer stage part=attn layer=40 pos=47 tokens=4 q_path=0.463 ms
ds4: metal layer stage part=attn layer=40 pos=47 tokens=4 kv_path=0.235 ms
ds4: metal layer stage part=attn layer=40 pos=47 tokens=4 compressor=0.296 ms
ds4: metal layer stage part=attn layer=40 pos=47 tokens=4 indexer_setup=0.023 ms
ds4: metal layer stage part=attn layer=40 pos=47 tokens=4 attention=0.549 ms
ds4: metal layer stage part=attn layer=40 pos=47 tokens=4 row_output_hc=0.457 ms
ds4: metal layer stage part=attn layer=40 pos=47 tokens=4 hc_post=0.023 ms
ds4: metal layer stage part=ffn layer=40 pos=47 tokens=4 router=0.018 ms
ds4: metal layer stage part=ffn layer=40 pos=47 tokens=4 routed_moe=0.022 ms
ds4: metal layer stage part=ffn layer=40 pos=47 tokens=4 shared_gate_up=0.016 ms
ds4: metal layer stage part=ffn layer=40 pos=47 tokens=4 shared_down=0.234 ms
ds4: metal layer stage part=ffn layer=40 pos=47 tokens=4 hc_post=0.019 ms
ds4: metal layer stage part=attn layer=41 pos=47 tokens=4 row_hc_f16_rows=0.285 ms
ds4: metal layer stage part=attn layer=41 pos=47 tokens=4 q_path=0.883 ms
ds4: metal layer stage part=attn layer=41 pos=47 tokens=4 kv_path=0.241 ms
ds4: metal layer stage part=attn layer=41 pos=47 tokens=4 compressor=0.021 ms
ds4: metal layer stage part=attn layer=41 pos=47 tokens=4 attention=0.540 ms
ds4: metal layer stage part=attn layer=41 pos=47 tokens=4 row_output_hc=0.512 ms
ds4: metal layer stage part=attn layer=41 pos=47 tokens=4 hc_post=0.029 ms
ds4: metal layer stage part=ffn layer=41 pos=47 tokens=4 router=0.022 ms
ds4: metal layer stage part=ffn layer=41 pos=47 tokens=4 routed_moe=0.028 ms
ds4: metal layer stage part=ffn layer=41 pos=47 tokens=4 shared_gate_up=0.018 ms
ds4: metal layer stage part=ffn layer=41 pos=47 tokens=4 shared_down=0.247 ms
ds4: metal layer stage part=ffn layer=41 pos=47 tokens=4 hc_post=0.026 ms
ds4: metal layer stage part=attn layer=42 pos=47 tokens=4 row_hc_f16_rows=0.213 ms
ds4: metal layer stage part=attn layer=42 pos=47 tokens=4 q_path=0.489 ms
ds4: metal layer stage part=attn layer=42 pos=47 tokens=4 kv_path=0.270 ms
ds4: metal layer stage part=attn layer=42 pos=47 tokens=4 compressor=0.283 ms
ds4: metal layer stage part=attn layer=42 pos=47 tokens=4 indexer_setup=0.024 ms
ds4: metal layer stage part=attn layer=42 pos=47 tokens=4 attention=0.549 ms
ds4: metal layer stage part=attn layer=42 pos=47 tokens=4 row_output_hc=0.469 ms
ds4: metal layer stage part=attn layer=42 pos=47 tokens=4 hc_post=0.027 ms
ds4: metal layer stage part=ffn layer=42 pos=47 tokens=4 router=0.019 ms
ds4: metal layer stage part=ffn layer=42 pos=47 tokens=4 routed_moe=0.031 ms
ds4: metal layer stage part=ffn layer=42 pos=47 tokens=4 shared_gate_up=0.025 ms
ds4: metal layer stage part=ffn layer=42 pos=47 tokens=4 shared_down=0.252 ms
ds4: metal layer stage part=ffn layer=42 pos=47 tokens=4 hc_post=0.022 ms
ds4: dspark hybrid verifier profile n=4 layers=43 exact_prefix=0.000 ms attention=100.909 ms row_ffn_pre=9.592 ms row_router=12.184 ms batch_router=0.000 ms row_routed=35.832 ms row_shared=12.586 ms batch_tail=17.383 ms target_hidden=1.259 ms head=1.476 ms read=0.033 ms total=191.270 ms
ds4: ----------------------------------------
ds4: prefill: 7.15 t/s, generation: 16.75 t/s (32 tokens in 1.910s)
ds4: dspark acceptance: 63.9% (23/36 draft tokens)
ds4: dspark acceptance by position: 1=8/9 2=6/9 3=5/9 4=4/9
ds4: dspark avg scheduled: 4.00 draft tokens/block (9 blocks)
ds4: Flash-MoE resident slot bank: resident-slots=11008/11008 (100.0%, avg=256.0/layer) installed=72.56 GiB
