ds4: detected DS4 sidecar package: -m /Users/anemll/Models/flash/dsv4-iq2xxs-expert-major/dense/model-dense.gguf, --moe-sidecar /Users/anemll/Models/flash/dsv4-iq2xxs-expert-major, --moe-mode slot-bank
ds4: applied sidecar tuning profile [Apple M5 Max] from ds4_profile.json (51 env defaults set, 0 kept from environment)
ds4: warning: raw KV cap limits Metal prefill chunk (prefill_chunk=4096, raw_kv_rows=4096, raw_window=128, effective_chunk=3968; target raw cap for one chunk is 4352, also requires ctx >= that value)
ds4: context buffers 429.99 MiB (ctx=4096, backend=metal, prefill_chunk=4096, raw_kv_rows=4096, compressed_kv_rows=1026)
ds4: Flash-MoE sidecar loaded: /Users/anemll/Models/flash/dsv4-iq2xxs-expert-major (slot-bank=256, expert-record 6.75 MiB)
ds4: Flash-MoE expert mmap cache: off; expert reads: pread
ds4: Metal device Apple M5 Max, 128.00 GiB RAM, GPU working-set budget 107.52 GiB (raise with: sudo sysctl iogpu.wired_limit_mb=<MB>)
ds4: drift-patch flags hc_stable=on norm_unify=on kv_raw_f32=off rope_exp2_log2=off math_safe=off tensor_matmul=off
ds4: MXFP4 native library (MSL 4.1): repack=ok selected-repack=ok selected-plane-copy=ok scale-plane matmul=ok selected-matmul=ok decode2=pair/sum6 batch-decode2=pair/sum6 batch-strided=pair/sum6 hybrid-down=sum6 chunked-decode2=pair/sum6
ds4: DS4_MXFP4_NATIVE=1: native MXFP4 available (MPP 4.1 scale-plane matmul2d)
ds4: DSpark resident expert cache: ranges=9 bytes=9.56 GiB (persistent; debug opt-out requires DS4_DSPARK_ALLOW_NONRESIDENT=1)
ds4: DSpark sidecar Metal residency requested: buffers=9 bytes=9.56 GiB
ds4: DSpark draft package loaded: /Users/anemll/Models/DSv4-Flash-DSpark-draft (block=5 verify=2 scheduler=static conf=0.000 noise=128799 target_layers=40,41,42 markov_rank=256 records=81 mapped=10.12 GiB)
ds4: DSpark draft records: F32=41 F16=6 FP8_E4M3=25 MXFP4_NATIVE=9
ds4: DSpark draft inference enabled: MPP 4.1 FP8/MXFP4 draft kernels, fused routed-MoE per draft layer, persistent resident experts, greedy Markov head, exact verifier v1
ds4: Flash-MoE using mmap-backed dense/shared weights without full-model Metal residency warmup
ds4: Metal model views created in 0.295 ms, residency requested in 0.000 ms, warmup 0.000 ms (mapped 8393.67 MiB from offset 5.06 MiB)
ds4: Metal mapped mmaped model as 1 overlapping shared buffers
ds4: metal backend initialized for graph diagnostics
ds4: prefill routed-MoE (requested): mul_mm_id (grouped GPU / ALU)  [grouped path]
ds4: prefill quant scales (ANE env first): w_qscale=512 x_qscale=32 mid_qscale=32 w_scale=0.00195312 x_scale=0.03125 mid_scale=0.03125
ds4: prefill ctx-grow: on, block=16384 tokens
ds4: prefill chunk cap: 16384, graph_raw_cap=auto
ds4: Flash-MoE resident mixed slot-bank load: layers=43 slots=256 bytes=72.56 GiB (one dot per layer)
ds4: Flash-MoE resident prepare: ........................................... 72.56/72.56 GiB (43 layers)
ds4: Flash-MoE resident preload: ........................................... 72.56/72.56 GiB (43 layers)
ds4: Flash-MoE preloaded mixed slot bank: layers=43 slots=256 identity-mapped experts=256
ds4: Flash-MoE slot-bank Metal residency requested: buffers=43 bytes=72.56 GiB
ds4: Flash-MoE slot-bank pages touched: buffers=43 bytes=72.56 GiB
ds4: Flash-MoE slot banks allocated: layers=43 slots=256 gpu-bank=72.6GB Dense: 8.2GB Context: 0.4GB Total <<<< 81.2GB >>>>
ds4: Flash-MoE slot bank layout: mixed expert-major
ds4: warning: very large Flash-MoE slot bank can collapse decode throughput (slots=256, gpu-bank=72.56 GiB). The wired bank competes with the OS file cache that serves decode-miss reads of the sidecar; when the sidecar is larger than RAM, smaller banks decode faster. Compare --moe-slot-bank 32/48/64 or use --ssd-cache auto.
ds4: prefill compute: routed experts = ANE i8i8 (W8A8) | dense proj = Q8 direct-RHS NAX; K-quant dense = fused mul_mm_id batch
ds4: prefill I/O: io-split=4 async-pread=on pread-threads=4 readahead=12 bank-prefetch=3 slot-cache-topk=0 xlayer=auto<=6k-tok topk=128
ds4: decode  I/O: io-split=4 router-prefetch=off scratch-prefetch=off max-loads=0 layer-stride=1 miss-direct-slot-pread=on prefetch-direct-slot-pread=off did-modify=on shared-down=on reset-after-prefill=off realloc-after-prefill=off restore-after-prefill=off resident=slot-bank slots=256
ds4: Flash-MoE banked kernels using M5 simdgroup_matrix fast path (prefetch=3, banks=4)
ds4: WARNING: prefill chunk 4096 clamped to 3968 by raw-KV cap (raw_cap=4096, window=128). Set DS4_METAL_GRAPH_RAW_CAP >= 4224 (window + chunk) — or unset it to auto-size — to honor the chunk.
ds4: prefill chunk cap EFFECTIVE=3968 tokens (DS4_METAL_PREFILL_CHUNK=16384), CLAMPED by raw-KV-cap (ctx-grow) (resident-NAX tiles this by scratch_cap; that tile gates the sync bridge)
processing 19 input tokens: 0/19 (0.0%) batch=0.00 t/s avg=0.00 t/s
ds4: ANE i8w-i8x-tiled-fused cached async prefill B=256 H=4096 I=2048 w_scale=0.00195312 x_scale=0.03125 mid_scale=0.03125
processing 19 input tokens: 0/19 (0.0%) batch=0.00 t/s avg=0.00 t/s
processing 19 input tokens: 0/19 (0.0%) batch=0.00 t/s avg=0.00 t/s
processing 19 input tokens: 1/19 (5.3%) batch=31.21 t/s avg=0.58 t/s
processing 19 input tokens: 1/19 (5.3%) batch=0.00 t/s avg=0.57 t/s
processing 19 input tokens: 2/19 (10.5%) batch=55.66 t/s avg=1.13 t/s
processing 19 input tokens: 2/19 (10.5%) batch=0.00 t/s avg=1.12 t/s
processing 19 input tokens: 3/19 (15.8%) batch=54.08 t/s avg=1.66 t/s
processing 19 input tokens: 3/19 (15.8%) batch=0.00 t/s avg=1.64 t/s
processing 19 input tokens: 3/19 (15.8%) batch=0.00 t/s avg=1.62 t/s
processing 19 input tokens: 4/19 (21.1%) batch=49.37 t/s avg=2.14 t/s
processing 19 input tokens: 4/19 (21.1%) batch=0.00 t/s avg=2.12 t/s
processing 19 input tokens: 5/19 (26.3%) batch=50.50 t/s avg=2.62 t/s
processing 19 input tokens: 5/19 (26.3%) batch=0.00 t/s avg=2.59 t/s
processing 19 input tokens: 6/19 (31.6%) batch=53.38 t/s avg=3.08 t/s
processing 19 input tokens: 6/19 (31.6%) batch=0.00 t/s avg=3.05 t/s
processing 19 input tokens: 7/19 (36.8%) batch=60.98 t/s avg=3.53 t/s
processing 19 input tokens: 7/19 (36.8%) batch=0.00 t/s avg=3.50 t/s
processing 19 input tokens: 7/19 (36.8%) batch=0.00 t/s avg=3.47 t/s
processing 19 input tokens: 8/19 (42.1%) batch=55.47 t/s avg=3.94 t/s
processing 19 input tokens: 8/19 (42.1%) batch=0.00 t/s avg=3.89 t/s
processing 19 input tokens: 9/19 (47.4%) batch=57.32 t/s avg=4.34 t/s
processing 19 input tokens: 9/19 (47.4%) batch=0.00 t/s avg=4.30 t/s
processing 19 input tokens: 10/19 (52.6%) batch=51.89 t/s avg=4.74 t/s
processing 19 input tokens: 10/19 (52.6%) batch=0.00 t/s avg=4.69 t/s
processing 19 input tokens: 11/19 (57.9%) batch=57.10 t/s avg=5.12 t/s
processing 19 input tokens: 11/19 (57.9%) batch=0.00 t/s avg=5.08 t/s
processing 19 input tokens: 11/19 (57.9%) batch=0.00 t/s avg=5.04 t/s
processing 19 input tokens: 12/19 (63.2%) batch=52.06 t/s avg=5.45 t/s
processing 19 input tokens: 12/19 (63.2%) batch=0.00 t/s avg=5.40 t/s
processing 19 input tokens: 13/19 (68.4%) batch=48.41 t/s avg=5.80 t/s
processing 19 input tokens: 13/19 (68.4%) batch=0.00 t/s avg=5.75 t/s
processing 19 input tokens: 14/19 (73.7%) batch=52.63 t/s avg=6.14 t/s
processing 19 input tokens: 14/19 (73.7%) batch=0.00 t/s avg=6.10 t/s
processing 19 input tokens: 15/19 (78.9%) batch=56.43 t/s avg=6.49 t/s
processing 19 input tokens: 15/19 (78.9%) batch=0.00 t/s avg=6.43 t/s
processing 19 input tokens: 15/19 (78.9%) batch=0.00 t/s avg=6.37 t/s
processing 19 input tokens: 16/19 (84.2%) batch=53.34 t/s avg=6.75 t/s
processing 19 input tokens: 16/19 (84.2%) batch=0.00 t/s avg=6.69 t/s
processing 19 input tokens: 17/19 (89.5%) batch=54.02 t/s avg=7.05 t/s
processing 19 input tokens: 17/19 (89.5%) batch=0.00 t/s avg=6.99 t/s
processing 19 input tokens: 18/19 (94.7%) batch=51.14 t/s avg=7.35 t/s
processing 19 input tokens: 18/19 (94.7%) batch=0.00 t/s avg=7.29 t/s
processing 19 input tokens: 19/19 (100.0%) batch=45.70 t/s avg=7.62 t/s
ds4: prefill full: 19 tokens in 2494.3 ms (7.6 t/s)
ds4: [mxfp4-native] two-dispatch plane decode arm engaged (dspark-strided, experts=6)
ds4: DSpark draft warmup: cap=2 rows=2 in 170.2 ms (paid before decode timer)
ds4: Flash-MoE mixed resident bank using fused GPU-selected decode path (slot id == expert id)
ds4: speculative sidecar verifier: resident slot-bank tiny batch path engaged (n_tokens<=5, slot id == expert id)
ds4: dspark batch audit row=0 token=5922 batch_top=3551 exact_top=3551 batch_margin=2.826 exact_margin=2.623 logits_max=0.533785 logits_rms=0.0911268
ds4: dspark batch audit row=1 token=3551 batch_top=260 exact_top=260 batch_margin=13.683 exact_margin=13.688 logits_max=0.24579 logits_rms=0.0408828
ds4: dspark batch state audit batch-vs-exact layer=2 n_comp 5/5 n_index 5/5 attn_kv max=1.35303e-05 rms=8.5503e-07 attn_score max=3.50475e-05 rms=nan index_kv max=1.93715e-05 rms=1.12452e-06 index_score max=1.84774e-05 rms=nan raw max=0.000976562 rms=3.77789e-05 rows=2
ds4: dspark batch state audit batch-vs-exact layer=3 n_comp 0/0 n_index 0/0 attn_kv max=8.67248e-06 rms=2.59214e-07 attn_score max=1.96099e-05 rms=nan index_kv max=0 rms=0 index_score max=0 rms=0 raw max=0.000488281 rms=2.26149e-05 rows=2
ds4: dspark batch state audit batch-vs-exact layer=4 n_comp 5/5 n_index 5/5 attn_kv max=1.22488e-05 rms=1.06027e-06 attn_score max=3.62396e-05 rms=nan index_kv max=1.29342e-05 rms=1.37382e-06 index_score max=3.51667e-05 rms=nan raw max=0.03125 rms=0.000977047 rows=2
ds4: dspark batch state audit batch-vs-exact layer=5 n_comp 0/0 n_index 0/0 attn_kv max=9.23574e-05 rms=2.78739e-06 attn_score max=0.000236183 rms=nan index_kv max=0 rms=0 index_score max=0 rms=0 raw max=0.125 rms=0.00404701 rows=2
ds4: dspark batch state audit batch-vs-exact layer=6 n_comp 5/5 n_index 5/5 attn_kv max=0.000965297 rms=5.39629e-05 attn_score max=0.00348076 rms=nan index_kv max=0.000945091 rms=6.82511e-05 index_score max=0.00284493 rms=nan raw max=0.125 rms=0.00446668 rows=2
ds4: dspark batch state audit batch-vs-exact layer=7 n_comp 0/0 n_index 0/0 attn_kv max=0.000575617 rms=1.63949e-05 attn_score max=0.000940561 rms=nan index_kv max=0 rms=0 index_score max=0 rms=0 raw max=0.125 rms=0.00831022 rows=2
ds4: dspark batch state audit batch-vs-exact layer=8 n_comp 5/5 n_index 5/5 attn_kv max=0.00177518 rms=0.000159362 attn_score max=0.0109479 rms=nan index_kv max=0.00179905 rms=0.00020391 index_score max=0.00951916 rms=nan raw max=0.0625 rms=0.00639676 rows=2
ds4: dspark batch state audit batch-vs-exact layer=9 n_comp 0/0 n_index 0/0 attn_kv max=0.000493968 rms=1.51455e-05 attn_score max=0.00197738 rms=nan index_kv max=0 rms=0 index_score max=0 rms=0 raw max=0.0625 rms=0.00409377 rows=2
ds4: dspark batch state audit batch-vs-exact layer=10 n_comp 5/5 n_index 5/5 attn_kv max=0.00105545 rms=0.000119167 attn_score max=0.00234938 rms=nan index_kv max=0.00213915 rms=0.000150707 index_score max=0.00242496 rms=nan raw max=0.0625 rms=0.00399273 rows=2
ds4: dspark batch state audit batch-vs-exact layer=11 n_comp 0/0 n_index 0/0 attn_kv max=0.000923246 rms=1.39085e-05 attn_score max=0.000671387 rms=nan index_kv max=0 rms=0 index_score max=0 rms=0 raw max=0.03125 rms=0.0024824 rows=2
ds4: dspark batch state audit batch-vs-exact layer=12 n_comp 5/5 n_index 5/5 attn_kv max=0.000833541 rms=0.000101023 attn_score max=0.00344181 rms=nan index_kv max=0.00267935 rms=0.000137057 index_score max=0.00396872 rms=nan raw max=0.125 rms=0.00790256 rows=2
ds4: dspark batch state audit batch-vs-exact layer=13 n_comp 0/0 n_index 0/0 attn_kv max=0.000738621 rms=1.90219e-05 attn_score max=0.00215942 rms=nan index_kv max=0 rms=0 index_score max=0 rms=0 raw max=0.125 rms=0.00848097 rows=2
ds4: dspark batch state audit batch-vs-exact layer=14 n_comp 5/5 n_index 5/5 attn_kv max=0.00192413 rms=0.000192105 attn_score max=0.00721639 rms=nan index_kv max=0.00296092 rms=0.000296136 index_score max=0.00915968 rms=nan raw max=0.125 rms=0.0108805 rows=2
ds4: dspark batch state audit batch-vs-exact layer=15 n_comp 0/0 n_index 0/0 attn_kv max=0.00104329 rms=3.40009e-05 attn_score max=0.00383464 rms=nan index_kv max=0 rms=0 index_score max=0 rms=0 raw max=0.125 rms=0.0119071 rows=2
ds4: dspark batch state audit batch-vs-exact layer=16 n_comp 5/5 n_index 5/5 attn_kv max=0.0031013 rms=0.000295278 attn_score max=0.0123539 rms=nan index_kv max=0.00394449 rms=0.000479038 index_score max=0.0173302 rms=nan raw max=0.125 rms=0.0106422 rows=2
ds4: dspark batch state audit batch-vs-exact layer=17 n_comp 0/0 n_index 0/0 attn_kv max=0.00272531 rms=7.68518e-05 attn_score max=0.00667173 rms=nan index_kv max=0 rms=0 index_score max=0 rms=0 raw max=0.125 rms=0.00997161 rows=2
ds4: dspark batch state audit batch-vs-exact layer=18 n_comp 5/5 n_index 5/5 attn_kv max=0.00127025 rms=0.000168495 attn_score max=0.00677395 rms=nan index_kv max=0.00350094 rms=0.000260973 index_score max=0.00705865 rms=nan raw max=0.125 rms=0.00869003 rows=2
ds4: dspark batch state audit batch-vs-exact layer=19 n_comp 0/0 n_index 0/0 attn_kv max=0.00109248 rms=2.57086e-05 attn_score max=0.00282115 rms=nan index_kv max=0 rms=0 index_score max=0 rms=0 raw max=0.125 rms=0.0104085 rows=2
ds4: dspark batch state audit batch-vs-exact layer=20 n_comp 5/5 n_index 5/5 attn_kv max=0.00218029 rms=0.00022938 attn_score max=0.00999594 rms=nan index_kv max=0.00297135 rms=0.000304112 index_score max=0.0130267 rms=nan raw max=0.25 rms=0.0125659 rows=2
ds4: dspark batch state audit batch-vs-exact layer=21 n_comp 0/0 n_index 0/0 attn_kv max=0.0010982 rms=2.91617e-05 attn_score max=0.00234795 rms=nan index_kv max=0 rms=0 index_score max=0 rms=0 raw max=0.125 rms=0.013331 rows=2
ds4: dspark batch state audit batch-vs-exact layer=22 n_comp 5/5 n_index 5/5 attn_kv max=0.00906178 rms=0.000371681 attn_score max=0.0413615 rms=nan index_kv max=0.00545633 rms=0.000564296 index_score max=0.0390921 rms=nan raw max=0.25 rms=0.0145736 rows=2
ds4: dspark batch state audit batch-vs-exact layer=23 n_comp 0/0 n_index 0/0 attn_kv max=0.00206566 rms=5.53125e-05 attn_score max=0.00378954 rms=nan index_kv max=0 rms=0 index_score max=0 rms=0 raw max=0.125 rms=0.0132865 rows=2
ds4: dspark batch state audit batch-vs-exact layer=24 n_comp 5/5 n_index 5/5 attn_kv max=0.00747421 rms=0.000405069 attn_score max=0.0582824 rms=nan index_kv max=0.011243 rms=0.000631849 index_score max=0.0502846 rms=nan raw max=0.125 rms=0.00904193 rows=2
ds4: dspark batch state audit batch-vs-exact layer=25 n_comp 0/0 n_index 0/0 attn_kv max=0.000424381 rms=1.32159e-05 attn_score max=0.00160047 rms=nan index_kv max=0 rms=0 index_score max=0 rms=0 raw max=0.125 rms=0.010594 rows=2
ds4: dspark batch state audit batch-vs-exact layer=26 n_comp 5/5 n_index 5/5 attn_kv max=0.00183958 rms=0.00014963 attn_score max=0.00695944 rms=nan index_kv max=0.00164914 rms=0.000184694 index_score max=0.00917947 rms=nan raw max=0.125 rms=0.00790812 rows=2
ds4: dspark batch state audit batch-vs-exact layer=27 n_comp 0/0 n_index 0/0 attn_kv max=0.000781849 rms=3.06687e-05 attn_score max=0.00223351 rms=nan index_kv max=0 rms=0 index_score max=0 rms=0 raw max=0.125 rms=0.00779631 rows=2
ds4: dspark batch state audit batch-vs-exact layer=28 n_comp 5/5 n_index 5/5 attn_kv max=0.00863706 rms=0.000861643 attn_score max=0.0615633 rms=nan index_kv max=0.0104928 rms=0.00102061 index_score max=0.0626098 rms=nan raw max=0.125 rms=0.0215842 rows=2
ds4: dspark batch state audit batch-vs-exact layer=29 n_comp 0/0 n_index 0/0 attn_kv max=0.0108006 rms=0.00013708 attn_score max=0.0125744 rms=nan index_kv max=0 rms=0 index_score max=0 rms=0 raw max=0.125 rms=0.0196952 rows=2
ds4: dspark batch state audit batch-vs-exact layer=30 n_comp 5/5 n_index 5/5 attn_kv max=0.00667145 rms=0.000738892 attn_score max=0.04561 rms=nan index_kv max=0.00728783 rms=0.00101184 index_score max=0.0453944 rms=nan raw max=0.125 rms=0.0129008 rows=2
ds4: dspark batch state audit batch-vs-exact layer=31 n_comp 0/0 n_index 0/0 attn_kv max=0.00881148 rms=0.000220407 attn_score max=0.0193022 rms=nan index_kv max=0 rms=0 index_score max=0 rms=0 raw max=0.25 rms=0.0340607 rows=2
ds4: dspark batch state audit batch-vs-exact layer=32 n_comp 5/5 n_index 5/5 attn_kv max=0.0211315 rms=0.00139085 attn_score max=0.0448279 rms=nan index_kv max=0.0173253 rms=0.00168367 index_score max=0.0541617 rms=nan raw max=0.25 rms=0.0275745 rows=2
ds4: dspark batch state audit batch-vs-exact layer=33 n_comp 0/0 n_index 0/0 attn_kv max=0.0101612 rms=0.000243787 attn_score max=0.016607 rms=nan index_kv max=0 rms=0 index_score max=0 rms=0 raw max=0.125 rms=0.0308521 rows=2
ds4: dspark batch state audit batch-vs-exact layer=34 n_comp 5/5 n_index 5/5 attn_kv max=0.0201164 rms=0.00181603 attn_score max=0.0549455 rms=nan index_kv max=0.0174751 rms=0.0018921 index_score max=0.0571728 rms=nan raw max=0.25 rms=0.0361072 rows=2
ds4: dspark batch state audit batch-vs-exact layer=35 n_comp 0/0 n_index 0/0 attn_kv max=0.0145979 rms=0.000387427 attn_score max=0.019228 rms=nan index_kv max=0 rms=0 index_score max=0 rms=0 raw max=0.25 rms=0.0365012 rows=2
ds4: dspark batch state audit batch-vs-exact layer=36 n_comp 5/5 n_index 5/5 attn_kv max=0.0210292 rms=0.00121758 attn_score max=0.0277023 rms=nan index_kv max=0.015589 rms=0.00121416 index_score max=0.0223907 rms=nan raw max=0.125 rms=0.0236225 rows=2
ds4: dspark batch state audit batch-vs-exact layer=37 n_comp 0/0 n_index 0/0 attn_kv max=0.00856614 rms=0.000111296 attn_score max=0.0249862 rms=nan index_kv max=0 rms=0 index_score max=0 rms=0 raw max=0.125 rms=0.0267628 rows=2
ds4: dspark batch state audit batch-vs-exact layer=38 n_comp 5/5 n_index 5/5 attn_kv max=0.0306232 rms=0.00211089 attn_score max=0.0939863 rms=nan index_kv max=0.054074 rms=0.00269326 index_score max=0.0891442 rms=nan raw max=0.25 rms=0.0232248 rows=2
ds4: dspark batch state audit batch-vs-exact layer=39 n_comp 0/0 n_index 0/0 attn_kv max=0.00845303 rms=0.000251591 attn_score max=0.0196687 rms=nan index_kv max=0 rms=0 index_score max=0 rms=0 raw max=0.125 rms=0.0329821 rows=2
ds4: dspark batch state audit batch-vs-exact layer=40 n_comp 5/5 n_index 5/5 attn_kv max=0.0214859 rms=0.00161027 attn_score max=0.186489 rms=nan index_kv max=0.0253246 rms=0.00223907 index_score max=0.181656 rms=nan raw max=0.25 rms=0.0352776 rows=2
ds4: dspark batch state audit batch-vs-exact layer=41 n_comp 0/0 n_index 0/0 attn_kv max=0.0090524 rms=0.000193622 attn_score max=0.0437375 rms=nan index_kv max=0 rms=0 index_score max=0 rms=0 raw max=0.25 rms=0.0296247 rows=2
ds4: dspark batch state audit batch-vs-exact layer=42 n_comp 5/5 n_index 5/5 attn_kv max=0.0110186 rms=0.000896267 attn_score max=0.0698965 rms=nan index_kv max=0.00738996 rms=0.00103812 index_score max=0.0660715 rms=nan raw max=0.125 rms=0.016832 rows=2
ds4: dspark batch state audit batch-vs-exact summary mismatch_layers=41 max=0.25 raw_rows=2 mtp_n_raw 0/0
ds4: dspark batch audit row=0 token=5553 batch_top=14295 exact_top=14295 batch_margin=10.640 exact_margin=10.638 logits_max=0.0752411 logits_rms=0.0143949
ds4: dspark batch audit row=1 token=14295 batch_top=32214 exact_top=32214 batch_margin=14.031 exact_margin=14.044 logits_max=0.155062 logits_rms=0.0208796
ds4: dspark batch state audit batch-vs-exact layer=3 n_comp 0/0 n_index 0/0 attn_kv max=1.98185e-06 rms=5.21679e-08 attn_score max=5.72205e-06 rms=nan index_kv max=0 rms=0 index_score max=0 rms=0 raw max=0.000244141 rms=8.58307e-06 rows=2
ds4: dspark batch state audit batch-vs-exact layer=4 n_comp 6/6 n_index 6/6 attn_kv max=2.71946e-06 rms=3.57757e-07 attn_score max=8.82149e-06 rms=1.80022e-06 index_kv max=3.21865e-06 rms=4.83206e-07 index_score max=8.10623e-06 rms=1.89976e-06 raw max=0.00012207 rms=5.39611e-06 rows=2
ds4: dspark batch state audit batch-vs-exact layer=6 n_comp 6/6 n_index 6/6 attn_kv max=7.03335e-06 rms=5.51954e-07 attn_score max=2.16961e-05 rms=4.197e-06 index_kv max=6.55651e-06 rms=6.06595e-07 index_score max=2.81334e-05 rms=4.10352e-06 raw max=6.10352e-05 rms=2.26424e-06 rows=2
ds4: dspark batch state audit batch-vs-exact layer=7 n_comp 0/0 n_index 0/0 attn_kv max=8.13603e-06 rms=2.79838e-07 attn_score max=1.87755e-05 rms=nan index_kv max=0 rms=0 index_score max=0 rms=0 raw max=0.000244141 rms=1.24435e-05 rows=2
ds4: dspark batch state audit batch-vs-exact layer=8 n_comp 6/6 n_index 6/6 attn_kv max=1.87084e-05 rms=2.89078e-06 attn_score max=5.90086e-05 rms=1.07791e-05 index_kv max=2.77162e-05 rms=4.16685e-06 index_score max=9.23872e-05 rms=1.06595e-05 raw max=0.000976562 rms=3.68012e-05 rows=2
ds4: dspark batch state audit batch-vs-exact layer=9 n_comp 0/0 n_index 0/0 attn_kv max=8.71718e-06 rms=2.21536e-07 attn_score max=1.57952e-05 rms=nan index_kv max=0 rms=0 index_score max=0 rms=0 raw max=0.000976562 rms=3.74659e-05 rows=2
ds4: dspark batch state audit batch-vs-exact layer=10 n_comp 6/6 n_index 6/6 attn_kv max=3.46042e-05 rms=4.15093e-06 attn_score max=0.000140786 rms=2.34557e-05 index_kv max=5.96642e-05 rms=5.79545e-06 index_score max=0.0001252 rms=2.25514e-05 raw max=0.000976562 rms=3.83522e-05 rows=2
ds4: dspark batch state audit batch-vs-exact layer=11 n_comp 0/0 n_index 0/0 attn_kv max=1.26585e-05 rms=3.2933e-07 attn_score max=2.77758e-05 rms=nan index_kv max=0 rms=0 index_score max=0 rms=0 raw max=0.0078125 rms=0.000367434 rows=2
ds4: dspark batch state audit batch-vs-exact layer=12 n_comp 6/6 n_index 6/6 attn_kv max=3.94471e-05 rms=6.68895e-06 attn_score max=0.000268459 rms=5.77544e-05 index_kv max=0.000144005 rms=9.46964e-06 index_score max=0.000276566 rms=5.55662e-05 raw max=0.000976562 rms=3.65207e-05 rows=2
ds4: dspark batch state audit batch-vs-exact layer=13 n_comp 0/0 n_index 0/0 attn_kv max=2.12789e-05 rms=5.13545e-07 attn_score max=4.55528e-05 rms=nan index_kv max=0 rms=0 index_score max=0 rms=0 raw max=0.0078125 rms=0.000250823 rows=2
ds4: dspark batch state audit batch-vs-exact layer=14 n_comp 6/6 n_index 6/6 attn_kv max=0.000154734 rms=7.58418e-06 attn_score max=0.000606656 rms=0.000113452 index_kv max=8.65459e-05 rms=1.14879e-05 index_score max=0.000644863 rms=0.000108192 raw max=0.00195312 rms=0.000130516 rows=2
ds4: dspark batch state audit batch-vs-exact layer=15 n_comp 0/0 n_index 0/0 attn_kv max=3.81134e-05 rms=1.18211e-06 attn_score max=0.000209391 rms=nan index_kv max=0 rms=0 index_score max=0 rms=0 raw max=0.00390625 rms=0.00014981 rows=2
ds4: dspark batch state audit batch-vs-exact layer=16 n_comp 6/6 n_index 6/6 attn_kv max=0.000114322 rms=1.00913e-05 attn_score max=0.000544518 rms=0.000152765 index_kv max=0.000133373 rms=1.66687e-05 index_score max=0.000629902 rms=0.000149122 raw max=0.015625 rms=0.000510856 rows=2
ds4: dspark batch state audit batch-vs-exact layer=17 n_comp 0/0 n_index 0/0 attn_kv max=0.000161469 rms=4.21159e-06 attn_score max=0.000198364 rms=nan index_kv max=0 rms=0 index_score max=0 rms=0 raw max=0.0625 rms=0.00207252 rows=2
ds4: dspark batch state audit batch-vs-exact layer=18 n_comp 6/6 n_index 6/6 attn_kv max=0.000121851 rms=1.69293e-05 attn_score max=0.000388861 rms=6.15256e-05 index_kv max=0.000208162 rms=2.4561e-05 index_score max=0.000567913 rms=6.44791e-05 raw max=0.125 rms=0.00449219 rows=2
ds4: dspark batch state audit batch-vs-exact layer=19 n_comp 0/0 n_index 0/0 attn_kv max=0.000326799 rms=1.00622e-05 attn_score max=0.00146234 rms=nan index_kv max=0 rms=0 index_score max=0 rms=0 raw max=0.0625 rms=0.0051079 rows=2
ds4: dspark batch state audit batch-vs-exact layer=20 n_comp 6/6 n_index 6/6 attn_kv max=0.000974774 rms=0.00010148 attn_score max=0.00389397 rms=0.00115269 index_kv max=0.000835955 rms=0.000125875 index_score max=0.00526094 rms=0.00114238 raw max=0.0625 rms=0.00356721 rows=2
ds4: dspark batch state audit batch-vs-exact layer=21 n_comp 0/0 n_index 0/0 attn_kv max=0.000434071 rms=1.1519e-05 attn_score max=0.000957131 rms=nan index_kv max=0 rms=0 index_score max=0 rms=0 raw max=0.0625 rms=0.00455573 rows=2
ds4: dspark batch state audit batch-vs-exact layer=22 n_comp 6/6 n_index 6/6 attn_kv max=0.00124973 rms=0.000116545 attn_score max=0.0059166 rms=0.00108818 index_kv max=0.00248566 rms=0.000187363 index_score max=0.0053041 rms=0.00111226 raw max=0.0625 rms=0.00310656 rows=2
ds4: dspark batch state audit batch-vs-exact layer=23 n_comp 0/0 n_index 0/0 attn_kv max=0.000683904 rms=1.46813e-05 attn_score max=0.00082469 rms=nan index_kv max=0 rms=0 index_score max=0 rms=0 raw max=0.125 rms=0.00622739 rows=2
ds4: dspark batch state audit batch-vs-exact layer=24 n_comp 6/6 n_index 6/6 attn_kv max=0.000899494 rms=9.92658e-05 attn_score max=0.00607115 rms=0.00083233 index_kv max=0.00116226 rms=0.000123974 index_score max=0.00548717 rms=0.00090377 raw max=0.03125 rms=0.00146827 rows=2
ds4: dspark batch state audit batch-vs-exact layer=25 n_comp 0/0 n_index 0/0 attn_kv max=0.000148565 rms=4.69517e-06 attn_score max=0.000502765 rms=nan index_kv max=0 rms=0 index_score max=0 rms=0 raw max=0.125 rms=0.00576094 rows=2
ds4: dspark batch state audit batch-vs-exact layer=26 n_comp 6/6 n_index 6/6 attn_kv max=0.00119007 rms=8.00785e-05 attn_score max=0.00408262 rms=0.000932916 index_kv max=0.000898063 rms=9.52614e-05 index_score max=0.00431978 rms=0.000953289 raw max=0.0625 rms=0.00420268 rows=2
ds4: dspark batch state audit batch-vs-exact layer=27 n_comp 0/0 n_index 0/0 attn_kv max=0.000227645 rms=7.99928e-06 attn_score max=0.000522196 rms=nan index_kv max=0 rms=0 index_score max=0 rms=0 raw max=0.125 rms=0.00698124 rows=2
ds4: dspark batch state audit batch-vs-exact layer=28 n_comp 6/6 n_index 6/6 attn_kv max=0.000849739 rms=0.000118699 attn_score max=0.0101819 rms=0.00199311 index_kv max=0.000856631 rms=0.000129698 index_score max=0.00869417 rms=0.00206749 raw max=0.125 rms=0.0050422 rows=2
ds4: dspark batch state audit batch-vs-exact layer=29 n_comp 0/0 n_index 0/0 attn_kv max=0.000958443 rms=2.07634e-05 attn_score max=0.00321609 rms=nan index_kv max=0 rms=0 index_score max=0 rms=0 raw max=0.125 rms=0.00757682 rows=2
ds4: dspark batch state audit batch-vs-exact layer=30 n_comp 6/6 n_index 6/6 attn_kv max=0.00145776 rms=0.000163649 attn_score max=0.00699902 rms=0.00140426 index_kv max=0.00210661 rms=0.000211901 index_score max=0.00924873 rms=0.00118839 raw max=0.0625 rms=0.00453386 rows=2
ds4: dspark batch state audit batch-vs-exact layer=31 n_comp 0/0 n_index 0/0 attn_kv max=0.000461489 rms=1.31822e-05 attn_score max=0.00116539 rms=nan index_kv max=0 rms=0 index_score max=0 rms=0 raw max=0.0625 rms=0.00413364 rows=2
ds4: dspark batch state audit batch-vs-exact layer=32 n_comp 6/6 n_index 6/6 attn_kv max=0.0012773 rms=0.000103397 attn_score max=0.00759101 rms=0.00192855 index_kv max=0.00111374 rms=0.000144266 index_score max=0.00905746 rms=0.00181133 raw max=0.125 rms=0.00604779 rows=2
ds4: dspark batch state audit batch-vs-exact layer=33 n_comp 0/0 n_index 0/0 attn_kv max=0.000756167 rms=2.26878e-05 attn_score max=0.00183316 rms=nan index_kv max=0 rms=0 index_score max=0 rms=0 raw max=0.125 rms=0.00757374 rows=2
ds4: dspark batch state audit batch-vs-exact layer=34 n_comp 6/6 n_index 6/6 attn_kv max=0.00215346 rms=0.000128539 attn_score max=0.0245652 rms=0.00481256 index_kv max=0.00217229 rms=0.000166541 index_score max=0.0241289 rms=0.00468962 raw max=0.125 rms=0.00755765 rows=2
ds4: dspark batch state audit batch-vs-exact layer=35 n_comp 0/0 n_index 0/0 attn_kv max=0.00208914 rms=3.05017e-05 attn_score max=0.00214291 rms=nan index_kv max=0 rms=0 index_score max=0 rms=0 raw max=0.125 rms=0.00701809 rows=2
ds4: dspark batch state audit batch-vs-exact layer=36 n_comp 6/6 n_index 6/6 attn_kv max=0.0021321 rms=0.000167849 attn_score max=0.00404465 rms=0.00079596 index_kv max=0.00183221 rms=0.000183972 index_score max=0.00385812 rms=0.000816708 raw max=0.125 rms=0.0113332 rows=2
ds4: dspark batch state audit batch-vs-exact layer=37 n_comp 0/0 n_index 0/0 attn_kv max=0.00134704 rms=1.78689e-05 attn_score max=0.00758082 rms=nan index_kv max=0 rms=0 index_score max=0 rms=0 raw max=0.125 rms=0.008115 rows=2
ds4: dspark batch state audit batch-vs-exact layer=38 n_comp 6/6 n_index 6/6 attn_kv max=0.00558497 rms=0.000437114 attn_score max=0.0145044 rms=0.00242142 index_kv max=0.00443512 rms=0.000527934 index_score max=0.0152154 rms=0.00237558 raw max=0.125 rms=0.00719015 rows=2
ds4: dspark batch state audit batch-vs-exact layer=39 n_comp 0/0 n_index 0/0 attn_kv max=0.00160082 rms=3.61544e-05 attn_score max=0.00612509 rms=nan index_kv max=0 rms=0 index_score max=0 rms=0 raw max=0.25 rms=0.00995988 rows=2
ds4: dspark batch state audit batch-vs-exact layer=40 n_comp 6/6 n_index 6/6 attn_kv max=0.00407771 rms=0.000380492 attn_score max=0.0435691 rms=0.0100919 index_kv max=0.00341965 rms=0.00047488 index_score max=0.0398917 rms=0.00988791 raw max=0.25 rms=0.0149658 rows=2
ds4: dspark batch state audit batch-vs-exact layer=41 n_comp 0/0 n_index 0/0 attn_kv max=0.00110624 rms=3.29764e-05 attn_score max=0.00889111 rms=nan index_kv max=0 rms=0 index_score max=0 rms=0 raw max=0.25 rms=0.014932 rows=2
ds4: dspark batch state audit batch-vs-exact layer=42 n_comp 6/6 n_index 6/6 attn_kv max=0.00644329 rms=0.00033605 attn_score max=0.018832 rms=0.00174611 index_kv max=0.00348677 rms=0.000382112 index_score max=0.0147405 rms=0.00213357 raw max=0.125 rms=0.00941029 rows=2
ds4: dspark batch state audit batch-vs-exact summary mismatch_layers=39 max=0.25 raw_rows=2 mtp_n_raw 0/0
ds4: dspark batch audit row=0 token=40856 batch_top=3917 exact_top=3917 batch_margin=7.106 exact_margin=7.116 logits_max=0.1371 logits_rms=0.0199978
ds4: dspark batch audit row=1 token=3917 batch_top=1812 exact_top=1812 batch_margin=2.098 exact_margin=2.094 logits_max=0.125418 logits_rms=0.0205731
ds4: dspark batch state audit batch-vs-exact layer=1 n_comp 0/0 n_index 0/0 attn_kv max=0 rms=0 attn_score max=0 rms=0 index_kv max=0 rms=0 index_score max=0 rms=0 raw max=0.000244141 rms=8.74138e-06 rows=2
ds4: dspark batch state audit batch-vs-exact layer=2 n_comp 7/7 n_index 7/7 attn_kv max=4.76837e-06 rms=6.44618e-07 attn_score max=7.62939e-06 rms=1.13972e-06 index_kv max=1.00732e-05 rms=9.73409e-07 index_score max=1.71661e-05 rms=2.09263e-06 raw max=0.00012207 rms=4.26496e-06 rows=2
ds4: dspark batch state audit batch-vs-exact layer=3 n_comp 0/0 n_index 0/0 attn_kv max=1.05798e-05 rms=1.66847e-07 attn_score max=1.78516e-05 rms=nan index_kv max=0 rms=0 index_score max=0 rms=0 raw max=0.03125 rms=0.000976572 rows=2
ds4: dspark batch state audit batch-vs-exact layer=4 n_comp 7/7 n_index 7/7 attn_kv max=0.00024882 rms=2.82694e-05 attn_score max=0.000693202 rms=0.000156454 index_kv max=0.000239611 rms=3.75427e-05 index_score max=0.000812769 rms=0.000177974 raw max=0.0078125 rms=0.000495242 rows=2
ds4: dspark batch state audit batch-vs-exact layer=5 n_comp 0/0 n_index 0/0 attn_kv max=7.39545e-05 rms=2.13764e-06 attn_score max=0.000193059 rms=nan index_kv max=0 rms=0 index_score max=0 rms=0 raw max=0.015625 rms=0.000627984 rows=2
ds4: dspark batch state audit batch-vs-exact layer=6 n_comp 7/7 n_index 7/7 attn_kv max=0.00012609 rms=2.04568e-05 attn_score max=0.00045532 rms=9.95193e-05 index_kv max=0.000201106 rms=2.2421e-05 index_score max=0.000568986 rms=0.000100523 raw max=0.015625 rms=0.00052031 rows=2
ds4: dspark batch state audit batch-vs-exact layer=7 n_comp 0/0 n_index 0/0 attn_kv max=4.52399e-05 rms=1.77687e-06 attn_score max=0.000194639 rms=nan index_kv max=0 rms=0 index_score max=0 rms=0 raw max=0.03125 rms=0.00101791 rows=2
ds4: dspark batch state audit batch-vs-exact layer=8 n_comp 7/7 n_index 7/7 attn_kv max=0.000151515 rms=2.49579e-05 attn_score max=0.000340223 rms=9.94024e-05 index_kv max=0.000166789 rms=3.22701e-05 index_score max=0.000375509 rms=0.000101678 raw max=0.03125 rms=0.00112395 rows=2
ds4: dspark batch state audit batch-vs-exact layer=9 n_comp 0/0 n_index 0/0 attn_kv max=7.95424e-05 rms=2.68171e-06 attn_score max=0.000158727 rms=nan index_kv max=0 rms=0 index_score max=0 rms=0 raw max=0.125 rms=0.00459884 rows=2
ds4: dspark batch state audit batch-vs-exact layer=10 n_comp 7/7 n_index 7/7 attn_kv max=0.00115474 rms=0.000186852 attn_score max=0.00377226 rms=0.000761692 index_kv max=0.00132406 rms=0.000234067 index_score max=0.00323772 rms=0.000686606 raw max=0.125 rms=0.00700659 rows=2
ds4: dspark batch state audit batch-vs-exact layer=11 n_comp 0/0 n_index 0/0 attn_kv max=0.000702024 rms=1.65575e-05 attn_score max=0.00146115 rms=nan index_kv max=0 rms=0 index_score max=0 rms=0 raw max=0.125 rms=0.00613119 rows=2
ds4: dspark batch state audit batch-vs-exact layer=12 n_comp 7/7 n_index 7/7 attn_kv max=0.00157124 rms=0.000186366 attn_score max=0.00305152 rms=0.00099196 index_kv max=0.00173092 rms=0.000243892 index_score max=0.00504208 rms=0.000989264 raw max=0.125 rms=0.00548916 rows=2
ds4: dspark batch state audit batch-vs-exact layer=13 n_comp 0/0 n_index 0/0 attn_kv max=0.000500407 rms=1.42956e-05 attn_score max=0.0013262 rms=nan index_kv max=0 rms=0 index_score max=0 rms=0 raw max=0.125 rms=0.0089301 rows=2
ds4: dspark batch state audit batch-vs-exact layer=14 n_comp 7/7 n_index 7/7 attn_kv max=0.00259161 rms=0.000242339 attn_score max=0.0104818 rms=0.00250358 index_kv max=0.00196138 rms=0.000350919 index_score max=0.0106757 rms=0.00238788 raw max=0.125 rms=0.0108592 rows=2
ds4: dspark batch state audit batch-vs-exact layer=15 n_comp 0/0 n_index 0/0 attn_kv max=0.0016624 rms=3.64514e-05 attn_score max=0.0068149 rms=nan index_kv max=0 rms=0 index_score max=0 rms=0 raw max=0.125 rms=0.0110784 rows=2
ds4: dspark batch state audit batch-vs-exact layer=16 n_comp 7/7 n_index 7/7 attn_kv max=0.00359809 rms=0.000427444 attn_score max=0.0306908 rms=0.00843737 index_kv max=0.00468272 rms=0.000674771 index_score max=0.0374813 rms=0.00820163 raw max=0.125 rms=0.0105177 rows=2
ds4: dspark batch state audit batch-vs-exact layer=17 n_comp 0/0 n_index 0/0 attn_kv max=0.00252443 rms=7.43493e-05 attn_score max=0.00700429 rms=nan index_kv max=0 rms=0 index_score max=0 rms=0 raw max=0.25 rms=0.0160918 rows=2
ds4: dspark batch state audit batch-vs-exact layer=18 n_comp 7/7 n_index 7/7 attn_kv max=0.00106063 rms=0.00020847 attn_score max=0.00719512 rms=0.00151525 index_kv max=0.00144088 rms=0.000273427 index_score max=0.00693798 rms=0.00150281 raw max=0.125 rms=0.0105156 rows=2
ds4: dspark batch state audit batch-vs-exact layer=19 n_comp 0/0 n_index 0/0 attn_kv max=0.00141498 rms=2.93005e-05 attn_score max=0.0060052 rms=nan index_kv max=0 rms=0 index_score max=0 rms=0 raw max=0.125 rms=0.012976 rows=2
ds4: dspark batch state audit batch-vs-exact layer=20 n_comp 7/7 n_index 7/7 attn_kv max=0.00253781 rms=0.00038679 attn_score max=0.0192137 rms=0.00701023 index_kv max=0.00354373 rms=0.000538158 index_score max=0.0236681 rms=0.00708775 raw max=0.125 rms=0.0135511 rows=2
ds4: dspark batch state audit batch-vs-exact layer=21 n_comp 0/0 n_index 0/0 attn_kv max=0.000908703 rms=3.23452e-05 attn_score max=0.00285891 rms=nan index_kv max=0 rms=0 index_score max=0 rms=0 raw max=0.125 rms=0.0106039 rows=2
ds4: dspark batch state audit batch-vs-exact layer=22 n_comp 7/7 n_index 7/7 attn_kv max=0.00219536 rms=0.000360612 attn_score max=0.00565779 rms=0.00100294 index_kv max=0.00227317 rms=0.000489481 index_score max=0.00621605 rms=0.00120226 raw max=0.125 rms=0.00996507 rows=2
ds4: dspark batch state audit batch-vs-exact layer=23 n_comp 0/0 n_index 0/0 attn_kv max=0.00174266 rms=4.78828e-05 attn_score max=0.0019725 rms=nan index_kv max=0 rms=0 index_score max=0 rms=0 raw max=0.25 rms=0.0130126 rows=2
ds4: dspark batch state audit batch-vs-exact layer=24 n_comp 7/7 n_index 7/7 attn_kv max=0.00216386 rms=0.000333071 attn_score max=0.0102812 rms=0.00206268 index_kv max=0.00276387 rms=0.000413982 index_score max=0.00851214 rms=0.00238151 raw max=0.0625 rms=0.0062868 rows=2
ds4: dspark batch state audit batch-vs-exact layer=25 n_comp 0/0 n_index 0/0 attn_kv max=0.000447929 rms=1.36853e-05 attn_score max=0.000894159 rms=nan index_kv max=0 rms=0 index_score max=0 rms=0 raw max=0.125 rms=0.00696332 rows=2
ds4: dspark batch state audit batch-vs-exact layer=26 n_comp 7/7 n_index 7/7 attn_kv max=0.00112173 rms=0.000178426 attn_score max=0.00470269 rms=0.00114959 index_kv max=0.00116956 rms=0.000195211 index_score max=0.00471115 rms=0.00115349 raw max=0.125 rms=0.00945611 rows=2
ds4: dspark batch state audit batch-vs-exact layer=27 n_comp 0/0 n_index 0/0 attn_kv max=0.000494298 rms=2.17807e-05 attn_score max=0.00193673 rms=nan index_kv max=0 rms=0 index_score max=0 rms=0 raw max=0.125 rms=0.00909953 rows=2
ds4: dspark batch state audit batch-vs-exact layer=28 n_comp 7/7 n_index 7/7 attn_kv max=0.00172079 rms=0.000242624 attn_score max=0.0152187 rms=0.00369509 index_kv max=0.00315458 rms=0.000308469 index_score max=0.014596 rms=0.00374258 raw max=0.125 rms=0.00765123 rows=2
ds4: dspark batch state audit batch-vs-exact layer=29 n_comp 0/0 n_index 0/0 attn_kv max=0.00137259 rms=3.16514e-05 attn_score max=0.00397915 rms=nan index_kv max=0 rms=0 index_score max=0 rms=0 raw max=0.125 rms=0.010342 rows=2
ds4: dspark batch state audit batch-vs-exact layer=30 n_comp 7/7 n_index 7/7 attn_kv max=0.00234823 rms=0.000284876 attn_score max=0.0110676 rms=0.0019262 index_kv max=0.00257207 rms=0.00040565 index_score max=0.00956035 rms=0.00157359 raw max=0.0625 rms=0.00625528 rows=2
ds4: dspark batch state audit batch-vs-exact layer=31 n_comp 0/0 n_index 0/0 attn_kv max=0.00063166 rms=1.90484e-05 attn_score max=0.00173432 rms=nan index_kv max=0 rms=0 index_score max=0 rms=0 raw max=0.125 rms=0.00800482 rows=2
ds4: dspark batch state audit batch-vs-exact layer=32 n_comp 7/7 n_index 7/7 attn_kv max=0.00212422 rms=0.00020396 attn_score max=0.0365028 rms=0.0100775 index_kv max=0.0022838 rms=0.00028386 index_score max=0.0365036 rms=0.00953196 raw max=0.125 rms=0.0114697 rows=2
ds4: dspark batch state audit batch-vs-exact layer=33 n_comp 0/0 n_index 0/0 attn_kv max=0.000906885 rms=2.75663e-05 attn_score max=0.00198609 rms=nan index_kv max=0 rms=0 index_score max=0 rms=0 raw max=0.125 rms=0.00792235 rows=2
ds4: dspark batch state audit batch-vs-exact layer=34 n_comp 7/7 n_index 7/7 attn_kv max=0.00265086 rms=0.000234454 attn_score max=0.0240812 rms=0.00655628 index_kv max=0.00246572 rms=0.000277794 index_score max=0.0236926 rms=0.00647985 raw max=0.125 rms=0.00949043 rows=2
ds4: dspark batch state audit batch-vs-exact layer=35 n_comp 0/0 n_index 0/0 attn_kv max=0.00144327 rms=3.69275e-05 attn_score max=0.00205564 rms=nan index_kv max=0 rms=0 index_score max=0 rms=0 raw max=0.125 rms=0.0113212 rows=2
ds4: dspark batch state audit batch-vs-exact layer=36 n_comp 7/7 n_index 7/7 attn_kv max=0.00141206 rms=0.000231329 attn_score max=0.00783741 rms=0.00193581 index_kv max=0.00135933 rms=0.000238888 index_score max=0.00834706 rms=0.00196654 raw max=0.125 rms=0.0115013 rows=2
ds4: dspark batch state audit batch-vs-exact layer=37 n_comp 0/0 n_index 0/0 attn_kv max=0.00121766 rms=1.71853e-05 attn_score max=0.00415546 rms=nan index_kv max=0 rms=0 index_score max=0 rms=0 raw max=0.125 rms=0.0103058 rows=2
ds4: dspark batch state audit batch-vs-exact layer=38 n_comp 7/7 n_index 7/7 attn_kv max=0.00499415 rms=0.000618745 attn_score max=0.0344715 rms=0.00713246 index_kv max=0.00873983 rms=0.000923082 index_score max=0.0332596 rms=0.00701591 raw max=0.125 rms=0.00760455 rows=2
ds4: dspark batch state audit batch-vs-exact layer=39 n_comp 0/0 n_index 0/0 attn_kv max=0.00177717 rms=4.16554e-05 attn_score max=0.00459617 rms=nan index_kv max=0 rms=0 index_score max=0 rms=0 raw max=0.25 rms=0.0140501 rows=2
ds4: dspark batch state audit batch-vs-exact layer=40 n_comp 7/7 n_index 7/7 attn_kv max=0.00482428 rms=0.000731308 attn_score max=0.0209529 rms=0.0066703 index_kv max=0.00760757 rms=0.00108244 index_score max=0.0217633 rms=0.00661361 raw max=0.125 rms=0.0166034 rows=2
ds4: dspark batch state audit batch-vs-exact layer=41 n_comp 0/0 n_index 0/0 attn_kv max=0.00138724 rms=3.44738e-05 attn_score max=0.00364071 rms=nan index_kv max=0 rms=0 index_score max=0 rms=0 raw max=0.25 rms=0.0153431 rows=2
ds4: dspark batch state audit batch-vs-exact layer=42 n_comp 7/7 n_index 7/7 attn_kv max=0.00219153 rms=0.00030235 attn_score max=0.0114232 rms=0.001376 index_kv max=0.00221109 rms=0.000354082 index_score max=0.00935638 rms=0.00133029 raw max=0.0625 rms=0.00685181 rows=2
ds4: dspark batch state audit batch-vs-exact summary mismatch_layers=42 max=0.25 raw_rows=2 mtp_n_raw 0/0
ds4: dspark batch audit row=0 token=19950 batch_top=29675 exact_top=29675 batch_margin=10.466 exact_margin=10.447 logits_max=0.106273 logits_rms=0.0222922
ds4: dspark batch audit row=1 token=29675 batch_top=16 exact_top=16 batch_margin=4.909 exact_margin=4.904 logits_max=0.150277 logits_rms=0.025271
ds4: dspark batch state audit batch-vs-exact layer=2 n_comp 7/7 n_index 7/7 attn_kv max=1.37091e-06 rms=1.3944e-07 attn_score max=2.74181e-06 rms=3.25548e-07 index_kv max=1.93715e-06 rms=2.08719e-07 index_score max=3.51667e-06 rms=3.78513e-07 raw max=1.52588e-05 rms=4.91512e-07 rows=2
ds4: dspark batch state audit batch-vs-exact layer=3 n_comp 0/0 n_index 0/0 attn_kv max=4.32134e-06 rms=7.14519e-08 attn_score max=7.31647e-06 rms=nan index_kv max=0 rms=0 index_score max=0 rms=0 raw max=6.10352e-05 rms=2.13581e-06 rows=2
ds4: dspark batch state audit batch-vs-exact layer=4 n_comp 7/7 n_index 7/7 attn_kv max=4.03821e-06 rms=4.00398e-07 attn_score max=2.34246e-05 rms=3.29326e-06 index_kv max=6.91414e-06 rms=5.06468e-07 index_score max=2.19345e-05 rms=3.2728e-06 raw max=0.00012207 rms=3.96136e-06 rows=2
ds4: dspark batch state audit batch-vs-exact layer=5 n_comp 0/0 n_index 0/0 attn_kv max=1.57952e-06 rms=4.80709e-08 attn_score max=7.51019e-06 rms=nan index_kv max=0 rms=0 index_score max=0 rms=0 raw max=0.000244141 rms=8.53076e-06 rows=2
ds4: dspark batch state audit batch-vs-exact layer=6 n_comp 7/7 n_index 7/7 attn_kv max=6.52671e-06 rms=5.32451e-07 attn_score max=1.66893e-05 rms=3.11256e-06 index_kv max=7.62939e-06 rms=6.51865e-07 index_score max=1.85966e-05 rms=3.06037e-06 raw max=6.10352e-05 rms=2.53061e-06 rows=2
ds4: dspark batch state audit batch-vs-exact layer=7 n_comp 0/0 n_index 0/0 attn_kv max=3.34717e-06 rms=8.49603e-08 attn_score max=1.09673e-05 rms=nan index_kv max=0 rms=0 index_score max=0 rms=0 raw max=0.000488281 rms=1.57356e-05 rows=2
ds4: dspark batch state audit batch-vs-exact layer=8 n_comp 7/7 n_index 7/7 attn_kv max=1.94311e-05 rms=1.53661e-06 attn_score max=7.32839e-05 rms=1.12057e-05 index_kv max=2.76193e-05 rms=2.43236e-06 index_score max=7.95126e-05 rms=1.06221e-05 raw max=0.000244141 rms=1.49059e-05 rows=2
ds4: dspark batch state audit batch-vs-exact layer=9 n_comp 0/0 n_index 0/0 attn_kv max=6.14673e-06 rms=1.45756e-07 attn_score max=1.41859e-05 rms=nan index_kv max=0 rms=0 index_score max=0 rms=0 raw max=6.10352e-05 rms=1.90735e-06 rows=2
ds4: dspark batch state audit batch-vs-exact layer=10 n_comp 7/7 n_index 7/7 attn_kv max=2.67029e-05 rms=2.24366e-06 attn_score max=5.53131e-05 rms=5.50291e-06 index_kv max=3.24175e-05 rms=3.20651e-06 index_score max=7.78437e-05 rms=7.11051e-06 raw max=0.000488281 rms=1.90735e-05 rows=2
ds4: dspark batch state audit batch-vs-exact layer=11 n_comp 0/0 n_index 0/0 attn_kv max=1.70469e-05 rms=2.48523e-07 attn_score max=3.46899e-05 rms=nan index_kv max=0 rms=0 index_score max=0 rms=0 raw max=0.00195312 rms=6.3777e-05 rows=2
ds4: dspark batch state audit batch-vs-exact layer=12 n_comp 7/7 n_index 7/7 attn_kv max=3.20673e-05 rms=3.57423e-06 attn_score max=0.00012207 rms=2.40961e-05 index_kv max=5.94854e-05 rms=5.24529e-06 index_score max=0.000163555 rms=2.31363e-05 raw max=0.0625 rms=0.00218852 rows=2
ds4: dspark batch state audit batch-vs-exact layer=13 n_comp 0/0 n_index 0/0 attn_kv max=0.000210367 rms=4.44817e-06 attn_score max=0.000426054 rms=nan index_kv max=0 rms=0 index_score max=0 rms=0 raw max=0.125 rms=0.00608978 rows=2
ds4: dspark batch state audit batch-vs-exact layer=14 n_comp 7/7 n_index 7/7 attn_kv max=0.00121415 rms=0.000108283 attn_score max=0.0069418 rms=0.00105886 index_kv max=0.00160861 rms=0.000167703 index_score max=0.00634527 rms=0.00100135 raw max=0.125 rms=0.00757436 rows=2
ds4: dspark batch state audit batch-vs-exact layer=15 n_comp 0/0 n_index 0/0 attn_kv max=0.00108421 rms=2.31165e-05 attn_score max=0.00297177 rms=nan index_kv max=0 rms=0 index_score max=0 rms=0 raw max=0.125 rms=0.00898394 rows=2
ds4: dspark batch state audit batch-vs-exact layer=16 n_comp 7/7 n_index 7/7 attn_kv max=0.00337505 rms=0.000239617 attn_score max=0.0204115 rms=0.00444219 index_kv max=0.00377095 rms=0.000369922 index_score max=0.0243654 rms=0.00435976 raw max=0.125 rms=0.00850144 rows=2
ds4: dspark batch state audit batch-vs-exact layer=17 n_comp 0/0 n_index 0/0 attn_kv max=0.00207452 rms=7.14218e-05 attn_score max=0.00405759 rms=nan index_kv max=0 rms=0 index_score max=0 rms=0 raw max=0.125 rms=0.00926747 rows=2
ds4: dspark batch state audit batch-vs-exact layer=18 n_comp 7/7 n_index 7/7 attn_kv max=0.00161484 rms=0.000158897 attn_score max=0.0136743 rms=0.00225129 index_kv max=0.00436354 rms=0.000271557 index_score max=0.0145969 rms=0.00207259 raw max=0.125 rms=0.00765972 rows=2
ds4: dspark batch state audit batch-vs-exact layer=19 n_comp 0/0 n_index 0/0 attn_kv max=0.00120874 rms=2.29452e-05 attn_score max=0.00235572 rms=nan index_kv max=0 rms=0 index_score max=0 rms=0 raw max=0.125 rms=0.0124197 rows=2
ds4: dspark batch state audit batch-vs-exact layer=20 n_comp 7/7 n_index 7/7 attn_kv max=0.00313812 rms=0.000237493 attn_score max=0.00484717 rms=0.000549464 index_kv max=0.0026726 rms=0.000332018 index_score max=0.00448632 rms=0.000654355 raw max=0.25 rms=0.0124988 rows=2
ds4: dspark batch state audit batch-vs-exact layer=21 n_comp 0/0 n_index 0/0 attn_kv max=0.000887692 rms=3.20251e-05 attn_score max=0.00220877 rms=nan index_kv max=0 rms=0 index_score max=0 rms=0 raw max=0.125 rms=0.00831198 rows=2
ds4: dspark batch state audit batch-vs-exact layer=22 n_comp 7/7 n_index 7/7 attn_kv max=0.00245529 rms=0.000234963 attn_score max=0.0115581 rms=0.00193345 index_kv max=0.00320888 rms=0.000357571 index_score max=0.00937128 rms=0.00208499 raw max=0.125 rms=0.00810712 rows=2
ds4: dspark batch state audit batch-vs-exact layer=23 n_comp 0/0 n_index 0/0 attn_kv max=0.00320482 rms=4.80234e-05 attn_score max=0.00220472 rms=nan index_kv max=0 rms=0 index_score max=0 rms=0 raw max=0.25 rms=0.012489 rows=2
ds4: dspark batch state audit batch-vs-exact layer=24 n_comp 7/7 n_index 7/7 attn_kv max=0.00210287 rms=0.000239357 attn_score max=0.0121455 rms=0.00109475 index_kv max=0.00169986 rms=0.000256131 index_score max=0.00667977 rms=0.00118349 raw max=0.125 rms=0.00866807 rows=2
ds4: dspark batch state audit batch-vs-exact layer=25 n_comp 0/0 n_index 0/0 attn_kv max=0.000835046 rms=1.7764e-05 attn_score max=0.00227863 rms=nan index_kv max=0 rms=0 index_score max=0 rms=0 raw max=0.125 rms=0.00837011 rows=2
ds4: dspark batch state audit batch-vs-exact layer=26 n_comp 7/7 n_index 7/7 attn_kv max=0.00112164 rms=0.000129673 attn_score max=0.00726187 rms=0.00171705 index_kv max=0.00116575 rms=0.000154847 index_score max=0.00791025 rms=0.00166052 raw max=0.125 rms=0.00779914 rows=2
ds4: dspark batch state audit batch-vs-exact layer=27 n_comp 0/0 n_index 0/0 attn_kv max=0.0013173 rms=2.83764e-05 attn_score max=0.00220183 rms=nan index_kv max=0 rms=0 index_score max=0 rms=0 raw max=0.125 rms=0.00669294 rows=2
ds4: dspark batch state audit batch-vs-exact layer=28 n_comp 7/7 n_index 7/7 attn_kv max=0.00224811 rms=0.000203584 attn_score max=0.0113621 rms=0.00214328 index_kv max=0.00213881 rms=0.000243177 index_score max=0.0131421 rms=0.00223185 raw max=0.125 rms=0.0105209 rows=2
ds4: dspark batch state audit batch-vs-exact layer=29 n_comp 0/0 n_index 0/0 attn_kv max=0.00232083 rms=3.99708e-05 attn_score max=0.00440546 rms=nan index_kv max=0 rms=0 index_score max=0 rms=0 raw max=0.125 rms=0.00801949 rows=2
ds4: dspark batch state audit batch-vs-exact layer=30 n_comp 7/7 n_index 7/7 attn_kv max=0.00267249 rms=0.000203649 attn_score max=0.0151203 rms=0.0025549 index_kv max=0.00246325 rms=0.000275559 index_score max=0.0160031 rms=0.00256508 raw max=0.25 rms=0.0112032 rows=2
ds4: dspark batch state audit batch-vs-exact layer=31 n_comp 0/0 n_index 0/0 attn_kv max=0.00094324 rms=2.65063e-05 attn_score max=0.0021435 rms=nan index_kv max=0 rms=0 index_score max=0 rms=0 raw max=0.25 rms=0.0121319 rows=2
ds4: dspark batch state audit batch-vs-exact layer=32 n_comp 7/7 n_index 7/7 attn_kv max=0.00163221 rms=0.000148594 attn_score max=0.00958276 rms=0.00188157 index_kv max=0.00206213 rms=0.000177624 index_score max=0.0107067 rms=0.00179601 raw max=0.125 rms=0.0115069 rows=2
ds4: dspark batch state audit batch-vs-exact layer=33 n_comp 0/0 n_index 0/0 attn_kv max=0.00102779 rms=3.50977e-05 attn_score max=0.00209269 rms=nan index_kv max=0 rms=0 index_score max=0 rms=0 raw max=0.125 rms=0.0105802 rows=2
ds4: dspark batch state audit batch-vs-exact layer=34 n_comp 7/7 n_index 7/7 attn_kv max=0.00167069 rms=0.000204623 attn_score max=0.0176973 rms=0.00280775 index_kv max=0.00158162 rms=0.000232027 index_score max=0.0175896 rms=0.00271862 raw max=0.25 rms=0.0152533 rows=2
ds4: dspark batch state audit batch-vs-exact layer=35 n_comp 0/0 n_index 0/0 attn_kv max=0.00110276 rms=4.18612e-05 attn_score max=0.00339429 rms=nan index_kv max=0 rms=0 index_score max=0 rms=0 raw max=0.25 rms=0.0181204 rows=2
ds4: dspark batch state audit batch-vs-exact layer=36 n_comp 7/7 n_index 7/7 attn_kv max=0.00180719 rms=0.000213472 attn_score max=0.0106424 rms=0.00174344 index_kv max=0.00238323 rms=0.000239541 index_score max=0.0105893 rms=0.00183315 raw max=0.25 rms=0.0134823 rows=2
ds4: dspark batch state audit batch-vs-exact layer=37 n_comp 0/0 n_index 0/0 attn_kv max=0.00213447 rms=2.49981e-05 attn_score max=0.00448692 rms=nan index_kv max=0 rms=0 index_score max=0 rms=0 raw max=0.125 rms=0.00925316 rows=2
ds4: dspark batch state audit batch-vs-exact layer=38 n_comp 7/7 n_index 7/7 attn_kv max=0.00634092 rms=0.000488724 attn_score max=0.019397 rms=0.0031547 index_kv max=0.00623828 rms=0.000688548 index_score max=0.0188415 rms=0.0031005 raw max=0.125 rms=0.00993193 rows=2
ds4: dspark batch state audit batch-vs-exact layer=39 n_comp 0/0 n_index 0/0 attn_kv max=0.00223291 rms=5.6156e-05 attn_score max=0.00759411 rms=nan index_kv max=0 rms=0 index_score max=0 rms=0 raw max=0.25 rms=0.0145731 rows=2
ds4: dspark batch state audit batch-vs-exact layer=40 n_comp 7/7 n_index 7/7 attn_kv max=0.00595677 rms=0.000581942 attn_score max=0.014838 rms=0.00291635 index_kv max=0.0112358 rms=0.000922709 index_score max=0.0193691 rms=0.00297935 raw max=0.25 rms=0.0210727 rows=2
ds4: dspark batch state audit batch-vs-exact layer=41 n_comp 0/0 n_index 0/0 attn_kv max=0.00169799 rms=4.71269e-05 attn_score max=0.00486827 rms=nan index_kv max=0 rms=0 index_score max=0 rms=0 raw max=0.125 rms=0.0180488 rows=2
ds4: dspark batch state audit batch-vs-exact layer=42 n_comp 7/7 n_index 7/7 attn_kv max=0.00291482 rms=0.000254075 attn_score max=0.0168496 rms=0.00142638 index_kv max=0.00266063 rms=0.000308508 index_score max=0.016616 rms=0.00200106 raw max=0.125 rms=0.0097489 rows=2
ds4: dspark batch state audit batch-vs-exact summary mismatch_layers=41 max=0.25 raw_rows=2 mtp_n_raw 0/0
ds4: dspark batch audit row=0 token=759 batch_top=3394 exact_top=3394 batch_margin=0.210 exact_margin=0.212 logits_max=0.0597858 logits_rms=0.00964573
ds4: dspark batch audit row=1 token=3394 batch_top=260 exact_top=260 batch_margin=1.269 exact_margin=1.269 logits_max=0.116616 logits_rms=0.0201287
ds4: dspark batch state audit batch-vs-exact layer=2 n_comp 8/8 n_index 8/8 attn_kv max=2.24262e-06 rms=1.66406e-07 attn_score max=1.99676e-06 rms=2.36634e-07 index_kv max=1.84029e-06 rms=1.91525e-07 index_score max=3.8147e-06 rms=3.64138e-07 raw max=0.000244141 rms=7.62945e-06 rows=2
ds4: dspark batch state audit batch-vs-exact layer=3 n_comp 0/0 n_index 0/0 attn_kv max=4.84847e-06 rms=8.30111e-08 attn_score max=7.27177e-06 rms=nan index_kv max=0 rms=0 index_score max=0 rms=0 raw max=0.000976562 rms=3.10093e-05 rows=2
ds4: dspark batch state audit batch-vs-exact layer=4 n_comp 8/8 n_index 8/8 attn_kv max=5.84126e-06 rms=6.05038e-07 attn_score max=4.00543e-05 rms=6.12311e-06 index_kv max=1.09673e-05 rms=8.39085e-07 index_score max=3.76701e-05 rms=6.68294e-06 raw max=0.000488281 rms=2.32107e-05 rows=2
ds4: dspark batch state audit batch-vs-exact layer=5 n_comp 0/0 n_index 0/0 attn_kv max=5.8338e-06 rms=1.09484e-07 attn_score max=2.44379e-05 rms=nan index_kv max=0 rms=0 index_score max=0 rms=0 raw max=0.03125 rms=0.00097657 rows=2
ds4: dspark batch state audit batch-vs-exact layer=6 n_comp 8/8 n_index 8/8 attn_kv max=0.000316836 rms=2.32905e-05 attn_score max=0.000601023 rms=5.41935e-05 index_kv max=0.000388145 rms=2.55966e-05 index_score max=0.000382423 rms=5.00053e-05 raw max=0.015625 rms=0.000905874 rows=2
ds4: dspark batch state audit batch-vs-exact layer=7 n_comp 0/0 n_index 0/0 attn_kv max=7.95778e-05 rms=2.77813e-06 attn_score max=0.00032717 rms=nan index_kv max=0 rms=0 index_score max=0 rms=0 raw max=0.125 rms=0.00419905 rows=2
ds4: dspark batch state audit batch-vs-exact layer=8 n_comp 8/8 n_index 8/8 attn_kv max=0.000762954 rms=7.25738e-05 attn_score max=0.00286114 rms=0.000423155 index_kv max=0.000711352 rms=9.55969e-05 index_score max=0.00295657 rms=0.00042578 raw max=0.125 rms=0.00569848 rows=2
ds4: dspark batch state audit batch-vs-exact layer=9 n_comp 0/0 n_index 0/0 attn_kv max=0.000346292 rms=9.83388e-06 attn_score max=0.000823736 rms=nan index_kv max=0 rms=0 index_score max=0 rms=0 raw max=0.0625 rms=0.00292035 rows=2
ds4: dspark batch state audit batch-vs-exact layer=10 n_comp 8/8 n_index 8/8 attn_kv max=0.000801019 rms=8.6913e-05 attn_score max=0.00169468 rms=0.000301955 index_kv max=0.000935793 rms=0.000109984 index_score max=0.00201797 rms=0.00032634 raw max=0.125 rms=0.00539888 rows=2
ds4: dspark batch state audit batch-vs-exact layer=11 n_comp 0/0 n_index 0/0 attn_kv max=0.000596851 rms=1.36307e-05 attn_score max=0.00114554 rms=nan index_kv max=0 rms=0 index_score max=0 rms=0 raw max=0.0625 rms=0.00441217 rows=2
ds4: dspark batch state audit batch-vs-exact layer=12 n_comp 8/8 n_index 8/8 attn_kv max=0.000813641 rms=0.000101349 attn_score max=0.00191373 rms=0.00040029 index_kv max=0.00203562 rms=0.0001441 index_score max=0.0016427 rms=0.000369826 raw max=0.125 rms=0.00814315 rows=2
ds4: dspark batch state audit batch-vs-exact layer=13 n_comp 0/0 n_index 0/0 attn_kv max=0.000851002 rms=1.7849e-05 attn_score max=0.00260472 rms=nan index_kv max=0 rms=0 index_score max=0 rms=0 raw max=0.125 rms=0.00881645 rows=2
ds4: dspark batch state audit batch-vs-exact layer=14 n_comp 8/8 n_index 8/8 attn_kv max=0.00142774 rms=0.000172503 attn_score max=0.00643015 rms=0.0014125 index_kv max=0.00189263 rms=0.000261069 index_score max=0.00783443 rms=0.00138827 raw max=0.125 rms=0.0100193 rows=2
ds4: dspark batch state audit batch-vs-exact layer=15 n_comp 0/0 n_index 0/0 attn_kv max=0.000938684 rms=2.83272e-05 attn_score max=0.00448859 rms=nan index_kv max=0 rms=0 index_score max=0 rms=0 raw max=0.125 rms=0.00695032 rows=2
ds4: dspark batch state audit batch-vs-exact layer=16 n_comp 8/8 n_index 8/8 attn_kv max=0.00140965 rms=0.000205743 attn_score max=0.00784528 rms=0.00198803 index_kv max=0.00308828 rms=0.00032305 index_score max=0.00893259 rms=0.001995 raw max=0.25 rms=0.0111646 rows=2
ds4: dspark batch state audit batch-vs-exact layer=17 n_comp 0/0 n_index 0/0 attn_kv max=0.00462516 rms=7.74042e-05 attn_score max=0.00524543 rms=nan index_kv max=0 rms=0 index_score max=0 rms=0 raw max=0.125 rms=0.0120357 rows=2
ds4: dspark batch state audit batch-vs-exact layer=18 n_comp 8/8 n_index 8/8 attn_kv max=0.00144148 rms=0.00016715 attn_score max=0.00653601 rms=0.00108182 index_kv max=0.00291836 rms=0.000280093 index_score max=0.00661075 rms=0.00105219 raw max=0.0625 rms=0.00764947 rows=2
ds4: dspark batch state audit batch-vs-exact layer=19 n_comp 0/0 n_index 0/0 attn_kv max=0.00221675 rms=2.79963e-05 attn_score max=0.00765944 rms=nan index_kv max=0 rms=0 index_score max=0 rms=0 raw max=0.125 rms=0.0099658 rows=2
ds4: dspark batch state audit batch-vs-exact layer=20 n_comp 8/8 n_index 8/8 attn_kv max=0.00202373 rms=0.00021869 attn_score max=0.0146875 rms=0.00346337 index_kv max=0.00265939 rms=0.000306114 index_score max=0.0180635 rms=0.00341242 raw max=0.125 rms=0.0119357 rows=2
ds4: dspark batch state audit batch-vs-exact layer=21 n_comp 0/0 n_index 0/0 attn_kv max=0.000642449 rms=2.37522e-05 attn_score max=0.00171262 rms=nan index_kv max=0 rms=0 index_score max=0 rms=0 raw max=0.125 rms=0.00788669 rows=2
ds4: dspark batch state audit batch-vs-exact layer=22 n_comp 8/8 n_index 8/8 attn_kv max=0.00236446 rms=0.000223714 attn_score max=0.00878257 rms=0.00102238 index_kv max=0.00450444 rms=0.000359536 index_score max=0.00886011 rms=0.00118218 raw max=0.125 rms=0.0126672 rows=2
ds4: dspark batch state audit batch-vs-exact layer=23 n_comp 0/0 n_index 0/0 attn_kv max=0.00126547 rms=4.50516e-05 attn_score max=0.00345659 rms=nan index_kv max=0 rms=0 index_score max=0 rms=0 raw max=0.25 rms=0.0122917 rows=2
ds4: dspark batch state audit batch-vs-exact layer=24 n_comp 8/8 n_index 8/8 attn_kv max=0.00266891 rms=0.000283961 attn_score max=0.0235744 rms=0.00276411 index_kv max=0.00695276 rms=0.000406711 index_score max=0.0251786 rms=0.00243577 raw max=0.125 rms=0.00846645 rows=2
ds4: dspark batch state audit batch-vs-exact layer=25 n_comp 0/0 n_index 0/0 attn_kv max=0.000390887 rms=1.07547e-05 attn_score max=0.000821173 rms=nan index_kv max=0 rms=0 index_score max=0 rms=0 raw max=0.125 rms=0.0067865 rows=2
ds4: dspark batch state audit batch-vs-exact layer=26 n_comp 8/8 n_index 8/8 attn_kv max=0.00103542 rms=0.000112701 attn_score max=0.00292635 rms=0.000569247 index_kv max=0.00100344 rms=0.000135197 index_score max=0.00506005 rms=0.000581604 raw max=0.125 rms=0.00743917 rows=2
ds4: dspark batch state audit batch-vs-exact layer=27 n_comp 0/0 n_index 0/0 attn_kv max=0.000779234 rms=2.41812e-05 attn_score max=0.00183934 rms=nan index_kv max=0 rms=0 index_score max=0 rms=0 raw max=0.125 rms=0.00907828 rows=2
ds4: dspark batch state audit batch-vs-exact layer=28 n_comp 8/8 n_index 8/8 attn_kv max=0.00130822 rms=0.000125774 attn_score max=0.00816679 rms=0.00155568 index_kv max=0.00116462 rms=0.000150207 index_score max=0.00693798 rms=0.00161557 raw max=0.125 rms=0.00898638 rows=2
ds4: dspark batch state audit batch-vs-exact layer=29 n_comp 0/0 n_index 0/0 attn_kv max=0.00145446 rms=3.0992e-05 attn_score max=0.00384605 rms=nan index_kv max=0 rms=0 index_score max=0 rms=0 raw max=0.125 rms=0.0129885 rows=2
ds4: dspark batch state audit batch-vs-exact layer=30 n_comp 8/8 n_index 8/8 attn_kv max=0.00352266 rms=0.000161926 attn_score max=0.0162463 rms=0.00245518 index_kv max=0.00293945 rms=0.000240782 index_score max=0.0162539 rms=0.0024565 raw max=0.125 rms=0.00916633 rows=2
ds4: dspark batch state audit batch-vs-exact layer=31 n_comp 0/0 n_index 0/0 attn_kv max=0.000747308 rms=2.0901e-05 attn_score max=0.00221086 rms=nan index_kv max=0 rms=0 index_score max=0 rms=0 raw max=0.125 rms=0.00758471 rows=2
ds4: dspark batch state audit batch-vs-exact layer=32 n_comp 8/8 n_index 8/8 attn_kv max=0.00122172 rms=0.000132056 attn_score max=0.00900519 rms=0.00214182 index_kv max=0.0025057 rms=0.00018315 index_score max=0.0120645 rms=0.00199263 raw max=0.0625 rms=0.00542311 rows=2
ds4: dspark batch state audit batch-vs-exact layer=33 n_comp 0/0 n_index 0/0 attn_kv max=0.00106539 rms=2.89547e-05 attn_score max=0.00197387 rms=nan index_kv max=0 rms=0 index_score max=0 rms=0 raw max=0.25 rms=0.0138332 rows=2
ds4: dspark batch state audit batch-vs-exact layer=34 n_comp 8/8 n_index 8/8 attn_kv max=0.00266135 rms=0.000160554 attn_score max=0.0589972 rms=0.00848281 index_kv max=0.00232577 rms=0.000207746 index_score max=0.0587416 rms=0.00838492 raw max=0.125 rms=0.00958006 rows=2
ds4: dspark batch state audit batch-vs-exact layer=35 n_comp 0/0 n_index 0/0 attn_kv max=0.00173691 rms=4.02296e-05 attn_score max=0.00202394 rms=nan index_kv max=0 rms=0 index_score max=0 rms=0 raw max=0.125 rms=0.010443 rows=2
ds4: dspark batch state audit batch-vs-exact layer=36 n_comp 8/8 n_index 8/8 attn_kv max=0.00281756 rms=0.000211391 attn_score max=0.0138452 rms=0.00238522 index_kv max=0.00231694 rms=0.000229055 index_score max=0.0138158 rms=0.00248135 raw max=0.125 rms=0.0118012 rows=2
ds4: dspark batch state audit batch-vs-exact layer=37 n_comp 0/0 n_index 0/0 attn_kv max=0.00144565 rms=1.73374e-05 attn_score max=0.00482264 rms=nan index_kv max=0 rms=0 index_score max=0 rms=0 raw max=0.125 rms=0.00754847 rows=2
ds4: dspark batch state audit batch-vs-exact layer=38 n_comp 8/8 n_index 8/8 attn_kv max=0.0070852 rms=0.000424563 attn_score max=0.0278826 rms=0.00506042 index_kv max=0.0104123 rms=0.000560017 index_score max=0.0291497 rms=0.00504389 raw max=0.0625 rms=0.00638445 rows=2
ds4: dspark batch state audit batch-vs-exact layer=39 n_comp 0/0 n_index 0/0 attn_kv max=0.00194284 rms=3.549e-05 attn_score max=0.00371563 rms=nan index_kv max=0 rms=0 index_score max=0 rms=0 raw max=0.125 rms=0.00811587 rows=2
ds4: dspark batch state audit batch-vs-exact layer=40 n_comp 8/8 n_index 8/8 attn_kv max=0.00458981 rms=0.000246338 attn_score max=0.0702119 rms=0.0104708 index_kv max=0.00373766 rms=0.000409212 index_score max=0.0623233 rms=0.0102039 raw max=0.25 rms=0.0141268 rows=2
ds4: dspark batch state audit batch-vs-exact layer=41 n_comp 0/0 n_index 0/0 attn_kv max=0.00135655 rms=3.03876e-05 attn_score max=0.00497985 rms=nan index_kv max=0 rms=0 index_score max=0 rms=0 raw max=0.125 rms=0.0109308 rows=2
ds4: dspark batch state audit batch-vs-exact layer=42 n_comp 8/8 n_index 8/8 attn_kv max=0.00505406 rms=0.000264864 attn_score max=0.0115505 rms=0.000998593 index_kv max=0.00266579 rms=0.000303868 index_score max=0.00823796 rms=0.00109141 raw max=0.125 rms=0.00821094 rows=2
ds4: dspark batch state audit batch-vs-exact summary mismatch_layers=41 max=0.25 raw_rows=2 mtp_n_raw 0/0
ds4: dspark batch audit row=0 token=8469 batch_top=11319 exact_top=11319 batch_margin=2.246 exact_margin=2.271 logits_max=0.106489 logits_rms=0.0176086
ds4: dspark batch state audit batch-vs-exact layer=2 n_comp 9/9 n_index 9/9 attn_kv max=0.82132 rms=0.0536728 attn_score max=1.04488 rms=0.113669 index_kv max=1.42493 rms=0.081471 index_score max=1.21768 rms=0.117236 raw max=7.62939e-06 rms=3.37175e-07 rows=1
ds4: dspark batch state audit batch-vs-exact layer=3 n_comp 0/0 n_index 0/0 attn_kv max=0.549363 rms=0.0102239 attn_score max=inf rms=nan index_kv max=0 rms=0 index_score max=0 rms=0 raw max=0 rms=0 rows=1
ds4: dspark batch state audit batch-vs-exact layer=4 n_comp 9/9 n_index 9/9 attn_kv max=0.717104 rms=0.0366575 attn_score max=1.08448 rms=0.111221 index_kv max=0.513379 rms=0.0463369 index_score max=1.12125 rms=0.123701 raw max=0 rms=0 rows=1
ds4: dspark batch state audit batch-vs-exact layer=5 n_comp 0/0 n_index 0/0 attn_kv max=0.67404 rms=0.00576402 attn_score max=inf rms=nan index_kv max=0 rms=0 index_score max=0 rms=0 raw max=0.000488281 rms=3.2843e-05 rows=1
ds4: dspark batch state audit batch-vs-exact layer=6 n_comp 9/9 n_index 9/9 attn_kv max=0.530187 rms=0.0430066 attn_score max=1.51619 rms=0.179148 index_kv max=0.476591 rms=0.0464851 index_score max=1.41469 rms=0.16005 raw max=0.000488281 rms=3.09559e-05 rows=1
ds4: dspark batch state audit batch-vs-exact layer=7 n_comp 0/0 n_index 0/0 attn_kv max=0.500453 rms=0.00634761 attn_score max=inf rms=nan index_kv max=0 rms=0 index_score max=0 rms=0 raw max=0.000976562 rms=4.34942e-05 rows=1
ds4: dspark batch state audit batch-vs-exact layer=8 n_comp 9/9 n_index 9/9 attn_kv max=0.589205 rms=0.0515179 attn_score max=3.11357 rms=0.3579 index_kv max=0.722414 rms=0.0697095 index_score max=2.58319 rms=0.34261 raw max=0.000488281 rms=3.32558e-05 rows=1
ds4: dspark batch state audit batch-vs-exact layer=9 n_comp 0/0 n_index 0/0 attn_kv max=0.488162 rms=0.0061922 attn_score max=inf rms=nan index_kv max=0 rms=0 index_score max=0 rms=0 raw max=0.00195312 rms=8.81207e-05 rows=1
ds4: dspark batch state audit batch-vs-exact layer=10 n_comp 9/9 n_index 9/9 attn_kv max=0.630535 rms=0.0618295 attn_score max=3.17506 rms=0.39724 index_kv max=0.983319 rms=0.093207 index_score max=2.41129 rms=0.359552 raw max=0.000244141 rms=1.78033e-05 rows=1
ds4: dspark batch state audit batch-vs-exact layer=11 n_comp 0/0 n_index 0/0 attn_kv max=0.7295 rms=0.0063987 attn_score max=inf rms=nan index_kv max=0 rms=0 index_score max=0 rms=0 raw max=0.000976562 rms=5.52391e-05 rows=1
ds4: dspark batch state audit batch-vs-exact layer=12 n_comp 9/9 n_index 9/9 attn_kv max=0.714299 rms=0.0596554 attn_score max=3.21387 rms=0.536501 index_kv max=1.01106 rms=0.090428 index_score max=3.65574 rms=0.498382 raw max=0.00195312 rms=9.49187e-05 rows=1
ds4: dspark batch state audit batch-vs-exact layer=13 n_comp 0/0 n_index 0/0 attn_kv max=0.652312 rms=0.00723027 attn_score max=inf rms=nan index_kv max=0 rms=0 index_score max=0 rms=0 raw max=0.000976562 rms=5.22697e-05 rows=1
ds4: dspark batch state audit batch-vs-exact layer=14 n_comp 9/9 n_index 9/9 attn_kv max=1.27522 rms=0.0617969 attn_score max=2.4763 rms=0.442028 index_kv max=1.08504 rms=0.094 index_score max=3.28184 rms=0.412668 raw max=0.0078125 rms=0.00034674 rows=1
ds4: dspark batch state audit batch-vs-exact layer=15 n_comp 0/0 n_index 0/0 attn_kv max=0.593338 rms=0.0086619 attn_score max=inf rms=nan index_kv max=0 rms=0 index_score max=0 rms=0 raw max=0.125 rms=0.0055244 rows=1
ds4: dspark batch state audit batch-vs-exact layer=16 n_comp 9/9 n_index 9/9 attn_kv max=0.761733 rms=0.0617121 attn_score max=4.41318 rms=0.982076 index_kv max=0.990121 rms=0.100389 index_score max=4.80144 rms=0.958593 raw max=0.0625 rms=0.00561887 rows=1
ds4: dspark batch state audit batch-vs-exact layer=17 n_comp 0/0 n_index 0/0 attn_kv max=0.650357 rms=0.0156963 attn_score max=inf rms=nan index_kv max=0 rms=0 index_score max=0 rms=0 raw max=0.0625 rms=0.00417726 rows=1
ds4: dspark batch state audit batch-vs-exact layer=18 n_comp 9/9 n_index 9/9 attn_kv max=0.462195 rms=0.0383806 attn_score max=2.00603 rms=0.222803 index_kv max=0.795155 rms=0.0580559 index_score max=1.55972 rms=0.217505 raw max=0.0625 rms=0.00411294 rows=1
ds4: dspark batch state audit batch-vs-exact layer=19 n_comp 0/0 n_index 0/0 attn_kv max=0.538987 rms=0.00489475 attn_score max=inf rms=nan index_kv max=0 rms=0 index_score max=0 rms=0 raw max=0.125 rms=0.00759508 rows=1
ds4: dspark batch state audit batch-vs-exact layer=20 n_comp 9/9 n_index 9/9 attn_kv max=0.585982 rms=0.0443506 attn_score max=1.90158 rms=0.304553 index_kv max=0.781787 rms=0.0623803 index_score max=2.64747 rms=0.302767 raw max=0.25 rms=0.0116294 rows=1
ds4: dspark batch state audit batch-vs-exact layer=21 n_comp 0/0 n_index 0/0 attn_kv max=0.431384 rms=0.0077238 attn_score max=inf rms=nan index_kv max=0 rms=0 index_score max=0 rms=0 raw max=0.125 rms=0.0114149 rows=1
ds4: dspark batch state audit batch-vs-exact layer=22 n_comp 9/9 n_index 9/9 attn_kv max=1.21713 rms=0.0704817 attn_score max=7.48415 rms=1.08623 index_kv max=2.71193 rms=0.132766 index_score max=6.70284 rms=1.10242 raw max=0.125 rms=0.011431 rows=1
ds4: dspark batch state audit batch-vs-exact layer=23 n_comp 0/0 n_index 0/0 attn_kv max=1.85013 rms=0.0158905 attn_score max=inf rms=nan index_kv max=0 rms=0 index_score max=0 rms=0 raw max=0.25 rms=0.0142832 rows=1
ds4: dspark batch state audit batch-vs-exact layer=24 n_comp 9/9 n_index 9/9 attn_kv max=0.700021 rms=0.0597556 attn_score max=2.41747 rms=0.264798 index_kv max=0.870731 rms=0.0816309 index_score max=1.91027 rms=0.335105 raw max=0.0625 rms=0.00436478 rows=1
ds4: dspark batch state audit batch-vs-exact layer=25 n_comp 0/0 n_index 0/0 attn_kv max=0.268569 rms=0.00428779 attn_score max=inf rms=nan index_kv max=0 rms=0 index_score max=0 rms=0 raw max=0.25 rms=0.0123082 rows=1
ds4: dspark batch state audit batch-vs-exact layer=26 n_comp 9/9 n_index 9/9 attn_kv max=0.472814 rms=0.0376253 attn_score max=1.91417 rms=0.330156 index_kv max=0.431189 rms=0.0403763 index_score max=2.72483 rms=0.318966 raw max=0.125 rms=0.00706309 rows=1
ds4: dspark batch state audit batch-vs-exact layer=27 n_comp 0/0 n_index 0/0 attn_kv max=0.593581 rms=0.00903723 attn_score max=inf rms=nan index_kv max=0 rms=0 index_score max=0 rms=0 raw max=0.0625 rms=0.00401702 rows=1
ds4: dspark batch state audit batch-vs-exact layer=28 n_comp 9/9 n_index 9/9 attn_kv max=0.547238 rms=0.0399056 attn_score max=1.73888 rms=0.242104 index_kv max=0.462754 rms=0.0478924 index_score max=2.17198 rms=0.245494 raw max=0.0625 rms=0.00481804 rows=1
ds4: dspark batch state audit batch-vs-exact layer=29 n_comp 0/0 n_index 0/0 attn_kv max=0.526409 rms=0.00718263 attn_score max=inf rms=nan index_kv max=0 rms=0 index_score max=0 rms=0 raw max=0.0625 rms=0.00609146 rows=1
ds4: dspark batch state audit batch-vs-exact layer=30 n_comp 9/9 n_index 9/9 attn_kv max=0.684862 rms=0.0471442 attn_score max=1.92771 rms=0.197669 index_kv max=1.05204 rms=0.073341 index_score max=1.18536 rms=0.182272 raw max=0.0625 rms=0.010662 rows=1
ds4: dspark batch state audit batch-vs-exact layer=31 n_comp 0/0 n_index 0/0 attn_kv max=0.414087 rms=0.00768148 attn_score max=inf rms=nan index_kv max=0 rms=0 index_score max=0 rms=0 raw max=0.125 rms=0.00873562 rows=1
ds4: dspark batch state audit batch-vs-exact layer=32 n_comp 9/9 n_index 9/9 attn_kv max=0.7008 rms=0.0353414 attn_score max=1.75059 rms=0.256576 index_kv max=0.437278 rms=0.0498409 index_score max=2.49549 rms=0.240952 raw max=0.125 rms=0.0110714 rows=1
ds4: dspark batch state audit batch-vs-exact layer=33 n_comp 0/0 n_index 0/0 attn_kv max=0.546131 rms=0.0083061 attn_score max=inf rms=nan index_kv max=0 rms=0 index_score max=0 rms=0 raw max=0.125 rms=0.0105003 rows=1
ds4: dspark batch state audit batch-vs-exact layer=34 n_comp 9/9 n_index 9/9 attn_kv max=1.02583 rms=0.0558067 attn_score max=14.7811 rms=2.24631 index_kv max=0.8441 rms=0.0739419 index_score max=14.5914 rms=2.22199 raw max=0.125 rms=0.0141901 rows=1
ds4: dspark batch state audit batch-vs-exact layer=35 n_comp 0/0 n_index 0/0 attn_kv max=0.887014 rms=0.00984057 attn_score max=inf rms=nan index_kv max=0 rms=0 index_score max=0 rms=0 raw max=0.125 rms=0.00990505 rows=1
ds4: dspark batch state audit batch-vs-exact layer=36 n_comp 9/9 n_index 9/9 attn_kv max=0.305387 rms=0.0283605 attn_score max=2.0495 rms=0.360796 index_kv max=0.312991 rms=0.0319533 index_score max=2.06254 rms=0.374131 raw max=0.125 rms=0.0138006 rows=1
ds4: dspark batch state audit batch-vs-exact layer=37 n_comp 0/0 n_index 0/0 attn_kv max=0.842927 rms=0.0076233 attn_score max=inf rms=nan index_kv max=0 rms=0 index_score max=0 rms=0 raw max=0.125 rms=0.0097193 rows=1
ds4: dspark batch state audit batch-vs-exact layer=38 n_comp 9/9 n_index 9/9 attn_kv max=0.833746 rms=0.0656134 attn_score max=3.79425 rms=0.441315 index_kv max=2.31675 rms=0.100148 index_score max=3.49064 rms=0.41492 raw max=0.125 rms=0.010742 rows=1
ds4: dspark batch state audit batch-vs-exact layer=39 n_comp 0/0 n_index 0/0 attn_kv max=0.900927 rms=0.0102051 attn_score max=inf rms=nan index_kv max=0 rms=0 index_score max=0 rms=0 raw max=0.125 rms=0.0111826 rows=1
ds4: dspark batch state audit batch-vs-exact layer=40 n_comp 9/9 n_index 9/9 attn_kv max=0.545143 rms=0.0476041 attn_score max=8.91207 rms=1.51295 index_kv max=0.74797 rms=0.0755841 index_score max=8.40709 rms=1.46555 raw max=0.25 rms=0.0164281 rows=1
ds4: dspark batch state audit batch-vs-exact layer=41 n_comp 0/0 n_index 0/0 attn_kv max=0.793761 rms=0.00793718 attn_score max=inf rms=nan index_kv max=0 rms=0 index_score max=0 rms=0 raw max=0.125 rms=0.0127689 rows=1
ds4: dspark batch state audit batch-vs-exact layer=42 n_comp 9/9 n_index 9/9 attn_kv max=0.619857 rms=0.0306719 attn_score max=2.24389 rms=0.122297 index_kv max=0.40732 rms=0.0326698 index_score max=1.66959 rms=0.152907 raw max=0.0625 rms=0.00579969 rows=1
ds4: dspark batch state audit batch-vs-exact summary mismatch_layers=41 max=inf raw_rows=1 mtp_n_raw 0/0
ds4: dspark batch audit row=0 token=14 batch_top=26217 exact_top=26217 batch_margin=0.847 exact_margin=0.856 logits_max=0.102334 logits_rms=0.0125483
ds4: dspark batch audit row=1 token=26217 batch_top=14 exact_top=14 batch_margin=0.965 exact_margin=1.066 logits_max=0.8587 logits_rms=0.192837
ds4: dspark batch state audit batch-vs-exact layer=2 n_comp 10/10 n_index 10/10 attn_kv max=8.29995e-06 rms=1.27561e-06 attn_score max=1.79112e-05 rms=1.50477e-06 index_kv max=1.66595e-05 rms=1.53831e-06 index_score max=3.00407e-05 rms=2.77349e-06 raw max=0.00012207 rms=3.82214e-06 rows=2
ds4: dspark batch state audit batch-vs-exact layer=3 n_comp 0/0 n_index 0/0 attn_kv max=6.68317e-06 rms=1.60584e-07 attn_score max=1.50204e-05 rms=nan index_kv max=0 rms=0 index_score max=0 rms=0 raw max=0.000488281 rms=1.54218e-05 rows=2
ds4: dspark batch state audit batch-vs-exact layer=4 n_comp 10/10 n_index 10/10 attn_kv max=7.35745e-06 rms=9.86014e-07 attn_score max=1.55568e-05 rms=3.14169e-06 index_kv max=1.23978e-05 rms=1.294e-06 index_score max=1.88351e-05 rms=3.35576e-06 raw max=1.52588e-05 rms=4.94496e-07 rows=2
ds4: dspark batch state audit batch-vs-exact layer=5 n_comp 0/0 n_index 0/0 attn_kv max=2.18302e-06 rms=7.6936e-08 attn_score max=5.1707e-06 rms=nan index_kv max=0 rms=0 index_score max=0 rms=0 raw max=3.05176e-05 rms=1.37479e-06 rows=2
ds4: dspark batch state audit batch-vs-exact layer=6 n_comp 10/10 n_index 10/10 attn_kv max=1.46478e-05 rms=1.53414e-06 attn_score max=4.22522e-05 rms=9.81308e-06 index_kv max=1.35899e-05 rms=1.76328e-06 index_score max=4.43459e-05 rms=1.04372e-05 raw max=0.000244141 rms=8.69043e-06 rows=2
ds4: dspark batch state audit batch-vs-exact layer=7 n_comp 0/0 n_index 0/0 attn_kv max=5.68386e-06 rms=1.56751e-07 attn_score max=1.90139e-05 rms=nan index_kv max=0 rms=0 index_score max=0 rms=0 raw max=0.000488281 rms=2.41428e-05 rows=2
ds4: dspark batch state audit batch-vs-exact layer=8 n_comp 10/10 n_index 10/10 attn_kv max=2.36928e-05 rms=3.319e-06 attn_score max=0.000149965 rms=3.87686e-05 index_kv max=3.54052e-05 rms=4.82592e-06 index_score max=0.000157833 rms=3.76779e-05 raw max=0.000976562 rms=3.62867e-05 rows=2
ds4: dspark batch state audit batch-vs-exact layer=9 n_comp 0/0 n_index 0/0 attn_kv max=6.43358e-06 rms=2.24993e-07 attn_score max=1.51396e-05 rms=nan index_kv max=0 rms=0 index_score max=0 rms=0 raw max=0.000244141 rms=1.17286e-05 rows=2
ds4: dspark batch state audit batch-vs-exact layer=10 n_comp 10/10 n_index 10/10 attn_kv max=3.17097e-05 rms=3.94874e-06 attn_score max=0.000115395 rms=1.92868e-05 index_kv max=5.38826e-05 rms=5.07988e-06 index_score max=0.000131607 rms=2.18102e-05 raw max=0.015625 rms=0.000489185 rows=2
ds4: dspark batch state audit batch-vs-exact layer=11 n_comp 0/0 n_index 0/0 attn_kv max=4.01437e-05 rms=8.55473e-07 attn_score max=9.34303e-05 rms=nan index_kv max=0 rms=0 index_score max=0 rms=0 raw max=0.03125 rms=0.000979672 rows=2
ds4: dspark batch state audit batch-vs-exact layer=12 n_comp 10/10 n_index 10/10 attn_kv max=0.000142798 rms=2.15608e-05 attn_score max=0.000211775 rms=4.30545e-05 index_kv max=0.000152946 rms=2.37691e-05 index_score max=0.000242591 rms=4.32722e-05 raw max=0.0625 rms=0.00262075 rows=2
ds4: dspark batch state audit batch-vs-exact layer=13 n_comp 0/0 n_index 0/0 attn_kv max=0.000156865 rms=4.27227e-06 attn_score max=0.000197373 rms=nan index_kv max=0 rms=0 index_score max=0 rms=0 raw max=0.0625 rms=0.00302979 rows=2
ds4: dspark batch state audit batch-vs-exact layer=14 n_comp 10/10 n_index 10/10 attn_kv max=0.000554636 rms=8.44159e-05 attn_score max=0.00135112 rms=0.000326096 index_kv max=0.00115776 rms=0.000131428 index_score max=0.00201285 rms=0.000341284 raw max=0.0625 rms=0.00300096 rows=2
ds4: dspark batch state audit batch-vs-exact layer=15 n_comp 0/0 n_index 0/0 attn_kv max=0.000591427 rms=1.11681e-05 attn_score max=0.00164592 rms=nan index_kv max=0 rms=0 index_score max=0 rms=0 raw max=0.125 rms=0.00503559 rows=2
ds4: dspark batch state audit batch-vs-exact layer=16 n_comp 10/10 n_index 10/10 attn_kv max=0.00113589 rms=0.000155976 attn_score max=0.0039835 rms=0.000962701 index_kv max=0.00165725 rms=0.000251273 index_score max=0.0055933 rms=0.000983405 raw max=0.0625 rms=0.00446218 rows=2
ds4: dspark batch state audit batch-vs-exact layer=17 n_comp 0/0 n_index 0/0 attn_kv max=0.00111035 rms=3.23153e-05 attn_score max=0.00229286 rms=nan index_kv max=0 rms=0 index_score max=0 rms=0 raw max=0.125 rms=0.00633531 rows=2
ds4: dspark batch state audit batch-vs-exact layer=18 n_comp 10/10 n_index 10/10 attn_kv max=0.00061515 rms=9.93391e-05 attn_score max=0.00292182 rms=0.000483068 index_kv max=0.000974298 rms=0.000144233 index_score max=0.00239325 rms=0.000459004 raw max=0.125 rms=0.00548029 rows=2
ds4: dspark batch state audit batch-vs-exact layer=19 n_comp 0/0 n_index 0/0 attn_kv max=0.000681877 rms=1.46251e-05 attn_score max=0.00168735 rms=nan index_kv max=0 rms=0 index_score max=0 rms=0 raw max=0.125 rms=0.00728569 rows=2
ds4: dspark batch state audit batch-vs-exact layer=20 n_comp 10/10 n_index 10/10 attn_kv max=0.00144583 rms=0.000193543 attn_score max=0.00878954 rms=0.00333974 index_kv max=0.00203967 rms=0.000288895 index_score max=0.0121117 rms=0.0032998 raw max=0.125 rms=0.00764148 rows=2
ds4: dspark batch state audit batch-vs-exact layer=21 n_comp 0/0 n_index 0/0 attn_kv max=0.000529408 rms=1.70804e-05 attn_score max=0.00126908 rms=nan index_kv max=0 rms=0 index_score max=0 rms=0 raw max=0.125 rms=0.00678843 rows=2
ds4: dspark batch state audit batch-vs-exact layer=22 n_comp 10/10 n_index 10/10 attn_kv max=0.00146776 rms=0.000223752 attn_score max=0.00837827 rms=0.00205584 index_kv max=0.00219607 rms=0.000347867 index_score max=0.00884748 rms=0.00207013 raw max=0.25 rms=0.0105192 rows=2
ds4: dspark batch state audit batch-vs-exact layer=23 n_comp 0/0 n_index 0/0 attn_kv max=0.00155768 rms=3.10776e-05 attn_score max=0.00174785 rms=nan index_kv max=0 rms=0 index_score max=0 rms=0 raw max=0.25 rms=0.0104642 rows=2
ds4: dspark batch state audit batch-vs-exact layer=24 n_comp 10/10 n_index 10/10 attn_kv max=0.00166675 rms=0.000250076 attn_score max=0.00415754 rms=0.000905474 index_kv max=0.00204872 rms=0.000296276 index_score max=0.00522804 rms=0.00112046 raw max=0.0625 rms=0.00529666 rows=2
ds4: dspark batch state audit batch-vs-exact layer=25 n_comp 0/0 n_index 0/0 attn_kv max=0.000488132 rms=1.05287e-05 attn_score max=0.00145778 rms=nan index_kv max=0 rms=0 index_score max=0 rms=0 raw max=0.125 rms=0.00860947 rows=2
ds4: dspark batch state audit batch-vs-exact layer=26 n_comp 10/10 n_index 10/10 attn_kv max=0.00536621 rms=0.000747523 attn_score max=0.0197103 rms=0.00478798 index_kv max=0.00763145 rms=0.000707073 index_score max=0.0397463 rms=0.00459615 raw max=0.125 rms=0.0154794 rows=2
ds4: dspark batch state audit batch-vs-exact layer=27 n_comp 0/0 n_index 0/0 attn_kv max=0.00118262 rms=3.34631e-05 attn_score max=0.00188085 rms=nan index_kv max=0 rms=0 index_score max=0 rms=0 raw max=0.25 rms=0.012729 rows=2
ds4: dspark batch state audit batch-vs-exact layer=28 n_comp 10/10 n_index 10/10 attn_kv max=0.00887603 rms=0.00121009 attn_score max=0.0236602 rms=0.00384973 index_kv max=0.0235316 rms=0.00153522 index_score max=0.0235066 rms=0.00432084 raw max=0.125 rms=0.0211927 rows=2
ds4: dspark batch state audit batch-vs-exact layer=29 n_comp 0/0 n_index 0/0 attn_kv max=0.00746034 rms=0.000110158 attn_score max=0.0112447 rms=nan index_kv max=0 rms=0 index_score max=0 rms=0 raw max=0.125 rms=0.01358 rows=2
ds4: dspark batch state audit batch-vs-exact layer=30 n_comp 10/10 n_index 10/10 attn_kv max=0.0153983 rms=0.00154367 attn_score max=0.0890803 rms=0.014216 index_kv max=0.0166377 rms=0.00216963 index_score max=0.0888839 rms=0.0152475 raw max=0.125 rms=0.0168122 rows=2
ds4: dspark batch state audit batch-vs-exact layer=31 n_comp 0/0 n_index 0/0 attn_kv max=0.0123044 rms=0.0003313 attn_score max=0.0325316 rms=nan index_kv max=0 rms=0 index_score max=0 rms=0 raw max=0.25 rms=0.0315926 rows=2
ds4: dspark batch state audit batch-vs-exact layer=32 n_comp 10/10 n_index 10/10 attn_kv max=0.0285506 rms=0.00328337 attn_score max=0.164258 rms=0.0374732 index_kv max=0.0269272 rms=0.00375987 index_score max=0.162757 rms=0.0357277 raw max=0.25 rms=0.0393659 rows=2
ds4: dspark batch state audit batch-vs-exact layer=33 n_comp 0/0 n_index 0/0 attn_kv max=0.011211 rms=0.000342872 attn_score max=0.0280186 rms=nan index_kv max=0 rms=0 index_score max=0 rms=0 raw max=0.25 rms=0.0374402 rows=2
ds4: dspark batch state audit batch-vs-exact layer=34 n_comp 10/10 n_index 10/10 attn_kv max=0.0427094 rms=0.00418499 attn_score max=0.34836 rms=0.0786365 index_kv max=0.0408104 rms=0.0042514 index_score max=0.359741 rms=0.0779179 raw max=0.25 rms=0.0441466 rows=2
ds4: dspark batch state audit batch-vs-exact layer=35 n_comp 0/0 n_index 0/0 attn_kv max=0.0336101 rms=0.000581621 attn_score max=0.0279368 rms=nan index_kv max=0 rms=0 index_score max=0 rms=0 raw max=0.25 rms=0.0517544 rows=2
ds4: dspark batch state audit batch-vs-exact layer=36 n_comp 10/10 n_index 10/10 attn_kv max=0.0167457 rms=0.00227082 attn_score max=0.0493391 rms=0.00753477 index_kv max=0.0162531 rms=0.00228255 index_score max=0.0596418 rms=0.00788673 raw max=0.125 rms=0.0297161 rows=2
ds4: dspark batch state audit batch-vs-exact layer=37 n_comp 0/0 n_index 0/0 attn_kv max=0.0222837 rms=0.000182241 attn_score max=0.037122 rms=nan index_kv max=0 rms=0 index_score max=0 rms=0 raw max=0.125 rms=0.030948 rows=2
ds4: dspark batch state audit batch-vs-exact layer=38 n_comp 10/10 n_index 10/10 attn_kv max=0.0307173 rms=0.00264656 attn_score max=0.110896 rms=0.0196177 index_kv max=0.0226992 rms=0.00322296 index_score max=0.09273 rms=0.0179067 raw max=0.25 rms=0.0237993 rows=2
ds4: dspark batch state audit batch-vs-exact layer=39 n_comp 0/0 n_index 0/0 attn_kv max=0.0200628 rms=0.000348786 attn_score max=0.0354026 rms=nan index_kv max=0 rms=0 index_score max=0 rms=0 raw max=0.25 rms=0.0427201 rows=2
ds4: dspark batch state audit batch-vs-exact layer=40 n_comp 10/10 n_index 10/10 attn_kv max=0.0179442 rms=0.00222673 attn_score max=0.135332 rms=0.0301373 index_kv max=0.0181086 rms=0.00264438 index_score max=0.139418 rms=0.0295017 raw max=0.125 rms=0.0255238 rows=2
ds4: dspark batch state audit batch-vs-exact layer=41 n_comp 0/0 n_index 0/0 attn_kv max=0.0143614 rms=0.000240963 attn_score max=0.0216172 rms=nan index_kv max=0 rms=0 index_score max=0 rms=0 raw max=0.25 rms=0.0370265 rows=2
ds4: dspark batch state audit batch-vs-exact layer=42 n_comp 10/10 n_index 10/10 attn_kv max=0.0297007 rms=0.00176774 attn_score max=0.0796559 rms=0.0110465 index_kv max=0.0188595 rms=0.00202648 index_score max=0.0709819 rms=0.0137394 raw max=0.125 rms=0.0185596 rows=2
ds4: dspark batch state audit batch-vs-exact summary mismatch_layers=41 max=0.359741 raw_rows=2 mtp_n_raw 0/0
ds4: dspark batch audit row=0 token=68546 batch_top=14 exact_top=14 batch_margin=12.290 exact_margin=12.320 logits_max=1.31836 logits_rms=0.255685
ds4: dspark batch audit row=1 token=14 batch_top=305 exact_top=305 batch_margin=1.336 exact_margin=1.244 logits_max=1.45968 logits_rms=0.241132
ds4: dspark batch state audit batch-vs-exact layer=2 n_comp 10/10 n_index 10/10 attn_kv max=1.63913e-06 rms=1.72126e-07 attn_score max=2.38419e-06 rms=3.20376e-07 index_kv max=2.68221e-06 rms=2.44836e-07 index_score max=3.93391e-06 rms=4.57325e-07 raw max=0.00390625 rms=0.00012207 rows=2
ds4: dspark batch state audit batch-vs-exact layer=3 n_comp 0/0 n_index 0/0 attn_kv max=7.15256e-06 rms=2.04647e-07 attn_score max=2.53916e-05 rms=nan index_kv max=0 rms=0 index_score max=0 rms=0 raw max=0.000244141 rms=9.44207e-06 rows=2
ds4: dspark batch state audit batch-vs-exact layer=4 n_comp 10/10 n_index 10/10 attn_kv max=1.23233e-05 rms=1.04576e-06 attn_score max=3.70741e-05 rms=5.57306e-06 index_kv max=1.7643e-05 rms=1.34149e-06 index_score max=3.57628e-05 rms=5.89429e-06 raw max=0.000976562 rms=3.06699e-05 rows=2
ds4: dspark batch state audit batch-vs-exact layer=5 n_comp 0/0 n_index 0/0 attn_kv max=5.81145e-06 rms=1.38422e-07 attn_score max=2.25306e-05 rms=nan index_kv max=0 rms=0 index_score max=0 rms=0 raw max=0.00195312 rms=6.38327e-05 rows=2
ds4: dspark batch state audit batch-vs-exact layer=6 n_comp 10/10 n_index 10/10 attn_kv max=2.18898e-05 rms=1.83409e-06 attn_score max=5.79357e-05 rms=6.04565e-06 index_kv max=7.43866e-05 rms=2.705e-06 index_score max=6.29425e-05 rms=6.22518e-06 raw max=0.000244141 rms=9.02376e-06 rows=2
ds4: dspark batch state audit batch-vs-exact layer=7 n_comp 0/0 n_index 0/0 attn_kv max=9.35793e-06 rms=2.67451e-07 attn_score max=4.55379e-05 rms=nan index_kv max=0 rms=0 index_score max=0 rms=0 raw max=0.000976562 rms=3.6013e-05 rows=2
ds4: dspark batch state audit batch-vs-exact layer=8 n_comp 10/10 n_index 10/10 attn_kv max=3.39746e-05 rms=2.72257e-06 attn_score max=0.000153065 rms=2.27236e-05 index_kv max=3.3088e-05 rms=3.89748e-06 index_score max=0.000177383 rms=2.25737e-05 raw max=0.03125 rms=0.000977388 rows=2
ds4: dspark batch state audit batch-vs-exact layer=9 n_comp 0/0 n_index 0/0 attn_kv max=5.59241e-05 rms=1.30598e-06 attn_score max=0.000514925 rms=nan index_kv max=0 rms=0 index_score max=0 rms=0 raw max=0.03125 rms=0.00112432 rows=2
ds4: dspark batch state audit batch-vs-exact layer=10 n_comp 10/10 n_index 10/10 attn_kv max=0.000260385 rms=2.11136e-05 attn_score max=0.000527427 rms=6.08997e-05 index_kv max=0.000287976 rms=3.03019e-05 index_score max=0.000638127 rms=6.30173e-05 raw max=0.0625 rms=0.00230764 rows=2
ds4: dspark batch state audit batch-vs-exact layer=11 n_comp 0/0 n_index 0/0 attn_kv max=0.00029387 rms=5.51272e-06 attn_score max=0.000358403 rms=nan index_kv max=0 rms=0 index_score max=0 rms=0 raw max=0.0625 rms=0.00268228 rows=2
ds4: dspark batch state audit batch-vs-exact layer=12 n_comp 10/10 n_index 10/10 attn_kv max=0.000813164 rms=9.1297e-05 attn_score max=0.00154941 rms=0.000307041 index_kv max=0.000841111 rms=0.000110468 index_score max=0.00130558 rms=0.000287596 raw max=0.0625 rms=0.00368165 rows=2
ds4: dspark batch state audit batch-vs-exact layer=13 n_comp 0/0 n_index 0/0 attn_kv max=0.000322871 rms=9.90973e-06 attn_score max=0.000485957 rms=nan index_kv max=0 rms=0 index_score max=0 rms=0 raw max=0.125 rms=0.00432922 rows=2
ds4: dspark batch state audit batch-vs-exact layer=14 n_comp 10/10 n_index 10/10 attn_kv max=0.00175911 rms=0.000185229 attn_score max=0.00251627 rms=0.000436553 index_kv max=0.00212038 rms=0.000280531 index_score max=0.00355911 rms=0.000419212 raw max=0.125 rms=0.0105902 rows=2
ds4: dspark batch state audit batch-vs-exact layer=15 n_comp 0/0 n_index 0/0 attn_kv max=0.0019132 rms=3.69782e-05 attn_score max=0.00408867 rms=nan index_kv max=0 rms=0 index_score max=0 rms=0 raw max=0.125 rms=0.0127379 rows=2
ds4: dspark batch state audit batch-vs-exact layer=16 n_comp 10/10 n_index 10/10 attn_kv max=0.00254542 rms=0.000312509 attn_score max=0.00921226 rms=0.00237371 index_kv max=0.00366118 rms=0.000460191 index_score max=0.0139594 rms=0.00235969 raw max=0.25 rms=0.0160599 rows=2
ds4: dspark batch state audit batch-vs-exact layer=17 n_comp 0/0 n_index 0/0 attn_kv max=0.00442757 rms=0.000100497 attn_score max=0.00958523 rms=nan index_kv max=0 rms=0 index_score max=0 rms=0 raw max=0.125 rms=0.0137729 rows=2
ds4: dspark batch state audit batch-vs-exact layer=18 n_comp 10/10 n_index 10/10 attn_kv max=0.00217915 rms=0.000214402 attn_score max=0.00895497 rms=0.00172555 index_kv max=0.00286213 rms=0.00028621 index_score max=0.00981331 rms=0.00180339 raw max=0.125 rms=0.00973592 rows=2
ds4: dspark batch state audit batch-vs-exact layer=19 n_comp 0/0 n_index 0/0 attn_kv max=0.00137162 rms=3.16842e-05 attn_score max=0.00308129 rms=nan index_kv max=0 rms=0 index_score max=0 rms=0 raw max=0.125 rms=0.0142879 rows=2
ds4: dspark batch state audit batch-vs-exact layer=20 n_comp 10/10 n_index 10/10 attn_kv max=0.00248852 rms=0.000310944 attn_score max=0.013788 rms=0.00400715 index_kv max=0.00266361 rms=0.00043996 index_score max=0.0209432 rms=0.00395605 raw max=0.25 rms=0.0160562 rows=2
ds4: dspark batch state audit batch-vs-exact layer=21 n_comp 0/0 n_index 0/0 attn_kv max=0.0122306 rms=0.000282549 attn_score max=0.0316943 rms=nan index_kv max=0 rms=0 index_score max=0 rms=0 raw max=0.125 rms=0.0294107 rows=2
ds4: dspark batch state audit batch-vs-exact layer=22 n_comp 10/10 n_index 10/10 attn_kv max=0.0167758 rms=0.001628 attn_score max=0.0334268 rms=0.00652317 index_kv max=0.0185233 rms=0.00222709 index_score max=0.0441023 rms=0.00626454 raw max=0.25 rms=0.0283742 rows=2
ds4: dspark batch state audit batch-vs-exact layer=23 n_comp 0/0 n_index 0/0 attn_kv max=0.0230211 rms=0.000266053 attn_score max=0.0200501 rms=nan index_kv max=0 rms=0 index_score max=0 rms=0 raw max=0.25 rms=0.0231723 rows=2
ds4: dspark batch state audit batch-vs-exact layer=24 n_comp 10/10 n_index 10/10 attn_kv max=0.0123244 rms=0.00131326 attn_score max=0.041604 rms=0.00583468 index_kv max=0.0130836 rms=0.00163835 index_score max=0.0537257 rms=0.00643844 raw max=0.125 rms=0.0177787 rows=2
ds4: dspark batch state audit batch-vs-exact layer=25 n_comp 0/0 n_index 0/0 attn_kv max=0.00416234 rms=9.92336e-05 attn_score max=0.0109974 rms=nan index_kv max=0 rms=0 index_score max=0 rms=0 raw max=0.125 rms=0.0193592 rows=2
ds4: dspark batch state audit batch-vs-exact layer=26 n_comp 10/10 n_index 10/10 attn_kv max=0.00840764 rms=0.000908402 attn_score max=0.0696495 rms=0.0115951 index_kv max=0.0101956 rms=0.000841183 index_score max=0.0830128 rms=0.0114412 raw max=0.25 rms=0.0251953 rows=2
ds4: dspark batch state audit batch-vs-exact layer=27 n_comp 0/0 n_index 0/0 attn_kv max=0.00517812 rms=0.000140485 attn_score max=0.00875247 rms=nan index_kv max=0 rms=0 index_score max=0 rms=0 raw max=0.125 rms=0.0227011 rows=2
ds4: dspark batch state audit batch-vs-exact layer=28 n_comp 10/10 n_index 10/10 attn_kv max=0.01513 rms=0.00190224 attn_score max=0.0711708 rms=0.00906836 index_kv max=0.0191082 rms=0.00201197 index_score max=0.0565348 rms=0.00889818 raw max=0.25 rms=0.0396224 rows=2
ds4: dspark batch state audit batch-vs-exact layer=29 n_comp 0/0 n_index 0/0 attn_kv max=0.0104024 rms=0.000231697 attn_score max=0.0270901 rms=nan index_kv max=0 rms=0 index_score max=0 rms=0 raw max=0.25 rms=0.0312533 rows=2
ds4: dspark batch state audit batch-vs-exact layer=30 n_comp 10/10 n_index 10/10 attn_kv max=0.0132281 rms=0.00196483 attn_score max=0.0744388 rms=0.00918973 index_kv max=0.0181313 rms=0.00280765 index_score max=0.0901291 rms=0.00877475 raw max=0.138905 rms=0.0300606 rows=2
ds4: dspark batch state audit batch-vs-exact layer=31 n_comp 0/0 n_index 0/0 attn_kv max=0.0130138 rms=0.000382856 attn_score max=0.0212426 rms=nan index_kv max=0 rms=0 index_score max=0 rms=0 raw max=0.5 rms=0.0468229 rows=2
ds4: dspark batch state audit batch-vs-exact layer=32 n_comp 10/10 n_index 10/10 attn_kv max=0.0197415 rms=0.00211756 attn_score max=0.0575453 rms=0.0106152 index_kv max=0.0196214 rms=0.00258914 index_score max=0.0605681 rms=0.0101671 raw max=0.25 rms=0.0400891 rows=2
ds4: dspark batch state audit batch-vs-exact layer=33 n_comp 0/0 n_index 0/0 attn_kv max=0.0114671 rms=0.000392807 attn_score max=0.025709 rms=nan index_kv max=0 rms=0 index_score max=0 rms=0 raw max=0.25 rms=0.0451881 rows=2
ds4: dspark batch state audit batch-vs-exact layer=34 n_comp 10/10 n_index 10/10 attn_kv max=0.0320443 rms=0.00366389 attn_score max=0.704443 rms=0.103353 index_kv max=0.0410329 rms=0.00432669 index_score max=0.695094 rms=0.102102 raw max=0.25 rms=0.055681 rows=2
ds4: dspark batch state audit batch-vs-exact layer=35 n_comp 0/0 n_index 0/0 attn_kv max=0.028736 rms=0.000782209 attn_score max=0.0705833 rms=nan index_kv max=0 rms=0 index_score max=0 rms=0 raw max=0.25 rms=0.0750653 rows=2
ds4: dspark batch state audit batch-vs-exact layer=36 n_comp 10/10 n_index 10/10 attn_kv max=0.0220454 rms=0.00225382 attn_score max=0.0658872 rms=0.00831837 index_kv max=0.0201676 rms=0.00229428 index_score max=0.056251 rms=0.00817296 raw max=0.25 rms=0.041418 rows=2
ds4: dspark batch state audit batch-vs-exact layer=37 n_comp 0/0 n_index 0/0 attn_kv max=0.0258466 rms=0.000280715 attn_score max=0.0657969 rms=nan index_kv max=0 rms=0 index_score max=0 rms=0 raw max=0.25 rms=0.0602923 rows=2
ds4: dspark batch state audit batch-vs-exact layer=38 n_comp 10/10 n_index 10/10 attn_kv max=0.0296244 rms=0.00393864 attn_score max=0.157772 rms=0.0280384 index_kv max=0.064805 rms=0.00522823 index_score max=0.124354 rms=0.0280648 raw max=0.25 rms=0.0431895 rows=2
ds4: dspark batch state audit batch-vs-exact layer=39 n_comp 0/0 n_index 0/0 attn_kv max=0.0190044 rms=0.000591095 attn_score max=0.0384097 rms=nan index_kv max=0 rms=0 index_score max=0 rms=0 raw max=0.25 rms=0.0680854 rows=2
ds4: dspark batch state audit batch-vs-exact layer=40 n_comp 10/10 n_index 10/10 attn_kv max=0.0349279 rms=0.00359846 attn_score max=0.152411 rms=0.0277928 index_kv max=0.0386273 rms=0.00480079 index_score max=0.134986 rms=0.0271684 raw max=0.25 rms=0.0567199 rows=2
ds4: dspark batch state audit batch-vs-exact layer=41 n_comp 0/0 n_index 0/0 attn_kv max=0.0230888 rms=0.00049525 attn_score max=0.0823418 rms=nan index_kv max=0 rms=0 index_score max=0 rms=0 raw max=0.257812 rms=0.0786825 rows=2
ds4: dspark batch state audit batch-vs-exact layer=42 n_comp 10/10 n_index 10/10 attn_kv max=0.0427033 rms=0.00209945 attn_score max=0.0945745 rms=0.00936561 index_kv max=0.0283501 rms=0.00245763 index_score max=0.092526 rms=0.0107441 raw max=0.25 rms=0.0307291 rows=2
ds4: dspark batch state audit batch-vs-exact summary mismatch_layers=41 max=0.704443 raw_rows=2 mtp_n_raw 0/0
ds4: dspark batch audit row=0 token=25585 batch_top=339 exact_top=339 batch_margin=6.997 exact_margin=6.967 logits_max=0.170079 logits_rms=0.0277003
ds4: dspark batch state audit batch-vs-exact layer=2 n_comp 11/11 n_index 11/11 attn_kv max=0.717685 rms=0.0531877 attn_score max=1.02416 rms=0.140371 index_kv max=1.70701 rms=0.0884753 index_score max=1.00124 rms=0.127136 raw max=0 rms=0 rows=1
ds4: dspark batch state audit batch-vs-exact layer=3 n_comp 0/0 n_index 0/0 attn_kv max=0.811962 rms=0.00960442 attn_score max=inf rms=nan index_kv max=0 rms=0 index_score max=0 rms=0 raw max=0.0625 rms=0.00276214 rows=1
ds4: dspark batch state audit batch-vs-exact layer=4 n_comp 11/11 n_index 11/11 attn_kv max=1.25684 rms=0.0466567 attn_score max=2.13312 rms=0.176299 index_kv max=0.938236 rms=0.0654129 index_score max=2.00263 rms=0.166217 raw max=0.015625 rms=0.000971918 rows=1
ds4: dspark batch state audit batch-vs-exact layer=5 n_comp 0/0 n_index 0/0 attn_kv max=0.330647 rms=0.00505904 attn_score max=inf rms=nan index_kv max=0 rms=0 index_score max=0 rms=0 raw max=0.015625 rms=0.000726269 rows=1
ds4: dspark batch state audit batch-vs-exact layer=6 n_comp 11/11 n_index 11/11 attn_kv max=0.75526 rms=0.0410553 attn_score max=1.53894 rms=0.145049 index_kv max=0.696995 rms=0.0474866 index_score max=1.78773 rms=0.150324 raw max=0.03125 rms=0.00163274 rows=1
ds4: dspark batch state audit batch-vs-exact layer=7 n_comp 0/0 n_index 0/0 attn_kv max=0.375759 rms=0.00588795 attn_score max=inf rms=nan index_kv max=0 rms=0 index_score max=0 rms=0 raw max=0.015625 rms=0.00106544 rows=1
ds4: dspark batch state audit batch-vs-exact layer=8 n_comp 11/11 n_index 11/11 attn_kv max=0.799111 rms=0.0583239 attn_score max=3.11824 rms=0.470441 index_kv max=0.919083 rms=0.0822053 index_score max=2.94158 rms=0.447314 raw max=0.0625 rms=0.00488511 rows=1
ds4: dspark batch state audit batch-vs-exact layer=9 n_comp 0/0 n_index 0/0 attn_kv max=0.46529 rms=0.00658164 attn_score max=inf rms=nan index_kv max=0 rms=0 index_score max=0 rms=0 raw max=0.015625 rms=0.00153262 rows=1
ds4: dspark batch state audit batch-vs-exact layer=10 n_comp 11/11 n_index 11/11 attn_kv max=0.727867 rms=0.0692404 attn_score max=2.69552 rms=0.301821 index_kv max=0.99816 rms=0.0971255 index_score max=2.27192 rms=0.28113 raw max=0.125 rms=0.00687555 rows=1
ds4: dspark batch state audit batch-vs-exact layer=11 n_comp 0/0 n_index 0/0 attn_kv max=0.696407 rms=0.00609368 attn_score max=inf rms=nan index_kv max=0 rms=0 index_score max=0 rms=0 raw max=0.125 rms=0.00736589 rows=1
ds4: dspark batch state audit batch-vs-exact layer=12 n_comp 11/11 n_index 11/11 attn_kv max=0.698245 rms=0.062146 attn_score max=1.91295 rms=0.314037 index_kv max=2.82561 rms=0.108704 index_score max=2.27533 rms=0.304796 raw max=0.125 rms=0.00760443 rows=1
ds4: dspark batch state audit batch-vs-exact layer=13 n_comp 0/0 n_index 0/0 attn_kv max=0.583869 rms=0.00717456 attn_score max=inf rms=nan index_kv max=0 rms=0 index_score max=0 rms=0 raw max=0.0625 rms=0.00524704 rows=1
ds4: dspark batch state audit batch-vs-exact layer=14 n_comp 11/11 n_index 11/11 attn_kv max=0.83889 rms=0.067545 attn_score max=6.63032 rms=1.09648 index_kv max=1.26912 rms=0.115635 index_score max=5.848 rms=1.03008 raw max=0.0625 rms=0.00614158 rows=1
ds4: dspark batch state audit batch-vs-exact layer=15 n_comp 0/0 n_index 0/0 attn_kv max=0.595066 rms=0.00881716 attn_score max=inf rms=nan index_kv max=0 rms=0 index_score max=0 rms=0 raw max=0.125 rms=0.0106076 rows=1
ds4: dspark batch state audit batch-vs-exact layer=16 n_comp 11/11 n_index 11/11 attn_kv max=1.32841 rms=0.07275 attn_score max=4.83018 rms=0.90121 index_kv max=1.22353 rms=0.126115 index_score max=4.4 rms=0.867369 raw max=0.125 rms=0.00781787 rows=1
ds4: dspark batch state audit batch-vs-exact layer=17 n_comp 0/0 n_index 0/0 attn_kv max=0.932965 rms=0.0175604 attn_score max=inf rms=nan index_kv max=0 rms=0 index_score max=0 rms=0 raw max=0.125 rms=0.0139354 rows=1
ds4: dspark batch state audit batch-vs-exact layer=18 n_comp 11/11 n_index 11/11 attn_kv max=0.453983 rms=0.0432019 attn_score max=1.89557 rms=0.306532 index_kv max=1.32426 rms=0.0676771 index_score max=2.74113 rms=0.302365 raw max=0.125 rms=0.0119695 rows=1
ds4: dspark batch state audit batch-vs-exact layer=19 n_comp 0/0 n_index 0/0 attn_kv max=0.69361 rms=0.00606807 attn_score max=inf rms=nan index_kv max=0 rms=0 index_score max=0 rms=0 raw max=0.125 rms=0.0101864 rows=1
ds4: dspark batch state audit batch-vs-exact layer=20 n_comp 11/11 n_index 11/11 attn_kv max=1.23938 rms=0.0620261 attn_score max=6.23991 rms=1.15488 index_kv max=1.44195 rms=0.101121 index_score max=7.44457 rms=1.14003 raw max=0.125 rms=0.0127302 rows=1
ds4: dspark batch state audit batch-vs-exact layer=21 n_comp 0/0 n_index 0/0 attn_kv max=0.682223 rms=0.00791496 attn_score max=inf rms=nan index_kv max=0 rms=0 index_score max=0 rms=0 raw max=0.125 rms=0.0123605 rows=1
ds4: dspark batch state audit batch-vs-exact layer=22 n_comp 11/11 n_index 11/11 attn_kv max=1.65211 rms=0.119257 attn_score max=5.66637 rms=0.475471 index_kv max=3.02642 rms=0.228323 index_score max=4.33113 rms=0.480296 raw max=0.25 rms=0.0190023 rows=1
ds4: dspark batch state audit batch-vs-exact layer=23 n_comp 0/0 n_index 0/0 attn_kv max=2.44663 rms=0.0205521 attn_score max=inf rms=nan index_kv max=0 rms=0 index_score max=0 rms=0 raw max=0.125 rms=0.00979456 rows=1
ds4: dspark batch state audit batch-vs-exact layer=24 n_comp 11/11 n_index 11/11 attn_kv max=1.25328 rms=0.0971644 attn_score max=8.23331 rms=1.05896 index_kv max=1.46581 rms=0.138811 index_score max=7.82141 rms=1.05465 raw max=0.125 rms=0.00857448 rows=1
ds4: dspark batch state audit batch-vs-exact layer=25 n_comp 0/0 n_index 0/0 attn_kv max=0.432028 rms=0.00594101 attn_score max=inf rms=nan index_kv max=0 rms=0 index_score max=0 rms=0 raw max=0.125 rms=0.00844322 rows=1
ds4: dspark batch state audit batch-vs-exact layer=26 n_comp 11/11 n_index 11/11 attn_kv max=0.905895 rms=0.0433115 attn_score max=9.30036 rms=1.79621 index_kv max=0.761747 rms=0.0607255 index_score max=10.7484 rms=1.73245 raw max=0.125 rms=0.00910266 rows=1
ds4: dspark batch state audit batch-vs-exact layer=27 n_comp 0/0 n_index 0/0 attn_kv max=0.625685 rms=0.00888843 attn_score max=inf rms=nan index_kv max=0 rms=0 index_score max=0 rms=0 raw max=0.125 rms=0.00746175 rows=1
ds4: dspark batch state audit batch-vs-exact layer=28 n_comp 11/11 n_index 11/11 attn_kv max=1.00461 rms=0.0457828 attn_score max=3.35302 rms=0.436379 index_kv max=0.729977 rms=0.0631418 index_score max=3.0283 rms=0.467815 raw max=0.125 rms=0.0100815 rows=1
ds4: dspark batch state audit batch-vs-exact layer=29 n_comp 0/0 n_index 0/0 attn_kv max=0.530944 rms=0.00834461 attn_score max=inf rms=nan index_kv max=0 rms=0 index_score max=0 rms=0 raw max=0.125 rms=0.00957407 rows=1
ds4: dspark batch state audit batch-vs-exact layer=30 n_comp 11/11 n_index 11/11 attn_kv max=0.640674 rms=0.0476553 attn_score max=2.13082 rms=0.243713 index_kv max=0.695228 rms=0.0741926 index_score max=2.38159 rms=0.220302 raw max=0.125 rms=0.00917298 rows=1
ds4: dspark batch state audit batch-vs-exact layer=31 n_comp 0/0 n_index 0/0 attn_kv max=0.599442 rms=0.00849124 attn_score max=inf rms=nan index_kv max=0 rms=0 index_score max=0 rms=0 raw max=0.125 rms=0.0108549 rows=1
ds4: dspark batch state audit batch-vs-exact layer=32 n_comp 11/11 n_index 11/11 attn_kv max=1.12509 rms=0.0553438 attn_score max=12.0705 rms=1.72451 index_kv max=0.983832 rms=0.0854578 index_score max=10.6802 rms=1.63456 raw max=0.25 rms=0.0131173 rows=1
ds4: dspark batch state audit batch-vs-exact layer=33 n_comp 0/0 n_index 0/0 attn_kv max=0.740764 rms=0.00732924 attn_score max=inf rms=nan index_kv max=0 rms=0 index_score max=0 rms=0 raw max=0.125 rms=0.00774598 rows=1
ds4: dspark batch state audit batch-vs-exact layer=34 n_comp 11/11 n_index 11/11 attn_kv max=1.09916 rms=0.0457658 attn_score max=7.37721 rms=1.00796 index_kv max=0.862188 rms=0.0638729 index_score max=7.30303 rms=1.01201 raw max=0.125 rms=0.0106161 rows=1
ds4: dspark batch state audit batch-vs-exact layer=35 n_comp 0/0 n_index 0/0 attn_kv max=1.36822 rms=0.0117165 attn_score max=inf rms=nan index_kv max=0 rms=0 index_score max=0 rms=0 raw max=0.125 rms=0.0123922 rows=1
ds4: dspark batch state audit batch-vs-exact layer=36 n_comp 11/11 n_index 11/11 attn_kv max=0.742996 rms=0.0362983 attn_score max=1.47537 rms=0.112928 index_kv max=0.588552 rms=0.0407352 index_score max=1.1285 rms=0.136934 raw max=0.125 rms=0.012841 rows=1
ds4: dspark batch state audit batch-vs-exact layer=37 n_comp 0/0 n_index 0/0 attn_kv max=1.38056 rms=0.00956356 attn_score max=inf rms=nan index_kv max=0 rms=0 index_score max=0 rms=0 raw max=0.0625 rms=0.00749029 rows=1
ds4: dspark batch state audit batch-vs-exact layer=38 n_comp 11/11 n_index 11/11 attn_kv max=1.98844 rms=0.111152 attn_score max=7.28017 rms=0.248314 index_kv max=2.05795 rms=0.158099 index_score max=3.01819 rms=0.201431 raw max=0.125 rms=0.0104379 rows=1
ds4: dspark batch state audit batch-vs-exact layer=39 n_comp 0/0 n_index 0/0 attn_kv max=1.16948 rms=0.0126821 attn_score max=inf rms=nan index_kv max=0 rms=0 index_score max=0 rms=0 raw max=0.0625 rms=0.00669094 rows=1
ds4: dspark batch state audit batch-vs-exact layer=40 n_comp 11/11 n_index 11/11 attn_kv max=1.34935 rms=0.0841938 attn_score max=36.1287 rms=5.3596 index_kv max=1.42218 rms=0.148797 index_score max=33.9314 rms=5.2527 raw max=0.25 rms=0.0219969 rows=1
ds4: dspark batch state audit batch-vs-exact layer=41 n_comp 0/0 n_index 0/0 attn_kv max=1.14779 rms=0.0107363 attn_score max=inf rms=nan index_kv max=0 rms=0 index_score max=0 rms=0 raw max=0.125 rms=0.016138 rows=1
ds4: dspark batch state audit batch-vs-exact layer=42 n_comp 11/11 n_index 11/11 attn_kv max=1.3048 rms=0.0463869 attn_score max=4.21819 rms=0.347664 index_kv max=0.933136 rms=0.0559852 index_score max=4.27667 rms=0.518261 raw max=0.125 rms=0.00911846 rows=1
ds4: dspark batch state audit batch-vs-exact summary mismatch_layers=41 max=inf raw_rows=1 mtp_n_raw 0/0
ds4: dspark batch audit row=0 token=9854 batch_top=36490 exact_top=36490 batch_margin=14.715 exact_margin=14.711 logits_max=0.907871 logits_rms=0.159375
ds4: dspark batch audit row=1 token=36490 batch_top=201 exact_top=201 batch_margin=17.659 exact_margin=17.559 logits_max=0.725813 logits_rms=0.131546
ds4: dspark batch state audit batch-vs-exact layer=2 n_comp 12/12 n_index 12/12 attn_kv max=1.9744e-06 rms=2.71983e-07 attn_score max=5.51343e-06 rms=4.69428e-07 index_kv max=2.43634e-06 rms=3.35574e-07 index_score max=3.27826e-06 rms=6.13136e-07 raw max=6.10352e-05 rms=1.96605e-06 rows=2
ds4: dspark batch state audit batch-vs-exact layer=3 n_comp 0/0 n_index 0/0 attn_kv max=5.06639e-06 rms=9.37949e-08 attn_score max=1.05128e-05 rms=nan index_kv max=0 rms=0 index_score max=0 rms=0 raw max=0.000488281 rms=1.53786e-05 rows=2
ds4: dspark batch state audit batch-vs-exact layer=4 n_comp 12/12 n_index 12/12 attn_kv max=4.12017e-06 rms=7.41717e-07 attn_score max=1.74642e-05 rms=3.50034e-06 index_kv max=4.29153e-06 rms=9.78137e-07 index_score max=1.87755e-05 rms=3.75175e-06 raw max=1.52588e-05 rms=4.91512e-07 rows=2
ds4: dspark batch state audit batch-vs-exact layer=5 n_comp 0/0 n_index 0/0 attn_kv max=2.34693e-05 rms=2.73788e-07 attn_score max=6.24433e-05 rms=nan index_kv max=0 rms=0 index_score max=0 rms=0 raw max=0.000244141 rms=1.58813e-05 rows=2
ds4: dspark batch state audit batch-vs-exact layer=6 n_comp 12/12 n_index 12/12 attn_kv max=3.98159e-05 rms=3.28763e-06 attn_score max=7.73668e-05 rms=1.37734e-05 index_kv max=4.72069e-05 rms=3.6631e-06 index_score max=7.03335e-05 rms=1.42359e-05 raw max=0.03125 rms=0.000984908 rows=2
ds4: dspark batch state audit batch-vs-exact layer=7 n_comp 0/0 n_index 0/0 attn_kv max=4.71547e-05 rms=1.58754e-06 attn_score max=0.000245452 rms=nan index_kv max=0 rms=0 index_score max=0 rms=0 raw max=0.0625 rms=0.00211633 rows=2
ds4: dspark batch state audit batch-vs-exact layer=8 n_comp 12/12 n_index 12/12 attn_kv max=0.000441231 rms=4.91631e-05 attn_score max=0.0042823 rms=0.0008181 index_kv max=0.00051257 rms=7.33916e-05 index_score max=0.00408435 rms=0.00080418 raw max=0.125 rms=0.00506818 rows=2
ds4: dspark batch state audit batch-vs-exact layer=9 n_comp 0/0 n_index 0/0 attn_kv max=0.000280026 rms=7.10866e-06 attn_score max=0.00110239 rms=nan index_kv max=0 rms=0 index_score max=0 rms=0 raw max=0.03125 rms=0.00188484 rows=2
ds4: dspark batch state audit batch-vs-exact layer=10 n_comp 12/12 n_index 12/12 attn_kv max=0.000389189 rms=6.87257e-05 attn_score max=0.0024991 rms=0.000424363 index_kv max=0.000873566 rms=8.7448e-05 index_score max=0.00276804 rms=0.000420402 raw max=0.125 rms=0.00557903 rows=2
ds4: dspark batch state audit batch-vs-exact layer=11 n_comp 0/0 n_index 0/0 attn_kv max=0.000443023 rms=1.28402e-05 attn_score max=0.00118101 rms=nan index_kv max=0 rms=0 index_score max=0 rms=0 raw max=0.0625 rms=0.00461972 rows=2
ds4: dspark batch state audit batch-vs-exact layer=12 n_comp 12/12 n_index 12/12 attn_kv max=0.00110652 rms=0.000163379 attn_score max=0.00211644 rms=0.000634825 index_kv max=0.00136203 rms=0.000220634 index_score max=0.00376749 rms=0.000627633 raw max=0.0625 rms=0.00391894 rows=2
ds4: dspark batch state audit batch-vs-exact layer=13 n_comp 0/0 n_index 0/0 attn_kv max=0.000453427 rms=1.4625e-05 attn_score max=0.000786439 rms=nan index_kv max=0 rms=0 index_score max=0 rms=0 raw max=0.125 rms=0.00739542 rows=2
ds4: dspark batch state audit batch-vs-exact layer=14 n_comp 12/12 n_index 12/12 attn_kv max=0.00229126 rms=0.000230688 attn_score max=0.00928593 rms=0.00240652 index_kv max=0.0026083 rms=0.000339375 index_score max=0.0103431 rms=0.0023363 raw max=0.25 rms=0.0105042 rows=2
ds4: dspark batch state audit batch-vs-exact layer=15 n_comp 0/0 n_index 0/0 attn_kv max=0.00102684 rms=3.22604e-05 attn_score max=0.00265229 rms=nan index_kv max=0 rms=0 index_score max=0 rms=0 raw max=0.125 rms=0.0113274 rows=2
ds4: dspark batch state audit batch-vs-exact layer=16 n_comp 12/12 n_index 12/12 attn_kv max=0.0029175 rms=0.000427194 attn_score max=0.0189242 rms=0.00498677 index_kv max=0.00369632 rms=0.000664512 index_score max=0.0175899 rms=0.00490882 raw max=0.25 rms=0.0154182 rows=2
ds4: dspark batch state audit batch-vs-exact layer=17 n_comp 0/0 n_index 0/0 attn_kv max=0.00277975 rms=9.24042e-05 attn_score max=0.0065534 rms=nan index_kv max=0 rms=0 index_score max=0 rms=0 raw max=0.125 rms=0.0126711 rows=2
ds4: dspark batch state audit batch-vs-exact layer=18 n_comp 12/12 n_index 12/12 attn_kv max=0.00179045 rms=0.000257093 attn_score max=0.00604296 rms=0.00171672 index_kv max=0.00158942 rms=0.000352212 index_score max=0.0100363 rms=0.00176016 raw max=0.125 rms=0.00948659 rows=2
ds4: dspark batch state audit batch-vs-exact layer=19 n_comp 0/0 n_index 0/0 attn_kv max=0.00108841 rms=2.86888e-05 attn_score max=0.00266978 rms=nan index_kv max=0 rms=0 index_score max=0 rms=0 raw max=0.125 rms=0.00835177 rows=2
ds4: dspark batch state audit batch-vs-exact layer=20 n_comp 12/12 n_index 12/12 attn_kv max=0.00228298 rms=0.000349901 attn_score max=0.0129056 rms=0.00405384 index_kv max=0.00324851 rms=0.000472267 index_score max=0.0176926 rms=0.00399868 raw max=0.25 rms=0.0154553 rows=2
ds4: dspark batch state audit batch-vs-exact layer=21 n_comp 0/0 n_index 0/0 attn_kv max=0.00113703 rms=3.05756e-05 attn_score max=0.00305939 rms=nan index_kv max=0 rms=0 index_score max=0 rms=0 raw max=0.25 rms=0.013086 rows=2
ds4: dspark batch state audit batch-vs-exact layer=22 n_comp 12/12 n_index 12/12 attn_kv max=0.010273 rms=0.000648347 attn_score max=0.0698695 rms=0.0137354 index_kv max=0.0236006 rms=0.00133719 index_score max=0.0662498 rms=0.0130433 raw max=0.25 rms=0.011325 rows=2
ds4: dspark batch state audit batch-vs-exact layer=23 n_comp 0/0 n_index 0/0 attn_kv max=0.00269532 rms=5.73579e-05 attn_score max=0.0034236 rms=nan index_kv max=0 rms=0 index_score max=0 rms=0 raw max=0.125 rms=0.010302 rows=2
ds4: dspark batch state audit batch-vs-exact layer=24 n_comp 12/12 n_index 12/12 attn_kv max=0.00336075 rms=0.000482424 attn_score max=0.012126 rms=0.00288077 index_kv max=0.00350879 rms=0.000672373 index_score max=0.0117645 rms=0.0032473 raw max=0.125 rms=0.00963482 rows=2
ds4: dspark batch state audit batch-vs-exact layer=25 n_comp 0/0 n_index 0/0 attn_kv max=0.000498466 rms=1.62443e-05 attn_score max=0.00217709 rms=nan index_kv max=0 rms=0 index_score max=0 rms=0 raw max=0.125 rms=0.00854052 rows=2
ds4: dspark batch state audit batch-vs-exact layer=26 n_comp 12/12 n_index 12/12 attn_kv max=0.00160462 rms=0.000234356 attn_score max=0.0203631 rms=0.00543369 index_kv max=0.00147053 rms=0.00025861 index_score max=0.0247664 rms=0.00532462 raw max=0.125 rms=0.011909 rows=2
ds4: dspark batch state audit batch-vs-exact layer=27 n_comp 0/0 n_index 0/0 attn_kv max=0.00123686 rms=3.75405e-05 attn_score max=0.00227904 rms=nan index_kv max=0 rms=0 index_score max=0 rms=0 raw max=0.25 rms=0.0142294 rows=2
ds4: dspark batch state audit batch-vs-exact layer=28 n_comp 12/12 n_index 12/12 attn_kv max=0.0184568 rms=0.00259923 attn_score max=0.0471807 rms=0.0109908 index_kv max=0.0149277 rms=0.0027336 index_score max=0.0524743 rms=0.0115578 raw max=0.25 rms=0.0444345 rows=2
ds4: dspark batch state audit batch-vs-exact layer=29 n_comp 0/0 n_index 0/0 attn_kv max=0.00875126 rms=0.000212339 attn_score max=0.0289745 rms=nan index_kv max=0 rms=0 index_score max=0 rms=0 raw max=0.25 rms=0.0312386 rows=2
ds4: dspark batch state audit batch-vs-exact layer=30 n_comp 12/12 n_index 12/12 attn_kv max=0.0319918 rms=0.00232837 attn_score max=0.166291 rms=0.030531 index_kv max=0.0244871 rms=0.00356144 index_score max=0.182554 rms=0.0301508 raw max=0.125 rms=0.0214365 rows=2
ds4: dspark batch state audit batch-vs-exact layer=31 n_comp 0/0 n_index 0/0 attn_kv max=0.00758741 rms=0.000214985 attn_score max=0.0178837 rms=nan index_kv max=0 rms=0 index_score max=0 rms=0 raw max=0.25 rms=0.0352398 rows=2
ds4: dspark batch state audit batch-vs-exact layer=32 n_comp 12/12 n_index 12/12 attn_kv max=0.0150651 rms=0.00154024 attn_score max=0.0465026 rms=0.0116247 index_kv max=0.00982964 rms=0.0017313 index_score max=0.0455366 rms=0.0112913 raw max=0.125 rms=0.0238186 rows=2
ds4: dspark batch state audit batch-vs-exact layer=33 n_comp 0/0 n_index 0/0 attn_kv max=0.00999179 rms=0.000257332 attn_score max=0.0206029 rms=nan index_kv max=0 rms=0 index_score max=0 rms=0 raw max=0.25 rms=0.0373474 rows=2
ds4: dspark batch state audit batch-vs-exact layer=34 n_comp 12/12 n_index 12/12 attn_kv max=0.016396 rms=0.00191948 attn_score max=0.108305 rms=0.0295643 index_kv max=0.0140395 rms=0.00212433 index_score max=0.10885 rms=0.0286088 raw max=0.25 rms=0.0279963 rows=2
ds4: dspark batch state audit batch-vs-exact layer=35 n_comp 0/0 n_index 0/0 attn_kv max=0.0145471 rms=0.000299576 attn_score max=0.0269821 rms=nan index_kv max=0 rms=0 index_score max=0 rms=0 raw max=0.25 rms=0.0368628 rows=2
ds4: dspark batch state audit batch-vs-exact layer=36 n_comp 12/12 n_index 12/12 attn_kv max=0.020588 rms=0.00296482 attn_score max=0.0490041 rms=0.0087287 index_kv max=0.0177819 rms=0.00317691 index_score max=0.0482848 rms=0.00879143 raw max=0.25 rms=0.0357712 rows=2
ds4: dspark batch state audit batch-vs-exact layer=37 n_comp 0/0 n_index 0/0 attn_kv max=0.016084 rms=0.000171895 attn_score max=0.0455357 rms=nan index_kv max=0 rms=0 index_score max=0 rms=0 raw max=0.375 rms=0.0468073 rows=2
ds4: dspark batch state audit batch-vs-exact layer=38 n_comp 12/12 n_index 12/12 attn_kv max=0.0244236 rms=0.00350969 attn_score max=0.172171 rms=0.037747 index_kv max=0.0432831 rms=0.00462084 index_score max=0.166815 rms=0.0379077 raw max=0.125 rms=0.0279452 rows=2
ds4: dspark batch state audit batch-vs-exact layer=39 n_comp 0/0 n_index 0/0 attn_kv max=0.0177421 rms=0.000381336 attn_score max=0.0368163 rms=nan index_kv max=0 rms=0 index_score max=0 rms=0 raw max=0.25 rms=0.0455003 rows=2
ds4: dspark batch state audit batch-vs-exact layer=40 n_comp 12/12 n_index 12/12 attn_kv max=0.0210545 rms=0.00313865 attn_score max=0.122683 rms=0.0279079 index_kv max=0.0271813 rms=0.00414487 index_score max=0.0983477 rms=0.0270214 raw max=0.25 rms=0.0386815 rows=2
ds4: dspark batch state audit batch-vs-exact layer=41 n_comp 0/0 n_index 0/0 attn_kv max=0.0118102 rms=0.000302409 attn_score max=0.0597714 rms=nan index_kv max=0 rms=0 index_score max=0 rms=0 raw max=0.25 rms=0.0434446 rows=2
ds4: dspark batch state audit batch-vs-exact layer=42 n_comp 12/12 n_index 12/12 attn_kv max=0.0230561 rms=0.00237585 attn_score max=0.07929 rms=0.0127101 index_kv max=0.0168609 rms=0.00264383 index_score max=0.0771495 rms=0.0165422 raw max=0.125 rms=0.0246292 rows=2
ds4: dspark batch state audit batch-vs-exact summary mismatch_layers=41 max=0.375 raw_rows=2 mtp_n_raw 0/0
ds4: dspark batch audit row=0 token=1897 batch_top=87579 exact_top=87579 batch_margin=18.764 exact_margin=18.747 logits_max=0.120377 logits_rms=0.0196308
ds4: dspark batch audit row=1 token=87579 batch_top=201 exact_top=201 batch_margin=12.751 exact_margin=12.838 logits_max=0.844376 logits_rms=0.15768
ds4: dspark batch state audit batch-vs-exact layer=0 n_comp 0/0 n_index 0/0 attn_kv max=0 rms=0 attn_score max=0 rms=0 index_kv max=0 rms=0 index_score max=0 rms=0 raw max=1.52588e-05 rms=4.76837e-07 rows=2
ds4: dspark batch state audit batch-vs-exact layer=2 n_comp 12/12 n_index 12/12 attn_kv max=9.49949e-07 rms=1.04248e-07 attn_score max=1.3411e-06 rms=1.51594e-07 index_kv max=1.3113e-06 rms=1.37895e-07 index_score max=2.22027e-06 rms=2.51808e-07 raw max=6.10352e-05 rms=1.92219e-06 rows=2
ds4: dspark batch state audit batch-vs-exact layer=3 n_comp 0/0 n_index 0/0 attn_kv max=2.80887e-06 rms=6.31802e-08 attn_score max=1.22786e-05 rms=nan index_kv max=0 rms=0 index_score max=0 rms=0 raw max=3.05176e-05 rms=9.53674e-07 rows=2
ds4: dspark batch state audit batch-vs-exact layer=4 n_comp 12/12 n_index 12/12 attn_kv max=4.64916e-06 rms=3.14329e-07 attn_score max=1.75238e-05 rms=2.87891e-06 index_kv max=3.75509e-06 rms=4.2044e-07 index_score max=1.62125e-05 rms=3.02471e-06 raw max=6.10352e-05 rms=2.13248e-06 rows=2
ds4: dspark batch state audit batch-vs-exact layer=5 n_comp 0/0 n_index 0/0 attn_kv max=1.31875e-06 rms=4.23302e-08 attn_score max=1.07288e-05 rms=nan index_kv max=0 rms=0 index_score max=0 rms=0 raw max=3.05176e-05 rms=9.53674e-07 rows=2
ds4: dspark batch state audit batch-vs-exact layer=6 n_comp 12/12 n_index 12/12 attn_kv max=1.88351e-05 rms=1.57208e-06 attn_score max=0.000133857 rms=2.56626e-05 index_kv max=2.69413e-05 rms=2.01002e-06 index_score max=0.000169277 rms=2.50156e-05 raw max=0.000488281 rms=1.77394e-05 rows=2
ds4: dspark batch state audit batch-vs-exact layer=7 n_comp 0/0 n_index 0/0 attn_kv max=9.0003e-06 rms=1.51807e-07 attn_score max=3.46899e-05 rms=nan index_kv max=0 rms=0 index_score max=0 rms=0 raw max=0.000488281 rms=1.61703e-05 rows=2
ds4: dspark batch state audit batch-vs-exact layer=8 n_comp 12/12 n_index 12/12 attn_kv max=4.27365e-05 rms=2.26256e-06 attn_score max=0.000323296 rms=4.52401e-05 index_kv max=3.31104e-05 rms=3.3733e-06 index_score max=0.00027895 rms=4.36833e-05 raw max=0.0078125 rms=0.000244565 rows=2
ds4: dspark batch state audit batch-vs-exact layer=9 n_comp 0/0 n_index 0/0 attn_kv max=1.9595e-05 rms=5.64282e-07 attn_score max=7.42674e-05 rms=nan index_kv max=0 rms=0 index_score max=0 rms=0 raw max=0.00390625 rms=0.000127613 rows=2
ds4: dspark batch state audit batch-vs-exact layer=10 n_comp 12/12 n_index 12/12 attn_kv max=4.43608e-05 rms=5.55875e-06 attn_score max=0.000151157 rms=3.34409e-05 index_kv max=8.61883e-05 rms=7.42458e-06 index_score max=0.000202179 rms=3.30012e-05 raw max=0.015625 rms=0.000490311 rows=2
ds4: dspark batch state audit batch-vs-exact layer=11 n_comp 0/0 n_index 0/0 attn_kv max=3.94285e-05 rms=8.85685e-07 attn_score max=8.4579e-05 rms=nan index_kv max=0 rms=0 index_score max=0 rms=0 raw max=0.03125 rms=0.0013821 rows=2
ds4: dspark batch state audit batch-vs-exact layer=12 n_comp 12/12 n_index 12/12 attn_kv max=0.000173166 rms=2.07176e-05 attn_score max=0.000467777 rms=0.000104725 index_kv max=0.000329971 rms=2.77524e-05 index_score max=0.000541687 rms=0.000105071 raw max=0.0625 rms=0.00197664 rows=2
ds4: dspark batch state audit batch-vs-exact layer=13 n_comp 0/0 n_index 0/0 attn_kv max=0.000127986 rms=4.06689e-06 attn_score max=0.000214513 rms=nan index_kv max=0 rms=0 index_score max=0 rms=0 raw max=0.0625 rms=0.00318708 rows=2
ds4: dspark batch state audit batch-vs-exact layer=14 n_comp 12/12 n_index 12/12 attn_kv max=0.000601053 rms=4.6012e-05 attn_score max=0.00213429 rms=0.000386096 index_kv max=0.000628948 rms=7.30578e-05 index_score max=0.00214052 rms=0.000372547 raw max=0.0625 rms=0.00320174 rows=2
ds4: dspark batch state audit batch-vs-exact layer=15 n_comp 0/0 n_index 0/0 attn_kv max=0.000342 rms=9.19786e-06 attn_score max=0.00155413 rms=nan index_kv max=0 rms=0 index_score max=0 rms=0 raw max=0.0625 rms=0.003056 rows=2
ds4: dspark batch state audit batch-vs-exact layer=16 n_comp 12/12 n_index 12/12 attn_kv max=0.000517756 rms=7.63726e-05 attn_score max=0.00158834 rms=0.000354877 index_kv max=0.00088511 rms=0.000127511 index_score max=0.00220776 rms=0.000388293 raw max=0.0625 rms=0.00310029 rows=2
ds4: dspark batch state audit batch-vs-exact layer=17 n_comp 0/0 n_index 0/0 attn_kv max=0.000847757 rms=2.37783e-05 attn_score max=0.00151312 rms=nan index_kv max=0 rms=0 index_score max=0 rms=0 raw max=0.125 rms=0.00583364 rows=2
ds4: dspark batch state audit batch-vs-exact layer=18 n_comp 12/12 n_index 12/12 attn_kv max=0.00049594 rms=4.93128e-05 attn_score max=0.00237894 rms=0.000492707 index_kv max=0.000725269 rms=7.68141e-05 index_score max=0.00237441 rms=0.000490684 raw max=0.125 rms=0.00692791 rows=2
ds4: dspark batch state audit batch-vs-exact layer=19 n_comp 0/0 n_index 0/0 attn_kv max=0.000722796 rms=1.63171e-05 attn_score max=0.00134647 rms=nan index_kv max=0 rms=0 index_score max=0 rms=0 raw max=0.125 rms=0.00908995 rows=2
ds4: dspark batch state audit batch-vs-exact layer=20 n_comp 12/12 n_index 12/12 attn_kv max=0.0016073 rms=0.00014894 attn_score max=0.0105104 rms=0.00182068 index_kv max=0.00161755 rms=0.000197258 index_score max=0.0117245 rms=0.00180215 raw max=0.125 rms=0.00740224 rows=2
ds4: dspark batch state audit batch-vs-exact layer=21 n_comp 0/0 n_index 0/0 attn_kv max=0.00067082 rms=1.91963e-05 attn_score max=0.00216492 rms=nan index_kv max=0 rms=0 index_score max=0 rms=0 raw max=0.125 rms=0.00899899 rows=2
ds4: dspark batch state audit batch-vs-exact layer=22 n_comp 12/12 n_index 12/12 attn_kv max=0.00336713 rms=0.000203114 attn_score max=0.0224046 rms=0.00342059 index_kv max=0.00722778 rms=0.00038344 index_score max=0.0183589 rms=0.00336511 raw max=0.125 rms=0.00823065 rows=2
ds4: dspark batch state audit batch-vs-exact layer=23 n_comp 0/0 n_index 0/0 attn_kv max=0.000965819 rms=2.39592e-05 attn_score max=0.00183609 rms=nan index_kv max=0 rms=0 index_score max=0 rms=0 raw max=0.25 rms=0.01037 rows=2
ds4: dspark batch state audit batch-vs-exact layer=24 n_comp 12/12 n_index 12/12 attn_kv max=0.00187389 rms=0.000153526 attn_score max=0.0129236 rms=0.00159009 index_kv max=0.00148225 rms=0.000188682 index_score max=0.0116634 rms=0.00158087 raw max=0.125 rms=0.00576979 rows=2
ds4: dspark batch state audit batch-vs-exact layer=25 n_comp 0/0 n_index 0/0 attn_kv max=0.000395387 rms=8.66924e-06 attn_score max=0.00151145 rms=nan index_kv max=0 rms=0 index_score max=0 rms=0 raw max=0.0625 rms=0.00371132 rows=2
ds4: dspark batch state audit batch-vs-exact layer=26 n_comp 12/12 n_index 12/12 attn_kv max=0.000713713 rms=6.70283e-05 attn_score max=0.00406867 rms=0.000925359 index_kv max=0.000699341 rms=8.45957e-05 index_score max=0.00457859 rms=0.00090271 raw max=0.125 rms=0.00775572 rows=2
ds4: dspark batch state audit batch-vs-exact layer=27 n_comp 0/0 n_index 0/0 attn_kv max=0.000704464 rms=1.90879e-05 attn_score max=0.00114852 rms=nan index_kv max=0 rms=0 index_score max=0 rms=0 raw max=0.125 rms=0.00840877 rows=2
ds4: dspark batch state audit batch-vs-exact layer=28 n_comp 12/12 n_index 12/12 attn_kv max=0.000985444 rms=9.32871e-05 attn_score max=0.0053432 rms=0.000854662 index_kv max=0.00116438 rms=0.000115921 index_score max=0.00451136 rms=0.000857823 raw max=0.125 rms=0.00753347 rows=2
ds4: dspark batch state audit batch-vs-exact layer=29 n_comp 0/0 n_index 0/0 attn_kv max=0.000718974 rms=1.83142e-05 attn_score max=0.00192487 rms=nan index_kv max=0 rms=0 index_score max=0 rms=0 raw max=0.125 rms=0.00664083 rows=2
ds4: dspark batch state audit batch-vs-exact layer=30 n_comp 12/12 n_index 12/12 attn_kv max=0.00224828 rms=0.000138721 attn_score max=0.00769615 rms=0.0012065 index_kv max=0.0014745 rms=0.000190227 index_score max=0.0070467 rms=0.00100626 raw max=0.0625 rms=0.00431228 rows=2
ds4: dspark batch state audit batch-vs-exact layer=31 n_comp 0/0 n_index 0/0 attn_kv max=0.000425503 rms=1.54696e-05 attn_score max=0.00114757 rms=nan index_kv max=0 rms=0 index_score max=0 rms=0 raw max=0.125 rms=0.00965485 rows=2
ds4: dspark batch state audit batch-vs-exact layer=32 n_comp 12/12 n_index 12/12 attn_kv max=0.00115919 rms=9.70977e-05 attn_score max=0.00443459 rms=0.000873338 index_kv max=0.00113109 rms=0.000125462 index_score max=0.00531244 rms=0.000820571 raw max=0.125 rms=0.00825524 rows=2
ds4: dspark batch state audit batch-vs-exact layer=33 n_comp 0/0 n_index 0/0 attn_kv max=0.000637144 rms=2.1389e-05 attn_score max=0.00207356 rms=nan index_kv max=0 rms=0 index_score max=0 rms=0 raw max=0.125 rms=0.00661732 rows=2
ds4: dspark batch state audit batch-vs-exact layer=34 n_comp 12/12 n_index 12/12 attn_kv max=0.00156784 rms=0.000148276 attn_score max=0.0142765 rms=0.00271072 index_kv max=0.00157323 rms=0.000171997 index_score max=0.0143442 rms=0.00267706 raw max=0.125 rms=0.00726331 rows=2
ds4: dspark batch state audit batch-vs-exact layer=35 n_comp 0/0 n_index 0/0 attn_kv max=0.000961216 rms=3.13871e-05 attn_score max=0.0016641 rms=nan index_kv max=0 rms=0 index_score max=0 rms=0 raw max=0.125 rms=0.00898062 rows=2
ds4: dspark batch state audit batch-vs-exact layer=36 n_comp 12/12 n_index 12/12 attn_kv max=0.00167403 rms=0.000157469 attn_score max=0.00815469 rms=0.00161496 index_kv max=0.00157125 rms=0.000166904 index_score max=0.00769782 rms=0.00162285 raw max=0.125 rms=0.00842835 rows=2
ds4: dspark batch state audit batch-vs-exact layer=37 n_comp 0/0 n_index 0/0 attn_kv max=0.00174403 rms=1.74713e-05 attn_score max=0.00316185 rms=nan index_kv max=0 rms=0 index_score max=0 rms=0 raw max=0.125 rms=0.00985678 rows=2
ds4: dspark batch state audit batch-vs-exact layer=38 n_comp 12/12 n_index 12/12 attn_kv max=0.0110915 rms=0.00101698 attn_score max=0.0463028 rms=0.00618193 index_kv max=0.0118641 rms=0.00131462 index_score max=0.0455627 rms=0.00606196 raw max=0.25 rms=0.0168438 rows=2
ds4: dspark batch state audit batch-vs-exact layer=39 n_comp 0/0 n_index 0/0 attn_kv max=0.0142304 rms=0.000232793 attn_score max=0.0361749 rms=nan index_kv max=0 rms=0 index_score max=0 rms=0 raw max=0.125 rms=0.0258022 rows=2
ds4: dspark batch state audit batch-vs-exact layer=40 n_comp 12/12 n_index 12/12 attn_kv max=0.00729951 rms=0.000612038 attn_score max=0.0790863 rms=0.013133 index_kv max=0.00926593 rms=0.000829958 index_score max=0.0761986 rms=0.0127737 raw max=0.25 rms=0.0174946 rows=2
ds4: dspark batch state audit batch-vs-exact layer=41 n_comp 0/0 n_index 0/0 attn_kv max=0.00483274 rms=0.000118612 attn_score max=0.0122736 rms=nan index_kv max=0 rms=0 index_score max=0 rms=0 raw max=0.25 rms=0.0254775 rows=2
ds4: dspark batch state audit batch-vs-exact layer=42 n_comp 12/12 n_index 12/12 attn_kv max=0.0135079 rms=0.000951083 attn_score max=0.0399862 rms=0.00296749 index_kv max=0.01193 rms=0.00106281 index_score max=0.0360143 rms=0.00313967 raw max=0.125 rms=0.0148055 rows=2
ds4: dspark batch state audit batch-vs-exact summary mismatch_layers=42 max=0.25 raw_rows=2 mtp_n_raw 0/0
ds4: dspark batch audit row=0 token=1897 batch_top=6719 exact_top=6719 batch_margin=6.600 exact_margin=6.603 logits_max=0.0822754 logits_rms=0.0113709
ds4: dspark batch audit row=1 token=6719 batch_top=201 exact_top=201 batch_margin=1.047 exact_margin=1.164 logits_max=0.445382 logits_rms=0.0770476
ds4: dspark batch state audit batch-vs-exact layer=1 n_comp 0/0 n_index 0/0 attn_kv max=0 rms=0 attn_score max=0 rms=0 index_kv max=0 rms=0 index_score max=0 rms=0 raw max=0.000244141 rms=7.62939e-06 rows=2
ds4: dspark batch state audit batch-vs-exact layer=2 n_comp 13/13 n_index 13/13 attn_kv max=1.57952e-06 rms=1.93977e-07 attn_score max=2.98023e-06 rms=3.08337e-07 index_kv max=1.90735e-06 rms=2.24161e-07 index_score max=3.57628e-06 rms=4.25862e-07 raw max=0.00195312 rms=6.10426e-05 rows=2
ds4: dspark batch state audit batch-vs-exact layer=3 n_comp 0/0 n_index 0/0 attn_kv max=5.44637e-06 rms=1.27607e-07 attn_score max=2.29478e-05 rms=nan index_kv max=0 rms=0 index_score max=0 rms=0 raw max=0.000244141 rms=8.79325e-06 rows=2
ds4: dspark batch state audit batch-vs-exact layer=4 n_comp 13/13 n_index 13/13 attn_kv max=4.55976e-06 rms=3.98758e-07 attn_score max=1.11312e-05 rms=1.14432e-06 index_kv max=4.66406e-06 rms=4.96407e-07 index_score max=1.23978e-05 rms=1.39824e-06 raw max=1.52588e-05 rms=5.85585e-07 rows=2
ds4: dspark batch state audit batch-vs-exact layer=5 n_comp 0/0 n_index 0/0 attn_kv max=2.75671e-06 rms=8.37729e-08 attn_score max=1.3411e-05 rms=nan index_kv max=0 rms=0 index_score max=0 rms=0 raw max=7.62939e-06 rms=3.31865e-07 rows=2
ds4: dspark batch state audit batch-vs-exact layer=6 n_comp 13/13 n_index 13/13 attn_kv max=9.56655e-06 rms=8.25793e-07 attn_score max=2.61068e-05 rms=4.87113e-06 index_kv max=9.35793e-06 rms=9.32132e-07 index_score max=2.57492e-05 rms=4.3158e-06 raw max=0.000488281 rms=2.32919e-05 rows=2
ds4: dspark batch state audit batch-vs-exact layer=7 n_comp 0/0 n_index 0/0 attn_kv max=3.01003e-06 rms=9.79866e-08 attn_score max=1.01924e-05 rms=nan index_kv max=0 rms=0 index_score max=0 rms=0 raw max=0.000488281 rms=1.54458e-05 rows=2
ds4: dspark batch state audit batch-vs-exact layer=8 n_comp 13/13 n_index 13/13 attn_kv max=9.59635e-06 rms=9.46144e-07 attn_score max=4.95911e-05 rms=6.96309e-06 index_kv max=8.9407e-06 rms=1.28697e-06 index_score max=4.76837e-05 rms=6.70925e-06 raw max=0.000488281 rms=1.62685e-05 rows=2
ds4: dspark batch state audit batch-vs-exact layer=9 n_comp 0/0 n_index 0/0 attn_kv max=3.30433e-06 rms=1.07562e-07 attn_score max=9.41753e-06 rms=nan index_kv max=0 rms=0 index_score max=0 rms=0 raw max=0.000488281 rms=1.57916e-05 rows=2
ds4: dspark batch state audit batch-vs-exact layer=10 n_comp 13/13 n_index 13/13 attn_kv max=1.51396e-05 rms=1.62003e-06 attn_score max=4.58956e-05 rms=4.81279e-06 index_kv max=2.16104e-05 rms=1.82369e-06 index_score max=4.10974e-05 rms=5.27851e-06 raw max=0.000488281 rms=2.88717e-05 rows=2
ds4: dspark batch state audit batch-vs-exact layer=11 n_comp 0/0 n_index 0/0 attn_kv max=5.04032e-06 rms=1.73691e-07 attn_score max=1.10865e-05 rms=nan index_kv max=0 rms=0 index_score max=0 rms=0 raw max=0.000976562 rms=4.61523e-05 rows=2
ds4: dspark batch state audit batch-vs-exact layer=12 n_comp 13/13 n_index 13/13 attn_kv max=1.59144e-05 rms=1.61609e-06 attn_score max=9.70364e-05 rms=1.7989e-05 index_kv max=3.76701e-05 rms=2.19161e-06 index_score max=9.64403e-05 rms=1.6912e-05 raw max=0.000488281 rms=2.96275e-05 rows=2
ds4: dspark batch state audit batch-vs-exact layer=13 n_comp 0/0 n_index 0/0 attn_kv max=9.14186e-06 rms=1.9295e-07 attn_score max=1.49608e-05 rms=nan index_kv max=0 rms=0 index_score max=0 rms=0 raw max=0.03125 rms=0.000978638 rows=2
ds4: dspark batch state audit batch-vs-exact layer=14 n_comp 13/13 n_index 13/13 attn_kv max=0.000192285 rms=1.32161e-05 attn_score max=0.000664234 rms=0.000117398 index_kv max=0.000173092 rms=1.99002e-05 index_score max=0.000869751 rms=0.000116348 raw max=0.0625 rms=0.00242237 rows=2
ds4: dspark batch state audit batch-vs-exact layer=15 n_comp 0/0 n_index 0/0 attn_kv max=0.000238854 rms=7.07966e-06 attn_score max=0.000990272 rms=nan index_kv max=0 rms=0 index_score max=0 rms=0 raw max=0.0625 rms=0.00300561 rows=2
ds4: dspark batch state audit batch-vs-exact layer=16 n_comp 13/13 n_index 13/13 attn_kv max=0.00058376 rms=7.07791e-05 attn_score max=0.00272465 rms=0.000603079 index_kv max=0.000864744 rms=0.00010969 index_score max=0.0036335 rms=0.000599853 raw max=0.0625 rms=0.00450694 rows=2
ds4: dspark batch state audit batch-vs-exact layer=17 n_comp 0/0 n_index 0/0 attn_kv max=0.00114723 rms=2.71676e-05 attn_score max=0.00180656 rms=nan index_kv max=0 rms=0 index_score max=0 rms=0 raw max=0.25 rms=0.0106499 rows=2
ds4: dspark batch state audit batch-vs-exact layer=18 n_comp 13/13 n_index 13/13 attn_kv max=0.00080812 rms=9.81507e-05 attn_score max=0.00260699 rms=0.00058236 index_kv max=0.00174809 rms=0.000138943 index_score max=0.00361598 rms=0.000547056 raw max=0.0625 rms=0.00550047 rows=2
ds4: dspark batch state audit batch-vs-exact layer=19 n_comp 0/0 n_index 0/0 attn_kv max=0.000519775 rms=1.7534e-05 attn_score max=0.00140297 rms=nan index_kv max=0 rms=0 index_score max=0 rms=0 raw max=0.125 rms=0.0104944 rows=2
ds4: dspark batch state audit batch-vs-exact layer=20 n_comp 13/13 n_index 13/13 attn_kv max=0.00139 rms=0.000177248 attn_score max=0.00778604 rms=0.00152541 index_kv max=0.00176993 rms=0.00023177 index_score max=0.013562 rms=0.00155181 raw max=0.125 rms=0.0097679 rows=2
ds4: dspark batch state audit batch-vs-exact layer=21 n_comp 0/0 n_index 0/0 attn_kv max=0.00137968 rms=2.56338e-05 attn_score max=0.00283903 rms=nan index_kv max=0 rms=0 index_score max=0 rms=0 raw max=0.125 rms=0.00918997 rows=2
ds4: dspark batch state audit batch-vs-exact layer=22 n_comp 13/13 n_index 13/13 attn_kv max=0.00142658 rms=0.000176814 attn_score max=0.00537384 rms=0.000973239 index_kv max=0.00242239 rms=0.000279142 index_score max=0.00557673 rms=0.00105225 raw max=0.25 rms=0.011769 rows=2
ds4: dspark batch state audit batch-vs-exact layer=23 n_comp 0/0 n_index 0/0 attn_kv max=0.00199924 rms=2.9885e-05 attn_score max=0.00129721 rms=nan index_kv max=0 rms=0 index_score max=0 rms=0 raw max=0.125 rms=0.00676065 rows=2
ds4: dspark batch state audit batch-vs-exact layer=24 n_comp 13/13 n_index 13/13 attn_kv max=0.00180598 rms=0.000192182 attn_score max=0.00933552 rms=0.00154992 index_kv max=0.00244138 rms=0.000270463 index_score max=0.00852084 rms=0.00159511 raw max=0.0625 rms=0.00532462 rows=2
ds4: dspark batch state audit batch-vs-exact layer=25 n_comp 0/0 n_index 0/0 attn_kv max=0.000270685 rms=9.50332e-06 attn_score max=0.000899196 rms=nan index_kv max=0 rms=0 index_score max=0 rms=0 raw max=0.125 rms=0.00567679 rows=2
ds4: dspark batch state audit batch-vs-exact layer=26 n_comp 13/13 n_index 13/13 attn_kv max=0.00107895 rms=8.76783e-05 attn_score max=0.00328159 rms=0.000772591 index_kv max=0.00164509 rms=0.000114699 index_score max=0.00448084 rms=0.000722862 raw max=0.0625 rms=0.00670129 rows=2
ds4: dspark batch state audit batch-vs-exact layer=27 n_comp 0/0 n_index 0/0 attn_kv max=0.000544816 rms=1.80928e-05 attn_score max=0.00218984 rms=nan index_kv max=0 rms=0 index_score max=0 rms=0 raw max=0.125 rms=0.0101523 rows=2
ds4: dspark batch state audit batch-vs-exact layer=28 n_comp 13/13 n_index 13/13 attn_kv max=0.00138155 rms=0.000130408 attn_score max=0.00690269 rms=0.00103369 index_kv max=0.00147906 rms=0.000144908 index_score max=0.00572872 rms=0.00108371 raw max=0.125 rms=0.010867 rows=2
ds4: dspark batch state audit batch-vs-exact layer=29 n_comp 0/0 n_index 0/0 attn_kv max=0.00242488 rms=3.73487e-05 attn_score max=0.00470063 rms=nan index_kv max=0 rms=0 index_score max=0 rms=0 raw max=0.125 rms=0.00895158 rows=2
ds4: dspark batch state audit batch-vs-exact layer=30 n_comp 13/13 n_index 13/13 attn_kv max=0.00204238 rms=0.000205289 attn_score max=0.0105877 rms=0.0015895 index_kv max=0.00220299 rms=0.000283608 index_score max=0.00975037 rms=0.00149707 raw max=0.125 rms=0.00668614 rows=2
ds4: dspark batch state audit batch-vs-exact layer=31 n_comp 0/0 n_index 0/0 attn_kv max=0.000584953 rms=2.11443e-05 attn_score max=0.00155598 rms=nan index_kv max=0 rms=0 index_score max=0 rms=0 raw max=0.125 rms=0.00887766 rows=2
ds4: dspark batch state audit batch-vs-exact layer=32 n_comp 13/13 n_index 13/13 attn_kv max=0.00162351 rms=0.000130721 attn_score max=0.00800312 rms=0.00184013 index_kv max=0.00148898 rms=0.000161724 index_score max=0.00924969 rms=0.00171344 raw max=0.125 rms=0.00724538 rows=2
ds4: dspark batch state audit batch-vs-exact layer=33 n_comp 0/0 n_index 0/0 attn_kv max=0.00104799 rms=3.24968e-05 attn_score max=0.00268763 rms=nan index_kv max=0 rms=0 index_score max=0 rms=0 raw max=0.25 rms=0.0147375 rows=2
ds4: dspark batch state audit batch-vs-exact layer=34 n_comp 13/13 n_index 13/13 attn_kv max=0.00270081 rms=0.000219134 attn_score max=0.0648031 rms=0.0113677 index_kv max=0.0024178 rms=0.000265226 index_score max=0.0631008 rms=0.0111763 raw max=0.125 rms=0.0108574 rows=2
ds4: dspark batch state audit batch-vs-exact layer=35 n_comp 0/0 n_index 0/0 attn_kv max=0.00966989 rms=0.000238278 attn_score max=0.0146174 rms=nan index_kv max=0 rms=0 index_score max=0 rms=0 raw max=0.25 rms=0.0329063 rows=2
ds4: dspark batch state audit batch-vs-exact layer=36 n_comp 13/13 n_index 13/13 attn_kv max=0.00696899 rms=0.000709002 attn_score max=0.0558199 rms=0.0107015 index_kv max=0.00938931 rms=0.000782907 index_score max=0.0543059 rms=0.0109138 raw max=0.125 rms=0.0153246 rows=2
ds4: dspark batch state audit batch-vs-exact layer=37 n_comp 0/0 n_index 0/0 attn_kv max=0.0097373 rms=0.000108142 attn_score max=0.0257638 rms=nan index_kv max=0 rms=0 index_score max=0 rms=0 raw max=0.25 rms=0.0349885 rows=2
ds4: dspark batch state audit batch-vs-exact layer=38 n_comp 13/13 n_index 13/13 attn_kv max=0.0295361 rms=0.00145063 attn_score max=0.0369862 rms=0.00498756 index_kv max=0.0126957 rms=0.00168428 index_score max=0.056774 rms=0.00529919 raw max=0.125977 rms=0.0191088 rows=2
ds4: dspark batch state audit batch-vs-exact layer=39 n_comp 0/0 n_index 0/0 attn_kv max=0.0128874 rms=0.000281201 attn_score max=0.026109 rms=nan index_kv max=0 rms=0 index_score max=0 rms=0 raw max=0.25 rms=0.0424901 rows=2
ds4: dspark batch state audit batch-vs-exact layer=40 n_comp 13/13 n_index 13/13 attn_kv max=0.0122911 rms=0.00113392 attn_score max=0.219231 rms=0.0339987 index_kv max=0.0119013 rms=0.00137727 index_score max=0.201025 rms=0.0331499 raw max=0.125 rms=0.018845 rows=2
ds4: dspark batch state audit batch-vs-exact layer=41 n_comp 0/0 n_index 0/0 attn_kv max=0.00529882 rms=0.000159626 attn_score max=0.0334329 rms=nan index_kv max=0 rms=0 index_score max=0 rms=0 raw max=0.25 rms=0.0318934 rows=2
ds4: dspark batch state audit batch-vs-exact layer=42 n_comp 13/13 n_index 13/13 attn_kv max=0.0109013 rms=0.000646667 attn_score max=0.02725 rms=0.00233469 index_kv max=0.00688642 rms=0.000718472 index_score max=0.025043 rms=0.00290913 raw max=0.25 rms=0.0156145 rows=2
ds4: dspark batch state audit batch-vs-exact summary mismatch_layers=42 max=0.25 raw_rows=2 mtp_n_raw 0/0
ds4: dspark batch audit row=0 token=1897 batch_top=7704 exact_top=7704 batch_margin=3.439 exact_margin=3.443 logits_max=0.0663643 logits_rms=0.0127252
ds4: dspark batch audit row=1 token=7704 batch_top=271 exact_top=271 batch_margin=7.262 exact_margin=7.504 logits_max=0.89764 logits_rms=0.163719
ds4: dspark batch state audit batch-vs-exact layer=1 n_comp 0/0 n_index 0/0 attn_kv max=0 rms=0 attn_score max=0 rms=0 index_kv max=0 rms=0 index_score max=0 rms=0 raw max=0.000488281 rms=1.57429e-05 rows=2
ds4: dspark batch state audit batch-vs-exact layer=2 n_comp 14/14 n_index 14/14 attn_kv max=4.70877e-06 rms=4.39485e-07 attn_score max=8.96305e-06 rms=1.0155e-06 index_kv max=8.16584e-06 rms=6.34353e-07 index_score max=1.7941e-05 rms=1.34991e-06 raw max=6.10352e-05 rms=2.14577e-06 rows=2
ds4: dspark batch state audit batch-vs-exact layer=3 n_comp 0/0 n_index 0/0 attn_kv max=5.90086e-06 rms=1.11406e-07 attn_score max=1.12653e-05 rms=nan index_kv max=0 rms=0 index_score max=0 rms=0 raw max=0.000244141 rms=8.74463e-06 rows=2
ds4: dspark batch state audit batch-vs-exact layer=4 n_comp 14/14 n_index 14/14 attn_kv max=4.46662e-06 rms=3.85892e-07 attn_score max=9.77516e-06 rms=1.56745e-06 index_kv max=3.8147e-06 rms=5.00943e-07 index_score max=1.2517e-05 rms=1.7191e-06 raw max=1.52588e-05 rms=4.76837e-07 rows=2
ds4: dspark batch state audit batch-vs-exact layer=6 n_comp 14/14 n_index 14/14 attn_kv max=5.93066e-06 rms=5.04957e-07 attn_score max=2.14577e-05 rms=3.40347e-06 index_kv max=7.1153e-06 rms=6.08806e-07 index_score max=2.22027e-05 rms=3.34198e-06 raw max=0.015625 rms=0.000488285 rows=2
ds4: dspark batch state audit batch-vs-exact layer=7 n_comp 0/0 n_index 0/0 attn_kv max=2.42339e-05 rms=6.85307e-07 attn_score max=9.59635e-05 rms=nan index_kv max=0 rms=0 index_score max=0 rms=0 raw max=0.0625 rms=0.00276274 rows=2
ds4: dspark batch state audit batch-vs-exact layer=8 n_comp 14/14 n_index 14/14 attn_kv max=0.000304475 rms=4.34902e-05 attn_score max=0.00108767 rms=0.000265869 index_kv max=0.000410341 rms=6.38061e-05 index_score max=0.00178194 rms=0.000251824 raw max=0.0625 rms=0.00247284 rows=2
ds4: dspark batch state audit batch-vs-exact layer=9 n_comp 0/0 n_index 0/0 attn_kv max=0.000105858 rms=3.02885e-06 attn_score max=0.000181079 rms=nan index_kv max=0 rms=0 index_score max=0 rms=0 raw max=0.015625 rms=0.000784609 rows=2
ds4: dspark batch state audit batch-vs-exact layer=10 n_comp 14/14 n_index 14/14 attn_kv max=0.000189602 rms=3.47035e-05 attn_score max=0.000863671 rms=0.000176596 index_kv max=0.000350118 rms=4.53184e-05 index_score max=0.00100529 rms=0.000173855 raw max=0.0625 rms=0.00325223 rows=2
ds4: dspark batch state audit batch-vs-exact layer=11 n_comp 0/0 n_index 0/0 attn_kv max=0.000193328 rms=6.06942e-06 attn_score max=0.000420749 rms=nan index_kv max=0 rms=0 index_score max=0 rms=0 raw max=0.0625 rms=0.0030691 rows=2
ds4: dspark batch state audit batch-vs-exact layer=12 n_comp 14/14 n_index 14/14 attn_kv max=0.000435352 rms=7.11973e-05 attn_score max=0.00163752 rms=0.000466692 index_kv max=0.00157738 rms=0.000104872 index_score max=0.00256014 rms=0.000439722 raw max=0.0625 rms=0.00318485 rows=2
ds4: dspark batch state audit batch-vs-exact layer=13 n_comp 0/0 n_index 0/0 attn_kv max=0.00021724 rms=7.62203e-06 attn_score max=0.000345409 rms=nan index_kv max=0 rms=0 index_score max=0 rms=0 raw max=0.0625 rms=0.00484681 rows=2
ds4: dspark batch state audit batch-vs-exact layer=14 n_comp 14/14 n_index 14/14 attn_kv max=0.00102657 rms=0.000117081 attn_score max=0.00353163 rms=0.000987894 index_kv max=0.00172877 rms=0.000186258 index_score max=0.00530457 rms=0.00101521 raw max=0.125 rms=0.00616068 rows=2
ds4: dspark batch state audit batch-vs-exact layer=15 n_comp 0/0 n_index 0/0 attn_kv max=0.00128987 rms=1.98678e-05 attn_score max=0.00160787 rms=nan index_kv max=0 rms=0 index_score max=0 rms=0 raw max=0.0625 rms=0.00590026 rows=2
ds4: dspark batch state audit batch-vs-exact layer=16 n_comp 14/14 n_index 14/14 attn_kv max=0.00128329 rms=0.000166134 attn_score max=0.00657845 rms=0.00150386 index_kv max=0.00151885 rms=0.000242549 index_score max=0.0083909 rms=0.00147897 raw max=0.25 rms=0.0138671 rows=2
ds4: dspark batch state audit batch-vs-exact layer=17 n_comp 0/0 n_index 0/0 attn_kv max=0.00353262 rms=8.90698e-05 attn_score max=0.00629961 rms=nan index_kv max=0 rms=0 index_score max=0 rms=0 raw max=0.125 rms=0.0116378 rows=2
ds4: dspark batch state audit batch-vs-exact layer=18 n_comp 14/14 n_index 14/14 attn_kv max=0.0204436 rms=0.00188751 attn_score max=0.0762109 rms=0.0123947 index_kv max=0.0338452 rms=0.00239984 index_score max=0.0779472 rms=0.0127248 raw max=0.1875 rms=0.0342716 rows=2
ds4: dspark batch state audit batch-vs-exact layer=19 n_comp 0/0 n_index 0/0 attn_kv max=0.0159983 rms=0.000225083 attn_score max=0.028976 rms=nan index_kv max=0 rms=0 index_score max=0 rms=0 raw max=0.25 rms=0.0319219 rows=2
ds4: dspark batch state audit batch-vs-exact layer=20 n_comp 14/14 n_index 14/14 attn_kv max=0.0194992 rms=0.0018583 attn_score max=0.0299531 rms=0.00414064 index_kv max=0.0252223 rms=0.00217289 index_score max=0.0355725 rms=0.00429823 raw max=0.25 rms=0.0359684 rows=2
ds4: dspark batch state audit batch-vs-exact layer=21 n_comp 0/0 n_index 0/0 attn_kv max=0.0153837 rms=0.000378527 attn_score max=0.0226363 rms=nan index_kv max=0 rms=0 index_score max=0 rms=0 raw max=0.25 rms=0.0420897 rows=2
ds4: dspark batch state audit batch-vs-exact layer=22 n_comp 14/14 n_index 14/14 attn_kv max=0.0273052 rms=0.0021783 attn_score max=0.0700693 rms=0.00798494 index_kv max=0.0312611 rms=0.00289481 index_score max=0.0736337 rms=0.0078453 raw max=0.25 rms=0.0287153 rows=2
ds4: dspark batch state audit batch-vs-exact layer=23 n_comp 0/0 n_index 0/0 attn_kv max=0.0274085 rms=0.000353332 attn_score max=0.0232171 rms=nan index_kv max=0 rms=0 index_score max=0 rms=0 raw max=0.25 rms=0.0261298 rows=2
ds4: dspark batch state audit batch-vs-exact layer=24 n_comp 14/14 n_index 14/14 attn_kv max=0.0250053 rms=0.00165592 attn_score max=0.0704247 rms=0.00895549 index_kv max=0.018001 rms=0.00195399 index_score max=0.0559103 rms=0.00881499 raw max=0.125 rms=0.0179819 rows=2
ds4: dspark batch state audit batch-vs-exact layer=25 n_comp 0/0 n_index 0/0 attn_kv max=0.00539019 rms=0.000137323 attn_score max=0.0109552 rms=nan index_kv max=0 rms=0 index_score max=0 rms=0 raw max=0.125 rms=0.0208988 rows=2
ds4: dspark batch state audit batch-vs-exact layer=26 n_comp 14/14 n_index 14/14 attn_kv max=0.0148425 rms=0.00130981 attn_score max=0.0590268 rms=0.0097342 index_kv max=0.0119157 rms=0.00125457 index_score max=0.0616063 rms=0.00939857 raw max=0.25 rms=0.0271784 rows=2
ds4: dspark batch state audit batch-vs-exact layer=27 n_comp 0/0 n_index 0/0 attn_kv max=0.00369922 rms=0.000102514 attn_score max=0.00924397 rms=nan index_kv max=0 rms=0 index_score max=0 rms=0 raw max=0.25 rms=0.0177173 rows=2
ds4: dspark batch state audit batch-vs-exact layer=28 n_comp 14/14 n_index 14/14 attn_kv max=0.0130721 rms=0.00162461 attn_score max=0.0780473 rms=0.0108023 index_kv max=0.0183203 rms=0.00187752 index_score max=0.0786004 rms=0.0110058 raw max=0.25 rms=0.0402272 rows=2
ds4: dspark batch state audit batch-vs-exact layer=29 n_comp 0/0 n_index 0/0 attn_kv max=0.0123711 rms=0.000267639 attn_score max=0.0531249 rms=nan index_kv max=0 rms=0 index_score max=0 rms=0 raw max=0.25 rms=0.0385114 rows=2
ds4: dspark batch state audit batch-vs-exact layer=30 n_comp 14/14 n_index 14/14 attn_kv max=0.0194485 rms=0.00195355 attn_score max=0.0590851 rms=0.00521628 index_kv max=0.0199561 rms=0.00280103 index_score max=0.0577435 rms=0.00434087 raw max=0.207031 rms=0.0282595 rows=2
ds4: dspark batch state audit batch-vs-exact layer=31 n_comp 0/0 n_index 0/0 attn_kv max=0.0137238 rms=0.000335032 attn_score max=0.0277874 rms=nan index_kv max=0 rms=0 index_score max=0 rms=0 raw max=0.25 rms=0.0339383 rows=2
ds4: dspark batch state audit batch-vs-exact layer=32 n_comp 14/14 n_index 14/14 attn_kv max=0.0195214 rms=0.00199762 attn_score max=0.0779724 rms=0.0103613 index_kv max=0.0252292 rms=0.00238726 index_score max=0.0794725 rms=0.0102639 raw max=0.15625 rms=0.0362082 rows=2
ds4: dspark batch state audit batch-vs-exact layer=33 n_comp 0/0 n_index 0/0 attn_kv max=0.0236804 rms=0.00054294 attn_score max=0.0405329 rms=nan index_kv max=0 rms=0 index_score max=0 rms=0 raw max=0.375 rms=0.0682952 rows=2
ds4: dspark batch state audit batch-vs-exact layer=34 n_comp 14/14 n_index 14/14 attn_kv max=0.0583268 rms=0.00468361 attn_score max=0.967027 rms=0.17689 index_kv max=0.0836506 rms=0.00563529 index_score max=0.93897 rms=0.174744 raw max=0.375 rms=0.0804963 rows=2
ds4: dspark batch state audit batch-vs-exact layer=35 n_comp 0/0 n_index 0/0 attn_kv max=0.0289199 rms=0.00088312 attn_score max=0.094586 rms=nan index_kv max=0 rms=0 index_score max=0 rms=0 raw max=0.4375 rms=0.0962079 rows=2
ds4: dspark batch state audit batch-vs-exact layer=36 n_comp 14/14 n_index 14/14 attn_kv max=0.0270225 rms=0.00299292 attn_score max=0.18339 rms=0.0294669 index_kv max=0.0298719 rms=0.00318058 index_score max=0.194995 rms=0.0308627 raw max=0.25 rms=0.0409035 rows=2
ds4: dspark batch state audit batch-vs-exact layer=37 n_comp 0/0 n_index 0/0 attn_kv max=0.0248012 rms=0.000294873 attn_score max=0.0423431 rms=nan index_kv max=0 rms=0 index_score max=0 rms=0 raw max=0.296875 rms=0.0704715 rows=2
ds4: dspark batch state audit batch-vs-exact layer=38 n_comp 14/14 n_index 14/14 attn_kv max=0.058438 rms=0.00450835 attn_score max=0.160281 rms=0.0177845 index_kv max=0.0696751 rms=0.00555017 index_score max=0.115788 rms=0.0180809 raw max=0.254272 rms=0.040748 rows=2
ds4: dspark batch state audit batch-vs-exact layer=39 n_comp 0/0 n_index 0/0 attn_kv max=0.0302687 rms=0.000735825 attn_score max=0.0711403 rms=nan index_kv max=0 rms=0 index_score max=0 rms=0 raw max=0.375 rms=0.086331 rows=2
ds4: dspark batch state audit batch-vs-exact layer=40 n_comp 14/14 n_index 14/14 attn_kv max=0.0469504 rms=0.00290334 attn_score max=0.338514 rms=0.0564006 index_kv max=0.0406889 rms=0.00384785 index_score max=0.304708 rms=0.0547715 raw max=0.25 rms=0.0388968 rows=2
ds4: dspark batch state audit batch-vs-exact layer=41 n_comp 0/0 n_index 0/0 attn_kv max=0.0196252 rms=0.000442025 attn_score max=0.0542184 rms=nan index_kv max=0 rms=0 index_score max=0 rms=0 raw max=0.3125 rms=0.0583745 rows=2
ds4: dspark batch state audit batch-vs-exact layer=42 n_comp 14/14 n_index 14/14 attn_kv max=0.0239579 rms=0.0018938 attn_score max=0.142126 rms=0.0140959 index_kv max=0.019501 rms=0.00214593 index_score max=0.144053 rms=0.018483 raw max=0.125 rms=0.021903 rows=2
ds4: dspark batch state audit batch-vs-exact summary mismatch_layers=41 max=0.967027 raw_rows=2 mtp_n_raw 0/0
ds4: dspark batch audit row=0 token=5 batch_top=60873 exact_top=60873 batch_margin=13.000 exact_margin=13.025 logits_max=0.0878527 logits_rms=0.0155716
ds4: dspark batch audit row=1 token=60873 batch_top=19950 exact_top=19950 batch_margin=7.165 exact_margin=7.149 logits_max=0.144831 logits_rms=0.0254649
ds4: dspark batch state audit batch-vs-exact layer=0 n_comp 0/0 n_index 0/0 attn_kv max=0 rms=0 attn_score max=0 rms=0 index_kv max=0 rms=0 index_score max=0 rms=0 raw max=6.10352e-05 rms=1.90735e-06 rows=2
ds4: dspark batch state audit batch-vs-exact layer=2 n_comp 15/15 n_index 15/15 attn_kv max=1.43051e-06 rms=2.29535e-07 attn_score max=2.89083e-06 rms=3.49378e-07 index_kv max=2.02656e-06 rms=2.88123e-07 index_score max=3.44962e-06 rms=5.09513e-07 raw max=3.05176e-05 rms=9.53674e-07 rows=2
ds4: dspark batch state audit batch-vs-exact layer=3 n_comp 0/0 n_index 0/0 attn_kv max=2.99513e-06 rms=7.7061e-08 attn_score max=1.54376e-05 rms=nan index_kv max=0 rms=0 index_score max=0 rms=0 raw max=6.10352e-05 rms=2.14659e-06 rows=2
ds4: dspark batch state audit batch-vs-exact layer=4 n_comp 15/15 n_index 15/15 attn_kv max=3.82215e-06 rms=4.33136e-07 attn_score max=4.8697e-05 rms=7.21711e-06 index_kv max=1.23978e-05 rms=7.18928e-07 index_score max=4.6432e-05 rms=7.76802e-06 raw max=0 rms=0 rows=2
ds4: dspark batch state audit batch-vs-exact layer=5 n_comp 0/0 n_index 0/0 attn_kv max=2.32458e-06 rms=4.9311e-08 attn_score max=5.93066e-06 rms=nan index_kv max=0 rms=0 index_score max=0 rms=0 raw max=0.000976562 rms=3.05185e-05 rows=2
ds4: dspark batch state audit batch-vs-exact layer=6 n_comp 15/15 n_index 15/15 attn_kv max=7.91997e-06 rms=9.59673e-07 attn_score max=1.87159e-05 rms=3.6078e-06 index_kv max=1.33514e-05 rms=1.13487e-06 index_score max=3.38554e-05 rms=4.20188e-06 raw max=0.0625 rms=0.00195313 rows=2
ds4: dspark batch state audit batch-vs-exact layer=7 n_comp 0/0 n_index 0/0 attn_kv max=0.000117533 rms=3.31704e-06 attn_score max=0.000257894 rms=nan index_kv max=0 rms=0 index_score max=0 rms=0 raw max=0.03125 rms=0.00121153 rows=2
ds4: dspark batch state audit batch-vs-exact layer=8 n_comp 15/15 n_index 15/15 attn_kv max=0.000383005 rms=4.21533e-05 attn_score max=0.00205088 rms=0.000359313 index_kv max=0.000434577 rms=4.97839e-05 index_score max=0.00193667 rms=0.000352915 raw max=0.015625 rms=0.000556278 rows=2
ds4: dspark batch state audit batch-vs-exact layer=9 n_comp 0/0 n_index 0/0 attn_kv max=7.54036e-05 rms=2.10282e-06 attn_score max=0.000183031 rms=nan index_kv max=0 rms=0 index_score max=0 rms=0 raw max=0.03125 rms=0.00101913 rows=2
ds4: dspark batch state audit batch-vs-exact layer=10 n_comp 15/15 n_index 15/15 attn_kv max=0.000221655 rms=3.9603e-05 attn_score max=0.000710249 rms=0.000161346 index_kv max=0.000362635 rms=5.44466e-05 index_score max=0.00102973 rms=0.000167557 raw max=0.0625 rms=0.00361808 rows=2
ds4: dspark batch state audit batch-vs-exact layer=11 n_comp 0/0 n_index 0/0 attn_kv max=0.00025779 rms=6.69825e-06 attn_score max=0.000559032 rms=nan index_kv max=0 rms=0 index_score max=0 rms=0 raw max=0.0625 rms=0.00442533 rows=2
ds4: dspark batch state audit batch-vs-exact layer=12 n_comp 15/15 n_index 15/15 attn_kv max=0.000550225 rms=0.000105513 attn_score max=0.00115788 rms=0.000372047 index_kv max=0.000701368 rms=0.000136093 index_score max=0.00153112 rms=0.000362978 raw max=0.125 rms=0.00538391 rows=2
ds4: dspark batch state audit batch-vs-exact layer=13 n_comp 0/0 n_index 0/0 attn_kv max=0.000388458 rms=1.26863e-05 attn_score max=0.000572488 rms=nan index_kv max=0 rms=0 index_score max=0 rms=0 raw max=0.0625 rms=0.00504445 rows=2
ds4: dspark batch state audit batch-vs-exact layer=14 n_comp 15/15 n_index 15/15 attn_kv max=0.00172991 rms=0.000165296 attn_score max=0.00688171 rms=0.00149471 index_kv max=0.00199938 rms=0.000251072 index_score max=0.00721884 rms=0.0014838 raw max=0.125 rms=0.00641667 rows=2
ds4: dspark batch state audit batch-vs-exact layer=15 n_comp 0/0 n_index 0/0 attn_kv max=0.000805005 rms=2.30248e-05 attn_score max=0.00253454 rms=nan index_kv max=0 rms=0 index_score max=0 rms=0 raw max=0.25 rms=0.00993894 rows=2
ds4: dspark batch state audit batch-vs-exact layer=16 n_comp 15/15 n_index 15/15 attn_kv max=0.00203139 rms=0.000342353 attn_score max=0.0185251 rms=0.0065306 index_kv max=0.00366876 rms=0.000550719 index_score max=0.025444 rms=0.00641705 raw max=0.25 rms=0.0131404 rows=2
ds4: dspark batch state audit batch-vs-exact layer=17 n_comp 0/0 n_index 0/0 attn_kv max=0.00238459 rms=8.14677e-05 attn_score max=0.00733763 rms=nan index_kv max=0 rms=0 index_score max=0 rms=0 raw max=0.25 rms=0.0150791 rows=2
ds4: dspark batch state audit batch-vs-exact layer=18 n_comp 15/15 n_index 15/15 attn_kv max=0.00203958 rms=0.000300573 attn_score max=0.00905836 rms=0.00261409 index_kv max=0.00412273 rms=0.000477062 index_score max=0.0111623 rms=0.00271438 raw max=0.125 rms=0.00732694 rows=2
ds4: dspark batch state audit batch-vs-exact layer=19 n_comp 0/0 n_index 0/0 attn_kv max=0.00250668 rms=3.34134e-05 attn_score max=0.00263494 rms=nan index_kv max=0 rms=0 index_score max=0 rms=0 raw max=0.125 rms=0.0131553 rows=2
ds4: dspark batch state audit batch-vs-exact layer=20 n_comp 15/15 n_index 15/15 attn_kv max=0.00253138 rms=0.000380784 attn_score max=0.0115212 rms=0.00246279 index_kv max=0.00329919 rms=0.000499802 index_score max=0.0119357 rms=0.00240885 raw max=0.125 rms=0.0112634 rows=2
ds4: dspark batch state audit batch-vs-exact layer=21 n_comp 0/0 n_index 0/0 attn_kv max=0.000997409 rms=3.26067e-05 attn_score max=0.00195432 rms=nan index_kv max=0 rms=0 index_score max=0 rms=0 raw max=0.125 rms=0.0104279 rows=2
ds4: dspark batch state audit batch-vs-exact layer=22 n_comp 15/15 n_index 15/15 attn_kv max=0.00250137 rms=0.000342498 attn_score max=0.00750709 rms=0.00187487 index_kv max=0.00300026 rms=0.000511495 index_score max=0.00777936 rms=0.00209343 raw max=0.125 rms=0.0112331 rows=2
ds4: dspark batch state audit batch-vs-exact layer=23 n_comp 0/0 n_index 0/0 attn_kv max=0.00251859 rms=3.91536e-05 attn_score max=0.0022198 rms=nan index_kv max=0 rms=0 index_score max=0 rms=0 raw max=0.125 rms=0.00985307 rows=2
ds4: dspark batch state audit batch-vs-exact layer=24 n_comp 15/15 n_index 15/15 attn_kv max=0.0020918 rms=0.000330827 attn_score max=0.0114684 rms=0.00210209 index_kv max=0.0019753 rms=0.000448214 index_score max=0.0104733 rms=0.00215159 raw max=0.0625 rms=0.00536313 rows=2
ds4: dspark batch state audit batch-vs-exact layer=25 n_comp 0/0 n_index 0/0 attn_kv max=0.000698872 rms=1.1858e-05 attn_score max=0.000972942 rms=nan index_kv max=0 rms=0 index_score max=0 rms=0 raw max=0.125 rms=0.00633943 rows=2
ds4: dspark batch state audit batch-vs-exact layer=26 n_comp 15/15 n_index 15/15 attn_kv max=0.00123602 rms=0.000174578 attn_score max=0.00516438 rms=0.00161728 index_kv max=0.00114135 rms=0.000205261 index_score max=0.00809908 rms=0.00161563 raw max=0.125 rms=0.00911378 rows=2
ds4: dspark batch state audit batch-vs-exact layer=27 n_comp 0/0 n_index 0/0 attn_kv max=0.000709444 rms=2.39247e-05 attn_score max=0.00124571 rms=nan index_kv max=0 rms=0 index_score max=0 rms=0 raw max=0.125 rms=0.00640273 rows=2
ds4: dspark batch state audit batch-vs-exact layer=28 n_comp 15/15 n_index 15/15 attn_kv max=0.00190499 rms=0.000202634 attn_score max=0.00914288 rms=0.00220272 index_kv max=0.00230265 rms=0.000254262 index_score max=0.00731134 rms=0.00232519 raw max=0.125 rms=0.00832761 rows=2
ds4: dspark batch state audit batch-vs-exact layer=29 n_comp 0/0 n_index 0/0 attn_kv max=0.00128147 rms=2.96031e-05 attn_score max=0.00397193 rms=nan index_kv max=0 rms=0 index_score max=0 rms=0 raw max=0.125 rms=0.00578066 rows=2
ds4: dspark batch state audit batch-vs-exact layer=30 n_comp 15/15 n_index 15/15 attn_kv max=0.00239822 rms=0.000274569 attn_score max=0.0107172 rms=0.0028671 index_kv max=0.0025015 rms=0.000380936 index_score max=0.0112224 rms=0.00261542 raw max=0.0625 rms=0.00686602 rows=2
ds4: dspark batch state audit batch-vs-exact layer=31 n_comp 0/0 n_index 0/0 attn_kv max=0.00072518 rms=1.99417e-05 attn_score max=0.00268102 rms=nan index_kv max=0 rms=0 index_score max=0 rms=0 raw max=0.125 rms=0.00774862 rows=2
ds4: dspark batch state audit batch-vs-exact layer=32 n_comp 15/15 n_index 15/15 attn_kv max=0.00220409 rms=0.000195181 attn_score max=0.0255809 rms=0.0058094 index_kv max=0.00171198 rms=0.000258557 index_score max=0.020927 rms=0.00539998 raw max=0.125 rms=0.0102895 rows=2
ds4: dspark batch state audit batch-vs-exact layer=33 n_comp 0/0 n_index 0/0 attn_kv max=0.000667529 rms=2.69663e-05 attn_score max=0.00163279 rms=nan index_kv max=0 rms=0 index_score max=0 rms=0 raw max=0.125 rms=0.00725526 rows=2
ds4: dspark batch state audit batch-vs-exact layer=34 n_comp 15/15 n_index 15/15 attn_kv max=0.00298363 rms=0.000240337 attn_score max=0.0480108 rms=0.0113939 index_kv max=0.00261277 rms=0.000288285 index_score max=0.0470438 rms=0.0112053 raw max=0.125 rms=0.00809365 rows=2
ds4: dspark batch state audit batch-vs-exact layer=35 n_comp 0/0 n_index 0/0 attn_kv max=0.00158566 rms=3.60654e-05 attn_score max=0.00459298 rms=nan index_kv max=0 rms=0 index_score max=0 rms=0 raw max=0.125 rms=0.0116614 rows=2
ds4: dspark batch state audit batch-vs-exact layer=36 n_comp 15/15 n_index 15/15 attn_kv max=0.00334235 rms=0.000305197 attn_score max=0.0121841 rms=0.00269349 index_kv max=0.00283742 rms=0.000340903 index_score max=0.0120391 rms=0.00279169 raw max=0.125 rms=0.00979722 rows=2
ds4: dspark batch state audit batch-vs-exact layer=37 n_comp 0/0 n_index 0/0 attn_kv max=0.00133848 rms=1.57908e-05 attn_score max=0.00271708 rms=nan index_kv max=0 rms=0 index_score max=0 rms=0 raw max=0.125 rms=0.00928907 rows=2
ds4: dspark batch state audit batch-vs-exact layer=38 n_comp 15/15 n_index 15/15 attn_kv max=0.00818619 rms=0.00062692 attn_score max=0.0256331 rms=0.00621617 index_kv max=0.00671983 rms=0.000793591 index_score max=0.0222561 rms=0.0059927 raw max=0.25 rms=0.011465 rows=2
ds4: dspark batch state audit batch-vs-exact layer=39 n_comp 0/0 n_index 0/0 attn_kv max=0.00241204 rms=4.39328e-05 attn_score max=0.00632322 rms=nan index_kv max=0 rms=0 index_score max=0 rms=0 raw max=0.125 rms=0.010266 rows=2
ds4: dspark batch state audit batch-vs-exact layer=40 n_comp 15/15 n_index 15/15 attn_kv max=0.00329399 rms=0.000386985 attn_score max=0.0541754 rms=0.0148405 index_kv max=0.00386 rms=0.000622064 index_score max=0.0479698 rms=0.0144612 raw max=0.25 rms=0.0141515 rows=2
ds4: dspark batch state audit batch-vs-exact layer=41 n_comp 0/0 n_index 0/0 attn_kv max=0.00211393 rms=3.80141e-05 attn_score max=0.00488639 rms=nan index_kv max=0 rms=0 index_score max=0 rms=0 raw max=0.25 rms=0.0153171 rows=2
ds4: dspark batch state audit batch-vs-exact layer=42 n_comp 15/15 n_index 15/15 attn_kv max=0.00279173 rms=0.000343393 attn_score max=0.0194157 rms=0.00230329 index_kv max=0.0031154 rms=0.000408913 index_score max=0.0151834 rms=0.0028605 raw max=0.0625 rms=0.00691385 rows=2
ds4: dspark batch state audit batch-vs-exact summary mismatch_layers=42 max=0.25 raw_rows=2 mtp_n_raw 0/0
ds4: dspark batch audit row=0 token=29675 batch_top=201 exact_top=201 batch_margin=13.050 exact_margin=13.113 logits_max=0.994755 logits_rms=0.205299
ds4: dspark batch audit row=1 token=201 batch_top=12403 exact_top=12403 batch_margin=16.272 exact_margin=16.127 logits_max=0.380808 logits_rms=0.0730145
ds4: dspark batch state audit batch-vs-exact layer=2 n_comp 15/15 n_index 15/15 attn_kv max=4.52995e-06 rms=4.14699e-07 attn_score max=1.15633e-05 rms=7.46328e-07 index_kv max=6.07967e-06 rms=4.92587e-07 index_score max=9.89437e-06 rms=7.99242e-07 raw max=0.00012207 rms=3.82214e-06 rows=2
ds4: dspark batch state audit batch-vs-exact layer=3 n_comp 0/0 n_index 0/0 attn_kv max=4.38094e-06 rms=1.11114e-07 attn_score max=1.17421e-05 rms=nan index_kv max=0 rms=0 index_score max=0 rms=0 raw max=0.00012207 rms=3.93391e-06 rows=2
ds4: dspark batch state audit batch-vs-exact layer=4 n_comp 15/15 n_index 15/15 attn_kv max=7.89762e-06 rms=5.7368e-07 attn_score max=3.5435e-05 rms=4.47972e-06 index_kv max=1.50204e-05 rms=7.64761e-07 index_score max=3.0756e-05 rms=4.76111e-06 raw max=1.52588e-05 rms=7.25275e-07 rows=2
ds4: dspark batch state audit batch-vs-exact layer=5 n_comp 0/0 n_index 0/0 attn_kv max=4.71994e-06 rms=1.26324e-07 attn_score max=1.37091e-05 rms=nan index_kv max=0 rms=0 index_score max=0 rms=0 raw max=0.000488281 rms=1.59602e-05 rows=2
ds4: dspark batch state audit batch-vs-exact layer=6 n_comp 15/15 n_index 15/15 attn_kv max=9.9279e-06 rms=9.91704e-07 attn_score max=2.86102e-05 rms=4.061e-06 index_kv max=1.52588e-05 rms=1.16602e-06 index_score max=3.62396e-05 rms=3.62634e-06 raw max=0.00012207 rms=4.02497e-06 rows=2
ds4: dspark batch state audit batch-vs-exact layer=7 n_comp 0/0 n_index 0/0 attn_kv max=4.37722e-06 rms=1.51623e-07 attn_score max=9.41753e-06 rms=nan index_kv max=0 rms=0 index_score max=0 rms=0 raw max=0.000244141 rms=9.00957e-06 rows=2
ds4: dspark batch state audit batch-vs-exact layer=8 n_comp 15/15 n_index 15/15 attn_kv max=2.262e-05 rms=1.58836e-06 attn_score max=0.000147343 rms=1.99109e-05 index_kv max=2.44379e-05 rms=2.52413e-06 index_score max=0.000159264 rms=1.95111e-05 raw max=0.000976562 rms=4.17906e-05 rows=2
ds4: dspark batch state audit batch-vs-exact layer=9 n_comp 0/0 n_index 0/0 attn_kv max=1.13845e-05 rms=1.79537e-07 attn_score max=1.63317e-05 rms=nan index_kv max=0 rms=0 index_score max=0 rms=0 raw max=0.03125 rms=0.000977144 rows=2
ds4: dspark batch state audit batch-vs-exact layer=10 n_comp 15/15 n_index 15/15 attn_kv max=0.000166163 rms=1.86414e-05 attn_score max=0.000393867 rms=5.27777e-05 index_kv max=0.00017941 rms=2.35221e-05 index_score max=0.000557184 rms=5.44862e-05 raw max=0.0625 rms=0.00229048 rows=2
ds4: dspark batch state audit batch-vs-exact layer=11 n_comp 0/0 n_index 0/0 attn_kv max=0.0002588 rms=6.25589e-06 attn_score max=0.000701457 rms=nan index_kv max=0 rms=0 index_score max=0 rms=0 raw max=0.03125 rms=0.00182939 rows=2
ds4: dspark batch state audit batch-vs-exact layer=12 n_comp 15/15 n_index 15/15 attn_kv max=0.000717372 rms=6.54907e-05 attn_score max=0.00417702 rms=0.000928777 index_kv max=0.0012908 rms=8.58712e-05 index_score max=0.00584388 rms=0.000876797 raw max=0.125 rms=0.00489409 rows=2
ds4: dspark batch state audit batch-vs-exact layer=13 n_comp 0/0 n_index 0/0 attn_kv max=0.000381291 rms=1.05087e-05 attn_score max=0.000626154 rms=nan index_kv max=0 rms=0 index_score max=0 rms=0 raw max=0.0625 rms=0.00442444 rows=2
ds4: dspark batch state audit batch-vs-exact layer=14 n_comp 15/15 n_index 15/15 attn_kv max=0.00128739 rms=0.000113395 attn_score max=0.00620365 rms=0.00125023 index_kv max=0.00164127 rms=0.00015903 index_score max=0.00697994 rms=0.00117107 raw max=0.0625 rms=0.00689673 rows=2
ds4: dspark batch state audit batch-vs-exact layer=15 n_comp 0/0 n_index 0/0 attn_kv max=0.00142287 rms=2.36084e-05 attn_score max=0.00205433 rms=nan index_kv max=0 rms=0 index_score max=0 rms=0 raw max=0.125 rms=0.00832321 rows=2
ds4: dspark batch state audit batch-vs-exact layer=16 n_comp 15/15 n_index 15/15 attn_kv max=0.00461236 rms=0.000259105 attn_score max=0.0362195 rms=0.00907869 index_kv max=0.00690454 rms=0.00048428 index_score max=0.0413203 rms=0.00889235 raw max=0.125 rms=0.012241 rows=2
ds4: dspark batch state audit batch-vs-exact layer=17 n_comp 0/0 n_index 0/0 attn_kv max=0.0032075 rms=8.68983e-05 attn_score max=0.00719726 rms=nan index_kv max=0 rms=0 index_score max=0 rms=0 raw max=0.125 rms=0.0105745 rows=2
ds4: dspark batch state audit batch-vs-exact layer=18 n_comp 15/15 n_index 15/15 attn_kv max=0.00154798 rms=0.000163703 attn_score max=0.00592554 rms=0.00082631 index_kv max=0.0020349 rms=0.00024845 index_score max=0.00420666 rms=0.000804829 raw max=0.125 rms=0.0102452 rows=2
ds4: dspark batch state audit batch-vs-exact layer=19 n_comp 0/0 n_index 0/0 attn_kv max=0.0530139 rms=0.000913966 attn_score max=0.0579361 rms=nan index_kv max=0 rms=0 index_score max=0 rms=0 raw max=0.375 rms=0.0834619 rows=2
ds4: dspark batch state audit batch-vs-exact layer=20 n_comp 15/15 n_index 15/15 attn_kv max=0.0617902 rms=0.00523347 attn_score max=0.161346 rms=0.0281405 index_kv max=0.0636159 rms=0.00642092 index_score max=0.17537 rms=0.0262793 raw max=0.375 rms=0.0798205 rows=2
ds4: dspark batch state audit batch-vs-exact layer=21 n_comp 0/0 n_index 0/0 attn_kv max=0.0365981 rms=0.000701551 attn_score max=0.0516449 rms=nan index_kv max=0 rms=0 index_score max=0 rms=0 raw max=0.28125 rms=0.0637031 rows=2
ds4: dspark batch state audit batch-vs-exact layer=22 n_comp 15/15 n_index 15/15 attn_kv max=0.0724985 rms=0.0048009 attn_score max=0.13511 rms=0.0230163 index_kv max=0.0831357 rms=0.00781578 index_score max=0.139791 rms=0.0223554 raw max=0.25 rms=0.0539742 rows=2
ds4: dspark batch state audit batch-vs-exact layer=23 n_comp 0/0 n_index 0/0 attn_kv max=0.0272212 rms=0.000672141 attn_score max=0.0361505 rms=nan index_kv max=0 rms=0 index_score max=0 rms=0 raw max=0.25 rms=0.0391039 rows=2
ds4: dspark batch state audit batch-vs-exact layer=24 n_comp 15/15 n_index 15/15 attn_kv max=0.0464574 rms=0.00407148 attn_score max=0.416911 rms=0.0418152 index_kv max=0.0736256 rms=0.00578184 index_score max=0.345893 rms=0.0370859 raw max=0.614014 rms=0.0405617 rows=2
ds4: dspark batch state audit batch-vs-exact layer=25 n_comp 0/0 n_index 0/0 attn_kv max=0.0105352 rms=0.000312779 attn_score max=0.019089 rms=nan index_kv max=0 rms=0 index_score max=0 rms=0 raw max=0.15625 rms=0.0400112 rows=2
ds4: dspark batch state audit batch-vs-exact layer=26 n_comp 15/15 n_index 15/15 attn_kv max=0.0312142 rms=0.00252505 attn_score max=0.229262 rms=0.0455461 index_kv max=0.0334074 rms=0.00279946 index_score max=0.291922 rms=0.0446283 raw max=0.25 rms=0.0504987 rows=2
ds4: dspark batch state audit batch-vs-exact layer=27 n_comp 0/0 n_index 0/0 attn_kv max=0.0119701 rms=0.000348498 attn_score max=0.0393765 rms=nan index_kv max=0 rms=0 index_score max=0 rms=0 raw max=0.5 rms=0.0483333 rows=2
ds4: dspark batch state audit batch-vs-exact layer=28 n_comp 15/15 n_index 15/15 attn_kv max=0.0305272 rms=0.0030566 attn_score max=0.11001 rms=0.0205194 index_kv max=0.0296805 rms=0.00360049 index_score max=0.114096 rms=0.0204328 raw max=0.25 rms=0.044053 rows=2
ds4: dspark batch state audit batch-vs-exact layer=29 n_comp 0/0 n_index 0/0 attn_kv max=0.0193756 rms=0.000427463 attn_score max=0.0607818 rms=nan index_kv max=0 rms=0 index_score max=0 rms=0 raw max=0.1875 rms=0.0486349 rows=2
ds4: dspark batch state audit batch-vs-exact layer=30 n_comp 15/15 n_index 15/15 attn_kv max=0.0252608 rms=0.00279915 attn_score max=0.114225 rms=0.0170595 index_kv max=0.0315592 rms=0.00359164 index_score max=0.107529 rms=0.0170922 raw max=0.258789 rms=0.034386 rows=2
ds4: dspark batch state audit batch-vs-exact layer=31 n_comp 0/0 n_index 0/0 attn_kv max=0.00948773 rms=0.00033046 attn_score max=0.0175152 rms=nan index_kv max=0 rms=0 index_score max=0 rms=0 raw max=0.25 rms=0.0422119 rows=2
ds4: dspark batch state audit batch-vs-exact layer=32 n_comp 15/15 n_index 15/15 attn_kv max=0.0173668 rms=0.00189907 attn_score max=0.437004 rms=0.066536 index_kv max=0.0273416 rms=0.00248574 index_score max=0.475797 rms=0.063395 raw max=0.25 rms=0.0367173 rows=2
ds4: dspark batch state audit batch-vs-exact layer=33 n_comp 0/0 n_index 0/0 attn_kv max=0.0146794 rms=0.000391735 attn_score max=0.027281 rms=nan index_kv max=0 rms=0 index_score max=0 rms=0 raw max=0.25 rms=0.041388 rows=2
ds4: dspark batch state audit batch-vs-exact layer=34 n_comp 15/15 n_index 15/15 attn_kv max=0.0253832 rms=0.00222714 attn_score max=0.34201 rms=0.0636334 index_kv max=0.0293155 rms=0.00257271 index_score max=0.348752 rms=0.0626802 raw max=0.25 rms=0.0431195 rows=2
ds4: dspark batch state audit batch-vs-exact layer=35 n_comp 0/0 n_index 0/0 attn_kv max=0.0149043 rms=0.000429782 attn_score max=0.0210908 rms=nan index_kv max=0 rms=0 index_score max=0 rms=0 raw max=0.25 rms=0.0490942 rows=2
ds4: dspark batch state audit batch-vs-exact layer=36 n_comp 15/15 n_index 15/15 attn_kv max=0.0178699 rms=0.00178865 attn_score max=0.0908284 rms=0.0137932 index_kv max=0.0191917 rms=0.00209199 index_score max=0.0922606 rms=0.0135931 raw max=0.25 rms=0.0328631 rows=2
ds4: dspark batch state audit batch-vs-exact layer=37 n_comp 0/0 n_index 0/0 attn_kv max=0.0107689 rms=0.000134769 attn_score max=0.0475848 rms=nan index_kv max=0 rms=0 index_score max=0 rms=0 raw max=0.25 rms=0.0358026 rows=2
ds4: dspark batch state audit batch-vs-exact layer=38 n_comp 15/15 n_index 15/15 attn_kv max=0.0350597 rms=0.00352982 attn_score max=0.363881 rms=0.0192971 index_kv max=0.0534083 rms=0.00506847 index_score max=0.130776 rms=0.0191413 raw max=0.25 rms=0.0317238 rows=2
ds4: dspark batch state audit batch-vs-exact layer=39 n_comp 0/0 n_index 0/0 attn_kv max=0.0144026 rms=0.000388322 attn_score max=0.0435682 rms=nan index_kv max=0 rms=0 index_score max=0 rms=0 raw max=0.25 rms=0.0439925 rows=2
ds4: dspark batch state audit batch-vs-exact layer=40 n_comp 15/15 n_index 15/15 attn_kv max=0.103812 rms=0.00459797 attn_score max=1.07595 rms=0.185284 index_kv max=0.0914817 rms=0.00753916 index_score max=1.01334 rms=0.181471 raw max=0.25 rms=0.06062 rows=2
ds4: dspark batch state audit batch-vs-exact layer=41 n_comp 0/0 n_index 0/0 attn_kv max=0.0151441 rms=0.000339994 attn_score max=0.0364701 rms=nan index_kv max=0 rms=0 index_score max=0 rms=0 raw max=0.25 rms=0.0467455 rows=2
ds4: dspark batch state audit batch-vs-exact layer=42 n_comp 15/15 n_index 15/15 attn_kv max=0.0217276 rms=0.00148901 attn_score max=0.051001 rms=0.00467782 index_kv max=0.0186529 rms=0.00172377 index_score max=0.0719628 rms=0.00468863 raw max=0.125 rms=0.0220586 rows=2
ds4: dspark batch state audit batch-vs-exact summary mismatch_layers=41 max=1.07595 raw_rows=2 mtp_n_raw 0/0
ds4: dspark batch audit row=0 token=57597 batch_top=10414 exact_top=10414 batch_margin=7.666 exact_margin=7.666 logits_max=0.0924501 logits_rms=0.0185815
ds4: dspark batch audit row=1 token=10414 batch_top=5 exact_top=5 batch_margin=15.042 exact_margin=15.073 logits_max=0.148537 logits_rms=0.0296686
ds4: dspark batch state audit batch-vs-exact layer=4 n_comp 16/16 n_index 16/16 attn_kv max=6.22869e-06 rms=5.98114e-07 attn_score max=4.45843e-05 rms=5.52699e-06 index_kv max=1.38283e-05 rms=8.0177e-07 index_score max=4.1604e-05 rms=5.7905e-06 raw max=1.52588e-05 rms=5.02034e-07 rows=2
ds4: dspark batch state audit batch-vs-exact layer=5 n_comp 0/0 n_index 0/0 attn_kv max=3.45707e-06 rms=6.78917e-08 attn_score max=7.51019e-06 rms=nan index_kv max=0 rms=0 index_score max=0 rms=0 raw max=0.015625 rms=0.000488282 rows=2
ds4: dspark batch state audit batch-vs-exact layer=6 n_comp 16/16 n_index 16/16 attn_kv max=7.93412e-05 rms=6.88488e-06 attn_score max=0.000273988 rms=1.88432e-05 index_kv max=8.89301e-05 rms=7.59526e-06 index_score max=0.000223875 rms=1.89541e-05 raw max=0.0625 rms=0.00202933 rows=2
ds4: dspark batch state audit batch-vs-exact layer=7 n_comp 0/0 n_index 0/0 attn_kv max=0.000168838 rms=4.51001e-06 attn_score max=0.000364289 rms=nan index_kv max=0 rms=0 index_score max=0 rms=0 raw max=0.0625 rms=0.00252463 rows=2
ds4: dspark batch state audit batch-vs-exact layer=8 n_comp 16/16 n_index 16/16 attn_kv max=0.000659771 rms=5.89214e-05 attn_score max=0.00787961 rms=0.000935649 index_kv max=0.000786766 rms=8.26486e-05 index_score max=0.00699991 rms=0.00090812 raw max=0.125 rms=0.00533887 rows=2
ds4: dspark batch state audit batch-vs-exact layer=9 n_comp 0/0 n_index 0/0 attn_kv max=0.000753462 rms=1.15483e-05 attn_score max=0.000955634 rms=nan index_kv max=0 rms=0 index_score max=0 rms=0 raw max=0.0625 rms=0.00286865 rows=2
ds4: dspark batch state audit batch-vs-exact layer=10 n_comp 16/16 n_index 16/16 attn_kv max=0.00100423 rms=8.48154e-05 attn_score max=0.00271976 rms=0.000299533 index_kv max=0.00113764 rms=0.000107859 index_score max=0.00406311 rms=0.000301664 raw max=0.125 rms=0.00700316 rows=2
ds4: dspark batch state audit batch-vs-exact layer=11 n_comp 0/0 n_index 0/0 attn_kv max=0.000579953 rms=1.47977e-05 attn_score max=0.00067124 rms=nan index_kv max=0 rms=0 index_score max=0 rms=0 raw max=0.0625 rms=0.00443362 rows=2
ds4: dspark batch state audit batch-vs-exact layer=12 n_comp 16/16 n_index 16/16 attn_kv max=0.00100762 rms=0.000101194 attn_score max=0.00322461 rms=0.000610663 index_kv max=0.0019052 rms=0.000139437 index_score max=0.00385392 rms=0.000590498 raw max=0.125 rms=0.00698527 rows=2
ds4: dspark batch state audit batch-vs-exact layer=13 n_comp 0/0 n_index 0/0 attn_kv max=0.000708193 rms=2.07551e-05 attn_score max=0.00216636 rms=nan index_kv max=0 rms=0 index_score max=0 rms=0 raw max=0.125 rms=0.00733599 rows=2
ds4: dspark batch state audit batch-vs-exact layer=14 n_comp 16/16 n_index 16/16 attn_kv max=0.00235611 rms=0.000197296 attn_score max=0.0166546 rms=0.00252388 index_kv max=0.00315279 rms=0.000278171 index_score max=0.0175524 rms=0.0024173 raw max=0.125 rms=0.00888593 rows=2
ds4: dspark batch state audit batch-vs-exact layer=15 n_comp 0/0 n_index 0/0 attn_kv max=0.00130397 rms=3.32633e-05 attn_score max=0.00343162 rms=nan index_kv max=0 rms=0 index_score max=0 rms=0 raw max=0.125 rms=0.009753 rows=2
ds4: dspark batch state audit batch-vs-exact layer=16 n_comp 16/16 n_index 16/16 attn_kv max=0.00254005 rms=0.00024767 attn_score max=0.0064714 rms=0.00125117 index_kv max=0.00392884 rms=0.000395522 index_score max=0.00706768 rms=0.00121238 raw max=0.125 rms=0.0119899 rows=2
ds4: dspark batch state audit batch-vs-exact layer=17 n_comp 0/0 n_index 0/0 attn_kv max=0.00296855 rms=8.38634e-05 attn_score max=0.0119531 rms=nan index_kv max=0 rms=0 index_score max=0 rms=0 raw max=0.125 rms=0.0111835 rows=2
ds4: dspark batch state audit batch-vs-exact layer=18 n_comp 16/16 n_index 16/16 attn_kv max=0.00184026 rms=0.000161379 attn_score max=0.00534201 rms=0.000786057 index_kv max=0.00254154 rms=0.000236631 index_score max=0.00508547 rms=0.000754903 raw max=0.125 rms=0.00774742 rows=2
ds4: dspark batch state audit batch-vs-exact layer=19 n_comp 0/0 n_index 0/0 attn_kv max=0.000854172 rms=2.48005e-05 attn_score max=0.00313872 rms=nan index_kv max=0 rms=0 index_score max=0 rms=0 raw max=0.125 rms=0.0122618 rows=2
ds4: dspark batch state audit batch-vs-exact layer=20 n_comp 16/16 n_index 16/16 attn_kv max=0.00277229 rms=0.000257174 attn_score max=0.00991333 rms=0.0017409 index_kv max=0.00260445 rms=0.00034389 index_score max=0.0124893 rms=0.00178885 raw max=0.25 rms=0.0143781 rows=2
ds4: dspark batch state audit batch-vs-exact layer=21 n_comp 0/0 n_index 0/0 attn_kv max=0.00133865 rms=3.27837e-05 attn_score max=0.00269496 rms=nan index_kv max=0 rms=0 index_score max=0 rms=0 raw max=0.25 rms=0.0125488 rows=2
ds4: dspark batch state audit batch-vs-exact layer=22 n_comp 16/16 n_index 16/16 attn_kv max=0.00276399 rms=0.000278943 attn_score max=0.0251353 rms=0.00351975 index_kv max=0.00474679 rms=0.000422813 index_score max=0.0216959 rms=0.00342592 raw max=0.125 rms=0.00769073 rows=2
ds4: dspark batch state audit batch-vs-exact layer=23 n_comp 0/0 n_index 0/0 attn_kv max=0.00210381 rms=4.55203e-05 attn_score max=0.00259882 rms=nan index_kv max=0 rms=0 index_score max=0 rms=0 raw max=0.25 rms=0.0139785 rows=2
ds4: dspark batch state audit batch-vs-exact layer=24 n_comp 16/16 n_index 16/16 attn_kv max=0.00262101 rms=0.00026419 attn_score max=0.0228397 rms=0.00347125 index_kv max=0.00386024 rms=0.000339675 index_score max=0.0210936 rms=0.0035654 raw max=0.125 rms=0.00750009 rows=2
ds4: dspark batch state audit batch-vs-exact layer=25 n_comp 0/0 n_index 0/0 attn_kv max=0.000600621 rms=1.47337e-05 attn_score max=0.00119078 rms=nan index_kv max=0 rms=0 index_score max=0 rms=0 raw max=0.0625 rms=0.00704815 rows=2
ds4: dspark batch state audit batch-vs-exact layer=26 n_comp 16/16 n_index 16/16 attn_kv max=0.00113 rms=0.000133708 attn_score max=0.00638652 rms=0.00152422 index_kv max=0.00197399 rms=0.000149305 index_score max=0.00817299 rms=0.00145525 raw max=0.125 rms=0.0102295 rows=2
ds4: dspark batch state audit batch-vs-exact layer=27 n_comp 0/0 n_index 0/0 attn_kv max=0.00147647 rms=3.24234e-05 attn_score max=0.00236246 rms=nan index_kv max=0 rms=0 index_score max=0 rms=0 raw max=0.125 rms=0.0113605 rows=2
ds4: dspark batch state audit batch-vs-exact layer=28 n_comp 16/16 n_index 16/16 attn_kv max=0.00143152 rms=0.000190503 attn_score max=0.00568646 rms=0.00075408 index_kv max=0.00243023 rms=0.00022503 index_score max=0.00591308 rms=0.000768833 raw max=0.125 rms=0.00920661 rows=2
ds4: dspark batch state audit batch-vs-exact layer=29 n_comp 0/0 n_index 0/0 attn_kv max=0.00221496 rms=3.54172e-05 attn_score max=0.00318626 rms=nan index_kv max=0 rms=0 index_score max=0 rms=0 raw max=0.125 rms=0.0123764 rows=2
ds4: dspark batch state audit batch-vs-exact layer=30 n_comp 16/16 n_index 16/16 attn_kv max=0.00167339 rms=0.000197708 attn_score max=0.00681782 rms=0.00126005 index_kv max=0.00182097 rms=0.000265336 index_score max=0.00753307 rms=0.00137226 raw max=0.125 rms=0.00754265 rows=2
ds4: dspark batch state audit batch-vs-exact layer=31 n_comp 0/0 n_index 0/0 attn_kv max=0.00110988 rms=3.24084e-05 attn_score max=0.00242396 rms=nan index_kv max=0 rms=0 index_score max=0 rms=0 raw max=0.125 rms=0.011861 rows=2
ds4: dspark batch state audit batch-vs-exact layer=32 n_comp 16/16 n_index 16/16 attn_kv max=0.00198951 rms=0.000179583 attn_score max=0.00806975 rms=0.00164162 index_kv max=0.00236303 rms=0.000211151 index_score max=0.0106162 rms=0.00156485 raw max=0.125 rms=0.0108819 rows=2
ds4: dspark batch state audit batch-vs-exact layer=33 n_comp 0/0 n_index 0/0 attn_kv max=0.00105491 rms=3.87575e-05 attn_score max=0.00236455 rms=nan index_kv max=0 rms=0 index_score max=0 rms=0 raw max=0.125 rms=0.0125823 rows=2
ds4: dspark batch state audit batch-vs-exact layer=34 n_comp 16/16 n_index 16/16 attn_kv max=0.00318754 rms=0.000258373 attn_score max=0.0708187 rms=0.012726 index_kv max=0.00238371 rms=0.000300272 index_score max=0.0698121 rms=0.0125423 raw max=0.25 rms=0.0131489 rows=2
ds4: dspark batch state audit batch-vs-exact layer=35 n_comp 0/0 n_index 0/0 attn_kv max=0.00213826 rms=5.78805e-05 attn_score max=0.0056867 rms=nan index_kv max=0 rms=0 index_score max=0 rms=0 raw max=0.125 rms=0.0152949 rows=2
ds4: dspark batch state audit batch-vs-exact layer=36 n_comp 16/16 n_index 16/16 attn_kv max=0.00402899 rms=0.00026881 attn_score max=0.00929534 rms=0.0013087 index_kv max=0.00334912 rms=0.000294928 index_score max=0.00868952 rms=0.00138357 raw max=0.25 rms=0.0124177 rows=2
ds4: dspark batch state audit batch-vs-exact layer=37 n_comp 0/0 n_index 0/0 attn_kv max=0.0021048 rms=2.87139e-05 attn_score max=0.00408493 rms=nan index_kv max=0 rms=0 index_score max=0 rms=0 raw max=0.125 rms=0.0128956 rows=2
ds4: dspark batch state audit batch-vs-exact layer=38 n_comp 16/16 n_index 16/16 attn_kv max=0.00510588 rms=0.000558118 attn_score max=0.0332046 rms=0.00602425 index_kv max=0.00976419 rms=0.000771318 index_score max=0.0324559 rms=0.00583813 raw max=0.125 rms=0.01211 rows=2
ds4: dspark batch state audit batch-vs-exact layer=39 n_comp 0/0 n_index 0/0 attn_kv max=0.00326405 rms=6.67293e-05 attn_score max=0.00561458 rms=nan index_kv max=0 rms=0 index_score max=0 rms=0 raw max=0.125 rms=0.0156163 rows=2
ds4: dspark batch state audit batch-vs-exact layer=40 n_comp 16/16 n_index 16/16 attn_kv max=0.00566816 rms=0.000402977 attn_score max=0.046567 rms=0.00775634 index_kv max=0.00563359 rms=0.00060823 index_score max=0.0430157 rms=0.0075968 raw max=0.25 rms=0.0168025 rows=2
ds4: dspark batch state audit batch-vs-exact layer=41 n_comp 0/0 n_index 0/0 attn_kv max=0.00192332 rms=4.99632e-05 attn_score max=0.00386435 rms=nan index_kv max=0 rms=0 index_score max=0 rms=0 raw max=0.25 rms=0.0179151 rows=2
ds4: dspark batch state audit batch-vs-exact layer=42 n_comp 16/16 n_index 16/16 attn_kv max=0.00251442 rms=0.000270231 attn_score max=0.00999659 rms=0.000983721 index_kv max=0.00207092 rms=0.000299456 index_score max=0.013011 rms=0.00105225 raw max=0.125 rms=0.00972881 rows=2
ds4: dspark batch state audit batch-vs-exact summary mismatch_layers=39 max=0.25 raw_rows=2 mtp_n_raw 0/0
ds4: dspark batch audit row=0 token=110686 batch_top=201 exact_top=201 batch_margin=13.025 exact_margin=13.024 logits_max=0.102337 logits_rms=0.016735
ds4: dspark batch audit row=1 token=201 batch_top=5692 exact_top=5692 batch_margin=4.876 exact_margin=4.844 logits_max=0.165416 logits_rms=0.0257761
ds4: dspark batch state audit batch-vs-exact layer=3 n_comp 0/0 n_index 0/0 attn_kv max=5.89341e-06 rms=8.72348e-08 attn_score max=1.0252e-05 rms=nan index_kv max=0 rms=0 index_score max=0 rms=0 raw max=0.000976562 rms=3.14614e-05 rows=2
ds4: dspark batch state audit batch-vs-exact layer=4 n_comp 17/17 n_index 17/17 attn_kv max=6.19888e-06 rms=4.67722e-07 attn_score max=1.74046e-05 rms=1.52979e-06 index_kv max=7.12276e-06 rms=6.47517e-07 index_score max=1.38283e-05 rms=1.90903e-06 raw max=0.00012207 rms=3.8147e-06 rows=2
ds4: dspark batch state audit batch-vs-exact layer=5 n_comp 0/0 n_index 0/0 attn_kv max=2.6226e-06 rms=7.54001e-08 attn_score max=9.32813e-06 rms=nan index_kv max=0 rms=0 index_score max=0 rms=0 raw max=0.000488281 rms=1.70886e-05 rows=2
ds4: dspark batch state audit batch-vs-exact layer=6 n_comp 17/17 n_index 17/17 attn_kv max=9.05991e-06 rms=8.13178e-07 attn_score max=2.58088e-05 rms=2.1531e-06 index_kv max=2.55108e-05 rms=1.04205e-06 index_score max=1.84774e-05 rms=2.21346e-06 raw max=0.000244141 rms=1.17408e-05 rows=2
ds4: dspark batch state audit batch-vs-exact layer=7 n_comp 0/0 n_index 0/0 attn_kv max=5.54323e-06 rms=1.17744e-07 attn_score max=8.86247e-06 rms=nan index_kv max=0 rms=0 index_score max=0 rms=0 raw max=0.0078125 rms=0.000273424 rows=2
ds4: dspark batch state audit batch-vs-exact layer=8 n_comp 17/17 n_index 17/17 attn_kv max=4.40031e-05 rms=4.50954e-06 attn_score max=7.9751e-05 rms=1.1637e-05 index_kv max=6.935e-05 rms=6.54337e-06 index_score max=8.89301e-05 rms=1.25142e-05 raw max=0.00390625 rms=0.00013153 rows=2
ds4: dspark batch state audit batch-vs-exact layer=9 n_comp 0/0 n_index 0/0 attn_kv max=1.85221e-05 rms=4.83694e-07 attn_score max=2.37077e-05 rms=nan index_kv max=0 rms=0 index_score max=0 rms=0 raw max=0.03125 rms=0.000979837 rows=2
ds4: dspark batch state audit batch-vs-exact layer=10 n_comp 17/17 n_index 17/17 attn_kv max=0.000557393 rms=3.26107e-05 attn_score max=0.000894189 rms=0.000123712 index_kv max=0.000462353 rms=4.56256e-05 index_score max=0.000717282 rms=0.000128499 raw max=0.0625 rms=0.00321174 rows=2
ds4: dspark batch state audit batch-vs-exact layer=11 n_comp 0/0 n_index 0/0 attn_kv max=0.000389634 rms=7.41037e-06 attn_score max=0.000727281 rms=nan index_kv max=0 rms=0 index_score max=0 rms=0 raw max=0.125 rms=0.00448366 rows=2
ds4: dspark batch state audit batch-vs-exact layer=12 n_comp 17/17 n_index 17/17 attn_kv max=0.00193188 rms=0.000195174 attn_score max=0.0073694 rms=0.00146574 index_kv max=0.0063858 rms=0.000255632 index_score max=0.00792748 rms=0.00143617 raw max=0.125 rms=0.00677125 rows=2
ds4: dspark batch state audit batch-vs-exact layer=13 n_comp 0/0 n_index 0/0 attn_kv max=0.000605941 rms=1.8743e-05 attn_score max=0.00113189 rms=nan index_kv max=0 rms=0 index_score max=0 rms=0 raw max=0.125 rms=0.00946041 rows=2
ds4: dspark batch state audit batch-vs-exact layer=14 n_comp 17/17 n_index 17/17 attn_kv max=0.0020173 rms=0.000208047 attn_score max=0.0066309 rms=0.00112254 index_kv max=0.00398493 rms=0.000312518 index_score max=0.00736284 rms=0.00109071 raw max=0.25 rms=0.0126118 rows=2
ds4: dspark batch state audit batch-vs-exact layer=15 n_comp 0/0 n_index 0/0 attn_kv max=0.00195807 rms=3.81815e-05 attn_score max=0.00430691 rms=nan index_kv max=0 rms=0 index_score max=0 rms=0 raw max=0.25 rms=0.0125364 rows=2
ds4: dspark batch state audit batch-vs-exact layer=16 n_comp 17/17 n_index 17/17 attn_kv max=0.00393057 rms=0.000334363 attn_score max=0.0405841 rms=0.00775587 index_kv max=0.00408471 rms=0.000549878 index_score max=0.0462451 rms=0.00758084 raw max=0.25 rms=0.01599 rows=2
ds4: dspark batch state audit batch-vs-exact layer=17 n_comp 0/0 n_index 0/0 attn_kv max=0.00509652 rms=0.000121037 attn_score max=0.00982984 rms=nan index_kv max=0 rms=0 index_score max=0 rms=0 raw max=0.125 rms=0.00925943 rows=2
ds4: dspark batch state audit batch-vs-exact layer=18 n_comp 17/17 n_index 17/17 attn_kv max=0.00181322 rms=0.000165328 attn_score max=0.00492001 rms=0.000633181 index_kv max=0.00208066 rms=0.000231367 index_score max=0.00717032 rms=0.000664682 raw max=0.125 rms=0.00971088 rows=2
ds4: dspark batch state audit batch-vs-exact layer=19 n_comp 0/0 n_index 0/0 attn_kv max=0.00189194 rms=2.96283e-05 attn_score max=0.00560957 rms=nan index_kv max=0 rms=0 index_score max=0 rms=0 raw max=0.125 rms=0.00851773 rows=2
ds4: dspark batch state audit batch-vs-exact layer=20 n_comp 17/17 n_index 17/17 attn_kv max=0.00215983 rms=0.000221851 attn_score max=0.00953078 rms=0.0017181 index_kv max=0.00260228 rms=0.000299534 index_score max=0.0122805 rms=0.0017965 raw max=0.125 rms=0.0123546 rows=2
ds4: dspark batch state audit batch-vs-exact layer=21 n_comp 0/0 n_index 0/0 attn_kv max=0.00176135 rms=2.90645e-05 attn_score max=0.00635004 rms=nan index_kv max=0 rms=0 index_score max=0 rms=0 raw max=0.25 rms=0.0130093 rows=2
ds4: dspark batch state audit batch-vs-exact layer=22 n_comp 17/17 n_index 17/17 attn_kv max=0.00262123 rms=0.000283697 attn_score max=0.00682902 rms=0.00129503 index_kv max=0.00313902 rms=0.000437612 index_score max=0.00730836 rms=0.00131668 raw max=0.125 rms=0.00925547 rows=2
ds4: dspark batch state audit batch-vs-exact layer=23 n_comp 0/0 n_index 0/0 attn_kv max=0.0055697 rms=5.5344e-05 attn_score max=0.00404042 rms=nan index_kv max=0 rms=0 index_score max=0 rms=0 raw max=0.125 rms=0.0122984 rows=2
ds4: dspark batch state audit batch-vs-exact layer=24 n_comp 17/17 n_index 17/17 attn_kv max=0.00237706 rms=0.000283743 attn_score max=0.0161362 rms=0.00197283 index_kv max=0.00324625 rms=0.000367051 index_score max=0.0144134 rms=0.00224776 raw max=0.0625 rms=0.0062248 rows=2
ds4: dspark batch state audit batch-vs-exact layer=25 n_comp 0/0 n_index 0/0 attn_kv max=0.000470668 rms=1.36922e-05 attn_score max=0.00149626 rms=nan index_kv max=0 rms=0 index_score max=0 rms=0 raw max=0.0625 rms=0.00649989 rows=2
ds4: dspark batch state audit batch-vs-exact layer=26 n_comp 17/17 n_index 17/17 attn_kv max=0.00124213 rms=0.000123226 attn_score max=0.00655437 rms=0.00157539 index_kv max=0.0012543 rms=0.000144842 index_score max=0.00827658 rms=0.00155674 raw max=0.125 rms=0.00708917 rows=2
ds4: dspark batch state audit batch-vs-exact layer=27 n_comp 0/0 n_index 0/0 attn_kv max=0.0016647 rms=2.86948e-05 attn_score max=0.00205731 rms=nan index_kv max=0 rms=0 index_score max=0 rms=0 raw max=0.25 rms=0.00966959 rows=2
ds4: dspark batch state audit batch-vs-exact layer=28 n_comp 17/17 n_index 17/17 attn_kv max=0.00194204 rms=0.000153506 attn_score max=0.0202673 rms=0.00252314 index_kv max=0.00227433 rms=0.000197206 index_score max=0.0156662 rms=0.00258423 raw max=0.0625 rms=0.00661823 rows=2
ds4: dspark batch state audit batch-vs-exact layer=29 n_comp 0/0 n_index 0/0 attn_kv max=0.00131544 rms=2.53887e-05 attn_score max=0.00263464 rms=nan index_kv max=0 rms=0 index_score max=0 rms=0 raw max=0.0625 rms=0.00617612 rows=2
ds4: dspark batch state audit batch-vs-exact layer=30 n_comp 17/17 n_index 17/17 attn_kv max=0.00315678 rms=0.000170802 attn_score max=0.016923 rms=0.00254663 index_kv max=0.00326574 rms=0.00027122 index_score max=0.0160813 rms=0.00243117 raw max=0.0625 rms=0.00518139 rows=2
ds4: dspark batch state audit batch-vs-exact layer=31 n_comp 0/0 n_index 0/0 attn_kv max=0.000711784 rms=1.99468e-05 attn_score max=0.00101107 rms=nan index_kv max=0 rms=0 index_score max=0 rms=0 raw max=0.125 rms=0.00768341 rows=2
ds4: dspark batch state audit batch-vs-exact layer=32 n_comp 17/17 n_index 17/17 attn_kv max=0.00135469 rms=0.000116859 attn_score max=0.00556135 rms=0.00116742 index_kv max=0.00176886 rms=0.000148381 index_score max=0.00708032 rms=0.00111827 raw max=0.125 rms=0.00936153 rows=2
ds4: dspark batch state audit batch-vs-exact layer=33 n_comp 0/0 n_index 0/0 attn_kv max=0.000918865 rms=2.73984e-05 attn_score max=0.0016329 rms=nan index_kv max=0 rms=0 index_score max=0 rms=0 raw max=0.25 rms=0.0140204 rows=2
ds4: dspark batch state audit batch-vs-exact layer=34 n_comp 17/17 n_index 17/17 attn_kv max=0.00340238 rms=0.000188343 attn_score max=0.0433426 rms=0.00737462 index_kv max=0.00465508 rms=0.000274 index_score max=0.0434628 rms=0.00728258 raw max=0.125 rms=0.00856455 rows=2
ds4: dspark batch state audit batch-vs-exact layer=35 n_comp 0/0 n_index 0/0 attn_kv max=0.00180641 rms=4.90624e-05 attn_score max=0.00479972 rms=nan index_kv max=0 rms=0 index_score max=0 rms=0 raw max=0.125 rms=0.0126089 rows=2
ds4: dspark batch state audit batch-vs-exact layer=36 n_comp 17/17 n_index 17/17 attn_kv max=0.00319988 rms=0.000222808 attn_score max=0.01343 rms=0.00180997 index_kv max=0.00284544 rms=0.000231618 index_score max=0.012141 rms=0.00172938 raw max=0.25 rms=0.0139899 rows=2
ds4: dspark batch state audit batch-vs-exact layer=37 n_comp 0/0 n_index 0/0 attn_kv max=0.00202131 rms=1.97246e-05 attn_score max=0.00517076 rms=nan index_kv max=0 rms=0 index_score max=0 rms=0 raw max=0.125 rms=0.00907393 rows=2
ds4: dspark batch state audit batch-vs-exact layer=38 n_comp 17/17 n_index 17/17 attn_kv max=0.013964 rms=0.000541418 attn_score max=0.0332224 rms=0.00473267 index_kv max=0.0135895 rms=0.000661945 index_score max=0.0286474 rms=0.00441547 raw max=0.25 rms=0.0134525 rows=2
ds4: dspark batch state audit batch-vs-exact layer=39 n_comp 0/0 n_index 0/0 attn_kv max=0.00311983 rms=5.22639e-05 attn_score max=0.00662649 rms=nan index_kv max=0 rms=0 index_score max=0 rms=0 raw max=0.125 rms=0.0102453 rows=2
ds4: dspark batch state audit batch-vs-exact layer=40 n_comp 17/17 n_index 17/17 attn_kv max=0.00554043 rms=0.000552292 attn_score max=0.0470476 rms=0.00955461 index_kv max=0.00650525 rms=0.00069384 index_score max=0.0460205 rms=0.00931299 raw max=0.25 rms=0.0248532 rows=2
ds4: dspark batch state audit batch-vs-exact layer=41 n_comp 0/0 n_index 0/0 attn_kv max=0.00280136 rms=5.03836e-05 attn_score max=0.00663871 rms=nan index_kv max=0 rms=0 index_score max=0 rms=0 raw max=0.125 rms=0.0160791 rows=2
ds4: dspark batch state audit batch-vs-exact layer=42 n_comp 17/17 n_index 17/17 attn_kv max=0.00581615 rms=0.000305175 attn_score max=0.0281925 rms=0.00279447 index_kv max=0.00412097 rms=0.000347653 index_score max=0.0274422 rms=0.00403006 raw max=0.125 rms=0.00928981 rows=2
ds4: dspark batch state audit batch-vs-exact summary mismatch_layers=40 max=0.25 raw_rows=2 mtp_n_raw 0/0
ds4: dspark batch audit row=0 token=77533 batch_top=111000 exact_top=111000 batch_margin=10.805 exact_margin=10.819 logits_max=0.0740707 logits_rms=0.0122125
ds4: dspark batch audit row=1 token=111000 batch_top=438 exact_top=438 batch_margin=14.765 exact_margin=14.757 logits_max=0.112579 logits_rms=0.0176014
ds4: dspark batch state audit batch-vs-exact layer=2 n_comp 18/18 n_index 18/18 attn_kv max=2.12342e-06 rms=1.83765e-07 attn_score max=1.81794e-06 rms=2.26084e-07 index_kv max=2.44379e-06 rms=2.24238e-07 index_score max=4.29153e-06 rms=4.3874e-07 raw max=0.000488281 rms=1.52593e-05 rows=2
ds4: dspark batch state audit batch-vs-exact layer=3 n_comp 0/0 n_index 0/0 attn_kv max=1.90735e-06 rms=5.29784e-08 attn_score max=3.79235e-06 rms=nan index_kv max=0 rms=0 index_score max=0 rms=0 raw max=1.52588e-05 rms=7.25734e-07 rows=2
ds4: dspark batch state audit batch-vs-exact layer=4 n_comp 18/18 n_index 18/18 attn_kv max=5.90086e-06 rms=3.99649e-07 attn_score max=1.49012e-05 rms=2.94348e-06 index_kv max=4.04567e-06 rms=5.33727e-07 index_score max=1.33514e-05 rms=3.02627e-06 raw max=7.62939e-06 rms=2.40274e-07 rows=2
ds4: dspark batch state audit batch-vs-exact layer=5 n_comp 0/0 n_index 0/0 attn_kv max=1.89617e-06 rms=4.39828e-08 attn_score max=4.41074e-06 rms=nan index_kv max=0 rms=0 index_score max=0 rms=0 raw max=0.000244141 rms=8.53076e-06 rows=2
ds4: dspark batch state audit batch-vs-exact layer=6 n_comp 18/18 n_index 18/18 attn_kv max=3.33786e-06 rms=4.2006e-07 attn_score max=1.44243e-05 rms=2.25634e-06 index_kv max=5.24521e-06 rms=4.61218e-07 index_score max=1.71661e-05 rms=2.15678e-06 raw max=0.015625 rms=0.000488282 rows=2
ds4: dspark batch state audit batch-vs-exact layer=7 n_comp 0/0 n_index 0/0 attn_kv max=2.92677e-05 rms=7.16944e-07 attn_score max=4.87566e-05 rms=nan index_kv max=0 rms=0 index_score max=0 rms=0 raw max=0.00390625 rms=0.00013985 rows=2
ds4: dspark batch state audit batch-vs-exact layer=8 n_comp 18/18 n_index 18/18 attn_kv max=6.64592e-05 rms=8.89239e-06 attn_score max=0.000462532 rms=7.55212e-05 index_kv max=6.79493e-05 rms=1.0365e-05 index_score max=0.00039506 rms=7.42077e-05 raw max=0.03125 rms=0.00140515 rows=2
ds4: dspark batch state audit batch-vs-exact layer=9 n_comp 0/0 n_index 0/0 attn_kv max=4.6134e-05 rms=1.76106e-06 attn_score max=0.000172049 rms=nan index_kv max=0 rms=0 index_score max=0 rms=0 raw max=0.125 rms=0.00396807 rows=2
ds4: dspark batch state audit batch-vs-exact layer=10 n_comp 18/18 n_index 18/18 attn_kv max=0.000601783 rms=6.64419e-05 attn_score max=0.00136447 rms=0.000196389 index_kv max=0.00134456 rms=9.03032e-05 index_score max=0.00184116 rms=0.00021525 raw max=0.0625 rms=0.00316057 rows=2
ds4: dspark batch state audit batch-vs-exact layer=11 n_comp 0/0 n_index 0/0 attn_kv max=0.000458658 rms=6.97872e-06 attn_score max=0.000420593 rms=nan index_kv max=0 rms=0 index_score max=0 rms=0 raw max=0.125 rms=0.00482997 rows=2
ds4: dspark batch state audit batch-vs-exact layer=12 n_comp 18/18 n_index 18/18 attn_kv max=0.000951067 rms=9.00563e-05 attn_score max=0.00271559 rms=0.000455604 index_kv max=0.00323105 rms=0.000135931 index_score max=0.00254536 rms=0.000444774 raw max=0.0625 rms=0.00475536 rows=2
ds4: dspark batch state audit batch-vs-exact layer=13 n_comp 0/0 n_index 0/0 attn_kv max=0.000350114 rms=9.56431e-06 attn_score max=0.000768244 rms=nan index_kv max=0 rms=0 index_score max=0 rms=0 raw max=0.25 rms=0.0101064 rows=2
ds4: dspark batch state audit batch-vs-exact layer=14 n_comp 18/18 n_index 18/18 attn_kv max=0.00163355 rms=0.000137787 attn_score max=0.00297344 rms=0.000693071 index_kv max=0.00250578 rms=0.000196421 index_score max=0.00573719 rms=0.000727695 raw max=0.25 rms=0.00910262 rows=2
ds4: dspark batch state audit batch-vs-exact layer=15 n_comp 0/0 n_index 0/0 attn_kv max=0.000802487 rms=2.38844e-05 attn_score max=0.00305545 rms=nan index_kv max=0 rms=0 index_score max=0 rms=0 raw max=0.125 rms=0.00935517 rows=2
ds4: dspark batch state audit batch-vs-exact layer=16 n_comp 18/18 n_index 18/18 attn_kv max=0.00288293 rms=0.000201275 attn_score max=0.0158303 rms=0.00293369 index_kv max=0.00412807 rms=0.00033337 index_score max=0.019989 rms=0.00284082 raw max=0.125 rms=0.010637 rows=2
ds4: dspark batch state audit batch-vs-exact layer=17 n_comp 0/0 n_index 0/0 attn_kv max=0.002498 rms=7.08558e-05 attn_score max=0.00625378 rms=nan index_kv max=0 rms=0 index_score max=0 rms=0 raw max=0.125 rms=0.0086392 rows=2
ds4: dspark batch state audit batch-vs-exact layer=18 n_comp 18/18 n_index 18/18 attn_kv max=0.00132696 rms=0.000131871 attn_score max=0.00334561 rms=0.000596421 index_kv max=0.00147647 rms=0.000190756 index_score max=0.0025568 rms=0.000545392 raw max=0.125 rms=0.00811158 rows=2
ds4: dspark batch state audit batch-vs-exact layer=19 n_comp 0/0 n_index 0/0 attn_kv max=0.000531048 rms=1.84154e-05 attn_score max=0.00259948 rms=nan index_kv max=0 rms=0 index_score max=0 rms=0 raw max=0.125 rms=0.00952395 rows=2
ds4: dspark batch state audit batch-vs-exact layer=20 n_comp 18/18 n_index 18/18 attn_kv max=0.00183751 rms=0.000216582 attn_score max=0.00908172 rms=0.00205692 index_kv max=0.00284135 rms=0.000300028 index_score max=0.0116504 rms=0.00203058 raw max=0.125 rms=0.00692075 rows=2
ds4: dspark batch state audit batch-vs-exact layer=21 n_comp 0/0 n_index 0/0 attn_kv max=0.000847295 rms=2.15645e-05 attn_score max=0.00317705 rms=nan index_kv max=0 rms=0 index_score max=0 rms=0 raw max=0.125 rms=0.00849135 rows=2
ds4: dspark batch state audit batch-vs-exact layer=22 n_comp 18/18 n_index 18/18 attn_kv max=0.00202141 rms=0.000222357 attn_score max=0.00597394 rms=0.00121469 index_kv max=0.00264926 rms=0.000360436 index_score max=0.00499326 rms=0.00118446 raw max=0.125 rms=0.00785227 rows=2
ds4: dspark batch state audit batch-vs-exact layer=23 n_comp 0/0 n_index 0/0 attn_kv max=0.000833809 rms=2.41202e-05 attn_score max=0.00150523 rms=nan index_kv max=0 rms=0 index_score max=0 rms=0 raw max=0.125 rms=0.00662808 rows=2
ds4: dspark batch state audit batch-vs-exact layer=24 n_comp 18/18 n_index 18/18 attn_kv max=0.00234571 rms=0.000244119 attn_score max=0.00884414 rms=0.00140527 index_kv max=0.00290614 rms=0.000327202 index_score max=0.00968534 rms=0.00124971 raw max=0.125 rms=0.00661286 rows=2
ds4: dspark batch state audit batch-vs-exact layer=25 n_comp 0/0 n_index 0/0 attn_kv max=0.000435531 rms=1.03833e-05 attn_score max=0.000878647 rms=nan index_kv max=0 rms=0 index_score max=0 rms=0 raw max=0.125 rms=0.00826998 rows=2
ds4: dspark batch state audit batch-vs-exact layer=26 n_comp 18/18 n_index 18/18 attn_kv max=0.00106671 rms=0.000117743 attn_score max=0.00388873 rms=0.00107251 index_kv max=0.000954986 rms=0.0001269 index_score max=0.00660038 rms=0.00108908 raw max=0.125 rms=0.00864963 rows=2
ds4: dspark batch state audit batch-vs-exact layer=27 n_comp 0/0 n_index 0/0 attn_kv max=0.000704253 rms=2.19092e-05 attn_score max=0.00140846 rms=nan index_kv max=0 rms=0 index_score max=0 rms=0 raw max=0.25 rms=0.0132034 rows=2
ds4: dspark batch state audit batch-vs-exact layer=28 n_comp 18/18 n_index 18/18 attn_kv max=0.00109767 rms=0.000178658 attn_score max=0.00684834 rms=0.000757989 index_kv max=0.00162745 rms=0.000201115 index_score max=0.00443912 rms=0.000759437 raw max=0.25 rms=0.0118234 rows=2
ds4: dspark batch state audit batch-vs-exact layer=29 n_comp 0/0 n_index 0/0 attn_kv max=0.00198752 rms=4.05466e-05 attn_score max=0.00470734 rms=nan index_kv max=0 rms=0 index_score max=0 rms=0 raw max=0.125 rms=0.0125245 rows=2
ds4: dspark batch state audit batch-vs-exact layer=30 n_comp 18/18 n_index 18/18 attn_kv max=0.00335145 rms=0.000341976 attn_score max=0.0145664 rms=0.0030049 index_kv max=0.00254762 rms=0.00043774 index_score max=0.0165567 rms=0.0031749 raw max=0.125 rms=0.00846393 rows=2
ds4: dspark batch state audit batch-vs-exact layer=31 n_comp 0/0 n_index 0/0 attn_kv max=0.00131267 rms=2.75639e-05 attn_score max=0.00264418 rms=nan index_kv max=0 rms=0 index_score max=0 rms=0 raw max=0.125 rms=0.00783304 rows=2
ds4: dspark batch state audit batch-vs-exact layer=32 n_comp 18/18 n_index 18/18 attn_kv max=0.00270689 rms=0.000189066 attn_score max=0.0129027 rms=0.00352028 index_kv max=0.00354994 rms=0.000269761 index_score max=0.0158639 rms=0.00327998 raw max=0.125 rms=0.00879457 rows=2
ds4: dspark batch state audit batch-vs-exact layer=33 n_comp 0/0 n_index 0/0 attn_kv max=0.00103877 rms=3.7012e-05 attn_score max=0.0033859 rms=nan index_kv max=0 rms=0 index_score max=0 rms=0 raw max=0.25 rms=0.0134585 rows=2
ds4: dspark batch state audit batch-vs-exact layer=34 n_comp 18/18 n_index 18/18 attn_kv max=0.00277162 rms=0.000229938 attn_score max=0.0261183 rms=0.00690524 index_kv max=0.00383085 rms=0.000305386 index_score max=0.0264559 rms=0.00677685 raw max=0.125 rms=0.00879674 rows=2
ds4: dspark batch state audit batch-vs-exact layer=35 n_comp 0/0 n_index 0/0 attn_kv max=0.00176127 rms=4.82217e-05 attn_score max=0.00311559 rms=nan index_kv max=0 rms=0 index_score max=0 rms=0 raw max=0.25 rms=0.0148082 rows=2
ds4: dspark batch state audit batch-vs-exact layer=36 n_comp 18/18 n_index 18/18 attn_kv max=0.00296709 rms=0.000324295 attn_score max=0.0235653 rms=0.00509116 index_kv max=0.00222158 rms=0.000374529 index_score max=0.0220397 rms=0.00522908 raw max=0.125 rms=0.0116716 rows=2
ds4: dspark batch state audit batch-vs-exact layer=37 n_comp 0/0 n_index 0/0 attn_kv max=0.00137269 rms=1.61843e-05 attn_score max=0.00562207 rms=nan index_kv max=0 rms=0 index_score max=0 rms=0 raw max=0.125 rms=0.0112707 rows=2
ds4: dspark batch state audit batch-vs-exact layer=38 n_comp 18/18 n_index 18/18 attn_kv max=0.00502069 rms=0.000664735 attn_score max=0.0234417 rms=0.00432294 index_kv max=0.00739729 rms=0.00084005 index_score max=0.0214435 rms=0.00413112 raw max=0.125 rms=0.0102428 rows=2
ds4: dspark batch state audit batch-vs-exact layer=39 n_comp 0/0 n_index 0/0 attn_kv max=0.0026122 rms=4.52261e-05 attn_score max=0.006338 rms=nan index_kv max=0 rms=0 index_score max=0 rms=0 raw max=0.125 rms=0.0108172 rows=2
ds4: dspark batch state audit batch-vs-exact layer=40 n_comp 18/18 n_index 18/18 attn_kv max=0.00758132 rms=0.000992051 attn_score max=0.12075 rms=0.0183825 index_kv max=0.00926805 rms=0.00125011 index_score max=0.104837 rms=0.017968 raw max=0.25 rms=0.0243207 rows=2
ds4: dspark batch state audit batch-vs-exact layer=41 n_comp 0/0 n_index 0/0 attn_kv max=0.00235936 rms=4.62175e-05 attn_score max=0.00574136 rms=nan index_kv max=0 rms=0 index_score max=0 rms=0 raw max=0.125 rms=0.014327 rows=2
ds4: dspark batch state audit batch-vs-exact layer=42 n_comp 18/18 n_index 18/18 attn_kv max=0.0028453 rms=0.000297232 attn_score max=0.0213051 rms=0.00291854 index_kv max=0.00265622 rms=0.000360009 index_score max=0.0196037 rms=0.00379674 raw max=0.0625 rms=0.00606421 rows=2
ds4: dspark batch state audit batch-vs-exact summary mismatch_layers=41 max=0.25 raw_rows=2 mtp_n_raw 0/0
ds4: dspark batch audit row=0 token=223 batch_top=6884 exact_top=6884 batch_margin=9.534 exact_margin=9.532 logits_max=0.0483475 logits_rms=0.00980133
ds4: dspark batch audit row=1 token=6884 batch_top=201 exact_top=201 batch_margin=16.527 exact_margin=16.519 logits_max=0.0785551 logits_rms=0.0139206
ds4: dspark batch state audit batch-vs-exact layer=2 n_comp 19/19 n_index 19/19 attn_kv max=1.2368e-06 rms=2.24311e-07 attn_score max=3.33786e-06 rms=6.54865e-07 index_kv max=1.72853e-06 rms=3.06778e-07 index_score max=3.53158e-06 rms=6.55765e-07 raw max=0.00012207 rms=3.8147e-06 rows=2
ds4: dspark batch state audit batch-vs-exact layer=3 n_comp 0/0 n_index 0/0 attn_kv max=4.79817e-06 rms=7.88325e-08 attn_score max=6.52671e-06 rms=nan index_kv max=0 rms=0 index_score max=0 rms=0 raw max=6.10352e-05 rms=2.13248e-06 rows=2
ds4: dspark batch state audit batch-vs-exact layer=4 n_comp 19/19 n_index 19/19 attn_kv max=5.76675e-06 rms=6.15012e-07 attn_score max=1.2517e-05 rms=3.35543e-06 index_kv max=7.86781e-06 rms=8.28266e-07 index_score max=1.35899e-05 rms=3.57505e-06 raw max=0.015625 rms=0.000488281 rows=2
ds4: dspark batch state audit batch-vs-exact layer=5 n_comp 0/0 n_index 0/0 attn_kv max=4.54485e-05 rms=1.37211e-06 attn_score max=0.000107318 rms=nan index_kv max=0 rms=0 index_score max=0 rms=0 raw max=0.03125 rms=0.00109437 rows=2
ds4: dspark batch state audit batch-vs-exact layer=6 n_comp 19/19 n_index 19/19 attn_kv max=0.000151157 rms=1.66924e-05 attn_score max=0.000334263 rms=4.02664e-05 index_kv max=0.000189006 rms=2.01983e-05 index_score max=0.000328541 rms=4.45965e-05 raw max=0.125 rms=0.00391868 rows=2
ds4: dspark batch state audit batch-vs-exact layer=7 n_comp 0/0 n_index 0/0 attn_kv max=0.00072252 rms=1.63402e-05 attn_score max=0.00143147 rms=nan index_kv max=0 rms=0 index_score max=0 rms=0 raw max=0.0625 rms=0.00450378 rows=2
ds4: dspark batch state audit batch-vs-exact layer=8 n_comp 19/19 n_index 19/19 attn_kv max=0.00142829 rms=0.000198769 attn_score max=0.00904083 rms=0.00191556 index_kv max=0.00134489 rms=0.000221659 index_score max=0.00823069 rms=0.00184548 raw max=0.0625 rms=0.00350924 rows=2
ds4: dspark batch state audit batch-vs-exact layer=9 n_comp 0/0 n_index 0/0 attn_kv max=0.000365112 rms=1.08112e-05 attn_score max=0.000819266 rms=nan index_kv max=0 rms=0 index_score max=0 rms=0 raw max=0.125 rms=0.00605343 rows=2
ds4: dspark batch state audit batch-vs-exact layer=10 n_comp 19/19 n_index 19/19 attn_kv max=0.00109735 rms=0.000159229 attn_score max=0.0069437 rms=0.000975426 index_kv max=0.00209594 rms=0.000215512 index_score max=0.00682521 rms=0.00101152 raw max=0.125 rms=0.00638569 rows=2
ds4: dspark batch state audit batch-vs-exact layer=11 n_comp 0/0 n_index 0/0 attn_kv max=0.000874206 rms=1.58864e-05 attn_score max=0.00109488 rms=nan index_kv max=0 rms=0 index_score max=0 rms=0 raw max=0.0625 rms=0.00537452 rows=2
ds4: dspark batch state audit batch-vs-exact layer=12 n_comp 19/19 n_index 19/19 attn_kv max=0.00246704 rms=0.000199123 attn_score max=0.0092411 rms=0.00310525 index_kv max=0.00670719 rms=0.000359367 index_score max=0.0099926 rms=0.00291676 raw max=0.125 rms=0.00737228 rows=2
ds4: dspark batch state audit batch-vs-exact layer=13 n_comp 0/0 n_index 0/0 attn_kv max=0.000638392 rms=1.92853e-05 attn_score max=0.00131863 rms=nan index_kv max=0 rms=0 index_score max=0 rms=0 raw max=0.125 rms=0.00817273 rows=2
ds4: dspark batch state audit batch-vs-exact layer=14 n_comp 19/19 n_index 19/19 attn_kv max=0.00175552 rms=0.000286695 attn_score max=0.00952578 rms=0.00307735 index_kv max=0.00513411 rms=0.000467174 index_score max=0.011096 rms=0.00292349 raw max=0.25 rms=0.011088 rows=2
ds4: dspark batch state audit batch-vs-exact layer=15 n_comp 0/0 n_index 0/0 attn_kv max=0.00242477 rms=4.72955e-05 attn_score max=0.00599194 rms=nan index_kv max=0 rms=0 index_score max=0 rms=0 raw max=0.125 rms=0.0100377 rows=2
ds4: dspark batch state audit batch-vs-exact layer=16 n_comp 19/19 n_index 19/19 attn_kv max=0.00308546 rms=0.000482598 attn_score max=0.00795126 rms=0.00229766 index_kv max=0.00384384 rms=0.000728122 index_score max=0.00927401 rms=0.0023136 raw max=0.25 rms=0.0154437 rows=2
ds4: dspark batch state audit batch-vs-exact layer=17 n_comp 0/0 n_index 0/0 attn_kv max=0.00493196 rms=0.000113403 attn_score max=0.0124325 rms=nan index_kv max=0 rms=0 index_score max=0 rms=0 raw max=0.125 rms=0.0116233 rows=2
ds4: dspark batch state audit batch-vs-exact layer=18 n_comp 19/19 n_index 19/19 attn_kv max=0.0016839 rms=0.000268834 attn_score max=0.00587344 rms=0.00134266 index_kv max=0.00215894 rms=0.000383984 index_score max=0.00570416 rms=0.00140744 raw max=0.125 rms=0.0113215 rows=2
ds4: dspark batch state audit batch-vs-exact layer=19 n_comp 0/0 n_index 0/0 attn_kv max=0.00217713 rms=4.17454e-05 attn_score max=0.00597489 rms=nan index_kv max=0 rms=0 index_score max=0 rms=0 raw max=0.125 rms=0.0102282 rows=2
ds4: dspark batch state audit batch-vs-exact layer=20 n_comp 19/19 n_index 19/19 attn_kv max=0.00306092 rms=0.00045525 attn_score max=0.021101 rms=0.00519271 index_kv max=0.00405243 rms=0.000646587 index_score max=0.0228629 rms=0.00501676 raw max=0.125 rms=0.0124958 rows=2
ds4: dspark batch state audit batch-vs-exact layer=21 n_comp 0/0 n_index 0/0 attn_kv max=0.00157814 rms=3.46172e-05 attn_score max=0.00321281 rms=nan index_kv max=0 rms=0 index_score max=0 rms=0 raw max=0.125 rms=0.00990923 rows=2
ds4: dspark batch state audit batch-vs-exact layer=22 n_comp 19/19 n_index 19/19 attn_kv max=0.00309733 rms=0.000503577 attn_score max=0.0232726 rms=0.00217854 index_kv max=0.00536335 rms=0.000815219 index_score max=0.016565 rms=0.00231217 raw max=0.125 rms=0.00812275 rows=2
ds4: dspark batch state audit batch-vs-exact layer=23 n_comp 0/0 n_index 0/0 attn_kv max=0.00334263 rms=6.93388e-05 attn_score max=0.00311625 rms=nan index_kv max=0 rms=0 index_score max=0 rms=0 raw max=0.125 rms=0.0134989 rows=2
ds4: dspark batch state audit batch-vs-exact layer=24 n_comp 19/19 n_index 19/19 attn_kv max=0.00435542 rms=0.00047884 attn_score max=0.0506291 rms=0.00809704 index_kv max=0.00694454 rms=0.000655081 index_score max=0.0443077 rms=0.00716823 raw max=0.125 rms=0.00556649 rows=2
ds4: dspark batch state audit batch-vs-exact layer=25 n_comp 0/0 n_index 0/0 attn_kv max=0.000891522 rms=2.0984e-05 attn_score max=0.0019986 rms=nan index_kv max=0 rms=0 index_score max=0 rms=0 raw max=0.125 rms=0.0095574 rows=2
ds4: dspark batch state audit batch-vs-exact layer=26 n_comp 19/19 n_index 19/19 attn_kv max=0.00210193 rms=0.000219607 attn_score max=0.0172749 rms=0.00446312 index_kv max=0.00213164 rms=0.000277511 index_score max=0.020072 rms=0.00433898 raw max=0.0625 rms=0.00845604 rows=2
ds4: dspark batch state audit batch-vs-exact layer=27 n_comp 0/0 n_index 0/0 attn_kv max=0.00166911 rms=3.38634e-05 attn_score max=0.00417823 rms=nan index_kv max=0 rms=0 index_score max=0 rms=0 raw max=0.125 rms=0.0120499 rows=2
ds4: dspark batch state audit batch-vs-exact layer=28 n_comp 19/19 n_index 19/19 attn_kv max=0.00190197 rms=0.000278032 attn_score max=0.0195394 rms=0.00488625 index_kv max=0.00235295 rms=0.000356712 index_score max=0.0162179 rms=0.00508984 raw max=0.125 rms=0.00984675 rows=2
ds4: dspark batch state audit batch-vs-exact layer=29 n_comp 0/0 n_index 0/0 attn_kv max=0.00204334 rms=3.60353e-05 attn_score max=0.0038057 rms=nan index_kv max=0 rms=0 index_score max=0 rms=0 raw max=0.125 rms=0.0110349 rows=2
ds4: dspark batch state audit batch-vs-exact layer=30 n_comp 19/19 n_index 19/19 attn_kv max=0.00638419 rms=0.000412093 attn_score max=0.042542 rms=0.00772446 index_kv max=0.00614071 rms=0.000660154 index_score max=0.04774 rms=0.00763578 raw max=0.125 rms=0.0087995 rows=2
ds4: dspark batch state audit batch-vs-exact layer=31 n_comp 0/0 n_index 0/0 attn_kv max=0.00108615 rms=3.03736e-05 attn_score max=0.00257149 rms=nan index_kv max=0 rms=0 index_score max=0 rms=0 raw max=0.125 rms=0.0118324 rows=2
ds4: dspark batch state audit batch-vs-exact layer=32 n_comp 19/19 n_index 19/19 attn_kv max=0.00212787 rms=0.000288663 attn_score max=0.0271177 rms=0.00668445 index_kv max=0.00421476 rms=0.000378518 index_score max=0.0262628 rms=0.00631553 raw max=0.125 rms=0.00964596 rows=2
ds4: dspark batch state audit batch-vs-exact layer=33 n_comp 0/0 n_index 0/0 attn_kv max=0.00132641 rms=4.59361e-05 attn_score max=0.00334936 rms=nan index_kv max=0 rms=0 index_score max=0 rms=0 raw max=0.125 rms=0.0125669 rows=2
ds4: dspark batch state audit batch-vs-exact layer=34 n_comp 19/19 n_index 19/19 attn_kv max=0.00226521 rms=0.000318847 attn_score max=0.0179527 rms=0.00576426 index_kv max=0.00235428 rms=0.000361734 index_score max=0.0174999 rms=0.00565406 raw max=0.125 rms=0.0128062 rows=2
ds4: dspark batch state audit batch-vs-exact layer=35 n_comp 0/0 n_index 0/0 attn_kv max=0.00185847 rms=5.87798e-05 attn_score max=0.00315282 rms=nan index_kv max=0 rms=0 index_score max=0 rms=0 raw max=0.25 rms=0.0155351 rows=2
ds4: dspark batch state audit batch-vs-exact layer=36 n_comp 19/19 n_index 19/19 attn_kv max=0.00548849 rms=0.00040357 attn_score max=0.00707525 rms=0.00117252 index_kv max=0.00429939 rms=0.000421599 index_score max=0.0053829 rms=0.00112504 raw max=0.125 rms=0.00882034 rows=2
ds4: dspark batch state audit batch-vs-exact layer=37 n_comp 0/0 n_index 0/0 attn_kv max=0.00146608 rms=1.89296e-05 attn_score max=0.00395846 rms=nan index_kv max=0 rms=0 index_score max=0 rms=0 raw max=0.125 rms=0.0105485 rows=2
ds4: dspark batch state audit batch-vs-exact layer=38 n_comp 19/19 n_index 19/19 attn_kv max=0.00520703 rms=0.000542006 attn_score max=0.0126429 rms=0.00358177 index_kv max=0.00595462 rms=0.000700551 index_score max=0.0114436 rms=0.00356255 raw max=0.125 rms=0.00920803 rows=2
ds4: dspark batch state audit batch-vs-exact layer=39 n_comp 0/0 n_index 0/0 attn_kv max=0.00187743 rms=4.31198e-05 attn_score max=0.00605917 rms=nan index_kv max=0 rms=0 index_score max=0 rms=0 raw max=0.25 rms=0.0169389 rows=2
ds4: dspark batch state audit batch-vs-exact layer=40 n_comp 19/19 n_index 19/19 attn_kv max=0.00379467 rms=0.000513104 attn_score max=0.0330911 rms=0.00799655 index_kv max=0.0042851 rms=0.000803444 index_score max=0.0311029 rms=0.00784408 raw max=0.25 rms=0.0152642 rows=2
ds4: dspark batch state audit batch-vs-exact layer=41 n_comp 0/0 n_index 0/0 attn_kv max=0.000973821 rms=3.16606e-05 attn_score max=0.00362051 rms=nan index_kv max=0 rms=0 index_score max=0 rms=0 raw max=0.125 rms=0.0110476 rows=2
ds4: dspark batch state audit batch-vs-exact layer=42 n_comp 19/19 n_index 19/19 attn_kv max=0.00252752 rms=0.000261936 attn_score max=0.0123677 rms=0.00205423 index_kv max=0.00167939 rms=0.000301872 index_score max=0.0121752 rms=0.00274024 raw max=0.125 rms=0.00904185 rows=2
ds4: dspark batch state audit batch-vs-exact summary mismatch_layers=41 max=0.25 raw_rows=2 mtp_n_raw 0/0
ds4: dspark batch audit row=0 token=5692 batch_top=77533 exact_top=77533 batch_margin=14.835 exact_margin=14.824 logits_max=0.102428 logits_rms=0.0201329
ds4: dspark batch audit row=1 token=77533 batch_top=114884 exact_top=114884 batch_margin=12.846 exact_margin=12.804 logits_max=0.446613 logits_rms=0.0827358
ds4: dspark batch state audit batch-vs-exact layer=1 n_comp 0/0 n_index 0/0 attn_kv max=0 rms=0 attn_score max=0 rms=0 index_kv max=0 rms=0 index_score max=0 rms=0 raw max=0.000244141 rms=7.62939e-06 rows=2
ds4: dspark batch state audit batch-vs-exact layer=2 n_comp 19/19 n_index 19/19 attn_kv max=5.38677e-06 rms=4.38417e-07 attn_score max=1.87755e-05 rms=2.21111e-06 index_kv max=9.53674e-06 rms=7.15712e-07 index_score max=1.62125e-05 rms=1.99752e-06 raw max=0.00012207 rms=4.39622e-06 rows=2
ds4: dspark batch state audit batch-vs-exact layer=3 n_comp 0/0 n_index 0/0 attn_kv max=6.3777e-06 rms=1.13246e-07 attn_score max=1.87755e-05 rms=nan index_kv max=0 rms=0 index_score max=0 rms=0 raw max=6.10352e-05 rms=2.05117e-06 rows=2
ds4: dspark batch state audit batch-vs-exact layer=4 n_comp 19/19 n_index 19/19 attn_kv max=1.07735e-05 rms=6.86843e-07 attn_score max=1.94311e-05 rms=1.97321e-06 index_kv max=7.48783e-06 rms=8.47573e-07 index_score max=1.89543e-05 rms=2.22825e-06 raw max=0.00012207 rms=3.84912e-06 rows=2
ds4: dspark batch state audit batch-vs-exact layer=5 n_comp 0/0 n_index 0/0 attn_kv max=3.06219e-06 rms=7.57034e-08 attn_score max=1.29938e-05 rms=nan index_kv max=0 rms=0 index_score max=0 rms=0 raw max=0.0078125 rms=0.000244649 rows=2
ds4: dspark batch state audit batch-vs-exact layer=6 n_comp 19/19 n_index 19/19 attn_kv max=1.98446e-05 rms=1.84053e-06 attn_score max=6.74725e-05 rms=1.31225e-05 index_kv max=2.26498e-05 rms=2.24033e-06 index_score max=8.82149e-05 rms=1.34531e-05 raw max=0.00195312 rms=6.24412e-05 rows=2
ds4: dspark batch state audit batch-vs-exact layer=7 n_comp 0/0 n_index 0/0 attn_kv max=1.29044e-05 rms=3.55587e-07 attn_score max=2.08616e-05 rms=nan index_kv max=0 rms=0 index_score max=0 rms=0 raw max=0.00195312 rms=7.26281e-05 rows=2
ds4: dspark batch state audit batch-vs-exact layer=8 n_comp 19/19 n_index 19/19 attn_kv max=3.44515e-05 rms=2.92858e-06 attn_score max=0.000216484 rms=3.25914e-05 index_kv max=4.05908e-05 rms=3.77178e-06 index_score max=0.000212669 rms=3.21331e-05 raw max=0.0625 rms=0.0019552 rows=2
ds4: dspark batch state audit batch-vs-exact layer=9 n_comp 0/0 n_index 0/0 attn_kv max=9.43113e-05 rms=2.46047e-06 attn_score max=0.000379562 rms=nan index_kv max=0 rms=0 index_score max=0 rms=0 raw max=0.0625 rms=0.00222845 rows=2
ds4: dspark batch state audit batch-vs-exact layer=10 n_comp 19/19 n_index 19/19 attn_kv max=0.00029026 rms=3.38139e-05 attn_score max=0.000981733 rms=0.000150822 index_kv max=0.000448227 rms=4.31818e-05 index_score max=0.0011441 rms=0.000154651 raw max=0.0625 rms=0.00248202 rows=2
ds4: dspark batch state audit batch-vs-exact layer=11 n_comp 0/0 n_index 0/0 attn_kv max=0.0001719 rms=6.07548e-06 attn_score max=0.000395536 rms=nan index_kv max=0 rms=0 index_score max=0 rms=0 raw max=0.03125 rms=0.00132897 rows=2
ds4: dspark batch state audit batch-vs-exact layer=12 n_comp 19/19 n_index 19/19 attn_kv max=0.0004435 rms=4.86395e-05 attn_score max=0.00138283 rms=0.000278722 index_kv max=0.00064528 rms=7.00068e-05 index_score max=0.00160789 rms=0.000264253 raw max=0.0625 rms=0.00421162 rows=2
ds4: dspark batch state audit batch-vs-exact layer=13 n_comp 0/0 n_index 0/0 attn_kv max=0.000407577 rms=1.17177e-05 attn_score max=0.00111955 rms=nan index_kv max=0 rms=0 index_score max=0 rms=0 raw max=0.125 rms=0.00817497 rows=2
ds4: dspark batch state audit batch-vs-exact layer=14 n_comp 19/19 n_index 19/19 attn_kv max=0.00207818 rms=0.000207673 attn_score max=0.00741148 rms=0.00132567 index_kv max=0.00279161 rms=0.000326822 index_score max=0.00605011 rms=0.00123357 raw max=0.0625 rms=0.00641168 rows=2
ds4: dspark batch state audit batch-vs-exact layer=15 n_comp 0/0 n_index 0/0 attn_kv max=0.00124443 rms=3.02177e-05 attn_score max=0.00237298 rms=nan index_kv max=0 rms=0 index_score max=0 rms=0 raw max=0.0625 rms=0.00733531 rows=2
ds4: dspark batch state audit batch-vs-exact layer=16 n_comp 19/19 n_index 19/19 attn_kv max=0.00207591 rms=0.000224113 attn_score max=0.0101695 rms=0.00255886 index_kv max=0.00319219 rms=0.000359522 index_score max=0.0133343 rms=0.00252871 raw max=0.125 rms=0.00837241 rows=2
ds4: dspark batch state audit batch-vs-exact layer=17 n_comp 0/0 n_index 0/0 attn_kv max=0.00260811 rms=6.06869e-05 attn_score max=0.00699598 rms=nan index_kv max=0 rms=0 index_score max=0 rms=0 raw max=0.125 rms=0.00906063 rows=2
ds4: dspark batch state audit batch-vs-exact layer=18 n_comp 19/19 n_index 19/19 attn_kv max=0.00120851 rms=0.000131039 attn_score max=0.00580823 rms=0.00102988 index_kv max=0.00156073 rms=0.000185114 index_score max=0.00665236 rms=0.000996716 raw max=0.0625 rms=0.00590003 rows=2
ds4: dspark batch state audit batch-vs-exact layer=19 n_comp 0/0 n_index 0/0 attn_kv max=0.00123978 rms=2.21698e-05 attn_score max=0.00274301 rms=nan index_kv max=0 rms=0 index_score max=0 rms=0 raw max=0.125 rms=0.00966758 rows=2
ds4: dspark batch state audit batch-vs-exact layer=20 n_comp 19/19 n_index 19/19 attn_kv max=0.00223875 rms=0.000232652 attn_score max=0.0110314 rms=0.00224685 index_kv max=0.00219387 rms=0.000316384 index_score max=0.0131125 rms=0.00223282 raw max=0.125 rms=0.0109554 rows=2
ds4: dspark batch state audit batch-vs-exact layer=21 n_comp 0/0 n_index 0/0 attn_kv max=0.00176841 rms=2.97921e-05 attn_score max=0.00422436 rms=nan index_kv max=0 rms=0 index_score max=0 rms=0 raw max=0.125 rms=0.0115055 rows=2
ds4: dspark batch state audit batch-vs-exact layer=22 n_comp 19/19 n_index 19/19 attn_kv max=0.00345349 rms=0.000349008 attn_score max=0.0120835 rms=0.00228189 index_kv max=0.00498855 rms=0.000558449 index_score max=0.0134897 rms=0.00248831 raw max=0.25 rms=0.0147687 rows=2
ds4: dspark batch state audit batch-vs-exact layer=23 n_comp 0/0 n_index 0/0 attn_kv max=0.00462747 rms=5.73017e-05 attn_score max=0.00258929 rms=nan index_kv max=0 rms=0 index_score max=0 rms=0 raw max=0.25 rms=0.0137873 rows=2
ds4: dspark batch state audit batch-vs-exact layer=24 n_comp 19/19 n_index 19/19 attn_kv max=0.00326936 rms=0.000332426 attn_score max=0.0245955 rms=0.00249846 index_kv max=0.00764161 rms=0.000466268 index_score max=0.0230304 rms=0.00225318 raw max=0.125 rms=0.00859705 rows=2
ds4: dspark batch state audit batch-vs-exact layer=25 n_comp 0/0 n_index 0/0 attn_kv max=0.000492055 rms=1.00798e-05 attn_score max=0.00157458 rms=nan index_kv max=0 rms=0 index_score max=0 rms=0 raw max=0.0625 rms=0.00412251 rows=2
ds4: dspark batch state audit batch-vs-exact layer=26 n_comp 19/19 n_index 19/19 attn_kv max=0.00190389 rms=0.000143586 attn_score max=0.0119207 rms=0.00262606 index_kv max=0.00126725 rms=0.000174672 index_score max=0.0168204 rms=0.00255476 raw max=0.0625 rms=0.00513192 rows=2
ds4: dspark batch state audit batch-vs-exact layer=27 n_comp 0/0 n_index 0/0 attn_kv max=0.000579059 rms=2.15919e-05 attn_score max=0.0016852 rms=nan index_kv max=0 rms=0 index_score max=0 rms=0 raw max=0.125 rms=0.00854349 rows=2
ds4: dspark batch state audit batch-vs-exact layer=28 n_comp 19/19 n_index 19/19 attn_kv max=0.00128251 rms=0.000154505 attn_score max=0.00427771 rms=0.000625518 index_kv max=0.00251833 rms=0.000186833 index_score max=0.00635529 rms=0.000696226 raw max=0.125 rms=0.010913 rows=2
ds4: dspark batch state audit batch-vs-exact layer=29 n_comp 0/0 n_index 0/0 attn_kv max=0.00223266 rms=4.56064e-05 attn_score max=0.00458717 rms=nan index_kv max=0 rms=0 index_score max=0 rms=0 raw max=0.125 rms=0.0105737 rows=2
ds4: dspark batch state audit batch-vs-exact layer=30 n_comp 19/19 n_index 19/19 attn_kv max=0.00218017 rms=0.000206798 attn_score max=0.0115075 rms=0.00173138 index_kv max=0.00286245 rms=0.000319115 index_score max=0.00937939 rms=0.00167332 raw max=0.0625 rms=0.00647837 rows=2
ds4: dspark batch state audit batch-vs-exact layer=31 n_comp 0/0 n_index 0/0 attn_kv max=0.00101393 rms=2.96355e-05 attn_score max=0.0021141 rms=nan index_kv max=0 rms=0 index_score max=0 rms=0 raw max=0.125 rms=0.0126557 rows=2
ds4: dspark batch state audit batch-vs-exact layer=32 n_comp 19/19 n_index 19/19 attn_kv max=0.00290221 rms=0.000200453 attn_score max=0.0252273 rms=0.00572871 index_kv max=0.0034712 rms=0.000298978 index_score max=0.0249519 rms=0.00541493 raw max=0.125 rms=0.0115766 rows=2
ds4: dspark batch state audit batch-vs-exact layer=33 n_comp 0/0 n_index 0/0 attn_kv max=0.00250423 rms=4.16075e-05 attn_score max=0.00386516 rms=nan index_kv max=0 rms=0 index_score max=0 rms=0 raw max=0.25 rms=0.0143231 rows=2
ds4: dspark batch state audit batch-vs-exact layer=34 n_comp 19/19 n_index 19/19 attn_kv max=0.00369018 rms=0.00027174 attn_score max=0.0423824 rms=0.00778419 index_kv max=0.00259729 rms=0.000371398 index_score max=0.042666 rms=0.00765434 raw max=0.125 rms=0.00933705 rows=2
ds4: dspark batch state audit batch-vs-exact layer=35 n_comp 0/0 n_index 0/0 attn_kv max=0.00283945 rms=6.07528e-05 attn_score max=0.0034157 rms=nan index_kv max=0 rms=0 index_score max=0 rms=0 raw max=0.125 rms=0.0152169 rows=2
ds4: dspark batch state audit batch-vs-exact layer=36 n_comp 19/19 n_index 19/19 attn_kv max=0.00434779 rms=0.000272427 attn_score max=0.0187802 rms=0.00294638 index_kv max=0.00412193 rms=0.000291981 index_score max=0.0181868 rms=0.00291954 raw max=0.125 rms=0.0114098 rows=2
ds4: dspark batch state audit batch-vs-exact layer=37 n_comp 0/0 n_index 0/0 attn_kv max=0.00308788 rms=2.92992e-05 attn_score max=0.00641352 rms=nan index_kv max=0 rms=0 index_score max=0 rms=0 raw max=0.125 rms=0.0116985 rows=2
ds4: dspark batch state audit batch-vs-exact layer=38 n_comp 19/19 n_index 19/19 attn_kv max=0.00534058 rms=0.000458924 attn_score max=0.0288348 rms=0.00289697 index_kv max=0.00557208 rms=0.000631933 index_score max=0.0173795 rms=0.00254072 raw max=0.125 rms=0.0104167 rows=2
ds4: dspark batch state audit batch-vs-exact layer=39 n_comp 0/0 n_index 0/0 attn_kv max=0.00236619 rms=5.42546e-05 attn_score max=0.00638008 rms=nan index_kv max=0 rms=0 index_score max=0 rms=0 raw max=0.25 rms=0.0148524 rows=2
ds4: dspark batch state audit batch-vs-exact layer=40 n_comp 19/19 n_index 19/19 attn_kv max=0.00339519 rms=0.000381041 attn_score max=0.043107 rms=0.00777616 index_kv max=0.00568767 rms=0.000618859 index_score max=0.0390253 rms=0.00760554 raw max=0.25 rms=0.0143296 rows=2
ds4: dspark batch state audit batch-vs-exact layer=41 n_comp 0/0 n_index 0/0 attn_kv max=0.006302 rms=0.000136671 attn_score max=0.0372206 rms=nan index_kv max=0 rms=0 index_score max=0 rms=0 raw max=0.125 rms=0.0250223 rows=2
ds4: dspark batch state audit batch-vs-exact layer=42 n_comp 19/19 n_index 19/19 attn_kv max=0.00893011 rms=0.000662038 attn_score max=0.0360054 rms=0.00269976 index_kv max=0.00740862 rms=0.000735773 index_score max=0.0312225 rms=0.00344169 raw max=0.125 rms=0.0116099 rows=2
ds4: dspark batch state audit batch-vs-exact summary mismatch_layers=42 max=0.25 raw_rows=2 mtp_n_raw 0/0
ds4: dspark batch audit row=0 token=23719 batch_top=438 exact_top=438 batch_margin=19.333 exact_margin=19.389 logits_max=1.19694 logits_rms=0.170071
ds4: dspark batch audit row=1 token=438 batch_top=223 exact_top=223 batch_margin=18.115 exact_margin=18.203 logits_max=0.366491 logits_rms=0.0510595
ds4: dspark batch state audit batch-vs-exact layer=3 n_comp 0/0 n_index 0/0 attn_kv max=2.47359e-06 rms=5.96349e-08 attn_score max=1.17421e-05 rms=nan index_kv max=0 rms=0 index_score max=0 rms=0 raw max=0.0078125 rms=0.000244173 rows=2
ds4: dspark batch state audit batch-vs-exact layer=4 n_comp 20/20 n_index 20/20 attn_kv max=4.84884e-05 rms=4.85667e-06 attn_score max=0.0004251 rms=6.20912e-05 index_kv max=7.96318e-05 rms=6.87124e-06 index_score max=0.000404119 rms=6.88512e-05 raw max=0.0078125 rms=0.000254319 rows=2
ds4: dspark batch state audit batch-vs-exact layer=5 n_comp 0/0 n_index 0/0 attn_kv max=4.33028e-05 rms=8.68145e-07 attn_score max=9.15229e-05 rms=nan index_kv max=0 rms=0 index_score max=0 rms=0 raw max=0.015625 rms=0.00051104 rows=2
ds4: dspark batch state audit batch-vs-exact layer=6 n_comp 20/20 n_index 20/20 attn_kv max=0.000117332 rms=7.81825e-06 attn_score max=0.000553727 rms=0.000124895 index_kv max=9.01222e-05 rms=8.82336e-06 index_score max=0.000924587 rms=0.000121477 raw max=0.0625 rms=0.00202265 rows=2
ds4: dspark batch state audit batch-vs-exact layer=7 n_comp 0/0 n_index 0/0 attn_kv max=0.000106394 rms=4.4819e-06 attn_score max=0.00036031 rms=nan index_kv max=0 rms=0 index_score max=0 rms=0 raw max=0.125 rms=0.00471632 rows=2
ds4: dspark batch state audit batch-vs-exact layer=8 n_comp 20/20 n_index 20/20 attn_kv max=0.000866711 rms=9.00039e-05 attn_score max=0.00464976 rms=0.000690892 index_kv max=0.00091058 rms=0.000123529 index_score max=0.00500476 rms=0.000687465 raw max=0.125 rms=0.0076377 rows=2
ds4: dspark batch state audit batch-vs-exact layer=9 n_comp 0/0 n_index 0/0 attn_kv max=0.000357687 rms=9.11974e-06 attn_score max=0.00137591 rms=nan index_kv max=0 rms=0 index_score max=0 rms=0 raw max=0.0625 rms=0.00298637 rows=2
ds4: dspark batch state audit batch-vs-exact layer=10 n_comp 20/20 n_index 20/20 attn_kv max=0.000903238 rms=7.60626e-05 attn_score max=0.0016363 rms=0.000242903 index_kv max=0.00183105 rms=0.000104799 index_score max=0.00173509 rms=0.000247727 raw max=0.0625 rms=0.00356572 rows=2
ds4: dspark batch state audit batch-vs-exact layer=11 n_comp 0/0 n_index 0/0 attn_kv max=0.000484914 rms=8.90573e-06 attn_score max=0.000881225 rms=nan index_kv max=0 rms=0 index_score max=0 rms=0 raw max=0.125 rms=0.00583479 rows=2
ds4: dspark batch state audit batch-vs-exact layer=12 n_comp 20/20 n_index 20/20 attn_kv max=0.00146198 rms=0.000104817 attn_score max=0.00475359 rms=0.00111086 index_kv max=0.00182107 rms=0.000154304 index_score max=0.00709963 rms=0.00104121 raw max=0.0625 rms=0.00471959 rows=2
ds4: dspark batch state audit batch-vs-exact layer=13 n_comp 0/0 n_index 0/0 attn_kv max=0.000353321 rms=9.44722e-06 attn_score max=0.000749826 rms=nan index_kv max=0 rms=0 index_score max=0 rms=0 raw max=0.125 rms=0.00599598 rows=2
ds4: dspark batch state audit batch-vs-exact layer=14 n_comp 20/20 n_index 20/20 attn_kv max=0.00224942 rms=0.000122864 attn_score max=0.0103173 rms=0.00179265 index_kv max=0.0019629 rms=0.000190659 index_score max=0.0103321 rms=0.00172693 raw max=0.125 rms=0.00830391 rows=2
ds4: dspark batch state audit batch-vs-exact layer=15 n_comp 0/0 n_index 0/0 attn_kv max=0.000667658 rms=2.40181e-05 attn_score max=0.00283408 rms=nan index_kv max=0 rms=0 index_score max=0 rms=0 raw max=0.125 rms=0.01102 rows=2
ds4: dspark batch state audit batch-vs-exact layer=16 n_comp 20/20 n_index 20/20 attn_kv max=0.00268888 rms=0.000243103 attn_score max=0.0162458 rms=0.00273559 index_kv max=0.00333026 rms=0.000395185 index_score max=0.0155025 rms=0.00267559 raw max=0.25 rms=0.0137591 rows=2
ds4: dspark batch state audit batch-vs-exact layer=17 n_comp 0/0 n_index 0/0 attn_kv max=0.00252998 rms=8.24085e-05 attn_score max=0.00652707 rms=nan index_kv max=0 rms=0 index_score max=0 rms=0 raw max=0.25 rms=0.01329 rows=2
ds4: dspark batch state audit batch-vs-exact layer=18 n_comp 20/20 n_index 20/20 attn_kv max=0.00137573 rms=0.000158458 attn_score max=0.0115907 rms=0.00220548 index_kv max=0.00218332 rms=0.000240486 index_score max=0.0106368 rms=0.00206678 raw max=0.125 rms=0.00951756 rows=2
ds4: dspark batch state audit batch-vs-exact layer=19 n_comp 0/0 n_index 0/0 attn_kv max=0.000819251 rms=2.70466e-05 attn_score max=0.00311613 rms=nan index_kv max=0 rms=0 index_score max=0 rms=0 raw max=0.125 rms=0.0121682 rows=2
ds4: dspark batch state audit batch-vs-exact layer=20 n_comp 20/20 n_index 20/20 attn_kv max=0.00262976 rms=0.000254977 attn_score max=0.00996119 rms=0.00230341 index_kv max=0.00213403 rms=0.000350395 index_score max=0.0123475 rms=0.00230858 raw max=0.125 rms=0.013769 rows=2
ds4: dspark batch state audit batch-vs-exact layer=21 n_comp 0/0 n_index 0/0 attn_kv max=0.00134325 rms=3.19003e-05 attn_score max=0.00236273 rms=nan index_kv max=0 rms=0 index_score max=0 rms=0 raw max=0.125 rms=0.0117263 rows=2
ds4: dspark batch state audit batch-vs-exact layer=22 n_comp 20/20 n_index 20/20 attn_kv max=0.00384271 rms=0.000271212 attn_score max=0.0117579 rms=0.00183694 index_kv max=0.0043999 rms=0.000431882 index_score max=0.0140581 rms=0.00194713 raw max=0.125 rms=0.0104455 rows=2
ds4: dspark batch state audit batch-vs-exact layer=23 n_comp 0/0 n_index 0/0 attn_kv max=0.00622511 rms=5.31975e-05 attn_score max=0.00381476 rms=nan index_kv max=0 rms=0 index_score max=0 rms=0 raw max=0.125 rms=0.00902986 rows=2
ds4: dspark batch state audit batch-vs-exact layer=24 n_comp 20/20 n_index 20/20 attn_kv max=0.00292754 rms=0.000264911 attn_score max=0.0145183 rms=0.00145046 index_kv max=0.00272995 rms=0.00035489 index_score max=0.012301 rms=0.00159218 raw max=0.0625 rms=0.00699367 rows=2
ds4: dspark batch state audit batch-vs-exact layer=25 n_comp 0/0 n_index 0/0 attn_kv max=0.000548657 rms=1.29758e-05 attn_score max=0.00213027 rms=nan index_kv max=0 rms=0 index_score max=0 rms=0 raw max=0.125 rms=0.00861209 rows=2
ds4: dspark batch state audit batch-vs-exact layer=26 n_comp 20/20 n_index 20/20 attn_kv max=0.00526226 rms=0.000167602 attn_score max=0.0555192 rms=0.0106743 index_kv max=0.00215694 rms=0.000217574 index_score max=0.0758871 rms=0.0103206 raw max=0.125 rms=0.0098106 rows=2
ds4: dspark batch state audit batch-vs-exact layer=27 n_comp 0/0 n_index 0/0 attn_kv max=0.00201714 rms=3.98081e-05 attn_score max=0.00227648 rms=nan index_kv max=0 rms=0 index_score max=0 rms=0 raw max=0.25 rms=0.0138262 rows=2
ds4: dspark batch state audit batch-vs-exact layer=28 n_comp 20/20 n_index 20/20 attn_kv max=0.00194287 rms=0.000184747 attn_score max=0.0189276 rms=0.00288959 index_kv max=0.00225163 rms=0.000215797 index_score max=0.0163293 rms=0.00292206 raw max=0.125 rms=0.00913196 rows=2
ds4: dspark batch state audit batch-vs-exact layer=29 n_comp 0/0 n_index 0/0 attn_kv max=0.00250838 rms=4.25262e-05 attn_score max=0.00724542 rms=nan index_kv max=0 rms=0 index_score max=0 rms=0 raw max=0.125 rms=0.0138757 rows=2
ds4: dspark batch state audit batch-vs-exact layer=30 n_comp 20/20 n_index 20/20 attn_kv max=0.00645769 rms=0.000404353 attn_score max=0.0269604 rms=0.00305635 index_kv max=0.00698 rms=0.000575328 index_score max=0.0293067 rms=0.00300788 raw max=0.125 rms=0.00869538 rows=2
ds4: dspark batch state audit batch-vs-exact layer=31 n_comp 0/0 n_index 0/0 attn_kv max=0.00834852 rms=0.000204655 attn_score max=0.0146735 rms=nan index_kv max=0 rms=0 index_score max=0 rms=0 raw max=0.25 rms=0.0335165 rows=2
ds4: dspark batch state audit batch-vs-exact layer=32 n_comp 20/20 n_index 20/20 attn_kv max=0.0125553 rms=0.00130007 attn_score max=0.0574648 rms=0.00823561 index_kv max=0.0178816 rms=0.00152765 index_score max=0.0647745 rms=0.00816735 raw max=0.25 rms=0.0258464 rows=2
ds4: dspark batch state audit batch-vs-exact layer=33 n_comp 0/0 n_index 0/0 attn_kv max=0.00901291 rms=0.000158088 attn_score max=0.0150656 rms=nan index_kv max=0 rms=0 index_score max=0 rms=0 raw max=0.125 rms=0.025283 rows=2
ds4: dspark batch state audit batch-vs-exact layer=34 n_comp 20/20 n_index 20/20 attn_kv max=0.0191247 rms=0.00173064 attn_score max=0.335846 rms=0.0492671 index_kv max=0.0190913 rms=0.00178247 index_score max=0.324343 rms=0.0483802 raw max=0.125 rms=0.0283019 rows=2
ds4: dspark batch state audit batch-vs-exact layer=35 n_comp 0/0 n_index 0/0 attn_kv max=0.0107231 rms=0.000295814 attn_score max=0.0156675 rms=nan index_kv max=0 rms=0 index_score max=0 rms=0 raw max=0.25 rms=0.0394241 rows=2
ds4: dspark batch state audit batch-vs-exact layer=36 n_comp 20/20 n_index 20/20 attn_kv max=0.00825199 rms=0.000823651 attn_score max=0.0318146 rms=0.00423092 index_kv max=0.00735816 rms=0.000835879 index_score max=0.0323105 rms=0.00438802 raw max=0.125 rms=0.0211582 rows=2
ds4: dspark batch state audit batch-vs-exact layer=37 n_comp 0/0 n_index 0/0 attn_kv max=0.00633016 rms=7.90882e-05 attn_score max=0.0170958 rms=nan index_kv max=0 rms=0 index_score max=0 rms=0 raw max=0.25 rms=0.0291593 rows=2
ds4: dspark batch state audit batch-vs-exact layer=38 n_comp 20/20 n_index 20/20 attn_kv max=0.026665 rms=0.00189346 attn_score max=0.0793674 rms=0.0119639 index_kv max=0.0251367 rms=0.00249848 index_score max=0.0939372 rms=0.0114466 raw max=0.125 rms=0.021714 rows=2
ds4: dspark batch state audit batch-vs-exact layer=39 n_comp 0/0 n_index 0/0 attn_kv max=0.00950125 rms=0.000244563 attn_score max=0.0197547 rms=nan index_kv max=0 rms=0 index_score max=0 rms=0 raw max=0.25 rms=0.0355829 rows=2
ds4: dspark batch state audit batch-vs-exact layer=40 n_comp 20/20 n_index 20/20 attn_kv max=0.0228623 rms=0.00209685 attn_score max=0.201179 rms=0.0319342 index_kv max=0.027438 rms=0.00268391 index_score max=0.18764 rms=0.0312727 raw max=0.125 rms=0.0295483 rows=2
ds4: dspark batch state audit batch-vs-exact layer=41 n_comp 0/0 n_index 0/0 attn_kv max=0.00490481 rms=0.000113188 attn_score max=0.0203395 rms=nan index_kv max=0 rms=0 index_score max=0 rms=0 raw max=0.125 rms=0.0236083 rows=2
ds4: dspark batch state audit batch-vs-exact layer=42 n_comp 20/20 n_index 20/20 attn_kv max=0.020131 rms=0.00140552 attn_score max=0.0598013 rms=0.00546427 index_kv max=0.0156972 rms=0.0014588 index_score max=0.0444682 rms=0.00675544 raw max=0.25 rms=0.0241451 rows=2
ds4: dspark batch state audit batch-vs-exact summary mismatch_layers=40 max=0.335846 raw_rows=2 mtp_n_raw 0/0
ds4: dspark batch audit row=0 token=6391 batch_top=201 exact_top=201 batch_margin=15.473 exact_margin=15.462 logits_max=0.133865 logits_rms=0.0177793
ds4: dspark batch audit row=1 token=201 batch_top=98585 exact_top=98585 batch_margin=0.755 exact_margin=0.767 logits_max=0.176851 logits_rms=0.031185
ds4: dspark batch state audit batch-vs-exact layer=3 n_comp 0/0 n_index 0/0 attn_kv max=2.96347e-06 rms=4.80332e-08 attn_score max=5.90086e-06 rms=nan index_kv max=0 rms=0 index_score max=0 rms=0 raw max=0.00012207 rms=3.8147e-06 rows=2
ds4: dspark batch state audit batch-vs-exact layer=4 n_comp 21/21 n_index 21/21 attn_kv max=6.52671e-06 rms=4.02353e-07 attn_score max=1.94311e-05 rms=3.30103e-06 index_kv max=5.27501e-06 rms=5.15013e-07 index_score max=1.72853e-05 rms=3.54412e-06 raw max=6.10352e-05 rms=1.93693e-06 rows=2
ds4: dspark batch state audit batch-vs-exact layer=5 n_comp 0/0 n_index 0/0 attn_kv max=1.02818e-06 rms=3.9432e-08 attn_score max=5.96046e-06 rms=nan index_kv max=0 rms=0 index_score max=0 rms=0 raw max=0.00195312 rms=6.10654e-05 rows=2
ds4: dspark batch state audit batch-vs-exact layer=6 n_comp 21/21 n_index 21/21 attn_kv max=1.45882e-05 rms=1.84912e-06 attn_score max=4.3273e-05 rms=7.14262e-06 index_kv max=4.86374e-05 rms=2.79156e-06 index_score max=6.17504e-05 rms=7.86326e-06 raw max=0.000488281 rms=1.84687e-05 rows=2
ds4: dspark batch state audit batch-vs-exact layer=7 n_comp 0/0 n_index 0/0 attn_kv max=5.90086e-06 rms=2.16209e-07 attn_score max=3.12924e-05 rms=nan index_kv max=0 rms=0 index_score max=0 rms=0 raw max=0.015625 rms=0.000488782 rows=2
ds4: dspark batch state audit batch-vs-exact layer=8 n_comp 21/21 n_index 21/21 attn_kv max=0.000102567 rms=8.21779e-06 attn_score max=0.000386238 rms=5.4186e-05 index_kv max=0.000171751 rms=1.1659e-05 index_score max=0.000489712 rms=5.52366e-05 raw max=0.0625 rms=0.00202957 rows=2
ds4: dspark batch state audit batch-vs-exact layer=9 n_comp 0/0 n_index 0/0 attn_kv max=0.000120275 rms=3.29226e-06 attn_score max=0.000553593 rms=nan index_kv max=0 rms=0 index_score max=0 rms=0 raw max=0.0625 rms=0.00206204 rows=2
ds4: dspark batch state audit batch-vs-exact layer=10 n_comp 21/21 n_index 21/21 attn_kv max=0.000409305 rms=3.94205e-05 attn_score max=0.0013386 rms=0.000110545 index_kv max=0.000494309 rms=4.78503e-05 index_score max=0.00165677 rms=0.000133347 raw max=0.125 rms=0.00487321 rows=2
ds4: dspark batch state audit batch-vs-exact layer=11 n_comp 0/0 n_index 0/0 attn_kv max=0.000661686 rms=1.34168e-05 attn_score max=0.00373471 rms=nan index_kv max=0 rms=0 index_score max=0 rms=0 raw max=0.0625 rms=0.00346449 rows=2
ds4: dspark batch state audit batch-vs-exact layer=12 n_comp 21/21 n_index 21/21 attn_kv max=0.000899062 rms=8.4393e-05 attn_score max=0.00508392 rms=0.00100551 index_kv max=0.00451088 rms=0.000151006 index_score max=0.0076158 rms=0.000981645 raw max=0.03125 rms=0.00135301 rows=2
ds4: dspark batch state audit batch-vs-exact layer=13 n_comp 0/0 n_index 0/0 attn_kv max=0.000383973 rms=9.7097e-06 attn_score max=0.00135881 rms=nan index_kv max=0 rms=0 index_score max=0 rms=0 raw max=0.0625 rms=0.00455772 rows=2
ds4: dspark batch state audit batch-vs-exact layer=14 n_comp 21/21 n_index 21/21 attn_kv max=0.00170381 rms=0.000103123 attn_score max=0.0076437 rms=0.00138766 index_kv max=0.00131465 rms=0.000136585 index_score max=0.00884032 rms=0.0012991 raw max=0.125 rms=0.0059692 rows=2
ds4: dspark batch state audit batch-vs-exact layer=15 n_comp 0/0 n_index 0/0 attn_kv max=0.000602052 rms=1.68918e-05 attn_score max=0.0045414 rms=nan index_kv max=0 rms=0 index_score max=0 rms=0 raw max=0.0625 rms=0.00344472 rows=2
ds4: dspark batch state audit batch-vs-exact layer=16 n_comp 21/21 n_index 21/21 attn_kv max=0.00187969 rms=0.00013133 attn_score max=0.00408578 rms=0.000913943 index_kv max=0.00220197 rms=0.000204924 index_score max=0.00550163 rms=0.000913827 raw max=0.125 rms=0.00582937 rows=2
ds4: dspark batch state audit batch-vs-exact layer=17 n_comp 0/0 n_index 0/0 attn_kv max=0.00147516 rms=4.53871e-05 attn_score max=0.00376219 rms=nan index_kv max=0 rms=0 index_score max=0 rms=0 raw max=0.25 rms=0.0113541 rows=2
ds4: dspark batch state audit batch-vs-exact layer=18 n_comp 21/21 n_index 21/21 attn_kv max=0.00086841 rms=0.000110334 attn_score max=0.00345135 rms=0.000533357 index_kv max=0.00175375 rms=0.000155232 index_score max=0.00294644 rms=0.000523013 raw max=0.125 rms=0.00678367 rows=2
ds4: dspark batch state audit batch-vs-exact layer=19 n_comp 0/0 n_index 0/0 attn_kv max=0.000736535 rms=1.78969e-05 attn_score max=0.00160372 rms=nan index_kv max=0 rms=0 index_score max=0 rms=0 raw max=0.25 rms=0.0114987 rows=2
ds4: dspark batch state audit batch-vs-exact layer=20 n_comp 21/21 n_index 21/21 attn_kv max=0.00190119 rms=0.000220929 attn_score max=0.0051868 rms=0.00133444 index_kv max=0.00232095 rms=0.000306881 index_score max=0.00531697 rms=0.00129484 raw max=0.25 rms=0.0103631 rows=2
ds4: dspark batch state audit batch-vs-exact layer=21 n_comp 0/0 n_index 0/0 attn_kv max=0.00071238 rms=2.34843e-05 attn_score max=0.0017729 rms=nan index_kv max=0 rms=0 index_score max=0 rms=0 raw max=0.125 rms=0.0106888 rows=2
ds4: dspark batch state audit batch-vs-exact layer=22 n_comp 21/21 n_index 21/21 attn_kv max=0.00201708 rms=0.000231791 attn_score max=0.00760484 rms=0.00103501 index_kv max=0.00366282 rms=0.000361132 index_score max=0.0078826 rms=0.00126671 raw max=0.125 rms=0.00748867 rows=2
ds4: dspark batch state audit batch-vs-exact layer=23 n_comp 0/0 n_index 0/0 attn_kv max=0.00144824 rms=3.76758e-05 attn_score max=0.00199175 rms=nan index_kv max=0 rms=0 index_score max=0 rms=0 raw max=0.25 rms=0.012957 rows=2
ds4: dspark batch state audit batch-vs-exact layer=24 n_comp 21/21 n_index 21/21 attn_kv max=0.00300031 rms=0.000248265 attn_score max=0.00813341 rms=0.00185223 index_kv max=0.00238104 rms=0.000298946 index_score max=0.00906229 rms=0.00200298 raw max=0.25 rms=0.010765 rows=2
ds4: dspark batch state audit batch-vs-exact layer=25 n_comp 0/0 n_index 0/0 attn_kv max=0.000329942 rms=1.17823e-05 attn_score max=0.0019393 rms=nan index_kv max=0 rms=0 index_score max=0 rms=0 raw max=0.0625 rms=0.00530568 rows=2
ds4: dspark batch state audit batch-vs-exact layer=26 n_comp 21/21 n_index 21/21 attn_kv max=0.000954449 rms=0.000101362 attn_score max=0.00696969 rms=0.00198051 index_kv max=0.00132036 rms=0.000116706 index_score max=0.00926161 rms=0.00193234 raw max=0.0625 rms=0.00648293 rows=2
ds4: dspark batch state audit batch-vs-exact layer=27 n_comp 0/0 n_index 0/0 attn_kv max=0.000744969 rms=2.6495e-05 attn_score max=0.00162721 rms=nan index_kv max=0 rms=0 index_score max=0 rms=0 raw max=0.125 rms=0.00762736 rows=2
ds4: dspark batch state audit batch-vs-exact layer=28 n_comp 21/21 n_index 21/21 attn_kv max=0.00122994 rms=0.000135858 attn_score max=0.0144286 rms=0.00198237 index_kv max=0.00174201 rms=0.000169602 index_score max=0.0124233 rms=0.00199958 raw max=0.125 rms=0.00814451 rows=2
ds4: dspark batch state audit batch-vs-exact layer=29 n_comp 0/0 n_index 0/0 attn_kv max=0.00115005 rms=2.71342e-05 attn_score max=0.00352418 rms=nan index_kv max=0 rms=0 index_score max=0 rms=0 raw max=0.125 rms=0.0102526 rows=2
ds4: dspark batch state audit batch-vs-exact layer=30 n_comp 21/21 n_index 21/21 attn_kv max=0.00176667 rms=0.000191616 attn_score max=0.0153365 rms=0.00235052 index_kv max=0.00304317 rms=0.000274061 index_score max=0.0160322 rms=0.00229603 raw max=0.125 rms=0.00605469 rows=2
ds4: dspark batch state audit batch-vs-exact layer=31 n_comp 0/0 n_index 0/0 attn_kv max=0.000890195 rms=2.41698e-05 attn_score max=0.00192571 rms=nan index_kv max=0 rms=0 index_score max=0 rms=0 raw max=0.125 rms=0.01154 rows=2
ds4: dspark batch state audit batch-vs-exact layer=32 n_comp 21/21 n_index 21/21 attn_kv max=0.00123873 rms=0.00013964 attn_score max=0.00847578 rms=0.00224912 index_kv max=0.00109041 rms=0.000180293 index_score max=0.0084604 rms=0.00209133 raw max=0.125 rms=0.00806379 rows=2
ds4: dspark batch state audit batch-vs-exact layer=33 n_comp 0/0 n_index 0/0 attn_kv max=0.000765965 rms=2.48191e-05 attn_score max=0.00188512 rms=nan index_kv max=0 rms=0 index_score max=0 rms=0 raw max=0.125 rms=0.0092011 rows=2
ds4: dspark batch state audit batch-vs-exact layer=34 n_comp 21/21 n_index 21/21 attn_kv max=0.0020231 rms=0.000191979 attn_score max=0.0540657 rms=0.0117671 index_kv max=0.0016523 rms=0.00023144 index_score max=0.0539284 rms=0.0115711 raw max=0.125 rms=0.0104589 rows=2
ds4: dspark batch state audit batch-vs-exact layer=35 n_comp 0/0 n_index 0/0 attn_kv max=0.00202584 rms=3.65304e-05 attn_score max=0.00258511 rms=nan index_kv max=0 rms=0 index_score max=0 rms=0 raw max=0.25 rms=0.0170766 rows=2
ds4: dspark batch state audit batch-vs-exact layer=36 n_comp 21/21 n_index 21/21 attn_kv max=0.00228543 rms=0.000225218 attn_score max=0.0063808 rms=0.00111616 index_kv max=0.00211548 rms=0.000239728 index_score max=0.00590491 rms=0.00118105 raw max=0.125 rms=0.00883545 rows=2
ds4: dspark batch state audit batch-vs-exact layer=37 n_comp 0/0 n_index 0/0 attn_kv max=0.00134397 rms=1.83016e-05 attn_score max=0.00320917 rms=nan index_kv max=0 rms=0 index_score max=0 rms=0 raw max=0.125 rms=0.00930813 rows=2
ds4: dspark batch state audit batch-vs-exact layer=38 n_comp 21/21 n_index 21/21 attn_kv max=0.00309541 rms=0.000404519 attn_score max=0.0142702 rms=0.00302753 index_kv max=0.00350896 rms=0.000500078 index_score max=0.0117104 rms=0.002882 raw max=0.25 rms=0.0140075 rows=2
ds4: dspark batch state audit batch-vs-exact layer=39 n_comp 0/0 n_index 0/0 attn_kv max=0.00170252 rms=5.08621e-05 attn_score max=0.00611532 rms=nan index_kv max=0 rms=0 index_score max=0 rms=0 raw max=0.125 rms=0.0132442 rows=2
ds4: dspark batch state audit batch-vs-exact layer=40 n_comp 21/21 n_index 21/21 attn_kv max=0.00335177 rms=0.000390265 attn_score max=0.0899429 rms=0.0207876 index_kv max=0.00372982 rms=0.000640221 index_score max=0.0838218 rms=0.0203012 raw max=0.125 rms=0.0122916 rows=2
ds4: dspark batch state audit batch-vs-exact layer=41 n_comp 0/0 n_index 0/0 attn_kv max=0.00196195 rms=4.13817e-05 attn_score max=0.00441831 rms=nan index_kv max=0 rms=0 index_score max=0 rms=0 raw max=0.125 rms=0.0129381 rows=2
ds4: dspark batch state audit batch-vs-exact layer=42 n_comp 21/21 n_index 21/21 attn_kv max=0.00295817 rms=0.000293174 attn_score max=0.015219 rms=0.00223176 index_kv max=0.00233246 rms=0.000334747 index_score max=0.019779 rms=0.00281156 raw max=0.0625 rms=0.00766916 rows=2
ds4: dspark batch state audit batch-vs-exact summary mismatch_layers=40 max=0.25 raw_rows=2 mtp_n_raw 0/0
ds4: dspark batch audit row=0 token=39 batch_top=3316 exact_top=3316 batch_margin=16.186 exact_margin=16.136 logits_max=0.133051 logits_rms=0.0182206
ds4: dspark batch audit row=1 token=3316 batch_top=438 exact_top=438 batch_margin=18.587 exact_margin=18.569 logits_max=0.13862 logits_rms=0.0232027
ds4: dspark batch state audit batch-vs-exact layer=2 n_comp 22/22 n_index 22/22 attn_kv max=4.93601e-06 rms=4.7622e-07 attn_score max=6.94394e-06 rms=6.18783e-07 index_kv max=5.96046e-06 rms=6.13323e-07 index_score max=1.62125e-05 rms=1.24365e-06 raw max=0.000488281 rms=1.52589e-05 rows=2
ds4: dspark batch state audit batch-vs-exact layer=3 n_comp 0/0 n_index 0/0 attn_kv max=8.28505e-06 rms=1.27854e-07 attn_score max=1.26585e-05 rms=nan index_kv max=0 rms=0 index_score max=0 rms=0 raw max=0.00012207 rms=5.64201e-06 rows=2
ds4: dspark batch state audit batch-vs-exact layer=4 n_comp 22/22 n_index 22/22 attn_kv max=1.26958e-05 rms=8.75072e-07 attn_score max=7.46846e-05 rms=7.33644e-06 index_kv max=1.07288e-05 rms=1.19563e-06 index_score max=7.1466e-05 rms=7.48862e-06 raw max=0.00012207 rms=4.78219e-06 rows=2
ds4: dspark batch state audit batch-vs-exact layer=5 n_comp 0/0 n_index 0/0 attn_kv max=3.99351e-06 rms=1.07361e-07 attn_score max=1.50502e-05 rms=nan index_kv max=0 rms=0 index_score max=0 rms=0 raw max=3.05176e-05 rms=1.19209e-06 rows=2
ds4: dspark batch state audit batch-vs-exact layer=6 n_comp 22/22 n_index 22/22 attn_kv max=1.57654e-05 rms=1.47828e-06 attn_score max=8.0049e-05 rms=1.72953e-05 index_kv max=1.89841e-05 rms=1.71126e-06 index_score max=0.000110865 rms=1.68401e-05 raw max=0.000244141 rms=1.37242e-05 rows=2
ds4: dspark batch state audit batch-vs-exact layer=7 n_comp 0/0 n_index 0/0 attn_kv max=5.90831e-06 rms=1.98179e-07 attn_score max=1.68085e-05 rms=nan index_kv max=0 rms=0 index_score max=0 rms=0 raw max=0.000976562 rms=3.55715e-05 rows=2
ds4: dspark batch state audit batch-vs-exact layer=8 n_comp 22/22 n_index 22/22 attn_kv max=6.66678e-05 rms=3.23306e-06 attn_score max=0.000168562 rms=2.69742e-05 index_kv max=5.37634e-05 rms=5.10925e-06 index_score max=0.000282049 rms=2.62758e-05 raw max=0.0078125 rms=0.000255624 rows=2
ds4: dspark batch state audit batch-vs-exact layer=9 n_comp 0/0 n_index 0/0 attn_kv max=1.95466e-05 rms=4.8213e-07 attn_score max=4.85182e-05 rms=nan index_kv max=0 rms=0 index_score max=0 rms=0 raw max=0.0078125 rms=0.000248839 rows=2
ds4: dspark batch state audit batch-vs-exact layer=10 n_comp 22/22 n_index 22/22 attn_kv max=5.15282e-05 rms=5.90842e-06 attn_score max=0.000274897 rms=3.42435e-05 index_kv max=0.000130296 rms=7.99253e-06 index_score max=0.000241756 rms=3.16205e-05 raw max=0.03125 rms=0.000987161 rows=2
ds4: dspark batch state audit batch-vs-exact layer=11 n_comp 0/0 n_index 0/0 attn_kv max=8.32863e-05 rms=2.18998e-06 attn_score max=0.000212729 rms=nan index_kv max=0 rms=0 index_score max=0 rms=0 raw max=0.0625 rms=0.00222477 rows=2
ds4: dspark batch state audit batch-vs-exact layer=12 n_comp 22/22 n_index 22/22 attn_kv max=0.00038746 rms=4.07709e-05 attn_score max=0.000909328 rms=0.000203198 index_kv max=0.000593185 rms=5.49537e-05 index_score max=0.00143915 rms=0.00019551 raw max=0.0625 rms=0.00369884 rows=2
ds4: dspark batch state audit batch-vs-exact layer=13 n_comp 0/0 n_index 0/0 attn_kv max=0.000161082 rms=5.31927e-06 attn_score max=0.00036931 rms=nan index_kv max=0 rms=0 index_score max=0 rms=0 raw max=0.0625 rms=0.00360626 rows=2
ds4: dspark batch state audit batch-vs-exact layer=14 n_comp 22/22 n_index 22/22 attn_kv max=0.000901967 rms=6.24841e-05 attn_score max=0.00355351 rms=0.000587906 index_kv max=0.00103399 rms=9.25181e-05 index_score max=0.00421953 rms=0.000569941 raw max=0.125 rms=0.00555113 rows=2
ds4: dspark batch state audit batch-vs-exact layer=15 n_comp 0/0 n_index 0/0 attn_kv max=0.000671729 rms=1.37787e-05 attn_score max=0.00164449 rms=nan index_kv max=0 rms=0 index_score max=0 rms=0 raw max=0.125 rms=0.00544391 rows=2
ds4: dspark batch state audit batch-vs-exact layer=16 n_comp 22/22 n_index 22/22 attn_kv max=0.0011758 rms=0.000115228 attn_score max=0.0028398 rms=0.000680409 index_kv max=0.00140905 rms=0.000191355 index_score max=0.00352192 rms=0.000686091 raw max=0.25 rms=0.0115279 rows=2
ds4: dspark batch state audit batch-vs-exact layer=17 n_comp 0/0 n_index 0/0 attn_kv max=0.00185537 rms=5.28565e-05 attn_score max=0.00481266 rms=nan index_kv max=0 rms=0 index_score max=0 rms=0 raw max=0.125 rms=0.0101877 rows=2
ds4: dspark batch state audit batch-vs-exact layer=18 n_comp 22/22 n_index 22/22 attn_kv max=0.00118429 rms=0.000120178 attn_score max=0.0032748 rms=0.000573199 index_kv max=0.00209916 rms=0.000156415 index_score max=0.00360525 rms=0.000518963 raw max=0.0625 rms=0.00422012 rows=2
ds4: dspark batch state audit batch-vs-exact layer=19 n_comp 0/0 n_index 0/0 attn_kv max=0.000661686 rms=1.67876e-05 attn_score max=0.00149655 rms=nan index_kv max=0 rms=0 index_score max=0 rms=0 raw max=0.125 rms=0.0085745 rows=2
ds4: dspark batch state audit batch-vs-exact layer=20 n_comp 22/22 n_index 22/22 attn_kv max=0.00287756 rms=0.000210762 attn_score max=0.0153182 rms=0.00289595 index_kv max=0.00391978 rms=0.0002883 index_score max=0.0245304 rms=0.00292245 raw max=0.125 rms=0.0085651 rows=2
ds4: dspark batch state audit batch-vs-exact layer=21 n_comp 0/0 n_index 0/0 attn_kv max=0.0010878 rms=2.35013e-05 attn_score max=0.00345159 rms=nan index_kv max=0 rms=0 index_score max=0 rms=0 raw max=0.0625 rms=0.0052672 rows=2
ds4: dspark batch state audit batch-vs-exact layer=22 n_comp 22/22 n_index 22/22 attn_kv max=0.00152214 rms=0.000166856 attn_score max=0.00646114 rms=0.00101965 index_kv max=0.00287604 rms=0.000264093 index_score max=0.00570297 rms=0.00101362 raw max=0.25 rms=0.00911125 rows=2
ds4: dspark batch state audit batch-vs-exact layer=23 n_comp 0/0 n_index 0/0 attn_kv max=0.0023427 rms=3.00575e-05 attn_score max=0.00168586 rms=nan index_kv max=0 rms=0 index_score max=0 rms=0 raw max=0.125 rms=0.005504 rows=2
ds4: dspark batch state audit batch-vs-exact layer=24 n_comp 22/22 n_index 22/22 attn_kv max=0.00217102 rms=0.000159862 attn_score max=0.00412071 rms=0.00048673 index_kv max=0.0024395 rms=0.000215822 index_score max=0.00412297 rms=0.000455662 raw max=0.0625 rms=0.00529508 rows=2
ds4: dspark batch state audit batch-vs-exact layer=25 n_comp 0/0 n_index 0/0 attn_kv max=0.000405833 rms=9.54833e-06 attn_score max=0.00101602 rms=nan index_kv max=0 rms=0 index_score max=0 rms=0 raw max=0.125 rms=0.00483739 rows=2
ds4: dspark batch state audit batch-vs-exact layer=26 n_comp 22/22 n_index 22/22 attn_kv max=0.000960551 rms=9.39814e-05 attn_score max=0.00623059 rms=0.00152852 index_kv max=0.00240993 rms=0.00011266 index_score max=0.00850463 rms=0.00147961 raw max=0.0625 rms=0.00616991 rows=2
ds4: dspark batch state audit batch-vs-exact layer=27 n_comp 0/0 n_index 0/0 attn_kv max=0.000900984 rms=1.79136e-05 attn_score max=0.00165516 rms=nan index_kv max=0 rms=0 index_score max=0 rms=0 raw max=0.125 rms=0.00951008 rows=2
ds4: dspark batch state audit batch-vs-exact layer=28 n_comp 22/22 n_index 22/22 attn_kv max=0.001104 rms=9.53476e-05 attn_score max=0.00881195 rms=0.00170484 index_kv max=0.000956059 rms=0.000105657 index_score max=0.00903034 rms=0.00177055 raw max=0.25 rms=0.0110869 rows=2
ds4: dspark batch state audit batch-vs-exact layer=29 n_comp 0/0 n_index 0/0 attn_kv max=0.00119529 rms=2.80685e-05 attn_score max=0.00227866 rms=nan index_kv max=0 rms=0 index_score max=0 rms=0 raw max=0.0625 rms=0.00691011 rows=2
ds4: dspark batch state audit batch-vs-exact layer=30 n_comp 22/22 n_index 22/22 attn_kv max=0.00446999 rms=0.00019369 attn_score max=0.00744295 rms=0.00057223 index_kv max=0.00165451 rms=0.000214253 index_score max=0.0071516 rms=0.000589126 raw max=0.0625 rms=0.00430659 rows=2
ds4: dspark batch state audit batch-vs-exact layer=31 n_comp 0/0 n_index 0/0 attn_kv max=0.000939593 rms=2.15885e-05 attn_score max=0.00160885 rms=nan index_kv max=0 rms=0 index_score max=0 rms=0 raw max=0.125 rms=0.00964875 rows=2
ds4: dspark batch state audit batch-vs-exact layer=32 n_comp 22/22 n_index 22/22 attn_kv max=0.00173856 rms=0.000107327 attn_score max=0.0180333 rms=0.00287761 index_kv max=0.00203678 rms=0.000144102 index_score max=0.0169883 rms=0.00269415 raw max=0.125 rms=0.00761061 rows=2
ds4: dspark batch state audit batch-vs-exact layer=33 n_comp 0/0 n_index 0/0 attn_kv max=0.000863202 rms=2.493e-05 attn_score max=0.00184244 rms=nan index_kv max=0 rms=0 index_score max=0 rms=0 raw max=0.25 rms=0.0139129 rows=2
ds4: dspark batch state audit batch-vs-exact layer=34 n_comp 22/22 n_index 22/22 attn_kv max=0.00288713 rms=0.00015438 attn_score max=0.0932924 rms=0.013207 index_kv max=0.00234708 rms=0.000184074 index_score max=0.0914344 rms=0.0130348 raw max=0.125 rms=0.00709102 rows=2
ds4: dspark batch state audit batch-vs-exact layer=35 n_comp 0/0 n_index 0/0 attn_kv max=0.00154108 rms=4.19289e-05 attn_score max=0.00399482 rms=nan index_kv max=0 rms=0 index_score max=0 rms=0 raw max=0.125 rms=0.0135507 rows=2
ds4: dspark batch state audit batch-vs-exact layer=36 n_comp 22/22 n_index 22/22 attn_kv max=0.00184566 rms=0.000199388 attn_score max=0.0117857 rms=0.00187097 index_kv max=0.00165468 rms=0.000206922 index_score max=0.0115211 rms=0.00189129 raw max=0.125 rms=0.0103559 rows=2
ds4: dspark batch state audit batch-vs-exact layer=37 n_comp 0/0 n_index 0/0 attn_kv max=0.0017698 rms=1.71696e-05 attn_score max=0.0052619 rms=nan index_kv max=0 rms=0 index_score max=0 rms=0 raw max=0.125 rms=0.00812836 rows=2
ds4: dspark batch state audit batch-vs-exact layer=38 n_comp 22/22 n_index 22/22 attn_kv max=0.00321785 rms=0.000385723 attn_score max=0.0110672 rms=0.00197807 index_kv max=0.00439334 rms=0.000516686 index_score max=0.00809574 rms=0.0019047 raw max=0.125 rms=0.00756673 rows=2
ds4: dspark batch state audit batch-vs-exact layer=39 n_comp 0/0 n_index 0/0 attn_kv max=0.00125393 rms=3.93521e-05 attn_score max=0.00471157 rms=nan index_kv max=0 rms=0 index_score max=0 rms=0 raw max=0.125 rms=0.013989 rows=2
ds4: dspark batch state audit batch-vs-exact layer=40 n_comp 22/22 n_index 22/22 attn_kv max=0.00671498 rms=0.000528644 attn_score max=0.0205784 rms=0.00329912 index_kv max=0.00534578 rms=0.000622759 index_score max=0.0204353 rms=0.00325733 raw max=0.125 rms=0.0162589 rows=2
ds4: dspark batch state audit batch-vs-exact layer=41 n_comp 0/0 n_index 0/0 attn_kv max=0.00124263 rms=3.80894e-05 attn_score max=0.00691685 rms=nan index_kv max=0 rms=0 index_score max=0 rms=0 raw max=0.125 rms=0.0140947 rows=2
ds4: dspark batch state audit batch-vs-exact layer=42 n_comp 22/22 n_index 22/22 attn_kv max=0.00294656 rms=0.000227357 attn_score max=0.00883567 rms=0.000915474 index_kv max=0.00268444 rms=0.000255692 index_score max=0.00719595 rms=0.00112182 raw max=0.125 rms=0.00766161 rows=2
ds4: dspark batch state audit batch-vs-exact summary mismatch_layers=41 max=0.25 raw_rows=2 mtp_n_raw 0/0
ds4: dspark batch audit row=0 token=223 batch_top=23 exact_top=23 batch_margin=5.826 exact_margin=5.836 logits_max=3.94123 logits_rms=0.507306
ds4: dspark batch audit row=1 token=23 batch_top=201 exact_top=201 batch_margin=14.816 exact_margin=14.864 logits_max=0.418898 logits_rms=0.0718335
ds4: dspark batch state audit batch-vs-exact layer=2 n_comp 23/23 n_index 23/23 attn_kv max=2.28398e-05 rms=1.98252e-06 attn_score max=5.29885e-05 rms=6.41905e-06 index_kv max=1.41859e-05 rms=2.10676e-06 index_score max=3.29018e-05 rms=5.14342e-06 raw max=0.00390625 rms=0.000143731 rows=2
ds4: dspark batch state audit batch-vs-exact layer=3 n_comp 0/0 n_index 0/0 attn_kv max=1.26176e-05 rms=3.21361e-07 attn_score max=2.38419e-05 rms=nan index_kv max=0 rms=0 index_score max=0 rms=0 raw max=0.000976562 rms=3.82232e-05 rows=2
ds4: dspark batch state audit batch-vs-exact layer=4 n_comp 23/23 n_index 23/23 attn_kv max=1.59889e-05 rms=1.7034e-06 attn_score max=7.82013e-05 rms=1.11152e-05 index_kv max=2.71797e-05 rms=2.2666e-06 index_score max=7.55787e-05 rms=1.23143e-05 raw max=0.000976562 rms=3.14895e-05 rows=2
ds4: dspark batch state audit batch-vs-exact layer=5 n_comp 0/0 n_index 0/0 attn_kv max=8.2776e-06 rms=1.98087e-07 attn_score max=2.40207e-05 rms=nan index_kv max=0 rms=0 index_score max=0 rms=0 raw max=0.0625 rms=0.00195528 rows=2
ds4: dspark batch state audit batch-vs-exact layer=6 n_comp 23/23 n_index 23/23 attn_kv max=8.62479e-05 rms=1.11611e-05 attn_score max=0.000526905 rms=0.00010952 index_kv max=0.00011158 rms=1.2607e-05 index_score max=0.000663757 rms=0.000106587 raw max=0.0625 rms=0.00197068 rows=2
ds4: dspark batch state audit batch-vs-exact layer=7 n_comp 0/0 n_index 0/0 attn_kv max=0.000142055 rms=4.02642e-06 attn_score max=0.000452697 rms=nan index_kv max=0 rms=0 index_score max=0 rms=0 raw max=0.0625 rms=0.00256448 rows=2
ds4: dspark batch state audit batch-vs-exact layer=8 n_comp 23/23 n_index 23/23 attn_kv max=0.000459254 rms=5.31092e-05 attn_score max=0.00177842 rms=0.000404176 index_kv max=0.000475653 rms=6.94008e-05 index_score max=0.00215483 rms=0.000392816 raw max=0.015625 rms=0.000735736 rows=2
ds4: dspark batch state audit batch-vs-exact layer=9 n_comp 0/0 n_index 0/0 attn_kv max=0.000160083 rms=3.87266e-06 attn_score max=0.000259489 rms=nan index_kv max=0 rms=0 index_score max=0 rms=0 raw max=0.03125 rms=0.0012498 rows=2
ds4: dspark batch state audit batch-vs-exact layer=10 n_comp 23/23 n_index 23/23 attn_kv max=0.000281841 rms=4.74707e-05 attn_score max=0.000914574 rms=0.000178316 index_kv max=0.000597477 rms=6.16688e-05 index_score max=0.000761271 rms=0.000180615 raw max=0.0625 rms=0.00414797 rows=2
ds4: dspark batch state audit batch-vs-exact layer=11 n_comp 0/0 n_index 0/0 attn_kv max=0.000415519 rms=8.44556e-06 attn_score max=0.00057584 rms=nan index_kv max=0 rms=0 index_score max=0 rms=0 raw max=0.0625 rms=0.00425917 rows=2
ds4: dspark batch state audit batch-vs-exact layer=12 n_comp 23/23 n_index 23/23 attn_kv max=0.00067997 rms=9.27936e-05 attn_score max=0.00144112 rms=0.000384987 index_kv max=0.00168037 rms=0.000131134 index_score max=0.00159502 rms=0.000356373 raw max=0.125 rms=0.00722019 rows=2
ds4: dspark batch state audit batch-vs-exact layer=13 n_comp 0/0 n_index 0/0 attn_kv max=0.00034729 rms=9.3924e-06 attn_score max=0.000348479 rms=nan index_kv max=0 rms=0 index_score max=0 rms=0 raw max=0.0625 rms=0.00418227 rows=2
ds4: dspark batch state audit batch-vs-exact layer=14 n_comp 23/23 n_index 23/23 attn_kv max=0.000756972 rms=0.000113138 attn_score max=0.00317812 rms=0.000516169 index_kv max=0.00109808 rms=0.000175008 index_score max=0.00236058 rms=0.000476204 raw max=0.125 rms=0.00512172 rows=2
ds4: dspark batch state audit batch-vs-exact layer=15 n_comp 0/0 n_index 0/0 attn_kv max=0.000565648 rms=1.55573e-05 attn_score max=0.00159693 rms=nan index_kv max=0 rms=0 index_score max=0 rms=0 raw max=0.25 rms=0.00963061 rows=2
ds4: dspark batch state audit batch-vs-exact layer=16 n_comp 23/23 n_index 23/23 attn_kv max=0.00371194 rms=0.000272891 attn_score max=0.0495396 rms=0.0141625 index_kv max=0.00836253 rms=0.000510364 index_score max=0.0595264 rms=0.013971 raw max=0.125 rms=0.010314 rows=2
ds4: dspark batch state audit batch-vs-exact layer=17 n_comp 0/0 n_index 0/0 attn_kv max=0.0025003 rms=6.03848e-05 attn_score max=0.00694355 rms=nan index_kv max=0 rms=0 index_score max=0 rms=0 raw max=0.125 rms=0.00837676 rows=2
ds4: dspark batch state audit batch-vs-exact layer=18 n_comp 23/23 n_index 23/23 attn_kv max=0.00119737 rms=0.000136474 attn_score max=0.00630665 rms=0.0015674 index_kv max=0.000928789 rms=0.000182859 index_score max=0.00658321 rms=0.00156744 raw max=0.0625 rms=0.0058719 rows=2
ds4: dspark batch state audit batch-vs-exact layer=19 n_comp 0/0 n_index 0/0 attn_kv max=0.000928037 rms=2.01741e-05 attn_score max=0.00240356 rms=nan index_kv max=0 rms=0 index_score max=0 rms=0 raw max=0.125 rms=0.00920766 rows=2
ds4: dspark batch state audit batch-vs-exact layer=20 n_comp 23/23 n_index 23/23 attn_kv max=0.0020152 rms=0.000232835 attn_score max=0.00566983 rms=0.00121195 index_kv max=0.00217387 rms=0.000311717 index_score max=0.00560474 rms=0.00121852 raw max=0.125 rms=0.00785804 rows=2
ds4: dspark batch state audit batch-vs-exact layer=21 n_comp 0/0 n_index 0/0 attn_kv max=0.000574514 rms=2.15466e-05 attn_score max=0.00185299 rms=nan index_kv max=0 rms=0 index_score max=0 rms=0 raw max=0.125 rms=0.00946433 rows=2
ds4: dspark batch state audit batch-vs-exact layer=22 n_comp 23/23 n_index 23/23 attn_kv max=0.00207615 rms=0.000280766 attn_score max=0.00883484 rms=0.00212346 index_kv max=0.0031333 rms=0.000442789 index_score max=0.0093255 rms=0.00231897 raw max=0.25 rms=0.012637 rows=2
ds4: dspark batch state audit batch-vs-exact layer=23 n_comp 0/0 n_index 0/0 attn_kv max=0.00454712 rms=3.9576e-05 attn_score max=0.00243554 rms=nan index_kv max=0 rms=0 index_score max=0 rms=0 raw max=0.125 rms=0.0100243 rows=2
ds4: dspark batch state audit batch-vs-exact layer=24 n_comp 23/23 n_index 23/23 attn_kv max=0.00183971 rms=0.00029535 attn_score max=0.0130495 rms=0.00221486 index_kv max=0.00235462 rms=0.0003602 index_score max=0.0109029 rms=0.00244541 raw max=0.25 rms=0.010616 rows=2
ds4: dspark batch state audit batch-vs-exact layer=25 n_comp 0/0 n_index 0/0 attn_kv max=0.00050059 rms=1.36597e-05 attn_score max=0.00127447 rms=nan index_kv max=0 rms=0 index_score max=0 rms=0 raw max=0.0625 rms=0.00574923 rows=2
ds4: dspark batch state audit batch-vs-exact layer=26 n_comp 23/23 n_index 23/23 attn_kv max=0.000947237 rms=0.000118946 attn_score max=0.00591326 rms=0.00148476 index_kv max=0.000921249 rms=0.000136114 index_score max=0.00845337 rms=0.00147764 raw max=0.125 rms=0.00711763 rows=2
ds4: dspark batch state audit batch-vs-exact layer=27 n_comp 0/0 n_index 0/0 attn_kv max=0.00135684 rms=3.71084e-05 attn_score max=0.00311562 rms=nan index_kv max=0 rms=0 index_score max=0 rms=0 raw max=0.125 rms=0.0150915 rows=2
ds4: dspark batch state audit batch-vs-exact layer=28 n_comp 23/23 n_index 23/23 attn_kv max=0.00113231 rms=0.000162009 attn_score max=0.00804758 rms=0.00228051 index_kv max=0.00144863 rms=0.000188938 index_score max=0.00811338 rms=0.00231962 raw max=0.125 rms=0.0103449 rows=2
ds4: dspark batch state audit batch-vs-exact layer=29 n_comp 0/0 n_index 0/0 attn_kv max=0.00281183 rms=4.48416e-05 attn_score max=0.00530934 rms=nan index_kv max=0 rms=0 index_score max=0 rms=0 raw max=0.125 rms=0.0116926 rows=2
ds4: dspark batch state audit batch-vs-exact layer=30 n_comp 23/23 n_index 23/23 attn_kv max=0.00151794 rms=0.00022248 attn_score max=0.00768173 rms=0.00120443 index_kv max=0.00187802 rms=0.000308296 index_score max=0.00575542 rms=0.00116953 raw max=0.0625 rms=0.00621488 rows=2
ds4: dspark batch state audit batch-vs-exact layer=31 n_comp 0/0 n_index 0/0 attn_kv max=0.0012195 rms=2.78923e-05 attn_score max=0.00192553 rms=nan index_kv max=0 rms=0 index_score max=0 rms=0 raw max=0.25 rms=0.0131737 rows=2
ds4: dspark batch state audit batch-vs-exact layer=32 n_comp 23/23 n_index 23/23 attn_kv max=0.00151101 rms=0.00019107 attn_score max=0.0091753 rms=0.00242045 index_kv max=0.00223219 rms=0.00028317 index_score max=0.00837421 rms=0.00238258 raw max=0.125 rms=0.00900433 rows=2
ds4: dspark batch state audit batch-vs-exact layer=33 n_comp 0/0 n_index 0/0 attn_kv max=0.00350668 rms=0.00011867 attn_score max=0.0103065 rms=nan index_kv max=0 rms=0 index_score max=0 rms=0 raw max=0.25 rms=0.0212407 rows=2
ds4: dspark batch state audit batch-vs-exact layer=34 n_comp 23/23 n_index 23/23 attn_kv max=0.0128366 rms=0.00210107 attn_score max=0.190972 rms=0.0484546 index_kv max=0.0136524 rms=0.00225915 index_score max=0.189458 rms=0.0474088 raw max=0.25 rms=0.035893 rows=2
ds4: dspark batch state audit batch-vs-exact layer=35 n_comp 0/0 n_index 0/0 attn_kv max=0.00725237 rms=0.000263913 attn_score max=0.0146232 rms=nan index_kv max=0 rms=0 index_score max=0 rms=0 raw max=0.25 rms=0.0368993 rows=2
ds4: dspark batch state audit batch-vs-exact layer=36 n_comp 23/23 n_index 23/23 attn_kv max=0.00813127 rms=0.000877915 attn_score max=0.0465703 rms=0.010555 index_kv max=0.0068542 rms=0.000890838 index_score max=0.0460669 rms=0.0109557 raw max=0.125 rms=0.0169976 rows=2
ds4: dspark batch state audit batch-vs-exact layer=37 n_comp 0/0 n_index 0/0 attn_kv max=0.0234086 rms=0.000214873 attn_score max=0.0803796 rms=nan index_kv max=0 rms=0 index_score max=0 rms=0 raw max=0.1875 rms=0.0520583 rows=2
ds4: dspark batch state audit batch-vs-exact layer=38 n_comp 23/23 n_index 23/23 attn_kv max=0.0439456 rms=0.00590436 attn_score max=0.136771 rms=0.0274481 index_kv max=0.0738162 rms=0.00823445 index_score max=0.120972 rms=0.0301616 raw max=0.25 rms=0.0417865 rows=2
ds4: dspark batch state audit batch-vs-exact layer=39 n_comp 0/0 n_index 0/0 attn_kv max=0.0214958 rms=0.000542702 attn_score max=0.0650755 rms=nan index_kv max=0 rms=0 index_score max=0 rms=0 raw max=0.25 rms=0.06097 rows=2
ds4: dspark batch state audit batch-vs-exact layer=40 n_comp 23/23 n_index 23/23 attn_kv max=0.0470302 rms=0.00690318 attn_score max=0.187147 rms=0.0481026 index_kv max=0.0437801 rms=0.0085755 index_score max=0.17252 rms=0.0462006 raw max=0.375 rms=0.0635909 rows=2
ds4: dspark batch state audit batch-vs-exact layer=41 n_comp 0/0 n_index 0/0 attn_kv max=0.0175329 rms=0.00032471 attn_score max=0.0533655 rms=nan index_kv max=0 rms=0 index_score max=0 rms=0 raw max=0.25 rms=0.0492861 rows=2
ds4: dspark batch state audit batch-vs-exact layer=42 n_comp 23/23 n_index 23/23 attn_kv max=0.0307101 rms=0.00241098 attn_score max=0.0673628 rms=0.00773327 index_kv max=0.0168442 rms=0.00245639 index_score max=0.0734141 rms=0.00859316 raw max=0.25 rms=0.0272362 rows=2
ds4: dspark batch state audit batch-vs-exact summary mismatch_layers=41 max=0.375 raw_rows=2 mtp_n_raw 0/0
ds4: dspark batch audit row=0 token=2389 batch_top=4846 exact_top=4846 batch_margin=18.715 exact_margin=18.741 logits_max=0.0871143 logits_rms=0.0178133
ds4: dspark batch audit row=1 token=4846 batch_top=59 exact_top=59 batch_margin=12.002 exact_margin=11.988 logits_max=0.129702 logits_rms=0.0224105
ds4: dspark batch state audit batch-vs-exact layer=2 n_comp 24/24 n_index 24/24 attn_kv max=3.38256e-06 rms=2.41177e-07 attn_score max=4.41074e-06 rms=4.99567e-07 index_kv max=3.05474e-06 rms=3.24181e-07 index_score max=4.52995e-06 rms=5.98142e-07 raw max=0.00390625 rms=0.000122071 rows=2
ds4: dspark batch state audit batch-vs-exact layer=3 n_comp 0/0 n_index 0/0 attn_kv max=1.91852e-05 rms=5.2312e-07 attn_score max=6.34789e-05 rms=nan index_kv max=0 rms=0 index_score max=0 rms=0 raw max=0.000976562 rms=3.79984e-05 rows=2
ds4: dspark batch state audit batch-vs-exact layer=4 n_comp 24/24 n_index 24/24 attn_kv max=1.99974e-05 rms=2.81964e-06 attn_score max=8.83341e-05 rms=9.10207e-06 index_kv max=3.88622e-05 rms=3.55862e-06 index_score max=6.86646e-05 rms=9.68733e-06 raw max=0.000244141 rms=8.78643e-06 rows=2
ds4: dspark batch state audit batch-vs-exact layer=5 n_comp 0/0 n_index 0/0 attn_kv max=5.3551e-06 rms=1.97521e-07 attn_score max=1.77026e-05 rms=nan index_kv max=0 rms=0 index_score max=0 rms=0 raw max=0.000488281 rms=2.56627e-05 rows=2
ds4: dspark batch state audit batch-vs-exact layer=6 n_comp 24/24 n_index 24/24 attn_kv max=1.89841e-05 rms=2.52056e-06 attn_score max=7.77245e-05 rms=1.64408e-05 index_kv max=2.95639e-05 rms=3.12085e-06 index_score max=8.34465e-05 rms=1.6814e-05 raw max=0.000244141 rms=1.43448e-05 rows=2
ds4: dspark batch state audit batch-vs-exact layer=7 n_comp 0/0 n_index 0/0 attn_kv max=1.02296e-05 rms=2.65999e-07 attn_score max=1.94311e-05 rms=nan index_kv max=0 rms=0 index_score max=0 rms=0 raw max=0.00390625 rms=0.000125227 rows=2
ds4: dspark batch state audit batch-vs-exact layer=8 n_comp 24/24 n_index 24/24 attn_kv max=6.38515e-05 rms=4.95354e-06 attn_score max=0.000558138 rms=0.000106457 index_kv max=6.05583e-05 rms=7.82917e-06 index_score max=0.00053215 rms=0.000106352 raw max=0.000488281 rms=2.84638e-05 rows=2
ds4: dspark batch state audit batch-vs-exact layer=9 n_comp 0/0 n_index 0/0 attn_kv max=1.14143e-05 rms=3.28128e-07 attn_score max=2.67029e-05 rms=nan index_kv max=0 rms=0 index_score max=0 rms=0 raw max=0.03125 rms=0.000976577 rows=2
ds4: dspark batch state audit batch-vs-exact layer=10 n_comp 24/24 n_index 24/24 attn_kv max=0.000162691 rms=2.43984e-05 attn_score max=0.000504017 rms=0.000104183 index_kv max=0.000268221 rms=2.77167e-05 index_score max=0.00051415 rms=9.82999e-05 raw max=0.0625 rms=0.0022161 rows=2
ds4: dspark batch state audit batch-vs-exact layer=11 n_comp 0/0 n_index 0/0 attn_kv max=0.000330605 rms=5.91503e-06 attn_score max=0.000431746 rms=nan index_kv max=0 rms=0 index_score max=0 rms=0 raw max=0.0625 rms=0.00269843 rows=2
ds4: dspark batch state audit batch-vs-exact layer=12 n_comp 24/24 n_index 24/24 attn_kv max=0.000629455 rms=8.25478e-05 attn_score max=0.00154555 rms=0.000477665 index_kv max=0.00243521 rms=0.000129599 index_score max=0.00138187 rms=0.000432939 raw max=0.015625 rms=0.00110575 rows=2
ds4: dspark batch state audit batch-vs-exact layer=13 n_comp 0/0 n_index 0/0 attn_kv max=0.000172313 rms=4.82725e-06 attn_score max=0.000383615 rms=nan index_kv max=0 rms=0 index_score max=0 rms=0 raw max=0.125 rms=0.0044936 rows=2
ds4: dspark batch state audit batch-vs-exact layer=14 n_comp 24/24 n_index 24/24 attn_kv max=0.00120014 rms=0.000122744 attn_score max=0.00199556 rms=0.000655814 index_kv max=0.00120068 rms=0.000192103 index_score max=0.00298524 rms=0.000626946 raw max=0.25 rms=0.00821445 rows=2
ds4: dspark batch state audit batch-vs-exact layer=15 n_comp 0/0 n_index 0/0 attn_kv max=0.000404716 rms=1.57878e-05 attn_score max=0.00258684 rms=nan index_kv max=0 rms=0 index_score max=0 rms=0 raw max=0.125 rms=0.00866511 rows=2
ds4: dspark batch state audit batch-vs-exact layer=16 n_comp 24/24 n_index 24/24 attn_kv max=0.00133839 rms=0.000206757 attn_score max=0.00321364 rms=0.000962877 index_kv max=0.00206873 rms=0.000342466 index_score max=0.00424004 rms=0.000990592 raw max=0.125 rms=0.00960327 rows=2
ds4: dspark batch state audit batch-vs-exact layer=17 n_comp 0/0 n_index 0/0 attn_kv max=0.00194361 rms=5.81177e-05 attn_score max=0.00477111 rms=nan index_kv max=0 rms=0 index_score max=0 rms=0 raw max=0.125 rms=0.0079982 rows=2
ds4: dspark batch state audit batch-vs-exact layer=18 n_comp 24/24 n_index 24/24 attn_kv max=0.000985384 rms=0.0001913 attn_score max=0.00811744 rms=0.00199938 index_kv max=0.00494337 rms=0.000360083 index_score max=0.00740552 rms=0.00183309 raw max=0.0625 rms=0.00600377 rows=2
ds4: dspark batch state audit batch-vs-exact layer=19 n_comp 0/0 n_index 0/0 attn_kv max=0.00101801 rms=1.77833e-05 attn_score max=0.0038051 rms=nan index_kv max=0 rms=0 index_score max=0 rms=0 raw max=0.125 rms=0.00890146 rows=2
ds4: dspark batch state audit batch-vs-exact layer=20 n_comp 24/24 n_index 24/24 attn_kv max=0.00154863 rms=0.000247621 attn_score max=0.00977993 rms=0.00404256 index_kv max=0.00186974 rms=0.000342785 index_score max=0.0142407 rms=0.00401086 raw max=0.125 rms=0.0100647 rows=2
ds4: dspark batch state audit batch-vs-exact layer=21 n_comp 0/0 n_index 0/0 attn_kv max=0.000942819 rms=2.42053e-05 attn_score max=0.00167704 rms=nan index_kv max=0 rms=0 index_score max=0 rms=0 raw max=0.125 rms=0.00723302 rows=2
ds4: dspark batch state audit batch-vs-exact layer=22 n_comp 24/24 n_index 24/24 attn_kv max=0.00214615 rms=0.000267606 attn_score max=0.0112376 rms=0.00244537 index_kv max=0.00284386 rms=0.000386034 index_score max=0.0123487 rms=0.00264591 raw max=0.125 rms=0.0082032 rows=2
ds4: dspark batch state audit batch-vs-exact layer=23 n_comp 0/0 n_index 0/0 attn_kv max=0.000697643 rms=2.74222e-05 attn_score max=0.00188565 rms=nan index_kv max=0 rms=0 index_score max=0 rms=0 raw max=0.125 rms=0.0075029 rows=2
ds4: dspark batch state audit batch-vs-exact layer=24 n_comp 24/24 n_index 24/24 attn_kv max=0.00189084 rms=0.000230106 attn_score max=0.00498176 rms=0.000807269 index_kv max=0.00174046 rms=0.000295611 index_score max=0.00424767 rms=0.000883797 raw max=0.125 rms=0.0068142 rows=2
ds4: dspark batch state audit batch-vs-exact layer=25 n_comp 0/0 n_index 0/0 attn_kv max=0.000386797 rms=1.03169e-05 attn_score max=0.000894725 rms=nan index_kv max=0 rms=0 index_score max=0 rms=0 raw max=0.0625 rms=0.00523773 rows=2
ds4: dspark batch state audit batch-vs-exact layer=26 n_comp 24/24 n_index 24/24 attn_kv max=0.0009619 rms=0.000136242 attn_score max=0.0047226 rms=0.00169068 index_kv max=0.00126314 rms=0.000154817 index_score max=0.00650835 rms=0.00160928 raw max=0.125 rms=0.0103176 rows=2
ds4: dspark batch state audit batch-vs-exact layer=27 n_comp 0/0 n_index 0/0 attn_kv max=0.000448778 rms=1.72233e-05 attn_score max=0.00140202 rms=nan index_kv max=0 rms=0 index_score max=0 rms=0 raw max=0.0625 rms=0.00417562 rows=2
ds4: dspark batch state audit batch-vs-exact layer=28 n_comp 24/24 n_index 24/24 attn_kv max=0.000873078 rms=0.000143781 attn_score max=0.00605726 rms=0.00123389 index_kv max=0.00113547 rms=0.000167991 index_score max=0.00508499 rms=0.0012764 raw max=0.125 rms=0.00975407 rows=2
ds4: dspark batch state audit batch-vs-exact layer=29 n_comp 0/0 n_index 0/0 attn_kv max=0.00382839 rms=4.32889e-05 attn_score max=0.00434035 rms=nan index_kv max=0 rms=0 index_score max=0 rms=0 raw max=0.125 rms=0.0103949 rows=2
ds4: dspark batch state audit batch-vs-exact layer=30 n_comp 24/24 n_index 24/24 attn_kv max=0.00282884 rms=0.000271085 attn_score max=0.00892878 rms=0.00195211 index_kv max=0.00202781 rms=0.000375686 index_score max=0.00957441 rms=0.00185628 raw max=0.125 rms=0.00776264 rows=2
ds4: dspark batch state audit batch-vs-exact layer=31 n_comp 0/0 n_index 0/0 attn_kv max=0.000963286 rms=2.32211e-05 attn_score max=0.00148746 rms=nan index_kv max=0 rms=0 index_score max=0 rms=0 raw max=0.125 rms=0.0102512 rows=2
ds4: dspark batch state audit batch-vs-exact layer=32 n_comp 24/24 n_index 24/24 attn_kv max=0.00199187 rms=0.000208432 attn_score max=0.0158834 rms=0.00517649 index_kv max=0.00197388 rms=0.000287135 index_score max=0.0180113 rms=0.00485311 raw max=0.125 rms=0.010168 rows=2
ds4: dspark batch state audit batch-vs-exact layer=33 n_comp 0/0 n_index 0/0 attn_kv max=0.000952199 rms=3.44056e-05 attn_score max=0.00331193 rms=nan index_kv max=0 rms=0 index_score max=0 rms=0 raw max=0.25 rms=0.0155311 rows=2
ds4: dspark batch state audit batch-vs-exact layer=34 n_comp 24/24 n_index 24/24 attn_kv max=0.00384092 rms=0.00031609 attn_score max=0.074444 rms=0.0197939 index_kv max=0.00319707 rms=0.00038795 index_score max=0.0742663 rms=0.0195026 raw max=0.125 rms=0.0133349 rows=2
ds4: dspark batch state audit batch-vs-exact layer=35 n_comp 0/0 n_index 0/0 attn_kv max=0.00181061 rms=5.33179e-05 attn_score max=0.00383413 rms=nan index_kv max=0 rms=0 index_score max=0 rms=0 raw max=0.125 rms=0.012378 rows=2
ds4: dspark batch state audit batch-vs-exact layer=36 n_comp 24/24 n_index 24/24 attn_kv max=0.00364908 rms=0.00035567 attn_score max=0.0148956 rms=0.00498194 index_kv max=0.00309493 rms=0.000397094 index_score max=0.0146549 rms=0.00510599 raw max=0.125 rms=0.00970273 rows=2
ds4: dspark batch state audit batch-vs-exact layer=37 n_comp 0/0 n_index 0/0 attn_kv max=0.00184046 rms=2.09036e-05 attn_score max=0.00653183 rms=nan index_kv max=0 rms=0 index_score max=0 rms=0 raw max=0.125 rms=0.0090142 rows=2
ds4: dspark batch state audit batch-vs-exact layer=38 n_comp 24/24 n_index 24/24 attn_kv max=0.00449481 rms=0.000706921 attn_score max=0.0325532 rms=0.00711282 index_kv max=0.0138471 rms=0.00107148 index_score max=0.0329857 rms=0.00706581 raw max=0.0625 rms=0.00893899 rows=2
ds4: dspark batch state audit batch-vs-exact layer=39 n_comp 0/0 n_index 0/0 attn_kv max=0.00190532 rms=4.36623e-05 attn_score max=0.00598854 rms=nan index_kv max=0 rms=0 index_score max=0 rms=0 raw max=0.125 rms=0.0144079 rows=2
ds4: dspark batch state audit batch-vs-exact layer=40 n_comp 24/24 n_index 24/24 attn_kv max=0.00439264 rms=0.000617374 attn_score max=0.0652847 rms=0.0144412 index_kv max=0.00555146 rms=0.00101745 index_score max=0.0622501 rms=0.0141118 raw max=0.25 rms=0.0135662 rows=2
ds4: dspark batch state audit batch-vs-exact layer=41 n_comp 0/0 n_index 0/0 attn_kv max=0.00242496 rms=4.17886e-05 attn_score max=0.00440114 rms=nan index_kv max=0 rms=0 index_score max=0 rms=0 raw max=0.125 rms=0.0117282 rows=2
ds4: dspark batch state audit batch-vs-exact layer=42 n_comp 24/24 n_index 24/24 attn_kv max=0.00225444 rms=0.000339617 attn_score max=0.00976662 rms=0.00152404 index_kv max=0.00169298 rms=0.000383804 index_score max=0.00848664 rms=0.00174305 raw max=0.125 rms=0.00925389 rows=2
ds4: dspark batch state audit batch-vs-exact summary mismatch_layers=41 max=0.25 raw_rows=2 mtp_n_raw 0/0
ds4: dspark batch audit row=0 token=39 batch_top=3316 exact_top=3316 batch_margin=15.879 exact_margin=16.221 logits_max=1.39179 logits_rms=0.242184
ds4: dspark batch audit row=1 token=3316 batch_top=438 exact_top=438 batch_margin=7.338 exact_margin=6.881 logits_max=1.22737 logits_rms=0.23042
ds4: dspark batch state audit batch-vs-exact layer=2 n_comp 25/25 n_index 25/25 attn_kv max=1.81422e-06 rms=3.16111e-07 attn_score max=4.76837e-06 rms=6.82898e-07 index_kv max=3.18885e-06 rms=4.33544e-07 index_score max=6.91414e-06 rms=6.59008e-07 raw max=0.015625 rms=0.000488285 rows=2
ds4: dspark batch state audit batch-vs-exact layer=3 n_comp 0/0 n_index 0/0 attn_kv max=7.45803e-05 rms=1.92203e-06 attn_score max=0.000199676 rms=nan index_kv max=0 rms=0 index_score max=0 rms=0 raw max=0.00195312 rms=0.000114217 rows=2
ds4: dspark batch state audit batch-vs-exact layer=4 n_comp 25/25 n_index 25/25 attn_kv max=5.70267e-05 rms=8.43942e-06 attn_score max=0.000316143 rms=4.34946e-05 index_kv max=7.36713e-05 rms=1.08343e-05 index_score max=0.000279903 rms=4.49338e-05 raw max=0.000976562 rms=3.46299e-05 rows=2
ds4: dspark batch state audit batch-vs-exact layer=5 n_comp 0/0 n_index 0/0 attn_kv max=3.39597e-05 rms=6.76218e-07 attn_score max=5.25117e-05 rms=nan index_kv max=0 rms=0 index_score max=0 rms=0 raw max=0.015625 rms=0.000493002 rows=2
ds4: dspark batch state audit batch-vs-exact layer=6 n_comp 25/25 n_index 25/25 attn_kv max=6.08712e-05 rms=9.36468e-06 attn_score max=0.000388384 rms=0.000110391 index_kv max=0.000160694 rms=1.17265e-05 index_score max=0.00041008 rms=0.000108071 raw max=0.0625 rms=0.00239286 rows=2
ds4: dspark batch state audit batch-vs-exact layer=7 n_comp 0/0 n_index 0/0 attn_kv max=0.000155956 rms=4.56542e-06 attn_score max=0.000259578 rms=nan index_kv max=0 rms=0 index_score max=0 rms=0 raw max=0.125 rms=0.00436571 rows=2
ds4: dspark batch state audit batch-vs-exact layer=8 n_comp 25/25 n_index 25/25 attn_kv max=0.000932932 rms=8.88156e-05 attn_score max=0.00228417 rms=0.000592636 index_kv max=0.000739172 rms=0.000108101 index_score max=0.00317118 rms=0.000580696 raw max=0.125 rms=0.00561771 rows=2
ds4: dspark batch state audit batch-vs-exact layer=9 n_comp 0/0 n_index 0/0 attn_kv max=0.000457622 rms=1.08163e-05 attn_score max=0.00263131 rms=nan index_kv max=0 rms=0 index_score max=0 rms=0 raw max=0.125 rms=0.00549128 rows=2
ds4: dspark batch state audit batch-vs-exact layer=10 n_comp 25/25 n_index 25/25 attn_kv max=0.00104444 rms=0.000173687 attn_score max=0.00357747 rms=0.000737001 index_kv max=0.00155561 rms=0.000222806 index_score max=0.00344977 rms=0.000748571 raw max=0.125 rms=0.00678435 rows=2
ds4: dspark batch state audit batch-vs-exact layer=11 n_comp 0/0 n_index 0/0 attn_kv max=0.000715099 rms=1.50291e-05 attn_score max=0.000993013 rms=nan index_kv max=0 rms=0 index_score max=0 rms=0 raw max=0.125 rms=0.00673153 rows=2
ds4: dspark batch state audit batch-vs-exact layer=12 n_comp 25/25 n_index 25/25 attn_kv max=0.000908978 rms=0.000177931 attn_score max=0.00365496 rms=0.00102245 index_kv max=0.00170708 rms=0.000251616 index_score max=0.00481606 rms=0.000983445 raw max=0.0625 rms=0.00481344 rows=2
ds4: dspark batch state audit batch-vs-exact layer=13 n_comp 0/0 n_index 0/0 attn_kv max=0.000410549 rms=1.23053e-05 attn_score max=0.000896811 rms=nan index_kv max=0 rms=0 index_score max=0 rms=0 raw max=0.125 rms=0.00601937 rows=2
ds4: dspark batch state audit batch-vs-exact layer=14 n_comp 25/25 n_index 25/25 attn_kv max=0.00133145 rms=0.000201362 attn_score max=0.00665748 rms=0.00205625 index_kv max=0.00136817 rms=0.000304818 index_score max=0.0102619 rms=0.00196977 raw max=0.25 rms=0.0117258 rows=2
ds4: dspark batch state audit batch-vs-exact layer=15 n_comp 0/0 n_index 0/0 attn_kv max=0.00108403 rms=3.74343e-05 attn_score max=0.00495237 rms=nan index_kv max=0 rms=0 index_score max=0 rms=0 raw max=0.125 rms=0.0117305 rows=2
ds4: dspark batch state audit batch-vs-exact layer=16 n_comp 25/25 n_index 25/25 attn_kv max=0.00251937 rms=0.000400203 attn_score max=0.0189149 rms=0.00511522 index_kv max=0.00325167 rms=0.000637929 index_score max=0.0258002 rms=0.00505325 raw max=0.25 rms=0.0137126 rows=2
ds4: dspark batch state audit batch-vs-exact layer=17 n_comp 0/0 n_index 0/0 attn_kv max=0.110075 rms=0.00278696 attn_score max=0.253978 rms=nan index_kv max=0 rms=0 index_score max=0 rms=0 raw max=0.375 rms=0.0954606 rows=2
ds4: dspark batch state audit batch-vs-exact layer=18 n_comp 25/25 n_index 25/25 attn_kv max=0.035845 rms=0.00560381 attn_score max=0.0934124 rms=0.0115834 index_kv max=0.0453297 rms=0.00621264 index_score max=0.0832502 rms=0.0126255 raw max=0.3125 rms=0.0633345 rows=2
ds4: dspark batch state audit batch-vs-exact layer=19 n_comp 0/0 n_index 0/0 attn_kv max=0.0197779 rms=0.000496421 attn_score max=0.0333447 rms=nan index_kv max=0 rms=0 index_score max=0 rms=0 raw max=0.25 rms=0.0656917 rows=2
ds4: dspark batch state audit batch-vs-exact layer=20 n_comp 25/25 n_index 25/25 attn_kv max=0.0511414 rms=0.00664157 attn_score max=0.275511 rms=0.0786426 index_kv max=0.0579564 rms=0.00781909 index_score max=0.363149 rms=0.0751632 raw max=0.25 rms=0.0714723 rows=2
ds4: dspark batch state audit batch-vs-exact layer=21 n_comp 0/0 n_index 0/0 attn_kv max=0.0134874 rms=0.000403482 attn_score max=0.0369889 rms=nan index_kv max=0 rms=0 index_score max=0 rms=0 raw max=0.25 rms=0.0486636 rows=2
ds4: dspark batch state audit batch-vs-exact layer=22 n_comp 25/25 n_index 25/25 attn_kv max=0.0368558 rms=0.00518871 attn_score max=0.0599197 rms=0.0122811 index_kv max=0.050778 rms=0.00863452 index_score max=0.0816858 rms=0.0110679 raw max=0.25 rms=0.0444667 rows=2
ds4: dspark batch state audit batch-vs-exact layer=23 n_comp 0/0 n_index 0/0 attn_kv max=0.0435025 rms=0.000656796 attn_score max=0.0347348 rms=nan index_kv max=0 rms=0 index_score max=0 rms=0 raw max=0.25 rms=0.0404916 rows=2
ds4: dspark batch state audit batch-vs-exact layer=24 n_comp 25/25 n_index 25/25 attn_kv max=0.0611469 rms=0.00511346 attn_score max=0.160912 rms=0.0254862 index_kv max=0.0472797 rms=0.00710617 index_score max=0.179031 rms=0.0200116 raw max=0.125 rms=0.0278796 rows=2
ds4: dspark batch state audit batch-vs-exact layer=25 n_comp 0/0 n_index 0/0 attn_kv max=0.00894985 rms=0.000205717 attn_score max=0.0237239 rms=nan index_kv max=0 rms=0 index_score max=0 rms=0 raw max=0.125 rms=0.0314181 rows=2
ds4: dspark batch state audit batch-vs-exact layer=26 n_comp 25/25 n_index 25/25 attn_kv max=0.0206587 rms=0.0027418 attn_score max=0.198528 rms=0.049075 index_kv max=0.0198669 rms=0.00315988 index_score max=0.243867 rms=0.0479233 raw max=0.25 rms=0.0402381 rows=2
ds4: dspark batch state audit batch-vs-exact layer=27 n_comp 0/0 n_index 0/0 attn_kv max=0.0119431 rms=0.000323589 attn_score max=0.0301762 rms=nan index_kv max=0 rms=0 index_score max=0 rms=0 raw max=0.25 rms=0.0370027 rows=2
ds4: dspark batch state audit batch-vs-exact layer=28 n_comp 25/25 n_index 25/25 attn_kv max=0.0374678 rms=0.00360337 attn_score max=0.0979276 rms=0.0263239 index_kv max=0.047642 rms=0.0044411 index_score max=0.131947 rms=0.027758 raw max=0.25 rms=0.0502763 rows=2
ds4: dspark batch state audit batch-vs-exact layer=29 n_comp 0/0 n_index 0/0 attn_kv max=0.0281077 rms=0.000422616 attn_score max=0.0409987 rms=nan index_kv max=0 rms=0 index_score max=0 rms=0 raw max=0.25 rms=0.0468987 rows=2
ds4: dspark batch state audit batch-vs-exact layer=30 n_comp 25/25 n_index 25/25 attn_kv max=0.0215437 rms=0.0033679 attn_score max=0.0809429 rms=0.014374 index_kv max=0.0262033 rms=0.00471714 index_score max=0.0996501 rms=0.0132754 raw max=0.172852 rms=0.0308464 rows=2
ds4: dspark batch state audit batch-vs-exact layer=31 n_comp 0/0 n_index 0/0 attn_kv max=0.0126678 rms=0.000372067 attn_score max=0.0290442 rms=nan index_kv max=0 rms=0 index_score max=0 rms=0 raw max=0.25 rms=0.0412998 rows=2
ds4: dspark batch state audit batch-vs-exact layer=32 n_comp 25/25 n_index 25/25 attn_kv max=0.0212664 rms=0.00312962 attn_score max=0.107574 rms=0.0263932 index_kv max=0.0181128 rms=0.00375421 index_score max=0.106999 rms=0.0256466 raw max=0.133789 rms=0.0376567 rows=2
ds4: dspark batch state audit batch-vs-exact layer=33 n_comp 0/0 n_index 0/0 attn_kv max=0.015502 rms=0.000403593 attn_score max=0.0356328 rms=nan index_kv max=0 rms=0 index_score max=0 rms=0 raw max=0.25 rms=0.05042 rows=2
ds4: dspark batch state audit batch-vs-exact layer=34 n_comp 25/25 n_index 25/25 attn_kv max=0.0306314 rms=0.00469183 attn_score max=0.0655003 rms=0.0185296 index_kv max=0.0287949 rms=0.00472008 index_score max=0.070642 rms=0.018869 raw max=0.25 rms=0.0580014 rows=2
ds4: dspark batch state audit batch-vs-exact layer=35 n_comp 0/0 n_index 0/0 attn_kv max=0.0203267 rms=0.000624884 attn_score max=0.0353844 rms=nan index_kv max=0 rms=0 index_score max=0 rms=0 raw max=0.25 rms=0.0574204 rows=2
ds4: dspark batch state audit batch-vs-exact layer=36 n_comp 25/25 n_index 25/25 attn_kv max=0.0264031 rms=0.00322287 attn_score max=0.0784588 rms=0.0175563 index_kv max=0.0194823 rms=0.00344633 index_score max=0.0785069 rms=0.0174732 raw max=0.25 rms=0.0415893 rows=2
ds4: dspark batch state audit batch-vs-exact layer=37 n_comp 0/0 n_index 0/0 attn_kv max=0.0140324 rms=0.000190618 attn_score max=0.0422148 rms=nan index_kv max=0 rms=0 index_score max=0 rms=0 raw max=0.25 rms=0.0545917 rows=2
ds4: dspark batch state audit batch-vs-exact layer=38 n_comp 25/25 n_index 25/25 attn_kv max=0.0360995 rms=0.00515011 attn_score max=0.256445 rms=0.0224422 index_kv max=0.0491112 rms=0.00741167 index_score max=0.0915458 rms=0.0187521 raw max=0.25 rms=0.0348842 rows=2
ds4: dspark batch state audit batch-vs-exact layer=39 n_comp 0/0 n_index 0/0 attn_kv max=0.0231895 rms=0.000609481 attn_score max=0.0462679 rms=nan index_kv max=0 rms=0 index_score max=0 rms=0 raw max=0.28125 rms=0.0648213 rows=2
ds4: dspark batch state audit batch-vs-exact layer=40 n_comp 25/25 n_index 25/25 attn_kv max=0.0445476 rms=0.00624473 attn_score max=0.450342 rms=0.103149 index_kv max=0.0770066 rms=0.00984641 index_score max=0.402378 rms=0.102193 raw max=0.25 rms=0.0647539 rows=2
ds4: dspark batch state audit batch-vs-exact layer=41 n_comp 0/0 n_index 0/0 attn_kv max=0.0222839 rms=0.000600684 attn_score max=0.0467043 rms=nan index_kv max=0 rms=0 index_score max=0 rms=0 raw max=0.25 rms=0.0760586 rows=2
ds4: dspark batch state audit batch-vs-exact layer=42 n_comp 25/25 n_index 25/25 attn_kv max=0.0304852 rms=0.00354721 attn_score max=0.126192 rms=0.0228539 index_kv max=0.0228685 rms=0.00393666 index_score max=0.146143 rms=0.028727 raw max=0.25 rms=0.0306844 rows=2
ds4: dspark batch state audit batch-vs-exact summary mismatch_layers=41 max=0.450342 raw_rows=2 mtp_n_raw 0/0
ds4: dspark batch audit row=0 token=223 batch_top=20 exact_top=20 batch_margin=0.023 exact_margin=0.010 logits_max=1.04749 logits_rms=0.193554
ds4: dspark batch state audit batch-vs-exact layer=2 n_comp 25/25 n_index 25/25 attn_kv max=1.04197 rms=0.0519834 attn_score max=1.11245 rms=0.101905 index_kv max=1.18805 rms=0.0774377 index_score max=0.925434 rms=0.119288 raw max=3.05176e-05 rms=1.3487e-06 rows=1
ds4: dspark batch state audit batch-vs-exact layer=3 n_comp 0/0 n_index 0/0 attn_kv max=0.825598 rms=0.0110484 attn_score max=inf rms=nan index_kv max=0 rms=0 index_score max=0 rms=0 raw max=0.000244141 rms=1.07896e-05 rows=1
ds4: dspark batch state audit batch-vs-exact layer=4 n_comp 25/25 n_index 25/25 attn_kv max=0.38842 rms=0.0335957 attn_score max=2.86509 rms=0.357765 index_kv max=0.62941 rms=0.0518755 index_score max=2.63514 rms=0.350676 raw max=1.90735e-06 rms=8.42937e-08 rows=1
ds4: dspark batch state audit batch-vs-exact layer=5 n_comp 0/0 n_index 0/0 attn_kv max=0.557037 rms=0.00602704 attn_score max=inf rms=nan index_kv max=0 rms=0 index_score max=0 rms=0 raw max=0.00012207 rms=5.39545e-06 rows=1
ds4: dspark batch state audit batch-vs-exact layer=6 n_comp 25/25 n_index 25/25 attn_kv max=0.319277 rms=0.0308817 attn_score max=1.71812 rms=0.319248 index_kv max=0.308087 rms=0.0310258 index_score max=1.77839 rms=0.294049 raw max=0.0078125 rms=0.00035199 rows=1
ds4: dspark batch state audit batch-vs-exact layer=7 n_comp 0/0 n_index 0/0 attn_kv max=0.427748 rms=0.00609041 attn_score max=inf rms=nan index_kv max=0 rms=0 index_score max=0 rms=0 raw max=0.00390625 rms=0.000211969 rows=1
ds4: dspark batch state audit batch-vs-exact layer=8 n_comp 25/25 n_index 25/25 attn_kv max=0.611974 rms=0.0394771 attn_score max=5.31622 rms=0.76069 index_kv max=0.526254 rms=0.0528695 index_score max=5.71753 rms=0.729365 raw max=0.000488281 rms=4.95039e-05 rows=1
ds4: dspark batch state audit batch-vs-exact layer=9 n_comp 0/0 n_index 0/0 attn_kv max=0.896477 rms=0.00790802 attn_score max=inf rms=nan index_kv max=0 rms=0 index_score max=0 rms=0 raw max=0.00390625 rms=0.000180774 rows=1
ds4: dspark batch state audit batch-vs-exact layer=10 n_comp 25/25 n_index 25/25 attn_kv max=0.717868 rms=0.0588309 attn_score max=2.54122 rms=0.369785 index_kv max=1.19911 rms=0.0872467 index_score max=2.09956 rms=0.35061 raw max=0.125 rms=0.00552526 rows=1
ds4: dspark batch state audit batch-vs-exact layer=11 n_comp 0/0 n_index 0/0 attn_kv max=0.6438 rms=0.0062386 attn_score max=inf rms=nan index_kv max=0 rms=0 index_score max=0 rms=0 raw max=0.0625 rms=0.00305092 rows=1
ds4: dspark batch state audit batch-vs-exact layer=12 n_comp 25/25 n_index 25/25 attn_kv max=0.777143 rms=0.0515559 attn_score max=4.59679 rms=1.00551 index_kv max=3.6225 rms=0.11518 index_score max=6.14155 rms=0.940955 raw max=0.0625 rms=0.00400576 rows=1
ds4: dspark batch state audit batch-vs-exact layer=13 n_comp 0/0 n_index 0/0 attn_kv max=0.694249 rms=0.00626165 attn_score max=inf rms=nan index_kv max=0 rms=0 index_score max=0 rms=0 raw max=0.0625 rms=0.00330928 rows=1
ds4: dspark batch state audit batch-vs-exact layer=14 n_comp 25/25 n_index 25/25 attn_kv max=0.783497 rms=0.0407949 attn_score max=1.99715 rms=0.347819 index_kv max=0.68723 rms=0.0576811 index_score max=2.86879 rms=0.326222 raw max=0.125 rms=0.0105571 rows=1
ds4: dspark batch state audit batch-vs-exact layer=15 n_comp 0/0 n_index 0/0 attn_kv max=0.447404 rms=0.00814762 attn_score max=inf rms=nan index_kv max=0 rms=0 index_score max=0 rms=0 raw max=0.125 rms=0.0106056 rows=1
ds4: dspark batch state audit batch-vs-exact layer=16 n_comp 25/25 n_index 25/25 attn_kv max=0.981986 rms=0.0598453 attn_score max=7.70211 rms=1.95712 index_kv max=1.65067 rms=0.117302 index_score max=8.62327 rms=1.9084 raw max=0.125 rms=0.00951848 rows=1
ds4: dspark batch state audit batch-vs-exact layer=17 n_comp 0/0 n_index 0/0 attn_kv max=0.612141 rms=0.0151448 attn_score max=inf rms=nan index_kv max=0 rms=0 index_score max=0 rms=0 raw max=0.125 rms=0.00887819 rows=1
ds4: dspark batch state audit batch-vs-exact layer=18 n_comp 25/25 n_index 25/25 attn_kv max=0.34871 rms=0.0346275 attn_score max=1.938 rms=0.320337 index_kv max=1.27487 rms=0.0662376 index_score max=1.86047 rms=0.302177 raw max=0.125 rms=0.00847429 rows=1
ds4: dspark batch state audit batch-vs-exact layer=19 n_comp 0/0 n_index 0/0 attn_kv max=0.353365 rms=0.00571345 attn_score max=inf rms=nan index_kv max=0 rms=0 index_score max=0 rms=0 raw max=0.25 rms=0.0159035 rows=1
ds4: dspark batch state audit batch-vs-exact layer=20 n_comp 25/25 n_index 25/25 attn_kv max=0.892623 rms=0.0410585 attn_score max=2.46664 rms=0.443615 index_kv max=0.907786 rms=0.0574736 index_score max=2.46691 rms=0.421605 raw max=0.125 rms=0.0122483 rows=1
ds4: dspark batch state audit batch-vs-exact layer=21 n_comp 0/0 n_index 0/0 attn_kv max=0.456019 rms=0.00705903 attn_score max=inf rms=nan index_kv max=0 rms=0 index_score max=0 rms=0 raw max=0.125 rms=0.0113919 rows=1
ds4: dspark batch state audit batch-vs-exact layer=22 n_comp 25/25 n_index 25/25 attn_kv max=0.897048 rms=0.0906284 attn_score max=3.83259 rms=0.249349 index_kv max=1.99082 rms=0.146224 index_score max=2.69564 rms=0.236882 raw max=0.125 rms=0.0135617 rows=1
ds4: dspark batch state audit batch-vs-exact layer=23 n_comp 0/0 n_index 0/0 attn_kv max=1.71778 rms=0.0139516 attn_score max=inf rms=nan index_kv max=0 rms=0 index_score max=0 rms=0 raw max=0.25 rms=0.046214 rows=1
ds4: dspark batch state audit batch-vs-exact layer=24 n_comp 25/25 n_index 25/25 attn_kv max=1.16703 rms=0.0868043 attn_score max=6.47857 rms=0.973025 index_kv max=2.09044 rms=0.13183 index_score max=6.91973 rms=0.936257 raw max=0.25 rms=0.0291134 rows=1
ds4: dspark batch state audit batch-vs-exact layer=25 n_comp 0/0 n_index 0/0 attn_kv max=0.244292 rms=0.00533138 attn_score max=inf rms=nan index_kv max=0 rms=0 index_score max=0 rms=0 raw max=0.125 rms=0.0307542 rows=1
ds4: dspark batch state audit batch-vs-exact layer=26 n_comp 25/25 n_index 25/25 attn_kv max=0.847147 rms=0.0331567 attn_score max=7.25242 rms=1.37968 index_kv max=0.340607 rms=0.0361891 index_score max=9.04849 rms=1.32822 raw max=0.25 rms=0.0383079 rows=1
ds4: dspark batch state audit batch-vs-exact layer=27 n_comp 0/0 n_index 0/0 attn_kv max=0.542948 rms=0.00732485 attn_score max=inf rms=nan index_kv max=0 rms=0 index_score max=0 rms=0 raw max=0.25 rms=0.0462639 rows=1
ds4: dspark batch state audit batch-vs-exact layer=28 n_comp 25/25 n_index 25/25 attn_kv max=0.526054 rms=0.0377235 attn_score max=1.87424 rms=0.258755 index_kv max=0.52245 rms=0.0494216 index_score max=2.00233 rms=0.261547 raw max=0.25 rms=0.0357612 rows=1
ds4: dspark batch state audit batch-vs-exact layer=29 n_comp 0/0 n_index 0/0 attn_kv max=0.296813 rms=0.00672338 attn_score max=inf rms=nan index_kv max=0 rms=0 index_score max=0 rms=0 raw max=0.25 rms=0.0454232 rows=1
ds4: dspark batch state audit batch-vs-exact layer=30 n_comp 25/25 n_index 25/25 attn_kv max=0.575783 rms=0.0411073 attn_score max=3.31771 rms=0.518688 index_kv max=0.73611 rms=0.0674233 index_score max=3.40246 rms=0.486592 raw max=0.222656 rms=0.0309615 rows=1
ds4: dspark batch state audit batch-vs-exact layer=31 n_comp 0/0 n_index 0/0 attn_kv max=0.519618 rms=0.00697992 attn_score max=inf rms=nan index_kv max=0 rms=0 index_score max=0 rms=0 raw max=0.25 rms=0.0473479 rows=1
ds4: dspark batch state audit batch-vs-exact layer=32 n_comp 25/25 n_index 25/25 attn_kv max=0.345098 rms=0.0353419 attn_score max=1.9567 rms=0.342739 index_kv max=0.86892 rms=0.0491566 index_score max=1.86918 rms=0.330477 raw max=0.25 rms=0.0434652 rows=1
ds4: dspark batch state audit batch-vs-exact layer=33 n_comp 0/0 n_index 0/0 attn_kv max=0.560219 rms=0.00775628 attn_score max=inf rms=nan index_kv max=0 rms=0 index_score max=0 rms=0 raw max=0.125 rms=0.0369369 rows=1
ds4: dspark batch state audit batch-vs-exact layer=34 n_comp 25/25 n_index 25/25 attn_kv max=0.845922 rms=0.0431087 attn_score max=3.22886 rms=0.613376 index_kv max=0.740517 rms=0.0589963 index_score max=3.25186 rms=0.599965 raw max=0.25 rms=0.0501515 rows=1
ds4: dspark batch state audit batch-vs-exact layer=35 n_comp 0/0 n_index 0/0 attn_kv max=0.804231 rms=0.00971332 attn_score max=inf rms=nan index_kv max=0 rms=0 index_score max=0 rms=0 raw max=0.25 rms=0.0603249 rows=1
ds4: dspark batch state audit batch-vs-exact layer=36 n_comp 25/25 n_index 25/25 attn_kv max=0.398531 rms=0.029705 attn_score max=1.08986 rms=0.135592 index_kv max=0.664569 rms=0.0341353 index_score max=0.916851 rms=0.115389 raw max=0.25 rms=0.0341829 rows=1
ds4: dspark batch state audit batch-vs-exact layer=37 n_comp 0/0 n_index 0/0 attn_kv max=0.881284 rms=0.00630516 attn_score max=inf rms=nan index_kv max=0 rms=0 index_score max=0 rms=0 raw max=0.25 rms=0.0650776 rows=1
ds4: dspark batch state audit batch-vs-exact layer=38 n_comp 25/25 n_index 25/25 attn_kv max=0.983998 rms=0.0774174 attn_score max=2.88089 rms=0.338308 index_kv max=1.23477 rms=0.117062 index_score max=2.47928 rms=0.271782 raw max=0.25 rms=0.0559164 rows=1
ds4: dspark batch state audit batch-vs-exact layer=39 n_comp 0/0 n_index 0/0 attn_kv max=0.569933 rms=0.00860395 attn_score max=inf rms=nan index_kv max=0 rms=0 index_score max=0 rms=0 raw max=0.3125 rms=0.0870254 rows=1
ds4: dspark batch state audit batch-vs-exact layer=40 n_comp 25/25 n_index 25/25 attn_kv max=0.928349 rms=0.0620925 attn_score max=15.0227 rms=2.22669 index_kv max=1.36829 rms=0.106702 index_score max=12.9868 rms=2.17736 raw max=0.25 rms=0.0948254 rows=1
ds4: dspark batch state audit batch-vs-exact layer=41 n_comp 0/0 n_index 0/0 attn_kv max=0.744478 rms=0.00749701 attn_score max=inf rms=nan index_kv max=0 rms=0 index_score max=0 rms=0 raw max=0.28125 rms=0.0990922 rows=1
ds4: dspark batch state audit batch-vs-exact layer=42 n_comp 25/25 n_index 25/25 attn_kv max=0.637838 rms=0.0349178 attn_score max=2.98209 rms=0.26132 index_kv max=0.383391 rms=0.0384584 index_score max=3.51104 rms=0.336836 raw max=0.25 rms=0.0335827 rows=1
ds4: dspark batch state audit batch-vs-exact summary mismatch_layers=41 max=inf raw_rows=1 mtp_n_raw 0/0
ds4: dspark batch audit row=0 token=201 batch_top=36 exact_top=36 batch_margin=8.444 exact_margin=8.443 logits_max=0.162271 logits_rms=0.0185389
ds4: dspark batch state audit batch-vs-exact layer=2 n_comp 26/26 n_index 26/26 attn_kv max=0.828332 rms=0.0621238 attn_score max=1.63485 rms=0.184949 index_kv max=1.47108 rms=0.105171 index_score max=1.53665 rms=0.183301 raw max=0 rms=0 rows=1
ds4: dspark batch state audit batch-vs-exact layer=3 n_comp 0/0 n_index 0/0 attn_kv max=0.468938 rms=0.00788538 attn_score max=inf rms=nan index_kv max=0 rms=0 index_score max=0 rms=0 raw max=3.05176e-05 rms=1.39085e-06 rows=1
ds4: dspark batch state audit batch-vs-exact layer=4 n_comp 26/26 n_index 26/26 attn_kv max=0.539425 rms=0.0430762 attn_score max=3.40965 rms=0.444369 index_kv max=0.826103 rms=0.0646576 index_score max=3.012 rms=0.437084 raw max=0 rms=0 rows=1
ds4: dspark batch state audit batch-vs-exact layer=5 n_comp 0/0 n_index 0/0 attn_kv max=0.270051 rms=0.0046093 attn_score max=inf rms=nan index_kv max=0 rms=0 index_score max=0 rms=0 raw max=3.05176e-05 rms=2.02305e-06 rows=1
ds4: dspark batch state audit batch-vs-exact layer=6 n_comp 26/26 n_index 26/26 attn_kv max=0.662514 rms=0.0416299 attn_score max=3.19674 rms=0.565217 index_kv max=0.81839 rms=0.0558647 index_score max=3.53649 rms=0.540922 raw max=0.000488281 rms=2.4314e-05 rows=1
ds4: dspark batch state audit batch-vs-exact layer=7 n_comp 0/0 n_index 0/0 attn_kv max=0.418618 rms=0.00634545 attn_score max=inf rms=nan index_kv max=0 rms=0 index_score max=0 rms=0 raw max=0.000976562 rms=4.32426e-05 rows=1
ds4: dspark batch state audit batch-vs-exact layer=8 n_comp 26/26 n_index 26/26 attn_kv max=0.837983 rms=0.0534418 attn_score max=2.91411 rms=0.45111 index_kv max=0.900345 rms=0.0739618 index_score max=3.68469 rms=0.415508 raw max=0.000244141 rms=2.05538e-05 rows=1
ds4: dspark batch state audit batch-vs-exact layer=9 n_comp 0/0 n_index 0/0 attn_kv max=0.596347 rms=0.00713788 attn_score max=inf rms=nan index_kv max=0 rms=0 index_score max=0 rms=0 raw max=6.10352e-05 rms=3.88849e-06 rows=1
ds4: dspark batch state audit batch-vs-exact layer=10 n_comp 26/26 n_index 26/26 attn_kv max=0.944092 rms=0.067415 attn_score max=2.1447 rms=0.125493 index_kv max=1.17912 rms=0.100865 index_score max=2.30156 rms=0.119922 raw max=0.000488281 rms=3.06662e-05 rows=1
ds4: dspark batch state audit batch-vs-exact layer=11 n_comp 0/0 n_index 0/0 attn_kv max=0.475393 rms=0.00607934 attn_score max=inf rms=nan index_kv max=0 rms=0 index_score max=0 rms=0 raw max=0.000976562 rms=4.98574e-05 rows=1
ds4: dspark batch state audit batch-vs-exact layer=12 n_comp 26/26 n_index 26/26 attn_kv max=0.647797 rms=0.0552689 attn_score max=1.58448 rms=0.204874 index_kv max=1.15737 rms=0.0868472 index_score max=2.01127 rms=0.172511 raw max=0.00195312 rms=8.67851e-05 rows=1
ds4: dspark batch state audit batch-vs-exact layer=13 n_comp 0/0 n_index 0/0 attn_kv max=0.501875 rms=0.00664599 attn_score max=inf rms=nan index_kv max=0 rms=0 index_score max=0 rms=0 raw max=0.00390625 rms=0.000196658 rows=1
ds4: dspark batch state audit batch-vs-exact layer=14 n_comp 26/26 n_index 26/26 attn_kv max=0.904268 rms=0.0645088 attn_score max=1.6937 rms=0.0969066 index_kv max=1.56546 rms=0.102962 index_score max=1.04434 rms=0.109264 raw max=0.00195312 rms=0.000100037 rows=1
ds4: dspark batch state audit batch-vs-exact layer=15 n_comp 0/0 n_index 0/0 attn_kv max=0.658172 rms=0.00909846 attn_score max=inf rms=nan index_kv max=0 rms=0 index_score max=0 rms=0 raw max=0.0625 rms=0.00276314 rows=1
ds4: dspark batch state audit batch-vs-exact layer=16 n_comp 26/26 n_index 26/26 attn_kv max=0.708682 rms=0.0673414 attn_score max=6.59892 rms=1.10192 index_kv max=1.05382 rms=0.110353 index_score max=7.79851 rms=1.0887 raw max=0.125 rms=0.00829319 rows=1
ds4: dspark batch state audit batch-vs-exact layer=17 n_comp 0/0 n_index 0/0 attn_kv max=0.915568 rms=0.0193404 attn_score max=inf rms=nan index_kv max=0 rms=0 index_score max=0 rms=0 raw max=0.125 rms=0.00944598 rows=1
ds4: dspark batch state audit batch-vs-exact layer=18 n_comp 26/26 n_index 26/26 attn_kv max=0.558691 rms=0.0387632 attn_score max=4.73084 rms=0.715647 index_kv max=0.72458 rms=0.0614034 index_score max=4.39252 rms=0.718223 raw max=0.125 rms=0.00670608 rows=1
ds4: dspark batch state audit batch-vs-exact layer=19 n_comp 0/0 n_index 0/0 attn_kv max=0.720088 rms=0.00559464 attn_score max=inf rms=nan index_kv max=0 rms=0 index_score max=0 rms=0 raw max=0.125 rms=0.00839014 rows=1
ds4: dspark batch state audit batch-vs-exact layer=20 n_comp 26/26 n_index 26/26 attn_kv max=1.32413 rms=0.0534696 attn_score max=2.59516 rms=0.434813 index_kv max=1.08212 rms=0.080951 index_score max=4.22179 rms=0.430461 raw max=0.125 rms=0.0106641 rows=1
ds4: dspark batch state audit batch-vs-exact layer=21 n_comp 0/0 n_index 0/0 attn_kv max=0.573569 rms=0.00725348 attn_score max=inf rms=nan index_kv max=0 rms=0 index_score max=0 rms=0 raw max=0.125 rms=0.00749467 rows=1
ds4: dspark batch state audit batch-vs-exact layer=22 n_comp 26/26 n_index 26/26 attn_kv max=2.19887 rms=0.103573 attn_score max=4.57928 rms=0.603898 index_kv max=1.47973 rms=0.174416 index_score max=3.65519 rms=0.582783 raw max=0.125 rms=0.012061 rows=1
ds4: dspark batch state audit batch-vs-exact layer=23 n_comp 0/0 n_index 0/0 attn_kv max=0.819566 rms=0.0127943 attn_score max=inf rms=nan index_kv max=0 rms=0 index_score max=0 rms=0 raw max=0.25 rms=0.0119412 rows=1
ds4: dspark batch state audit batch-vs-exact layer=24 n_comp 26/26 n_index 26/26 attn_kv max=1.49115 rms=0.0924904 attn_score max=9.1075 rms=1.1334 index_kv max=1.63552 rms=0.140555 index_score max=8.00503 rms=1.03262 raw max=0.125 rms=0.00837491 rows=1
ds4: dspark batch state audit batch-vs-exact layer=25 n_comp 0/0 n_index 0/0 attn_kv max=0.274189 rms=0.00434081 attn_score max=inf rms=nan index_kv max=0 rms=0 index_score max=0 rms=0 raw max=0.125 rms=0.00732062 rows=1
ds4: dspark batch state audit batch-vs-exact layer=26 n_comp 26/26 n_index 26/26 attn_kv max=0.71359 rms=0.0400417 attn_score max=3.17786 rms=0.477608 index_kv max=0.524676 rms=0.0485654 index_score max=4.25306 rms=0.482164 raw max=0.0625 rms=0.00528754 rows=1
ds4: dspark batch state audit batch-vs-exact layer=27 n_comp 0/0 n_index 0/0 attn_kv max=0.510821 rms=0.00732923 attn_score max=inf rms=nan index_kv max=0 rms=0 index_score max=0 rms=0 raw max=0.125 rms=0.0106341 rows=1
ds4: dspark batch state audit batch-vs-exact layer=28 n_comp 26/26 n_index 26/26 attn_kv max=1.04282 rms=0.0524024 attn_score max=10.3923 rms=1.3464 index_kv max=1.39646 rms=0.0785096 index_score max=9.34608 rms=1.41397 raw max=0.125 rms=0.0084711 rows=1
ds4: dspark batch state audit batch-vs-exact layer=29 n_comp 0/0 n_index 0/0 attn_kv max=0.486941 rms=0.00697092 attn_score max=inf rms=nan index_kv max=0 rms=0 index_score max=0 rms=0 raw max=0.0625 rms=0.00662951 rows=1
ds4: dspark batch state audit batch-vs-exact layer=30 n_comp 26/26 n_index 26/26 attn_kv max=0.645384 rms=0.0480682 attn_score max=5.22349 rms=0.534894 index_kv max=0.830237 rms=0.0866355 index_score max=3.57121 rms=0.520139 raw max=0.0625 rms=0.00615848 rows=1
ds4: dspark batch state audit batch-vs-exact layer=31 n_comp 0/0 n_index 0/0 attn_kv max=0.474574 rms=0.00622089 attn_score max=inf rms=nan index_kv max=0 rms=0 index_score max=0 rms=0 raw max=0.0625 rms=0.00558929 rows=1
ds4: dspark batch state audit batch-vs-exact layer=32 n_comp 26/26 n_index 26/26 attn_kv max=0.580422 rms=0.0453251 attn_score max=1.43549 rms=0.101617 index_kv max=0.686843 rms=0.0596818 index_score max=3.80086 rms=0.151373 raw max=0.125 rms=0.00817414 rows=1
ds4: dspark batch state audit batch-vs-exact layer=33 n_comp 0/0 n_index 0/0 attn_kv max=0.778948 rms=0.00718127 attn_score max=inf rms=nan index_kv max=0 rms=0 index_score max=0 rms=0 raw max=0.125 rms=0.0100049 rows=1
ds4: dspark batch state audit batch-vs-exact layer=34 n_comp 26/26 n_index 26/26 attn_kv max=0.864681 rms=0.0514295 attn_score max=14.0134 rms=1.98897 index_kv max=0.623866 rms=0.0689486 index_score max=13.8007 rms=1.96633 raw max=0.0625 rms=0.00644382 rows=1
ds4: dspark batch state audit batch-vs-exact layer=35 n_comp 0/0 n_index 0/0 attn_kv max=1.33449 rms=0.011206 attn_score max=inf rms=nan index_kv max=0 rms=0 index_score max=0 rms=0 raw max=0.25 rms=0.0147982 rows=1
ds4: dspark batch state audit batch-vs-exact layer=36 n_comp 26/26 n_index 26/26 attn_kv max=1.10712 rms=0.0505824 attn_score max=5.37703 rms=0.748257 index_kv max=0.661448 rms=0.063011 index_score max=5.22444 rms=0.784723 raw max=0.0625 rms=0.00946902 rows=1
ds4: dspark batch state audit batch-vs-exact layer=37 n_comp 0/0 n_index 0/0 attn_kv max=0.710416 rms=0.00533943 attn_score max=inf rms=nan index_kv max=0 rms=0 index_score max=0 rms=0 raw max=0.125 rms=0.0095478 rows=1
ds4: dspark batch state audit batch-vs-exact layer=38 n_comp 26/26 n_index 26/26 attn_kv max=1.51275 rms=0.0939854 attn_score max=6.8678 rms=0.386857 index_kv max=1.51153 rms=0.142837 index_score max=2.86728 rms=0.310885 raw max=0.25 rms=0.0124647 rows=1
ds4: dspark batch state audit batch-vs-exact layer=39 n_comp 0/0 n_index 0/0 attn_kv max=0.736579 rms=0.00956477 attn_score max=inf rms=nan index_kv max=0 rms=0 index_score max=0 rms=0 raw max=0.125 rms=0.0104454 rows=1
ds4: dspark batch state audit batch-vs-exact layer=40 n_comp 26/26 n_index 26/26 attn_kv max=2.36505 rms=0.088454 attn_score max=37.1121 rms=5.64006 index_kv max=1.91801 rms=0.142957 index_score max=34.1408 rms=5.5189 raw max=0.0625 rms=0.00752347 rows=1
ds4: dspark batch state audit batch-vs-exact layer=41 n_comp 0/0 n_index 0/0 attn_kv max=0.910218 rms=0.00849091 attn_score max=inf rms=nan index_kv max=0 rms=0 index_score max=0 rms=0 raw max=0.125 rms=0.0093635 rows=1
ds4: dspark batch state audit batch-vs-exact layer=42 n_comp 26/26 n_index 26/26 attn_kv max=1.07116 rms=0.0459172 attn_score max=6.19084 rms=0.482612 index_kv max=0.601019 rms=0.0586163 index_score max=5.25631 rms=0.668158 raw max=0.0625 rms=0.00764075 rows=1
ds4: dspark batch state audit batch-vs-exact summary mismatch_layers=41 max=inf raw_rows=1 mtp_n_raw 0/0
ds4: dspark batch audit row=0 token=6552 batch_top=3402 exact_top=3402 batch_margin=13.645 exact_margin=13.654 logits_max=0.0495234 logits_rms=0.00955538
ds4: dspark batch audit row=1 token=3402 batch_top=108239 exact_top=108239 batch_margin=13.299 exact_margin=13.342 logits_max=0.108358 logits_rms=0.0198934
ds4: dspark batch state audit batch-vs-exact layer=1 n_comp 0/0 n_index 0/0 attn_kv max=0 rms=0 attn_score max=0 rms=0 index_kv max=0 rms=0 index_score max=0 rms=0 raw max=3.05176e-05 rms=9.53674e-07 rows=2
ds4: dspark batch state audit batch-vs-exact layer=2 n_comp 26/26 n_index 26/26 attn_kv max=8.56817e-07 rms=8.86214e-08 attn_score max=1.04308e-06 rms=1.28557e-07 index_kv max=1.19209e-06 rms=1.14708e-07 index_score max=2.38419e-06 rms=1.95464e-07 raw max=3.05176e-05 rms=9.53674e-07 rows=2
ds4: dspark batch state audit batch-vs-exact layer=3 n_comp 0/0 n_index 0/0 attn_kv max=7.89762e-06 rms=1.23707e-07 attn_score max=2.3365e-05 rms=nan index_kv max=0 rms=0 index_score max=0 rms=0 raw max=7.62939e-06 rms=2.42573e-07 rows=2
ds4: dspark batch state audit batch-vs-exact layer=4 n_comp 26/26 n_index 26/26 attn_kv max=7.22706e-06 rms=5.86825e-07 attn_score max=5.25713e-05 rms=8.83269e-06 index_kv max=1.71661e-05 rms=9.27457e-07 index_score max=5.10216e-05 rms=9.39667e-06 raw max=0.00012207 rms=4.27328e-06 rows=2
ds4: dspark batch state audit batch-vs-exact layer=5 n_comp 0/0 n_index 0/0 attn_kv max=1.72853e-06 rms=5.34394e-08 attn_score max=8.10623e-06 rms=nan index_kv max=0 rms=0 index_score max=0 rms=0 raw max=0.00012207 rms=3.84438e-06 rows=2
ds4: dspark batch state audit batch-vs-exact layer=6 n_comp 26/26 n_index 26/26 attn_kv max=4.94719e-06 rms=5.24395e-07 attn_score max=1.49012e-05 rms=1.95399e-06 index_kv max=4.28408e-06 rms=5.64172e-07 index_score max=1.28746e-05 rms=1.87065e-06 raw max=0.000488281 rms=1.52965e-05 rows=2
ds4: dspark batch state audit batch-vs-exact layer=7 n_comp 0/0 n_index 0/0 attn_kv max=4.67896e-06 rms=1.26663e-07 attn_score max=1.70469e-05 rms=nan index_kv max=0 rms=0 index_score max=0 rms=0 raw max=0.000488281 rms=1.5455e-05 rows=2
ds4: dspark batch state audit batch-vs-exact layer=8 n_comp 26/26 n_index 26/26 attn_kv max=2.65837e-05 rms=2.0959e-06 attn_score max=0.000123262 rms=2.25048e-05 index_kv max=2.56523e-05 rms=3.16751e-06 index_score max=0.00011754 rms=2.15214e-05 raw max=0.000976562 rms=4.32169e-05 rows=2
ds4: dspark batch state audit batch-vs-exact layer=9 n_comp 0/0 n_index 0/0 attn_kv max=7.94977e-06 rms=2.831e-07 attn_score max=1.89543e-05 rms=nan index_kv max=0 rms=0 index_score max=0 rms=0 raw max=0.00195312 rms=7.54044e-05 rows=2
ds4: dspark batch state audit batch-vs-exact layer=10 n_comp 26/26 n_index 26/26 attn_kv max=3.53456e-05 rms=3.3196e-06 attn_score max=0.00011766 rms=1.13085e-05 index_kv max=6.15418e-05 rms=4.53991e-06 index_score max=0.000112236 rms=1.22407e-05 raw max=0.000244141 rms=1.92707e-05 rows=2
ds4: dspark batch state audit batch-vs-exact layer=11 n_comp 0/0 n_index 0/0 attn_kv max=2.37226e-05 rms=3.26623e-07 attn_score max=5.85914e-05 rms=nan index_kv max=0 rms=0 index_score max=0 rms=0 raw max=0.015625 rms=0.000503332 rows=2
ds4: dspark batch state audit batch-vs-exact layer=12 n_comp 26/26 n_index 26/26 attn_kv max=5.77867e-05 rms=7.7754e-06 attn_score max=0.000291824 rms=6.33344e-05 index_kv max=0.000103712 rms=1.00783e-05 index_score max=0.000365257 rms=5.90612e-05 raw max=0.015625 rms=0.000692337 rows=2
ds4: dspark batch state audit batch-vs-exact layer=13 n_comp 0/0 n_index 0/0 attn_kv max=4.34183e-05 rms=1.154e-06 attn_score max=5.43594e-05 rms=nan index_kv max=0 rms=0 index_score max=0 rms=0 raw max=0.015625 rms=0.000517054 rows=2
ds4: dspark batch state audit batch-vs-exact layer=14 n_comp 26/26 n_index 26/26 attn_kv max=0.000143051 rms=1.10888e-05 attn_score max=0.000307798 rms=6.80816e-05 index_kv max=0.000299454 rms=1.81037e-05 index_score max=0.000323534 rms=6.53186e-05 raw max=0.125 rms=0.00393785 rows=2
ds4: dspark batch state audit batch-vs-exact layer=15 n_comp 0/0 n_index 0/0 attn_kv max=0.000327811 rms=6.73586e-06 attn_score max=0.00118566 rms=nan index_kv max=0 rms=0 index_score max=0 rms=0 raw max=0.0625 rms=0.00301026 rows=2
ds4: dspark batch state audit batch-vs-exact layer=16 n_comp 26/26 n_index 26/26 attn_kv max=0.000567257 rms=6.18304e-05 attn_score max=0.00166702 rms=0.000382163 index_kv max=0.000851378 rms=0.000101702 index_score max=0.00270748 rms=0.000383248 raw max=0.125 rms=0.00715562 rows=2
ds4: dspark batch state audit batch-vs-exact layer=17 n_comp 0/0 n_index 0/0 attn_kv max=0.00111948 rms=3.15224e-05 attn_score max=0.00266945 rms=nan index_kv max=0 rms=0 index_score max=0 rms=0 raw max=0.25 rms=0.0104481 rows=2
ds4: dspark batch state audit batch-vs-exact layer=18 n_comp 26/26 n_index 26/26 attn_kv max=0.000626657 rms=8.43361e-05 attn_score max=0.0041085 rms=0.000635769 index_kv max=0.00170875 rms=0.000137605 index_score max=0.00433826 rms=0.000648606 raw max=0.125 rms=0.00552257 rows=2
ds4: dspark batch state audit batch-vs-exact layer=19 n_comp 0/0 n_index 0/0 attn_kv max=0.000497695 rms=1.48111e-05 attn_score max=0.00135928 rms=nan index_kv max=0 rms=0 index_score max=0 rms=0 raw max=0.125 rms=0.00691749 rows=2
ds4: dspark batch state audit batch-vs-exact layer=20 n_comp 26/26 n_index 26/26 attn_kv max=0.00120836 rms=0.000141236 attn_score max=0.0109434 rms=0.00241751 index_kv max=0.00178204 rms=0.000196733 index_score max=0.0132945 rms=0.00241763 raw max=0.125 rms=0.00708922 rows=2
ds4: dspark batch state audit batch-vs-exact layer=21 n_comp 0/0 n_index 0/0 attn_kv max=0.000591554 rms=1.62411e-05 attn_score max=0.00128436 rms=nan index_kv max=0 rms=0 index_score max=0 rms=0 raw max=0.0625 rms=0.00502911 rows=2
ds4: dspark batch state audit batch-vs-exact layer=22 n_comp 26/26 n_index 26/26 attn_kv max=0.00272429 rms=0.000180145 attn_score max=0.00937653 rms=0.00127009 index_kv max=0.00483799 rms=0.000367457 index_score max=0.00933838 rms=0.0010506 raw max=0.125 rms=0.0076544 rows=2
ds4: dspark batch state audit batch-vs-exact layer=23 n_comp 0/0 n_index 0/0 attn_kv max=0.000599325 rms=1.64392e-05 attn_score max=0.00138569 rms=nan index_kv max=0 rms=0 index_score max=0 rms=0 raw max=0.125 rms=0.00538226 rows=2
ds4: dspark batch state audit batch-vs-exact layer=24 n_comp 26/26 n_index 26/26 attn_kv max=0.00193799 rms=0.0001544 attn_score max=0.00549284 rms=0.000648358 index_kv max=0.00196493 rms=0.000230709 index_score max=0.00513661 rms=0.000715612 raw max=0.125 rms=0.00512395 rows=2
ds4: dspark batch state audit batch-vs-exact layer=25 n_comp 0/0 n_index 0/0 attn_kv max=0.000362284 rms=9.60362e-06 attn_score max=0.00141358 rms=nan index_kv max=0 rms=0 index_score max=0 rms=0 raw max=0.0625 rms=0.00536326 rows=2
ds4: dspark batch state audit batch-vs-exact layer=26 n_comp 26/26 n_index 26/26 attn_kv max=0.000777461 rms=7.13212e-05 attn_score max=0.00229883 rms=0.000470351 index_kv max=0.00116062 rms=9.11506e-05 index_score max=0.00341415 rms=0.000474961 raw max=0.125 rms=0.00755939 rows=2
ds4: dspark batch state audit batch-vs-exact layer=27 n_comp 0/0 n_index 0/0 attn_kv max=0.000483114 rms=1.6261e-05 attn_score max=0.00162369 rms=nan index_kv max=0 rms=0 index_score max=0 rms=0 raw max=0.125 rms=0.00598001 rows=2
ds4: dspark batch state audit batch-vs-exact layer=28 n_comp 26/26 n_index 26/26 attn_kv max=0.000874341 rms=9.67596e-05 attn_score max=0.00229979 rms=0.000382081 index_kv max=0.000978306 rms=0.000111213 index_score max=0.00221133 rms=0.000383212 raw max=0.125 rms=0.00632 rows=2
ds4: dspark batch state audit batch-vs-exact layer=29 n_comp 0/0 n_index 0/0 attn_kv max=0.00149328 rms=2.60653e-05 attn_score max=0.00264913 rms=nan index_kv max=0 rms=0 index_score max=0 rms=0 raw max=0.125 rms=0.00927128 rows=2
ds4: dspark batch state audit batch-vs-exact layer=30 n_comp 26/26 n_index 26/26 attn_kv max=0.0023164 rms=0.000188509 attn_score max=0.00977135 rms=0.00142565 index_kv max=0.00206462 rms=0.000239252 index_score max=0.0118608 rms=0.00143489 raw max=0.0625 rms=0.00620025 rows=2
ds4: dspark batch state audit batch-vs-exact layer=31 n_comp 0/0 n_index 0/0 attn_kv max=0.000622541 rms=1.78891e-05 attn_score max=0.00135446 rms=nan index_kv max=0 rms=0 index_score max=0 rms=0 raw max=0.25 rms=0.00930319 rows=2
ds4: dspark batch state audit batch-vs-exact layer=32 n_comp 26/26 n_index 26/26 attn_kv max=0.00176173 rms=0.000101383 attn_score max=0.00564122 rms=0.00128913 index_kv max=0.00126946 rms=0.000130679 index_score max=0.00615263 rms=0.00118141 raw max=0.0625 rms=0.00426467 rows=2
ds4: dspark batch state audit batch-vs-exact layer=33 n_comp 0/0 n_index 0/0 attn_kv max=0.000814274 rms=2.65136e-05 attn_score max=0.00159317 rms=nan index_kv max=0 rms=0 index_score max=0 rms=0 raw max=0.25 rms=0.0128898 rows=2
ds4: dspark batch state audit batch-vs-exact layer=34 n_comp 26/26 n_index 26/26 attn_kv max=0.00212705 rms=0.000147743 attn_score max=0.0391874 rms=0.00594016 index_kv max=0.00194899 rms=0.000189343 index_score max=0.0384433 rms=0.00582471 raw max=0.125 rms=0.0081245 rows=2
ds4: dspark batch state audit batch-vs-exact layer=35 n_comp 0/0 n_index 0/0 attn_kv max=0.0014866 rms=4.45586e-05 attn_score max=0.00238061 rms=nan index_kv max=0 rms=0 index_score max=0 rms=0 raw max=0.125 rms=0.0111934 rows=2
ds4: dspark batch state audit batch-vs-exact layer=36 n_comp 26/26 n_index 26/26 attn_kv max=0.00215143 rms=0.000222089 attn_score max=0.0148859 rms=0.00272895 index_kv max=0.00166476 rms=0.000242043 index_score max=0.0143602 rms=0.00283194 raw max=0.125 rms=0.00902625 rows=2
ds4: dspark batch state audit batch-vs-exact layer=37 n_comp 0/0 n_index 0/0 attn_kv max=0.0012158 rms=1.52825e-05 attn_score max=0.00372946 rms=nan index_kv max=0 rms=0 index_score max=0 rms=0 raw max=0.125 rms=0.0117865 rows=2
ds4: dspark batch state audit batch-vs-exact layer=38 n_comp 26/26 n_index 26/26 attn_kv max=0.00357771 rms=0.000404872 attn_score max=0.0233407 rms=0.00271874 index_kv max=0.00801206 rms=0.0005674 index_score max=0.0136371 rms=0.002641 raw max=0.0625 rms=0.00711362 rows=2
ds4: dspark batch state audit batch-vs-exact layer=39 n_comp 0/0 n_index 0/0 attn_kv max=0.00137669 rms=3.6747e-05 attn_score max=0.00298506 rms=nan index_kv max=0 rms=0 index_score max=0 rms=0 raw max=0.125 rms=0.00887592 rows=2
ds4: dspark batch state audit batch-vs-exact layer=40 n_comp 26/26 n_index 26/26 attn_kv max=0.00471699 rms=0.0004501 attn_score max=0.0734463 rms=0.0131211 index_kv max=0.0063533 rms=0.000663371 index_score max=0.0724659 rms=0.0127889 raw max=0.25 rms=0.0197779 rows=2
ds4: dspark batch state audit batch-vs-exact layer=41 n_comp 0/0 n_index 0/0 attn_kv max=0.00168083 rms=3.80136e-05 attn_score max=0.00314032 rms=nan index_kv max=0 rms=0 index_score max=0 rms=0 raw max=0.125 rms=0.0106737 rows=2
ds4: dspark batch state audit batch-vs-exact layer=42 n_comp 26/26 n_index 26/26 attn_kv max=0.00309353 rms=0.000206073 attn_score max=0.0120274 rms=0.00125764 index_kv max=0.0023123 rms=0.00024222 index_score max=0.0121499 rms=0.00157638 raw max=0.0625 rms=0.00630933 rows=2
ds4: dspark batch state audit batch-vs-exact summary mismatch_layers=42 max=0.25 raw_rows=2 mtp_n_raw 0/0
ds4: dspark batch audit row=0 token=39 batch_top=3316 exact_top=3316 batch_margin=14.343 exact_margin=14.360 logits_max=0.0988255 logits_rms=0.014039
ds4: dspark batch audit row=1 token=3316 batch_top=438 exact_top=438 batch_margin=13.687 exact_margin=13.725 logits_max=0.121428 logits_rms=0.0230481
ds4: dspark batch state audit batch-vs-exact layer=1 n_comp 0/0 n_index 0/0 attn_kv max=0 rms=0 attn_score max=0 rms=0 index_kv max=0 rms=0 index_score max=0 rms=0 raw max=0.000244141 rms=8.52992e-06 rows=2
ds4: dspark batch state audit batch-vs-exact layer=2 n_comp 27/27 n_index 27/27 attn_kv max=6.39446e-06 rms=4.85918e-07 attn_score max=1.3113e-05 rms=1.18551e-06 index_kv max=7.51019e-06 rms=6.3319e-07 index_score max=1.74642e-05 rms=1.46186e-06 raw max=0.000976562 rms=3.05771e-05 rows=2
ds4: dspark batch state audit batch-vs-exact layer=3 n_comp 0/0 n_index 0/0 attn_kv max=1.01328e-05 rms=1.6538e-07 attn_score max=2.38419e-05 rms=nan index_kv max=0 rms=0 index_score max=0 rms=0 raw max=0.000976562 rms=3.51708e-05 rows=2
ds4: dspark batch state audit batch-vs-exact layer=4 n_comp 27/27 n_index 27/27 attn_kv max=1.87457e-05 rms=1.08148e-06 attn_score max=3.30806e-05 rms=2.76433e-06 index_kv max=1.37985e-05 rms=1.38399e-06 index_score max=3.60012e-05 rms=2.81085e-06 raw max=0.000488281 rms=1.5454e-05 rows=2
ds4: dspark batch state audit batch-vs-exact layer=5 n_comp 0/0 n_index 0/0 attn_kv max=2.18675e-05 rms=3.18402e-07 attn_score max=6.06775e-05 rms=nan index_kv max=0 rms=0 index_score max=0 rms=0 raw max=0.00195312 rms=0.000131319 rows=2
ds4: dspark batch state audit batch-vs-exact layer=6 n_comp 27/27 n_index 27/27 attn_kv max=3.5584e-05 rms=3.92225e-06 attn_score max=0.000219345 rms=2.80506e-05 index_kv max=5.55515e-05 rms=4.51023e-06 index_score max=0.000170708 rms=2.64424e-05 raw max=0.0078125 rms=0.00025756 rows=2
ds4: dspark batch state audit batch-vs-exact layer=7 n_comp 0/0 n_index 0/0 attn_kv max=2.33948e-05 rms=7.17213e-07 attn_score max=6.36578e-05 rms=nan index_kv max=0 rms=0 index_score max=0 rms=0 raw max=0.00195312 rms=8.10056e-05 rows=2
ds4: dspark batch state audit batch-vs-exact layer=8 n_comp 27/27 n_index 27/27 attn_kv max=6.97598e-05 rms=5.61024e-06 attn_score max=0.000356227 rms=4.51754e-05 index_kv max=6.25253e-05 rms=7.73353e-06 index_score max=0.000304639 rms=4.63084e-05 raw max=0.015625 rms=0.000733377 rows=2
ds4: dspark batch state audit batch-vs-exact layer=9 n_comp 0/0 n_index 0/0 attn_kv max=3.63719e-05 rms=1.16819e-06 attn_score max=0.00010252 rms=nan index_kv max=0 rms=0 index_score max=0 rms=0 raw max=0.00195312 rms=8.26168e-05 rows=2
ds4: dspark batch state audit batch-vs-exact layer=10 n_comp 27/27 n_index 27/27 attn_kv max=8.22693e-05 rms=9.33094e-06 attn_score max=0.000424623 rms=4.22387e-05 index_kv max=0.000129104 rms=1.2463e-05 index_score max=0.000385284 rms=3.94027e-05 raw max=0.0625 rms=0.00239271 rows=2
ds4: dspark batch state audit batch-vs-exact layer=11 n_comp 0/0 n_index 0/0 attn_kv max=0.000214703 rms=4.34026e-06 attn_score max=0.000164852 rms=nan index_kv max=0 rms=0 index_score max=0 rms=0 raw max=0.0625 rms=0.00419706 rows=2
ds4: dspark batch state audit batch-vs-exact layer=12 n_comp 27/27 n_index 27/27 attn_kv max=0.000878036 rms=6.6766e-05 attn_score max=0.00201428 rms=0.000394415 index_kv max=0.000763357 rms=9.088e-05 index_score max=0.00222337 rms=0.000389122 raw max=0.125 rms=0.00500285 rows=2
ds4: dspark batch state audit batch-vs-exact layer=13 n_comp 0/0 n_index 0/0 attn_kv max=0.000363708 rms=1.02898e-05 attn_score max=0.000362277 rms=nan index_kv max=0 rms=0 index_score max=0 rms=0 raw max=0.0625 rms=0.00266568 rows=2
ds4: dspark batch state audit batch-vs-exact layer=14 n_comp 27/27 n_index 27/27 attn_kv max=0.000746638 rms=8.6333e-05 attn_score max=0.00321078 rms=0.000702302 index_kv max=0.00144011 rms=0.00013166 index_score max=0.00415933 rms=0.000666184 raw max=0.125 rms=0.00690388 rows=2
ds4: dspark batch state audit batch-vs-exact layer=15 n_comp 0/0 n_index 0/0 attn_kv max=0.000876725 rms=1.92409e-05 attn_score max=0.00186968 rms=nan index_kv max=0 rms=0 index_score max=0 rms=0 raw max=0.125 rms=0.00788187 rows=2
ds4: dspark batch state audit batch-vs-exact layer=16 n_comp 27/27 n_index 27/27 attn_kv max=0.0017947 rms=0.00021467 attn_score max=0.0134971 rms=0.00278037 index_kv max=0.00234747 rms=0.000367679 index_score max=0.0156026 rms=0.00273322 raw max=0.125 rms=0.00910551 rows=2
ds4: dspark batch state audit batch-vs-exact layer=17 n_comp 0/0 n_index 0/0 attn_kv max=0.00207049 rms=6.40182e-05 attn_score max=0.00484496 rms=nan index_kv max=0 rms=0 index_score max=0 rms=0 raw max=0.125 rms=0.0117511 rows=2
ds4: dspark batch state audit batch-vs-exact layer=18 n_comp 27/27 n_index 27/27 attn_kv max=0.00121294 rms=0.000146572 attn_score max=0.00778693 rms=0.00147423 index_kv max=0.00206253 rms=0.000226013 index_score max=0.00938034 rms=0.00146569 raw max=0.125 rms=0.0098546 rows=2
ds4: dspark batch state audit batch-vs-exact layer=19 n_comp 0/0 n_index 0/0 attn_kv max=0.00145844 rms=2.47089e-05 attn_score max=0.00330627 rms=nan index_kv max=0 rms=0 index_score max=0 rms=0 raw max=0.125 rms=0.0127414 rows=2
ds4: dspark batch state audit batch-vs-exact layer=20 n_comp 27/27 n_index 27/27 attn_kv max=0.00236623 rms=0.000244192 attn_score max=0.00711673 rms=0.00143625 index_kv max=0.00224829 rms=0.000334761 index_score max=0.0120816 rms=0.00147221 raw max=0.25 rms=0.0140153 rows=2
ds4: dspark batch state audit batch-vs-exact layer=21 n_comp 0/0 n_index 0/0 attn_kv max=0.00121764 rms=2.90877e-05 attn_score max=0.00226068 rms=nan index_kv max=0 rms=0 index_score max=0 rms=0 raw max=0.125 rms=0.0106807 rows=2
ds4: dspark batch state audit batch-vs-exact layer=22 n_comp 27/27 n_index 27/27 attn_kv max=0.00350532 rms=0.000268012 attn_score max=0.00573015 rms=0.000884748 index_kv max=0.00419134 rms=0.000422404 index_score max=0.00852406 rms=0.000987872 raw max=0.25 rms=0.0132932 rows=2
ds4: dspark batch state audit batch-vs-exact layer=23 n_comp 0/0 n_index 0/0 attn_kv max=0.00251001 rms=4.29778e-05 attn_score max=0.00330877 rms=nan index_kv max=0 rms=0 index_score max=0 rms=0 raw max=0.125 rms=0.00848287 rows=2
ds4: dspark batch state audit batch-vs-exact layer=24 n_comp 27/27 n_index 27/27 attn_kv max=0.00422287 rms=0.000322904 attn_score max=0.0177925 rms=0.00169906 index_kv max=0.00441492 rms=0.000477879 index_score max=0.0132401 rms=0.00147294 raw max=0.125 rms=0.00766878 rows=2
ds4: dspark batch state audit batch-vs-exact layer=25 n_comp 0/0 n_index 0/0 attn_kv max=0.000509452 rms=1.4437e-05 attn_score max=0.00213891 rms=nan index_kv max=0 rms=0 index_score max=0 rms=0 raw max=0.125 rms=0.00728656 rows=2
ds4: dspark batch state audit batch-vs-exact layer=26 n_comp 27/27 n_index 27/27 attn_kv max=0.00187466 rms=0.000133742 attn_score max=0.0112992 rms=0.00207384 index_kv max=0.00193214 rms=0.000173213 index_score max=0.0149375 rms=0.00204332 raw max=0.125 rms=0.00747793 rows=2
ds4: dspark batch state audit batch-vs-exact layer=27 n_comp 0/0 n_index 0/0 attn_kv max=0.000995118 rms=3.32772e-05 attn_score max=0.00221133 rms=nan index_kv max=0 rms=0 index_score max=0 rms=0 raw max=0.125 rms=0.0112717 rows=2
ds4: dspark batch state audit batch-vs-exact layer=28 n_comp 27/27 n_index 27/27 attn_kv max=0.00158769 rms=0.000160639 attn_score max=0.0100579 rms=0.00190378 index_kv max=0.00271106 rms=0.000182334 index_score max=0.011384 rms=0.0019881 raw max=0.125 rms=0.00914172 rows=2
ds4: dspark batch state audit batch-vs-exact layer=29 n_comp 0/0 n_index 0/0 attn_kv max=0.00093919 rms=3.08347e-05 attn_score max=0.00475344 rms=nan index_kv max=0 rms=0 index_score max=0 rms=0 raw max=0.125 rms=0.0111376 rows=2
ds4: dspark batch state audit batch-vs-exact layer=30 n_comp 27/27 n_index 27/27 attn_kv max=0.00265133 rms=0.000244305 attn_score max=0.0143743 rms=0.00189665 index_kv max=0.0023486 rms=0.000290283 index_score max=0.0113535 rms=0.00173143 raw max=0.0625 rms=0.00599682 rows=2
ds4: dspark batch state audit batch-vs-exact layer=31 n_comp 0/0 n_index 0/0 attn_kv max=0.000646204 rms=2.35383e-05 attn_score max=0.00142014 rms=nan index_kv max=0 rms=0 index_score max=0 rms=0 raw max=0.125 rms=0.00840058 rows=2
ds4: dspark batch state audit batch-vs-exact layer=32 n_comp 27/27 n_index 27/27 attn_kv max=0.00199771 rms=0.000154506 attn_score max=0.012506 rms=0.00217143 index_kv max=0.00274462 rms=0.000211414 index_score max=0.010908 rms=0.00200876 raw max=0.125 rms=0.00801228 rows=2
ds4: dspark batch state audit batch-vs-exact layer=33 n_comp 0/0 n_index 0/0 attn_kv max=0.000978395 rms=3.01954e-05 attn_score max=0.00198677 rms=nan index_kv max=0 rms=0 index_score max=0 rms=0 raw max=0.125 rms=0.00942246 rows=2
ds4: dspark batch state audit batch-vs-exact layer=34 n_comp 27/27 n_index 27/27 attn_kv max=0.00282189 rms=0.000193853 attn_score max=0.0358949 rms=0.00644181 index_kv max=0.00260231 rms=0.000225361 index_score max=0.0358505 rms=0.00634279 raw max=0.125 rms=0.00870157 rows=2
ds4: dspark batch state audit batch-vs-exact layer=35 n_comp 0/0 n_index 0/0 attn_kv max=0.0023551 rms=4.62684e-05 attn_score max=0.00280571 rms=nan index_kv max=0 rms=0 index_score max=0 rms=0 raw max=0.125 rms=0.0157928 rows=2
ds4: dspark batch state audit batch-vs-exact layer=36 n_comp 27/27 n_index 27/27 attn_kv max=0.0020104 rms=0.000215897 attn_score max=0.00964212 rms=0.00150376 index_kv max=0.0015443 rms=0.000232096 index_score max=0.00846076 rms=0.00152021 raw max=0.125 rms=0.0068416 rows=2
ds4: dspark batch state audit batch-vs-exact layer=37 n_comp 0/0 n_index 0/0 attn_kv max=0.000933453 rms=1.44652e-05 attn_score max=0.00351775 rms=nan index_kv max=0 rms=0 index_score max=0 rms=0 raw max=0.125 rms=0.00992383 rows=2
ds4: dspark batch state audit batch-vs-exact layer=38 n_comp 27/27 n_index 27/27 attn_kv max=0.00471699 rms=0.000485437 attn_score max=0.0383234 rms=0.00425936 index_kv max=0.00742847 rms=0.000754081 index_score max=0.0227898 rms=0.00433634 raw max=0.125 rms=0.0088331 rows=2
ds4: dspark batch state audit batch-vs-exact layer=39 n_comp 0/0 n_index 0/0 attn_kv max=0.00179484 rms=4.36524e-05 attn_score max=0.00365353 rms=nan index_kv max=0 rms=0 index_score max=0 rms=0 raw max=0.125 rms=0.00908291 rows=2
ds4: dspark batch state audit batch-vs-exact layer=40 n_comp 27/27 n_index 27/27 attn_kv max=0.00781208 rms=0.000615313 attn_score max=0.164184 rms=0.0255471 index_kv max=0.00979507 rms=0.0010385 index_score max=0.148784 rms=0.0248747 raw max=0.125 rms=0.0168616 rows=2
ds4: dspark batch state audit batch-vs-exact layer=41 n_comp 0/0 n_index 0/0 attn_kv max=0.00221737 rms=4.00994e-05 attn_score max=0.00406122 rms=nan index_kv max=0 rms=0 index_score max=0 rms=0 raw max=0.125 rms=0.013318 rows=2
ds4: dspark batch state audit batch-vs-exact layer=42 n_comp 27/27 n_index 27/27 attn_kv max=0.00453293 rms=0.000245317 attn_score max=0.016265 rms=0.00115041 index_kv max=0.00360814 rms=0.00028926 index_score max=0.0121072 rms=0.00125611 raw max=0.0625 rms=0.00803308 rows=2
ds4: dspark batch state audit batch-vs-exact summary mismatch_layers=42 max=0.25 raw_rows=2 mtp_n_raw 0/0
ds4: dspark batch audit row=0 token=223 batch_top=25 exact_top=25 batch_margin=2.356 exact_margin=2.355 logits_max=0.24398 logits_rms=0.0349014
ds4: dspark batch audit row=1 token=25 batch_top=201 exact_top=201 batch_margin=4.284 exact_margin=4.142 logits_max=0.966747 logits_rms=0.184415
ds4: dspark batch state audit batch-vs-exact layer=2 n_comp 28/28 n_index 28/28 attn_kv max=1.56462e-06 rms=1.4286e-07 attn_score max=2.17557e-06 rms=4.83939e-07 index_kv max=1.08778e-06 rms=1.85509e-07 index_score max=3.57628e-06 rms=4.90638e-07 raw max=0.000488281 rms=1.52886e-05 rows=2
ds4: dspark batch state audit batch-vs-exact layer=3 n_comp 0/0 n_index 0/0 attn_kv max=5.06639e-06 rms=9.07018e-08 attn_score max=1.53184e-05 rms=nan index_kv max=0 rms=0 index_score max=0 rms=0 raw max=6.10352e-05 rms=2.18839e-06 rows=2
ds4: dspark batch state audit batch-vs-exact layer=4 n_comp 28/28 n_index 28/28 attn_kv max=1.36718e-05 rms=9.60858e-07 attn_score max=4.41074e-05 rms=5.77312e-06 index_kv max=1.11237e-05 rms=1.20898e-06 index_score max=4.11272e-05 rms=6.05822e-06 raw max=0.00012207 rms=4.70617e-06 rows=2
ds4: dspark batch state audit batch-vs-exact layer=5 n_comp 0/0 n_index 0/0 attn_kv max=9.46224e-06 rms=2.6351e-07 attn_score max=3.32594e-05 rms=nan index_kv max=0 rms=0 index_score max=0 rms=0 raw max=0.03125 rms=0.000977094 rows=2
ds4: dspark batch state audit batch-vs-exact layer=6 n_comp 28/28 n_index 28/28 attn_kv max=4.35561e-05 rms=6.0925e-06 attn_score max=0.000160217 rms=3.77972e-05 index_kv max=7.45654e-05 rms=7.05199e-06 index_score max=0.000196218 rms=3.64977e-05 raw max=0.015625 rms=0.000614143 rows=2
ds4: dspark batch state audit batch-vs-exact layer=7 n_comp 0/0 n_index 0/0 attn_kv max=3.88287e-05 rms=1.25751e-06 attn_score max=0.000110626 rms=nan index_kv max=0 rms=0 index_score max=0 rms=0 raw max=0.015625 rms=0.000498923 rows=2
ds4: dspark batch state audit batch-vs-exact layer=8 n_comp 28/28 n_index 28/28 attn_kv max=8.92878e-05 rms=1.25186e-05 attn_score max=0.000636578 rms=0.000124855 index_kv max=9.4384e-05 rms=1.48544e-05 index_score max=0.00069952 rms=0.000124006 raw max=0.03125 rms=0.00146772 rows=2
ds4: dspark batch state audit batch-vs-exact layer=9 n_comp 0/0 n_index 0/0 attn_kv max=8.26176e-05 rms=2.04456e-06 attn_score max=0.000554085 rms=nan index_kv max=0 rms=0 index_score max=0 rms=0 raw max=0.03125 rms=0.00147027 rows=2
ds4: dspark batch state audit batch-vs-exact layer=10 n_comp 28/28 n_index 28/28 attn_kv max=0.000287361 rms=4.06777e-05 attn_score max=0.00142813 rms=0.0001991 index_kv max=0.000623703 rms=5.82396e-05 index_score max=0.00138187 rms=0.000208267 raw max=0.0625 rms=0.00248225 rows=2
ds4: dspark batch state audit batch-vs-exact layer=11 n_comp 0/0 n_index 0/0 attn_kv max=0.000187397 rms=4.93861e-06 attn_score max=0.000512391 rms=nan index_kv max=0 rms=0 index_score max=0 rms=0 raw max=0.03125 rms=0.0019759 rows=2
ds4: dspark batch state audit batch-vs-exact layer=12 n_comp 28/28 n_index 28/28 attn_kv max=0.000584364 rms=5.26758e-05 attn_score max=0.00220466 rms=0.000598399 index_kv max=0.00102806 rms=8.1669e-05 index_score max=0.0026021 rms=0.000574192 raw max=0.125 rms=0.00488431 rows=2
ds4: dspark batch state audit batch-vs-exact layer=13 n_comp 0/0 n_index 0/0 attn_kv max=0.000278484 rms=8.48845e-06 attn_score max=0.000344999 rms=nan index_kv max=0 rms=0 index_score max=0 rms=0 raw max=0.125 rms=0.00812274 rows=2
ds4: dspark batch state audit batch-vs-exact layer=14 n_comp 28/28 n_index 28/28 attn_kv max=0.00370502 rms=0.000223521 attn_score max=0.0134101 rms=0.00328319 index_kv max=0.00261843 rms=0.000336803 index_score max=0.0136967 rms=0.00303472 raw max=0.125 rms=0.00892935 rows=2
ds4: dspark batch state audit batch-vs-exact layer=15 n_comp 0/0 n_index 0/0 attn_kv max=0.00127829 rms=3.23684e-05 attn_score max=0.00506687 rms=nan index_kv max=0 rms=0 index_score max=0 rms=0 raw max=0.125 rms=0.0104358 rows=2
ds4: dspark batch state audit batch-vs-exact layer=16 n_comp 28/28 n_index 28/28 attn_kv max=0.00251371 rms=0.000445069 attn_score max=0.00877857 rms=0.00146694 index_kv max=0.00421154 rms=0.00067177 index_score max=0.0101233 rms=0.00151272 raw max=0.25 rms=0.0180383 rows=2
ds4: dspark batch state audit batch-vs-exact layer=17 n_comp 0/0 n_index 0/0 attn_kv max=0.00560291 rms=0.000118927 attn_score max=0.00911641 rms=nan index_kv max=0 rms=0 index_score max=0 rms=0 raw max=0.25 rms=0.0152968 rows=2
ds4: dspark batch state audit batch-vs-exact layer=18 n_comp 28/28 n_index 28/28 attn_kv max=0.00162008 rms=0.000267132 attn_score max=0.0114243 rms=0.00227116 index_kv max=0.00177873 rms=0.000362108 index_score max=0.0107574 rms=0.00214958 raw max=0.125 rms=0.00962852 rows=2
ds4: dspark batch state audit batch-vs-exact layer=19 n_comp 0/0 n_index 0/0 attn_kv max=0.0222329 rms=0.000456368 attn_score max=0.0369113 rms=nan index_kv max=0 rms=0 index_score max=0 rms=0 raw max=0.25 rms=0.0605949 rows=2
ds4: dspark batch state audit batch-vs-exact layer=20 n_comp 28/28 n_index 28/28 attn_kv max=0.0279095 rms=0.00295281 attn_score max=0.0890809 rms=0.0198811 index_kv max=0.0302203 rms=0.00340569 index_score max=0.235317 rms=0.0210993 raw max=0.25 rms=0.0535548 rows=2
ds4: dspark batch state audit batch-vs-exact layer=21 n_comp 0/0 n_index 0/0 attn_kv max=0.0139431 rms=0.000388684 attn_score max=0.0463374 rms=nan index_kv max=0 rms=0 index_score max=0 rms=0 raw max=0.25 rms=0.0423031 rows=2
ds4: dspark batch state audit batch-vs-exact layer=22 n_comp 28/28 n_index 28/28 attn_kv max=0.023686 rms=0.00252544 attn_score max=0.0515668 rms=0.00685014 index_kv max=0.0347111 rms=0.00388811 index_score max=0.052659 rms=0.00729366 raw max=0.5 rms=0.0354705 rows=2
ds4: dspark batch state audit batch-vs-exact layer=23 n_comp 0/0 n_index 0/0 attn_kv max=0.0816929 rms=0.0010745 attn_score max=0.059653 rms=nan index_kv max=0 rms=0 index_score max=0 rms=0 raw max=0.3125 rms=0.0724048 rows=2
ds4: dspark batch state audit batch-vs-exact layer=24 n_comp 28/28 n_index 28/28 attn_kv max=0.0521572 rms=0.00331235 attn_score max=0.149402 rms=0.0146258 index_kv max=0.040708 rms=0.00419016 index_score max=0.127435 rms=0.0147477 raw max=0.25 rms=0.0321504 rows=2
ds4: dspark batch state audit batch-vs-exact layer=25 n_comp 0/0 n_index 0/0 attn_kv max=0.0150222 rms=0.000236763 attn_score max=0.0433988 rms=nan index_kv max=0 rms=0 index_score max=0 rms=0 raw max=0.25 rms=0.0326769 rows=2
ds4: dspark batch state audit batch-vs-exact layer=26 n_comp 28/28 n_index 28/28 attn_kv max=0.0308138 rms=0.00253292 attn_score max=0.0811399 rms=0.00668728 index_kv max=0.0462434 rms=0.00275089 index_score max=0.0813298 rms=0.00664206 raw max=0.25 rms=0.051049 rows=2
ds4: dspark batch state audit batch-vs-exact layer=27 n_comp 0/0 n_index 0/0 attn_kv max=0.00890161 rms=0.0002976 attn_score max=0.0341865 rms=nan index_kv max=0 rms=0 index_score max=0 rms=0 raw max=0.25 rms=0.0348639 rows=2
ds4: dspark batch state audit batch-vs-exact layer=28 n_comp 28/28 n_index 28/28 attn_kv max=0.0416887 rms=0.00245335 attn_score max=0.221475 rms=0.0341443 index_kv max=0.0501073 rms=0.00295589 index_score max=0.268326 rms=0.0355945 raw max=0.25 rms=0.0524183 rows=2
ds4: dspark batch state audit batch-vs-exact layer=29 n_comp 0/0 n_index 0/0 attn_kv max=0.0270803 rms=0.000455742 attn_score max=0.0801617 rms=nan index_kv max=0 rms=0 index_score max=0 rms=0 raw max=0.25 rms=0.0466545 rows=2
ds4: dspark batch state audit batch-vs-exact layer=30 n_comp 28/28 n_index 28/28 attn_kv max=0.0254643 rms=0.00242634 attn_score max=0.0990335 rms=0.0106369 index_kv max=0.0415868 rms=0.00318357 index_score max=0.0796694 rms=0.0100529 raw max=0.267822 rms=0.0346374 rows=2
ds4: dspark batch state audit batch-vs-exact layer=31 n_comp 0/0 n_index 0/0 attn_kv max=0.0204878 rms=0.000498486 attn_score max=0.0439891 rms=nan index_kv max=0 rms=0 index_score max=0 rms=0 raw max=0.5 rms=0.0533856 rows=2
ds4: dspark batch state audit batch-vs-exact layer=32 n_comp 28/28 n_index 28/28 attn_kv max=0.0334232 rms=0.00326787 attn_score max=0.114671 rms=0.0115663 index_kv max=0.0416891 rms=0.00401041 index_score max=0.0882657 rms=0.010702 raw max=0.25 rms=0.0531824 rows=2
ds4: dspark batch state audit batch-vs-exact layer=33 n_comp 0/0 n_index 0/0 attn_kv max=0.0170553 rms=0.000405893 attn_score max=0.0421648 rms=nan index_kv max=0 rms=0 index_score max=0 rms=0 raw max=0.25 rms=0.0459925 rows=2
ds4: dspark batch state audit batch-vs-exact layer=34 n_comp 28/28 n_index 28/28 attn_kv max=0.057215 rms=0.00458866 attn_score max=0.383051 rms=0.0705804 index_kv max=0.0514837 rms=0.00508566 index_score max=0.388956 rms=0.0701643 raw max=0.359375 rms=0.0714707 rows=2
ds4: dspark batch state audit batch-vs-exact layer=35 n_comp 0/0 n_index 0/0 attn_kv max=0.0335344 rms=0.000912047 attn_score max=0.0812538 rms=nan index_kv max=0 rms=0 index_score max=0 rms=0 raw max=0.5 rms=0.0914015 rows=2
ds4: dspark batch state audit batch-vs-exact layer=36 n_comp 28/28 n_index 28/28 attn_kv max=0.0395512 rms=0.00238735 attn_score max=0.142108 rms=0.0233868 index_kv max=0.0292333 rms=0.00246678 index_score max=0.152473 rms=0.0244228 raw max=0.132812 rms=0.0316901 rows=2
ds4: dspark batch state audit batch-vs-exact layer=37 n_comp 0/0 n_index 0/0 attn_kv max=0.0189082 rms=0.000210581 attn_score max=0.088395 rms=nan index_kv max=0 rms=0 index_score max=0 rms=0 raw max=0.34375 rms=0.0726725 rows=2
ds4: dspark batch state audit batch-vs-exact layer=38 n_comp 28/28 n_index 28/28 attn_kv max=0.0537809 rms=0.00422337 attn_score max=0.214154 rms=0.0296536 index_kv max=0.054878 rms=0.00501292 index_score max=0.242506 rms=0.0288492 raw max=0.25 rms=0.0362931 rows=2
ds4: dspark batch state audit batch-vs-exact layer=39 n_comp 0/0 n_index 0/0 attn_kv max=0.0389029 rms=0.000742298 attn_score max=0.102192 rms=nan index_kv max=0 rms=0 index_score max=0 rms=0 raw max=0.355469 rms=0.0806376 rows=2
ds4: dspark batch state audit batch-vs-exact layer=40 n_comp 28/28 n_index 28/28 attn_kv max=0.0482116 rms=0.00811498 attn_score max=0.214756 rms=0.057645 index_kv max=0.0557761 rms=0.010232 index_score max=0.20397 rms=0.0556988 raw max=0.375 rms=0.0918162 rows=2
ds4: dspark batch state audit batch-vs-exact layer=41 n_comp 0/0 n_index 0/0 attn_kv max=0.0249789 rms=0.000473738 attn_score max=0.0530917 rms=nan index_kv max=0 rms=0 index_score max=0 rms=0 raw max=0.25 rms=0.0649235 rows=2
ds4: dspark batch state audit batch-vs-exact layer=42 n_comp 28/28 n_index 28/28 attn_kv max=0.038265 rms=0.00174054 attn_score max=0.0800073 rms=0.00629211 index_kv max=0.0270726 rms=0.00189547 index_score max=0.075915 rms=0.00736589 raw max=0.140625 rms=0.0213089 rows=2
ds4: dspark batch state audit batch-vs-exact summary mismatch_layers=41 max=0.5 raw_rows=2 mtp_n_raw 0/0
ds4: dspark batch audit row=0 token=2389 batch_top=4846 exact_top=4846 batch_margin=16.419 exact_margin=16.436 logits_max=0.110225 logits_rms=0.0216959
ds4: dspark batch audit row=1 token=4846 batch_top=59 exact_top=59 batch_margin=8.882 exact_margin=8.818 logits_max=0.229977 logits_rms=0.037799
ds4: dspark batch state audit batch-vs-exact layer=2 n_comp 29/29 n_index 29/29 attn_kv max=6.58631e-06 rms=6.95989e-07 attn_score max=1.23978e-05 rms=2.13002e-06 index_kv max=9.11951e-06 rms=9.71402e-07 index_score max=1.60933e-05 rms=2.47862e-06 raw max=6.10352e-05 rms=1.91571e-06 rows=2
ds4: dspark batch state audit batch-vs-exact layer=3 n_comp 0/0 n_index 0/0 attn_kv max=8.28505e-06 rms=1.66794e-07 attn_score max=2.38419e-05 rms=nan index_kv max=0 rms=0 index_score max=0 rms=0 raw max=0.000488281 rms=1.58741e-05 rows=2
ds4: dspark batch state audit batch-vs-exact layer=4 n_comp 29/29 n_index 29/29 attn_kv max=1.01328e-05 rms=9.59068e-07 attn_score max=4.69685e-05 rms=1.03626e-05 index_kv max=1.04308e-05 rms=1.17843e-06 index_score max=4.72069e-05 rms=1.06487e-05 raw max=0.000244141 rms=7.63033e-06 rows=2
ds4: dspark batch state audit batch-vs-exact layer=5 n_comp 0/0 n_index 0/0 attn_kv max=6.0685e-06 rms=1.39446e-07 attn_score max=1.52588e-05 rms=nan index_kv max=0 rms=0 index_score max=0 rms=0 raw max=0.000488281 rms=2.47565e-05 rows=2
ds4: dspark batch state audit batch-vs-exact layer=6 n_comp 29/29 n_index 29/29 attn_kv max=1.72853e-05 rms=1.98424e-06 attn_score max=5.24521e-05 rms=1.32647e-05 index_kv max=1.78814e-05 rms=2.42202e-06 index_score max=6.36578e-05 rms=1.32932e-05 raw max=0.000244141 rms=8.19537e-06 rows=2
ds4: dspark batch state audit batch-vs-exact layer=7 n_comp 0/0 n_index 0/0 attn_kv max=8.42661e-06 rms=2.24711e-07 attn_score max=2.45571e-05 rms=nan index_kv max=0 rms=0 index_score max=0 rms=0 raw max=0.000488281 rms=2.91768e-05 rows=2
ds4: dspark batch state audit batch-vs-exact layer=8 n_comp 29/29 n_index 29/29 attn_kv max=3.94583e-05 rms=3.71276e-06 attn_score max=0.000120163 rms=2.47859e-05 index_kv max=2.7433e-05 rms=5.33532e-06 index_score max=0.000123024 rms=2.45876e-05 raw max=0.0078125 rms=0.000246699 rows=2
ds4: dspark batch state audit batch-vs-exact layer=9 n_comp 0/0 n_index 0/0 attn_kv max=3.02196e-05 rms=6.53169e-07 attn_score max=7.06911e-05 rms=nan index_kv max=0 rms=0 index_score max=0 rms=0 raw max=0.000488281 rms=2.96177e-05 rows=2
ds4: dspark batch state audit batch-vs-exact layer=10 n_comp 29/29 n_index 29/29 attn_kv max=4.18909e-05 rms=7.02734e-06 attn_score max=0.000156879 rms=1.95598e-05 index_kv max=7.00951e-05 rms=9.30775e-06 index_score max=0.000152588 rms=2.07532e-05 raw max=0.000976562 rms=3.79048e-05 rows=2
ds4: dspark batch state audit batch-vs-exact layer=11 n_comp 0/0 n_index 0/0 attn_kv max=2.639e-05 rms=6.03996e-07 attn_score max=4.3869e-05 rms=nan index_kv max=0 rms=0 index_score max=0 rms=0 raw max=0.00390625 rms=0.000134132 rows=2
ds4: dspark batch state audit batch-vs-exact layer=12 n_comp 29/29 n_index 29/29 attn_kv max=6.03795e-05 rms=9.45709e-06 attn_score max=0.000314116 rms=9.02867e-05 index_kv max=0.000363588 rms=1.72436e-05 index_score max=0.000299096 rms=8.61e-05 raw max=0.03125 rms=0.00138826 rows=2
ds4: dspark batch state audit batch-vs-exact layer=13 n_comp 0/0 n_index 0/0 attn_kv max=6.63176e-05 rms=2.2588e-06 attn_score max=0.000195861 rms=nan index_kv max=0 rms=0 index_score max=0 rms=0 raw max=0.03125 rms=0.00154872 rows=2
ds4: dspark batch state audit batch-vs-exact layer=14 n_comp 29/29 n_index 29/29 attn_kv max=0.000429109 rms=5.01272e-05 attn_score max=0.00147915 rms=0.00036533 index_kv max=0.000506878 rms=7.9946e-05 index_score max=0.00133085 rms=0.000359052 raw max=0.125 rms=0.0056261 rows=2
ds4: dspark batch state audit batch-vs-exact layer=15 n_comp 0/0 n_index 0/0 attn_kv max=0.000650227 rms=1.32105e-05 attn_score max=0.00237334 rms=nan index_kv max=0 rms=0 index_score max=0 rms=0 raw max=0.125 rms=0.00813869 rows=2
ds4: dspark batch state audit batch-vs-exact layer=16 n_comp 29/29 n_index 29/29 attn_kv max=0.00104338 rms=0.000211719 attn_score max=0.00528637 rms=0.00162162 index_kv max=0.00139469 rms=0.000304747 index_score max=0.006598 rms=0.00160756 raw max=0.125 rms=0.00946474 rows=2
ds4: dspark batch state audit batch-vs-exact layer=17 n_comp 0/0 n_index 0/0 attn_kv max=0.00190984 rms=5.14531e-05 attn_score max=0.00298119 rms=nan index_kv max=0 rms=0 index_score max=0 rms=0 raw max=0.0625 rms=0.00389762 rows=2
ds4: dspark batch state audit batch-vs-exact layer=18 n_comp 29/29 n_index 29/29 attn_kv max=0.000840027 rms=0.000124249 attn_score max=0.00300264 rms=0.000875983 index_kv max=0.00107384 rms=0.000189728 index_score max=0.00314975 rms=0.000821096 raw max=0.125 rms=0.00605482 rows=2
ds4: dspark batch state audit batch-vs-exact layer=19 n_comp 0/0 n_index 0/0 attn_kv max=0.000452161 rms=1.55512e-05 attn_score max=0.0019114 rms=nan index_kv max=0 rms=0 index_score max=0 rms=0 raw max=0.125 rms=0.00987356 rows=2
ds4: dspark batch state audit batch-vs-exact layer=20 n_comp 29/29 n_index 29/29 attn_kv max=0.00187729 rms=0.000248432 attn_score max=0.00864911 rms=0.00295531 index_kv max=0.00179616 rms=0.000343955 index_score max=0.0100875 rms=0.00297212 raw max=0.25 rms=0.0124563 rows=2
ds4: dspark batch state audit batch-vs-exact layer=21 n_comp 0/0 n_index 0/0 attn_kv max=0.00101166 rms=2.22758e-05 attn_score max=0.00173783 rms=nan index_kv max=0 rms=0 index_score max=0 rms=0 raw max=0.25 rms=0.0100095 rows=2
ds4: dspark batch state audit batch-vs-exact layer=22 n_comp 29/29 n_index 29/29 attn_kv max=0.00268781 rms=0.000337323 attn_score max=0.00912094 rms=0.00193685 index_kv max=0.00451803 rms=0.000543399 index_score max=0.00931787 rms=0.00182954 raw max=0.125 rms=0.0100346 rows=2
ds4: dspark batch state audit batch-vs-exact layer=23 n_comp 0/0 n_index 0/0 attn_kv max=0.00158119 rms=4.0866e-05 attn_score max=0.00261223 rms=nan index_kv max=0 rms=0 index_score max=0 rms=0 raw max=0.25 rms=0.0115458 rows=2
ds4: dspark batch state audit batch-vs-exact layer=24 n_comp 29/29 n_index 29/29 attn_kv max=0.00348482 rms=0.000350441 attn_score max=0.0120206 rms=0.00280446 index_kv max=0.00326511 rms=0.000444181 index_score max=0.0134363 rms=0.00235979 raw max=0.125 rms=0.00755938 rows=2
ds4: dspark batch state audit batch-vs-exact layer=25 n_comp 0/0 n_index 0/0 attn_kv max=0.000488088 rms=1.2175e-05 attn_score max=0.00179762 rms=nan index_kv max=0 rms=0 index_score max=0 rms=0 raw max=0.0625 rms=0.00550627 rows=2
ds4: dspark batch state audit batch-vs-exact layer=26 n_comp 29/29 n_index 29/29 attn_kv max=0.00145657 rms=0.000161608 attn_score max=0.00557041 rms=0.00181198 index_kv max=0.00150633 rms=0.000185959 index_score max=0.00596285 rms=0.00177777 raw max=0.25 rms=0.010495 rows=2
ds4: dspark batch state audit batch-vs-exact layer=27 n_comp 0/0 n_index 0/0 attn_kv max=0.00105633 rms=2.35304e-05 attn_score max=0.00178695 rms=nan index_kv max=0 rms=0 index_score max=0 rms=0 raw max=0.125 rms=0.00934232 rows=2
ds4: dspark batch state audit batch-vs-exact layer=28 n_comp 29/29 n_index 29/29 attn_kv max=0.00107014 rms=0.000206859 attn_score max=0.0086875 rms=0.00183095 index_kv max=0.0017105 rms=0.000252446 index_score max=0.00689125 rms=0.00192484 raw max=0.0625 rms=0.00723531 rows=2
ds4: dspark batch state audit batch-vs-exact layer=29 n_comp 0/0 n_index 0/0 attn_kv max=0.00147812 rms=2.952e-05 attn_score max=0.00465578 rms=nan index_kv max=0 rms=0 index_score max=0 rms=0 raw max=0.125 rms=0.00778917 rows=2
ds4: dspark batch state audit batch-vs-exact layer=30 n_comp 29/29 n_index 29/29 attn_kv max=0.00180338 rms=0.000285389 attn_score max=0.0164461 rms=0.00294207 index_kv max=0.00192165 rms=0.00039402 index_score max=0.0174665 rms=0.00271931 raw max=0.0625 rms=0.00609588 rows=2
ds4: dspark batch state audit batch-vs-exact layer=31 n_comp 0/0 n_index 0/0 attn_kv max=0.000893161 rms=2.33072e-05 attn_score max=0.00120288 rms=nan index_kv max=0 rms=0 index_score max=0 rms=0 raw max=0.125 rms=0.00811318 rows=2
ds4: dspark batch state audit batch-vs-exact layer=32 n_comp 29/29 n_index 29/29 attn_kv max=0.00118579 rms=0.000220597 attn_score max=0.015348 rms=0.00461626 index_kv max=0.00141431 rms=0.000286697 index_score max=0.0171928 rms=0.00434216 raw max=0.0625 rms=0.00641678 rows=2
ds4: dspark batch state audit batch-vs-exact layer=33 n_comp 0/0 n_index 0/0 attn_kv max=0.00111149 rms=3.49843e-05 attn_score max=0.0022921 rms=nan index_kv max=0 rms=0 index_score max=0 rms=0 raw max=0.125 rms=0.0109657 rows=2
ds4: dspark batch state audit batch-vs-exact layer=34 n_comp 29/29 n_index 29/29 attn_kv max=0.00307614 rms=0.00031901 attn_score max=0.0216889 rms=0.00601141 index_kv max=0.00263545 rms=0.000413595 index_score max=0.0208526 rms=0.00586625 raw max=0.25 rms=0.012379 rows=2
ds4: dspark batch state audit batch-vs-exact layer=35 n_comp 0/0 n_index 0/0 attn_kv max=0.00340617 rms=5.45699e-05 attn_score max=0.00345161 rms=nan index_kv max=0 rms=0 index_score max=0 rms=0 raw max=0.125 rms=0.0131355 rows=2
ds4: dspark batch state audit batch-vs-exact layer=36 n_comp 29/29 n_index 29/29 attn_kv max=0.00248598 rms=0.000369596 attn_score max=0.00839543 rms=0.0021831 index_kv max=0.00301486 rms=0.00040115 index_score max=0.00846601 rms=0.00248396 raw max=0.125 rms=0.0116024 rows=2
ds4: dspark batch state audit batch-vs-exact layer=37 n_comp 0/0 n_index 0/0 attn_kv max=0.00162777 rms=2.07313e-05 attn_score max=0.00398111 rms=nan index_kv max=0 rms=0 index_score max=0 rms=0 raw max=0.125 rms=0.0102505 rows=2
ds4: dspark batch state audit batch-vs-exact layer=38 n_comp 29/29 n_index 29/29 attn_kv max=0.00661461 rms=0.000725812 attn_score max=0.0148709 rms=0.00348867 index_kv max=0.00922397 rms=0.000913563 index_score max=0.0107951 rms=0.00321018 raw max=0.25 rms=0.0113796 rows=2
ds4: dspark batch state audit batch-vs-exact layer=39 n_comp 0/0 n_index 0/0 attn_kv max=0.00233668 rms=5.25593e-05 attn_score max=0.00980935 rms=nan index_kv max=0 rms=0 index_score max=0 rms=0 raw max=0.125 rms=0.0132324 rows=2
ds4: dspark batch state audit batch-vs-exact layer=40 n_comp 29/29 n_index 29/29 attn_kv max=0.00501259 rms=0.000577896 attn_score max=0.0588379 rms=0.0137344 index_kv max=0.0041399 rms=0.000781907 index_score max=0.052561 rms=0.0134491 raw max=0.125 rms=0.0146626 rows=2
ds4: dspark batch state audit batch-vs-exact layer=41 n_comp 0/0 n_index 0/0 attn_kv max=0.00193897 rms=4.14933e-05 attn_score max=0.00631762 rms=nan index_kv max=0 rms=0 index_score max=0 rms=0 raw max=0.25 rms=0.0187439 rows=2
ds4: dspark batch state audit batch-vs-exact layer=42 n_comp 29/29 n_index 29/29 attn_kv max=0.0037199 rms=0.000472984 attn_score max=0.0182533 rms=0.00281655 index_kv max=0.00363539 rms=0.000524019 index_score max=0.019076 rms=0.00360504 raw max=0.5 rms=0.0184932 rows=2
ds4: dspark batch state audit batch-vs-exact summary mismatch_layers=41 max=0.5 raw_rows=2 mtp_n_raw 0/0
ds4: dspark batch audit row=0 token=6552 batch_top=3402 exact_top=3402 batch_margin=11.259 exact_margin=11.267 logits_max=0.0926914 logits_rms=0.0157868
ds4: dspark batch audit row=1 token=3402 batch_top=108239 exact_top=108239 batch_margin=10.637 exact_margin=10.621 logits_max=1.12141 logits_rms=0.22438
ds4: dspark batch state audit batch-vs-exact layer=1 n_comp 0/0 n_index 0/0 attn_kv max=0 rms=0 attn_score max=0 rms=0 index_kv max=0 rms=0 index_score max=0 rms=0 raw max=6.10352e-05 rms=1.90921e-06 rows=2
ds4: dspark batch state audit batch-vs-exact layer=3 n_comp 0/0 n_index 0/0 attn_kv max=1.34408e-05 rms=1.77289e-07 attn_score max=3.27453e-05 rms=nan index_kv max=0 rms=0 index_score max=0 rms=0 raw max=6.10352e-05 rms=1.90735e-06 rows=2
ds4: dspark batch state audit batch-vs-exact layer=4 n_comp 30/30 n_index 30/30 attn_kv max=1.35005e-05 rms=1.37514e-06 attn_score max=3.79682e-05 rms=5.84188e-06 index_kv max=1.13025e-05 rms=1.83327e-06 index_score max=3.37362e-05 rms=6.04368e-06 raw max=1.52588e-05 rms=8.25906e-07 rows=2
ds4: dspark batch state audit batch-vs-exact layer=5 n_comp 0/0 n_index 0/0 attn_kv max=5.29084e-06 rms=9.658e-08 attn_score max=1.43051e-05 rms=nan index_kv max=0 rms=0 index_score max=0 rms=0 raw max=0.000244141 rms=1.07922e-05 rows=2
ds4: dspark batch state audit batch-vs-exact layer=6 n_comp 30/30 n_index 30/30 attn_kv max=1.27554e-05 rms=1.61621e-06 attn_score max=6.1512e-05 rms=1.09337e-05 index_kv max=1.0252e-05 rms=1.80141e-06 index_score max=5.56707e-05 rms=1.07426e-05 raw max=0.0078125 rms=0.000244398 rows=2
ds4: dspark batch state audit batch-vs-exact layer=7 n_comp 0/0 n_index 0/0 attn_kv max=1.95205e-05 rms=6.04702e-07 attn_score max=8.33273e-05 rms=nan index_kv max=0 rms=0 index_score max=0 rms=0 raw max=0.015625 rms=0.000493033 rows=2
ds4: dspark batch state audit batch-vs-exact layer=8 n_comp 30/30 n_index 30/30 attn_kv max=0.000116736 rms=1.31542e-05 attn_score max=0.000432014 rms=7.12058e-05 index_kv max=0.000115186 rms=1.88091e-05 index_score max=0.00036478 rms=7.32387e-05 raw max=0.000976562 rms=5.9046e-05 rows=2
ds4: dspark batch state audit batch-vs-exact layer=9 n_comp 0/0 n_index 0/0 attn_kv max=2.50638e-05 rms=8.1438e-07 attn_score max=4.6134e-05 rms=nan index_kv max=0 rms=0 index_score max=0 rms=0 raw max=0.03125 rms=0.00140607 rows=2
ds4: dspark batch state audit batch-vs-exact layer=10 n_comp 30/30 n_index 30/30 attn_kv max=0.000293583 rms=4.28132e-05 attn_score max=0.000627398 rms=8.99005e-05 index_kv max=0.000385046 rms=4.80011e-05 index_score max=0.000439882 rms=9.32766e-05 raw max=0.015625 rms=0.000761212 rows=2
ds4: dspark batch state audit batch-vs-exact layer=11 n_comp 0/0 n_index 0/0 attn_kv max=0.000212915 rms=2.68318e-06 attn_score max=0.00018461 rms=nan index_kv max=0 rms=0 index_score max=0 rms=0 raw max=0.0625 rms=0.0030242 rows=2
ds4: dspark batch state audit batch-vs-exact layer=12 n_comp 30/30 n_index 30/30 attn_kv max=0.000523992 rms=7.12852e-05 attn_score max=0.00311613 rms=0.000927006 index_kv max=0.00215435 rms=0.000117254 index_score max=0.00318956 rms=0.000870519 raw max=0.125 rms=0.00467455 rows=2
ds4: dspark batch state audit batch-vs-exact layer=13 n_comp 0/0 n_index 0/0 attn_kv max=0.000305442 rms=7.72208e-06 attn_score max=0.000441432 rms=nan index_kv max=0 rms=0 index_score max=0 rms=0 raw max=0.0625 rms=0.00370486 rows=2
ds4: dspark batch state audit batch-vs-exact layer=14 n_comp 30/30 n_index 30/30 attn_kv max=0.00101054 rms=0.000110224 attn_score max=0.0031302 rms=0.000621863 index_kv max=0.00147653 rms=0.000167066 index_score max=0.00273597 rms=0.000607223 raw max=0.0625 rms=0.004741 rows=2
ds4: dspark batch state audit batch-vs-exact layer=15 n_comp 0/0 n_index 0/0 attn_kv max=0.000658549 rms=1.49128e-05 attn_score max=0.00172633 rms=nan index_kv max=0 rms=0 index_score max=0 rms=0 raw max=0.125 rms=0.00489871 rows=2
ds4: dspark batch state audit batch-vs-exact layer=16 n_comp 30/30 n_index 30/30 attn_kv max=0.0016101 rms=0.000180281 attn_score max=0.0124891 rms=0.00349175 index_kv max=0.0025655 rms=0.000287607 index_score max=0.0138848 rms=0.00343245 raw max=0.125 rms=0.00907119 rows=2
ds4: dspark batch state audit batch-vs-exact layer=17 n_comp 0/0 n_index 0/0 attn_kv max=0.00228837 rms=5.01868e-05 attn_score max=0.0047015 rms=nan index_kv max=0 rms=0 index_score max=0 rms=0 raw max=0.125 rms=0.0112057 rows=2
ds4: dspark batch state audit batch-vs-exact layer=18 n_comp 30/30 n_index 30/30 attn_kv max=0.001173 rms=0.000180044 attn_score max=0.00366569 rms=0.0010727 index_kv max=0.00137511 rms=0.000218329 index_score max=0.00365919 rms=0.00101938 raw max=0.25 rms=0.0139839 rows=2
ds4: dspark batch state audit batch-vs-exact layer=19 n_comp 0/0 n_index 0/0 attn_kv max=0.00818285 rms=7.5427e-05 attn_score max=0.0183302 rms=nan index_kv max=0 rms=0 index_score max=0 rms=0 raw max=0.25 rms=0.0202351 rows=2
ds4: dspark batch state audit batch-vs-exact layer=20 n_comp 30/30 n_index 30/30 attn_kv max=0.00677973 rms=0.000683771 attn_score max=0.0174661 rms=0.00454791 index_kv max=0.00579196 rms=0.000928896 index_score max=0.0183096 rms=0.00476412 raw max=0.125 rms=0.0154837 rows=2
ds4: dspark batch state audit batch-vs-exact layer=21 n_comp 0/0 n_index 0/0 attn_kv max=0.00808689 rms=7.91958e-05 attn_score max=0.00452282 rms=nan index_kv max=0 rms=0 index_score max=0 rms=0 raw max=0.125 rms=0.0166148 rows=2
ds4: dspark batch state audit batch-vs-exact layer=22 n_comp 30/30 n_index 30/30 attn_kv max=0.0302651 rms=0.00404284 attn_score max=0.0635451 rms=0.00911067 index_kv max=0.0531576 rms=0.00621386 index_score max=0.0670588 rms=0.00862471 raw max=0.25 rms=0.0352273 rows=2
ds4: dspark batch state audit batch-vs-exact layer=23 n_comp 0/0 n_index 0/0 attn_kv max=0.0199365 rms=0.000488849 attn_score max=0.0255351 rms=nan index_kv max=0 rms=0 index_score max=0 rms=0 raw max=0.25 rms=0.034433 rows=2
ds4: dspark batch state audit batch-vs-exact layer=24 n_comp 30/30 n_index 30/30 attn_kv max=0.0309839 rms=0.00401144 attn_score max=0.156355 rms=0.0251724 index_kv max=0.0541494 rms=0.00544232 index_score max=0.157259 rms=0.0251878 raw max=0.25 rms=0.0239129 rows=2
ds4: dspark batch state audit batch-vs-exact layer=25 n_comp 0/0 n_index 0/0 attn_kv max=0.00569297 rms=0.000154021 attn_score max=0.0121906 rms=nan index_kv max=0 rms=0 index_score max=0 rms=0 raw max=0.125 rms=0.0242485 rows=2
ds4: dspark batch state audit batch-vs-exact layer=26 n_comp 30/30 n_index 30/30 attn_kv max=0.0204664 rms=0.00293016 attn_score max=0.0552102 rms=0.00837315 index_kv max=0.0263674 rms=0.00303988 index_score max=0.0669859 rms=0.00981629 raw max=0.25 rms=0.0408664 rows=2
ds4: dspark batch state audit batch-vs-exact layer=27 n_comp 0/0 n_index 0/0 attn_kv max=0.00598964 rms=0.000174146 attn_score max=0.0168466 rms=nan index_kv max=0 rms=0 index_score max=0 rms=0 raw max=0.25 rms=0.0260678 rows=2
ds4: dspark batch state audit batch-vs-exact layer=28 n_comp 30/30 n_index 30/30 attn_kv max=0.0197164 rms=0.00266103 attn_score max=0.136743 rms=0.0280154 index_kv max=0.0265201 rms=0.00307597 index_score max=0.137817 rms=0.0273364 raw max=0.25 rms=0.0348562 rows=2
ds4: dspark batch state audit batch-vs-exact layer=29 n_comp 0/0 n_index 0/0 attn_kv max=0.0159152 rms=0.000275518 attn_score max=0.032225 rms=nan index_kv max=0 rms=0 index_score max=0 rms=0 raw max=0.25 rms=0.0347564 rows=2
ds4: dspark batch state audit batch-vs-exact layer=30 n_comp 30/30 n_index 30/30 attn_kv max=0.0276532 rms=0.00283803 attn_score max=0.0889064 rms=0.0216497 index_kv max=0.0217521 rms=0.00329041 index_score max=0.0673325 rms=0.0219425 raw max=0.143555 rms=0.0246098 rows=2
ds4: dspark batch state audit batch-vs-exact layer=31 n_comp 0/0 n_index 0/0 attn_kv max=0.0122602 rms=0.000339163 attn_score max=0.0279762 rms=nan index_kv max=0 rms=0 index_score max=0 rms=0 raw max=0.25 rms=0.0335292 rows=2
ds4: dspark batch state audit batch-vs-exact layer=32 n_comp 30/30 n_index 30/30 attn_kv max=0.0426069 rms=0.00377565 attn_score max=0.0957206 rms=0.014144 index_kv max=0.0399548 rms=0.00462718 index_score max=0.106861 rms=0.0164464 raw max=0.25 rms=0.0459676 rows=2
ds4: dspark batch state audit batch-vs-exact layer=33 n_comp 0/0 n_index 0/0 attn_kv max=0.0192023 rms=0.000477281 attn_score max=0.0388653 rms=nan index_kv max=0 rms=0 index_score max=0 rms=0 raw max=0.3125 rms=0.0548055 rows=2
ds4: dspark batch state audit batch-vs-exact layer=34 n_comp 30/30 n_index 30/30 attn_kv max=0.0705167 rms=0.00728721 attn_score max=0.354976 rms=0.0853395 index_kv max=0.0745289 rms=0.00832989 index_score max=0.365781 rms=0.0851836 raw max=0.375 rms=0.0819495 rows=2
ds4: dspark batch state audit batch-vs-exact layer=35 n_comp 0/0 n_index 0/0 attn_kv max=0.040155 rms=0.000982789 attn_score max=0.0562893 rms=nan index_kv max=0 rms=0 index_score max=0 rms=0 raw max=0.375 rms=0.0832226 rows=2
ds4: dspark batch state audit batch-vs-exact layer=36 n_comp 30/30 n_index 30/30 attn_kv max=0.0276242 rms=0.00333144 attn_score max=0.0853842 rms=0.00791216 index_kv max=0.0207778 rms=0.00317953 index_score max=0.0712293 rms=0.0080391 raw max=0.25 rms=0.0379438 rows=2
ds4: dspark batch state audit batch-vs-exact layer=37 n_comp 0/0 n_index 0/0 attn_kv max=0.034364 rms=0.000278032 attn_score max=0.0519183 rms=nan index_kv max=0 rms=0 index_score max=0 rms=0 raw max=0.285156 rms=0.0579365 rows=2
ds4: dspark batch state audit batch-vs-exact layer=38 n_comp 30/30 n_index 30/30 attn_kv max=0.0641386 rms=0.00535052 attn_score max=0.215001 rms=0.0349938 index_kv max=0.0805255 rms=0.00705728 index_score max=0.240006 rms=0.030845 raw max=0.25 rms=0.0365933 rows=2
ds4: dspark batch state audit batch-vs-exact layer=39 n_comp 0/0 n_index 0/0 attn_kv max=0.0502503 rms=0.000804312 attn_score max=0.13287 rms=nan index_kv max=0 rms=0 index_score max=0 rms=0 raw max=0.375 rms=0.0790972 rows=2
ds4: dspark batch state audit batch-vs-exact layer=40 n_comp 30/30 n_index 30/30 attn_kv max=0.0395974 rms=0.00410976 attn_score max=0.36137 rms=0.0854437 index_kv max=0.0511828 rms=0.00604664 index_score max=0.350307 rms=0.0848603 raw max=0.25 rms=0.044751 rows=2
ds4: dspark batch state audit batch-vs-exact layer=41 n_comp 0/0 n_index 0/0 attn_kv max=0.0183338 rms=0.000440357 attn_score max=0.0441332 rms=nan index_kv max=0 rms=0 index_score max=0 rms=0 raw max=0.25 rms=0.0486112 rows=2
ds4: dspark batch state audit batch-vs-exact layer=42 n_comp 30/30 n_index 30/30 attn_kv max=0.0262796 rms=0.00234927 attn_score max=0.0685202 rms=0.00757169 index_kv max=0.0222746 rms=0.00259167 index_score max=0.0512786 rms=0.00851959 raw max=0.125 rms=0.0197744 rows=2
ds4: dspark batch state audit batch-vs-exact summary mismatch_layers=41 max=0.375 raw_rows=2 mtp_n_raw 0/0
ds4: dspark batch audit row=0 token=39 batch_top=3316 exact_top=3316 batch_margin=14.876 exact_margin=14.901 logits_max=0.109165 logits_rms=0.0185553
ds4: dspark batch audit row=1 token=3316 batch_top=438 exact_top=438 batch_margin=13.417 exact_margin=13.415 logits_max=0.0930247 logits_rms=0.0204445
ds4: dspark batch state audit batch-vs-exact layer=2 n_comp 30/30 n_index 30/30 attn_kv max=3.05772e-05 rms=1.84684e-06 attn_score max=5.68032e-05 rms=4.13211e-06 index_kv max=2.98023e-05 rms=2.26156e-06 index_score max=5.71907e-05 rms=4.76668e-06 raw max=0.000976562 rms=3.38825e-05 rows=2
ds4: dspark batch state audit batch-vs-exact layer=3 n_comp 0/0 n_index 0/0 attn_kv max=1.75983e-05 rms=3.93293e-07 attn_score max=2.90871e-05 rms=nan index_kv max=0 rms=0 index_score max=0 rms=0 raw max=0.03125 rms=0.000977119 rows=2
ds4: dspark batch state audit batch-vs-exact layer=4 n_comp 30/30 n_index 30/30 attn_kv max=0.00020805 rms=1.66344e-05 attn_score max=0.0010972 rms=0.00012889 index_kv max=0.000379801 rms=2.24762e-05 index_score max=0.00111413 rms=0.000138462 raw max=0.015625 rms=0.00072765 rows=2
ds4: dspark batch state audit batch-vs-exact layer=5 n_comp 0/0 n_index 0/0 attn_kv max=0.000128821 rms=3.07684e-06 attn_score max=0.000236556 rms=nan index_kv max=0 rms=0 index_score max=0 rms=0 raw max=0.0625 rms=0.00243315 rows=2
ds4: dspark batch state audit batch-vs-exact layer=6 n_comp 30/30 n_index 30/30 attn_kv max=0.000492215 rms=4.48084e-05 attn_score max=0.00134766 rms=0.000223671 index_kv max=0.000486881 rms=5.10861e-05 index_score max=0.00194573 rms=0.000217921 raw max=0.0625 rms=0.00271653 rows=2
ds4: dspark batch state audit batch-vs-exact layer=7 n_comp 0/0 n_index 0/0 attn_kv max=0.000388771 rms=9.15296e-06 attn_score max=0.000427961 rms=nan index_kv max=0 rms=0 index_score max=0 rms=0 raw max=0.125 rms=0.00537305 rows=2
ds4: dspark batch state audit batch-vs-exact layer=8 n_comp 30/30 n_index 30/30 attn_kv max=0.00134673 rms=8.98012e-05 attn_score max=0.00228858 rms=0.000347643 index_kv max=0.00120431 rms=0.000128448 index_score max=0.00215101 rms=0.000352119 raw max=0.125 rms=0.0055343 rows=2
ds4: dspark batch state audit batch-vs-exact layer=9 n_comp 0/0 n_index 0/0 attn_kv max=0.000397658 rms=1.14294e-05 attn_score max=0.00215074 rms=nan index_kv max=0 rms=0 index_score max=0 rms=0 raw max=0.125 rms=0.00736057 rows=2
ds4: dspark batch state audit batch-vs-exact layer=10 n_comp 30/30 n_index 30/30 attn_kv max=0.00138518 rms=0.00017945 attn_score max=0.00351417 rms=0.000572442 index_kv max=0.001785 rms=0.000227349 index_score max=0.00404209 rms=0.000630934 raw max=0.0625 rms=0.00519918 rows=2
ds4: dspark batch state audit batch-vs-exact layer=11 n_comp 0/0 n_index 0/0 attn_kv max=0.000551268 rms=1.70309e-05 attn_score max=0.00111687 rms=nan index_kv max=0 rms=0 index_score max=0 rms=0 raw max=0.125 rms=0.00730387 rows=2
ds4: dspark batch state audit batch-vs-exact layer=12 n_comp 30/30 n_index 30/30 attn_kv max=0.0020335 rms=0.000187737 attn_score max=0.00757515 rms=0.00142351 index_kv max=0.00532973 rms=0.00031828 index_score max=0.00624847 rms=0.0013617 raw max=0.125 rms=0.00731943 rows=2
ds4: dspark batch state audit batch-vs-exact layer=13 n_comp 0/0 n_index 0/0 attn_kv max=0.000648715 rms=1.96936e-05 attn_score max=0.00117637 rms=nan index_kv max=0 rms=0 index_score max=0 rms=0 raw max=0.125 rms=0.0108973 rows=2
ds4: dspark batch state audit batch-vs-exact layer=14 n_comp 30/30 n_index 30/30 attn_kv max=0.00476307 rms=0.000270552 attn_score max=0.00930452 rms=0.001685 index_kv max=0.0043149 rms=0.000411243 index_score max=0.0103354 rms=0.00166831 raw max=0.25 rms=0.019125 rows=2
ds4: dspark batch state audit batch-vs-exact layer=15 n_comp 0/0 n_index 0/0 attn_kv max=0.00155186 rms=5.34753e-05 attn_score max=0.00679085 rms=nan index_kv max=0 rms=0 index_score max=0 rms=0 raw max=0.125 rms=0.0132172 rows=2
ds4: dspark batch state audit batch-vs-exact layer=16 n_comp 30/30 n_index 30/30 attn_kv max=0.00292596 rms=0.000426862 attn_score max=0.0135045 rms=0.00278961 index_kv max=0.0049001 rms=0.000689899 index_score max=0.0169792 rms=0.0029304 raw max=0.25 rms=0.0175285 rows=2
ds4: dspark batch state audit batch-vs-exact layer=17 n_comp 0/0 n_index 0/0 attn_kv max=0.00337367 rms=0.000121448 attn_score max=0.0091399 rms=nan index_kv max=0 rms=0 index_score max=0 rms=0 raw max=0.125 rms=0.015995 rows=2
ds4: dspark batch state audit batch-vs-exact layer=18 n_comp 30/30 n_index 30/30 attn_kv max=0.00255286 rms=0.000231552 attn_score max=0.0085555 rms=0.00125036 index_kv max=0.00241713 rms=0.000340577 index_score max=0.00910801 rms=0.00121029 raw max=0.125 rms=0.0112924 rows=2
ds4: dspark batch state audit batch-vs-exact layer=19 n_comp 0/0 n_index 0/0 attn_kv max=0.00175976 rms=4.29501e-05 attn_score max=0.00566494 rms=nan index_kv max=0 rms=0 index_score max=0 rms=0 raw max=0.125 rms=0.0103419 rows=2
ds4: dspark batch state audit batch-vs-exact layer=20 n_comp 30/30 n_index 30/30 attn_kv max=0.00405461 rms=0.000369254 attn_score max=0.010424 rms=0.00236247 index_kv max=0.0038818 rms=0.000547722 index_score max=0.0126038 rms=0.00240169 raw max=0.25 rms=0.0161269 rows=2
ds4: dspark batch state audit batch-vs-exact layer=21 n_comp 0/0 n_index 0/0 attn_kv max=0.00269377 rms=5.7878e-05 attn_score max=0.00935066 rms=nan index_kv max=0 rms=0 index_score max=0 rms=0 raw max=0.25 rms=0.0164882 rows=2
ds4: dspark batch state audit batch-vs-exact layer=22 n_comp 30/30 n_index 30/30 attn_kv max=0.00545534 rms=0.000528817 attn_score max=0.0184536 rms=0.00225955 index_kv max=0.00674397 rms=0.000875897 index_score max=0.022294 rms=0.00243802 raw max=0.25 rms=0.0175674 rows=2
ds4: dspark batch state audit batch-vs-exact layer=23 n_comp 0/0 n_index 0/0 attn_kv max=0.0079788 rms=9.52262e-05 attn_score max=0.00967693 rms=nan index_kv max=0 rms=0 index_score max=0 rms=0 raw max=0.25 rms=0.0195039 rows=2
ds4: dspark batch state audit batch-vs-exact layer=24 n_comp 30/30 n_index 30/30 attn_kv max=0.00457692 rms=0.000427849 attn_score max=0.0127001 rms=0.00179151 index_kv max=0.00386441 rms=0.000605058 index_score max=0.0100014 rms=0.00228118 raw max=0.125 rms=0.00978465 rows=2
ds4: dspark batch state audit batch-vs-exact layer=25 n_comp 0/0 n_index 0/0 attn_kv max=0.00120047 rms=1.8666e-05 attn_score max=0.00282636 rms=nan index_kv max=0 rms=0 index_score max=0 rms=0 raw max=0.125 rms=0.00868208 rows=2
ds4: dspark batch state audit batch-vs-exact layer=26 n_comp 30/30 n_index 30/30 attn_kv max=0.00511545 rms=0.000228302 attn_score max=0.0116992 rms=0.00242036 index_kv max=0.00386387 rms=0.000306518 index_score max=0.0142269 rms=0.00233173 raw max=0.125 rms=0.0103269 rows=2
ds4: dspark batch state audit batch-vs-exact layer=27 n_comp 0/0 n_index 0/0 attn_kv max=0.00207591 rms=4.02991e-05 attn_score max=0.00346541 rms=nan index_kv max=0 rms=0 index_score max=0 rms=0 raw max=0.25 rms=0.0150812 rows=2
ds4: dspark batch state audit batch-vs-exact layer=28 n_comp 30/30 n_index 30/30 attn_kv max=0.00315702 rms=0.000256262 attn_score max=0.0138531 rms=0.00231329 index_kv max=0.00449061 rms=0.000333825 index_score max=0.0115252 rms=0.00242128 raw max=0.125 rms=0.00981038 rows=2
ds4: dspark batch state audit batch-vs-exact layer=29 n_comp 0/0 n_index 0/0 attn_kv max=0.00232077 rms=4.98059e-05 attn_score max=0.00607669 rms=nan index_kv max=0 rms=0 index_score max=0 rms=0 raw max=0.25 rms=0.0166411 rows=2
ds4: dspark batch state audit batch-vs-exact layer=30 n_comp 30/30 n_index 30/30 attn_kv max=0.00288379 rms=0.000298454 attn_score max=0.0116315 rms=0.00190098 index_kv max=0.00287488 rms=0.000411275 index_score max=0.0132275 rms=0.00187796 raw max=0.25 rms=0.0121986 rows=2
ds4: dspark batch state audit batch-vs-exact layer=31 n_comp 0/0 n_index 0/0 attn_kv max=0.00128779 rms=3.87164e-05 attn_score max=0.00657582 rms=nan index_kv max=0 rms=0 index_score max=0 rms=0 raw max=0.125 rms=0.0142238 rows=2
ds4: dspark batch state audit batch-vs-exact layer=32 n_comp 30/30 n_index 30/30 attn_kv max=0.00296867 rms=0.000235801 attn_score max=0.0102997 rms=0.0025638 index_kv max=0.00299738 rms=0.000359542 index_score max=0.0127079 rms=0.00240049 raw max=0.0625 rms=0.00702286 rows=2
ds4: dspark batch state audit batch-vs-exact layer=33 n_comp 0/0 n_index 0/0 attn_kv max=0.00186299 rms=4.62277e-05 attn_score max=0.00589228 rms=nan index_kv max=0 rms=0 index_score max=0 rms=0 raw max=0.25 rms=0.0136888 rows=2
ds4: dspark batch state audit batch-vs-exact layer=34 n_comp 30/30 n_index 30/30 attn_kv max=0.00630683 rms=0.00029361 attn_score max=0.0923862 rms=0.0137617 index_kv max=0.00499225 rms=0.000453249 index_score max=0.0926361 rms=0.013632 raw max=0.125 rms=0.0153647 rows=2
ds4: dspark batch state audit batch-vs-exact layer=35 n_comp 0/0 n_index 0/0 attn_kv max=0.00401032 rms=6.82407e-05 attn_score max=0.00564218 rms=nan index_kv max=0 rms=0 index_score max=0 rms=0 raw max=0.25 rms=0.0168595 rows=2
ds4: dspark batch state audit batch-vs-exact layer=36 n_comp 30/30 n_index 30/30 attn_kv max=0.00334407 rms=0.000310178 attn_score max=0.0145807 rms=0.00222112 index_kv max=0.00264838 rms=0.00032121 index_score max=0.0132341 rms=0.00221705 raw max=0.125 rms=0.0137272 rows=2
ds4: dspark batch state audit batch-vs-exact layer=37 n_comp 0/0 n_index 0/0 attn_kv max=0.00444686 rms=3.47713e-05 attn_score max=0.0105042 rms=nan index_kv max=0 rms=0 index_score max=0 rms=0 raw max=0.125 rms=0.0119228 rows=2
ds4: dspark batch state audit batch-vs-exact layer=38 n_comp 30/30 n_index 30/30 attn_kv max=0.00492501 rms=0.000602571 attn_score max=0.0426226 rms=0.00625329 index_kv max=0.00808905 rms=0.000956579 index_score max=0.0422142 rms=0.00616567 raw max=0.0625 rms=0.00963699 rows=2
ds4: dspark batch state audit batch-vs-exact layer=39 n_comp 0/0 n_index 0/0 attn_kv max=0.00282921 rms=5.53858e-05 attn_score max=0.00644881 rms=nan index_kv max=0 rms=0 index_score max=0 rms=0 raw max=0.25 rms=0.0189886 rows=2
ds4: dspark batch state audit batch-vs-exact layer=40 n_comp 30/30 n_index 30/30 attn_kv max=0.00491881 rms=0.0005142 attn_score max=0.0603666 rms=0.00962314 index_kv max=0.00919932 rms=0.000942407 index_score max=0.0576863 rms=0.00943603 raw max=0.25 rms=0.0169854 rows=2
ds4: dspark batch state audit batch-vs-exact layer=41 n_comp 0/0 n_index 0/0 attn_kv max=0.00290185 rms=4.99564e-05 attn_score max=0.00696802 rms=nan index_kv max=0 rms=0 index_score max=0 rms=0 raw max=0.25 rms=0.0157029 rows=2
ds4: dspark batch state audit batch-vs-exact layer=42 n_comp 30/30 n_index 30/30 attn_kv max=0.0042316 rms=0.00029336 attn_score max=0.0214808 rms=0.00234465 index_kv max=0.00350977 rms=0.000352048 index_score max=0.0220191 rms=0.00315042 raw max=0.125 rms=0.008308 rows=2
ds4: dspark batch state audit batch-vs-exact summary mismatch_layers=41 max=0.25 raw_rows=2 mtp_n_raw 0/0
ds4: dspark batch audit row=0 token=223 batch_top=21 exact_top=21 batch_margin=3.370 exact_margin=3.371 logits_max=0.0276775 logits_rms=0.00406016
ds4: dspark batch audit row=1 token=21 batch_top=271 exact_top=271 batch_margin=0.664 exact_margin=0.666 logits_max=0.107511 logits_rms=0.0237378
ds4: dspark batch state audit batch-vs-exact layer=2 n_comp 31/31 n_index 31/31 attn_kv max=8.64267e-07 rms=1.16926e-07 attn_score max=1.90735e-06 rms=2.71019e-07 index_kv max=1.70618e-06 rms=1.67231e-07 index_score max=2.74181e-06 rms=3.19017e-07 raw max=0.00012207 rms=3.8147e-06 rows=2
ds4: dspark batch state audit batch-vs-exact layer=3 n_comp 0/0 n_index 0/0 attn_kv max=3.45334e-06 rms=9.15587e-08 attn_score max=1.0848e-05 rms=nan index_kv max=0 rms=0 index_score max=0 rms=0 raw max=3.05176e-05 rms=1.06791e-06 rows=2
ds4: dspark batch state audit batch-vs-exact layer=4 n_comp 31/31 n_index 31/31 attn_kv max=2.11373e-05 rms=1.97065e-06 attn_score max=5.17964e-05 rms=6.86014e-06 index_kv max=2.83718e-05 rms=2.50711e-06 index_score max=5.14984e-05 rms=7.73362e-06 raw max=0.00390625 rms=0.000122327 rows=2
ds4: dspark batch state audit batch-vs-exact layer=5 n_comp 0/0 n_index 0/0 attn_kv max=1.59647e-05 rms=3.37737e-07 attn_score max=2.19941e-05 rms=nan index_kv max=0 rms=0 index_score max=0 rms=0 raw max=0.03125 rms=0.000976803 rows=2
ds4: dspark batch state audit batch-vs-exact layer=6 n_comp 31/31 n_index 31/31 attn_kv max=5.74645e-05 rms=6.73734e-06 attn_score max=0.000199556 rms=3.13115e-05 index_kv max=6.61463e-05 rms=6.81957e-06 index_score max=0.000169754 rms=3.03474e-05 raw max=0.015625 rms=0.000578807 rows=2
ds4: dspark batch state audit batch-vs-exact layer=7 n_comp 0/0 n_index 0/0 attn_kv max=4.24981e-05 rms=1.17697e-06 attn_score max=6.28307e-05 rms=nan index_kv max=0 rms=0 index_score max=0 rms=0 raw max=0.03125 rms=0.000982073 rows=2
ds4: dspark batch state audit batch-vs-exact layer=8 n_comp 31/31 n_index 31/31 attn_kv max=0.00074321 rms=4.0722e-05 attn_score max=0.00277317 rms=0.000407554 index_kv max=0.000719428 rms=5.55083e-05 index_score max=0.00270414 rms=0.000388859 raw max=0.125 rms=0.00398881 rows=2
ds4: dspark batch state audit batch-vs-exact layer=9 n_comp 0/0 n_index 0/0 attn_kv max=0.000524204 rms=1.00727e-05 attn_score max=0.000704199 rms=nan index_kv max=0 rms=0 index_score max=0 rms=0 raw max=0.0625 rms=0.00368672 rows=2
ds4: dspark batch state audit batch-vs-exact layer=10 n_comp 31/31 n_index 31/31 attn_kv max=0.00124347 rms=0.000106833 attn_score max=0.00236344 rms=0.000376367 index_kv max=0.00216845 rms=0.000148089 index_score max=0.00384963 rms=0.000427445 raw max=0.0625 rms=0.00374046 rows=2
ds4: dspark batch state audit batch-vs-exact layer=11 n_comp 0/0 n_index 0/0 attn_kv max=0.000612199 rms=1.16503e-05 attn_score max=0.000916213 rms=nan index_kv max=0 rms=0 index_score max=0 rms=0 raw max=0.03125 rms=0.00291824 rows=2
ds4: dspark batch state audit batch-vs-exact layer=12 n_comp 31/31 n_index 31/31 attn_kv max=0.000937592 rms=0.000105519 attn_score max=0.00236702 rms=0.00050352 index_kv max=0.00193691 rms=0.000152088 index_score max=0.00256896 rms=0.000483216 raw max=0.0625 rms=0.00371283 rows=2
ds4: dspark batch state audit batch-vs-exact layer=13 n_comp 0/0 n_index 0/0 attn_kv max=0.000557631 rms=1.2997e-05 attn_score max=0.000702381 rms=nan index_kv max=0 rms=0 index_score max=0 rms=0 raw max=0.0625 rms=0.00424092 rows=2
ds4: dspark batch state audit batch-vs-exact layer=14 n_comp 31/31 n_index 31/31 attn_kv max=0.00176179 rms=0.000128516 attn_score max=0.00765324 rms=0.00130392 index_kv max=0.00189485 rms=0.00021187 index_score max=0.0089016 rms=0.00125509 raw max=0.125 rms=0.00915004 rows=2
ds4: dspark batch state audit batch-vs-exact layer=15 n_comp 0/0 n_index 0/0 attn_kv max=0.000844896 rms=2.72583e-05 attn_score max=0.00411621 rms=nan index_kv max=0 rms=0 index_score max=0 rms=0 raw max=0.125 rms=0.00859659 rows=2
ds4: dspark batch state audit batch-vs-exact layer=16 n_comp 31/31 n_index 31/31 attn_kv max=0.0020062 rms=0.000238364 attn_score max=0.00951958 rms=0.0026796 index_kv max=0.00270429 rms=0.000387906 index_score max=0.0117836 rms=0.00265858 raw max=0.125 rms=0.0098131 rows=2
ds4: dspark batch state audit batch-vs-exact layer=17 n_comp 0/0 n_index 0/0 attn_kv max=0.00318813 rms=9.22963e-05 attn_score max=0.0054251 rms=nan index_kv max=0 rms=0 index_score max=0 rms=0 raw max=0.25 rms=0.0127389 rows=2
ds4: dspark batch state audit batch-vs-exact layer=18 n_comp 31/31 n_index 31/31 attn_kv max=0.00171204 rms=0.000176197 attn_score max=0.00532532 rms=0.00107842 index_kv max=0.00186285 rms=0.000229577 index_score max=0.00656319 rms=0.00106979 raw max=0.125 rms=0.0126557 rows=2
ds4: dspark batch state audit batch-vs-exact layer=19 n_comp 0/0 n_index 0/0 attn_kv max=0.00167251 rms=3.43721e-05 attn_score max=0.00354719 rms=nan index_kv max=0 rms=0 index_score max=0 rms=0 raw max=0.125 rms=0.00886774 rows=2
ds4: dspark batch state audit batch-vs-exact layer=20 n_comp 31/31 n_index 31/31 attn_kv max=0.00198519 rms=0.000255308 attn_score max=0.0223866 rms=0.00424136 index_kv max=0.00391173 rms=0.000361325 index_score max=0.0266514 rms=0.00420762 raw max=0.125 rms=0.0137898 rows=2
ds4: dspark batch state audit batch-vs-exact layer=21 n_comp 0/0 n_index 0/0 attn_kv max=0.00163481 rms=3.13392e-05 attn_score max=0.00179832 rms=nan index_kv max=0 rms=0 index_score max=0 rms=0 raw max=0.25 rms=0.0147709 rows=2
ds4: dspark batch state audit batch-vs-exact layer=22 n_comp 31/31 n_index 31/31 attn_kv max=0.00299197 rms=0.000390621 attn_score max=0.0102954 rms=0.00133859 index_kv max=0.00357515 rms=0.000586859 index_score max=0.00982904 rms=0.00138616 raw max=0.125 rms=0.0106648 rows=2
ds4: dspark batch state audit batch-vs-exact layer=23 n_comp 0/0 n_index 0/0 attn_kv max=0.00322533 rms=7.83126e-05 attn_score max=0.00503755 rms=nan index_kv max=0 rms=0 index_score max=0 rms=0 raw max=0.125 rms=0.0150533 rows=2
ds4: dspark batch state audit batch-vs-exact layer=24 n_comp 31/31 n_index 31/31 attn_kv max=0.00374117 rms=0.000429787 attn_score max=0.0223775 rms=0.00321059 index_kv max=0.0053395 rms=0.000473289 index_score max=0.0181909 rms=0.00345323 raw max=0.125 rms=0.00840786 rows=2
ds4: dspark batch state audit batch-vs-exact layer=25 n_comp 0/0 n_index 0/0 attn_kv max=0.000841841 rms=1.85307e-05 attn_score max=0.00303335 rms=nan index_kv max=0 rms=0 index_score max=0 rms=0 raw max=0.125 rms=0.00792039 rows=2
ds4: dspark batch state audit batch-vs-exact layer=26 n_comp 31/31 n_index 31/31 attn_kv max=0.00250924 rms=0.000192003 attn_score max=0.0105314 rms=0.00214511 index_kv max=0.00204843 rms=0.000237438 index_score max=0.0142303 rms=0.00210146 raw max=0.25 rms=0.0133018 rows=2
ds4: dspark batch state audit batch-vs-exact layer=27 n_comp 0/0 n_index 0/0 attn_kv max=0.0015462 rms=4.18767e-05 attn_score max=0.00546455 rms=nan index_kv max=0 rms=0 index_score max=0 rms=0 raw max=0.25 rms=0.0164945 rows=2
ds4: dspark batch state audit batch-vs-exact layer=28 n_comp 31/31 n_index 31/31 attn_kv max=0.00209558 rms=0.000207168 attn_score max=0.0395942 rms=0.00643564 index_kv max=0.00575352 rms=0.000279498 index_score max=0.0350971 rms=0.0065436 raw max=0.125 rms=0.009094 rows=2
ds4: dspark batch state audit batch-vs-exact layer=29 n_comp 0/0 n_index 0/0 attn_kv max=0.00343313 rms=4.76227e-05 attn_score max=0.00489974 rms=nan index_kv max=0 rms=0 index_score max=0 rms=0 raw max=0.125 rms=0.0100105 rows=2
ds4: dspark batch state audit batch-vs-exact layer=30 n_comp 31/31 n_index 31/31 attn_kv max=0.00264072 rms=0.000239465 attn_score max=0.0203466 rms=0.00341543 index_kv max=0.00294477 rms=0.000367821 index_score max=0.0175257 rms=0.00340091 raw max=0.0625 rms=0.00691318 rows=2
ds4: dspark batch state audit batch-vs-exact layer=31 n_comp 0/0 n_index 0/0 attn_kv max=0.000940084 rms=3.30428e-05 attn_score max=0.00260746 rms=nan index_kv max=0 rms=0 index_score max=0 rms=0 raw max=0.25 rms=0.015723 rows=2
ds4: dspark batch state audit batch-vs-exact layer=32 n_comp 31/31 n_index 31/31 attn_kv max=0.0031818 rms=0.000216238 attn_score max=0.0398972 rms=0.00827179 index_kv max=0.00361834 rms=0.000325851 index_score max=0.0406908 rms=0.00781682 raw max=0.125 rms=0.0116516 rows=2
ds4: dspark batch state audit batch-vs-exact layer=33 n_comp 0/0 n_index 0/0 attn_kv max=0.00138071 rms=4.14508e-05 attn_score max=0.00273538 rms=nan index_kv max=0 rms=0 index_score max=0 rms=0 raw max=0.25 rms=0.0141826 rows=2
ds4: dspark batch state audit batch-vs-exact layer=34 n_comp 31/31 n_index 31/31 attn_kv max=0.00577921 rms=0.000305459 attn_score max=0.130295 rms=0.0224253 index_kv max=0.00425392 rms=0.000413017 index_score max=0.12874 rms=0.0220652 raw max=0.125 rms=0.0145593 rows=2
ds4: dspark batch state audit batch-vs-exact layer=35 n_comp 0/0 n_index 0/0 attn_kv max=0.0027563 rms=7.00852e-05 attn_score max=0.00417948 rms=nan index_kv max=0 rms=0 index_score max=0 rms=0 raw max=0.125 rms=0.0176935 rows=2
ds4: dspark batch state audit batch-vs-exact layer=36 n_comp 31/31 n_index 31/31 attn_kv max=0.00267434 rms=0.000243086 attn_score max=0.00778008 rms=0.00117714 index_kv max=0.00169862 rms=0.000256699 index_score max=0.00772816 rms=0.00124044 raw max=0.125 rms=0.0118262 rows=2
ds4: dspark batch state audit batch-vs-exact layer=37 n_comp 0/0 n_index 0/0 attn_kv max=0.00232425 rms=2.66724e-05 attn_score max=0.00590694 rms=nan index_kv max=0 rms=0 index_score max=0 rms=0 raw max=0.0625 rms=0.00903146 rows=2
ds4: dspark batch state audit batch-vs-exact layer=38 n_comp 31/31 n_index 31/31 attn_kv max=0.00548178 rms=0.000429744 attn_score max=0.0175105 rms=0.00262725 index_kv max=0.0075485 rms=0.000627389 index_score max=0.0130385 rms=0.00241952 raw max=0.125 rms=0.0103088 rows=2
ds4: dspark batch state audit batch-vs-exact layer=39 n_comp 0/0 n_index 0/0 attn_kv max=0.00290772 rms=6.31411e-05 attn_score max=0.0104483 rms=nan index_kv max=0 rms=0 index_score max=0 rms=0 raw max=0.125 rms=0.0179256 rows=2
ds4: dspark batch state audit batch-vs-exact layer=40 n_comp 31/31 n_index 31/31 attn_kv max=0.00295173 rms=0.000349374 attn_score max=0.0547829 rms=0.0100931 index_kv max=0.00582439 rms=0.000596014 index_score max=0.0508394 rms=0.00986975 raw max=0.125 rms=0.0158364 rows=2
ds4: dspark batch state audit batch-vs-exact layer=41 n_comp 0/0 n_index 0/0 attn_kv max=0.002327 rms=4.01742e-05 attn_score max=0.00803256 rms=nan index_kv max=0 rms=0 index_score max=0 rms=0 raw max=0.125 rms=0.0111474 rows=2
ds4: dspark batch state audit batch-vs-exact layer=42 n_comp 31/31 n_index 31/31 attn_kv max=0.00224721 rms=0.000208448 attn_score max=0.0128413 rms=0.00130231 index_kv max=0.00244079 rms=0.000240713 index_score max=0.0122907 rms=0.00167744 raw max=0.125 rms=0.007627 rows=2
ds4: dspark batch state audit batch-vs-exact summary mismatch_layers=41 max=0.25 raw_rows=2 mtp_n_raw 0/0
ds4: dspark batch audit row=0 token=5 batch_top=42237 exact_top=42237 batch_margin=11.649 exact_margin=11.649 logits_max=0.140961 logits_rms=0.0243173
ds4: dspark batch audit row=1 token=42237 batch_top=201 exact_top=201 batch_margin=9.667 exact_margin=9.533 logits_max=1.00965 logits_rms=0.196576
ds4: dspark batch state audit batch-vs-exact layer=3 n_comp 1/1 n_index 0/0 attn_kv max=4.75347e-06 rms=1.18275e-07 attn_score max=1.32322e-05 rms=2.34518e-07 index_kv max=0 rms=0 index_score max=0 rms=0 raw max=0.000976562 rms=3.05253e-05 rows=2
ds4: dspark batch state audit batch-vs-exact layer=4 n_comp 32/32 n_index 32/32 attn_kv max=4.79817e-06 rms=6.87804e-07 attn_score max=2.67029e-05 rms=3.46095e-06 index_kv max=1.35899e-05 rms=1.07942e-06 index_score max=2.6226e-05 rms=3.83878e-06 raw max=0.000976562 rms=3.05176e-05 rows=2
ds4: dspark batch state audit batch-vs-exact layer=5 n_comp 1/1 n_index 0/0 attn_kv max=3.98979e-06 rms=1.06379e-07 attn_score max=9.92417e-06 rms=1.99055e-07 index_kv max=0 rms=0 index_score max=0 rms=0 raw max=0.00195312 rms=6.11041e-05 rows=2
ds4: dspark batch state audit batch-vs-exact layer=6 n_comp 32/32 n_index 32/32 attn_kv max=1.15484e-05 rms=1.33992e-06 attn_score max=2.90871e-05 rms=7.16645e-06 index_kv max=1.35601e-05 rms=1.62773e-06 index_score max=3.62396e-05 rms=6.85269e-06 raw max=0.00012207 rms=5.72205e-06 rows=2
ds4: dspark batch state audit batch-vs-exact layer=7 n_comp 1/1 n_index 0/0 attn_kv max=6.33299e-06 rms=2.12367e-07 attn_score max=2.46763e-05 rms=3.2557e-07 index_kv max=0 rms=0 index_score max=0 rms=0 raw max=0.015625 rms=0.00048896 rows=2
ds4: dspark batch state audit batch-vs-exact layer=8 n_comp 32/32 n_index 32/32 attn_kv max=5.69522e-05 rms=5.34014e-06 attn_score max=0.000564009 rms=7.41558e-05 index_kv max=5.67436e-05 rms=7.21209e-06 index_score max=0.000588179 rms=7.28848e-05 raw max=0.03125 rms=0.000979051 rows=2
ds4: dspark batch state audit batch-vs-exact layer=9 n_comp 1/1 n_index 0/0 attn_kv max=7.91587e-05 rms=1.71402e-06 attn_score max=8.77976e-05 rms=1.70126e-06 index_kv max=0 rms=0 index_score max=0 rms=0 raw max=0.0078125 rms=0.000420703 rows=2
ds4: dspark batch state audit batch-vs-exact layer=10 n_comp 32/32 n_index 32/32 attn_kv max=8.88854e-05 rms=9.17546e-06 attn_score max=0.000228763 rms=2.33184e-05 index_kv max=0.00011301 rms=1.08384e-05 index_score max=0.000331432 rms=2.62894e-05 raw max=0.0078125 rms=0.000249587 rows=2
ds4: dspark batch state audit batch-vs-exact layer=11 n_comp 1/1 n_index 0/0 attn_kv max=5.71124e-05 rms=9.46209e-07 attn_score max=0.000176072 rms=1.6305e-06 index_kv max=0 rms=0 index_score max=0 rms=0 raw max=0.0625 rms=0.00208641 rows=2
ds4: dspark batch state audit batch-vs-exact layer=12 n_comp 32/32 n_index 32/32 attn_kv max=0.000349592 rms=3.63862e-05 attn_score max=0.000830173 rms=0.000154576 index_kv max=0.000635624 rms=5.13383e-05 index_score max=0.000866175 rms=0.000136999 raw max=0.125 rms=0.00520592 rows=2
ds4: dspark batch state audit batch-vs-exact layer=13 n_comp 1/1 n_index 0/0 attn_kv max=0.000314586 rms=1.02533e-05 attn_score max=0.000813842 rms=1.61287e-05 index_kv max=0 rms=0 index_score max=0 rms=0 raw max=0.125 rms=0.00579743 rows=2
ds4: dspark batch state audit batch-vs-exact layer=14 n_comp 32/32 n_index 32/32 attn_kv max=0.000861973 rms=0.000122658 attn_score max=0.00401723 rms=0.000876902 index_kv max=0.00131512 rms=0.000177096 index_score max=0.00520355 rms=0.000882812 raw max=0.125 rms=0.00698781 rows=2
ds4: dspark batch state audit batch-vs-exact layer=15 n_comp 1/1 n_index 0/0 attn_kv max=0.000740584 rms=2.19235e-05 attn_score max=0.00468528 rms=7.21393e-05 index_kv max=0 rms=0 index_score max=0 rms=0 raw max=0.125 rms=0.0105475 rows=2
ds4: dspark batch state audit batch-vs-exact layer=16 n_comp 32/32 n_index 32/32 attn_kv max=0.00144093 rms=0.000268786 attn_score max=0.0106468 rms=0.00278965 index_kv max=0.00243337 rms=0.00045107 index_score max=0.0108955 rms=0.00272662 raw max=0.125 rms=0.0100011 rows=2
ds4: dspark batch state audit batch-vs-exact layer=17 n_comp 1/1 n_index 0/0 attn_kv max=0.00184771 rms=6.64946e-05 attn_score max=0.00566 rms=0.00017609 index_kv max=0 rms=0 index_score max=0 rms=0 raw max=0.125 rms=0.00849839 rows=2
ds4: dspark batch state audit batch-vs-exact layer=18 n_comp 32/32 n_index 32/32 attn_kv max=0.000970557 rms=0.000156932 attn_score max=0.00368857 rms=0.000935744 index_kv max=0.00180594 rms=0.000212585 index_score max=0.00467205 rms=0.000914523 raw max=0.125 rms=0.00752518 rows=2
ds4: dspark batch state audit batch-vs-exact layer=19 n_comp 1/1 n_index 0/0 attn_kv max=0.00102438 rms=2.29919e-05 attn_score max=0.00236559 rms=4.54785e-05 index_kv max=0 rms=0 index_score max=0 rms=0 raw max=0.125 rms=0.0116052 rows=2
ds4: dspark batch state audit batch-vs-exact layer=20 n_comp 32/32 n_index 32/32 attn_kv max=0.00173536 rms=0.00026149 attn_score max=0.0146437 rms=0.00346332 index_kv max=0.00283359 rms=0.000367713 index_score max=0.0209985 rms=0.00356979 raw max=0.125 rms=0.0103993 rows=2
ds4: dspark batch state audit batch-vs-exact layer=21 n_comp 1/1 n_index 0/0 attn_kv max=0.0012131 rms=2.72024e-05 attn_score max=0.00264904 rms=5.29653e-05 index_kv max=0 rms=0 index_score max=0 rms=0 raw max=0.125 rms=0.00934524 rows=2
ds4: dspark batch state audit batch-vs-exact layer=22 n_comp 32/32 n_index 32/32 attn_kv max=0.00283955 rms=0.000269768 attn_score max=0.010415 rms=0.00197942 index_kv max=0.00285366 rms=0.000441852 index_score max=0.0104582 rms=0.00206368 raw max=0.125 rms=0.00731232 rows=2
ds4: dspark batch state audit batch-vs-exact layer=23 n_comp 1/1 n_index 0/0 attn_kv max=0.00298476 rms=4.1483e-05 attn_score max=0.00323361 rms=0.000101908 index_kv max=0 rms=0 index_score max=0 rms=0 raw max=0.25 rms=0.0127968 rows=2
ds4: dspark batch state audit batch-vs-exact layer=24 n_comp 32/32 n_index 32/32 attn_kv max=0.00307488 rms=0.000230684 attn_score max=0.00785732 rms=0.00103744 index_kv max=0.00261133 rms=0.000299023 index_score max=0.0084362 rms=0.00110065 raw max=0.125 rms=0.00757206 rows=2
ds4: dspark batch state audit batch-vs-exact layer=25 n_comp 1/1 n_index 0/0 attn_kv max=0.000545859 rms=1.27191e-05 attn_score max=0.00115791 rms=2.15048e-05 index_kv max=0 rms=0 index_score max=0 rms=0 raw max=0.0625 rms=0.00485412 rows=2
ds4: dspark batch state audit batch-vs-exact layer=26 n_comp 32/32 n_index 32/32 attn_kv max=0.00102654 rms=0.000123777 attn_score max=0.00737476 rms=0.00178727 index_kv max=0.00283194 rms=0.000162588 index_score max=0.0109735 rms=0.00171233 raw max=0.125 rms=0.00619823 rows=2
ds4: dspark batch state audit batch-vs-exact layer=27 n_comp 1/1 n_index 0/0 attn_kv max=0.000789769 rms=2.93716e-05 attn_score max=0.00191873 rms=4.86472e-05 index_kv max=0 rms=0 index_score max=0 rms=0 raw max=0.125 rms=0.0112876 rows=2
ds4: dspark batch state audit batch-vs-exact layer=28 n_comp 32/32 n_index 32/32 attn_kv max=0.00150728 rms=0.000147182 attn_score max=0.00860465 rms=0.00102746 index_kv max=0.00102943 rms=0.000158627 index_score max=0.00697708 rms=0.00105 raw max=0.0625 rms=0.00686779 rows=2
ds4: dspark batch state audit batch-vs-exact layer=29 n_comp 1/1 n_index 0/0 attn_kv max=0.00246096 rms=2.98219e-05 attn_score max=0.00477207 rms=6.81224e-05 index_kv max=0 rms=0 index_score max=0 rms=0 raw max=0.125 rms=0.00789494 rows=2
ds4: dspark batch state audit batch-vs-exact layer=30 n_comp 32/32 n_index 32/32 attn_kv max=0.00257316 rms=0.000186844 attn_score max=0.0124478 rms=0.0022338 index_kv max=0.00220591 rms=0.000250376 index_score max=0.0112114 rms=0.00220492 raw max=0.0625 rms=0.00533728 rows=2
ds4: dspark batch state audit batch-vs-exact layer=31 n_comp 1/1 n_index 0/0 attn_kv max=0.000593394 rms=2.07511e-05 attn_score max=0.00129823 rms=3.57314e-05 index_kv max=0 rms=0 index_score max=0 rms=0 raw max=0.125 rms=0.00826293 rows=2
ds4: dspark batch state audit batch-vs-exact layer=32 n_comp 32/32 n_index 32/32 attn_kv max=0.00148615 rms=0.000140943 attn_score max=0.0101967 rms=0.00194255 index_kv max=0.0015924 rms=0.000176478 index_score max=0.0116382 rms=0.00184664 raw max=0.125 rms=0.00746271 rows=2
ds4: dspark batch state audit batch-vs-exact layer=33 n_comp 1/1 n_index 0/0 attn_kv max=0.00102726 rms=2.79144e-05 attn_score max=0.00188684 rms=5.88683e-05 index_kv max=0 rms=0 index_score max=0 rms=0 raw max=0.25 rms=0.012428 rows=2
ds4: dspark batch state audit batch-vs-exact layer=34 n_comp 32/32 n_index 32/32 attn_kv max=0.00171912 rms=0.000211569 attn_score max=0.0199754 rms=0.00380529 index_kv max=0.0021556 rms=0.000255707 index_score max=0.018821 rms=0.00371254 raw max=0.125 rms=0.0103 rows=2
ds4: dspark batch state audit batch-vs-exact layer=35 n_comp 1/1 n_index 0/0 attn_kv max=0.00150837 rms=4.56917e-05 attn_score max=0.00399923 rms=8.11899e-05 index_kv max=0 rms=0 index_score max=0 rms=0 raw max=0.25 rms=0.0129672 rows=2
ds4: dspark batch state audit batch-vs-exact layer=36 n_comp 32/32 n_index 32/32 attn_kv max=0.00606832 rms=0.000646253 attn_score max=0.0601372 rms=0.00885828 index_kv max=0.00558291 rms=0.000668922 index_score max=0.0618392 rms=0.00924231 raw max=0.125 rms=0.0139416 rows=2
ds4: dspark batch state audit batch-vs-exact layer=37 n_comp 1/1 n_index 0/0 attn_kv max=0.011544 rms=0.000101788 attn_score max=0.0374098 rms=0.000364566 index_kv max=0 rms=0 index_score max=0 rms=0 raw max=0.125 rms=0.0279791 rows=2
ds4: dspark batch state audit batch-vs-exact layer=38 n_comp 32/32 n_index 32/32 attn_kv max=0.0185651 rms=0.00170742 attn_score max=0.0524153 rms=0.00749941 index_kv max=0.0177683 rms=0.00208695 index_score max=0.0492663 rms=0.00745009 raw max=0.125 rms=0.0215559 rows=2
ds4: dspark batch state audit batch-vs-exact layer=39 n_comp 1/1 n_index 0/0 attn_kv max=0.0111828 rms=0.000229122 attn_score max=0.0386921 rms=0.00061119 index_kv max=0 rms=0 index_score max=0 rms=0 raw max=0.25 rms=0.0320634 rows=2
ds4: dspark batch state audit batch-vs-exact layer=40 n_comp 32/32 n_index 32/32 attn_kv max=0.0206436 rms=0.00199363 attn_score max=0.0653134 rms=0.0161745 index_kv max=0.0372685 rms=0.00260024 index_score max=0.0727832 rms=0.0155354 raw max=0.25 rms=0.0340683 rows=2
ds4: dspark batch state audit batch-vs-exact layer=41 n_comp 1/1 n_index 0/0 attn_kv max=0.0100296 rms=0.000275005 attn_score max=0.0286601 rms=0.000723829 index_kv max=0 rms=0 index_score max=0 rms=0 raw max=0.25 rms=0.0399819 rows=2
ds4: dspark batch state audit batch-vs-exact layer=42 n_comp 32/32 n_index 32/32 attn_kv max=0.0192292 rms=0.00124711 attn_score max=0.0979739 rms=0.00807432 index_kv max=0.0148171 rms=0.00135503 index_score max=0.152336 rms=0.0108295 raw max=0.25 rms=0.0190633 rows=2
ds4: dspark batch state audit batch-vs-exact summary mismatch_layers=40 max=0.25 raw_rows=2 mtp_n_raw 0/0
ds4: dspark batch audit row=0 token=16617 batch_top=438 exact_top=438 batch_margin=17.521 exact_margin=17.594 logits_max=0.838085 logits_rms=0.148552
ds4: dspark batch audit row=1 token=438 batch_top=343 exact_top=343 batch_margin=15.462 exact_margin=15.463 logits_max=0.638087 logits_rms=0.0931978
ds4: dspark batch state audit batch-vs-exact layer=3 n_comp 1/1 n_index 0/0 attn_kv max=3.63588e-06 rms=6.04864e-08 attn_score max=7.80076e-06 rms=1.25537e-07 index_kv max=0 rms=0 index_score max=0 rms=0 raw max=6.10352e-05 rms=2.13248e-06 rows=2
ds4: dspark batch state audit batch-vs-exact layer=4 n_comp 33/33 n_index 33/33 attn_kv max=2.25008e-06 rms=3.43081e-07 attn_score max=2.45571e-05 rms=5.10074e-06 index_kv max=3.69549e-06 rms=4.81812e-07 index_score max=2.31266e-05 rms=5.18541e-06 raw max=0.0078125 rms=0.000244141 rows=2
ds4: dspark batch state audit batch-vs-exact layer=5 n_comp 1/1 n_index 0/0 attn_kv max=2.97874e-05 rms=8.04503e-07 attn_score max=9.26852e-05 rms=1.21577e-06 index_kv max=0 rms=0 index_score max=0 rms=0 raw max=0.000976562 rms=4.39486e-05 rows=2
ds4: dspark batch state audit batch-vs-exact layer=6 n_comp 33/33 n_index 33/33 attn_kv max=7.19875e-05 rms=6.95952e-06 attn_score max=0.000137091 rms=2.8809e-05 index_kv max=7.00448e-05 rms=8.39909e-06 index_score max=0.000133038 rms=2.65135e-05 raw max=0.015625 rms=0.000576563 rows=2
ds4: dspark batch state audit batch-vs-exact layer=7 n_comp 1/1 n_index 0/0 attn_kv max=6.19218e-05 rms=1.88503e-06 attn_score max=0.000172853 rms=2.71835e-06 index_kv max=0 rms=0 index_score max=0 rms=0 raw max=0.0625 rms=0.00195865 rows=2
ds4: dspark batch state audit batch-vs-exact layer=8 n_comp 33/33 n_index 33/33 attn_kv max=0.000297785 rms=2.79361e-05 attn_score max=0.0025506 rms=0.000367758 index_kv max=0.000469327 rms=3.83651e-05 index_score max=0.00348806 rms=0.000346758 raw max=0.125 rms=0.00602654 rows=2
ds4: dspark batch state audit batch-vs-exact layer=9 n_comp 1/1 n_index 0/0 attn_kv max=0.000221528 rms=6.77674e-06 attn_score max=0.000474691 rms=9.44915e-06 index_kv max=0 rms=0 index_score max=0 rms=0 raw max=0.0625 rms=0.00385224 rows=2
ds4: dspark batch state audit batch-vs-exact layer=10 n_comp 33/33 n_index 33/33 attn_kv max=0.000691745 rms=6.27275e-05 attn_score max=0.00093174 rms=9.6456e-05 index_kv max=0.00110184 rms=8.26406e-05 index_score max=0.00152683 rms=0.000129119 raw max=0.125 rms=0.0053182 rows=2
ds4: dspark batch state audit batch-vs-exact layer=11 n_comp 1/1 n_index 0/0 attn_kv max=0.000526592 rms=1.08095e-05 attn_score max=0.000640512 rms=1.56526e-05 index_kv max=0 rms=0 index_score max=0 rms=0 raw max=0.125 rms=0.0077272 rows=2
ds4: dspark batch state audit batch-vs-exact layer=12 n_comp 33/33 n_index 33/33 attn_kv max=0.00138247 rms=0.000152066 attn_score max=0.00703621 rms=0.00174492 index_kv max=0.0018706 rms=0.000186204 index_score max=0.00962663 rms=0.00164841 raw max=0.125 rms=0.00939375 rows=2
ds4: dspark batch state audit batch-vs-exact layer=13 n_comp 1/1 n_index 0/0 attn_kv max=0.00108266 rms=1.84025e-05 attn_score max=0.000797927 rms=2.30613e-05 index_kv max=0 rms=0 index_score max=0 rms=0 raw max=0.125 rms=0.00801412 rows=2
ds4: dspark batch state audit batch-vs-exact layer=14 n_comp 33/33 n_index 33/33 attn_kv max=0.00219852 rms=0.000176057 attn_score max=0.00607157 rms=0.00147303 index_kv max=0.0034042 rms=0.000282149 index_score max=0.00637722 rms=0.00144792 raw max=0.125 rms=0.00964912 rows=2
ds4: dspark batch state audit batch-vs-exact layer=15 n_comp 1/1 n_index 0/0 attn_kv max=0.000900596 rms=2.91226e-05 attn_score max=0.00338435 rms=7.7259e-05 index_kv max=0 rms=0 index_score max=0 rms=0 raw max=0.125 rms=0.00804222 rows=2
ds4: dspark batch state audit batch-vs-exact layer=16 n_comp 33/33 n_index 33/33 attn_kv max=0.00240898 rms=0.000238778 attn_score max=0.0153028 rms=0.0028415 index_kv max=0.00370209 rms=0.000367272 index_score max=0.0196939 rms=0.00274337 raw max=0.125 rms=0.00639654 rows=2
ds4: dspark batch state audit batch-vs-exact layer=17 n_comp 1/1 n_index 0/0 attn_kv max=0.00328586 rms=7.51773e-05 attn_score max=0.00867724 rms=0.000265271 index_kv max=0 rms=0 index_score max=0 rms=0 raw max=0.125 rms=0.00853125 rows=2
ds4: dspark batch state audit batch-vs-exact layer=18 n_comp 33/33 n_index 33/33 attn_kv max=0.0011196 rms=0.000140504 attn_score max=0.00611898 rms=0.00110515 index_kv max=0.00467169 rms=0.000223905 index_score max=0.00607896 rms=0.000987623 raw max=0.125 rms=0.00823791 rows=2
ds4: dspark batch state audit batch-vs-exact layer=19 n_comp 1/1 n_index 0/0 attn_kv max=0.000812307 rms=2.37962e-05 attn_score max=0.00254655 rms=5.07875e-05 index_kv max=0 rms=0 index_score max=0 rms=0 raw max=0.125 rms=0.00940556 rows=2
ds4: dspark batch state audit batch-vs-exact layer=20 n_comp 33/33 n_index 33/33 attn_kv max=0.00218692 rms=0.000240437 attn_score max=0.0149835 rms=0.00267828 index_kv max=0.00237971 rms=0.000308688 index_score max=0.0166194 rms=0.00269126 raw max=0.125 rms=0.00834639 rows=2
ds4: dspark batch state audit batch-vs-exact layer=21 n_comp 1/1 n_index 0/0 attn_kv max=0.00166537 rms=3.05708e-05 attn_score max=0.00247636 rms=5.55947e-05 index_kv max=0 rms=0 index_score max=0 rms=0 raw max=0.125 rms=0.0116161 rows=2
ds4: dspark batch state audit batch-vs-exact layer=22 n_comp 33/33 n_index 33/33 attn_kv max=0.0021767 rms=0.000298184 attn_score max=0.0080514 rms=0.00144846 index_kv max=0.00376815 rms=0.000487572 index_score max=0.00810671 rms=0.0014852 raw max=0.125 rms=0.0102122 rows=2
ds4: dspark batch state audit batch-vs-exact layer=23 n_comp 1/1 n_index 0/0 attn_kv max=0.00168165 rms=4.77174e-05 attn_score max=0.00317696 rms=8.70666e-05 index_kv max=0 rms=0 index_score max=0 rms=0 raw max=0.125 rms=0.0102216 rows=2
ds4: dspark batch state audit batch-vs-exact layer=24 n_comp 33/33 n_index 33/33 attn_kv max=0.00468266 rms=0.000319623 attn_score max=0.0426793 rms=0.00492953 index_kv max=0.00422716 rms=0.0004248 index_score max=0.0341609 rms=0.00526263 raw max=0.0625 rms=0.00600491 rows=2
ds4: dspark batch state audit batch-vs-exact layer=25 n_comp 1/1 n_index 0/0 attn_kv max=0.000484681 rms=1.17264e-05 attn_score max=0.00167656 rms=2.35403e-05 index_kv max=0 rms=0 index_score max=0 rms=0 raw max=0.0625 rms=0.00522066 rows=2
ds4: dspark batch state audit batch-vs-exact layer=26 n_comp 33/33 n_index 33/33 attn_kv max=0.00724976 rms=0.000923457 attn_score max=0.029047 rms=0.00676733 index_kv max=0.013894 rms=0.00100598 index_score max=0.0353031 rms=0.00635602 raw max=0.125 rms=0.0196294 rows=2
ds4: dspark batch state audit batch-vs-exact layer=27 n_comp 1/1 n_index 0/0 attn_kv max=0.00564465 rms=8.84529e-05 attn_score max=0.00381619 rms=0.000132265 index_kv max=0 rms=0 index_score max=0 rms=0 raw max=0.25 rms=0.0181493 rows=2
ds4: dspark batch state audit batch-vs-exact layer=28 n_comp 33/33 n_index 33/33 attn_kv max=0.0109712 rms=0.00117798 attn_score max=0.0322475 rms=0.0055785 index_kv max=0.00753202 rms=0.00127645 index_score max=0.0328172 rms=0.00577847 raw max=0.125 rms=0.0238466 rows=2
ds4: dspark batch state audit batch-vs-exact layer=29 n_comp 1/1 n_index 0/0 attn_kv max=0.00296368 rms=8.7079e-05 attn_score max=0.010481 rms=0.0002034 index_kv max=0 rms=0 index_score max=0 rms=0 raw max=0.125 rms=0.0203219 rows=2
ds4: dspark batch state audit batch-vs-exact layer=30 n_comp 33/33 n_index 33/33 attn_kv max=0.0235075 rms=0.00104121 attn_score max=0.181549 rms=0.0299842 index_kv max=0.0215655 rms=0.00190258 index_score max=0.186071 rms=0.0288706 raw max=0.125 rms=0.0110637 rows=2
ds4: dspark batch state audit batch-vs-exact layer=31 n_comp 1/1 n_index 0/0 attn_kv max=0.00748508 rms=0.000139656 attn_score max=0.00823051 rms=0.00021581 index_kv max=0 rms=0 index_score max=0 rms=0 raw max=0.125 rms=0.0179307 rows=2
ds4: dspark batch state audit batch-vs-exact layer=32 n_comp 33/33 n_index 33/33 attn_kv max=0.0106263 rms=0.00102832 attn_score max=0.0196735 rms=0.00404663 index_kv max=0.0147234 rms=0.00129842 index_score max=0.0284608 rms=0.00439028 raw max=0.125 rms=0.0193365 rows=2
ds4: dspark batch state audit batch-vs-exact layer=33 n_comp 1/1 n_index 0/0 attn_kv max=0.00496644 rms=0.000139598 attn_score max=0.00982902 rms=0.000290505 index_kv max=0 rms=0 index_score max=0 rms=0 raw max=0.25 rms=0.0247121 rows=2
ds4: dspark batch state audit batch-vs-exact layer=34 n_comp 33/33 n_index 33/33 attn_kv max=0.0115488 rms=0.00155971 attn_score max=0.159015 rms=0.0332964 index_kv max=0.0116138 rms=0.00170377 index_score max=0.150042 rms=0.032095 raw max=0.125 rms=0.0247604 rows=2
ds4: dspark batch state audit batch-vs-exact layer=35 n_comp 1/1 n_index 0/0 attn_kv max=0.0112538 rms=0.000228286 attn_score max=0.013379 rms=0.000388368 index_kv max=0 rms=0 index_score max=0 rms=0 raw max=0.25 rms=0.0306093 rows=2
ds4: dspark batch state audit batch-vs-exact layer=36 n_comp 33/33 n_index 33/33 attn_kv max=0.00878873 rms=0.00103299 attn_score max=0.0227175 rms=0.00370856 index_kv max=0.00663218 rms=0.00102688 index_score max=0.0235771 rms=0.00437885 raw max=0.125 rms=0.0170195 rows=2
ds4: dspark batch state audit batch-vs-exact layer=37 n_comp 1/1 n_index 0/0 attn_kv max=0.00582644 rms=6.49856e-05 attn_score max=0.0181243 rms=0.000237473 index_kv max=0 rms=0 index_score max=0 rms=0 raw max=0.125 rms=0.0232215 rows=2
ds4: dspark batch state audit batch-vs-exact layer=38 n_comp 33/33 n_index 33/33 attn_kv max=0.0277527 rms=0.00316161 attn_score max=0.0972528 rms=0.0097454 index_kv max=0.0252887 rms=0.0035942 index_score max=0.0554342 rms=0.00857383 raw max=0.25 rms=0.0257644 rows=2
ds4: dspark batch state audit batch-vs-exact layer=39 n_comp 1/1 n_index 0/0 attn_kv max=0.0154976 rms=0.000380187 attn_score max=0.0334336 rms=0.000781903 index_kv max=0 rms=0 index_score max=0 rms=0 raw max=0.25 rms=0.0432021 rows=2
ds4: dspark batch state audit batch-vs-exact layer=40 n_comp 33/33 n_index 33/33 attn_kv max=0.0199519 rms=0.00190495 attn_score max=0.0591965 rms=0.0163045 index_kv max=0.0151557 rms=0.00226939 index_score max=0.0538788 rms=0.0158197 raw max=0.25 rms=0.0283916 rows=2
ds4: dspark batch state audit batch-vs-exact layer=41 n_comp 1/1 n_index 0/0 attn_kv max=0.0106101 rms=0.000249035 attn_score max=0.0278465 rms=0.000622733 index_kv max=0 rms=0 index_score max=0 rms=0 raw max=0.25 rms=0.0387959 rows=2
ds4: dspark batch state audit batch-vs-exact layer=42 n_comp 33/33 n_index 33/33 attn_kv max=0.0224151 rms=0.00197956 attn_score max=0.0490928 rms=0.00667426 index_kv max=0.0161286 rms=0.00204658 index_score max=0.0602825 rms=0.00844245 raw max=0.25 rms=0.0209223 rows=2
ds4: dspark batch state audit batch-vs-exact summary mismatch_layers=40 max=0.25 raw_rows=2 mtp_n_raw 0/0
ds4: dspark batch audit row=0 token=18 batch_top=14 exact_top=14 batch_margin=19.997 exact_margin=19.973 logits_max=0.068902 logits_rms=0.0131845
ds4: dspark batch audit row=1 token=14 batch_top=223 exact_top=223 batch_margin=17.523 exact_margin=17.393 logits_max=0.457511 logits_rms=0.0792943
ds4: dspark batch state audit batch-vs-exact layer=2 n_comp 34/34 n_index 34/34 attn_kv max=1.21444e-06 rms=1.96081e-07 attn_score max=1.90735e-06 rms=2.8496e-07 index_kv max=1.66893e-06 rms=2.68608e-07 index_score max=2.98023e-06 rms=4.47738e-07 raw max=0.000488281 rms=1.5259e-05 rows=2
ds4: dspark batch state audit batch-vs-exact layer=3 n_comp 1/1 n_index 0/0 attn_kv max=2.32458e-06 rms=6.41083e-08 attn_score max=1.27554e-05 rms=1.85471e-07 index_kv max=0 rms=0 index_score max=0 rms=0 raw max=0.000488281 rms=2.33602e-05 rows=2
ds4: dspark batch state audit batch-vs-exact layer=4 n_comp 34/34 n_index 34/34 attn_kv max=4.05312e-06 rms=6.60881e-07 attn_score max=2.95639e-05 rms=4.15762e-06 index_kv max=5.24521e-06 rms=8.64545e-07 index_score max=2.90275e-05 rms=4.67052e-06 raw max=0.00012207 rms=5.593e-06 rows=2
ds4: dspark batch state audit batch-vs-exact layer=5 n_comp 1/1 n_index 0/0 attn_kv max=4.72367e-06 rms=8.0944e-08 attn_score max=1.0252e-05 rms=1.69993e-07 index_kv max=0 rms=0 index_score max=0 rms=0 raw max=0.000488281 rms=1.78001e-05 rows=2
ds4: dspark batch state audit batch-vs-exact layer=6 n_comp 34/34 n_index 34/34 attn_kv max=1.70469e-05 rms=2.72164e-06 attn_score max=0.000136852 rms=4.09089e-05 index_kv max=7.86781e-05 rms=3.91599e-06 index_score max=0.000164032 rms=3.78234e-05 raw max=0.015625 rms=0.000489529 rows=2
ds4: dspark batch state audit batch-vs-exact layer=7 n_comp 1/1 n_index 0/0 attn_kv max=4.58844e-05 rms=9.53501e-07 attn_score max=6.63996e-05 rms=1.25596e-06 index_kv max=0 rms=0 index_score max=0 rms=0 raw max=0.03125 rms=0.00141911 rows=2
ds4: dspark batch state audit batch-vs-exact layer=8 n_comp 34/34 n_index 34/34 attn_kv max=0.000297815 rms=2.40743e-05 attn_score max=0.00298166 rms=0.000524387 index_kv max=0.00024347 rms=3.46256e-05 index_score max=0.00307941 rms=0.000511088 raw max=0.03125 rms=0.0011533 rows=2
ds4: dspark batch state audit batch-vs-exact layer=9 n_comp 1/1 n_index 0/0 attn_kv max=5.64605e-05 rms=1.45104e-06 attn_score max=0.000191748 rms=2.0874e-06 index_kv max=0 rms=0 index_score max=0 rms=0 raw max=0.03125 rms=0.00169752 rows=2
ds4: dspark batch state audit batch-vs-exact layer=10 n_comp 34/34 n_index 34/34 attn_kv max=0.000591397 rms=6.02563e-05 attn_score max=0.00258017 rms=0.000374488 index_kv max=0.000813246 rms=8.77816e-05 index_score max=0.00230455 rms=0.000380678 raw max=0.125 rms=0.00438098 rows=2
ds4: dspark batch state audit batch-vs-exact layer=11 n_comp 1/1 n_index 0/0 attn_kv max=0.000658959 rms=1.25651e-05 attn_score max=0.00169367 rms=2.36162e-05 index_kv max=0 rms=0 index_score max=0 rms=0 raw max=0.0625 rms=0.00485076 rows=2
ds4: dspark batch state audit batch-vs-exact layer=12 n_comp 34/34 n_index 34/34 attn_kv max=0.00142097 rms=0.000143068 attn_score max=0.00427246 rms=0.0010661 index_kv max=0.00252008 rms=0.000227759 index_score max=0.00442743 rms=0.000963954 raw max=0.0625 rms=0.00420935 rows=2
ds4: dspark batch state audit batch-vs-exact layer=13 n_comp 1/1 n_index 0/0 attn_kv max=0.000464566 rms=1.29668e-05 attn_score max=0.000641376 rms=1.76799e-05 index_kv max=0 rms=0 index_score max=0 rms=0 raw max=0.0625 rms=0.00460626 rows=2
ds4: dspark batch state audit batch-vs-exact layer=14 n_comp 34/34 n_index 34/34 attn_kv max=0.00233066 rms=0.000199661 attn_score max=0.00812387 rms=0.00235484 index_kv max=0.00245191 rms=0.000290897 index_score max=0.0105276 rms=0.00234781 raw max=0.0625 rms=0.00414412 rows=2
ds4: dspark batch state audit batch-vs-exact layer=15 n_comp 1/1 n_index 0/0 attn_kv max=0.000843674 rms=2.296e-05 attn_score max=0.00283611 rms=7.0812e-05 index_kv max=0 rms=0 index_score max=0 rms=0 raw max=0.125 rms=0.00844068 rows=2
ds4: dspark batch state audit batch-vs-exact layer=16 n_comp 34/34 n_index 34/34 attn_kv max=0.00224017 rms=0.000334795 attn_score max=0.0115228 rms=0.00310539 index_kv max=0.00261815 rms=0.000540113 index_score max=0.0139151 rms=0.00299913 raw max=0.125 rms=0.00677592 rows=2
ds4: dspark batch state audit batch-vs-exact layer=17 n_comp 1/1 n_index 0/0 attn_kv max=0.00208753 rms=5.82926e-05 attn_score max=0.00622611 rms=0.000210629 index_kv max=0 rms=0 index_score max=0 rms=0 raw max=0.125 rms=0.00976788 rows=2
ds4: dspark batch state audit batch-vs-exact layer=18 n_comp 34/34 n_index 34/34 attn_kv max=0.0380358 rms=0.00540409 attn_score max=0.134351 rms=0.0342565 index_kv max=0.0553777 rms=0.00614954 index_score max=0.170932 rms=0.0361905 raw max=0.25 rms=0.0583962 rows=2
ds4: dspark batch state audit batch-vs-exact layer=19 n_comp 1/1 n_index 0/0 attn_kv max=0.0309318 rms=0.00074303 attn_score max=0.149992 rms=0.0013769 index_kv max=0 rms=0 index_score max=0 rms=0 raw max=0.3125 rms=0.0754346 rows=2
ds4: dspark batch state audit batch-vs-exact layer=20 n_comp 34/34 n_index 34/34 attn_kv max=0.0533279 rms=0.00731132 attn_score max=0.370331 rms=0.0995058 index_kv max=0.0753594 rms=0.00912496 index_score max=0.503114 rms=0.0984871 raw max=0.28125 rms=0.0688985 rows=2
ds4: dspark batch state audit batch-vs-exact layer=21 n_comp 1/1 n_index 0/0 attn_kv max=0.0258638 rms=0.000488219 attn_score max=0.0355706 rms=0.000884385 index_kv max=0 rms=0 index_score max=0 rms=0 raw max=0.25 rms=0.0472844 rows=2
ds4: dspark batch state audit batch-vs-exact layer=22 n_comp 34/34 n_index 34/34 attn_kv max=0.0557633 rms=0.0064209 attn_score max=0.159764 rms=0.0330197 index_kv max=0.104182 rms=0.0109477 index_score max=0.169113 rms=0.0342548 raw max=0.25 rms=0.0418526 rows=2
ds4: dspark batch state audit batch-vs-exact layer=23 n_comp 1/1 n_index 0/0 attn_kv max=0.034681 rms=0.000707891 attn_score max=0.0482835 rms=0.00125204 index_kv max=0 rms=0 index_score max=0 rms=0 raw max=0.25 rms=0.0412575 rows=2
ds4: dspark batch state audit batch-vs-exact layer=24 n_comp 34/34 n_index 34/34 attn_kv max=0.0828872 rms=0.00730367 attn_score max=0.230531 rms=0.0438252 index_kv max=0.106645 rms=0.00935279 index_score max=0.237488 rms=0.0516798 raw max=0.125 rms=0.028157 rows=2
ds4: dspark batch state audit batch-vs-exact layer=25 n_comp 1/1 n_index 0/0 attn_kv max=0.0159916 rms=0.00030056 attn_score max=0.022485 rms=0.000523453 index_kv max=0 rms=0 index_score max=0 rms=0 raw max=0.125 rms=0.0344545 rows=2
ds4: dspark batch state audit batch-vs-exact layer=26 n_comp 34/34 n_index 34/34 attn_kv max=0.0340856 rms=0.00440331 attn_score max=0.172663 rms=0.050075 index_kv max=0.0429273 rms=0.00485395 index_score max=0.201473 rms=0.048942 raw max=0.25 rms=0.04574 rows=2
ds4: dspark batch state audit batch-vs-exact layer=27 n_comp 1/1 n_index 0/0 attn_kv max=0.01888 rms=0.000418545 attn_score max=0.0455066 rms=0.000806194 index_kv max=0 rms=0 index_score max=0 rms=0 raw max=0.265625 rms=0.0649604 rows=2
ds4: dspark batch state audit batch-vs-exact layer=28 n_comp 34/34 n_index 34/34 attn_kv max=0.0288185 rms=0.00417519 attn_score max=0.29154 rms=0.0676686 index_kv max=0.0334183 rms=0.00518851 index_score max=0.239685 rms=0.0650842 raw max=0.1875 rms=0.0427281 rows=2
ds4: dspark batch state audit batch-vs-exact layer=29 n_comp 1/1 n_index 0/0 attn_kv max=0.0170868 rms=0.000367496 attn_score max=0.0618114 rms=0.00094782 index_kv max=0 rms=0 index_score max=0 rms=0 raw max=0.25 rms=0.0433252 rows=2
ds4: dspark batch state audit batch-vs-exact layer=30 n_comp 34/34 n_index 34/34 attn_kv max=0.0334705 rms=0.00435559 attn_score max=0.0794271 rms=0.0122369 index_kv max=0.0468789 rms=0.00649775 index_score max=0.112409 rms=0.0143207 raw max=0.212402 rms=0.0359332 rows=2
ds4: dspark batch state audit batch-vs-exact layer=31 n_comp 1/1 n_index 0/0 attn_kv max=0.0373261 rms=0.000695438 attn_score max=0.0639488 rms=0.00126737 index_kv max=0 rms=0 index_score max=0 rms=0 raw max=0.3125 rms=0.0714252 rows=2
ds4: dspark batch state audit batch-vs-exact layer=32 n_comp 34/34 n_index 34/34 attn_kv max=0.0596679 rms=0.00682221 attn_score max=0.23468 rms=0.0640269 index_kv max=0.0965691 rms=0.0089252 index_score max=0.221547 rms=0.059439 raw max=0.28125 rms=0.0672232 rows=2
ds4: dspark batch state audit batch-vs-exact layer=33 n_comp 1/1 n_index 0/0 attn_kv max=0.0242131 rms=0.000579665 attn_score max=0.0405976 rms=0.00120232 index_kv max=0 rms=0 index_score max=0 rms=0 raw max=0.375 rms=0.0697619 rows=2
ds4: dspark batch state audit batch-vs-exact layer=34 n_comp 34/34 n_index 34/34 attn_kv max=0.0676188 rms=0.00924715 attn_score max=0.641274 rms=0.154274 index_kv max=0.0727744 rms=0.0104013 index_score max=0.639858 rms=0.151048 raw max=0.375 rms=0.0855854 rows=2
ds4: dspark batch state audit batch-vs-exact layer=35 n_comp 1/1 n_index 0/0 attn_kv max=0.0467205 rms=0.00117784 attn_score max=0.11803 rms=0.00194354 index_kv max=0 rms=0 index_score max=0 rms=0 raw max=0.441406 rms=0.097896 rows=2
ds4: dspark batch state audit batch-vs-exact layer=36 n_comp 34/34 n_index 34/34 attn_kv max=0.0546805 rms=0.00491972 attn_score max=0.289485 rms=0.0664661 index_kv max=0.0382771 rms=0.00527939 index_score max=0.29041 rms=0.0678685 raw max=0.25 rms=0.0449574 rows=2
ds4: dspark batch state audit batch-vs-exact layer=37 n_comp 1/1 n_index 0/0 attn_kv max=0.0270947 rms=0.000234893 attn_score max=0.0424623 rms=0.00120344 index_kv max=0 rms=0 index_score max=0 rms=0 raw max=0.25 rms=0.043794 rows=2
ds4: dspark batch state audit batch-vs-exact layer=38 n_comp 34/34 n_index 34/34 attn_kv max=0.0551856 rms=0.00563986 attn_score max=0.113667 rms=0.0217319 index_kv max=0.049509 rms=0.00745655 index_score max=0.124771 rms=0.0215165 raw max=0.25 rms=0.037187 rows=2
ds4: dspark batch state audit batch-vs-exact layer=39 n_comp 1/1 n_index 0/0 attn_kv max=0.0266918 rms=0.00060867 attn_score max=0.0640938 rms=0.00132073 index_kv max=0 rms=0 index_score max=0 rms=0 raw max=0.3125 rms=0.060677 rows=2
ds4: dspark batch state audit batch-vs-exact layer=40 n_comp 34/34 n_index 34/34 attn_kv max=0.0388109 rms=0.00478833 attn_score max=0.111908 rms=0.0254856 index_kv max=0.0508454 rms=0.00714234 index_score max=0.0952606 rms=0.0237969 raw max=0.25 rms=0.040424 rows=2
ds4: dspark batch state audit batch-vs-exact layer=41 n_comp 1/1 n_index 0/0 attn_kv max=0.0156598 rms=0.000367653 attn_score max=0.0396154 rms=0.00106214 index_kv max=0 rms=0 index_score max=0 rms=0 raw max=0.25 rms=0.051276 rows=2
ds4: dspark batch state audit batch-vs-exact layer=42 n_comp 34/34 n_index 34/34 attn_kv max=0.0238043 rms=0.0022492 attn_score max=0.0808994 rms=0.0104951 index_kv max=0.02056 rms=0.00241589 index_score max=0.0698905 rms=0.0138281 raw max=0.25 rms=0.0254554 rows=2
ds4: dspark batch state audit batch-vs-exact summary mismatch_layers=41 max=0.641274 raw_rows=2 mtp_n_raw 0/0
ds4: dspark batch audit row=0 token=18 batch_top=14 exact_top=14 batch_margin=17.844 exact_margin=17.906 logits_max=0.445562 logits_rms=0.0846656
ds4: dspark batch audit row=1 token=14 batch_top=223 exact_top=223 batch_margin=18.284 exact_margin=18.219 logits_max=0.605915 logits_rms=0.083515
ds4: dspark batch state audit batch-vs-exact layer=2 n_comp 34/34 n_index 34/34 attn_kv max=2.04146e-06 rms=1.60015e-07 attn_score max=2.5034e-06 rms=2.37518e-07 index_kv max=3.49432e-06 rms=2.3789e-07 index_score max=4.17233e-06 rms=3.7428e-07 raw max=0.03125 rms=0.000976592 rows=2
ds4: dspark batch state audit batch-vs-exact layer=3 n_comp 1/1 n_index 0/0 attn_kv max=6.143e-05 rms=1.57162e-06 attn_score max=0.000176668 rms=2.75533e-06 index_kv max=0 rms=0 index_score max=0 rms=0 raw max=0.0078125 rms=0.000247633 rows=2
ds4: dspark batch state audit batch-vs-exact layer=4 n_comp 34/34 n_index 34/34 attn_kv max=6.63623e-05 rms=6.06726e-06 attn_score max=0.000439644 rms=4.31775e-05 index_kv max=8.32081e-05 rms=7.84242e-06 index_score max=0.000388145 rms=4.24772e-05 raw max=0.00195312 rms=6.21758e-05 rows=2
ds4: dspark batch state audit batch-vs-exact layer=5 n_comp 1/1 n_index 0/0 attn_kv max=2.06474e-05 rms=5.05261e-07 attn_score max=5.96046e-05 rms=9.03104e-07 index_kv max=0 rms=0 index_score max=0 rms=0 raw max=0.0078125 rms=0.000256478 rows=2
ds4: dspark batch state audit batch-vs-exact layer=6 n_comp 34/34 n_index 34/34 attn_kv max=6.74576e-05 rms=4.67553e-06 attn_score max=0.000166178 rms=1.60055e-05 index_kv max=6.09867e-05 rms=5.12806e-06 index_score max=0.000171661 rms=1.57659e-05 raw max=0.015625 rms=0.00056056 rows=2
ds4: dspark batch state audit batch-vs-exact layer=7 n_comp 1/1 n_index 0/0 attn_kv max=6.59823e-05 rms=1.80254e-06 attn_score max=8.94666e-05 rms=2.34001e-06 index_kv max=0 rms=0 index_score max=0 rms=0 raw max=0.00390625 rms=0.00021381 rows=2
ds4: dspark batch state audit batch-vs-exact layer=8 n_comp 34/34 n_index 34/34 attn_kv max=0.000118345 rms=1.1913e-05 attn_score max=0.000837326 rms=9.97935e-05 index_kv max=0.000122786 rms=1.40126e-05 index_score max=0.00100136 rms=9.98351e-05 raw max=0.03125 rms=0.00101772 rows=2
ds4: dspark batch state audit batch-vs-exact layer=9 n_comp 1/1 n_index 0/0 attn_kv max=5.10216e-05 rms=1.39186e-06 attn_score max=0.000241041 rms=1.9887e-06 index_kv max=0 rms=0 index_score max=0 rms=0 raw max=0.00195312 rms=9.01415e-05 rows=2
ds4: dspark batch state audit batch-vs-exact layer=10 n_comp 34/34 n_index 34/34 attn_kv max=9.72822e-05 rms=1.0258e-05 attn_score max=0.000283718 rms=3.5791e-05 index_kv max=0.000145853 rms=1.35896e-05 index_score max=0.000298738 rms=3.30914e-05 raw max=0.0078125 rms=0.000362212 rows=2
ds4: dspark batch state audit batch-vs-exact layer=11 n_comp 1/1 n_index 0/0 attn_kv max=7.99298e-05 rms=1.35246e-06 attn_score max=0.000130713 rms=2.14174e-06 index_kv max=0 rms=0 index_score max=0 rms=0 raw max=0.0078125 rms=0.000318992 rows=2
ds4: dspark batch state audit batch-vs-exact layer=12 n_comp 34/34 n_index 34/34 attn_kv max=0.000216126 rms=1.24386e-05 attn_score max=0.000467062 rms=9.95907e-05 index_kv max=0.000172436 rms=1.73319e-05 index_score max=0.000423431 rms=8.69555e-05 raw max=0.03125 rms=0.00120452 rows=2
ds4: dspark batch state audit batch-vs-exact layer=13 n_comp 1/1 n_index 0/0 attn_kv max=8.45194e-05 rms=2.87269e-06 attn_score max=0.000146151 rms=5.62669e-06 index_kv max=0 rms=0 index_score max=0 rms=0 raw max=0.03125 rms=0.00102362 rows=2
ds4: dspark batch state audit batch-vs-exact layer=14 n_comp 34/34 n_index 34/34 attn_kv max=0.000302255 rms=2.97353e-05 attn_score max=0.00117302 rms=0.00023123 index_kv max=0.000340521 rms=4.40297e-05 index_score max=0.0015974 rms=0.000221214 raw max=0.0625 rms=0.00323884 rows=2
ds4: dspark batch state audit batch-vs-exact layer=15 n_comp 1/1 n_index 0/0 attn_kv max=0.000362277 rms=1.09523e-05 attn_score max=0.0022319 rms=4.50715e-05 index_kv max=0 rms=0 index_score max=0 rms=0 raw max=0.03125 rms=0.00184458 rows=2
ds4: dspark batch state audit batch-vs-exact layer=16 n_comp 34/34 n_index 34/34 attn_kv max=0.000776649 rms=7.10534e-05 attn_score max=0.00324059 rms=0.000784899 index_kv max=0.000759482 rms=0.000107766 index_score max=0.00381804 rms=0.000769384 raw max=0.125 rms=0.00769474 rows=2
ds4: dspark batch state audit batch-vs-exact layer=17 n_comp 1/1 n_index 0/0 attn_kv max=0.00142695 rms=4.03614e-05 attn_score max=0.00293756 rms=9.25603e-05 index_kv max=0 rms=0 index_score max=0 rms=0 raw max=0.125 rms=0.00857357 rows=2
ds4: dspark batch state audit batch-vs-exact layer=18 n_comp 34/34 n_index 34/34 attn_kv max=0.00102691 rms=0.000130733 attn_score max=0.00892425 rms=0.0017325 index_kv max=0.00211096 rms=0.000188689 index_score max=0.0107927 rms=0.00171156 raw max=0.125 rms=0.00953591 rows=2
ds4: dspark batch state audit batch-vs-exact layer=19 n_comp 1/1 n_index 0/0 attn_kv max=0.000784144 rms=2.66314e-05 attn_score max=0.00320616 rms=5.8902e-05 index_kv max=0 rms=0 index_score max=0 rms=0 raw max=0.125 rms=0.0117789 rows=2
ds4: dspark batch state audit batch-vs-exact layer=20 n_comp 34/34 n_index 34/34 attn_kv max=0.00463772 rms=0.000323313 attn_score max=0.0380073 rms=0.00726429 index_kv max=0.00685304 rms=0.000442896 index_score max=0.0500488 rms=0.00720436 raw max=0.125 rms=0.0129295 rows=2
ds4: dspark batch state audit batch-vs-exact layer=21 n_comp 1/1 n_index 0/0 attn_kv max=0.00158812 rms=3.8155e-05 attn_score max=0.0038774 rms=7.38812e-05 index_kv max=0 rms=0 index_score max=0 rms=0 raw max=0.125 rms=0.0121947 rows=2
ds4: dspark batch state audit batch-vs-exact layer=22 n_comp 34/34 n_index 34/34 attn_kv max=0.00378218 rms=0.000333973 attn_score max=0.0241628 rms=0.00135139 index_kv max=0.00405779 rms=0.000516401 index_score max=0.0162082 rms=0.00165499 raw max=0.125 rms=0.00924342 rows=2
ds4: dspark batch state audit batch-vs-exact layer=23 n_comp 1/1 n_index 0/0 attn_kv max=0.00237265 rms=6.20906e-05 attn_score max=0.00417042 rms=0.000101946 index_kv max=0 rms=0 index_score max=0 rms=0 raw max=0.125 rms=0.00963864 rows=2
ds4: dspark batch state audit batch-vs-exact layer=24 n_comp 34/34 n_index 34/34 attn_kv max=0.00349116 rms=0.000373734 attn_score max=0.0339212 rms=0.00471018 index_kv max=0.00659752 rms=0.000507667 index_score max=0.0302849 rms=0.00439319 raw max=0.0625 rms=0.00495412 rows=2
ds4: dspark batch state audit batch-vs-exact layer=25 n_comp 1/1 n_index 0/0 attn_kv max=0.000665337 rms=1.54467e-05 attn_score max=0.00312927 rms=3.68326e-05 index_kv max=0 rms=0 index_score max=0 rms=0 raw max=0.25 rms=0.0105114 rows=2
ds4: dspark batch state audit batch-vs-exact layer=26 n_comp 34/34 n_index 34/34 attn_kv max=0.00185204 rms=0.000169792 attn_score max=0.0077374 rms=0.00161747 index_kv max=0.00255632 rms=0.00020085 index_score max=0.0080049 rms=0.00157385 raw max=0.125 rms=0.0120368 rows=2
ds4: dspark batch state audit batch-vs-exact layer=27 n_comp 1/1 n_index 0/0 attn_kv max=0.00159574 rms=3.66458e-05 attn_score max=0.00367109 rms=7.90105e-05 index_kv max=0 rms=0 index_score max=0 rms=0 raw max=1 rms=0.033214 rows=2
ds4: dspark batch state audit batch-vs-exact layer=28 n_comp 34/34 n_index 34/34 attn_kv max=0.00241527 rms=0.000228563 attn_score max=0.0234627 rms=0.0039895 index_kv max=0.00470883 rms=0.000284068 index_score max=0.0198321 rms=0.00400237 raw max=0.125 rms=0.00860447 rows=2
ds4: dspark batch state audit batch-vs-exact layer=29 n_comp 1/1 n_index 0/0 attn_kv max=0.0022705 rms=6.15215e-05 attn_score max=0.00936168 rms=0.000154858 index_kv max=0 rms=0 index_score max=0 rms=0 raw max=0.25 rms=0.0182505 rows=2
ds4: dspark batch state audit batch-vs-exact layer=30 n_comp 34/34 n_index 34/34 attn_kv max=0.00516219 rms=0.000525884 attn_score max=0.026545 rms=0.00440771 index_kv max=0.00783324 rms=0.000808047 index_score max=0.0249208 rms=0.0044983 raw max=0.125 rms=0.0106881 rows=2
ds4: dspark batch state audit batch-vs-exact layer=31 n_comp 1/1 n_index 0/0 attn_kv max=0.0120084 rms=0.000204516 attn_score max=0.0190222 rms=0.00032283 index_kv max=0 rms=0 index_score max=0 rms=0 raw max=0.125 rms=0.0266417 rows=2
ds4: dspark batch state audit batch-vs-exact layer=32 n_comp 34/34 n_index 34/34 attn_kv max=0.0205813 rms=0.00154541 attn_score max=0.159353 rms=0.0289403 index_kv max=0.0241844 rms=0.00196545 index_score max=0.184592 rms=0.0275317 raw max=0.125 rms=0.0326183 rows=2
ds4: dspark batch state audit batch-vs-exact layer=33 n_comp 1/1 n_index 0/0 attn_kv max=0.010895 rms=0.000291447 attn_score max=0.0243752 rms=0.00064053 index_kv max=0 rms=0 index_score max=0 rms=0 raw max=0.25 rms=0.03316 rows=2
ds4: dspark batch state audit batch-vs-exact layer=34 n_comp 34/34 n_index 34/34 attn_kv max=0.0234328 rms=0.00226455 attn_score max=0.226809 rms=0.0496285 index_kv max=0.0271167 rms=0.00248335 index_score max=0.212828 rms=0.0489962 raw max=0.25 rms=0.0493459 rows=2
ds4: dspark batch state audit batch-vs-exact layer=35 n_comp 1/1 n_index 0/0 attn_kv max=0.0228455 rms=0.000476707 attn_score max=0.0316188 rms=0.000876927 index_kv max=0 rms=0 index_score max=0 rms=0 raw max=0.25 rms=0.0519312 rows=2
ds4: dspark batch state audit batch-vs-exact layer=36 n_comp 34/34 n_index 34/34 attn_kv max=0.0150651 rms=0.0016296 attn_score max=0.0447327 rms=0.00612727 index_kv max=0.0139074 rms=0.00151776 index_score max=0.040098 rms=0.00629841 raw max=0.25 rms=0.0281961 rows=2
ds4: dspark batch state audit batch-vs-exact layer=37 n_comp 1/1 n_index 0/0 attn_kv max=0.0205268 rms=0.000160209 attn_score max=0.0388805 rms=0.000724483 index_kv max=0 rms=0 index_score max=0 rms=0 raw max=0.125 rms=0.0332103 rows=2
ds4: dspark batch state audit batch-vs-exact layer=38 n_comp 34/34 n_index 34/34 attn_kv max=0.0605604 rms=0.00254584 attn_score max=0.166532 rms=0.0246769 index_kv max=0.0742689 rms=0.00338806 index_score max=0.156044 rms=0.0234743 raw max=0.1875 rms=0.0262801 rows=2
ds4: dspark batch state audit batch-vs-exact layer=39 n_comp 1/1 n_index 0/0 attn_kv max=0.0154977 rms=0.000345831 attn_score max=0.0391403 rms=0.000748411 index_kv max=0 rms=0 index_score max=0 rms=0 raw max=0.25 rms=0.0442145 rows=2
ds4: dspark batch state audit batch-vs-exact layer=40 n_comp 34/34 n_index 34/34 attn_kv max=0.0218626 rms=0.00134417 attn_score max=0.504629 rms=0.0791653 index_kv max=0.0297403 rms=0.00219493 index_score max=0.465518 rms=0.0771862 raw max=0.25 rms=0.0315917 rows=2
ds4: dspark batch state audit batch-vs-exact layer=41 n_comp 1/1 n_index 0/0 attn_kv max=0.00940064 rms=0.000225203 attn_score max=0.0302364 rms=0.000650719 index_kv max=0 rms=0 index_score max=0 rms=0 raw max=0.25 rms=0.0373054 rows=2
ds4: dspark batch state audit batch-vs-exact layer=42 n_comp 34/34 n_index 34/34 attn_kv max=0.0142472 rms=0.00133433 attn_score max=0.0606698 rms=0.00581579 index_kv max=0.0131427 rms=0.00147067 index_score max=0.0614361 rms=0.00744632 raw max=0.25 rms=0.0220472 rows=2
ds4: dspark batch state audit batch-vs-exact summary mismatch_layers=41 max=1 raw_rows=2 mtp_n_raw 0/0
ds4: dspark batch audit row=0 token=18 batch_top=682 exact_top=682 batch_margin=12.421 exact_margin=12.434 logits_max=0.204819 logits_rms=0.0236352
ds4: dspark batch audit row=1 token=682 batch_top=18089 exact_top=18089 batch_margin=8.938 exact_margin=8.924 logits_max=0.145387 logits_rms=0.0306884
ds4: dspark batch state audit batch-vs-exact layer=3 n_comp 1/1 n_index 0/0 attn_kv max=3.78489e-06 rms=1.01836e-07 attn_score max=1.06096e-05 rms=2.0203e-07 index_kv max=0 rms=0 index_score max=0 rms=0 raw max=0.000488281 rms=1.52667e-05 rows=2
ds4: dspark batch state audit batch-vs-exact layer=4 n_comp 35/35 n_index 35/35 attn_kv max=6.4224e-06 rms=5.68541e-07 attn_score max=3.1054e-05 rms=2.2302e-06 index_kv max=7.97585e-06 rms=7.1894e-07 index_score max=2.63453e-05 rms=2.59502e-06 raw max=6.10352e-05 rms=1.90735e-06 rows=2
ds4: dspark batch state audit batch-vs-exact layer=6 n_comp 35/35 n_index 35/35 attn_kv max=9.32813e-06 rms=5.40381e-07 attn_score max=3.48091e-05 rms=6.0853e-06 index_kv max=8.76188e-06 rms=6.64028e-07 index_score max=3.71933e-05 rms=5.89424e-06 raw max=0.015625 rms=0.000519225 rows=2
ds4: dspark batch state audit batch-vs-exact layer=7 n_comp 1/1 n_index 0/0 attn_kv max=4.1455e-05 rms=1.16242e-06 attn_score max=0.00013864 rms=1.92352e-06 index_kv max=0 rms=0 index_score max=0 rms=0 raw max=0.125 rms=0.00436809 rows=2
ds4: dspark batch state audit batch-vs-exact layer=8 n_comp 35/35 n_index 35/35 attn_kv max=0.000934288 rms=6.24207e-05 attn_score max=0.00169873 rms=0.000256653 index_kv max=0.000672467 rms=8.40587e-05 index_score max=0.00240374 rms=0.000250299 raw max=0.0625 rms=0.00579803 rows=2
ds4: dspark batch state audit batch-vs-exact layer=9 n_comp 1/1 n_index 0/0 attn_kv max=0.000405826 rms=1.00027e-05 attn_score max=0.000702005 rms=1.34359e-05 index_kv max=0 rms=0 index_score max=0 rms=0 raw max=0.0625 rms=0.00264056 rows=2
ds4: dspark batch state audit batch-vs-exact layer=10 n_comp 35/35 n_index 35/35 attn_kv max=0.000716105 rms=7.70685e-05 attn_score max=0.00141859 rms=0.000207499 index_kv max=0.000844747 rms=0.000101267 index_score max=0.0017345 rms=0.000198018 raw max=0.0625 rms=0.00465749 rows=2
ds4: dspark batch state audit batch-vs-exact layer=11 n_comp 1/1 n_index 0/0 attn_kv max=0.000628985 rms=1.24579e-05 attn_score max=0.00159878 rms=1.59859e-05 index_kv max=0 rms=0 index_score max=0 rms=0 raw max=0.125 rms=0.00875035 rows=2
ds4: dspark batch state audit batch-vs-exact layer=12 n_comp 35/35 n_index 35/35 attn_kv max=0.00151882 rms=0.000177757 attn_score max=0.00381541 rms=0.00065139 index_kv max=0.00316668 rms=0.000234355 index_score max=0.00511229 rms=0.000640602 raw max=0.125 rms=0.0110264 rows=2
ds4: dspark batch state audit batch-vs-exact layer=13 n_comp 1/1 n_index 0/0 attn_kv max=0.000801712 rms=2.61922e-05 attn_score max=0.00134897 rms=3.78377e-05 index_kv max=0 rms=0 index_score max=0 rms=0 raw max=0.125 rms=0.00830646 rows=2
ds4: dspark batch state audit batch-vs-exact layer=14 n_comp 35/35 n_index 35/35 attn_kv max=0.00248736 rms=0.000253036 attn_score max=0.00493807 rms=0.00113997 index_kv max=0.00287728 rms=0.000367155 index_score max=0.007254 rms=0.00117657 raw max=0.25 rms=0.0121975 rows=2
ds4: dspark batch state audit batch-vs-exact layer=15 n_comp 1/1 n_index 0/0 attn_kv max=0.00138307 rms=4.3601e-05 attn_score max=0.00797844 rms=0.000155604 index_kv max=0 rms=0 index_score max=0 rms=0 raw max=0.0625 rms=0.0075878 rows=2
ds4: dspark batch state audit batch-vs-exact layer=16 n_comp 35/35 n_index 35/35 attn_kv max=0.00244092 rms=0.000311509 attn_score max=0.0110571 rms=0.0021873 index_kv max=0.0041846 rms=0.000512242 index_score max=0.013833 rms=0.00216208 raw max=0.125 rms=0.0130438 rows=2
ds4: dspark batch state audit batch-vs-exact layer=17 n_comp 1/1 n_index 0/0 attn_kv max=0.00272524 rms=9.82743e-05 attn_score max=0.00792038 rms=0.000279997 index_kv max=0 rms=0 index_score max=0 rms=0 raw max=0.125 rms=0.0137731 rows=2
ds4: dspark batch state audit batch-vs-exact layer=18 n_comp 35/35 n_index 35/35 attn_kv max=0.00148135 rms=0.000180242 attn_score max=0.00875711 rms=0.00141049 index_kv max=0.00344235 rms=0.000269308 index_score max=0.00849819 rms=0.00138455 raw max=0.125 rms=0.00905137 rows=2
ds4: dspark batch state audit batch-vs-exact layer=19 n_comp 1/1 n_index 0/0 attn_kv max=0.000873372 rms=2.80986e-05 attn_score max=0.00262046 rms=5.59353e-05 index_kv max=0 rms=0 index_score max=0 rms=0 raw max=0.25 rms=0.0147414 rows=2
ds4: dspark batch state audit batch-vs-exact layer=20 n_comp 35/35 n_index 35/35 attn_kv max=0.00385212 rms=0.000329146 attn_score max=0.0189962 rms=0.00420749 index_kv max=0.00493827 rms=0.000461538 index_score max=0.027066 rms=0.00436743 raw max=0.125 rms=0.0141563 rows=2
ds4: dspark batch state audit batch-vs-exact layer=21 n_comp 1/1 n_index 0/0 attn_kv max=0.00227225 rms=4.19156e-05 attn_score max=0.00255829 rms=7.37021e-05 index_kv max=0 rms=0 index_score max=0 rms=0 raw max=0.125 rms=0.0113035 rows=2
ds4: dspark batch state audit batch-vs-exact layer=22 n_comp 35/35 n_index 35/35 attn_kv max=0.00462198 rms=0.000350254 attn_score max=0.0172305 rms=0.00293238 index_kv max=0.00467062 rms=0.000532971 index_score max=0.0135779 rms=0.00289223 raw max=0.125 rms=0.0111928 rows=2
ds4: dspark batch state audit batch-vs-exact layer=23 n_comp 1/1 n_index 0/0 attn_kv max=0.00176959 rms=6.2404e-05 attn_score max=0.00307664 rms=0.00011464 index_kv max=0 rms=0 index_score max=0 rms=0 raw max=0.125 rms=0.0132378 rows=2
ds4: dspark batch state audit batch-vs-exact layer=24 n_comp 35/35 n_index 35/35 attn_kv max=0.00454025 rms=0.000324948 attn_score max=0.0103388 rms=0.00106658 index_kv max=0.0029155 rms=0.000415596 index_score max=0.00871706 rms=0.00103867 raw max=0.0625 rms=0.00798883 rows=2
ds4: dspark batch state audit batch-vs-exact layer=25 n_comp 1/1 n_index 0/0 attn_kv max=0.000566289 rms=1.76473e-05 attn_score max=0.00155461 rms=3.44696e-05 index_kv max=0 rms=0 index_score max=0 rms=0 raw max=0.125 rms=0.00959267 rows=2
ds4: dspark batch state audit batch-vs-exact layer=26 n_comp 35/35 n_index 35/35 attn_kv max=0.00190201 rms=0.000166767 attn_score max=0.00646567 rms=0.00125107 index_kv max=0.00172943 rms=0.00020111 index_score max=0.00836229 rms=0.00127729 raw max=0.125 rms=0.0106861 rows=2
ds4: dspark batch state audit batch-vs-exact layer=27 n_comp 1/1 n_index 0/0 attn_kv max=0.00118752 rms=3.81305e-05 attn_score max=0.00345904 rms=7.41479e-05 index_kv max=0 rms=0 index_score max=0 rms=0 raw max=0.125 rms=0.0113173 rows=2
ds4: dspark batch state audit batch-vs-exact layer=28 n_comp 35/35 n_index 35/35 attn_kv max=0.00180918 rms=0.000199392 attn_score max=0.013463 rms=0.00202419 index_kv max=0.00152639 rms=0.000228834 index_score max=0.0120625 rms=0.00203164 raw max=0.125 rms=0.0112363 rows=2
ds4: dspark batch state audit batch-vs-exact layer=29 n_comp 1/1 n_index 0/0 attn_kv max=0.00168598 rms=4.18829e-05 attn_score max=0.00660154 rms=0.00010194 index_kv max=0 rms=0 index_score max=0 rms=0 raw max=0.125 rms=0.0132238 rows=2
ds4: dspark batch state audit batch-vs-exact layer=30 n_comp 35/35 n_index 35/35 attn_kv max=0.00369668 rms=0.000283317 attn_score max=0.0350151 rms=0.00462077 index_kv max=0.00369617 rms=0.000402916 index_score max=0.0336423 rms=0.00449733 raw max=0.125 rms=0.00730287 rows=2
ds4: dspark batch state audit batch-vs-exact layer=31 n_comp 1/1 n_index 0/0 attn_kv max=0.00112138 rms=3.23905e-05 attn_score max=0.00233209 rms=6.24593e-05 index_kv max=0 rms=0 index_score max=0 rms=0 raw max=0.25 rms=0.015784 rows=2
ds4: dspark batch state audit batch-vs-exact layer=32 n_comp 35/35 n_index 35/35 attn_kv max=0.00158554 rms=0.000178189 attn_score max=0.018785 rms=0.00378497 index_kv max=0.00175213 rms=0.000233804 index_score max=0.0182459 rms=0.00359122 raw max=0.125 rms=0.00904437 rows=2
ds4: dspark batch state audit batch-vs-exact layer=33 n_comp 1/1 n_index 0/0 attn_kv max=0.00125816 rms=3.99819e-05 attn_score max=0.00350392 rms=9.13716e-05 index_kv max=0 rms=0 index_score max=0 rms=0 raw max=0.125 rms=0.0129146 rows=2
ds4: dspark batch state audit batch-vs-exact layer=34 n_comp 35/35 n_index 35/35 attn_kv max=0.00346601 rms=0.000232992 attn_score max=0.0730811 rms=0.012269 index_kv max=0.00284314 rms=0.0002849 index_score max=0.0721785 rms=0.0120259 raw max=0.25 rms=0.0116348 rows=2
ds4: dspark batch state audit batch-vs-exact layer=35 n_comp 1/1 n_index 0/0 attn_kv max=0.00173059 rms=5.63154e-05 attn_score max=0.00266147 rms=9.19081e-05 index_kv max=0 rms=0 index_score max=0 rms=0 raw max=0.125 rms=0.0144623 rows=2
ds4: dspark batch state audit batch-vs-exact layer=36 n_comp 35/35 n_index 35/35 attn_kv max=0.00291592 rms=0.00028077 attn_score max=0.00976121 rms=0.00145198 index_kv max=0.00240001 rms=0.00029562 index_score max=0.00728965 rms=0.00141249 raw max=0.125 rms=0.0125406 rows=2
ds4: dspark batch state audit batch-vs-exact layer=37 n_comp 1/1 n_index 0/0 attn_kv max=0.00175466 rms=2.51531e-05 attn_score max=0.00498378 rms=0.000136229 index_kv max=0 rms=0 index_score max=0 rms=0 raw max=0.125 rms=0.0104223 rows=2
ds4: dspark batch state audit batch-vs-exact layer=38 n_comp 35/35 n_index 35/35 attn_kv max=0.00458553 rms=0.000458905 attn_score max=0.0140874 rms=0.00198658 index_kv max=0.00481814 rms=0.000614336 index_score max=0.0135264 rms=0.00163928 raw max=0.125 rms=0.0109183 rows=2
ds4: dspark batch state audit batch-vs-exact layer=39 n_comp 1/1 n_index 0/0 attn_kv max=0.00338125 rms=6.01041e-05 attn_score max=0.00964189 rms=0.000146034 index_kv max=0 rms=0 index_score max=0 rms=0 raw max=0.125 rms=0.0126385 rows=2
ds4: dspark batch state audit batch-vs-exact layer=40 n_comp 35/35 n_index 35/35 attn_kv max=0.00368746 rms=0.000376925 attn_score max=0.0456066 rms=0.00720061 index_kv max=0.0047943 rms=0.000584108 index_score max=0.0440865 rms=0.00709904 raw max=0.125 rms=0.0124024 rows=2
ds4: dspark batch state audit batch-vs-exact layer=41 n_comp 1/1 n_index 0/0 attn_kv max=0.00228113 rms=5.10881e-05 attn_score max=0.00381786 rms=0.000136421 index_kv max=0 rms=0 index_score max=0 rms=0 raw max=0.125 rms=0.0137968 rows=2
ds4: dspark batch state audit batch-vs-exact layer=42 n_comp 35/35 n_index 35/35 attn_kv max=0.00420031 rms=0.000323086 attn_score max=0.0185055 rms=0.00174629 index_kv max=0.00319141 rms=0.000359888 index_score max=0.0153109 rms=0.0020529 raw max=0.25 rms=0.0122696 rows=2
ds4: dspark batch state audit batch-vs-exact summary mismatch_layers=39 max=0.25 raw_rows=2 mtp_n_raw 0/0
ds4: dspark batch audit row=0 token=438 batch_top=343 exact_top=343 batch_margin=15.589 exact_margin=15.553 logits_max=1.10197 logits_rms=0.157613
ds4: dspark batch audit row=1 token=343 batch_top=9489 exact_top=9489 batch_margin=10.761 exact_margin=10.830 logits_max=0.345965 logits_rms=0.064741
ds4: dspark batch state audit batch-vs-exact layer=2 n_comp 36/36 n_index 36/36 attn_kv max=1.02073e-06 rms=9.59577e-08 attn_score max=1.54972e-06 rms=1.5206e-07 index_kv max=1.13249e-06 rms=1.29034e-07 index_score max=3.21865e-06 rms=2.41855e-07 raw max=0.0078125 rms=0.000244144 rows=2
ds4: dspark batch state audit batch-vs-exact layer=3 n_comp 1/1 n_index 0/0 attn_kv max=2.03885e-05 rms=6.66662e-07 attn_score max=6.00815e-05 rms=1.42633e-06 index_kv max=0 rms=0 index_score max=0 rms=0 raw max=0.015625 rms=0.000504822 rows=2
ds4: dspark batch state audit batch-vs-exact layer=4 n_comp 36/36 n_index 36/36 attn_kv max=6.81728e-05 rms=7.67749e-06 attn_score max=0.000576973 rms=6.73584e-05 index_kv max=0.000113964 rms=1.05013e-05 index_score max=0.000525951 rms=6.65189e-05 raw max=0.015625 rms=0.000507743 rows=2
ds4: dspark batch state audit batch-vs-exact layer=5 n_comp 1/1 n_index 0/0 attn_kv max=5.87776e-05 rms=1.70562e-06 attn_score max=0.000223875 rms=3.24492e-06 index_kv max=0 rms=0 index_score max=0 rms=0 raw max=0.03125 rms=0.0015195 rows=2
ds4: dspark batch state audit batch-vs-exact layer=6 n_comp 36/36 n_index 36/36 attn_kv max=0.000268131 rms=2.4342e-05 attn_score max=0.000937939 rms=0.000153818 index_kv max=0.000424504 rms=2.96088e-05 index_score max=0.000905752 rms=0.000144273 raw max=0.0625 rms=0.00269215 rows=2
ds4: dspark batch state audit batch-vs-exact layer=7 n_comp 1/1 n_index 0/0 attn_kv max=0.000349782 rms=7.14809e-06 attn_score max=0.00086832 rms=1.18151e-05 index_kv max=0 rms=0 index_score max=0 rms=0 raw max=0.03125 rms=0.0013184 rows=2
ds4: dspark batch state audit batch-vs-exact layer=8 n_comp 36/36 n_index 36/36 attn_kv max=0.000611573 rms=5.14406e-05 attn_score max=0.00428438 rms=0.000564085 index_kv max=0.000572205 rms=6.10167e-05 index_score max=0.00420094 rms=0.000556997 raw max=0.03125 rms=0.00237187 rows=2
ds4: dspark batch state audit batch-vs-exact layer=9 n_comp 1/1 n_index 0/0 attn_kv max=0.000166103 rms=5.30925e-06 attn_score max=0.000409186 rms=7.41355e-06 index_kv max=0 rms=0 index_score max=0 rms=0 raw max=0.125 rms=0.00456721 rows=2
ds4: dspark batch state audit batch-vs-exact layer=10 n_comp 36/36 n_index 36/36 attn_kv max=0.000646919 rms=7.77794e-05 attn_score max=0.00325274 rms=0.000448102 index_kv max=0.000828989 rms=9.91963e-05 index_score max=0.00325561 rms=0.00044778 raw max=0.0625 rms=0.0034296 rows=2
ds4: dspark batch state audit batch-vs-exact layer=11 n_comp 1/1 n_index 0/0 attn_kv max=0.000390112 rms=9.22188e-06 attn_score max=0.000859588 rms=1.45055e-05 index_kv max=0 rms=0 index_score max=0 rms=0 raw max=0.125 rms=0.00535913 rows=2
ds4: dspark batch state audit batch-vs-exact layer=12 n_comp 36/36 n_index 36/36 attn_kv max=0.00134575 rms=9.07588e-05 attn_score max=0.00599527 rms=0.00123136 index_kv max=0.00167608 rms=0.000131338 index_score max=0.00638199 rms=0.00118035 raw max=0.125 rms=0.00661344 rows=2
ds4: dspark batch state audit batch-vs-exact layer=13 n_comp 1/1 n_index 0/0 attn_kv max=0.000476718 rms=1.35e-05 attn_score max=0.00100505 rms=2.4871e-05 index_kv max=0 rms=0 index_score max=0 rms=0 raw max=0.125 rms=0.00781342 rows=2
ds4: dspark batch state audit batch-vs-exact layer=14 n_comp 36/36 n_index 36/36 attn_kv max=0.0020684 rms=0.000174063 attn_score max=0.00766397 rms=0.00140835 index_kv max=0.00514078 rms=0.000297073 index_score max=0.0102222 rms=0.0014187 raw max=0.125 rms=0.00847588 rows=2
ds4: dspark batch state audit batch-vs-exact layer=15 n_comp 1/1 n_index 0/0 attn_kv max=0.0281005 rms=0.000725915 attn_score max=0.06202 rms=0.00129208 index_kv max=0 rms=0 index_score max=0 rms=0 raw max=0.1875 rms=0.0453397 rows=2
ds4: dspark batch state audit batch-vs-exact layer=16 n_comp 36/36 n_index 36/36 attn_kv max=0.0307218 rms=0.00348525 attn_score max=0.0900307 rms=0.0211453 index_kv max=0.0371596 rms=0.00488626 index_score max=0.128763 rms=0.021344 raw max=0.25 rms=0.0427448 rows=2
ds4: dspark batch state audit batch-vs-exact layer=17 n_comp 1/1 n_index 0/0 attn_kv max=0.0272297 rms=0.000814684 attn_score max=0.0583286 rms=0.00193531 index_kv max=0 rms=0 index_score max=0 rms=0 raw max=0.125 rms=0.0356057 rows=2
ds4: dspark batch state audit batch-vs-exact layer=18 n_comp 36/36 n_index 36/36 attn_kv max=0.0120054 rms=0.001286 attn_score max=0.107898 rms=0.0173121 index_kv max=0.0125396 rms=0.00179864 index_score max=0.092298 rms=0.0178259 raw max=0.25 rms=0.03278 rows=2
ds4: dspark batch state audit batch-vs-exact layer=19 n_comp 1/1 n_index 0/0 attn_kv max=0.00600859 rms=0.000195226 attn_score max=0.0312356 rms=0.000492887 index_kv max=0 rms=0 index_score max=0 rms=0 raw max=0.125 rms=0.0350869 rows=2
ds4: dspark batch state audit batch-vs-exact layer=20 n_comp 36/36 n_index 36/36 attn_kv max=0.0187089 rms=0.00203374 attn_score max=0.115288 rms=0.0225371 index_kv max=0.0170271 rms=0.0027123 index_score max=0.136057 rms=0.0227265 raw max=0.25 rms=0.0418976 rows=2
ds4: dspark batch state audit batch-vs-exact layer=21 n_comp 1/1 n_index 0/0 attn_kv max=0.0203246 rms=0.000553173 attn_score max=0.0806765 rms=0.00116154 index_kv max=0 rms=0 index_score max=0 rms=0 raw max=0.25 rms=0.0534682 rows=2
ds4: dspark batch state audit batch-vs-exact layer=22 n_comp 36/36 n_index 36/36 attn_kv max=0.0434656 rms=0.00401066 attn_score max=0.147898 rms=0.0209289 index_kv max=0.0496243 rms=0.00655733 index_score max=0.130476 rms=0.018895 raw max=0.25 rms=0.0424208 rows=2
ds4: dspark batch state audit batch-vs-exact layer=23 n_comp 1/1 n_index 0/0 attn_kv max=0.0224016 rms=0.000696966 attn_score max=0.0627675 rms=0.00142552 index_kv max=0 rms=0 index_score max=0 rms=0 raw max=0.25 rms=0.0472016 rows=2
ds4: dspark batch state audit batch-vs-exact layer=24 n_comp 36/36 n_index 36/36 attn_kv max=0.0409194 rms=0.00357408 attn_score max=0.140852 rms=0.0206903 index_kv max=0.0502246 rms=0.00483829 index_score max=0.202962 rms=0.0194864 raw max=0.25 rms=0.0341193 rows=2
ds4: dspark batch state audit batch-vs-exact layer=25 n_comp 1/1 n_index 0/0 attn_kv max=0.00536247 rms=0.000158476 attn_score max=0.0273089 rms=0.000341971 index_kv max=0 rms=0 index_score max=0 rms=0 raw max=0.25 rms=0.0296007 rows=2
ds4: dspark batch state audit batch-vs-exact layer=26 n_comp 36/36 n_index 36/36 attn_kv max=0.0465919 rms=0.00317493 attn_score max=0.454341 rms=0.0852201 index_kv max=0.0443602 rms=0.00362444 index_score max=0.592557 rms=0.0827107 raw max=0.25 rms=0.0462186 rows=2
ds4: dspark batch state audit batch-vs-exact layer=27 n_comp 1/1 n_index 0/0 attn_kv max=0.0146423 rms=0.000398467 attn_score max=0.0363458 rms=0.000840162 index_kv max=0 rms=0 index_score max=0 rms=0 raw max=0.25 rms=0.0552736 rows=2
ds4: dspark batch state audit batch-vs-exact layer=28 n_comp 36/36 n_index 36/36 attn_kv max=0.0310518 rms=0.00270829 attn_score max=0.0853171 rms=0.0135363 index_kv max=0.0349216 rms=0.00296102 index_score max=0.0760446 rms=0.014129 raw max=0.25 rms=0.0474218 rows=2
ds4: dspark batch state audit batch-vs-exact layer=29 n_comp 1/1 n_index 0/0 attn_kv max=0.0193996 rms=0.000405721 attn_score max=0.0595568 rms=0.00113343 index_kv max=0 rms=0 index_score max=0 rms=0 raw max=0.25 rms=0.052 rows=2
ds4: dspark batch state audit batch-vs-exact layer=30 n_comp 36/36 n_index 36/36 attn_kv max=0.042192 rms=0.00275581 attn_score max=0.187531 rms=0.0248532 index_kv max=0.0433571 rms=0.00406682 index_score max=0.146125 rms=0.0245152 raw max=0.219482 rms=0.0367003 rows=2
ds4: dspark batch state audit batch-vs-exact layer=31 n_comp 1/1 n_index 0/0 attn_kv max=0.0194688 rms=0.000547062 attn_score max=0.0632564 rms=0.00102877 index_kv max=0 rms=0 index_score max=0 rms=0 raw max=0.28125 rms=0.070071 rows=2
ds4: dspark batch state audit batch-vs-exact layer=32 n_comp 36/36 n_index 36/36 attn_kv max=0.0358995 rms=0.00376375 attn_score max=0.225253 rms=0.0368228 index_kv max=0.0561543 rms=0.00473179 index_score max=0.253791 rms=0.034968 raw max=0.25 rms=0.0547555 rows=2
ds4: dspark batch state audit batch-vs-exact layer=33 n_comp 1/1 n_index 0/0 attn_kv max=0.028807 rms=0.000697062 attn_score max=0.0678026 rms=0.00133024 index_kv max=0 rms=0 index_score max=0 rms=0 raw max=0.375 rms=0.0705923 rows=2
ds4: dspark batch state audit batch-vs-exact layer=34 n_comp 36/36 n_index 36/36 attn_kv max=0.07152 rms=0.00573718 attn_score max=0.780288 rms=0.109902 index_kv max=0.0668696 rms=0.00601597 index_score max=0.781381 rms=0.110456 raw max=0.3125 rms=0.0712075 rows=2
ds4: dspark batch state audit batch-vs-exact layer=35 n_comp 1/1 n_index 0/0 attn_kv max=0.0350487 rms=0.00110534 attn_score max=0.0740759 rms=0.0016409 index_kv max=0 rms=0 index_score max=0 rms=0 raw max=0.375 rms=0.0904865 rows=2
ds4: dspark batch state audit batch-vs-exact layer=36 n_comp 36/36 n_index 36/36 attn_kv max=0.0316599 rms=0.00328018 attn_score max=0.328953 rms=0.052237 index_kv max=0.0293649 rms=0.0035439 index_score max=0.341643 rms=0.0529092 raw max=0.25 rms=0.0528298 rows=2
ds4: dspark batch state audit batch-vs-exact layer=37 n_comp 1/1 n_index 0/0 attn_kv max=0.0196366 rms=0.000324255 attn_score max=0.0693988 rms=0.00239713 index_kv max=0 rms=0 index_score max=0 rms=0 raw max=0.289062 rms=0.0925032 rows=2
ds4: dspark batch state audit batch-vs-exact layer=38 n_comp 36/36 n_index 36/36 attn_kv max=0.0727946 rms=0.00780962 attn_score max=0.222716 rms=0.0241045 index_kv max=0.0691606 rms=0.0100517 index_score max=0.12597 rms=0.0190887 raw max=0.252441 rms=0.0658993 rows=2
ds4: dspark batch state audit batch-vs-exact layer=39 n_comp 1/1 n_index 0/0 attn_kv max=0.0273617 rms=0.0010334 attn_score max=0.105404 rms=0.00218534 index_kv max=0 rms=0 index_score max=0 rms=0 raw max=0.40625 rms=0.116684 rows=2
ds4: dspark batch state audit batch-vs-exact layer=40 n_comp 36/36 n_index 36/36 attn_kv max=0.0827447 rms=0.0100366 attn_score max=1.18876 rms=0.182517 index_kv max=0.105894 rms=0.012761 index_score max=1.04501 rms=0.178278 raw max=0.375 rms=0.1129 rows=2
ds4: dspark batch state audit batch-vs-exact layer=41 n_comp 1/1 n_index 0/0 attn_kv max=0.024904 rms=0.000638548 attn_score max=0.0402811 rms=0.00133862 index_kv max=0 rms=0 index_score max=0 rms=0 raw max=0.375 rms=0.0984273 rows=2
ds4: dspark batch state audit batch-vs-exact layer=42 n_comp 36/36 n_index 36/36 attn_kv max=0.0277117 rms=0.00168175 attn_score max=0.0588157 rms=0.00529521 index_kv max=0.0192121 rms=0.00186041 index_score max=0.0485247 rms=0.00563156 raw max=0.25 rms=0.0279629 rows=2
ds4: dspark batch state audit batch-vs-exact summary mismatch_layers=41 max=1.18876 raw_rows=2 mtp_n_raw 0/0
ds4: ----------------------------------------
ds4: prefill: 7.07 t/s, generation: 21.42 t/s (128 tokens in 5.976s)
ds4: dspark acceptance: 79.6% (78/98 draft tokens)
ds4: Flash-MoE resident slot bank: resident-slots=11008/11008 (100.0%, avg=256.0/layer) installed=72.56 GiB
