ds4: detected DS4 sidecar package: -m /Users/anemll/Models/flash/dsv4-iq2xxs-expert-major/dense/model-dense.gguf, --moe-sidecar /Users/anemll/Models/flash/dsv4-iq2xxs-expert-major, --moe-mode slot-bank
ds4: applied sidecar tuning profile [Apple M5 Max] from ds4_profile.json (51 env defaults set, 0 kept from environment)
ds4: warning: raw KV cap limits Metal prefill chunk (prefill_chunk=4096, raw_kv_rows=4096, raw_window=128, effective_chunk=3968; target raw cap for one chunk is 4352, also requires ctx >= that value)
ds4: context buffers 429.99 MiB (ctx=4096, backend=metal, prefill_chunk=4096, raw_kv_rows=4096, compressed_kv_rows=1026)
ds4: Flash-MoE sidecar loaded: /Users/anemll/Models/flash/dsv4-iq2xxs-expert-major (slot-bank=256, expert-record 6.75 MiB)
ds4: Flash-MoE expert mmap cache: off; expert reads: pread
ds4: Metal device Apple M5 Max, 128.00 GiB RAM, GPU working-set budget 107.52 GiB (raise with: sudo sysctl iogpu.wired_limit_mb=<MB>)
ds4: drift-patch flags hc_stable=on norm_unify=on kv_raw_f32=off rope_exp2_log2=off math_safe=off tensor_matmul=off
ds4: MXFP4 native library (MSL 4.1): repack=ok selected-repack=ok selected-plane-copy=ok scale-plane matmul=ok selected-matmul=ok decode2=pair/sum6 batch-decode2=pair/sum6 batch-strided=pair/sum6 hybrid-down=sum6 chunked-decode2=pair/sum6
ds4: DS4_MXFP4_NATIVE=1: native MXFP4 available (MPP 4.1 scale-plane matmul2d)
ds4: DSpark resident expert cache: ranges=9 bytes=9.56 GiB (persistent; debug opt-out requires DS4_DSPARK_ALLOW_NONRESIDENT=1)
ds4: DSpark sidecar Metal residency requested: buffers=9 bytes=9.56 GiB
ds4: DSpark draft package loaded: /Users/anemll/Models/DSv4-Flash-DSpark-draft (block=5 verify=2 scheduler=static conf=0.000 noise=128799 target_layers=40,41,42 markov_rank=256 records=81 mapped=10.12 GiB)
ds4: DSpark draft records: F32=41 F16=6 FP8_E4M3=25 MXFP4_NATIVE=9
ds4: DSpark draft inference enabled: MPP 4.1 FP8/MXFP4 draft kernels, fused routed-MoE per draft layer, persistent resident experts, greedy Markov head, exact verifier v1
ds4: Flash-MoE using mmap-backed dense/shared weights without full-model Metal residency warmup
ds4: Metal model views created in 0.289 ms, residency requested in 0.000 ms, warmup 0.000 ms (mapped 8393.67 MiB from offset 5.06 MiB)
ds4: Metal mapped mmaped model as 1 overlapping shared buffers
ds4: metal backend initialized for graph diagnostics
ds4: prefill routed-MoE (requested): mul_mm_id (grouped GPU / ALU)  [grouped path]
ds4: prefill quant scales (ANE env first): w_qscale=512 x_qscale=32 mid_qscale=32 w_scale=0.00195312 x_scale=0.03125 mid_scale=0.03125
ds4: prefill ctx-grow: on, block=16384 tokens
ds4: prefill chunk cap: 16384, graph_raw_cap=auto
ds4: Flash-MoE resident mixed slot-bank load: layers=43 slots=256 bytes=72.56 GiB (one dot per layer)
ds4: Flash-MoE resident prepare: ........................................... 72.56/72.56 GiB (43 layers)
ds4: Flash-MoE resident preload: ........................................... 72.56/72.56 GiB (43 layers)
ds4: Flash-MoE preloaded mixed slot bank: layers=43 slots=256 identity-mapped experts=256
ds4: Flash-MoE slot-bank Metal residency requested: buffers=43 bytes=72.56 GiB
ds4: Flash-MoE slot-bank pages touched: buffers=43 bytes=72.56 GiB
ds4: Flash-MoE slot banks allocated: layers=43 slots=256 gpu-bank=72.6GB Dense: 8.2GB Context: 0.4GB Total <<<< 81.2GB >>>>
ds4: Flash-MoE slot bank layout: mixed expert-major
ds4: warning: very large Flash-MoE slot bank can collapse decode throughput (slots=256, gpu-bank=72.56 GiB). The wired bank competes with the OS file cache that serves decode-miss reads of the sidecar; when the sidecar is larger than RAM, smaller banks decode faster. Compare --moe-slot-bank 32/48/64 or use --ssd-cache auto.
ds4: prefill compute: routed experts = ANE i8i8 (W8A8) | dense proj = Q8 direct-RHS NAX; K-quant dense = fused mul_mm_id batch
ds4: prefill I/O: io-split=4 async-pread=on pread-threads=4 readahead=12 bank-prefetch=3 slot-cache-topk=0 xlayer=auto<=6k-tok topk=128
ds4: decode  I/O: io-split=4 router-prefetch=off scratch-prefetch=off max-loads=0 layer-stride=1 miss-direct-slot-pread=on prefetch-direct-slot-pread=off did-modify=on shared-down=on reset-after-prefill=off realloc-after-prefill=off restore-after-prefill=off resident=slot-bank slots=256
ds4: Flash-MoE banked kernels using M5 simdgroup_matrix fast path (prefetch=3, banks=4)
ds4: WARNING: prefill chunk 4096 clamped to 3968 by raw-KV cap (raw_cap=4096, window=128). Set DS4_METAL_GRAPH_RAW_CAP >= 4224 (window + chunk) — or unset it to auto-size — to honor the chunk.
ds4: prefill chunk cap EFFECTIVE=3968 tokens (DS4_METAL_PREFILL_CHUNK=16384), CLAMPED by raw-KV-cap (ctx-grow) (resident-NAX tiles this by scratch_cap; that tile gates the sync bridge)
processing 19 input tokens: 0/19 (0.0%) batch=0.00 t/s avg=0.00 t/s
ds4: ANE i8w-i8x-tiled-fused cached async prefill B=256 H=4096 I=2048 w_scale=0.00195312 x_scale=0.03125 mid_scale=0.03125
ds4: metal layer stage part=attn layer=0 pos=0 tokens=19 hc_pre=14.273 ms
ds4: metal layer stage part=attn layer=0 pos=0 tokens=19 norm=1.304 ms
ds4: metal layer stage part=attn layer=0 pos=0 tokens=19 q_path=21.043 ms
ds4: metal layer stage part=attn layer=0 pos=0 tokens=19 kv_path=0.273 ms
ds4: metal layer stage part=attn layer=0 pos=0 tokens=19 attention=16.423 ms
ds4: metal layer stage part=attn layer=0 pos=0 tokens=19 inv_rope=0.252 ms
ds4: metal layer stage part=attn layer=0 pos=0 tokens=19 output_proj=5.824 ms
ds4: metal layer stage part=attn layer=0 pos=0 tokens=19 hc_post=6.107 ms
ds4: metal layer stage part=ffn layer=0 pos=0 tokens=19 hc_pre=2.120 ms
ds4: metal layer stage part=ffn layer=0 pos=0 tokens=19 norm=1.185 ms
ds4: metal layer stage part=ffn layer=0 pos=0 tokens=19 router=0.626 ms
ds4: metal layer stage part=ffn layer=0 pos=0 tokens=19 routed_moe=29.950 ms
ds4: metal layer stage part=ffn layer=0 pos=0 tokens=19 shared_gate_up=1.613 ms
ds4: metal layer stage part=ffn layer=0 pos=0 tokens=19 shared_down=1.765 ms
ds4: metal layer stage part=ffn layer=0 pos=0 tokens=19 hc_post=6.211 ms
processing 19 input tokens: 0/19 (0.0%) batch=0.00 t/s avg=0.00 t/s
ds4: metal layer stage part=attn layer=1 pos=0 tokens=19 hc_pre=0.728 ms
ds4: metal layer stage part=attn layer=1 pos=0 tokens=19 norm=0.296 ms
ds4: metal layer stage part=attn layer=1 pos=0 tokens=19 q_path=0.914 ms
ds4: metal layer stage part=attn layer=1 pos=0 tokens=19 kv_path=0.219 ms
ds4: metal layer stage part=attn layer=1 pos=0 tokens=19 attention=1.047 ms
ds4: metal layer stage part=attn layer=1 pos=0 tokens=19 inv_rope=0.286 ms
ds4: metal layer stage part=attn layer=1 pos=0 tokens=19 output_proj=1.248 ms
ds4: metal layer stage part=attn layer=1 pos=0 tokens=19 hc_post=0.234 ms
ds4: metal layer stage part=ffn layer=1 pos=0 tokens=19 hc_pre=0.654 ms
ds4: metal layer stage part=ffn layer=1 pos=0 tokens=19 norm=0.273 ms
ds4: metal layer stage part=ffn layer=1 pos=0 tokens=19 router=0.365 ms
ds4: metal layer stage part=ffn layer=1 pos=0 tokens=19 routed_moe=23.968 ms
ds4: metal layer stage part=ffn layer=1 pos=0 tokens=19 shared_gate_up=0.566 ms
ds4: metal layer stage part=ffn layer=1 pos=0 tokens=19 shared_down=0.301 ms
ds4: metal layer stage part=ffn layer=1 pos=0 tokens=19 hc_post=0.201 ms
processing 19 input tokens: 0/19 (0.0%) batch=0.00 t/s avg=0.00 t/s
ds4: metal layer stage part=attn layer=2 pos=0 tokens=19 hc_pre=0.690 ms
ds4: metal layer stage part=attn layer=2 pos=0 tokens=19 norm=0.244 ms
ds4: metal layer stage part=attn layer=2 pos=0 tokens=19 q_path=0.862 ms
ds4: metal layer stage part=attn layer=2 pos=0 tokens=19 kv_path=0.256 ms
ds4: metal layer stage part=attn layer=2 pos=0 tokens=19 compressor=1.603 ms
ds4: metal layer stage part=attn layer=2 pos=0 tokens=19 indexer_setup=3.896 ms
ds4: metal layer stage part=attn layer=2 pos=0 tokens=19 attention=0.898 ms
ds4: metal layer stage part=attn layer=2 pos=0 tokens=19 inv_rope=0.249 ms
ds4: metal layer stage part=attn layer=2 pos=0 tokens=19 output_proj=1.357 ms
ds4: metal layer stage part=attn layer=2 pos=0 tokens=19 hc_post=0.241 ms
ds4: metal layer stage part=ffn layer=2 pos=0 tokens=19 hc_pre=0.628 ms
ds4: metal layer stage part=ffn layer=2 pos=0 tokens=19 norm=0.200 ms
ds4: metal layer stage part=ffn layer=2 pos=0 tokens=19 router=0.383 ms
ds4: metal layer stage part=ffn layer=2 pos=0 tokens=19 routed_moe=23.344 ms
ds4: metal layer stage part=ffn layer=2 pos=0 tokens=19 shared_gate_up=0.574 ms
ds4: metal layer stage part=ffn layer=2 pos=0 tokens=19 shared_down=0.298 ms
ds4: metal layer stage part=ffn layer=2 pos=0 tokens=19 hc_post=0.196 ms
processing 19 input tokens: 1/19 (5.3%) batch=27.82 t/s avg=0.61 t/s
ds4: metal layer stage part=attn layer=3 pos=0 tokens=19 hc_pre=0.626 ms
ds4: metal layer stage part=attn layer=3 pos=0 tokens=19 norm=0.234 ms
ds4: metal layer stage part=attn layer=3 pos=0 tokens=19 q_path=0.854 ms
ds4: metal layer stage part=attn layer=3 pos=0 tokens=19 kv_path=0.224 ms
ds4: metal layer stage part=attn layer=3 pos=0 tokens=19 compressor=0.604 ms
ds4: metal layer stage part=attn layer=3 pos=0 tokens=19 attention=0.850 ms
ds4: metal layer stage part=attn layer=3 pos=0 tokens=19 inv_rope=0.198 ms
ds4: metal layer stage part=attn layer=3 pos=0 tokens=19 output_proj=1.303 ms
ds4: metal layer stage part=attn layer=3 pos=0 tokens=19 hc_post=0.269 ms
ds4: metal layer stage part=ffn layer=3 pos=0 tokens=19 hc_pre=0.611 ms
ds4: metal layer stage part=ffn layer=3 pos=0 tokens=19 norm=0.202 ms
ds4: metal layer stage part=ffn layer=3 pos=0 tokens=19 router=0.356 ms
ds4: metal layer stage part=ffn layer=3 pos=0 tokens=19 routed_moe=15.473 ms
ds4: metal layer stage part=ffn layer=3 pos=0 tokens=19 shared_gate_up=0.594 ms
ds4: metal layer stage part=ffn layer=3 pos=0 tokens=19 shared_down=0.331 ms
ds4: metal layer stage part=ffn layer=3 pos=0 tokens=19 hc_post=0.266 ms
processing 19 input tokens: 1/19 (5.3%) batch=0.00 t/s avg=0.60 t/s
ds4: metal layer stage part=attn layer=4 pos=0 tokens=19 hc_pre=0.685 ms
ds4: metal layer stage part=attn layer=4 pos=0 tokens=19 norm=0.209 ms
ds4: metal layer stage part=attn layer=4 pos=0 tokens=19 q_path=0.786 ms
ds4: metal layer stage part=attn layer=4 pos=0 tokens=19 kv_path=0.234 ms
ds4: metal layer stage part=attn layer=4 pos=0 tokens=19 compressor=0.807 ms
ds4: metal layer stage part=attn layer=4 pos=0 tokens=19 indexer_setup=0.735 ms
ds4: metal layer stage part=attn layer=4 pos=0 tokens=19 attention=0.920 ms
ds4: metal layer stage part=attn layer=4 pos=0 tokens=19 inv_rope=0.351 ms
ds4: metal layer stage part=attn layer=4 pos=0 tokens=19 output_proj=1.339 ms
ds4: metal layer stage part=attn layer=4 pos=0 tokens=19 hc_post=0.231 ms
ds4: metal layer stage part=ffn layer=4 pos=0 tokens=19 hc_pre=0.709 ms
ds4: metal layer stage part=ffn layer=4 pos=0 tokens=19 norm=0.261 ms
ds4: metal layer stage part=ffn layer=4 pos=0 tokens=19 router=0.380 ms
ds4: metal layer stage part=ffn layer=4 pos=0 tokens=19 routed_moe=12.758 ms
ds4: metal layer stage part=ffn layer=4 pos=0 tokens=19 shared_gate_up=0.592 ms
ds4: metal layer stage part=ffn layer=4 pos=0 tokens=19 shared_down=0.319 ms
ds4: metal layer stage part=ffn layer=4 pos=0 tokens=19 hc_post=0.289 ms
processing 19 input tokens: 2/19 (10.5%) batch=46.23 t/s avg=1.19 t/s
ds4: metal layer stage part=attn layer=5 pos=0 tokens=19 hc_pre=0.636 ms
ds4: metal layer stage part=attn layer=5 pos=0 tokens=19 norm=0.194 ms
ds4: metal layer stage part=attn layer=5 pos=0 tokens=19 q_path=0.843 ms
ds4: metal layer stage part=attn layer=5 pos=0 tokens=19 kv_path=0.315 ms
ds4: metal layer stage part=attn layer=5 pos=0 tokens=19 compressor=0.788 ms
ds4: metal layer stage part=attn layer=5 pos=0 tokens=19 attention=0.866 ms
ds4: metal layer stage part=attn layer=5 pos=0 tokens=19 inv_rope=0.253 ms
ds4: metal layer stage part=attn layer=5 pos=0 tokens=19 output_proj=1.300 ms
ds4: metal layer stage part=attn layer=5 pos=0 tokens=19 hc_post=0.258 ms
ds4: metal layer stage part=ffn layer=5 pos=0 tokens=19 hc_pre=0.669 ms
ds4: metal layer stage part=ffn layer=5 pos=0 tokens=19 norm=0.231 ms
ds4: metal layer stage part=ffn layer=5 pos=0 tokens=19 router=0.340 ms
ds4: metal layer stage part=ffn layer=5 pos=0 tokens=19 routed_moe=12.675 ms
ds4: metal layer stage part=ffn layer=5 pos=0 tokens=19 shared_gate_up=0.549 ms
ds4: metal layer stage part=ffn layer=5 pos=0 tokens=19 shared_down=0.320 ms
ds4: metal layer stage part=ffn layer=5 pos=0 tokens=19 hc_post=0.204 ms
processing 19 input tokens: 2/19 (10.5%) batch=0.00 t/s avg=1.17 t/s
ds4: metal layer stage part=attn layer=6 pos=0 tokens=19 hc_pre=0.622 ms
ds4: metal layer stage part=attn layer=6 pos=0 tokens=19 norm=0.231 ms
ds4: metal layer stage part=attn layer=6 pos=0 tokens=19 q_path=0.836 ms
ds4: metal layer stage part=attn layer=6 pos=0 tokens=19 kv_path=0.239 ms
ds4: metal layer stage part=attn layer=6 pos=0 tokens=19 compressor=0.819 ms
ds4: metal layer stage part=attn layer=6 pos=0 tokens=19 indexer_setup=0.745 ms
ds4: metal layer stage part=attn layer=6 pos=0 tokens=19 attention=0.812 ms
ds4: metal layer stage part=attn layer=6 pos=0 tokens=19 inv_rope=0.283 ms
ds4: metal layer stage part=attn layer=6 pos=0 tokens=19 output_proj=1.336 ms
ds4: metal layer stage part=attn layer=6 pos=0 tokens=19 hc_post=0.286 ms
ds4: metal layer stage part=ffn layer=6 pos=0 tokens=19 hc_pre=0.631 ms
ds4: metal layer stage part=ffn layer=6 pos=0 tokens=19 norm=0.261 ms
ds4: metal layer stage part=ffn layer=6 pos=0 tokens=19 router=0.393 ms
ds4: metal layer stage part=ffn layer=6 pos=0 tokens=19 routed_moe=13.871 ms
ds4: metal layer stage part=ffn layer=6 pos=0 tokens=19 shared_gate_up=0.544 ms
ds4: metal layer stage part=ffn layer=6 pos=0 tokens=19 shared_down=0.310 ms
ds4: metal layer stage part=ffn layer=6 pos=0 tokens=19 hc_post=0.257 ms
processing 19 input tokens: 3/19 (15.8%) batch=44.45 t/s avg=1.73 t/s
ds4: metal layer stage part=attn layer=7 pos=0 tokens=19 hc_pre=0.679 ms
ds4: metal layer stage part=attn layer=7 pos=0 tokens=19 norm=0.242 ms
ds4: metal layer stage part=attn layer=7 pos=0 tokens=19 q_path=0.764 ms
ds4: metal layer stage part=attn layer=7 pos=0 tokens=19 kv_path=0.204 ms
ds4: metal layer stage part=attn layer=7 pos=0 tokens=19 compressor=0.708 ms
ds4: metal layer stage part=attn layer=7 pos=0 tokens=19 attention=0.852 ms
ds4: metal layer stage part=attn layer=7 pos=0 tokens=19 inv_rope=0.294 ms
ds4: metal layer stage part=attn layer=7 pos=0 tokens=19 output_proj=1.294 ms
ds4: metal layer stage part=attn layer=7 pos=0 tokens=19 hc_post=0.271 ms
ds4: metal layer stage part=ffn layer=7 pos=0 tokens=19 hc_pre=0.646 ms
ds4: metal layer stage part=ffn layer=7 pos=0 tokens=19 norm=0.284 ms
ds4: metal layer stage part=ffn layer=7 pos=0 tokens=19 router=0.387 ms
ds4: metal layer stage part=ffn layer=7 pos=0 tokens=19 routed_moe=16.127 ms
ds4: metal layer stage part=ffn layer=7 pos=0 tokens=19 shared_gate_up=0.577 ms
ds4: metal layer stage part=ffn layer=7 pos=0 tokens=19 shared_down=0.352 ms
ds4: metal layer stage part=ffn layer=7 pos=0 tokens=19 hc_post=0.252 ms
processing 19 input tokens: 3/19 (15.8%) batch=0.00 t/s avg=1.71 t/s
ds4: metal layer stage part=attn layer=8 pos=0 tokens=19 hc_pre=0.684 ms
ds4: metal layer stage part=attn layer=8 pos=0 tokens=19 norm=0.216 ms
ds4: metal layer stage part=attn layer=8 pos=0 tokens=19 q_path=0.792 ms
ds4: metal layer stage part=attn layer=8 pos=0 tokens=19 kv_path=0.214 ms
ds4: metal layer stage part=attn layer=8 pos=0 tokens=19 compressor=0.812 ms
ds4: metal layer stage part=attn layer=8 pos=0 tokens=19 indexer_setup=0.739 ms
ds4: metal layer stage part=attn layer=8 pos=0 tokens=19 attention=0.825 ms
ds4: metal layer stage part=attn layer=8 pos=0 tokens=19 inv_rope=0.249 ms
ds4: metal layer stage part=attn layer=8 pos=0 tokens=19 output_proj=1.295 ms
ds4: metal layer stage part=attn layer=8 pos=0 tokens=19 hc_post=0.340 ms
ds4: metal layer stage part=ffn layer=8 pos=0 tokens=19 hc_pre=0.854 ms
ds4: metal layer stage part=ffn layer=8 pos=0 tokens=19 norm=0.232 ms
ds4: metal layer stage part=ffn layer=8 pos=0 tokens=19 router=0.419 ms
ds4: metal layer stage part=ffn layer=8 pos=0 tokens=19 routed_moe=15.597 ms
ds4: metal layer stage part=ffn layer=8 pos=0 tokens=19 shared_gate_up=0.583 ms
ds4: metal layer stage part=ffn layer=8 pos=0 tokens=19 shared_down=0.307 ms
ds4: metal layer stage part=ffn layer=8 pos=0 tokens=19 hc_post=0.210 ms
processing 19 input tokens: 3/19 (15.8%) batch=0.00 t/s avg=1.69 t/s
ds4: metal layer stage part=attn layer=9 pos=0 tokens=19 hc_pre=0.673 ms
ds4: metal layer stage part=attn layer=9 pos=0 tokens=19 norm=0.185 ms
ds4: metal layer stage part=attn layer=9 pos=0 tokens=19 q_path=0.855 ms
ds4: metal layer stage part=attn layer=9 pos=0 tokens=19 kv_path=0.209 ms
ds4: metal layer stage part=attn layer=9 pos=0 tokens=19 compressor=0.660 ms
ds4: metal layer stage part=attn layer=9 pos=0 tokens=19 attention=0.821 ms
ds4: metal layer stage part=attn layer=9 pos=0 tokens=19 inv_rope=0.211 ms
ds4: metal layer stage part=attn layer=9 pos=0 tokens=19 output_proj=1.315 ms
ds4: metal layer stage part=attn layer=9 pos=0 tokens=19 hc_post=0.271 ms
ds4: metal layer stage part=ffn layer=9 pos=0 tokens=19 hc_pre=0.645 ms
ds4: metal layer stage part=ffn layer=9 pos=0 tokens=19 norm=0.194 ms
ds4: metal layer stage part=ffn layer=9 pos=0 tokens=19 router=0.418 ms
ds4: metal layer stage part=ffn layer=9 pos=0 tokens=19 routed_moe=16.565 ms
ds4: metal layer stage part=ffn layer=9 pos=0 tokens=19 shared_gate_up=0.577 ms
ds4: metal layer stage part=ffn layer=9 pos=0 tokens=19 shared_down=0.338 ms
ds4: metal layer stage part=ffn layer=9 pos=0 tokens=19 hc_post=0.266 ms
processing 19 input tokens: 4/19 (21.1%) batch=41.28 t/s avg=2.22 t/s
ds4: metal layer stage part=attn layer=10 pos=0 tokens=19 hc_pre=0.678 ms
ds4: metal layer stage part=attn layer=10 pos=0 tokens=19 norm=0.254 ms
ds4: metal layer stage part=attn layer=10 pos=0 tokens=19 q_path=0.766 ms
ds4: metal layer stage part=attn layer=10 pos=0 tokens=19 kv_path=0.187 ms
ds4: metal layer stage part=attn layer=10 pos=0 tokens=19 compressor=0.841 ms
ds4: metal layer stage part=attn layer=10 pos=0 tokens=19 indexer_setup=0.799 ms
ds4: metal layer stage part=attn layer=10 pos=0 tokens=19 attention=0.840 ms
ds4: metal layer stage part=attn layer=10 pos=0 tokens=19 inv_rope=0.219 ms
ds4: metal layer stage part=attn layer=10 pos=0 tokens=19 output_proj=1.246 ms
ds4: metal layer stage part=attn layer=10 pos=0 tokens=19 hc_post=0.259 ms
ds4: metal layer stage part=ffn layer=10 pos=0 tokens=19 hc_pre=0.649 ms
ds4: metal layer stage part=ffn layer=10 pos=0 tokens=19 norm=0.263 ms
ds4: metal layer stage part=ffn layer=10 pos=0 tokens=19 router=0.404 ms
ds4: metal layer stage part=ffn layer=10 pos=0 tokens=19 routed_moe=14.838 ms
ds4: metal layer stage part=ffn layer=10 pos=0 tokens=19 shared_gate_up=0.551 ms
ds4: metal layer stage part=ffn layer=10 pos=0 tokens=19 shared_down=0.307 ms
ds4: metal layer stage part=ffn layer=10 pos=0 tokens=19 hc_post=0.217 ms
processing 19 input tokens: 4/19 (21.1%) batch=0.00 t/s avg=2.19 t/s
ds4: metal layer stage part=attn layer=11 pos=0 tokens=19 hc_pre=0.609 ms
ds4: metal layer stage part=attn layer=11 pos=0 tokens=19 norm=0.250 ms
ds4: metal layer stage part=attn layer=11 pos=0 tokens=19 q_path=0.809 ms
ds4: metal layer stage part=attn layer=11 pos=0 tokens=19 kv_path=0.236 ms
ds4: metal layer stage part=attn layer=11 pos=0 tokens=19 compressor=0.666 ms
ds4: metal layer stage part=attn layer=11 pos=0 tokens=19 attention=0.819 ms
ds4: metal layer stage part=attn layer=11 pos=0 tokens=19 inv_rope=0.206 ms
ds4: metal layer stage part=attn layer=11 pos=0 tokens=19 output_proj=1.249 ms
ds4: metal layer stage part=attn layer=11 pos=0 tokens=19 hc_post=0.297 ms
ds4: metal layer stage part=ffn layer=11 pos=0 tokens=19 hc_pre=0.697 ms
ds4: metal layer stage part=ffn layer=11 pos=0 tokens=19 norm=0.228 ms
ds4: metal layer stage part=ffn layer=11 pos=0 tokens=19 router=0.437 ms
ds4: metal layer stage part=ffn layer=11 pos=0 tokens=19 routed_moe=15.860 ms
ds4: metal layer stage part=ffn layer=11 pos=0 tokens=19 shared_gate_up=0.553 ms
ds4: metal layer stage part=ffn layer=11 pos=0 tokens=19 shared_down=0.312 ms
ds4: metal layer stage part=ffn layer=11 pos=0 tokens=19 hc_post=0.203 ms
processing 19 input tokens: 5/19 (26.3%) batch=42.65 t/s avg=2.70 t/s
ds4: metal layer stage part=attn layer=12 pos=0 tokens=19 hc_pre=0.593 ms
ds4: metal layer stage part=attn layer=12 pos=0 tokens=19 norm=0.256 ms
ds4: metal layer stage part=attn layer=12 pos=0 tokens=19 q_path=0.831 ms
ds4: metal layer stage part=attn layer=12 pos=0 tokens=19 kv_path=0.288 ms
ds4: metal layer stage part=attn layer=12 pos=0 tokens=19 compressor=0.840 ms
ds4: metal layer stage part=attn layer=12 pos=0 tokens=19 indexer_setup=0.714 ms
ds4: metal layer stage part=attn layer=12 pos=0 tokens=19 attention=0.928 ms
ds4: metal layer stage part=attn layer=12 pos=0 tokens=19 inv_rope=0.237 ms
ds4: metal layer stage part=attn layer=12 pos=0 tokens=19 output_proj=1.264 ms
ds4: metal layer stage part=attn layer=12 pos=0 tokens=19 hc_post=0.234 ms
ds4: metal layer stage part=ffn layer=12 pos=0 tokens=19 hc_pre=0.639 ms
ds4: metal layer stage part=ffn layer=12 pos=0 tokens=19 norm=0.263 ms
ds4: metal layer stage part=ffn layer=12 pos=0 tokens=19 router=0.473 ms
ds4: metal layer stage part=ffn layer=12 pos=0 tokens=19 routed_moe=15.264 ms
ds4: metal layer stage part=ffn layer=12 pos=0 tokens=19 shared_gate_up=0.598 ms
ds4: metal layer stage part=ffn layer=12 pos=0 tokens=19 shared_down=0.309 ms
ds4: metal layer stage part=ffn layer=12 pos=0 tokens=19 hc_post=0.212 ms
processing 19 input tokens: 5/19 (26.3%) batch=0.00 t/s avg=2.67 t/s
ds4: metal layer stage part=attn layer=13 pos=0 tokens=19 hc_pre=0.613 ms
ds4: metal layer stage part=attn layer=13 pos=0 tokens=19 norm=0.226 ms
ds4: metal layer stage part=attn layer=13 pos=0 tokens=19 q_path=0.838 ms
ds4: metal layer stage part=attn layer=13 pos=0 tokens=19 kv_path=0.300 ms
ds4: metal layer stage part=attn layer=13 pos=0 tokens=19 compressor=0.687 ms
ds4: metal layer stage part=attn layer=13 pos=0 tokens=19 attention=0.867 ms
ds4: metal layer stage part=attn layer=13 pos=0 tokens=19 inv_rope=0.248 ms
ds4: metal layer stage part=attn layer=13 pos=0 tokens=19 output_proj=1.327 ms
ds4: metal layer stage part=attn layer=13 pos=0 tokens=19 hc_post=0.286 ms
ds4: metal layer stage part=ffn layer=13 pos=0 tokens=19 hc_pre=0.640 ms
ds4: metal layer stage part=ffn layer=13 pos=0 tokens=19 norm=0.274 ms
ds4: metal layer stage part=ffn layer=13 pos=0 tokens=19 router=0.459 ms
ds4: metal layer stage part=ffn layer=13 pos=0 tokens=19 routed_moe=13.976 ms
ds4: metal layer stage part=ffn layer=13 pos=0 tokens=19 shared_gate_up=0.616 ms
ds4: metal layer stage part=ffn layer=13 pos=0 tokens=19 shared_down=0.307 ms
ds4: metal layer stage part=ffn layer=13 pos=0 tokens=19 hc_post=0.271 ms
processing 19 input tokens: 6/19 (31.6%) batch=45.54 t/s avg=3.16 t/s
ds4: metal layer stage part=attn layer=14 pos=0 tokens=19 hc_pre=0.655 ms
ds4: metal layer stage part=attn layer=14 pos=0 tokens=19 norm=0.204 ms
ds4: metal layer stage part=attn layer=14 pos=0 tokens=19 q_path=1.180 ms
ds4: metal layer stage part=attn layer=14 pos=0 tokens=19 kv_path=0.264 ms
ds4: metal layer stage part=attn layer=14 pos=0 tokens=19 compressor=0.920 ms
ds4: metal layer stage part=attn layer=14 pos=0 tokens=19 indexer_setup=0.751 ms
ds4: metal layer stage part=attn layer=14 pos=0 tokens=19 attention=0.882 ms
ds4: metal layer stage part=attn layer=14 pos=0 tokens=19 inv_rope=0.213 ms
ds4: metal layer stage part=attn layer=14 pos=0 tokens=19 output_proj=1.246 ms
ds4: metal layer stage part=attn layer=14 pos=0 tokens=19 hc_post=0.288 ms
ds4: metal layer stage part=ffn layer=14 pos=0 tokens=19 hc_pre=0.674 ms
ds4: metal layer stage part=ffn layer=14 pos=0 tokens=19 norm=0.248 ms
ds4: metal layer stage part=ffn layer=14 pos=0 tokens=19 router=0.372 ms
ds4: metal layer stage part=ffn layer=14 pos=0 tokens=19 routed_moe=12.786 ms
ds4: metal layer stage part=ffn layer=14 pos=0 tokens=19 shared_gate_up=0.569 ms
ds4: metal layer stage part=ffn layer=14 pos=0 tokens=19 shared_down=0.303 ms
ds4: metal layer stage part=ffn layer=14 pos=0 tokens=19 hc_post=0.202 ms
processing 19 input tokens: 6/19 (31.6%) batch=0.00 t/s avg=3.13 t/s
ds4: metal layer stage part=attn layer=15 pos=0 tokens=19 hc_pre=0.652 ms
ds4: metal layer stage part=attn layer=15 pos=0 tokens=19 norm=0.229 ms
ds4: metal layer stage part=attn layer=15 pos=0 tokens=19 q_path=0.798 ms
ds4: metal layer stage part=attn layer=15 pos=0 tokens=19 kv_path=0.303 ms
ds4: metal layer stage part=attn layer=15 pos=0 tokens=19 compressor=0.698 ms
ds4: metal layer stage part=attn layer=15 pos=0 tokens=19 attention=1.015 ms
ds4: metal layer stage part=attn layer=15 pos=0 tokens=19 inv_rope=0.294 ms
ds4: metal layer stage part=attn layer=15 pos=0 tokens=19 output_proj=1.331 ms
ds4: metal layer stage part=attn layer=15 pos=0 tokens=19 hc_post=0.227 ms
ds4: metal layer stage part=ffn layer=15 pos=0 tokens=19 hc_pre=0.656 ms
ds4: metal layer stage part=ffn layer=15 pos=0 tokens=19 norm=0.214 ms
ds4: metal layer stage part=ffn layer=15 pos=0 tokens=19 router=0.395 ms
ds4: metal layer stage part=ffn layer=15 pos=0 tokens=19 routed_moe=12.400 ms
ds4: metal layer stage part=ffn layer=15 pos=0 tokens=19 shared_gate_up=0.550 ms
ds4: metal layer stage part=ffn layer=15 pos=0 tokens=19 shared_down=0.313 ms
ds4: metal layer stage part=ffn layer=15 pos=0 tokens=19 hc_post=0.200 ms
processing 19 input tokens: 7/19 (36.8%) batch=49.27 t/s avg=3.61 t/s
ds4: metal layer stage part=attn layer=16 pos=0 tokens=19 hc_pre=0.613 ms
ds4: metal layer stage part=attn layer=16 pos=0 tokens=19 norm=0.244 ms
ds4: metal layer stage part=attn layer=16 pos=0 tokens=19 q_path=0.864 ms
ds4: metal layer stage part=attn layer=16 pos=0 tokens=19 kv_path=0.246 ms
ds4: metal layer stage part=attn layer=16 pos=0 tokens=19 compressor=0.855 ms
ds4: metal layer stage part=attn layer=16 pos=0 tokens=19 indexer_setup=0.710 ms
ds4: metal layer stage part=attn layer=16 pos=0 tokens=19 attention=0.841 ms
ds4: metal layer stage part=attn layer=16 pos=0 tokens=19 inv_rope=0.262 ms
ds4: metal layer stage part=attn layer=16 pos=0 tokens=19 output_proj=1.300 ms
ds4: metal layer stage part=attn layer=16 pos=0 tokens=19 hc_post=0.271 ms
ds4: metal layer stage part=ffn layer=16 pos=0 tokens=19 hc_pre=0.621 ms
ds4: metal layer stage part=ffn layer=16 pos=0 tokens=19 norm=0.204 ms
ds4: metal layer stage part=ffn layer=16 pos=0 tokens=19 router=0.345 ms
ds4: metal layer stage part=ffn layer=16 pos=0 tokens=19 routed_moe=13.186 ms
ds4: metal layer stage part=ffn layer=16 pos=0 tokens=19 shared_gate_up=0.549 ms
ds4: metal layer stage part=ffn layer=16 pos=0 tokens=19 shared_down=0.302 ms
ds4: metal layer stage part=ffn layer=16 pos=0 tokens=19 hc_post=0.210 ms
processing 19 input tokens: 7/19 (36.8%) batch=0.00 t/s avg=3.57 t/s
ds4: metal layer stage part=attn layer=17 pos=0 tokens=19 hc_pre=0.601 ms
ds4: metal layer stage part=attn layer=17 pos=0 tokens=19 norm=0.236 ms
ds4: metal layer stage part=attn layer=17 pos=0 tokens=19 q_path=0.832 ms
ds4: metal layer stage part=attn layer=17 pos=0 tokens=19 kv_path=0.239 ms
ds4: metal layer stage part=attn layer=17 pos=0 tokens=19 compressor=0.610 ms
ds4: metal layer stage part=attn layer=17 pos=0 tokens=19 attention=0.947 ms
ds4: metal layer stage part=attn layer=17 pos=0 tokens=19 inv_rope=0.253 ms
ds4: metal layer stage part=attn layer=17 pos=0 tokens=19 output_proj=1.302 ms
ds4: metal layer stage part=attn layer=17 pos=0 tokens=19 hc_post=0.264 ms
ds4: metal layer stage part=ffn layer=17 pos=0 tokens=19 hc_pre=0.631 ms
ds4: metal layer stage part=ffn layer=17 pos=0 tokens=19 norm=0.243 ms
ds4: metal layer stage part=ffn layer=17 pos=0 tokens=19 router=0.378 ms
ds4: metal layer stage part=ffn layer=17 pos=0 tokens=19 routed_moe=11.349 ms
ds4: metal layer stage part=ffn layer=17 pos=0 tokens=19 shared_gate_up=0.542 ms
ds4: metal layer stage part=ffn layer=17 pos=0 tokens=19 shared_down=0.316 ms
ds4: metal layer stage part=ffn layer=17 pos=0 tokens=19 hc_post=0.197 ms
processing 19 input tokens: 7/19 (36.8%) batch=0.00 t/s avg=3.54 t/s
ds4: metal layer stage part=attn layer=18 pos=0 tokens=19 hc_pre=0.619 ms
ds4: metal layer stage part=attn layer=18 pos=0 tokens=19 norm=0.317 ms
ds4: metal layer stage part=attn layer=18 pos=0 tokens=19 q_path=0.909 ms
ds4: metal layer stage part=attn layer=18 pos=0 tokens=19 kv_path=0.216 ms
ds4: metal layer stage part=attn layer=18 pos=0 tokens=19 compressor=0.812 ms
ds4: metal layer stage part=attn layer=18 pos=0 tokens=19 indexer_setup=0.729 ms
ds4: metal layer stage part=attn layer=18 pos=0 tokens=19 attention=0.902 ms
ds4: metal layer stage part=attn layer=18 pos=0 tokens=19 inv_rope=0.203 ms
ds4: metal layer stage part=attn layer=18 pos=0 tokens=19 output_proj=1.315 ms
ds4: metal layer stage part=attn layer=18 pos=0 tokens=19 hc_post=0.211 ms
ds4: metal layer stage part=ffn layer=18 pos=0 tokens=19 hc_pre=0.628 ms
ds4: metal layer stage part=ffn layer=18 pos=0 tokens=19 norm=0.288 ms
ds4: metal layer stage part=ffn layer=18 pos=0 tokens=19 router=0.380 ms
ds4: metal layer stage part=ffn layer=18 pos=0 tokens=19 routed_moe=13.530 ms
ds4: metal layer stage part=ffn layer=18 pos=0 tokens=19 shared_gate_up=0.573 ms
ds4: metal layer stage part=ffn layer=18 pos=0 tokens=19 shared_down=0.302 ms
ds4: metal layer stage part=ffn layer=18 pos=0 tokens=19 hc_post=0.193 ms
processing 19 input tokens: 8/19 (42.1%) batch=45.15 t/s avg=4.00 t/s
ds4: metal layer stage part=attn layer=19 pos=0 tokens=19 hc_pre=0.607 ms
ds4: metal layer stage part=attn layer=19 pos=0 tokens=19 norm=0.199 ms
ds4: metal layer stage part=attn layer=19 pos=0 tokens=19 q_path=0.761 ms
ds4: metal layer stage part=attn layer=19 pos=0 tokens=19 kv_path=0.200 ms
ds4: metal layer stage part=attn layer=19 pos=0 tokens=19 compressor=0.668 ms
ds4: metal layer stage part=attn layer=19 pos=0 tokens=19 attention=0.870 ms
ds4: metal layer stage part=attn layer=19 pos=0 tokens=19 inv_rope=0.246 ms
ds4: metal layer stage part=attn layer=19 pos=0 tokens=19 output_proj=1.352 ms
ds4: metal layer stage part=attn layer=19 pos=0 tokens=19 hc_post=0.255 ms
ds4: metal layer stage part=ffn layer=19 pos=0 tokens=19 hc_pre=0.664 ms
ds4: metal layer stage part=ffn layer=19 pos=0 tokens=19 norm=0.257 ms
ds4: metal layer stage part=ffn layer=19 pos=0 tokens=19 router=0.397 ms
ds4: metal layer stage part=ffn layer=19 pos=0 tokens=19 routed_moe=19.786 ms
ds4: metal layer stage part=ffn layer=19 pos=0 tokens=19 shared_gate_up=0.641 ms
ds4: metal layer stage part=ffn layer=19 pos=0 tokens=19 shared_down=0.384 ms
ds4: metal layer stage part=ffn layer=19 pos=0 tokens=19 hc_post=0.244 ms
processing 19 input tokens: 8/19 (42.1%) batch=0.00 t/s avg=3.94 t/s
ds4: metal layer stage part=attn layer=20 pos=0 tokens=19 hc_pre=0.652 ms
ds4: metal layer stage part=attn layer=20 pos=0 tokens=19 norm=0.243 ms
ds4: metal layer stage part=attn layer=20 pos=0 tokens=19 q_path=0.869 ms
ds4: metal layer stage part=attn layer=20 pos=0 tokens=19 kv_path=0.242 ms
ds4: metal layer stage part=attn layer=20 pos=0 tokens=19 compressor=0.898 ms
ds4: metal layer stage part=attn layer=20 pos=0 tokens=19 indexer_setup=0.782 ms
ds4: metal layer stage part=attn layer=20 pos=0 tokens=19 attention=0.854 ms
ds4: metal layer stage part=attn layer=20 pos=0 tokens=19 inv_rope=0.281 ms
ds4: metal layer stage part=attn layer=20 pos=0 tokens=19 output_proj=1.332 ms
ds4: metal layer stage part=attn layer=20 pos=0 tokens=19 hc_post=0.223 ms
ds4: metal layer stage part=ffn layer=20 pos=0 tokens=19 hc_pre=0.665 ms
ds4: metal layer stage part=ffn layer=20 pos=0 tokens=19 norm=0.212 ms
ds4: metal layer stage part=ffn layer=20 pos=0 tokens=19 router=0.472 ms
ds4: metal layer stage part=ffn layer=20 pos=0 tokens=19 routed_moe=12.824 ms
ds4: metal layer stage part=ffn layer=20 pos=0 tokens=19 shared_gate_up=0.599 ms
ds4: metal layer stage part=ffn layer=20 pos=0 tokens=19 shared_down=0.315 ms
ds4: metal layer stage part=ffn layer=20 pos=0 tokens=19 hc_post=0.197 ms
processing 19 input tokens: 9/19 (47.4%) batch=46.08 t/s avg=4.39 t/s
ds4: metal layer stage part=attn layer=21 pos=0 tokens=19 hc_pre=0.671 ms
ds4: metal layer stage part=attn layer=21 pos=0 tokens=19 norm=0.238 ms
ds4: metal layer stage part=attn layer=21 pos=0 tokens=19 q_path=0.815 ms
ds4: metal layer stage part=attn layer=21 pos=0 tokens=19 kv_path=0.239 ms
ds4: metal layer stage part=attn layer=21 pos=0 tokens=19 compressor=0.632 ms
ds4: metal layer stage part=attn layer=21 pos=0 tokens=19 attention=0.858 ms
ds4: metal layer stage part=attn layer=21 pos=0 tokens=19 inv_rope=0.269 ms
ds4: metal layer stage part=attn layer=21 pos=0 tokens=19 output_proj=1.363 ms
ds4: metal layer stage part=attn layer=21 pos=0 tokens=19 hc_post=0.257 ms
ds4: metal layer stage part=ffn layer=21 pos=0 tokens=19 hc_pre=0.654 ms
ds4: metal layer stage part=ffn layer=21 pos=0 tokens=19 norm=0.205 ms
ds4: metal layer stage part=ffn layer=21 pos=0 tokens=19 router=0.348 ms
ds4: metal layer stage part=ffn layer=21 pos=0 tokens=19 routed_moe=14.287 ms
ds4: metal layer stage part=ffn layer=21 pos=0 tokens=19 shared_gate_up=0.535 ms
ds4: metal layer stage part=ffn layer=21 pos=0 tokens=19 shared_down=0.317 ms
ds4: metal layer stage part=ffn layer=21 pos=0 tokens=19 hc_post=0.251 ms
processing 19 input tokens: 9/19 (47.4%) batch=0.00 t/s avg=4.34 t/s
ds4: metal layer stage part=attn layer=22 pos=0 tokens=19 hc_pre=0.654 ms
ds4: metal layer stage part=attn layer=22 pos=0 tokens=19 norm=0.203 ms
ds4: metal layer stage part=attn layer=22 pos=0 tokens=19 q_path=0.854 ms
ds4: metal layer stage part=attn layer=22 pos=0 tokens=19 kv_path=0.240 ms
ds4: metal layer stage part=attn layer=22 pos=0 tokens=19 compressor=0.857 ms
ds4: metal layer stage part=attn layer=22 pos=0 tokens=19 indexer_setup=0.818 ms
ds4: metal layer stage part=attn layer=22 pos=0 tokens=19 attention=0.860 ms
ds4: metal layer stage part=attn layer=22 pos=0 tokens=19 inv_rope=0.248 ms
ds4: metal layer stage part=attn layer=22 pos=0 tokens=19 output_proj=1.302 ms
ds4: metal layer stage part=attn layer=22 pos=0 tokens=19 hc_post=0.282 ms
ds4: metal layer stage part=ffn layer=22 pos=0 tokens=19 hc_pre=0.689 ms
ds4: metal layer stage part=ffn layer=22 pos=0 tokens=19 norm=0.304 ms
ds4: metal layer stage part=ffn layer=22 pos=0 tokens=19 router=0.360 ms
ds4: metal layer stage part=ffn layer=22 pos=0 tokens=19 routed_moe=14.308 ms
ds4: metal layer stage part=ffn layer=22 pos=0 tokens=19 shared_gate_up=0.640 ms
ds4: metal layer stage part=ffn layer=22 pos=0 tokens=19 shared_down=0.371 ms
ds4: metal layer stage part=ffn layer=22 pos=0 tokens=19 hc_post=0.235 ms
processing 19 input tokens: 10/19 (52.6%) batch=43.02 t/s avg=4.77 t/s
ds4: metal layer stage part=attn layer=23 pos=0 tokens=19 hc_pre=0.667 ms
ds4: metal layer stage part=attn layer=23 pos=0 tokens=19 norm=0.190 ms
ds4: metal layer stage part=attn layer=23 pos=0 tokens=19 q_path=0.802 ms
ds4: metal layer stage part=attn layer=23 pos=0 tokens=19 kv_path=0.253 ms
ds4: metal layer stage part=attn layer=23 pos=0 tokens=19 compressor=0.591 ms
ds4: metal layer stage part=attn layer=23 pos=0 tokens=19 attention=0.869 ms
ds4: metal layer stage part=attn layer=23 pos=0 tokens=19 inv_rope=0.280 ms
ds4: metal layer stage part=attn layer=23 pos=0 tokens=19 output_proj=2.145 ms
ds4: metal layer stage part=attn layer=23 pos=0 tokens=19 hc_post=0.222 ms
ds4: metal layer stage part=ffn layer=23 pos=0 tokens=19 hc_pre=0.654 ms
ds4: metal layer stage part=ffn layer=23 pos=0 tokens=19 norm=0.257 ms
ds4: metal layer stage part=ffn layer=23 pos=0 tokens=19 router=0.451 ms
ds4: metal layer stage part=ffn layer=23 pos=0 tokens=19 routed_moe=16.332 ms
ds4: metal layer stage part=ffn layer=23 pos=0 tokens=19 shared_gate_up=0.590 ms
ds4: metal layer stage part=ffn layer=23 pos=0 tokens=19 shared_down=0.308 ms
ds4: metal layer stage part=ffn layer=23 pos=0 tokens=19 hc_post=0.198 ms
processing 19 input tokens: 10/19 (52.6%) batch=0.00 t/s avg=4.72 t/s
ds4: metal layer stage part=attn layer=24 pos=0 tokens=19 hc_pre=0.602 ms
ds4: metal layer stage part=attn layer=24 pos=0 tokens=19 norm=0.259 ms
ds4: metal layer stage part=attn layer=24 pos=0 tokens=19 q_path=0.842 ms
ds4: metal layer stage part=attn layer=24 pos=0 tokens=19 kv_path=0.248 ms
ds4: metal layer stage part=attn layer=24 pos=0 tokens=19 compressor=0.854 ms
ds4: metal layer stage part=attn layer=24 pos=0 tokens=19 indexer_setup=0.748 ms
ds4: metal layer stage part=attn layer=24 pos=0 tokens=19 attention=0.912 ms
ds4: metal layer stage part=attn layer=24 pos=0 tokens=19 inv_rope=0.232 ms
ds4: metal layer stage part=attn layer=24 pos=0 tokens=19 output_proj=1.226 ms
ds4: metal layer stage part=attn layer=24 pos=0 tokens=19 hc_post=0.265 ms
ds4: metal layer stage part=ffn layer=24 pos=0 tokens=19 hc_pre=0.711 ms
ds4: metal layer stage part=ffn layer=24 pos=0 tokens=19 norm=0.238 ms
ds4: metal layer stage part=ffn layer=24 pos=0 tokens=19 router=0.371 ms
ds4: metal layer stage part=ffn layer=24 pos=0 tokens=19 routed_moe=11.955 ms
ds4: metal layer stage part=ffn layer=24 pos=0 tokens=19 shared_gate_up=0.577 ms
ds4: metal layer stage part=ffn layer=24 pos=0 tokens=19 shared_down=0.283 ms
ds4: metal layer stage part=ffn layer=24 pos=0 tokens=19 hc_post=0.213 ms
processing 19 input tokens: 11/19 (57.9%) batch=48.65 t/s avg=5.14 t/s
ds4: metal layer stage part=attn layer=25 pos=0 tokens=19 hc_pre=0.608 ms
ds4: metal layer stage part=attn layer=25 pos=0 tokens=19 norm=0.265 ms
ds4: metal layer stage part=attn layer=25 pos=0 tokens=19 q_path=0.838 ms
ds4: metal layer stage part=attn layer=25 pos=0 tokens=19 kv_path=0.257 ms
ds4: metal layer stage part=attn layer=25 pos=0 tokens=19 compressor=0.615 ms
ds4: metal layer stage part=attn layer=25 pos=0 tokens=19 attention=0.828 ms
ds4: metal layer stage part=attn layer=25 pos=0 tokens=19 inv_rope=0.233 ms
ds4: metal layer stage part=attn layer=25 pos=0 tokens=19 output_proj=1.252 ms
ds4: metal layer stage part=attn layer=25 pos=0 tokens=19 hc_post=0.417 ms
ds4: metal layer stage part=ffn layer=25 pos=0 tokens=19 hc_pre=0.656 ms
ds4: metal layer stage part=ffn layer=25 pos=0 tokens=19 norm=0.219 ms
ds4: metal layer stage part=ffn layer=25 pos=0 tokens=19 router=0.382 ms
ds4: metal layer stage part=ffn layer=25 pos=0 tokens=19 routed_moe=13.461 ms
ds4: metal layer stage part=ffn layer=25 pos=0 tokens=19 shared_gate_up=0.564 ms
ds4: metal layer stage part=ffn layer=25 pos=0 tokens=19 shared_down=0.339 ms
ds4: metal layer stage part=ffn layer=25 pos=0 tokens=19 hc_post=0.257 ms
processing 19 input tokens: 11/19 (57.9%) batch=0.00 t/s avg=5.09 t/s
ds4: metal layer stage part=attn layer=26 pos=0 tokens=19 hc_pre=0.674 ms
ds4: metal layer stage part=attn layer=26 pos=0 tokens=19 norm=0.205 ms
ds4: metal layer stage part=attn layer=26 pos=0 tokens=19 q_path=0.810 ms
ds4: metal layer stage part=attn layer=26 pos=0 tokens=19 kv_path=0.228 ms
ds4: metal layer stage part=attn layer=26 pos=0 tokens=19 compressor=0.848 ms
ds4: metal layer stage part=attn layer=26 pos=0 tokens=19 indexer_setup=0.762 ms
ds4: metal layer stage part=attn layer=26 pos=0 tokens=19 attention=0.821 ms
ds4: metal layer stage part=attn layer=26 pos=0 tokens=19 inv_rope=0.236 ms
ds4: metal layer stage part=attn layer=26 pos=0 tokens=19 output_proj=1.235 ms
ds4: metal layer stage part=attn layer=26 pos=0 tokens=19 hc_post=0.279 ms
ds4: metal layer stage part=ffn layer=26 pos=0 tokens=19 hc_pre=0.625 ms
ds4: metal layer stage part=ffn layer=26 pos=0 tokens=19 norm=0.198 ms
ds4: metal layer stage part=ffn layer=26 pos=0 tokens=19 router=0.340 ms
ds4: metal layer stage part=ffn layer=26 pos=0 tokens=19 routed_moe=10.807 ms
ds4: metal layer stage part=ffn layer=26 pos=0 tokens=19 shared_gate_up=0.555 ms
ds4: metal layer stage part=ffn layer=26 pos=0 tokens=19 shared_down=0.299 ms
ds4: metal layer stage part=ffn layer=26 pos=0 tokens=19 hc_post=0.202 ms
processing 19 input tokens: 11/19 (57.9%) batch=0.00 t/s avg=5.04 t/s
ds4: metal layer stage part=attn layer=27 pos=0 tokens=19 hc_pre=0.596 ms
ds4: metal layer stage part=attn layer=27 pos=0 tokens=19 norm=0.195 ms
ds4: metal layer stage part=attn layer=27 pos=0 tokens=19 q_path=0.790 ms
ds4: metal layer stage part=attn layer=27 pos=0 tokens=19 kv_path=0.252 ms
ds4: metal layer stage part=attn layer=27 pos=0 tokens=19 compressor=0.610 ms
ds4: metal layer stage part=attn layer=27 pos=0 tokens=19 attention=0.898 ms
ds4: metal layer stage part=attn layer=27 pos=0 tokens=19 inv_rope=0.265 ms
ds4: metal layer stage part=attn layer=27 pos=0 tokens=19 output_proj=1.279 ms
ds4: metal layer stage part=attn layer=27 pos=0 tokens=19 hc_post=0.285 ms
ds4: metal layer stage part=ffn layer=27 pos=0 tokens=19 hc_pre=0.678 ms
ds4: metal layer stage part=ffn layer=27 pos=0 tokens=19 norm=0.231 ms
ds4: metal layer stage part=ffn layer=27 pos=0 tokens=19 router=0.515 ms
ds4: metal layer stage part=ffn layer=27 pos=0 tokens=19 routed_moe=15.754 ms
ds4: metal layer stage part=ffn layer=27 pos=0 tokens=19 shared_gate_up=0.568 ms
ds4: metal layer stage part=ffn layer=27 pos=0 tokens=19 shared_down=0.345 ms
ds4: metal layer stage part=ffn layer=27 pos=0 tokens=19 hc_post=0.272 ms
processing 19 input tokens: 12/19 (63.2%) batch=42.45 t/s avg=5.44 t/s
ds4: metal layer stage part=attn layer=28 pos=0 tokens=19 hc_pre=0.663 ms
ds4: metal layer stage part=attn layer=28 pos=0 tokens=19 norm=0.191 ms
ds4: metal layer stage part=attn layer=28 pos=0 tokens=19 q_path=0.814 ms
ds4: metal layer stage part=attn layer=28 pos=0 tokens=19 kv_path=0.248 ms
ds4: metal layer stage part=attn layer=28 pos=0 tokens=19 compressor=0.803 ms
ds4: metal layer stage part=attn layer=28 pos=0 tokens=19 indexer_setup=0.737 ms
ds4: metal layer stage part=attn layer=28 pos=0 tokens=19 attention=0.863 ms
ds4: metal layer stage part=attn layer=28 pos=0 tokens=19 inv_rope=0.209 ms
ds4: metal layer stage part=attn layer=28 pos=0 tokens=19 output_proj=1.279 ms
ds4: metal layer stage part=attn layer=28 pos=0 tokens=19 hc_post=0.290 ms
ds4: metal layer stage part=ffn layer=28 pos=0 tokens=19 hc_pre=0.621 ms
ds4: metal layer stage part=ffn layer=28 pos=0 tokens=19 norm=0.201 ms
ds4: metal layer stage part=ffn layer=28 pos=0 tokens=19 router=0.332 ms
ds4: metal layer stage part=ffn layer=28 pos=0 tokens=19 routed_moe=13.702 ms
ds4: metal layer stage part=ffn layer=28 pos=0 tokens=19 shared_gate_up=0.554 ms
ds4: metal layer stage part=ffn layer=28 pos=0 tokens=19 shared_down=0.307 ms
ds4: metal layer stage part=ffn layer=28 pos=0 tokens=19 hc_post=0.207 ms
processing 19 input tokens: 12/19 (63.2%) batch=0.00 t/s avg=5.39 t/s
ds4: metal layer stage part=attn layer=29 pos=0 tokens=19 hc_pre=0.609 ms
ds4: metal layer stage part=attn layer=29 pos=0 tokens=19 norm=0.236 ms
ds4: metal layer stage part=attn layer=29 pos=0 tokens=19 q_path=0.885 ms
ds4: metal layer stage part=attn layer=29 pos=0 tokens=19 kv_path=0.218 ms
ds4: metal layer stage part=attn layer=29 pos=0 tokens=19 compressor=0.627 ms
ds4: metal layer stage part=attn layer=29 pos=0 tokens=19 attention=0.784 ms
ds4: metal layer stage part=attn layer=29 pos=0 tokens=19 inv_rope=0.218 ms
ds4: metal layer stage part=attn layer=29 pos=0 tokens=19 output_proj=1.290 ms
ds4: metal layer stage part=attn layer=29 pos=0 tokens=19 hc_post=0.269 ms
ds4: metal layer stage part=ffn layer=29 pos=0 tokens=19 hc_pre=0.632 ms
ds4: metal layer stage part=ffn layer=29 pos=0 tokens=19 norm=0.183 ms
ds4: metal layer stage part=ffn layer=29 pos=0 tokens=19 router=0.348 ms
ds4: metal layer stage part=ffn layer=29 pos=0 tokens=19 routed_moe=15.752 ms
ds4: metal layer stage part=ffn layer=29 pos=0 tokens=19 shared_gate_up=0.577 ms
ds4: metal layer stage part=ffn layer=29 pos=0 tokens=19 shared_down=0.297 ms
ds4: metal layer stage part=ffn layer=29 pos=0 tokens=19 hc_post=0.196 ms
processing 19 input tokens: 13/19 (68.4%) batch=43.21 t/s avg=5.78 t/s
ds4: metal layer stage part=attn layer=30 pos=0 tokens=19 hc_pre=0.599 ms
ds4: metal layer stage part=attn layer=30 pos=0 tokens=19 norm=0.199 ms
ds4: metal layer stage part=attn layer=30 pos=0 tokens=19 q_path=0.759 ms
ds4: metal layer stage part=attn layer=30 pos=0 tokens=19 kv_path=0.217 ms
ds4: metal layer stage part=attn layer=30 pos=0 tokens=19 compressor=0.895 ms
ds4: metal layer stage part=attn layer=30 pos=0 tokens=19 indexer_setup=0.809 ms
ds4: metal layer stage part=attn layer=30 pos=0 tokens=19 attention=0.906 ms
ds4: metal layer stage part=attn layer=30 pos=0 tokens=19 inv_rope=0.254 ms
ds4: metal layer stage part=attn layer=30 pos=0 tokens=19 output_proj=1.287 ms
ds4: metal layer stage part=attn layer=30 pos=0 tokens=19 hc_post=0.281 ms
ds4: metal layer stage part=ffn layer=30 pos=0 tokens=19 hc_pre=0.644 ms
ds4: metal layer stage part=ffn layer=30 pos=0 tokens=19 norm=0.192 ms
ds4: metal layer stage part=ffn layer=30 pos=0 tokens=19 router=0.324 ms
ds4: metal layer stage part=ffn layer=30 pos=0 tokens=19 routed_moe=13.450 ms
ds4: metal layer stage part=ffn layer=30 pos=0 tokens=19 shared_gate_up=0.622 ms
ds4: metal layer stage part=ffn layer=30 pos=0 tokens=19 shared_down=0.366 ms
ds4: metal layer stage part=ffn layer=30 pos=0 tokens=19 hc_post=0.272 ms
processing 19 input tokens: 13/19 (68.4%) batch=0.00 t/s avg=5.72 t/s
ds4: metal layer stage part=attn layer=31 pos=0 tokens=19 hc_pre=0.659 ms
ds4: metal layer stage part=attn layer=31 pos=0 tokens=19 norm=0.246 ms
ds4: metal layer stage part=attn layer=31 pos=0 tokens=19 q_path=0.844 ms
ds4: metal layer stage part=attn layer=31 pos=0 tokens=19 kv_path=0.242 ms
ds4: metal layer stage part=attn layer=31 pos=0 tokens=19 compressor=0.629 ms
ds4: metal layer stage part=attn layer=31 pos=0 tokens=19 attention=0.810 ms
ds4: metal layer stage part=attn layer=31 pos=0 tokens=19 inv_rope=0.192 ms
ds4: metal layer stage part=attn layer=31 pos=0 tokens=19 output_proj=1.302 ms
ds4: metal layer stage part=attn layer=31 pos=0 tokens=19 hc_post=0.294 ms
ds4: metal layer stage part=ffn layer=31 pos=0 tokens=19 hc_pre=0.698 ms
ds4: metal layer stage part=ffn layer=31 pos=0 tokens=19 norm=0.231 ms
ds4: metal layer stage part=ffn layer=31 pos=0 tokens=19 router=0.462 ms
ds4: metal layer stage part=ffn layer=31 pos=0 tokens=19 routed_moe=15.004 ms
ds4: metal layer stage part=ffn layer=31 pos=0 tokens=19 shared_gate_up=0.557 ms
ds4: metal layer stage part=ffn layer=31 pos=0 tokens=19 shared_down=0.304 ms
ds4: metal layer stage part=ffn layer=31 pos=0 tokens=19 hc_post=0.212 ms
processing 19 input tokens: 14/19 (73.7%) batch=44.04 t/s avg=6.10 t/s
ds4: metal layer stage part=attn layer=32 pos=0 tokens=19 hc_pre=0.626 ms
ds4: metal layer stage part=attn layer=32 pos=0 tokens=19 norm=0.243 ms
ds4: metal layer stage part=attn layer=32 pos=0 tokens=19 q_path=0.880 ms
ds4: metal layer stage part=attn layer=32 pos=0 tokens=19 kv_path=0.291 ms
ds4: metal layer stage part=attn layer=32 pos=0 tokens=19 compressor=0.887 ms
ds4: metal layer stage part=attn layer=32 pos=0 tokens=19 indexer_setup=0.781 ms
ds4: metal layer stage part=attn layer=32 pos=0 tokens=19 attention=0.837 ms
ds4: metal layer stage part=attn layer=32 pos=0 tokens=19 inv_rope=0.250 ms
ds4: metal layer stage part=attn layer=32 pos=0 tokens=19 output_proj=1.276 ms
ds4: metal layer stage part=attn layer=32 pos=0 tokens=19 hc_post=0.277 ms
ds4: metal layer stage part=ffn layer=32 pos=0 tokens=19 hc_pre=0.653 ms
ds4: metal layer stage part=ffn layer=32 pos=0 tokens=19 norm=0.209 ms
ds4: metal layer stage part=ffn layer=32 pos=0 tokens=19 router=0.466 ms
ds4: metal layer stage part=ffn layer=32 pos=0 tokens=19 routed_moe=11.783 ms
ds4: metal layer stage part=ffn layer=32 pos=0 tokens=19 shared_gate_up=0.539 ms
ds4: metal layer stage part=ffn layer=32 pos=0 tokens=19 shared_down=0.305 ms
ds4: metal layer stage part=ffn layer=32 pos=0 tokens=19 hc_post=0.207 ms
processing 19 input tokens: 14/19 (73.7%) batch=0.00 t/s avg=6.05 t/s
ds4: metal layer stage part=attn layer=33 pos=0 tokens=19 hc_pre=0.620 ms
ds4: metal layer stage part=attn layer=33 pos=0 tokens=19 norm=0.195 ms
ds4: metal layer stage part=attn layer=33 pos=0 tokens=19 q_path=0.787 ms
ds4: metal layer stage part=attn layer=33 pos=0 tokens=19 kv_path=0.212 ms
ds4: metal layer stage part=attn layer=33 pos=0 tokens=19 compressor=0.647 ms
ds4: metal layer stage part=attn layer=33 pos=0 tokens=19 attention=0.791 ms
ds4: metal layer stage part=attn layer=33 pos=0 tokens=19 inv_rope=0.257 ms
ds4: metal layer stage part=attn layer=33 pos=0 tokens=19 output_proj=1.298 ms
ds4: metal layer stage part=attn layer=33 pos=0 tokens=19 hc_post=0.280 ms
ds4: metal layer stage part=ffn layer=33 pos=0 tokens=19 hc_pre=0.662 ms
ds4: metal layer stage part=ffn layer=33 pos=0 tokens=19 norm=0.205 ms
ds4: metal layer stage part=ffn layer=33 pos=0 tokens=19 router=0.465 ms
ds4: metal layer stage part=ffn layer=33 pos=0 tokens=19 routed_moe=13.598 ms
ds4: metal layer stage part=ffn layer=33 pos=0 tokens=19 shared_gate_up=0.577 ms
ds4: metal layer stage part=ffn layer=33 pos=0 tokens=19 shared_down=0.304 ms
ds4: metal layer stage part=ffn layer=33 pos=0 tokens=19 hc_post=0.200 ms
processing 19 input tokens: 15/19 (78.9%) batch=47.36 t/s avg=6.42 t/s
ds4: metal layer stage part=attn layer=34 pos=0 tokens=19 hc_pre=0.605 ms
ds4: metal layer stage part=attn layer=34 pos=0 tokens=19 norm=0.175 ms
ds4: metal layer stage part=attn layer=34 pos=0 tokens=19 q_path=0.755 ms
ds4: metal layer stage part=attn layer=34 pos=0 tokens=19 kv_path=0.219 ms
ds4: metal layer stage part=attn layer=34 pos=0 tokens=19 compressor=0.831 ms
ds4: metal layer stage part=attn layer=34 pos=0 tokens=19 indexer_setup=0.716 ms
ds4: metal layer stage part=attn layer=34 pos=0 tokens=19 attention=0.806 ms
ds4: metal layer stage part=attn layer=34 pos=0 tokens=19 inv_rope=0.264 ms
ds4: metal layer stage part=attn layer=34 pos=0 tokens=19 output_proj=1.286 ms
ds4: metal layer stage part=attn layer=34 pos=0 tokens=19 hc_post=0.307 ms
ds4: metal layer stage part=ffn layer=34 pos=0 tokens=19 hc_pre=0.690 ms
ds4: metal layer stage part=ffn layer=34 pos=0 tokens=19 norm=0.228 ms
ds4: metal layer stage part=ffn layer=34 pos=0 tokens=19 router=0.375 ms
ds4: metal layer stage part=ffn layer=34 pos=0 tokens=19 routed_moe=14.303 ms
ds4: metal layer stage part=ffn layer=34 pos=0 tokens=19 shared_gate_up=0.594 ms
ds4: metal layer stage part=ffn layer=34 pos=0 tokens=19 shared_down=0.298 ms
ds4: metal layer stage part=ffn layer=34 pos=0 tokens=19 hc_post=0.221 ms
processing 19 input tokens: 15/19 (78.9%) batch=0.00 t/s avg=6.36 t/s
ds4: metal layer stage part=attn layer=35 pos=0 tokens=19 hc_pre=0.587 ms
ds4: metal layer stage part=attn layer=35 pos=0 tokens=19 norm=0.253 ms
ds4: metal layer stage part=attn layer=35 pos=0 tokens=19 q_path=0.807 ms
ds4: metal layer stage part=attn layer=35 pos=0 tokens=19 kv_path=0.240 ms
ds4: metal layer stage part=attn layer=35 pos=0 tokens=19 compressor=0.647 ms
ds4: metal layer stage part=attn layer=35 pos=0 tokens=19 attention=0.822 ms
ds4: metal layer stage part=attn layer=35 pos=0 tokens=19 inv_rope=0.270 ms
ds4: metal layer stage part=attn layer=35 pos=0 tokens=19 output_proj=1.245 ms
ds4: metal layer stage part=attn layer=35 pos=0 tokens=19 hc_post=0.250 ms
ds4: metal layer stage part=ffn layer=35 pos=0 tokens=19 hc_pre=0.608 ms
ds4: metal layer stage part=ffn layer=35 pos=0 tokens=19 norm=0.196 ms
ds4: metal layer stage part=ffn layer=35 pos=0 tokens=19 router=0.376 ms
ds4: metal layer stage part=ffn layer=35 pos=0 tokens=19 routed_moe=16.258 ms
ds4: metal layer stage part=ffn layer=35 pos=0 tokens=19 shared_gate_up=0.648 ms
ds4: metal layer stage part=ffn layer=35 pos=0 tokens=19 shared_down=0.383 ms
ds4: metal layer stage part=ffn layer=35 pos=0 tokens=19 hc_post=0.262 ms
processing 19 input tokens: 15/19 (78.9%) batch=0.00 t/s avg=6.29 t/s
ds4: metal layer stage part=attn layer=36 pos=0 tokens=19 hc_pre=0.647 ms
ds4: metal layer stage part=attn layer=36 pos=0 tokens=19 norm=0.309 ms
ds4: metal layer stage part=attn layer=36 pos=0 tokens=19 q_path=0.809 ms
ds4: metal layer stage part=attn layer=36 pos=0 tokens=19 kv_path=0.300 ms
ds4: metal layer stage part=attn layer=36 pos=0 tokens=19 compressor=0.806 ms
ds4: metal layer stage part=attn layer=36 pos=0 tokens=19 indexer_setup=0.737 ms
ds4: metal layer stage part=attn layer=36 pos=0 tokens=19 attention=0.930 ms
ds4: metal layer stage part=attn layer=36 pos=0 tokens=19 inv_rope=0.227 ms
ds4: metal layer stage part=attn layer=36 pos=0 tokens=19 output_proj=1.237 ms
ds4: metal layer stage part=attn layer=36 pos=0 tokens=19 hc_post=0.263 ms
ds4: metal layer stage part=ffn layer=36 pos=0 tokens=19 hc_pre=0.617 ms
ds4: metal layer stage part=ffn layer=36 pos=0 tokens=19 norm=0.200 ms
ds4: metal layer stage part=ffn layer=36 pos=0 tokens=19 router=0.345 ms
ds4: metal layer stage part=ffn layer=36 pos=0 tokens=19 routed_moe=14.265 ms
ds4: metal layer stage part=ffn layer=36 pos=0 tokens=19 shared_gate_up=0.548 ms
ds4: metal layer stage part=ffn layer=36 pos=0 tokens=19 shared_down=0.314 ms
ds4: metal layer stage part=ffn layer=36 pos=0 tokens=19 hc_post=0.246 ms
processing 19 input tokens: 16/19 (84.2%) batch=43.80 t/s avg=6.65 t/s
ds4: metal layer stage part=attn layer=37 pos=0 tokens=19 hc_pre=0.681 ms
ds4: metal layer stage part=attn layer=37 pos=0 tokens=19 norm=0.238 ms
ds4: metal layer stage part=attn layer=37 pos=0 tokens=19 q_path=0.781 ms
ds4: metal layer stage part=attn layer=37 pos=0 tokens=19 kv_path=0.230 ms
ds4: metal layer stage part=attn layer=37 pos=0 tokens=19 compressor=0.634 ms
ds4: metal layer stage part=attn layer=37 pos=0 tokens=19 attention=0.871 ms
ds4: metal layer stage part=attn layer=37 pos=0 tokens=19 inv_rope=0.284 ms
ds4: metal layer stage part=attn layer=37 pos=0 tokens=19 output_proj=1.303 ms
ds4: metal layer stage part=attn layer=37 pos=0 tokens=19 hc_post=0.280 ms
ds4: metal layer stage part=ffn layer=37 pos=0 tokens=19 hc_pre=0.625 ms
ds4: metal layer stage part=ffn layer=37 pos=0 tokens=19 norm=0.192 ms
ds4: metal layer stage part=ffn layer=37 pos=0 tokens=19 router=0.344 ms
ds4: metal layer stage part=ffn layer=37 pos=0 tokens=19 routed_moe=15.760 ms
ds4: metal layer stage part=ffn layer=37 pos=0 tokens=19 shared_gate_up=0.548 ms
ds4: metal layer stage part=ffn layer=37 pos=0 tokens=19 shared_down=0.314 ms
ds4: metal layer stage part=ffn layer=37 pos=0 tokens=19 hc_post=0.209 ms
processing 19 input tokens: 16/19 (84.2%) batch=0.00 t/s avg=6.59 t/s
ds4: metal layer stage part=attn layer=38 pos=0 tokens=19 hc_pre=0.729 ms
ds4: metal layer stage part=attn layer=38 pos=0 tokens=19 norm=0.223 ms
ds4: metal layer stage part=attn layer=38 pos=0 tokens=19 q_path=0.864 ms
ds4: metal layer stage part=attn layer=38 pos=0 tokens=19 kv_path=0.222 ms
ds4: metal layer stage part=attn layer=38 pos=0 tokens=19 compressor=0.894 ms
ds4: metal layer stage part=attn layer=38 pos=0 tokens=19 indexer_setup=0.800 ms
ds4: metal layer stage part=attn layer=38 pos=0 tokens=19 attention=0.942 ms
ds4: metal layer stage part=attn layer=38 pos=0 tokens=19 inv_rope=0.244 ms
ds4: metal layer stage part=attn layer=38 pos=0 tokens=19 output_proj=1.245 ms
ds4: metal layer stage part=attn layer=38 pos=0 tokens=19 hc_post=0.309 ms
ds4: metal layer stage part=ffn layer=38 pos=0 tokens=19 hc_pre=0.649 ms
ds4: metal layer stage part=ffn layer=38 pos=0 tokens=19 norm=0.254 ms
ds4: metal layer stage part=ffn layer=38 pos=0 tokens=19 router=0.399 ms
ds4: metal layer stage part=ffn layer=38 pos=0 tokens=19 routed_moe=13.523 ms
ds4: metal layer stage part=ffn layer=38 pos=0 tokens=19 shared_gate_up=0.597 ms
ds4: metal layer stage part=ffn layer=38 pos=0 tokens=19 shared_down=0.304 ms
ds4: metal layer stage part=ffn layer=38 pos=0 tokens=19 hc_post=0.209 ms
processing 19 input tokens: 17/19 (89.5%) batch=44.59 t/s avg=6.93 t/s
ds4: metal layer stage part=attn layer=39 pos=0 tokens=19 hc_pre=0.645 ms
ds4: metal layer stage part=attn layer=39 pos=0 tokens=19 norm=0.232 ms
ds4: metal layer stage part=attn layer=39 pos=0 tokens=19 q_path=0.829 ms
ds4: metal layer stage part=attn layer=39 pos=0 tokens=19 kv_path=0.242 ms
ds4: metal layer stage part=attn layer=39 pos=0 tokens=19 compressor=0.717 ms
ds4: metal layer stage part=attn layer=39 pos=0 tokens=19 attention=0.869 ms
ds4: metal layer stage part=attn layer=39 pos=0 tokens=19 inv_rope=0.246 ms
ds4: metal layer stage part=attn layer=39 pos=0 tokens=19 output_proj=1.325 ms
ds4: metal layer stage part=attn layer=39 pos=0 tokens=19 hc_post=0.293 ms
ds4: metal layer stage part=ffn layer=39 pos=0 tokens=19 hc_pre=0.622 ms
ds4: metal layer stage part=ffn layer=39 pos=0 tokens=19 norm=0.204 ms
ds4: metal layer stage part=ffn layer=39 pos=0 tokens=19 router=0.354 ms
ds4: metal layer stage part=ffn layer=39 pos=0 tokens=19 routed_moe=16.783 ms
ds4: metal layer stage part=ffn layer=39 pos=0 tokens=19 shared_gate_up=0.654 ms
ds4: metal layer stage part=ffn layer=39 pos=0 tokens=19 shared_down=0.369 ms
ds4: metal layer stage part=ffn layer=39 pos=0 tokens=19 hc_post=0.249 ms
processing 19 input tokens: 17/19 (89.5%) batch=0.00 t/s avg=6.87 t/s
ds4: metal layer stage part=attn layer=40 pos=0 tokens=19 hc_pre=0.671 ms
ds4: metal layer stage part=attn layer=40 pos=0 tokens=19 norm=0.243 ms
ds4: metal layer stage part=attn layer=40 pos=0 tokens=19 q_path=0.840 ms
ds4: metal layer stage part=attn layer=40 pos=0 tokens=19 kv_path=0.236 ms
ds4: metal layer stage part=attn layer=40 pos=0 tokens=19 compressor=0.852 ms
ds4: metal layer stage part=attn layer=40 pos=0 tokens=19 indexer_setup=0.816 ms
ds4: metal layer stage part=attn layer=40 pos=0 tokens=19 attention=0.867 ms
ds4: metal layer stage part=attn layer=40 pos=0 tokens=19 inv_rope=0.219 ms
ds4: metal layer stage part=attn layer=40 pos=0 tokens=19 output_proj=1.246 ms
ds4: metal layer stage part=attn layer=40 pos=0 tokens=19 hc_post=0.278 ms
ds4: metal layer stage part=ffn layer=40 pos=0 tokens=19 hc_pre=0.630 ms
ds4: metal layer stage part=ffn layer=40 pos=0 tokens=19 norm=0.279 ms
ds4: metal layer stage part=ffn layer=40 pos=0 tokens=19 router=0.455 ms
ds4: metal layer stage part=ffn layer=40 pos=0 tokens=19 routed_moe=14.496 ms
ds4: metal layer stage part=ffn layer=40 pos=0 tokens=19 shared_gate_up=0.680 ms
ds4: metal layer stage part=ffn layer=40 pos=0 tokens=19 shared_down=0.357 ms
ds4: metal layer stage part=ffn layer=40 pos=0 tokens=19 hc_post=0.275 ms
processing 19 input tokens: 18/19 (94.7%) batch=42.61 t/s avg=7.20 t/s
ds4: metal layer stage part=attn layer=41 pos=0 tokens=19 hc_pre=0.851 ms
ds4: metal layer stage part=attn layer=41 pos=0 tokens=19 norm=0.204 ms
ds4: metal layer stage part=attn layer=41 pos=0 tokens=19 q_path=0.773 ms
ds4: metal layer stage part=attn layer=41 pos=0 tokens=19 kv_path=0.233 ms
ds4: metal layer stage part=attn layer=41 pos=0 tokens=19 compressor=0.664 ms
ds4: metal layer stage part=attn layer=41 pos=0 tokens=19 attention=0.874 ms
ds4: metal layer stage part=attn layer=41 pos=0 tokens=19 inv_rope=0.270 ms
ds4: metal layer stage part=attn layer=41 pos=0 tokens=19 output_proj=1.324 ms
ds4: metal layer stage part=attn layer=41 pos=0 tokens=19 hc_post=0.249 ms
ds4: metal layer stage part=ffn layer=41 pos=0 tokens=19 hc_pre=0.637 ms
ds4: metal layer stage part=ffn layer=41 pos=0 tokens=19 norm=0.201 ms
ds4: metal layer stage part=ffn layer=41 pos=0 tokens=19 router=0.363 ms
ds4: metal layer stage part=ffn layer=41 pos=0 tokens=19 routed_moe=15.247 ms
ds4: metal layer stage part=ffn layer=41 pos=0 tokens=19 shared_gate_up=0.553 ms
ds4: metal layer stage part=ffn layer=41 pos=0 tokens=19 shared_down=0.313 ms
ds4: metal layer stage part=ffn layer=41 pos=0 tokens=19 hc_post=0.280 ms
processing 19 input tokens: 18/19 (94.7%) batch=0.00 t/s avg=7.14 t/s
ds4: metal layer stage part=attn layer=42 pos=0 tokens=19 hc_pre=0.700 ms
ds4: metal layer stage part=attn layer=42 pos=0 tokens=19 norm=0.305 ms
ds4: metal layer stage part=attn layer=42 pos=0 tokens=19 q_path=0.837 ms
ds4: metal layer stage part=attn layer=42 pos=0 tokens=19 kv_path=0.250 ms
ds4: metal layer stage part=attn layer=42 pos=0 tokens=19 compressor=0.907 ms
ds4: metal layer stage part=attn layer=42 pos=0 tokens=19 indexer_setup=0.834 ms
ds4: metal layer stage part=attn layer=42 pos=0 tokens=19 attention=0.872 ms
ds4: metal layer stage part=attn layer=42 pos=0 tokens=19 inv_rope=0.240 ms
ds4: metal layer stage part=attn layer=42 pos=0 tokens=19 output_proj=1.273 ms
ds4: metal layer stage part=attn layer=42 pos=0 tokens=19 hc_post=0.341 ms
ds4: metal layer stage part=ffn layer=42 pos=0 tokens=19 hc_pre=0.694 ms
ds4: metal layer stage part=ffn layer=42 pos=0 tokens=19 norm=0.255 ms
ds4: metal layer stage part=ffn layer=42 pos=0 tokens=19 router=0.481 ms
ds4: metal layer stage part=ffn layer=42 pos=0 tokens=19 routed_moe=16.636 ms
ds4: metal layer stage part=ffn layer=42 pos=0 tokens=19 shared_gate_up=0.599 ms
ds4: metal layer stage part=ffn layer=42 pos=0 tokens=19 shared_down=0.345 ms
ds4: metal layer stage part=ffn layer=42 pos=0 tokens=19 hc_post=0.274 ms
processing 19 input tokens: 19/19 (100.0%) batch=38.65 t/s avg=7.46 t/s
ds4: prefill full: 19 tokens in 2550.1 ms (7.5 t/s)
ds4: [mxfp4-native] two-dispatch plane decode arm engaged (dspark-strided, experts=6)
ds4: DSpark draft warmup: cap=2 rows=2 in 160.5 ms (paid before decode timer)
ds4: metal layer stage part=decode layer=0 pos=19 tokens=1 attn_hc_pre=0.243 ms
ds4: metal layer stage part=decode layer=0 pos=19 tokens=1 attn_norm=0.029 ms
ds4: metal layer stage part=decode layer=0 pos=19 tokens=1 q_path=0.413 ms
ds4: metal layer stage part=decode layer=0 pos=19 tokens=1 kv_path=0.299 ms
ds4: metal layer stage part=decode layer=0 pos=19 tokens=1 compressor_indexer=0.025 ms
ds4: metal layer stage part=decode layer=0 pos=19 tokens=1 attention=0.268 ms
ds4: metal layer stage part=decode layer=0 pos=19 tokens=1 attn_output=0.425 ms
ds4: metal layer stage part=decode layer=0 pos=19 tokens=1 attn_hc_post=0.024 ms
ds4: metal layer stage part=decode layer=0 pos=19 tokens=1 ffn_hc_pre=0.219 ms
ds4: metal layer stage part=decode layer=0 pos=19 tokens=1 ffn_norm=0.023 ms
ds4: metal layer stage part=decode layer=0 pos=19 tokens=1 router=0.214 ms
ds4: Flash-MoE mixed resident bank using fused GPU-selected decode path (slot id == expert id)
ds4: metal layer stage part=decode layer=0 pos=19 tokens=1 routed_moe=0.404 ms
ds4: metal layer stage part=decode layer=0 pos=19 tokens=1 shared_gate_up=0.480 ms
ds4: metal layer stage part=decode layer=0 pos=19 tokens=1 shared_down=0.279 ms
ds4: metal layer stage part=decode layer=0 pos=19 tokens=1 ffn_hc_post=0.020 ms
ds4: metal layer stage part=decode layer=1 pos=19 tokens=1 attn_hc_pre=0.213 ms
ds4: metal layer stage part=decode layer=1 pos=19 tokens=1 attn_norm=0.023 ms
ds4: metal layer stage part=decode layer=1 pos=19 tokens=1 q_path=0.329 ms
ds4: metal layer stage part=decode layer=1 pos=19 tokens=1 kv_path=0.316 ms
ds4: metal layer stage part=decode layer=1 pos=19 tokens=1 compressor_indexer=0.022 ms
ds4: metal layer stage part=decode layer=1 pos=19 tokens=1 attention=0.270 ms
ds4: metal layer stage part=decode layer=1 pos=19 tokens=1 attn_output=0.411 ms
ds4: metal layer stage part=decode layer=1 pos=19 tokens=1 attn_hc_post=0.021 ms
ds4: metal layer stage part=decode layer=1 pos=19 tokens=1 ffn_hc_pre=0.188 ms
ds4: metal layer stage part=decode layer=1 pos=19 tokens=1 ffn_norm=0.024 ms
ds4: metal layer stage part=decode layer=1 pos=19 tokens=1 router=0.208 ms
ds4: metal layer stage part=decode layer=1 pos=19 tokens=1 routed_moe=0.402 ms
ds4: metal layer stage part=decode layer=1 pos=19 tokens=1 shared_gate_up=0.228 ms
ds4: metal layer stage part=decode layer=1 pos=19 tokens=1 shared_down=0.219 ms
ds4: metal layer stage part=decode layer=1 pos=19 tokens=1 ffn_hc_post=0.029 ms
ds4: metal layer stage part=decode layer=2 pos=19 tokens=1 attn_hc_pre=0.176 ms
ds4: metal layer stage part=decode layer=2 pos=19 tokens=1 attn_norm=0.024 ms
ds4: metal layer stage part=decode layer=2 pos=19 tokens=1 q_path=0.285 ms
ds4: metal layer stage part=decode layer=2 pos=19 tokens=1 kv_path=0.386 ms
ds4: metal layer stage part=decode layer=2 pos=19 tokens=1 compressor_indexer=0.466 ms
ds4: metal layer stage part=decode layer=2 pos=19 tokens=1 attention=0.264 ms
ds4: metal layer stage part=decode layer=2 pos=19 tokens=1 attn_output=0.349 ms
ds4: metal layer stage part=decode layer=2 pos=19 tokens=1 attn_hc_post=0.024 ms
ds4: metal layer stage part=decode layer=2 pos=19 tokens=1 ffn_hc_pre=0.230 ms
ds4: metal layer stage part=decode layer=2 pos=19 tokens=1 ffn_norm=0.022 ms
ds4: metal layer stage part=decode layer=2 pos=19 tokens=1 router=0.247 ms
ds4: metal layer stage part=decode layer=2 pos=19 tokens=1 routed_moe=0.424 ms
ds4: metal layer stage part=decode layer=2 pos=19 tokens=1 shared_gate_up=0.238 ms
ds4: metal layer stage part=decode layer=2 pos=19 tokens=1 shared_down=0.226 ms
ds4: metal layer stage part=decode layer=2 pos=19 tokens=1 ffn_hc_post=0.020 ms
ds4: metal layer stage part=decode layer=3 pos=19 tokens=1 attn_hc_pre=0.189 ms
ds4: metal layer stage part=decode layer=3 pos=19 tokens=1 attn_norm=0.026 ms
ds4: metal layer stage part=decode layer=3 pos=19 tokens=1 q_path=0.280 ms
ds4: metal layer stage part=decode layer=3 pos=19 tokens=1 kv_path=0.352 ms
ds4: metal layer stage part=decode layer=3 pos=19 tokens=1 compressor_indexer=0.266 ms
ds4: metal layer stage part=decode layer=3 pos=19 tokens=1 attention=0.281 ms
ds4: metal layer stage part=decode layer=3 pos=19 tokens=1 attn_output=0.472 ms
ds4: metal layer stage part=decode layer=3 pos=19 tokens=1 attn_hc_post=0.029 ms
ds4: metal layer stage part=decode layer=3 pos=19 tokens=1 ffn_hc_pre=0.253 ms
ds4: metal layer stage part=decode layer=3 pos=19 tokens=1 ffn_norm=0.028 ms
ds4: metal layer stage part=decode layer=3 pos=19 tokens=1 router=0.233 ms
ds4: metal layer stage part=decode layer=3 pos=19 tokens=1 routed_moe=0.489 ms
ds4: metal layer stage part=decode layer=3 pos=19 tokens=1 shared_gate_up=0.320 ms
ds4: metal layer stage part=decode layer=3 pos=19 tokens=1 shared_down=0.254 ms
ds4: metal layer stage part=decode layer=3 pos=19 tokens=1 ffn_hc_post=0.033 ms
ds4: metal layer stage part=decode layer=4 pos=19 tokens=1 attn_hc_pre=0.224 ms
ds4: metal layer stage part=decode layer=4 pos=19 tokens=1 attn_norm=0.029 ms
ds4: metal layer stage part=decode layer=4 pos=19 tokens=1 q_path=0.296 ms
ds4: metal layer stage part=decode layer=4 pos=19 tokens=1 kv_path=0.243 ms
ds4: metal layer stage part=decode layer=4 pos=19 tokens=1 compressor_indexer=0.358 ms
ds4: metal layer stage part=decode layer=4 pos=19 tokens=1 attention=0.240 ms
ds4: metal layer stage part=decode layer=4 pos=19 tokens=1 attn_output=0.343 ms
ds4: metal layer stage part=decode layer=4 pos=19 tokens=1 attn_hc_post=0.028 ms
ds4: metal layer stage part=decode layer=4 pos=19 tokens=1 ffn_hc_pre=0.251 ms
ds4: metal layer stage part=decode layer=4 pos=19 tokens=1 ffn_norm=0.026 ms
ds4: metal layer stage part=decode layer=4 pos=19 tokens=1 router=0.239 ms
ds4: metal layer stage part=decode layer=4 pos=19 tokens=1 routed_moe=0.389 ms
ds4: metal layer stage part=decode layer=4 pos=19 tokens=1 shared_gate_up=0.258 ms
ds4: metal layer stage part=decode layer=4 pos=19 tokens=1 shared_down=0.220 ms
ds4: metal layer stage part=decode layer=4 pos=19 tokens=1 ffn_hc_post=0.027 ms
ds4: metal layer stage part=decode layer=5 pos=19 tokens=1 attn_hc_pre=0.235 ms
ds4: metal layer stage part=decode layer=5 pos=19 tokens=1 attn_norm=0.027 ms
ds4: metal layer stage part=decode layer=5 pos=19 tokens=1 q_path=0.298 ms
ds4: metal layer stage part=decode layer=5 pos=19 tokens=1 kv_path=0.212 ms
ds4: metal layer stage part=decode layer=5 pos=19 tokens=1 compressor_indexer=0.252 ms
ds4: metal layer stage part=decode layer=5 pos=19 tokens=1 attention=0.305 ms
ds4: metal layer stage part=decode layer=5 pos=19 tokens=1 attn_output=0.367 ms
ds4: metal layer stage part=decode layer=5 pos=19 tokens=1 attn_hc_post=0.029 ms
ds4: metal layer stage part=decode layer=5 pos=19 tokens=1 ffn_hc_pre=0.245 ms
ds4: metal layer stage part=decode layer=5 pos=19 tokens=1 ffn_norm=0.023 ms
ds4: metal layer stage part=decode layer=5 pos=19 tokens=1 router=0.227 ms
ds4: metal layer stage part=decode layer=5 pos=19 tokens=1 routed_moe=0.403 ms
ds4: metal layer stage part=decode layer=5 pos=19 tokens=1 shared_gate_up=0.237 ms
ds4: metal layer stage part=decode layer=5 pos=19 tokens=1 shared_down=0.227 ms
ds4: metal layer stage part=decode layer=5 pos=19 tokens=1 ffn_hc_post=0.025 ms
ds4: metal layer stage part=decode layer=6 pos=19 tokens=1 attn_hc_pre=0.335 ms
ds4: metal layer stage part=decode layer=6 pos=19 tokens=1 attn_norm=0.030 ms
ds4: metal layer stage part=decode layer=6 pos=19 tokens=1 q_path=0.274 ms
ds4: metal layer stage part=decode layer=6 pos=19 tokens=1 kv_path=0.273 ms
ds4: metal layer stage part=decode layer=6 pos=19 tokens=1 compressor_indexer=0.368 ms
ds4: metal layer stage part=decode layer=6 pos=19 tokens=1 attention=0.313 ms
ds4: metal layer stage part=decode layer=6 pos=19 tokens=1 attn_output=0.353 ms
ds4: metal layer stage part=decode layer=6 pos=19 tokens=1 attn_hc_post=0.030 ms
ds4: metal layer stage part=decode layer=6 pos=19 tokens=1 ffn_hc_pre=0.272 ms
ds4: metal layer stage part=decode layer=6 pos=19 tokens=1 ffn_norm=0.024 ms
ds4: metal layer stage part=decode layer=6 pos=19 tokens=1 router=0.227 ms
ds4: metal layer stage part=decode layer=6 pos=19 tokens=1 routed_moe=0.392 ms
ds4: metal layer stage part=decode layer=6 pos=19 tokens=1 shared_gate_up=0.257 ms
ds4: metal layer stage part=decode layer=6 pos=19 tokens=1 shared_down=0.228 ms
ds4: metal layer stage part=decode layer=6 pos=19 tokens=1 ffn_hc_post=0.026 ms
ds4: metal layer stage part=decode layer=7 pos=19 tokens=1 attn_hc_pre=0.215 ms
ds4: metal layer stage part=decode layer=7 pos=19 tokens=1 attn_norm=0.030 ms
ds4: metal layer stage part=decode layer=7 pos=19 tokens=1 q_path=0.308 ms
ds4: metal layer stage part=decode layer=7 pos=19 tokens=1 kv_path=0.220 ms
ds4: metal layer stage part=decode layer=7 pos=19 tokens=1 compressor_indexer=0.231 ms
ds4: metal layer stage part=decode layer=7 pos=19 tokens=1 attention=0.296 ms
ds4: metal layer stage part=decode layer=7 pos=19 tokens=1 attn_output=0.386 ms
ds4: metal layer stage part=decode layer=7 pos=19 tokens=1 attn_hc_post=0.023 ms
ds4: metal layer stage part=decode layer=7 pos=19 tokens=1 ffn_hc_pre=0.249 ms
ds4: metal layer stage part=decode layer=7 pos=19 tokens=1 ffn_norm=0.023 ms
ds4: metal layer stage part=decode layer=7 pos=19 tokens=1 router=0.216 ms
ds4: metal layer stage part=decode layer=7 pos=19 tokens=1 routed_moe=0.402 ms
ds4: metal layer stage part=decode layer=7 pos=19 tokens=1 shared_gate_up=0.249 ms
ds4: metal layer stage part=decode layer=7 pos=19 tokens=1 shared_down=0.257 ms
ds4: metal layer stage part=decode layer=7 pos=19 tokens=1 ffn_hc_post=0.027 ms
ds4: metal layer stage part=decode layer=8 pos=19 tokens=1 attn_hc_pre=0.288 ms
ds4: metal layer stage part=decode layer=8 pos=19 tokens=1 attn_norm=0.025 ms
ds4: metal layer stage part=decode layer=8 pos=19 tokens=1 q_path=0.637 ms
ds4: metal layer stage part=decode layer=8 pos=19 tokens=1 kv_path=0.258 ms
ds4: metal layer stage part=decode layer=8 pos=19 tokens=1 compressor_indexer=0.358 ms
ds4: metal layer stage part=decode layer=8 pos=19 tokens=1 attention=0.263 ms
ds4: metal layer stage part=decode layer=8 pos=19 tokens=1 attn_output=0.420 ms
ds4: metal layer stage part=decode layer=8 pos=19 tokens=1 attn_hc_post=0.035 ms
ds4: metal layer stage part=decode layer=8 pos=19 tokens=1 ffn_hc_pre=0.227 ms
ds4: metal layer stage part=decode layer=8 pos=19 tokens=1 ffn_norm=0.028 ms
ds4: metal layer stage part=decode layer=8 pos=19 tokens=1 router=0.203 ms
ds4: metal layer stage part=decode layer=8 pos=19 tokens=1 routed_moe=0.359 ms
ds4: metal layer stage part=decode layer=8 pos=19 tokens=1 shared_gate_up=0.241 ms
ds4: metal layer stage part=decode layer=8 pos=19 tokens=1 shared_down=0.257 ms
ds4: metal layer stage part=decode layer=8 pos=19 tokens=1 ffn_hc_post=0.024 ms
ds4: metal layer stage part=decode layer=9 pos=19 tokens=1 attn_hc_pre=0.217 ms
ds4: metal layer stage part=decode layer=9 pos=19 tokens=1 attn_norm=0.030 ms
ds4: metal layer stage part=decode layer=9 pos=19 tokens=1 q_path=0.618 ms
ds4: metal layer stage part=decode layer=9 pos=19 tokens=1 kv_path=0.316 ms
ds4: metal layer stage part=decode layer=9 pos=19 tokens=1 compressor_indexer=0.185 ms
ds4: metal layer stage part=decode layer=9 pos=19 tokens=1 attention=0.261 ms
ds4: metal layer stage part=decode layer=9 pos=19 tokens=1 attn_output=0.397 ms
ds4: metal layer stage part=decode layer=9 pos=19 tokens=1 attn_hc_post=0.025 ms
ds4: metal layer stage part=decode layer=9 pos=19 tokens=1 ffn_hc_pre=0.275 ms
ds4: metal layer stage part=decode layer=9 pos=19 tokens=1 ffn_norm=0.026 ms
ds4: metal layer stage part=decode layer=9 pos=19 tokens=1 router=0.216 ms
ds4: metal layer stage part=decode layer=9 pos=19 tokens=1 routed_moe=0.405 ms
ds4: metal layer stage part=decode layer=9 pos=19 tokens=1 shared_gate_up=0.290 ms
ds4: metal layer stage part=decode layer=9 pos=19 tokens=1 shared_down=0.249 ms
ds4: metal layer stage part=decode layer=9 pos=19 tokens=1 ffn_hc_post=0.026 ms
ds4: metal layer stage part=decode layer=10 pos=19 tokens=1 attn_hc_pre=0.233 ms
ds4: metal layer stage part=decode layer=10 pos=19 tokens=1 attn_norm=0.030 ms
ds4: metal layer stage part=decode layer=10 pos=19 tokens=1 q_path=0.305 ms
ds4: metal layer stage part=decode layer=10 pos=19 tokens=1 kv_path=0.281 ms
ds4: metal layer stage part=decode layer=10 pos=19 tokens=1 compressor_indexer=0.384 ms
ds4: metal layer stage part=decode layer=10 pos=19 tokens=1 attention=0.247 ms
ds4: metal layer stage part=decode layer=10 pos=19 tokens=1 attn_output=0.351 ms
ds4: metal layer stage part=decode layer=10 pos=19 tokens=1 attn_hc_post=0.031 ms
ds4: metal layer stage part=decode layer=10 pos=19 tokens=1 ffn_hc_pre=0.217 ms
ds4: metal layer stage part=decode layer=10 pos=19 tokens=1 ffn_norm=0.031 ms
ds4: metal layer stage part=decode layer=10 pos=19 tokens=1 router=0.222 ms
ds4: metal layer stage part=decode layer=10 pos=19 tokens=1 routed_moe=0.433 ms
ds4: metal layer stage part=decode layer=10 pos=19 tokens=1 shared_gate_up=0.235 ms
ds4: metal layer stage part=decode layer=10 pos=19 tokens=1 shared_down=0.274 ms
ds4: metal layer stage part=decode layer=10 pos=19 tokens=1 ffn_hc_post=0.020 ms
ds4: metal layer stage part=decode layer=11 pos=19 tokens=1 attn_hc_pre=0.190 ms
ds4: metal layer stage part=decode layer=11 pos=19 tokens=1 attn_norm=0.022 ms
ds4: metal layer stage part=decode layer=11 pos=19 tokens=1 q_path=0.285 ms
ds4: metal layer stage part=decode layer=11 pos=19 tokens=1 kv_path=0.204 ms
ds4: metal layer stage part=decode layer=11 pos=19 tokens=1 compressor_indexer=0.232 ms
ds4: metal layer stage part=decode layer=11 pos=19 tokens=1 attention=0.301 ms
ds4: metal layer stage part=decode layer=11 pos=19 tokens=1 attn_output=0.345 ms
ds4: metal layer stage part=decode layer=11 pos=19 tokens=1 attn_hc_post=0.026 ms
ds4: metal layer stage part=decode layer=11 pos=19 tokens=1 ffn_hc_pre=0.196 ms
ds4: metal layer stage part=decode layer=11 pos=19 tokens=1 ffn_norm=0.022 ms
ds4: metal layer stage part=decode layer=11 pos=19 tokens=1 router=0.219 ms
ds4: metal layer stage part=decode layer=11 pos=19 tokens=1 routed_moe=0.344 ms
ds4: metal layer stage part=decode layer=11 pos=19 tokens=1 shared_gate_up=0.291 ms
ds4: metal layer stage part=decode layer=11 pos=19 tokens=1 shared_down=0.249 ms
ds4: metal layer stage part=decode layer=11 pos=19 tokens=1 ffn_hc_post=0.022 ms
ds4: metal layer stage part=decode layer=12 pos=19 tokens=1 attn_hc_pre=0.230 ms
ds4: metal layer stage part=decode layer=12 pos=19 tokens=1 attn_norm=0.028 ms
ds4: metal layer stage part=decode layer=12 pos=19 tokens=1 q_path=0.299 ms
ds4: metal layer stage part=decode layer=12 pos=19 tokens=1 kv_path=0.291 ms
ds4: metal layer stage part=decode layer=12 pos=19 tokens=1 compressor_indexer=0.377 ms
ds4: metal layer stage part=decode layer=12 pos=19 tokens=1 attention=0.250 ms
ds4: metal layer stage part=decode layer=12 pos=19 tokens=1 attn_output=0.353 ms
ds4: metal layer stage part=decode layer=12 pos=19 tokens=1 attn_hc_post=0.031 ms
ds4: metal layer stage part=decode layer=12 pos=19 tokens=1 ffn_hc_pre=0.223 ms
ds4: metal layer stage part=decode layer=12 pos=19 tokens=1 ffn_norm=0.034 ms
ds4: metal layer stage part=decode layer=12 pos=19 tokens=1 router=0.214 ms
ds4: metal layer stage part=decode layer=12 pos=19 tokens=1 routed_moe=0.381 ms
ds4: metal layer stage part=decode layer=12 pos=19 tokens=1 shared_gate_up=0.258 ms
ds4: metal layer stage part=decode layer=12 pos=19 tokens=1 shared_down=0.224 ms
ds4: metal layer stage part=decode layer=12 pos=19 tokens=1 ffn_hc_post=0.027 ms
ds4: metal layer stage part=decode layer=13 pos=19 tokens=1 attn_hc_pre=0.211 ms
ds4: metal layer stage part=decode layer=13 pos=19 tokens=1 attn_norm=0.030 ms
ds4: metal layer stage part=decode layer=13 pos=19 tokens=1 q_path=0.301 ms
ds4: metal layer stage part=decode layer=13 pos=19 tokens=1 kv_path=0.218 ms
ds4: metal layer stage part=decode layer=13 pos=19 tokens=1 compressor_indexer=0.261 ms
ds4: metal layer stage part=decode layer=13 pos=19 tokens=1 attention=0.284 ms
ds4: metal layer stage part=decode layer=13 pos=19 tokens=1 attn_output=0.351 ms
ds4: metal layer stage part=decode layer=13 pos=19 tokens=1 attn_hc_post=0.026 ms
ds4: metal layer stage part=decode layer=13 pos=19 tokens=1 ffn_hc_pre=0.340 ms
ds4: metal layer stage part=decode layer=13 pos=19 tokens=1 ffn_norm=0.026 ms
ds4: metal layer stage part=decode layer=13 pos=19 tokens=1 router=0.255 ms
ds4: metal layer stage part=decode layer=13 pos=19 tokens=1 routed_moe=0.400 ms
ds4: metal layer stage part=decode layer=13 pos=19 tokens=1 shared_gate_up=0.308 ms
ds4: metal layer stage part=decode layer=13 pos=19 tokens=1 shared_down=0.254 ms
ds4: metal layer stage part=decode layer=13 pos=19 tokens=1 ffn_hc_post=0.024 ms
ds4: metal layer stage part=decode layer=14 pos=19 tokens=1 attn_hc_pre=0.211 ms
ds4: metal layer stage part=decode layer=14 pos=19 tokens=1 attn_norm=0.029 ms
ds4: metal layer stage part=decode layer=14 pos=19 tokens=1 q_path=0.312 ms
ds4: metal layer stage part=decode layer=14 pos=19 tokens=1 kv_path=0.298 ms
ds4: metal layer stage part=decode layer=14 pos=19 tokens=1 compressor_indexer=0.322 ms
ds4: metal layer stage part=decode layer=14 pos=19 tokens=1 attention=0.242 ms
ds4: metal layer stage part=decode layer=14 pos=19 tokens=1 attn_output=0.345 ms
ds4: metal layer stage part=decode layer=14 pos=19 tokens=1 attn_hc_post=0.022 ms
ds4: metal layer stage part=decode layer=14 pos=19 tokens=1 ffn_hc_pre=0.253 ms
ds4: metal layer stage part=decode layer=14 pos=19 tokens=1 ffn_norm=0.022 ms
ds4: metal layer stage part=decode layer=14 pos=19 tokens=1 router=0.235 ms
ds4: metal layer stage part=decode layer=14 pos=19 tokens=1 routed_moe=0.403 ms
ds4: metal layer stage part=decode layer=14 pos=19 tokens=1 shared_gate_up=0.255 ms
ds4: metal layer stage part=decode layer=14 pos=19 tokens=1 shared_down=0.225 ms
ds4: metal layer stage part=decode layer=14 pos=19 tokens=1 ffn_hc_post=0.028 ms
ds4: metal layer stage part=decode layer=15 pos=19 tokens=1 attn_hc_pre=0.249 ms
ds4: metal layer stage part=decode layer=15 pos=19 tokens=1 attn_norm=0.032 ms
ds4: metal layer stage part=decode layer=15 pos=19 tokens=1 q_path=0.289 ms
ds4: metal layer stage part=decode layer=15 pos=19 tokens=1 kv_path=0.217 ms
ds4: metal layer stage part=decode layer=15 pos=19 tokens=1 compressor_indexer=0.228 ms
ds4: metal layer stage part=decode layer=15 pos=19 tokens=1 attention=0.283 ms
ds4: metal layer stage part=decode layer=15 pos=19 tokens=1 attn_output=0.340 ms
ds4: metal layer stage part=decode layer=15 pos=19 tokens=1 attn_hc_post=0.023 ms
ds4: metal layer stage part=decode layer=15 pos=19 tokens=1 ffn_hc_pre=0.208 ms
ds4: metal layer stage part=decode layer=15 pos=19 tokens=1 ffn_norm=0.020 ms
ds4: metal layer stage part=decode layer=15 pos=19 tokens=1 router=0.206 ms
ds4: metal layer stage part=decode layer=15 pos=19 tokens=1 routed_moe=0.347 ms
ds4: metal layer stage part=decode layer=15 pos=19 tokens=1 shared_gate_up=0.312 ms
ds4: metal layer stage part=decode layer=15 pos=19 tokens=1 shared_down=0.238 ms
ds4: metal layer stage part=decode layer=15 pos=19 tokens=1 ffn_hc_post=0.021 ms
ds4: metal layer stage part=decode layer=16 pos=19 tokens=1 attn_hc_pre=0.233 ms
ds4: metal layer stage part=decode layer=16 pos=19 tokens=1 attn_norm=0.020 ms
ds4: metal layer stage part=decode layer=16 pos=19 tokens=1 q_path=0.313 ms
ds4: metal layer stage part=decode layer=16 pos=19 tokens=1 kv_path=0.358 ms
ds4: metal layer stage part=decode layer=16 pos=19 tokens=1 compressor_indexer=0.309 ms
ds4: metal layer stage part=decode layer=16 pos=19 tokens=1 attention=0.252 ms
ds4: metal layer stage part=decode layer=16 pos=19 tokens=1 attn_output=0.343 ms
ds4: metal layer stage part=decode layer=16 pos=19 tokens=1 attn_hc_post=0.024 ms
ds4: metal layer stage part=decode layer=16 pos=19 tokens=1 ffn_hc_pre=0.227 ms
ds4: metal layer stage part=decode layer=16 pos=19 tokens=1 ffn_norm=0.020 ms
ds4: metal layer stage part=decode layer=16 pos=19 tokens=1 router=0.235 ms
ds4: metal layer stage part=decode layer=16 pos=19 tokens=1 routed_moe=0.390 ms
ds4: metal layer stage part=decode layer=16 pos=19 tokens=1 shared_gate_up=0.235 ms
ds4: metal layer stage part=decode layer=16 pos=19 tokens=1 shared_down=0.151 ms
ds4: metal layer stage part=decode layer=16 pos=19 tokens=1 ffn_hc_post=0.026 ms
ds4: metal layer stage part=decode layer=17 pos=19 tokens=1 attn_hc_pre=0.234 ms
ds4: metal layer stage part=decode layer=17 pos=19 tokens=1 attn_norm=0.023 ms
ds4: metal layer stage part=decode layer=17 pos=19 tokens=1 q_path=0.337 ms
ds4: metal layer stage part=decode layer=17 pos=19 tokens=1 kv_path=0.252 ms
ds4: metal layer stage part=decode layer=17 pos=19 tokens=1 compressor_indexer=0.264 ms
ds4: metal layer stage part=decode layer=17 pos=19 tokens=1 attention=0.303 ms
ds4: metal layer stage part=decode layer=17 pos=19 tokens=1 attn_output=0.346 ms
ds4: metal layer stage part=decode layer=17 pos=19 tokens=1 attn_hc_post=0.026 ms
ds4: metal layer stage part=decode layer=17 pos=19 tokens=1 ffn_hc_pre=0.262 ms
ds4: metal layer stage part=decode layer=17 pos=19 tokens=1 ffn_norm=0.024 ms
ds4: metal layer stage part=decode layer=17 pos=19 tokens=1 router=0.234 ms
ds4: metal layer stage part=decode layer=17 pos=19 tokens=1 routed_moe=0.388 ms
ds4: metal layer stage part=decode layer=17 pos=19 tokens=1 shared_gate_up=0.254 ms
ds4: metal layer stage part=decode layer=17 pos=19 tokens=1 shared_down=0.254 ms
ds4: metal layer stage part=decode layer=17 pos=19 tokens=1 ffn_hc_post=0.023 ms
ds4: metal layer stage part=decode layer=18 pos=19 tokens=1 attn_hc_pre=0.218 ms
ds4: metal layer stage part=decode layer=18 pos=19 tokens=1 attn_norm=0.027 ms
ds4: metal layer stage part=decode layer=18 pos=19 tokens=1 q_path=0.295 ms
ds4: metal layer stage part=decode layer=18 pos=19 tokens=1 kv_path=0.212 ms
ds4: metal layer stage part=decode layer=18 pos=19 tokens=1 compressor_indexer=0.337 ms
ds4: metal layer stage part=decode layer=18 pos=19 tokens=1 attention=0.254 ms
ds4: metal layer stage part=decode layer=18 pos=19 tokens=1 attn_output=0.345 ms
ds4: metal layer stage part=decode layer=18 pos=19 tokens=1 attn_hc_post=0.023 ms
ds4: metal layer stage part=decode layer=18 pos=19 tokens=1 ffn_hc_pre=0.244 ms
ds4: metal layer stage part=decode layer=18 pos=19 tokens=1 ffn_norm=0.025 ms
ds4: metal layer stage part=decode layer=18 pos=19 tokens=1 router=0.239 ms
ds4: metal layer stage part=decode layer=18 pos=19 tokens=1 routed_moe=0.386 ms
ds4: metal layer stage part=decode layer=18 pos=19 tokens=1 shared_gate_up=0.318 ms
ds4: metal layer stage part=decode layer=18 pos=19 tokens=1 shared_down=0.223 ms
ds4: metal layer stage part=decode layer=18 pos=19 tokens=1 ffn_hc_post=0.021 ms
ds4: metal layer stage part=decode layer=19 pos=19 tokens=1 attn_hc_pre=0.190 ms
ds4: metal layer stage part=decode layer=19 pos=19 tokens=1 attn_norm=0.021 ms
ds4: metal layer stage part=decode layer=19 pos=19 tokens=1 q_path=0.298 ms
ds4: metal layer stage part=decode layer=19 pos=19 tokens=1 kv_path=0.225 ms
ds4: metal layer stage part=decode layer=19 pos=19 tokens=1 compressor_indexer=0.215 ms
ds4: metal layer stage part=decode layer=19 pos=19 tokens=1 attention=0.296 ms
ds4: metal layer stage part=decode layer=19 pos=19 tokens=1 attn_output=0.706 ms
ds4: metal layer stage part=decode layer=19 pos=19 tokens=1 attn_hc_post=0.034 ms
ds4: metal layer stage part=decode layer=19 pos=19 tokens=1 ffn_hc_pre=0.326 ms
ds4: metal layer stage part=decode layer=19 pos=19 tokens=1 ffn_norm=0.027 ms
ds4: metal layer stage part=decode layer=19 pos=19 tokens=1 router=0.296 ms
ds4: metal layer stage part=decode layer=19 pos=19 tokens=1 routed_moe=0.455 ms
ds4: metal layer stage part=decode layer=19 pos=19 tokens=1 shared_gate_up=0.235 ms
ds4: metal layer stage part=decode layer=19 pos=19 tokens=1 shared_down=0.224 ms
ds4: metal layer stage part=decode layer=19 pos=19 tokens=1 ffn_hc_post=0.022 ms
ds4: metal layer stage part=decode layer=20 pos=19 tokens=1 attn_hc_pre=0.253 ms
ds4: metal layer stage part=decode layer=20 pos=19 tokens=1 attn_norm=0.029 ms
ds4: metal layer stage part=decode layer=20 pos=19 tokens=1 q_path=0.293 ms
ds4: metal layer stage part=decode layer=20 pos=19 tokens=1 kv_path=0.220 ms
ds4: metal layer stage part=decode layer=20 pos=19 tokens=1 compressor_indexer=0.325 ms
ds4: metal layer stage part=decode layer=20 pos=19 tokens=1 attention=0.263 ms
ds4: metal layer stage part=decode layer=20 pos=19 tokens=1 attn_output=0.353 ms
ds4: metal layer stage part=decode layer=20 pos=19 tokens=1 attn_hc_post=0.022 ms
ds4: metal layer stage part=decode layer=20 pos=19 tokens=1 ffn_hc_pre=0.264 ms
ds4: metal layer stage part=decode layer=20 pos=19 tokens=1 ffn_norm=0.024 ms
ds4: metal layer stage part=decode layer=20 pos=19 tokens=1 router=0.269 ms
ds4: metal layer stage part=decode layer=20 pos=19 tokens=1 routed_moe=0.392 ms
ds4: metal layer stage part=decode layer=20 pos=19 tokens=1 shared_gate_up=0.230 ms
ds4: metal layer stage part=decode layer=20 pos=19 tokens=1 shared_down=0.222 ms
ds4: metal layer stage part=decode layer=20 pos=19 tokens=1 ffn_hc_post=0.021 ms
ds4: metal layer stage part=decode layer=21 pos=19 tokens=1 attn_hc_pre=0.216 ms
ds4: metal layer stage part=decode layer=21 pos=19 tokens=1 attn_norm=0.023 ms
ds4: metal layer stage part=decode layer=21 pos=19 tokens=1 q_path=0.272 ms
ds4: metal layer stage part=decode layer=21 pos=19 tokens=1 kv_path=0.215 ms
ds4: metal layer stage part=decode layer=21 pos=19 tokens=1 compressor_indexer=0.245 ms
ds4: metal layer stage part=decode layer=21 pos=19 tokens=1 attention=0.342 ms
ds4: metal layer stage part=decode layer=21 pos=19 tokens=1 attn_output=0.341 ms
ds4: metal layer stage part=decode layer=21 pos=19 tokens=1 attn_hc_post=0.022 ms
ds4: metal layer stage part=decode layer=21 pos=19 tokens=1 ffn_hc_pre=0.232 ms
ds4: metal layer stage part=decode layer=21 pos=19 tokens=1 ffn_norm=0.023 ms
ds4: metal layer stage part=decode layer=21 pos=19 tokens=1 router=0.241 ms
ds4: metal layer stage part=decode layer=21 pos=19 tokens=1 routed_moe=0.383 ms
ds4: metal layer stage part=decode layer=21 pos=19 tokens=1 shared_gate_up=0.243 ms
ds4: metal layer stage part=decode layer=21 pos=19 tokens=1 shared_down=0.221 ms
ds4: metal layer stage part=decode layer=21 pos=19 tokens=1 ffn_hc_post=0.020 ms
ds4: metal layer stage part=decode layer=22 pos=19 tokens=1 attn_hc_pre=0.571 ms
ds4: metal layer stage part=decode layer=22 pos=19 tokens=1 attn_norm=0.042 ms
ds4: metal layer stage part=decode layer=22 pos=19 tokens=1 q_path=0.638 ms
ds4: metal layer stage part=decode layer=22 pos=19 tokens=1 kv_path=0.291 ms
ds4: metal layer stage part=decode layer=22 pos=19 tokens=1 compressor_indexer=0.378 ms
ds4: metal layer stage part=decode layer=22 pos=19 tokens=1 attention=0.256 ms
ds4: metal layer stage part=decode layer=22 pos=19 tokens=1 attn_output=0.344 ms
ds4: metal layer stage part=decode layer=22 pos=19 tokens=1 attn_hc_post=0.025 ms
ds4: metal layer stage part=decode layer=22 pos=19 tokens=1 ffn_hc_pre=0.239 ms
ds4: metal layer stage part=decode layer=22 pos=19 tokens=1 ffn_norm=0.022 ms
ds4: metal layer stage part=decode layer=22 pos=19 tokens=1 router=0.264 ms
ds4: metal layer stage part=decode layer=22 pos=19 tokens=1 routed_moe=0.445 ms
ds4: metal layer stage part=decode layer=22 pos=19 tokens=1 shared_gate_up=0.293 ms
ds4: metal layer stage part=decode layer=22 pos=19 tokens=1 shared_down=0.238 ms
ds4: metal layer stage part=decode layer=22 pos=19 tokens=1 ffn_hc_post=0.018 ms
ds4: metal layer stage part=decode layer=23 pos=19 tokens=1 attn_hc_pre=0.239 ms
ds4: metal layer stage part=decode layer=23 pos=19 tokens=1 attn_norm=0.022 ms
ds4: metal layer stage part=decode layer=23 pos=19 tokens=1 q_path=0.306 ms
ds4: metal layer stage part=decode layer=23 pos=19 tokens=1 kv_path=0.288 ms
ds4: metal layer stage part=decode layer=23 pos=19 tokens=1 compressor_indexer=0.268 ms
ds4: metal layer stage part=decode layer=23 pos=19 tokens=1 attention=0.300 ms
ds4: metal layer stage part=decode layer=23 pos=19 tokens=1 attn_output=0.352 ms
ds4: metal layer stage part=decode layer=23 pos=19 tokens=1 attn_hc_post=0.021 ms
ds4: metal layer stage part=decode layer=23 pos=19 tokens=1 ffn_hc_pre=0.276 ms
ds4: metal layer stage part=decode layer=23 pos=19 tokens=1 ffn_norm=0.020 ms
ds4: metal layer stage part=decode layer=23 pos=19 tokens=1 router=0.304 ms
ds4: metal layer stage part=decode layer=23 pos=19 tokens=1 routed_moe=0.430 ms
ds4: metal layer stage part=decode layer=23 pos=19 tokens=1 shared_gate_up=0.295 ms
ds4: metal layer stage part=decode layer=23 pos=19 tokens=1 shared_down=0.270 ms
ds4: metal layer stage part=decode layer=23 pos=19 tokens=1 ffn_hc_post=0.025 ms
ds4: metal layer stage part=decode layer=24 pos=19 tokens=1 attn_hc_pre=0.217 ms
ds4: metal layer stage part=decode layer=24 pos=19 tokens=1 attn_norm=0.025 ms
ds4: metal layer stage part=decode layer=24 pos=19 tokens=1 q_path=0.301 ms
ds4: metal layer stage part=decode layer=24 pos=19 tokens=1 kv_path=0.273 ms
ds4: metal layer stage part=decode layer=24 pos=19 tokens=1 compressor_indexer=0.361 ms
ds4: metal layer stage part=decode layer=24 pos=19 tokens=1 attention=0.241 ms
ds4: metal layer stage part=decode layer=24 pos=19 tokens=1 attn_output=0.352 ms
ds4: metal layer stage part=decode layer=24 pos=19 tokens=1 attn_hc_post=0.029 ms
ds4: metal layer stage part=decode layer=24 pos=19 tokens=1 ffn_hc_pre=0.220 ms
ds4: metal layer stage part=decode layer=24 pos=19 tokens=1 ffn_norm=0.024 ms
ds4: metal layer stage part=decode layer=24 pos=19 tokens=1 router=0.241 ms
ds4: metal layer stage part=decode layer=24 pos=19 tokens=1 routed_moe=0.407 ms
ds4: metal layer stage part=decode layer=24 pos=19 tokens=1 shared_gate_up=0.228 ms
ds4: metal layer stage part=decode layer=24 pos=19 tokens=1 shared_down=0.261 ms
ds4: metal layer stage part=decode layer=24 pos=19 tokens=1 ffn_hc_post=0.027 ms
ds4: metal layer stage part=decode layer=25 pos=19 tokens=1 attn_hc_pre=0.207 ms
ds4: metal layer stage part=decode layer=25 pos=19 tokens=1 attn_norm=0.032 ms
ds4: metal layer stage part=decode layer=25 pos=19 tokens=1 q_path=0.347 ms
ds4: metal layer stage part=decode layer=25 pos=19 tokens=1 kv_path=0.217 ms
ds4: metal layer stage part=decode layer=25 pos=19 tokens=1 compressor_indexer=0.202 ms
ds4: metal layer stage part=decode layer=25 pos=19 tokens=1 attention=0.297 ms
ds4: metal layer stage part=decode layer=25 pos=19 tokens=1 attn_output=0.340 ms
ds4: metal layer stage part=decode layer=25 pos=19 tokens=1 attn_hc_post=0.030 ms
ds4: metal layer stage part=decode layer=25 pos=19 tokens=1 ffn_hc_pre=0.278 ms
ds4: metal layer stage part=decode layer=25 pos=19 tokens=1 ffn_norm=0.034 ms
ds4: metal layer stage part=decode layer=25 pos=19 tokens=1 router=0.216 ms
ds4: metal layer stage part=decode layer=25 pos=19 tokens=1 routed_moe=0.402 ms
ds4: metal layer stage part=decode layer=25 pos=19 tokens=1 shared_gate_up=0.233 ms
ds4: metal layer stage part=decode layer=25 pos=19 tokens=1 shared_down=0.241 ms
ds4: metal layer stage part=decode layer=25 pos=19 tokens=1 ffn_hc_post=0.022 ms
ds4: metal layer stage part=decode layer=26 pos=19 tokens=1 attn_hc_pre=0.220 ms
ds4: metal layer stage part=decode layer=26 pos=19 tokens=1 attn_norm=0.023 ms
ds4: metal layer stage part=decode layer=26 pos=19 tokens=1 q_path=0.338 ms
ds4: metal layer stage part=decode layer=26 pos=19 tokens=1 kv_path=0.222 ms
ds4: metal layer stage part=decode layer=26 pos=19 tokens=1 compressor_indexer=0.392 ms
ds4: metal layer stage part=decode layer=26 pos=19 tokens=1 attention=0.280 ms
ds4: metal layer stage part=decode layer=26 pos=19 tokens=1 attn_output=0.418 ms
ds4: metal layer stage part=decode layer=26 pos=19 tokens=1 attn_hc_post=0.030 ms
ds4: metal layer stage part=decode layer=26 pos=19 tokens=1 ffn_hc_pre=0.201 ms
ds4: metal layer stage part=decode layer=26 pos=19 tokens=1 ffn_norm=0.024 ms
ds4: metal layer stage part=decode layer=26 pos=19 tokens=1 router=0.206 ms
ds4: metal layer stage part=decode layer=26 pos=19 tokens=1 routed_moe=0.354 ms
ds4: metal layer stage part=decode layer=26 pos=19 tokens=1 shared_gate_up=0.234 ms
ds4: metal layer stage part=decode layer=26 pos=19 tokens=1 shared_down=0.221 ms
ds4: metal layer stage part=decode layer=26 pos=19 tokens=1 ffn_hc_post=0.026 ms
ds4: metal layer stage part=decode layer=27 pos=19 tokens=1 attn_hc_pre=0.185 ms
ds4: metal layer stage part=decode layer=27 pos=19 tokens=1 attn_norm=0.028 ms
ds4: metal layer stage part=decode layer=27 pos=19 tokens=1 q_path=0.283 ms
ds4: metal layer stage part=decode layer=27 pos=19 tokens=1 kv_path=0.205 ms
ds4: metal layer stage part=decode layer=27 pos=19 tokens=1 compressor_indexer=0.257 ms
ds4: metal layer stage part=decode layer=27 pos=19 tokens=1 attention=0.296 ms
ds4: metal layer stage part=decode layer=27 pos=19 tokens=1 attn_output=0.343 ms
ds4: metal layer stage part=decode layer=27 pos=19 tokens=1 attn_hc_post=0.026 ms
ds4: metal layer stage part=decode layer=27 pos=19 tokens=1 ffn_hc_pre=0.272 ms
ds4: metal layer stage part=decode layer=27 pos=19 tokens=1 ffn_norm=0.029 ms
ds4: metal layer stage part=decode layer=27 pos=19 tokens=1 router=0.222 ms
ds4: metal layer stage part=decode layer=27 pos=19 tokens=1 routed_moe=0.415 ms
ds4: metal layer stage part=decode layer=27 pos=19 tokens=1 shared_gate_up=0.227 ms
ds4: metal layer stage part=decode layer=27 pos=19 tokens=1 shared_down=0.239 ms
ds4: metal layer stage part=decode layer=27 pos=19 tokens=1 ffn_hc_post=0.024 ms
ds4: metal layer stage part=decode layer=28 pos=19 tokens=1 attn_hc_pre=0.207 ms
ds4: metal layer stage part=decode layer=28 pos=19 tokens=1 attn_norm=0.026 ms
ds4: metal layer stage part=decode layer=28 pos=19 tokens=1 q_path=0.345 ms
ds4: metal layer stage part=decode layer=28 pos=19 tokens=1 kv_path=0.224 ms
ds4: metal layer stage part=decode layer=28 pos=19 tokens=1 compressor_indexer=0.311 ms
ds4: metal layer stage part=decode layer=28 pos=19 tokens=1 attention=0.262 ms
ds4: metal layer stage part=decode layer=28 pos=19 tokens=1 attn_output=0.352 ms
ds4: metal layer stage part=decode layer=28 pos=19 tokens=1 attn_hc_post=0.031 ms
ds4: metal layer stage part=decode layer=28 pos=19 tokens=1 ffn_hc_pre=0.251 ms
ds4: metal layer stage part=decode layer=28 pos=19 tokens=1 ffn_norm=0.023 ms
ds4: metal layer stage part=decode layer=28 pos=19 tokens=1 router=0.264 ms
ds4: metal layer stage part=decode layer=28 pos=19 tokens=1 routed_moe=0.414 ms
ds4: metal layer stage part=decode layer=28 pos=19 tokens=1 shared_gate_up=0.395 ms
ds4: metal layer stage part=decode layer=28 pos=19 tokens=1 shared_down=0.261 ms
ds4: metal layer stage part=decode layer=28 pos=19 tokens=1 ffn_hc_post=0.031 ms
ds4: metal layer stage part=decode layer=29 pos=19 tokens=1 attn_hc_pre=0.202 ms
ds4: metal layer stage part=decode layer=29 pos=19 tokens=1 attn_norm=0.028 ms
ds4: metal layer stage part=decode layer=29 pos=19 tokens=1 q_path=0.290 ms
ds4: metal layer stage part=decode layer=29 pos=19 tokens=1 kv_path=0.219 ms
ds4: metal layer stage part=decode layer=29 pos=19 tokens=1 compressor_indexer=0.263 ms
ds4: metal layer stage part=decode layer=29 pos=19 tokens=1 attention=0.283 ms
ds4: metal layer stage part=decode layer=29 pos=19 tokens=1 attn_output=0.352 ms
ds4: metal layer stage part=decode layer=29 pos=19 tokens=1 attn_hc_post=0.029 ms
ds4: metal layer stage part=decode layer=29 pos=19 tokens=1 ffn_hc_pre=0.189 ms
ds4: metal layer stage part=decode layer=29 pos=19 tokens=1 ffn_norm=0.023 ms
ds4: metal layer stage part=decode layer=29 pos=19 tokens=1 router=0.218 ms
ds4: metal layer stage part=decode layer=29 pos=19 tokens=1 routed_moe=0.352 ms
ds4: metal layer stage part=decode layer=29 pos=19 tokens=1 shared_gate_up=0.280 ms
ds4: metal layer stage part=decode layer=29 pos=19 tokens=1 shared_down=0.228 ms
ds4: metal layer stage part=decode layer=29 pos=19 tokens=1 ffn_hc_post=0.030 ms
ds4: metal layer stage part=decode layer=30 pos=19 tokens=1 attn_hc_pre=0.241 ms
ds4: metal layer stage part=decode layer=30 pos=19 tokens=1 attn_norm=0.030 ms
ds4: metal layer stage part=decode layer=30 pos=19 tokens=1 q_path=0.294 ms
ds4: metal layer stage part=decode layer=30 pos=19 tokens=1 kv_path=0.298 ms
ds4: metal layer stage part=decode layer=30 pos=19 tokens=1 compressor_indexer=0.349 ms
ds4: metal layer stage part=decode layer=30 pos=19 tokens=1 attention=0.241 ms
ds4: metal layer stage part=decode layer=30 pos=19 tokens=1 attn_output=0.341 ms
ds4: metal layer stage part=decode layer=30 pos=19 tokens=1 attn_hc_post=0.031 ms
ds4: metal layer stage part=decode layer=30 pos=19 tokens=1 ffn_hc_pre=0.237 ms
ds4: metal layer stage part=decode layer=30 pos=19 tokens=1 ffn_norm=0.029 ms
ds4: metal layer stage part=decode layer=30 pos=19 tokens=1 router=0.227 ms
ds4: metal layer stage part=decode layer=30 pos=19 tokens=1 routed_moe=0.396 ms
ds4: metal layer stage part=decode layer=30 pos=19 tokens=1 shared_gate_up=0.260 ms
ds4: metal layer stage part=decode layer=30 pos=19 tokens=1 shared_down=0.224 ms
ds4: metal layer stage part=decode layer=30 pos=19 tokens=1 ffn_hc_post=0.022 ms
ds4: metal layer stage part=decode layer=31 pos=19 tokens=1 attn_hc_pre=0.232 ms
ds4: metal layer stage part=decode layer=31 pos=19 tokens=1 attn_norm=0.026 ms
ds4: metal layer stage part=decode layer=31 pos=19 tokens=1 q_path=0.314 ms
ds4: metal layer stage part=decode layer=31 pos=19 tokens=1 kv_path=0.214 ms
ds4: metal layer stage part=decode layer=31 pos=19 tokens=1 compressor_indexer=0.249 ms
ds4: metal layer stage part=decode layer=31 pos=19 tokens=1 attention=0.290 ms
ds4: metal layer stage part=decode layer=31 pos=19 tokens=1 attn_output=0.331 ms
ds4: metal layer stage part=decode layer=31 pos=19 tokens=1 attn_hc_post=0.024 ms
ds4: metal layer stage part=decode layer=31 pos=19 tokens=1 ffn_hc_pre=0.207 ms
ds4: metal layer stage part=decode layer=31 pos=19 tokens=1 ffn_norm=0.024 ms
ds4: metal layer stage part=decode layer=31 pos=19 tokens=1 router=0.182 ms
ds4: metal layer stage part=decode layer=31 pos=19 tokens=1 routed_moe=0.353 ms
ds4: metal layer stage part=decode layer=31 pos=19 tokens=1 shared_gate_up=0.242 ms
ds4: metal layer stage part=decode layer=31 pos=19 tokens=1 shared_down=0.206 ms
ds4: metal layer stage part=decode layer=31 pos=19 tokens=1 ffn_hc_post=0.023 ms
ds4: metal layer stage part=decode layer=32 pos=19 tokens=1 attn_hc_pre=0.177 ms
ds4: metal layer stage part=decode layer=32 pos=19 tokens=1 attn_norm=0.024 ms
ds4: metal layer stage part=decode layer=32 pos=19 tokens=1 q_path=0.330 ms
ds4: metal layer stage part=decode layer=32 pos=19 tokens=1 kv_path=0.212 ms
ds4: metal layer stage part=decode layer=32 pos=19 tokens=1 compressor_indexer=0.311 ms
ds4: metal layer stage part=decode layer=32 pos=19 tokens=1 attention=0.248 ms
ds4: metal layer stage part=decode layer=32 pos=19 tokens=1 attn_output=0.347 ms
ds4: metal layer stage part=decode layer=32 pos=19 tokens=1 attn_hc_post=0.028 ms
ds4: metal layer stage part=decode layer=32 pos=19 tokens=1 ffn_hc_pre=0.234 ms
ds4: metal layer stage part=decode layer=32 pos=19 tokens=1 ffn_norm=0.025 ms
ds4: metal layer stage part=decode layer=32 pos=19 tokens=1 router=0.223 ms
ds4: metal layer stage part=decode layer=32 pos=19 tokens=1 routed_moe=0.414 ms
ds4: metal layer stage part=decode layer=32 pos=19 tokens=1 shared_gate_up=0.243 ms
ds4: metal layer stage part=decode layer=32 pos=19 tokens=1 shared_down=0.255 ms
ds4: metal layer stage part=decode layer=32 pos=19 tokens=1 ffn_hc_post=0.029 ms
ds4: metal layer stage part=decode layer=33 pos=19 tokens=1 attn_hc_pre=0.204 ms
ds4: metal layer stage part=decode layer=33 pos=19 tokens=1 attn_norm=0.028 ms
ds4: metal layer stage part=decode layer=33 pos=19 tokens=1 q_path=0.340 ms
ds4: metal layer stage part=decode layer=33 pos=19 tokens=1 kv_path=0.216 ms
ds4: metal layer stage part=decode layer=33 pos=19 tokens=1 compressor_indexer=0.221 ms
ds4: metal layer stage part=decode layer=33 pos=19 tokens=1 attention=0.266 ms
ds4: metal layer stage part=decode layer=33 pos=19 tokens=1 attn_output=0.375 ms
ds4: metal layer stage part=decode layer=33 pos=19 tokens=1 attn_hc_post=0.023 ms
ds4: metal layer stage part=decode layer=33 pos=19 tokens=1 ffn_hc_pre=0.266 ms
ds4: metal layer stage part=decode layer=33 pos=19 tokens=1 ffn_norm=0.026 ms
ds4: metal layer stage part=decode layer=33 pos=19 tokens=1 router=0.241 ms
ds4: metal layer stage part=decode layer=33 pos=19 tokens=1 routed_moe=0.382 ms
ds4: metal layer stage part=decode layer=33 pos=19 tokens=1 shared_gate_up=0.240 ms
ds4: metal layer stage part=decode layer=33 pos=19 tokens=1 shared_down=0.255 ms
ds4: metal layer stage part=decode layer=33 pos=19 tokens=1 ffn_hc_post=0.026 ms
ds4: metal layer stage part=decode layer=34 pos=19 tokens=1 attn_hc_pre=0.197 ms
ds4: metal layer stage part=decode layer=34 pos=19 tokens=1 attn_norm=0.026 ms
ds4: metal layer stage part=decode layer=34 pos=19 tokens=1 q_path=0.342 ms
ds4: metal layer stage part=decode layer=34 pos=19 tokens=1 kv_path=0.222 ms
ds4: metal layer stage part=decode layer=34 pos=19 tokens=1 compressor_indexer=0.391 ms
ds4: metal layer stage part=decode layer=34 pos=19 tokens=1 attention=0.270 ms
ds4: metal layer stage part=decode layer=34 pos=19 tokens=1 attn_output=0.421 ms
ds4: metal layer stage part=decode layer=34 pos=19 tokens=1 attn_hc_post=0.024 ms
ds4: metal layer stage part=decode layer=34 pos=19 tokens=1 ffn_hc_pre=0.210 ms
ds4: metal layer stage part=decode layer=34 pos=19 tokens=1 ffn_norm=0.034 ms
ds4: metal layer stage part=decode layer=34 pos=19 tokens=1 router=0.193 ms
ds4: metal layer stage part=decode layer=34 pos=19 tokens=1 routed_moe=0.350 ms
ds4: metal layer stage part=decode layer=34 pos=19 tokens=1 shared_gate_up=0.227 ms
ds4: metal layer stage part=decode layer=34 pos=19 tokens=1 shared_down=0.212 ms
ds4: metal layer stage part=decode layer=34 pos=19 tokens=1 ffn_hc_post=0.021 ms
ds4: metal layer stage part=decode layer=35 pos=19 tokens=1 attn_hc_pre=0.192 ms
ds4: metal layer stage part=decode layer=35 pos=19 tokens=1 attn_norm=0.023 ms
ds4: metal layer stage part=decode layer=35 pos=19 tokens=1 q_path=0.300 ms
ds4: metal layer stage part=decode layer=35 pos=19 tokens=1 kv_path=0.195 ms
ds4: metal layer stage part=decode layer=35 pos=19 tokens=1 compressor_indexer=0.244 ms
ds4: metal layer stage part=decode layer=35 pos=19 tokens=1 attention=0.327 ms
ds4: metal layer stage part=decode layer=35 pos=19 tokens=1 attn_output=0.344 ms
ds4: metal layer stage part=decode layer=35 pos=19 tokens=1 attn_hc_post=0.023 ms
ds4: metal layer stage part=decode layer=35 pos=19 tokens=1 ffn_hc_pre=0.263 ms
ds4: metal layer stage part=decode layer=35 pos=19 tokens=1 ffn_norm=0.032 ms
ds4: metal layer stage part=decode layer=35 pos=19 tokens=1 router=0.215 ms
ds4: metal layer stage part=decode layer=35 pos=19 tokens=1 routed_moe=0.343 ms
ds4: metal layer stage part=decode layer=35 pos=19 tokens=1 shared_gate_up=0.316 ms
ds4: metal layer stage part=decode layer=35 pos=19 tokens=1 shared_down=0.241 ms
ds4: metal layer stage part=decode layer=35 pos=19 tokens=1 ffn_hc_post=0.026 ms
ds4: metal layer stage part=decode layer=36 pos=19 tokens=1 attn_hc_pre=0.205 ms
ds4: metal layer stage part=decode layer=36 pos=19 tokens=1 attn_norm=0.026 ms
ds4: metal layer stage part=decode layer=36 pos=19 tokens=1 q_path=0.321 ms
ds4: metal layer stage part=decode layer=36 pos=19 tokens=1 kv_path=0.195 ms
ds4: metal layer stage part=decode layer=36 pos=19 tokens=1 compressor_indexer=0.350 ms
ds4: metal layer stage part=decode layer=36 pos=19 tokens=1 attention=0.254 ms
ds4: metal layer stage part=decode layer=36 pos=19 tokens=1 attn_output=0.352 ms
ds4: metal layer stage part=decode layer=36 pos=19 tokens=1 attn_hc_post=0.020 ms
ds4: metal layer stage part=decode layer=36 pos=19 tokens=1 ffn_hc_pre=0.248 ms
ds4: metal layer stage part=decode layer=36 pos=19 tokens=1 ffn_norm=0.022 ms
ds4: metal layer stage part=decode layer=36 pos=19 tokens=1 router=0.243 ms
ds4: metal layer stage part=decode layer=36 pos=19 tokens=1 routed_moe=0.364 ms
ds4: metal layer stage part=decode layer=36 pos=19 tokens=1 shared_gate_up=0.239 ms
ds4: metal layer stage part=decode layer=36 pos=19 tokens=1 shared_down=0.325 ms
ds4: metal layer stage part=decode layer=36 pos=19 tokens=1 ffn_hc_post=0.025 ms
ds4: metal layer stage part=decode layer=37 pos=19 tokens=1 attn_hc_pre=0.207 ms
ds4: metal layer stage part=decode layer=37 pos=19 tokens=1 attn_norm=0.022 ms
ds4: metal layer stage part=decode layer=37 pos=19 tokens=1 q_path=0.269 ms
ds4: metal layer stage part=decode layer=37 pos=19 tokens=1 kv_path=0.202 ms
ds4: metal layer stage part=decode layer=37 pos=19 tokens=1 compressor_indexer=0.261 ms
ds4: metal layer stage part=decode layer=37 pos=19 tokens=1 attention=0.264 ms
ds4: metal layer stage part=decode layer=37 pos=19 tokens=1 attn_output=0.373 ms
ds4: metal layer stage part=decode layer=37 pos=19 tokens=1 attn_hc_post=0.027 ms
ds4: metal layer stage part=decode layer=37 pos=19 tokens=1 ffn_hc_pre=0.277 ms
ds4: metal layer stage part=decode layer=37 pos=19 tokens=1 ffn_norm=0.031 ms
ds4: metal layer stage part=decode layer=37 pos=19 tokens=1 router=0.220 ms
ds4: metal layer stage part=decode layer=37 pos=19 tokens=1 routed_moe=0.473 ms
ds4: metal layer stage part=decode layer=37 pos=19 tokens=1 shared_gate_up=0.328 ms
ds4: metal layer stage part=decode layer=37 pos=19 tokens=1 shared_down=0.245 ms
ds4: metal layer stage part=decode layer=37 pos=19 tokens=1 ffn_hc_post=0.023 ms
ds4: metal layer stage part=decode layer=38 pos=19 tokens=1 attn_hc_pre=0.231 ms
ds4: metal layer stage part=decode layer=38 pos=19 tokens=1 attn_norm=0.027 ms
ds4: metal layer stage part=decode layer=38 pos=19 tokens=1 q_path=0.287 ms
ds4: metal layer stage part=decode layer=38 pos=19 tokens=1 kv_path=0.299 ms
ds4: metal layer stage part=decode layer=38 pos=19 tokens=1 compressor_indexer=0.347 ms
ds4: metal layer stage part=decode layer=38 pos=19 tokens=1 attention=0.249 ms
ds4: metal layer stage part=decode layer=38 pos=19 tokens=1 attn_output=0.335 ms
ds4: metal layer stage part=decode layer=38 pos=19 tokens=1 attn_hc_post=0.023 ms
ds4: metal layer stage part=decode layer=38 pos=19 tokens=1 ffn_hc_pre=0.247 ms
ds4: metal layer stage part=decode layer=38 pos=19 tokens=1 ffn_norm=0.026 ms
ds4: metal layer stage part=decode layer=38 pos=19 tokens=1 router=0.228 ms
ds4: metal layer stage part=decode layer=38 pos=19 tokens=1 routed_moe=0.386 ms
ds4: metal layer stage part=decode layer=38 pos=19 tokens=1 shared_gate_up=0.272 ms
ds4: metal layer stage part=decode layer=38 pos=19 tokens=1 shared_down=0.240 ms
ds4: metal layer stage part=decode layer=38 pos=19 tokens=1 ffn_hc_post=0.029 ms
ds4: metal layer stage part=decode layer=39 pos=19 tokens=1 attn_hc_pre=0.205 ms
ds4: metal layer stage part=decode layer=39 pos=19 tokens=1 attn_norm=0.031 ms
ds4: metal layer stage part=decode layer=39 pos=19 tokens=1 q_path=0.234 ms
ds4: metal layer stage part=decode layer=39 pos=19 tokens=1 kv_path=0.397 ms
ds4: metal layer stage part=decode layer=39 pos=19 tokens=1 compressor_indexer=0.551 ms
ds4: metal layer stage part=decode layer=39 pos=19 tokens=1 attention=0.351 ms
ds4: metal layer stage part=decode layer=39 pos=19 tokens=1 attn_output=0.422 ms
ds4: metal layer stage part=decode layer=39 pos=19 tokens=1 attn_hc_post=0.030 ms
ds4: metal layer stage part=decode layer=39 pos=19 tokens=1 ffn_hc_pre=0.224 ms
ds4: metal layer stage part=decode layer=39 pos=19 tokens=1 ffn_norm=0.026 ms
ds4: metal layer stage part=decode layer=39 pos=19 tokens=1 router=0.241 ms
ds4: metal layer stage part=decode layer=39 pos=19 tokens=1 routed_moe=0.468 ms
ds4: metal layer stage part=decode layer=39 pos=19 tokens=1 shared_gate_up=0.342 ms
ds4: metal layer stage part=decode layer=39 pos=19 tokens=1 shared_down=0.246 ms
ds4: metal layer stage part=decode layer=39 pos=19 tokens=1 ffn_hc_post=0.030 ms
ds4: metal layer stage part=decode layer=40 pos=19 tokens=1 attn_hc_pre=0.221 ms
ds4: metal layer stage part=decode layer=40 pos=19 tokens=1 attn_norm=0.030 ms
ds4: metal layer stage part=decode layer=40 pos=19 tokens=1 q_path=0.303 ms
ds4: metal layer stage part=decode layer=40 pos=19 tokens=1 kv_path=0.286 ms
ds4: metal layer stage part=decode layer=40 pos=19 tokens=1 compressor_indexer=0.363 ms
ds4: metal layer stage part=decode layer=40 pos=19 tokens=1 attention=0.243 ms
ds4: metal layer stage part=decode layer=40 pos=19 tokens=1 attn_output=0.343 ms
ds4: metal layer stage part=decode layer=40 pos=19 tokens=1 attn_hc_post=0.026 ms
ds4: metal layer stage part=decode layer=40 pos=19 tokens=1 ffn_hc_pre=0.230 ms
ds4: metal layer stage part=decode layer=40 pos=19 tokens=1 ffn_norm=0.033 ms
ds4: metal layer stage part=decode layer=40 pos=19 tokens=1 router=0.226 ms
ds4: metal layer stage part=decode layer=40 pos=19 tokens=1 routed_moe=0.821 ms
ds4: metal layer stage part=decode layer=40 pos=19 tokens=1 shared_gate_up=0.217 ms
ds4: metal layer stage part=decode layer=40 pos=19 tokens=1 shared_down=0.268 ms
ds4: metal layer stage part=decode layer=40 pos=19 tokens=1 ffn_hc_post=0.031 ms
ds4: metal layer stage part=decode layer=41 pos=19 tokens=1 attn_hc_pre=0.219 ms
ds4: metal layer stage part=decode layer=41 pos=19 tokens=1 attn_norm=0.027 ms
ds4: metal layer stage part=decode layer=41 pos=19 tokens=1 q_path=0.333 ms
ds4: metal layer stage part=decode layer=41 pos=19 tokens=1 kv_path=0.255 ms
ds4: metal layer stage part=decode layer=41 pos=19 tokens=1 compressor_indexer=0.262 ms
ds4: metal layer stage part=decode layer=41 pos=19 tokens=1 attention=0.292 ms
ds4: metal layer stage part=decode layer=41 pos=19 tokens=1 attn_output=0.340 ms
ds4: metal layer stage part=decode layer=41 pos=19 tokens=1 attn_hc_post=0.030 ms
ds4: metal layer stage part=decode layer=41 pos=19 tokens=1 ffn_hc_pre=0.195 ms
ds4: metal layer stage part=decode layer=41 pos=19 tokens=1 ffn_norm=0.024 ms
ds4: metal layer stage part=decode layer=41 pos=19 tokens=1 router=0.189 ms
ds4: metal layer stage part=decode layer=41 pos=19 tokens=1 routed_moe=0.356 ms
ds4: metal layer stage part=decode layer=41 pos=19 tokens=1 shared_gate_up=0.232 ms
ds4: metal layer stage part=decode layer=41 pos=19 tokens=1 shared_down=0.211 ms
ds4: metal layer stage part=decode layer=41 pos=19 tokens=1 ffn_hc_post=0.024 ms
ds4: metal layer stage part=decode layer=42 pos=19 tokens=1 attn_hc_pre=0.202 ms
ds4: metal layer stage part=decode layer=42 pos=19 tokens=1 attn_norm=0.025 ms
ds4: metal layer stage part=decode layer=42 pos=19 tokens=1 q_path=0.295 ms
ds4: metal layer stage part=decode layer=42 pos=19 tokens=1 kv_path=0.216 ms
ds4: metal layer stage part=decode layer=42 pos=19 tokens=1 compressor_indexer=0.312 ms
ds4: metal layer stage part=decode layer=42 pos=19 tokens=1 attention=0.241 ms
ds4: metal layer stage part=decode layer=42 pos=19 tokens=1 attn_output=0.342 ms
ds4: metal layer stage part=decode layer=42 pos=19 tokens=1 attn_hc_post=0.025 ms
ds4: metal layer stage part=decode layer=42 pos=19 tokens=1 ffn_hc_pre=0.238 ms
ds4: metal layer stage part=decode layer=42 pos=19 tokens=1 ffn_norm=0.029 ms
ds4: metal layer stage part=decode layer=42 pos=19 tokens=1 router=0.243 ms
ds4: metal layer stage part=decode layer=42 pos=19 tokens=1 routed_moe=0.387 ms
ds4: metal layer stage part=decode layer=42 pos=19 tokens=1 shared_gate_up=0.254 ms
ds4: metal layer stage part=decode layer=42 pos=19 tokens=1 shared_down=0.238 ms
ds4: metal layer stage part=decode layer=42 pos=19 tokens=1 ffn_hc_post=0.028 ms
ds4: metal layer stage part=decode layer=0 pos=20 tokens=1 attn_hc_pre=0.193 ms
ds4: metal layer stage part=decode layer=0 pos=20 tokens=1 attn_norm=0.036 ms
ds4: metal layer stage part=decode layer=0 pos=20 tokens=1 q_path=0.290 ms
ds4: metal layer stage part=decode layer=0 pos=20 tokens=1 kv_path=0.205 ms
ds4: metal layer stage part=decode layer=0 pos=20 tokens=1 compressor_indexer=0.028 ms
ds4: metal layer stage part=decode layer=0 pos=20 tokens=1 attention=0.254 ms
ds4: metal layer stage part=decode layer=0 pos=20 tokens=1 attn_output=0.359 ms
ds4: metal layer stage part=decode layer=0 pos=20 tokens=1 attn_hc_post=0.023 ms
ds4: metal layer stage part=decode layer=0 pos=21 tokens=1 attn_hc_pre=0.263 ms
ds4: metal layer stage part=decode layer=0 pos=21 tokens=1 attn_norm=0.031 ms
ds4: metal layer stage part=decode layer=0 pos=21 tokens=1 q_path=0.311 ms
ds4: metal layer stage part=decode layer=0 pos=21 tokens=1 kv_path=0.268 ms
ds4: metal layer stage part=decode layer=0 pos=21 tokens=1 compressor_indexer=0.025 ms
ds4: metal layer stage part=decode layer=0 pos=21 tokens=1 attention=0.261 ms
ds4: metal layer stage part=decode layer=0 pos=21 tokens=1 attn_output=0.354 ms
ds4: metal layer stage part=decode layer=0 pos=21 tokens=1 attn_hc_post=0.030 ms
ds4: metal layer stage part=ffn layer=0 pos=20 tokens=2 hc_pre=0.199 ms
ds4: metal layer stage part=ffn layer=0 pos=20 tokens=2 norm=0.028 ms
ds4: metal layer stage part=ffn layer=0 pos=20 tokens=2 router=0.214 ms
ds4: speculative sidecar verifier: resident slot-bank tiny batch path engaged (n_tokens<=5, slot id == expert id)
ds4: metal layer stage part=ffn layer=0 pos=20 tokens=2 routed_moe=0.605 ms
ds4: metal layer stage part=ffn layer=0 pos=20 tokens=2 shared_gate_up=0.419 ms
ds4: metal layer stage part=ffn layer=0 pos=20 tokens=2 shared_down=0.320 ms
ds4: metal layer stage part=ffn layer=0 pos=20 tokens=2 hc_post=0.025 ms
ds4: metal layer stage part=decode layer=1 pos=20 tokens=1 attn_hc_pre=0.348 ms
ds4: metal layer stage part=decode layer=1 pos=20 tokens=1 attn_norm=0.024 ms
ds4: metal layer stage part=decode layer=1 pos=20 tokens=1 q_path=0.358 ms
ds4: metal layer stage part=decode layer=1 pos=20 tokens=1 kv_path=0.219 ms
ds4: metal layer stage part=decode layer=1 pos=20 tokens=1 compressor_indexer=0.027 ms
ds4: metal layer stage part=decode layer=1 pos=20 tokens=1 attention=0.235 ms
ds4: metal layer stage part=decode layer=1 pos=20 tokens=1 attn_output=0.370 ms
ds4: metal layer stage part=decode layer=1 pos=20 tokens=1 attn_hc_post=0.028 ms
ds4: metal layer stage part=decode layer=1 pos=21 tokens=1 attn_hc_pre=0.240 ms
ds4: metal layer stage part=decode layer=1 pos=21 tokens=1 attn_norm=0.026 ms
ds4: metal layer stage part=decode layer=1 pos=21 tokens=1 q_path=0.297 ms
ds4: metal layer stage part=decode layer=1 pos=21 tokens=1 kv_path=0.281 ms
ds4: metal layer stage part=decode layer=1 pos=21 tokens=1 compressor_indexer=0.025 ms
ds4: metal layer stage part=decode layer=1 pos=21 tokens=1 attention=0.257 ms
ds4: metal layer stage part=decode layer=1 pos=21 tokens=1 attn_output=0.389 ms
ds4: metal layer stage part=decode layer=1 pos=21 tokens=1 attn_hc_post=0.023 ms
ds4: metal layer stage part=ffn layer=1 pos=20 tokens=2 hc_pre=0.258 ms
ds4: metal layer stage part=ffn layer=1 pos=20 tokens=2 norm=0.024 ms
ds4: metal layer stage part=ffn layer=1 pos=20 tokens=2 router=0.246 ms
ds4: metal layer stage part=ffn layer=1 pos=20 tokens=2 routed_moe=0.468 ms
ds4: metal layer stage part=ffn layer=1 pos=20 tokens=2 shared_gate_up=0.336 ms
ds4: metal layer stage part=ffn layer=1 pos=20 tokens=2 shared_down=0.284 ms
ds4: metal layer stage part=ffn layer=1 pos=20 tokens=2 hc_post=0.028 ms
ds4: metal layer stage part=decode layer=2 pos=20 tokens=1 attn_hc_pre=0.322 ms
ds4: metal layer stage part=decode layer=2 pos=20 tokens=1 attn_norm=0.027 ms
ds4: metal layer stage part=decode layer=2 pos=20 tokens=1 q_path=0.271 ms
ds4: metal layer stage part=decode layer=2 pos=20 tokens=1 kv_path=0.224 ms
ds4: metal layer stage part=decode layer=2 pos=20 tokens=1 compressor_indexer=0.261 ms
ds4: metal layer stage part=decode layer=2 pos=20 tokens=1 attention=0.278 ms
ds4: metal layer stage part=decode layer=2 pos=20 tokens=1 attn_output=0.341 ms
ds4: metal layer stage part=decode layer=2 pos=20 tokens=1 attn_hc_post=0.034 ms
ds4: metal layer stage part=decode layer=2 pos=21 tokens=1 attn_hc_pre=0.230 ms
ds4: metal layer stage part=decode layer=2 pos=21 tokens=1 attn_norm=0.025 ms
ds4: metal layer stage part=decode layer=2 pos=21 tokens=1 q_path=0.312 ms
ds4: metal layer stage part=decode layer=2 pos=21 tokens=1 kv_path=0.264 ms
ds4: metal layer stage part=decode layer=2 pos=21 tokens=1 compressor_indexer=0.280 ms
ds4: metal layer stage part=decode layer=2 pos=21 tokens=1 attention=0.277 ms
ds4: metal layer stage part=decode layer=2 pos=21 tokens=1 attn_output=0.355 ms
ds4: metal layer stage part=decode layer=2 pos=21 tokens=1 attn_hc_post=0.025 ms
ds4: metal layer stage part=ffn layer=2 pos=20 tokens=2 hc_pre=0.273 ms
ds4: metal layer stage part=ffn layer=2 pos=20 tokens=2 norm=0.023 ms
ds4: metal layer stage part=ffn layer=2 pos=20 tokens=2 router=0.251 ms
ds4: metal layer stage part=ffn layer=2 pos=20 tokens=2 routed_moe=0.455 ms
ds4: metal layer stage part=ffn layer=2 pos=20 tokens=2 shared_gate_up=0.359 ms
ds4: metal layer stage part=ffn layer=2 pos=20 tokens=2 shared_down=0.312 ms
ds4: metal layer stage part=ffn layer=2 pos=20 tokens=2 hc_post=0.024 ms
ds4: metal layer stage part=decode layer=3 pos=20 tokens=1 attn_hc_pre=0.214 ms
ds4: metal layer stage part=decode layer=3 pos=20 tokens=1 attn_norm=0.029 ms
ds4: metal layer stage part=decode layer=3 pos=20 tokens=1 q_path=0.285 ms
ds4: metal layer stage part=decode layer=3 pos=20 tokens=1 kv_path=0.210 ms
ds4: metal layer stage part=decode layer=3 pos=20 tokens=1 compressor_indexer=0.256 ms
ds4: metal layer stage part=decode layer=3 pos=20 tokens=1 attention=0.288 ms
ds4: metal layer stage part=decode layer=3 pos=20 tokens=1 attn_output=0.353 ms
ds4: metal layer stage part=decode layer=3 pos=20 tokens=1 attn_hc_post=0.024 ms
ds4: metal layer stage part=decode layer=3 pos=21 tokens=1 attn_hc_pre=0.267 ms
ds4: metal layer stage part=decode layer=3 pos=21 tokens=1 attn_norm=0.023 ms
ds4: metal layer stage part=decode layer=3 pos=21 tokens=1 q_path=0.310 ms
ds4: metal layer stage part=decode layer=3 pos=21 tokens=1 kv_path=0.263 ms
ds4: metal layer stage part=decode layer=3 pos=21 tokens=1 compressor_indexer=0.257 ms
ds4: metal layer stage part=decode layer=3 pos=21 tokens=1 attention=0.284 ms
ds4: metal layer stage part=decode layer=3 pos=21 tokens=1 attn_output=0.440 ms
ds4: metal layer stage part=decode layer=3 pos=21 tokens=1 attn_hc_post=0.025 ms
ds4: metal layer stage part=ffn layer=3 pos=20 tokens=2 hc_pre=0.244 ms
ds4: metal layer stage part=ffn layer=3 pos=20 tokens=2 norm=0.029 ms
ds4: metal layer stage part=ffn layer=3 pos=20 tokens=2 router=0.235 ms
ds4: metal layer stage part=ffn layer=3 pos=20 tokens=2 routed_moe=0.473 ms
ds4: metal layer stage part=ffn layer=3 pos=20 tokens=2 shared_gate_up=0.303 ms
ds4: metal layer stage part=ffn layer=3 pos=20 tokens=2 shared_down=0.248 ms
ds4: metal layer stage part=ffn layer=3 pos=20 tokens=2 hc_post=0.032 ms
ds4: metal layer stage part=decode layer=4 pos=20 tokens=1 attn_hc_pre=0.208 ms
ds4: metal layer stage part=decode layer=4 pos=20 tokens=1 attn_norm=0.031 ms
ds4: metal layer stage part=decode layer=4 pos=20 tokens=1 q_path=0.305 ms
ds4: metal layer stage part=decode layer=4 pos=20 tokens=1 kv_path=0.276 ms
ds4: metal layer stage part=decode layer=4 pos=20 tokens=1 compressor_indexer=0.290 ms
ds4: metal layer stage part=decode layer=4 pos=20 tokens=1 attention=0.242 ms
ds4: metal layer stage part=decode layer=4 pos=20 tokens=1 attn_output=0.343 ms
ds4: metal layer stage part=decode layer=4 pos=20 tokens=1 attn_hc_post=0.031 ms
ds4: metal layer stage part=decode layer=4 pos=21 tokens=1 attn_hc_pre=0.207 ms
ds4: metal layer stage part=decode layer=4 pos=21 tokens=1 attn_norm=0.020 ms
ds4: metal layer stage part=decode layer=4 pos=21 tokens=1 q_path=0.272 ms
ds4: metal layer stage part=decode layer=4 pos=21 tokens=1 kv_path=0.193 ms
ds4: metal layer stage part=decode layer=4 pos=21 tokens=1 compressor_indexer=0.255 ms
ds4: metal layer stage part=decode layer=4 pos=21 tokens=1 attention=0.272 ms
ds4: metal layer stage part=decode layer=4 pos=21 tokens=1 attn_output=0.339 ms
ds4: metal layer stage part=decode layer=4 pos=21 tokens=1 attn_hc_post=0.023 ms
ds4: metal layer stage part=ffn layer=4 pos=20 tokens=2 hc_pre=0.269 ms
ds4: metal layer stage part=ffn layer=4 pos=20 tokens=2 norm=0.021 ms
ds4: metal layer stage part=ffn layer=4 pos=20 tokens=2 router=0.261 ms
ds4: metal layer stage part=ffn layer=4 pos=20 tokens=2 routed_moe=0.475 ms
ds4: metal layer stage part=ffn layer=4 pos=20 tokens=2 shared_gate_up=0.303 ms
ds4: metal layer stage part=ffn layer=4 pos=20 tokens=2 shared_down=0.306 ms
ds4: metal layer stage part=ffn layer=4 pos=20 tokens=2 hc_post=0.023 ms
ds4: metal layer stage part=decode layer=5 pos=20 tokens=1 attn_hc_pre=0.244 ms
ds4: metal layer stage part=decode layer=5 pos=20 tokens=1 attn_norm=0.026 ms
ds4: metal layer stage part=decode layer=5 pos=20 tokens=1 q_path=0.323 ms
ds4: metal layer stage part=decode layer=5 pos=20 tokens=1 kv_path=0.201 ms
ds4: metal layer stage part=decode layer=5 pos=20 tokens=1 compressor_indexer=0.244 ms
ds4: metal layer stage part=decode layer=5 pos=20 tokens=1 attention=0.292 ms
ds4: metal layer stage part=decode layer=5 pos=20 tokens=1 attn_output=0.425 ms
ds4: metal layer stage part=decode layer=5 pos=20 tokens=1 attn_hc_post=0.022 ms
ds4: metal layer stage part=decode layer=5 pos=21 tokens=1 attn_hc_pre=0.252 ms
ds4: metal layer stage part=decode layer=5 pos=21 tokens=1 attn_norm=0.026 ms
ds4: metal layer stage part=decode layer=5 pos=21 tokens=1 q_path=0.364 ms
ds4: metal layer stage part=decode layer=5 pos=21 tokens=1 kv_path=0.201 ms
ds4: metal layer stage part=decode layer=5 pos=21 tokens=1 compressor_indexer=0.219 ms
ds4: metal layer stage part=decode layer=5 pos=21 tokens=1 attention=0.324 ms
ds4: metal layer stage part=decode layer=5 pos=21 tokens=1 attn_output=0.344 ms
ds4: metal layer stage part=decode layer=5 pos=21 tokens=1 attn_hc_post=0.022 ms
ds4: metal layer stage part=ffn layer=5 pos=20 tokens=2 hc_pre=0.280 ms
ds4: metal layer stage part=ffn layer=5 pos=20 tokens=2 norm=0.022 ms
ds4: metal layer stage part=ffn layer=5 pos=20 tokens=2 router=0.269 ms
ds4: metal layer stage part=ffn layer=5 pos=20 tokens=2 routed_moe=0.463 ms
ds4: metal layer stage part=ffn layer=5 pos=20 tokens=2 shared_gate_up=0.300 ms
ds4: metal layer stage part=ffn layer=5 pos=20 tokens=2 shared_down=0.320 ms
ds4: metal layer stage part=ffn layer=5 pos=20 tokens=2 hc_post=0.019 ms
ds4: metal layer stage part=decode layer=6 pos=20 tokens=1 attn_hc_pre=0.255 ms
ds4: metal layer stage part=decode layer=6 pos=20 tokens=1 attn_norm=0.022 ms
ds4: metal layer stage part=decode layer=6 pos=20 tokens=1 q_path=0.296 ms
ds4: metal layer stage part=decode layer=6 pos=20 tokens=1 kv_path=0.230 ms
ds4: metal layer stage part=decode layer=6 pos=20 tokens=1 compressor_indexer=0.257 ms
ds4: metal layer stage part=decode layer=6 pos=20 tokens=1 attention=0.270 ms
ds4: metal layer stage part=decode layer=6 pos=20 tokens=1 attn_output=0.352 ms
ds4: metal layer stage part=decode layer=6 pos=20 tokens=1 attn_hc_post=0.027 ms
ds4: metal layer stage part=decode layer=6 pos=21 tokens=1 attn_hc_pre=0.255 ms
ds4: metal layer stage part=decode layer=6 pos=21 tokens=1 attn_norm=0.022 ms
ds4: metal layer stage part=decode layer=6 pos=21 tokens=1 q_path=0.312 ms
ds4: metal layer stage part=decode layer=6 pos=21 tokens=1 kv_path=0.292 ms
ds4: metal layer stage part=decode layer=6 pos=21 tokens=1 compressor_indexer=0.269 ms
ds4: metal layer stage part=decode layer=6 pos=21 tokens=1 attention=0.271 ms
ds4: metal layer stage part=decode layer=6 pos=21 tokens=1 attn_output=0.342 ms
ds4: metal layer stage part=decode layer=6 pos=21 tokens=1 attn_hc_post=0.022 ms
ds4: metal layer stage part=ffn layer=6 pos=20 tokens=2 hc_pre=0.303 ms
ds4: metal layer stage part=ffn layer=6 pos=20 tokens=2 norm=0.021 ms
ds4: metal layer stage part=ffn layer=6 pos=20 tokens=2 router=0.258 ms
ds4: metal layer stage part=ffn layer=6 pos=20 tokens=2 routed_moe=0.462 ms
ds4: metal layer stage part=ffn layer=6 pos=20 tokens=2 shared_gate_up=0.305 ms
ds4: metal layer stage part=ffn layer=6 pos=20 tokens=2 shared_down=0.298 ms
ds4: metal layer stage part=ffn layer=6 pos=20 tokens=2 hc_post=0.024 ms
ds4: metal layer stage part=decode layer=7 pos=20 tokens=1 attn_hc_pre=0.267 ms
ds4: metal layer stage part=decode layer=7 pos=20 tokens=1 attn_norm=0.039 ms
ds4: metal layer stage part=decode layer=7 pos=20 tokens=1 q_path=0.289 ms
ds4: metal layer stage part=decode layer=7 pos=20 tokens=1 kv_path=0.216 ms
ds4: metal layer stage part=decode layer=7 pos=20 tokens=1 compressor_indexer=0.220 ms
ds4: metal layer stage part=decode layer=7 pos=20 tokens=1 attention=0.292 ms
ds4: metal layer stage part=decode layer=7 pos=20 tokens=1 attn_output=0.360 ms
ds4: metal layer stage part=decode layer=7 pos=20 tokens=1 attn_hc_post=0.027 ms
ds4: metal layer stage part=decode layer=7 pos=21 tokens=1 attn_hc_pre=0.273 ms
ds4: metal layer stage part=decode layer=7 pos=21 tokens=1 attn_norm=0.025 ms
ds4: metal layer stage part=decode layer=7 pos=21 tokens=1 q_path=0.298 ms
ds4: metal layer stage part=decode layer=7 pos=21 tokens=1 kv_path=0.296 ms
ds4: metal layer stage part=decode layer=7 pos=21 tokens=1 compressor_indexer=0.260 ms
ds4: metal layer stage part=decode layer=7 pos=21 tokens=1 attention=0.270 ms
ds4: metal layer stage part=decode layer=7 pos=21 tokens=1 attn_output=0.345 ms
ds4: metal layer stage part=decode layer=7 pos=21 tokens=1 attn_hc_post=0.025 ms
ds4: metal layer stage part=ffn layer=7 pos=20 tokens=2 hc_pre=0.226 ms
ds4: metal layer stage part=ffn layer=7 pos=20 tokens=2 norm=0.022 ms
ds4: metal layer stage part=ffn layer=7 pos=20 tokens=2 router=0.229 ms
ds4: metal layer stage part=ffn layer=7 pos=20 tokens=2 routed_moe=0.410 ms
ds4: metal layer stage part=ffn layer=7 pos=20 tokens=2 shared_gate_up=0.316 ms
ds4: metal layer stage part=ffn layer=7 pos=20 tokens=2 shared_down=0.224 ms
ds4: metal layer stage part=ffn layer=7 pos=20 tokens=2 hc_post=0.022 ms
ds4: metal layer stage part=decode layer=8 pos=20 tokens=1 attn_hc_pre=0.225 ms
ds4: metal layer stage part=decode layer=8 pos=20 tokens=1 attn_norm=0.024 ms
ds4: metal layer stage part=decode layer=8 pos=20 tokens=1 q_path=0.323 ms
ds4: metal layer stage part=decode layer=8 pos=20 tokens=1 kv_path=0.207 ms
ds4: metal layer stage part=decode layer=8 pos=20 tokens=1 compressor_indexer=0.242 ms
ds4: metal layer stage part=decode layer=8 pos=20 tokens=1 attention=0.255 ms
ds4: metal layer stage part=decode layer=8 pos=20 tokens=1 attn_output=0.388 ms
ds4: metal layer stage part=decode layer=8 pos=20 tokens=1 attn_hc_post=0.029 ms
ds4: metal layer stage part=decode layer=8 pos=21 tokens=1 attn_hc_pre=0.258 ms
ds4: metal layer stage part=decode layer=8 pos=21 tokens=1 attn_norm=0.023 ms
ds4: metal layer stage part=decode layer=8 pos=21 tokens=1 q_path=0.310 ms
ds4: metal layer stage part=decode layer=8 pos=21 tokens=1 kv_path=0.274 ms
ds4: metal layer stage part=decode layer=8 pos=21 tokens=1 compressor_indexer=0.361 ms
ds4: metal layer stage part=decode layer=8 pos=21 tokens=1 attention=0.247 ms
ds4: metal layer stage part=decode layer=8 pos=21 tokens=1 attn_output=0.345 ms
ds4: metal layer stage part=decode layer=8 pos=21 tokens=1 attn_hc_post=0.032 ms
ds4: metal layer stage part=ffn layer=8 pos=20 tokens=2 hc_pre=0.250 ms
ds4: metal layer stage part=ffn layer=8 pos=20 tokens=2 norm=0.026 ms
ds4: metal layer stage part=ffn layer=8 pos=20 tokens=2 router=0.278 ms
ds4: metal layer stage part=ffn layer=8 pos=20 tokens=2 routed_moe=0.474 ms
ds4: metal layer stage part=ffn layer=8 pos=20 tokens=2 shared_gate_up=0.273 ms
ds4: metal layer stage part=ffn layer=8 pos=20 tokens=2 shared_down=0.308 ms
ds4: metal layer stage part=ffn layer=8 pos=20 tokens=2 hc_post=0.027 ms
ds4: metal layer stage part=decode layer=9 pos=20 tokens=1 attn_hc_pre=0.229 ms
ds4: metal layer stage part=decode layer=9 pos=20 tokens=1 attn_norm=0.025 ms
ds4: metal layer stage part=decode layer=9 pos=20 tokens=1 q_path=0.294 ms
ds4: metal layer stage part=decode layer=9 pos=20 tokens=1 kv_path=0.197 ms
ds4: metal layer stage part=decode layer=9 pos=20 tokens=1 compressor_indexer=0.258 ms
ds4: metal layer stage part=decode layer=9 pos=20 tokens=1 attention=0.305 ms
ds4: metal layer stage part=decode layer=9 pos=20 tokens=1 attn_output=0.353 ms
ds4: metal layer stage part=decode layer=9 pos=20 tokens=1 attn_hc_post=0.024 ms
ds4: metal layer stage part=decode layer=9 pos=21 tokens=1 attn_hc_pre=0.257 ms
ds4: metal layer stage part=decode layer=9 pos=21 tokens=1 attn_norm=0.024 ms
ds4: metal layer stage part=decode layer=9 pos=21 tokens=1 q_path=0.329 ms
ds4: metal layer stage part=decode layer=9 pos=21 tokens=1 kv_path=0.271 ms
ds4: metal layer stage part=decode layer=9 pos=21 tokens=1 compressor_indexer=0.268 ms
ds4: metal layer stage part=decode layer=9 pos=21 tokens=1 attention=0.286 ms
ds4: metal layer stage part=decode layer=9 pos=21 tokens=1 attn_output=0.340 ms
ds4: metal layer stage part=decode layer=9 pos=21 tokens=1 attn_hc_post=0.033 ms
ds4: metal layer stage part=ffn layer=9 pos=20 tokens=2 hc_pre=0.295 ms
ds4: metal layer stage part=ffn layer=9 pos=20 tokens=2 norm=0.024 ms
ds4: metal layer stage part=ffn layer=9 pos=20 tokens=2 router=0.255 ms
ds4: metal layer stage part=ffn layer=9 pos=20 tokens=2 routed_moe=0.466 ms
ds4: metal layer stage part=ffn layer=9 pos=20 tokens=2 shared_gate_up=0.290 ms
ds4: metal layer stage part=ffn layer=9 pos=20 tokens=2 shared_down=0.249 ms
ds4: metal layer stage part=ffn layer=9 pos=20 tokens=2 hc_post=0.027 ms
ds4: metal layer stage part=decode layer=10 pos=20 tokens=1 attn_hc_pre=0.215 ms
ds4: metal layer stage part=decode layer=10 pos=20 tokens=1 attn_norm=0.029 ms
ds4: metal layer stage part=decode layer=10 pos=20 tokens=1 q_path=0.317 ms
ds4: metal layer stage part=decode layer=10 pos=20 tokens=1 kv_path=0.339 ms
ds4: metal layer stage part=decode layer=10 pos=20 tokens=1 compressor_indexer=0.232 ms
ds4: metal layer stage part=decode layer=10 pos=20 tokens=1 attention=0.264 ms
ds4: metal layer stage part=decode layer=10 pos=20 tokens=1 attn_output=0.346 ms
ds4: metal layer stage part=decode layer=10 pos=20 tokens=1 attn_hc_post=0.026 ms
ds4: metal layer stage part=decode layer=10 pos=21 tokens=1 attn_hc_pre=0.253 ms
ds4: metal layer stage part=decode layer=10 pos=21 tokens=1 attn_norm=0.021 ms
ds4: metal layer stage part=decode layer=10 pos=21 tokens=1 q_path=0.317 ms
ds4: metal layer stage part=decode layer=10 pos=21 tokens=1 kv_path=0.285 ms
ds4: metal layer stage part=decode layer=10 pos=21 tokens=1 compressor_indexer=0.289 ms
ds4: metal layer stage part=decode layer=10 pos=21 tokens=1 attention=0.251 ms
ds4: metal layer stage part=decode layer=10 pos=21 tokens=1 attn_output=0.346 ms
ds4: metal layer stage part=decode layer=10 pos=21 tokens=1 attn_hc_post=0.025 ms
ds4: metal layer stage part=ffn layer=10 pos=20 tokens=2 hc_pre=0.221 ms
ds4: metal layer stage part=ffn layer=10 pos=20 tokens=2 norm=0.029 ms
ds4: metal layer stage part=ffn layer=10 pos=20 tokens=2 router=0.206 ms
ds4: metal layer stage part=ffn layer=10 pos=20 tokens=2 routed_moe=0.416 ms
ds4: metal layer stage part=ffn layer=10 pos=20 tokens=2 shared_gate_up=0.333 ms
ds4: metal layer stage part=ffn layer=10 pos=20 tokens=2 shared_down=0.241 ms
ds4: metal layer stage part=ffn layer=10 pos=20 tokens=2 hc_post=0.033 ms
ds4: metal layer stage part=decode layer=11 pos=20 tokens=1 attn_hc_pre=0.208 ms
ds4: metal layer stage part=decode layer=11 pos=20 tokens=1 attn_norm=0.033 ms
ds4: metal layer stage part=decode layer=11 pos=20 tokens=1 q_path=0.333 ms
ds4: metal layer stage part=decode layer=11 pos=20 tokens=1 kv_path=0.224 ms
ds4: metal layer stage part=decode layer=11 pos=20 tokens=1 compressor_indexer=0.209 ms
ds4: metal layer stage part=decode layer=11 pos=20 tokens=1 attention=0.272 ms
ds4: metal layer stage part=decode layer=11 pos=20 tokens=1 attn_output=0.354 ms
ds4: metal layer stage part=decode layer=11 pos=20 tokens=1 attn_hc_post=0.029 ms
ds4: metal layer stage part=decode layer=11 pos=21 tokens=1 attn_hc_pre=0.272 ms
ds4: metal layer stage part=decode layer=11 pos=21 tokens=1 attn_norm=0.022 ms
ds4: metal layer stage part=decode layer=11 pos=21 tokens=1 q_path=0.310 ms
ds4: metal layer stage part=decode layer=11 pos=21 tokens=1 kv_path=0.268 ms
ds4: metal layer stage part=decode layer=11 pos=21 tokens=1 compressor_indexer=0.268 ms
ds4: metal layer stage part=decode layer=11 pos=21 tokens=1 attention=0.292 ms
ds4: metal layer stage part=decode layer=11 pos=21 tokens=1 attn_output=0.351 ms
ds4: metal layer stage part=decode layer=11 pos=21 tokens=1 attn_hc_post=0.023 ms
ds4: metal layer stage part=ffn layer=11 pos=20 tokens=2 hc_pre=0.279 ms
ds4: metal layer stage part=ffn layer=11 pos=20 tokens=2 norm=0.025 ms
ds4: metal layer stage part=ffn layer=11 pos=20 tokens=2 router=0.315 ms
ds4: metal layer stage part=ffn layer=11 pos=20 tokens=2 routed_moe=0.448 ms
ds4: metal layer stage part=ffn layer=11 pos=20 tokens=2 shared_gate_up=0.284 ms
ds4: metal layer stage part=ffn layer=11 pos=20 tokens=2 shared_down=0.288 ms
ds4: metal layer stage part=ffn layer=11 pos=20 tokens=2 hc_post=0.021 ms
ds4: metal layer stage part=decode layer=12 pos=20 tokens=1 attn_hc_pre=0.241 ms
ds4: metal layer stage part=decode layer=12 pos=20 tokens=1 attn_norm=0.025 ms
ds4: metal layer stage part=decode layer=12 pos=20 tokens=1 q_path=0.315 ms
ds4: metal layer stage part=decode layer=12 pos=20 tokens=1 kv_path=0.200 ms
ds4: metal layer stage part=decode layer=12 pos=20 tokens=1 compressor_indexer=0.297 ms
ds4: metal layer stage part=decode layer=12 pos=20 tokens=1 attention=0.245 ms
ds4: metal layer stage part=decode layer=12 pos=20 tokens=1 attn_output=0.349 ms
ds4: metal layer stage part=decode layer=12 pos=20 tokens=1 attn_hc_post=0.033 ms
ds4: metal layer stage part=decode layer=12 pos=21 tokens=1 attn_hc_pre=0.256 ms
ds4: metal layer stage part=decode layer=12 pos=21 tokens=1 attn_norm=0.027 ms
ds4: metal layer stage part=decode layer=12 pos=21 tokens=1 q_path=0.307 ms
ds4: metal layer stage part=decode layer=12 pos=21 tokens=1 kv_path=0.279 ms
ds4: metal layer stage part=decode layer=12 pos=21 tokens=1 compressor_indexer=0.293 ms
ds4: metal layer stage part=decode layer=12 pos=21 tokens=1 attention=0.280 ms
ds4: metal layer stage part=decode layer=12 pos=21 tokens=1 attn_output=0.341 ms
ds4: metal layer stage part=decode layer=12 pos=21 tokens=1 attn_hc_post=0.024 ms
ds4: metal layer stage part=ffn layer=12 pos=20 tokens=2 hc_pre=0.220 ms
ds4: metal layer stage part=ffn layer=12 pos=20 tokens=2 norm=0.030 ms
ds4: metal layer stage part=ffn layer=12 pos=20 tokens=2 router=0.218 ms
ds4: metal layer stage part=ffn layer=12 pos=20 tokens=2 routed_moe=0.404 ms
ds4: metal layer stage part=ffn layer=12 pos=20 tokens=2 shared_gate_up=0.324 ms
ds4: metal layer stage part=ffn layer=12 pos=20 tokens=2 shared_down=0.226 ms
ds4: metal layer stage part=ffn layer=12 pos=20 tokens=2 hc_post=0.024 ms
ds4: metal layer stage part=decode layer=13 pos=20 tokens=1 attn_hc_pre=0.207 ms
ds4: metal layer stage part=decode layer=13 pos=20 tokens=1 attn_norm=0.022 ms
ds4: metal layer stage part=decode layer=13 pos=20 tokens=1 q_path=0.298 ms
ds4: metal layer stage part=decode layer=13 pos=20 tokens=1 kv_path=0.219 ms
ds4: metal layer stage part=decode layer=13 pos=20 tokens=1 compressor_indexer=0.239 ms
ds4: metal layer stage part=decode layer=13 pos=20 tokens=1 attention=0.300 ms
ds4: metal layer stage part=decode layer=13 pos=20 tokens=1 attn_output=0.351 ms
ds4: metal layer stage part=decode layer=13 pos=20 tokens=1 attn_hc_post=0.022 ms
ds4: metal layer stage part=decode layer=13 pos=21 tokens=1 attn_hc_pre=0.185 ms
ds4: metal layer stage part=decode layer=13 pos=21 tokens=1 attn_norm=0.023 ms
ds4: metal layer stage part=decode layer=13 pos=21 tokens=1 q_path=0.264 ms
ds4: metal layer stage part=decode layer=13 pos=21 tokens=1 kv_path=0.206 ms
ds4: metal layer stage part=decode layer=13 pos=21 tokens=1 compressor_indexer=0.182 ms
ds4: metal layer stage part=decode layer=13 pos=21 tokens=1 attention=0.321 ms
ds4: metal layer stage part=decode layer=13 pos=21 tokens=1 attn_output=0.361 ms
ds4: metal layer stage part=decode layer=13 pos=21 tokens=1 attn_hc_post=0.031 ms
ds4: metal layer stage part=ffn layer=13 pos=20 tokens=2 hc_pre=0.276 ms
ds4: metal layer stage part=ffn layer=13 pos=20 tokens=2 norm=0.026 ms
ds4: metal layer stage part=ffn layer=13 pos=20 tokens=2 router=0.242 ms
ds4: metal layer stage part=ffn layer=13 pos=20 tokens=2 routed_moe=0.419 ms
ds4: metal layer stage part=ffn layer=13 pos=20 tokens=2 shared_gate_up=0.258 ms
ds4: metal layer stage part=ffn layer=13 pos=20 tokens=2 shared_down=0.208 ms
ds4: metal layer stage part=ffn layer=13 pos=20 tokens=2 hc_post=0.028 ms
ds4: metal layer stage part=decode layer=14 pos=20 tokens=1 attn_hc_pre=0.198 ms
ds4: metal layer stage part=decode layer=14 pos=20 tokens=1 attn_norm=0.032 ms
ds4: metal layer stage part=decode layer=14 pos=20 tokens=1 q_path=0.295 ms
ds4: metal layer stage part=decode layer=14 pos=20 tokens=1 kv_path=0.215 ms
ds4: metal layer stage part=decode layer=14 pos=20 tokens=1 compressor_indexer=0.238 ms
ds4: metal layer stage part=decode layer=14 pos=20 tokens=1 attention=0.277 ms
ds4: metal layer stage part=decode layer=14 pos=20 tokens=1 attn_output=0.377 ms
ds4: metal layer stage part=decode layer=14 pos=20 tokens=1 attn_hc_post=0.026 ms
ds4: metal layer stage part=decode layer=14 pos=21 tokens=1 attn_hc_pre=0.250 ms
ds4: metal layer stage part=decode layer=14 pos=21 tokens=1 attn_norm=0.027 ms
ds4: metal layer stage part=decode layer=14 pos=21 tokens=1 q_path=0.328 ms
ds4: metal layer stage part=decode layer=14 pos=21 tokens=1 kv_path=0.272 ms
ds4: metal layer stage part=decode layer=14 pos=21 tokens=1 compressor_indexer=0.292 ms
ds4: metal layer stage part=decode layer=14 pos=21 tokens=1 attention=0.255 ms
ds4: metal layer stage part=decode layer=14 pos=21 tokens=1 attn_output=0.352 ms
ds4: metal layer stage part=decode layer=14 pos=21 tokens=1 attn_hc_post=0.023 ms
ds4: metal layer stage part=ffn layer=14 pos=20 tokens=2 hc_pre=0.293 ms
ds4: metal layer stage part=ffn layer=14 pos=20 tokens=2 norm=0.022 ms
ds4: metal layer stage part=ffn layer=14 pos=20 tokens=2 router=0.259 ms
ds4: metal layer stage part=ffn layer=14 pos=20 tokens=2 routed_moe=0.465 ms
ds4: metal layer stage part=ffn layer=14 pos=20 tokens=2 shared_gate_up=0.304 ms
ds4: metal layer stage part=ffn layer=14 pos=20 tokens=2 shared_down=0.295 ms
ds4: metal layer stage part=ffn layer=14 pos=20 tokens=2 hc_post=0.025 ms
ds4: metal layer stage part=decode layer=15 pos=20 tokens=1 attn_hc_pre=0.263 ms
ds4: metal layer stage part=decode layer=15 pos=20 tokens=1 attn_norm=0.026 ms
ds4: metal layer stage part=decode layer=15 pos=20 tokens=1 q_path=0.297 ms
ds4: metal layer stage part=decode layer=15 pos=20 tokens=1 kv_path=0.357 ms
ds4: metal layer stage part=decode layer=15 pos=20 tokens=1 compressor_indexer=0.265 ms
ds4: metal layer stage part=decode layer=15 pos=20 tokens=1 attention=0.281 ms
ds4: metal layer stage part=decode layer=15 pos=20 tokens=1 attn_output=0.374 ms
ds4: metal layer stage part=decode layer=15 pos=20 tokens=1 attn_hc_post=0.024 ms
ds4: metal layer stage part=decode layer=15 pos=21 tokens=1 attn_hc_pre=0.229 ms
ds4: metal layer stage part=decode layer=15 pos=21 tokens=1 attn_norm=0.023 ms
ds4: metal layer stage part=decode layer=15 pos=21 tokens=1 q_path=0.282 ms
ds4: metal layer stage part=decode layer=15 pos=21 tokens=1 kv_path=0.215 ms
ds4: metal layer stage part=decode layer=15 pos=21 tokens=1 compressor_indexer=0.205 ms
ds4: metal layer stage part=decode layer=15 pos=21 tokens=1 attention=0.283 ms
ds4: metal layer stage part=decode layer=15 pos=21 tokens=1 attn_output=0.349 ms
ds4: metal layer stage part=decode layer=15 pos=21 tokens=1 attn_hc_post=0.024 ms
ds4: metal layer stage part=ffn layer=15 pos=20 tokens=2 hc_pre=0.224 ms
ds4: metal layer stage part=ffn layer=15 pos=20 tokens=2 norm=0.021 ms
ds4: metal layer stage part=ffn layer=15 pos=20 tokens=2 router=0.217 ms
ds4: metal layer stage part=ffn layer=15 pos=20 tokens=2 routed_moe=0.418 ms
ds4: metal layer stage part=ffn layer=15 pos=20 tokens=2 shared_gate_up=0.329 ms
ds4: metal layer stage part=ffn layer=15 pos=20 tokens=2 shared_down=0.238 ms
ds4: metal layer stage part=ffn layer=15 pos=20 tokens=2 hc_post=0.022 ms
ds4: metal layer stage part=decode layer=16 pos=20 tokens=1 attn_hc_pre=0.215 ms
ds4: metal layer stage part=decode layer=16 pos=20 tokens=1 attn_norm=0.026 ms
ds4: metal layer stage part=decode layer=16 pos=20 tokens=1 q_path=0.347 ms
ds4: metal layer stage part=decode layer=16 pos=20 tokens=1 kv_path=0.216 ms
ds4: metal layer stage part=decode layer=16 pos=20 tokens=1 compressor_indexer=0.259 ms
ds4: metal layer stage part=decode layer=16 pos=20 tokens=1 attention=0.240 ms
ds4: metal layer stage part=decode layer=16 pos=20 tokens=1 attn_output=0.346 ms
ds4: metal layer stage part=decode layer=16 pos=20 tokens=1 attn_hc_post=0.023 ms
ds4: metal layer stage part=decode layer=16 pos=21 tokens=1 attn_hc_pre=0.278 ms
ds4: metal layer stage part=decode layer=16 pos=21 tokens=1 attn_norm=0.025 ms
ds4: metal layer stage part=decode layer=16 pos=21 tokens=1 q_path=0.300 ms
ds4: metal layer stage part=decode layer=16 pos=21 tokens=1 kv_path=0.278 ms
ds4: metal layer stage part=decode layer=16 pos=21 tokens=1 compressor_indexer=0.288 ms
ds4: metal layer stage part=decode layer=16 pos=21 tokens=1 attention=0.250 ms
ds4: metal layer stage part=decode layer=16 pos=21 tokens=1 attn_output=0.350 ms
ds4: metal layer stage part=decode layer=16 pos=21 tokens=1 attn_hc_post=0.025 ms
ds4: metal layer stage part=ffn layer=16 pos=20 tokens=2 hc_pre=0.209 ms
ds4: metal layer stage part=ffn layer=16 pos=20 tokens=2 norm=0.023 ms
ds4: metal layer stage part=ffn layer=16 pos=20 tokens=2 router=0.237 ms
ds4: metal layer stage part=ffn layer=16 pos=20 tokens=2 routed_moe=0.451 ms
ds4: metal layer stage part=ffn layer=16 pos=20 tokens=2 shared_gate_up=0.253 ms
ds4: metal layer stage part=ffn layer=16 pos=20 tokens=2 shared_down=0.252 ms
ds4: metal layer stage part=ffn layer=16 pos=20 tokens=2 hc_post=0.024 ms
ds4: metal layer stage part=decode layer=17 pos=20 tokens=1 attn_hc_pre=0.215 ms
ds4: metal layer stage part=decode layer=17 pos=20 tokens=1 attn_norm=0.026 ms
ds4: metal layer stage part=decode layer=17 pos=20 tokens=1 q_path=0.322 ms
ds4: metal layer stage part=decode layer=17 pos=20 tokens=1 kv_path=0.208 ms
ds4: metal layer stage part=decode layer=17 pos=20 tokens=1 compressor_indexer=0.221 ms
ds4: metal layer stage part=decode layer=17 pos=20 tokens=1 attention=0.323 ms
ds4: metal layer stage part=decode layer=17 pos=20 tokens=1 attn_output=0.344 ms
ds4: metal layer stage part=decode layer=17 pos=20 tokens=1 attn_hc_post=0.023 ms
ds4: metal layer stage part=decode layer=17 pos=21 tokens=1 attn_hc_pre=0.263 ms
ds4: metal layer stage part=decode layer=17 pos=21 tokens=1 attn_norm=0.022 ms
ds4: metal layer stage part=decode layer=17 pos=21 tokens=1 q_path=0.315 ms
ds4: metal layer stage part=decode layer=17 pos=21 tokens=1 kv_path=0.285 ms
ds4: metal layer stage part=decode layer=17 pos=21 tokens=1 compressor_indexer=0.264 ms
ds4: metal layer stage part=decode layer=17 pos=21 tokens=1 attention=0.264 ms
ds4: metal layer stage part=decode layer=17 pos=21 tokens=1 attn_output=0.393 ms
ds4: metal layer stage part=decode layer=17 pos=21 tokens=1 attn_hc_post=0.031 ms
ds4: metal layer stage part=ffn layer=17 pos=20 tokens=2 hc_pre=0.261 ms
ds4: metal layer stage part=ffn layer=17 pos=20 tokens=2 norm=0.024 ms
ds4: metal layer stage part=ffn layer=17 pos=20 tokens=2 router=0.260 ms
ds4: metal layer stage part=ffn layer=17 pos=20 tokens=2 routed_moe=0.486 ms
ds4: metal layer stage part=ffn layer=17 pos=20 tokens=2 shared_gate_up=0.268 ms
ds4: metal layer stage part=ffn layer=17 pos=20 tokens=2 shared_down=0.251 ms
ds4: metal layer stage part=ffn layer=17 pos=20 tokens=2 hc_post=0.025 ms
ds4: metal layer stage part=decode layer=18 pos=20 tokens=1 attn_hc_pre=0.223 ms
ds4: metal layer stage part=decode layer=18 pos=20 tokens=1 attn_norm=0.027 ms
ds4: metal layer stage part=decode layer=18 pos=20 tokens=1 q_path=0.298 ms
ds4: metal layer stage part=decode layer=18 pos=20 tokens=1 kv_path=0.270 ms
ds4: metal layer stage part=decode layer=18 pos=20 tokens=1 compressor_indexer=0.307 ms
ds4: metal layer stage part=decode layer=18 pos=20 tokens=1 attention=0.259 ms
ds4: metal layer stage part=decode layer=18 pos=20 tokens=1 attn_output=0.353 ms
ds4: metal layer stage part=decode layer=18 pos=20 tokens=1 attn_hc_post=0.023 ms
ds4: metal layer stage part=decode layer=18 pos=21 tokens=1 attn_hc_pre=0.271 ms
ds4: metal layer stage part=decode layer=18 pos=21 tokens=1 attn_norm=0.028 ms
ds4: metal layer stage part=decode layer=18 pos=21 tokens=1 q_path=0.380 ms
ds4: metal layer stage part=decode layer=18 pos=21 tokens=1 kv_path=0.269 ms
ds4: metal layer stage part=decode layer=18 pos=21 tokens=1 compressor_indexer=0.232 ms
ds4: metal layer stage part=decode layer=18 pos=21 tokens=1 attention=0.251 ms
ds4: metal layer stage part=decode layer=18 pos=21 tokens=1 attn_output=0.370 ms
ds4: metal layer stage part=decode layer=18 pos=21 tokens=1 attn_hc_post=0.030 ms
ds4: metal layer stage part=ffn layer=18 pos=20 tokens=2 hc_pre=0.279 ms
ds4: metal layer stage part=ffn layer=18 pos=20 tokens=2 norm=0.030 ms
ds4: metal layer stage part=ffn layer=18 pos=20 tokens=2 router=0.256 ms
ds4: metal layer stage part=ffn layer=18 pos=20 tokens=2 routed_moe=0.480 ms
ds4: metal layer stage part=ffn layer=18 pos=20 tokens=2 shared_gate_up=0.282 ms
ds4: metal layer stage part=ffn layer=18 pos=20 tokens=2 shared_down=0.255 ms
ds4: metal layer stage part=ffn layer=18 pos=20 tokens=2 hc_post=0.024 ms
ds4: metal layer stage part=decode layer=19 pos=20 tokens=1 attn_hc_pre=0.227 ms
ds4: metal layer stage part=decode layer=19 pos=20 tokens=1 attn_norm=0.022 ms
ds4: metal layer stage part=decode layer=19 pos=20 tokens=1 q_path=0.304 ms
ds4: metal layer stage part=decode layer=19 pos=20 tokens=1 kv_path=0.275 ms
ds4: metal layer stage part=decode layer=19 pos=20 tokens=1 compressor_indexer=0.266 ms
ds4: metal layer stage part=decode layer=19 pos=20 tokens=1 attention=0.281 ms
ds4: metal layer stage part=decode layer=19 pos=20 tokens=1 attn_output=0.344 ms
ds4: metal layer stage part=decode layer=19 pos=20 tokens=1 attn_hc_post=0.021 ms
ds4: metal layer stage part=decode layer=19 pos=21 tokens=1 attn_hc_pre=0.294 ms
ds4: metal layer stage part=decode layer=19 pos=21 tokens=1 attn_norm=0.023 ms
ds4: metal layer stage part=decode layer=19 pos=21 tokens=1 q_path=0.297 ms
ds4: metal layer stage part=decode layer=19 pos=21 tokens=1 kv_path=0.266 ms
ds4: metal layer stage part=decode layer=19 pos=21 tokens=1 compressor_indexer=0.269 ms
ds4: metal layer stage part=decode layer=19 pos=21 tokens=1 attention=0.291 ms
ds4: metal layer stage part=decode layer=19 pos=21 tokens=1 attn_output=0.366 ms
ds4: metal layer stage part=decode layer=19 pos=21 tokens=1 attn_hc_post=0.025 ms
ds4: metal layer stage part=ffn layer=19 pos=20 tokens=2 hc_pre=0.282 ms
ds4: metal layer stage part=ffn layer=19 pos=20 tokens=2 norm=0.023 ms
ds4: metal layer stage part=ffn layer=19 pos=20 tokens=2 router=0.244 ms
ds4: metal layer stage part=ffn layer=19 pos=20 tokens=2 routed_moe=0.483 ms
ds4: metal layer stage part=ffn layer=19 pos=20 tokens=2 shared_gate_up=0.306 ms
ds4: metal layer stage part=ffn layer=19 pos=20 tokens=2 shared_down=0.259 ms
ds4: metal layer stage part=ffn layer=19 pos=20 tokens=2 hc_post=0.031 ms
ds4: metal layer stage part=decode layer=20 pos=20 tokens=1 attn_hc_pre=0.308 ms
ds4: metal layer stage part=decode layer=20 pos=20 tokens=1 attn_norm=0.031 ms
ds4: metal layer stage part=decode layer=20 pos=20 tokens=1 q_path=0.294 ms
ds4: metal layer stage part=decode layer=20 pos=20 tokens=1 kv_path=0.216 ms
ds4: metal layer stage part=decode layer=20 pos=20 tokens=1 compressor_indexer=0.246 ms
ds4: metal layer stage part=decode layer=20 pos=20 tokens=1 attention=0.256 ms
ds4: metal layer stage part=decode layer=20 pos=20 tokens=1 attn_output=0.364 ms
ds4: metal layer stage part=decode layer=20 pos=20 tokens=1 attn_hc_post=0.027 ms
ds4: metal layer stage part=decode layer=20 pos=21 tokens=1 attn_hc_pre=0.254 ms
ds4: metal layer stage part=decode layer=20 pos=21 tokens=1 attn_norm=0.026 ms
ds4: metal layer stage part=decode layer=20 pos=21 tokens=1 q_path=0.300 ms
ds4: metal layer stage part=decode layer=20 pos=21 tokens=1 kv_path=0.421 ms
ds4: metal layer stage part=decode layer=20 pos=21 tokens=1 compressor_indexer=0.649 ms
ds4: metal layer stage part=decode layer=20 pos=21 tokens=1 attention=0.287 ms
ds4: metal layer stage part=decode layer=20 pos=21 tokens=1 attn_output=0.390 ms
ds4: metal layer stage part=decode layer=20 pos=21 tokens=1 attn_hc_post=0.026 ms
ds4: metal layer stage part=ffn layer=20 pos=20 tokens=2 hc_pre=0.245 ms
ds4: metal layer stage part=ffn layer=20 pos=20 tokens=2 norm=0.028 ms
ds4: metal layer stage part=ffn layer=20 pos=20 tokens=2 router=0.247 ms
ds4: metal layer stage part=ffn layer=20 pos=20 tokens=2 routed_moe=0.458 ms
ds4: metal layer stage part=ffn layer=20 pos=20 tokens=2 shared_gate_up=0.336 ms
ds4: metal layer stage part=ffn layer=20 pos=20 tokens=2 shared_down=0.301 ms
ds4: metal layer stage part=ffn layer=20 pos=20 tokens=2 hc_post=0.021 ms
ds4: metal layer stage part=decode layer=21 pos=20 tokens=1 attn_hc_pre=0.261 ms
ds4: metal layer stage part=decode layer=21 pos=20 tokens=1 attn_norm=0.029 ms
ds4: metal layer stage part=decode layer=21 pos=20 tokens=1 q_path=0.288 ms
ds4: metal layer stage part=decode layer=21 pos=20 tokens=1 kv_path=0.211 ms
ds4: metal layer stage part=decode layer=21 pos=20 tokens=1 compressor_indexer=0.254 ms
ds4: metal layer stage part=decode layer=21 pos=20 tokens=1 attention=0.294 ms
ds4: metal layer stage part=decode layer=21 pos=20 tokens=1 attn_output=0.346 ms
ds4: metal layer stage part=decode layer=21 pos=20 tokens=1 attn_hc_post=0.025 ms
ds4: metal layer stage part=decode layer=21 pos=21 tokens=1 attn_hc_pre=0.257 ms
ds4: metal layer stage part=decode layer=21 pos=21 tokens=1 attn_norm=0.022 ms
ds4: metal layer stage part=decode layer=21 pos=21 tokens=1 q_path=0.305 ms
ds4: metal layer stage part=decode layer=21 pos=21 tokens=1 kv_path=0.300 ms
ds4: metal layer stage part=decode layer=21 pos=21 tokens=1 compressor_indexer=0.314 ms
ds4: metal layer stage part=decode layer=21 pos=21 tokens=1 attention=0.250 ms
ds4: metal layer stage part=decode layer=21 pos=21 tokens=1 attn_output=0.356 ms
ds4: metal layer stage part=decode layer=21 pos=21 tokens=1 attn_hc_post=0.029 ms
ds4: metal layer stage part=ffn layer=21 pos=20 tokens=2 hc_pre=0.266 ms
ds4: metal layer stage part=ffn layer=21 pos=20 tokens=2 norm=0.022 ms
ds4: metal layer stage part=ffn layer=21 pos=20 tokens=2 router=0.271 ms
ds4: metal layer stage part=ffn layer=21 pos=20 tokens=2 routed_moe=0.478 ms
ds4: metal layer stage part=ffn layer=21 pos=20 tokens=2 shared_gate_up=0.291 ms
ds4: metal layer stage part=ffn layer=21 pos=20 tokens=2 shared_down=0.290 ms
ds4: metal layer stage part=ffn layer=21 pos=20 tokens=2 hc_post=0.024 ms
ds4: metal layer stage part=decode layer=22 pos=20 tokens=1 attn_hc_pre=0.254 ms
ds4: metal layer stage part=decode layer=22 pos=20 tokens=1 attn_norm=0.032 ms
ds4: metal layer stage part=decode layer=22 pos=20 tokens=1 q_path=0.295 ms
ds4: metal layer stage part=decode layer=22 pos=20 tokens=1 kv_path=0.203 ms
ds4: metal layer stage part=decode layer=22 pos=20 tokens=1 compressor_indexer=0.285 ms
ds4: metal layer stage part=decode layer=22 pos=20 tokens=1 attention=0.262 ms
ds4: metal layer stage part=decode layer=22 pos=20 tokens=1 attn_output=0.350 ms
ds4: metal layer stage part=decode layer=22 pos=20 tokens=1 attn_hc_post=0.023 ms
ds4: metal layer stage part=decode layer=22 pos=21 tokens=1 attn_hc_pre=0.285 ms
ds4: metal layer stage part=decode layer=22 pos=21 tokens=1 attn_norm=0.023 ms
ds4: metal layer stage part=decode layer=22 pos=21 tokens=1 q_path=0.309 ms
ds4: metal layer stage part=decode layer=22 pos=21 tokens=1 kv_path=0.271 ms
ds4: metal layer stage part=decode layer=22 pos=21 tokens=1 compressor_indexer=0.286 ms
ds4: metal layer stage part=decode layer=22 pos=21 tokens=1 attention=0.249 ms
ds4: metal layer stage part=decode layer=22 pos=21 tokens=1 attn_output=0.357 ms
ds4: metal layer stage part=decode layer=22 pos=21 tokens=1 attn_hc_post=0.019 ms
ds4: metal layer stage part=ffn layer=22 pos=20 tokens=2 hc_pre=0.232 ms
ds4: metal layer stage part=ffn layer=22 pos=20 tokens=2 norm=0.021 ms
ds4: metal layer stage part=ffn layer=22 pos=20 tokens=2 router=0.245 ms
ds4: metal layer stage part=ffn layer=22 pos=20 tokens=2 routed_moe=0.418 ms
ds4: metal layer stage part=ffn layer=22 pos=20 tokens=2 shared_gate_up=0.278 ms
ds4: metal layer stage part=ffn layer=22 pos=20 tokens=2 shared_down=0.237 ms
ds4: metal layer stage part=ffn layer=22 pos=20 tokens=2 hc_post=0.025 ms
ds4: metal layer stage part=decode layer=23 pos=20 tokens=1 attn_hc_pre=0.212 ms
ds4: metal layer stage part=decode layer=23 pos=20 tokens=1 attn_norm=0.024 ms
ds4: metal layer stage part=decode layer=23 pos=20 tokens=1 q_path=0.293 ms
ds4: metal layer stage part=decode layer=23 pos=20 tokens=1 kv_path=0.229 ms
ds4: metal layer stage part=decode layer=23 pos=20 tokens=1 compressor_indexer=0.309 ms
ds4: metal layer stage part=decode layer=23 pos=20 tokens=1 attention=0.272 ms
ds4: metal layer stage part=decode layer=23 pos=20 tokens=1 attn_output=0.355 ms
ds4: metal layer stage part=decode layer=23 pos=20 tokens=1 attn_hc_post=0.024 ms
ds4: metal layer stage part=decode layer=23 pos=21 tokens=1 attn_hc_pre=0.237 ms
ds4: metal layer stage part=decode layer=23 pos=21 tokens=1 attn_norm=0.025 ms
ds4: metal layer stage part=decode layer=23 pos=21 tokens=1 q_path=0.306 ms
ds4: metal layer stage part=decode layer=23 pos=21 tokens=1 kv_path=0.266 ms
ds4: metal layer stage part=decode layer=23 pos=21 tokens=1 compressor_indexer=0.265 ms
ds4: metal layer stage part=decode layer=23 pos=21 tokens=1 attention=0.309 ms
ds4: metal layer stage part=decode layer=23 pos=21 tokens=1 attn_output=0.348 ms
ds4: metal layer stage part=decode layer=23 pos=21 tokens=1 attn_hc_post=0.021 ms
ds4: metal layer stage part=ffn layer=23 pos=20 tokens=2 hc_pre=0.281 ms
ds4: metal layer stage part=ffn layer=23 pos=20 tokens=2 norm=0.026 ms
ds4: metal layer stage part=ffn layer=23 pos=20 tokens=2 router=0.247 ms
ds4: metal layer stage part=ffn layer=23 pos=20 tokens=2 routed_moe=0.487 ms
ds4: metal layer stage part=ffn layer=23 pos=20 tokens=2 shared_gate_up=0.281 ms
ds4: metal layer stage part=ffn layer=23 pos=20 tokens=2 shared_down=0.255 ms
ds4: metal layer stage part=ffn layer=23 pos=20 tokens=2 hc_post=0.023 ms
ds4: metal layer stage part=decode layer=24 pos=20 tokens=1 attn_hc_pre=0.234 ms
ds4: metal layer stage part=decode layer=24 pos=20 tokens=1 attn_norm=0.020 ms
ds4: metal layer stage part=decode layer=24 pos=20 tokens=1 q_path=0.318 ms
ds4: metal layer stage part=decode layer=24 pos=20 tokens=1 kv_path=0.266 ms
ds4: metal layer stage part=decode layer=24 pos=20 tokens=1 compressor_indexer=0.295 ms
ds4: metal layer stage part=decode layer=24 pos=20 tokens=1 attention=0.255 ms
ds4: metal layer stage part=decode layer=24 pos=20 tokens=1 attn_output=0.343 ms
ds4: metal layer stage part=decode layer=24 pos=20 tokens=1 attn_hc_post=0.027 ms
ds4: metal layer stage part=decode layer=24 pos=21 tokens=1 attn_hc_pre=0.196 ms
ds4: metal layer stage part=decode layer=24 pos=21 tokens=1 attn_norm=0.021 ms
ds4: metal layer stage part=decode layer=24 pos=21 tokens=1 q_path=0.278 ms
ds4: metal layer stage part=decode layer=24 pos=21 tokens=1 kv_path=0.286 ms
ds4: metal layer stage part=decode layer=24 pos=21 tokens=1 compressor_indexer=0.302 ms
ds4: metal layer stage part=decode layer=24 pos=21 tokens=1 attention=0.282 ms
ds4: metal layer stage part=decode layer=24 pos=21 tokens=1 attn_output=0.397 ms
ds4: metal layer stage part=decode layer=24 pos=21 tokens=1 attn_hc_post=0.038 ms
ds4: metal layer stage part=ffn layer=24 pos=20 tokens=2 hc_pre=0.222 ms
ds4: metal layer stage part=ffn layer=24 pos=20 tokens=2 norm=0.030 ms
ds4: metal layer stage part=ffn layer=24 pos=20 tokens=2 router=0.238 ms
ds4: metal layer stage part=ffn layer=24 pos=20 tokens=2 routed_moe=0.517 ms
ds4: metal layer stage part=ffn layer=24 pos=20 tokens=2 shared_gate_up=0.267 ms
ds4: metal layer stage part=ffn layer=24 pos=20 tokens=2 shared_down=0.250 ms
ds4: metal layer stage part=ffn layer=24 pos=20 tokens=2 hc_post=0.024 ms
ds4: metal layer stage part=decode layer=25 pos=20 tokens=1 attn_hc_pre=0.207 ms
ds4: metal layer stage part=decode layer=25 pos=20 tokens=1 attn_norm=0.022 ms
ds4: metal layer stage part=decode layer=25 pos=20 tokens=1 q_path=0.274 ms
ds4: metal layer stage part=decode layer=25 pos=20 tokens=1 kv_path=0.215 ms
ds4: metal layer stage part=decode layer=25 pos=20 tokens=1 compressor_indexer=0.213 ms
ds4: metal layer stage part=decode layer=25 pos=20 tokens=1 attention=0.265 ms
ds4: metal layer stage part=decode layer=25 pos=20 tokens=1 attn_output=0.347 ms
ds4: metal layer stage part=decode layer=25 pos=20 tokens=1 attn_hc_post=0.021 ms
ds4: metal layer stage part=decode layer=25 pos=21 tokens=1 attn_hc_pre=0.289 ms
ds4: metal layer stage part=decode layer=25 pos=21 tokens=1 attn_norm=0.022 ms
ds4: metal layer stage part=decode layer=25 pos=21 tokens=1 q_path=0.308 ms
ds4: metal layer stage part=decode layer=25 pos=21 tokens=1 kv_path=0.277 ms
ds4: metal layer stage part=decode layer=25 pos=21 tokens=1 compressor_indexer=0.288 ms
ds4: metal layer stage part=decode layer=25 pos=21 tokens=1 attention=0.258 ms
ds4: metal layer stage part=decode layer=25 pos=21 tokens=1 attn_output=0.366 ms
ds4: metal layer stage part=decode layer=25 pos=21 tokens=1 attn_hc_post=0.026 ms
ds4: metal layer stage part=ffn layer=25 pos=20 tokens=2 hc_pre=0.304 ms
ds4: metal layer stage part=ffn layer=25 pos=20 tokens=2 norm=0.022 ms
ds4: metal layer stage part=ffn layer=25 pos=20 tokens=2 router=0.253 ms
ds4: metal layer stage part=ffn layer=25 pos=20 tokens=2 routed_moe=0.473 ms
ds4: metal layer stage part=ffn layer=25 pos=20 tokens=2 shared_gate_up=0.291 ms
ds4: metal layer stage part=ffn layer=25 pos=20 tokens=2 shared_down=0.284 ms
ds4: metal layer stage part=ffn layer=25 pos=20 tokens=2 hc_post=0.033 ms
ds4: metal layer stage part=decode layer=26 pos=20 tokens=1 attn_hc_pre=0.267 ms
ds4: metal layer stage part=decode layer=26 pos=20 tokens=1 attn_norm=0.028 ms
ds4: metal layer stage part=decode layer=26 pos=20 tokens=1 q_path=0.276 ms
ds4: metal layer stage part=decode layer=26 pos=20 tokens=1 kv_path=0.197 ms
ds4: metal layer stage part=decode layer=26 pos=20 tokens=1 compressor_indexer=0.299 ms
ds4: metal layer stage part=decode layer=26 pos=20 tokens=1 attention=0.263 ms
ds4: metal layer stage part=decode layer=26 pos=20 tokens=1 attn_output=0.345 ms
ds4: metal layer stage part=decode layer=26 pos=20 tokens=1 attn_hc_post=0.025 ms
ds4: metal layer stage part=decode layer=26 pos=21 tokens=1 attn_hc_pre=0.278 ms
ds4: metal layer stage part=decode layer=26 pos=21 tokens=1 attn_norm=0.029 ms
ds4: metal layer stage part=decode layer=26 pos=21 tokens=1 q_path=0.381 ms
ds4: metal layer stage part=decode layer=26 pos=21 tokens=1 kv_path=0.228 ms
ds4: metal layer stage part=decode layer=26 pos=21 tokens=1 compressor_indexer=0.253 ms
ds4: metal layer stage part=decode layer=26 pos=21 tokens=1 attention=0.275 ms
ds4: metal layer stage part=decode layer=26 pos=21 tokens=1 attn_output=0.350 ms
ds4: metal layer stage part=decode layer=26 pos=21 tokens=1 attn_hc_post=0.021 ms
ds4: metal layer stage part=ffn layer=26 pos=20 tokens=2 hc_pre=0.297 ms
ds4: metal layer stage part=ffn layer=26 pos=20 tokens=2 norm=0.019 ms
ds4: metal layer stage part=ffn layer=26 pos=20 tokens=2 router=0.250 ms
ds4: metal layer stage part=ffn layer=26 pos=20 tokens=2 routed_moe=0.487 ms
ds4: metal layer stage part=ffn layer=26 pos=20 tokens=2 shared_gate_up=0.291 ms
ds4: metal layer stage part=ffn layer=26 pos=20 tokens=2 shared_down=0.250 ms
ds4: metal layer stage part=ffn layer=26 pos=20 tokens=2 hc_post=0.021 ms
ds4: metal layer stage part=decode layer=27 pos=20 tokens=1 attn_hc_pre=0.223 ms
ds4: metal layer stage part=decode layer=27 pos=20 tokens=1 attn_norm=0.021 ms
ds4: metal layer stage part=decode layer=27 pos=20 tokens=1 q_path=0.294 ms
ds4: metal layer stage part=decode layer=27 pos=20 tokens=1 kv_path=0.292 ms
ds4: metal layer stage part=decode layer=27 pos=20 tokens=1 compressor_indexer=0.263 ms
ds4: metal layer stage part=decode layer=27 pos=20 tokens=1 attention=0.260 ms
ds4: metal layer stage part=decode layer=27 pos=20 tokens=1 attn_output=0.395 ms
ds4: metal layer stage part=decode layer=27 pos=20 tokens=1 attn_hc_post=0.021 ms
ds4: metal layer stage part=decode layer=27 pos=21 tokens=1 attn_hc_pre=0.266 ms
ds4: metal layer stage part=decode layer=27 pos=21 tokens=1 attn_norm=0.023 ms
ds4: metal layer stage part=decode layer=27 pos=21 tokens=1 q_path=0.295 ms
ds4: metal layer stage part=decode layer=27 pos=21 tokens=1 kv_path=0.266 ms
ds4: metal layer stage part=decode layer=27 pos=21 tokens=1 compressor_indexer=0.291 ms
ds4: metal layer stage part=decode layer=27 pos=21 tokens=1 attention=0.278 ms
ds4: metal layer stage part=decode layer=27 pos=21 tokens=1 attn_output=0.353 ms
ds4: metal layer stage part=decode layer=27 pos=21 tokens=1 attn_hc_post=0.025 ms
ds4: metal layer stage part=ffn layer=27 pos=20 tokens=2 hc_pre=0.275 ms
ds4: metal layer stage part=ffn layer=27 pos=20 tokens=2 norm=0.029 ms
ds4: metal layer stage part=ffn layer=27 pos=20 tokens=2 router=0.241 ms
ds4: metal layer stage part=ffn layer=27 pos=20 tokens=2 routed_moe=0.446 ms
ds4: metal layer stage part=ffn layer=27 pos=20 tokens=2 shared_gate_up=0.263 ms
ds4: metal layer stage part=ffn layer=27 pos=20 tokens=2 shared_down=0.234 ms
ds4: metal layer stage part=ffn layer=27 pos=20 tokens=2 hc_post=0.021 ms
ds4: metal layer stage part=decode layer=28 pos=20 tokens=1 attn_hc_pre=0.202 ms
ds4: metal layer stage part=decode layer=28 pos=20 tokens=1 attn_norm=0.028 ms
ds4: metal layer stage part=decode layer=28 pos=20 tokens=1 q_path=0.408 ms
ds4: metal layer stage part=decode layer=28 pos=20 tokens=1 kv_path=0.282 ms
ds4: metal layer stage part=decode layer=28 pos=20 tokens=1 compressor_indexer=0.279 ms
ds4: metal layer stage part=decode layer=28 pos=20 tokens=1 attention=0.264 ms
ds4: metal layer stage part=decode layer=28 pos=20 tokens=1 attn_output=0.389 ms
ds4: metal layer stage part=decode layer=28 pos=20 tokens=1 attn_hc_post=0.023 ms
ds4: metal layer stage part=decode layer=28 pos=21 tokens=1 attn_hc_pre=0.248 ms
ds4: metal layer stage part=decode layer=28 pos=21 tokens=1 attn_norm=0.022 ms
ds4: metal layer stage part=decode layer=28 pos=21 tokens=1 q_path=0.312 ms
ds4: metal layer stage part=decode layer=28 pos=21 tokens=1 kv_path=0.282 ms
ds4: metal layer stage part=decode layer=28 pos=21 tokens=1 compressor_indexer=0.295 ms
ds4: metal layer stage part=decode layer=28 pos=21 tokens=1 attention=0.252 ms
ds4: metal layer stage part=decode layer=28 pos=21 tokens=1 attn_output=0.347 ms
ds4: metal layer stage part=decode layer=28 pos=21 tokens=1 attn_hc_post=0.021 ms
ds4: metal layer stage part=ffn layer=28 pos=20 tokens=2 hc_pre=0.210 ms
ds4: metal layer stage part=ffn layer=28 pos=20 tokens=2 norm=0.020 ms
ds4: metal layer stage part=ffn layer=28 pos=20 tokens=2 router=0.231 ms
ds4: metal layer stage part=ffn layer=28 pos=20 tokens=2 routed_moe=0.420 ms
ds4: metal layer stage part=ffn layer=28 pos=20 tokens=2 shared_gate_up=0.314 ms
ds4: metal layer stage part=ffn layer=28 pos=20 tokens=2 shared_down=0.243 ms
ds4: metal layer stage part=ffn layer=28 pos=20 tokens=2 hc_post=0.029 ms
ds4: metal layer stage part=decode layer=29 pos=20 tokens=1 attn_hc_pre=0.217 ms
ds4: metal layer stage part=decode layer=29 pos=20 tokens=1 attn_norm=0.025 ms
ds4: metal layer stage part=decode layer=29 pos=20 tokens=1 q_path=0.295 ms
ds4: metal layer stage part=decode layer=29 pos=20 tokens=1 kv_path=0.222 ms
ds4: metal layer stage part=decode layer=29 pos=20 tokens=1 compressor_indexer=0.217 ms
ds4: metal layer stage part=decode layer=29 pos=20 tokens=1 attention=0.316 ms
ds4: metal layer stage part=decode layer=29 pos=20 tokens=1 attn_output=0.350 ms
ds4: metal layer stage part=decode layer=29 pos=20 tokens=1 attn_hc_post=0.025 ms
ds4: metal layer stage part=decode layer=29 pos=21 tokens=1 attn_hc_pre=0.257 ms
ds4: metal layer stage part=decode layer=29 pos=21 tokens=1 attn_norm=0.024 ms
ds4: metal layer stage part=decode layer=29 pos=21 tokens=1 q_path=0.310 ms
ds4: metal layer stage part=decode layer=29 pos=21 tokens=1 kv_path=0.283 ms
ds4: metal layer stage part=decode layer=29 pos=21 tokens=1 compressor_indexer=0.259 ms
ds4: metal layer stage part=decode layer=29 pos=21 tokens=1 attention=0.283 ms
ds4: metal layer stage part=decode layer=29 pos=21 tokens=1 attn_output=0.344 ms
ds4: metal layer stage part=decode layer=29 pos=21 tokens=1 attn_hc_post=0.025 ms
ds4: metal layer stage part=ffn layer=29 pos=20 tokens=2 hc_pre=0.302 ms
ds4: metal layer stage part=ffn layer=29 pos=20 tokens=2 norm=0.026 ms
ds4: metal layer stage part=ffn layer=29 pos=20 tokens=2 router=0.255 ms
ds4: metal layer stage part=ffn layer=29 pos=20 tokens=2 routed_moe=0.458 ms
ds4: metal layer stage part=ffn layer=29 pos=20 tokens=2 shared_gate_up=0.304 ms
ds4: metal layer stage part=ffn layer=29 pos=20 tokens=2 shared_down=0.257 ms
ds4: metal layer stage part=ffn layer=29 pos=20 tokens=2 hc_post=0.026 ms
ds4: metal layer stage part=decode layer=30 pos=20 tokens=1 attn_hc_pre=0.221 ms
ds4: metal layer stage part=decode layer=30 pos=20 tokens=1 attn_norm=0.031 ms
ds4: metal layer stage part=decode layer=30 pos=20 tokens=1 q_path=0.301 ms
ds4: metal layer stage part=decode layer=30 pos=20 tokens=1 kv_path=0.255 ms
ds4: metal layer stage part=decode layer=30 pos=20 tokens=1 compressor_indexer=0.306 ms
ds4: metal layer stage part=decode layer=30 pos=20 tokens=1 attention=0.263 ms
ds4: metal layer stage part=decode layer=30 pos=20 tokens=1 attn_output=0.350 ms
ds4: metal layer stage part=decode layer=30 pos=20 tokens=1 attn_hc_post=0.027 ms
ds4: metal layer stage part=decode layer=30 pos=21 tokens=1 attn_hc_pre=0.267 ms
ds4: metal layer stage part=decode layer=30 pos=21 tokens=1 attn_norm=0.021 ms
ds4: metal layer stage part=decode layer=30 pos=21 tokens=1 q_path=0.308 ms
ds4: metal layer stage part=decode layer=30 pos=21 tokens=1 kv_path=0.293 ms
ds4: metal layer stage part=decode layer=30 pos=21 tokens=1 compressor_indexer=0.285 ms
ds4: metal layer stage part=decode layer=30 pos=21 tokens=1 attention=0.299 ms
ds4: metal layer stage part=decode layer=30 pos=21 tokens=1 attn_output=0.342 ms
ds4: metal layer stage part=decode layer=30 pos=21 tokens=1 attn_hc_post=0.021 ms
ds4: metal layer stage part=ffn layer=30 pos=20 tokens=2 hc_pre=0.254 ms
ds4: metal layer stage part=ffn layer=30 pos=20 tokens=2 norm=0.021 ms
ds4: metal layer stage part=ffn layer=30 pos=20 tokens=2 router=0.256 ms
ds4: metal layer stage part=ffn layer=30 pos=20 tokens=2 routed_moe=0.434 ms
ds4: metal layer stage part=ffn layer=30 pos=20 tokens=2 shared_gate_up=0.269 ms
ds4: metal layer stage part=ffn layer=30 pos=20 tokens=2 shared_down=0.223 ms
ds4: metal layer stage part=ffn layer=30 pos=20 tokens=2 hc_post=0.027 ms
ds4: metal layer stage part=decode layer=31 pos=20 tokens=1 attn_hc_pre=0.200 ms
ds4: metal layer stage part=decode layer=31 pos=20 tokens=1 attn_norm=0.026 ms
ds4: metal layer stage part=decode layer=31 pos=20 tokens=1 q_path=0.264 ms
ds4: metal layer stage part=decode layer=31 pos=20 tokens=1 kv_path=0.205 ms
ds4: metal layer stage part=decode layer=31 pos=20 tokens=1 compressor_indexer=0.218 ms
ds4: metal layer stage part=decode layer=31 pos=20 tokens=1 attention=0.320 ms
ds4: metal layer stage part=decode layer=31 pos=20 tokens=1 attn_output=0.347 ms
ds4: metal layer stage part=decode layer=31 pos=20 tokens=1 attn_hc_post=0.024 ms
ds4: metal layer stage part=decode layer=31 pos=21 tokens=1 attn_hc_pre=0.268 ms
ds4: metal layer stage part=decode layer=31 pos=21 tokens=1 attn_norm=0.024 ms
ds4: metal layer stage part=decode layer=31 pos=21 tokens=1 q_path=0.311 ms
ds4: metal layer stage part=decode layer=31 pos=21 tokens=1 kv_path=0.286 ms
ds4: metal layer stage part=decode layer=31 pos=21 tokens=1 compressor_indexer=0.270 ms
ds4: metal layer stage part=decode layer=31 pos=21 tokens=1 attention=0.261 ms
ds4: metal layer stage part=decode layer=31 pos=21 tokens=1 attn_output=0.363 ms
ds4: metal layer stage part=decode layer=31 pos=21 tokens=1 attn_hc_post=0.022 ms
ds4: metal layer stage part=ffn layer=31 pos=20 tokens=2 hc_pre=0.292 ms
ds4: metal layer stage part=ffn layer=31 pos=20 tokens=2 norm=0.022 ms
ds4: metal layer stage part=ffn layer=31 pos=20 tokens=2 router=0.256 ms
ds4: metal layer stage part=ffn layer=31 pos=20 tokens=2 routed_moe=0.486 ms
ds4: metal layer stage part=ffn layer=31 pos=20 tokens=2 shared_gate_up=0.297 ms
ds4: metal layer stage part=ffn layer=31 pos=20 tokens=2 shared_down=0.296 ms
ds4: metal layer stage part=ffn layer=31 pos=20 tokens=2 hc_post=0.020 ms
ds4: metal layer stage part=decode layer=32 pos=20 tokens=1 attn_hc_pre=0.264 ms
ds4: metal layer stage part=decode layer=32 pos=20 tokens=1 attn_norm=0.024 ms
ds4: metal layer stage part=decode layer=32 pos=20 tokens=1 q_path=0.287 ms
ds4: metal layer stage part=decode layer=32 pos=20 tokens=1 kv_path=0.213 ms
ds4: metal layer stage part=decode layer=32 pos=20 tokens=1 compressor_indexer=0.285 ms
ds4: metal layer stage part=decode layer=32 pos=20 tokens=1 attention=0.291 ms
ds4: metal layer stage part=decode layer=32 pos=20 tokens=1 attn_output=0.327 ms
ds4: metal layer stage part=decode layer=32 pos=20 tokens=1 attn_hc_post=0.022 ms
ds4: metal layer stage part=decode layer=32 pos=21 tokens=1 attn_hc_pre=0.258 ms
ds4: metal layer stage part=decode layer=32 pos=21 tokens=1 attn_norm=0.022 ms
ds4: metal layer stage part=decode layer=32 pos=21 tokens=1 q_path=0.304 ms
ds4: metal layer stage part=decode layer=32 pos=21 tokens=1 kv_path=0.294 ms
ds4: metal layer stage part=decode layer=32 pos=21 tokens=1 compressor_indexer=0.283 ms
ds4: metal layer stage part=decode layer=32 pos=21 tokens=1 attention=0.252 ms
ds4: metal layer stage part=decode layer=32 pos=21 tokens=1 attn_output=0.343 ms
ds4: metal layer stage part=decode layer=32 pos=21 tokens=1 attn_hc_post=0.020 ms
ds4: metal layer stage part=ffn layer=32 pos=20 tokens=2 hc_pre=0.232 ms
ds4: metal layer stage part=ffn layer=32 pos=20 tokens=2 norm=0.020 ms
ds4: metal layer stage part=ffn layer=32 pos=20 tokens=2 router=0.201 ms
ds4: metal layer stage part=ffn layer=32 pos=20 tokens=2 routed_moe=0.467 ms
ds4: metal layer stage part=ffn layer=32 pos=20 tokens=2 shared_gate_up=0.302 ms
ds4: metal layer stage part=ffn layer=32 pos=20 tokens=2 shared_down=0.280 ms
ds4: metal layer stage part=ffn layer=32 pos=20 tokens=2 hc_post=0.026 ms
ds4: metal layer stage part=decode layer=33 pos=20 tokens=1 attn_hc_pre=0.199 ms
ds4: metal layer stage part=decode layer=33 pos=20 tokens=1 attn_norm=0.024 ms
ds4: metal layer stage part=decode layer=33 pos=20 tokens=1 q_path=0.256 ms
ds4: metal layer stage part=decode layer=33 pos=20 tokens=1 kv_path=0.215 ms
ds4: metal layer stage part=decode layer=33 pos=20 tokens=1 compressor_indexer=0.242 ms
ds4: metal layer stage part=decode layer=33 pos=20 tokens=1 attention=0.306 ms
ds4: metal layer stage part=decode layer=33 pos=20 tokens=1 attn_output=0.349 ms
ds4: metal layer stage part=decode layer=33 pos=20 tokens=1 attn_hc_post=0.027 ms
ds4: metal layer stage part=decode layer=33 pos=21 tokens=1 attn_hc_pre=0.271 ms
ds4: metal layer stage part=decode layer=33 pos=21 tokens=1 attn_norm=0.027 ms
ds4: metal layer stage part=decode layer=33 pos=21 tokens=1 q_path=0.657 ms
ds4: metal layer stage part=decode layer=33 pos=21 tokens=1 kv_path=0.319 ms
ds4: metal layer stage part=decode layer=33 pos=21 tokens=1 compressor_indexer=0.304 ms
ds4: metal layer stage part=decode layer=33 pos=21 tokens=1 attention=0.320 ms
ds4: metal layer stage part=decode layer=33 pos=21 tokens=1 attn_output=0.436 ms
ds4: metal layer stage part=decode layer=33 pos=21 tokens=1 attn_hc_post=0.026 ms
ds4: metal layer stage part=ffn layer=33 pos=20 tokens=2 hc_pre=0.242 ms
ds4: metal layer stage part=ffn layer=33 pos=20 tokens=2 norm=0.024 ms
ds4: metal layer stage part=ffn layer=33 pos=20 tokens=2 router=0.270 ms
ds4: metal layer stage part=ffn layer=33 pos=20 tokens=2 routed_moe=0.548 ms
ds4: metal layer stage part=ffn layer=33 pos=20 tokens=2 shared_gate_up=0.284 ms
ds4: metal layer stage part=ffn layer=33 pos=20 tokens=2 shared_down=0.291 ms
ds4: metal layer stage part=ffn layer=33 pos=20 tokens=2 hc_post=0.030 ms
ds4: metal layer stage part=decode layer=34 pos=20 tokens=1 attn_hc_pre=0.207 ms
ds4: metal layer stage part=decode layer=34 pos=20 tokens=1 attn_norm=0.021 ms
ds4: metal layer stage part=decode layer=34 pos=20 tokens=1 q_path=0.306 ms
ds4: metal layer stage part=decode layer=34 pos=20 tokens=1 kv_path=0.214 ms
ds4: metal layer stage part=decode layer=34 pos=20 tokens=1 compressor_indexer=0.252 ms
ds4: metal layer stage part=decode layer=34 pos=20 tokens=1 attention=0.272 ms
ds4: metal layer stage part=decode layer=34 pos=20 tokens=1 attn_output=0.356 ms
ds4: metal layer stage part=decode layer=34 pos=20 tokens=1 attn_hc_post=0.025 ms
ds4: metal layer stage part=decode layer=34 pos=21 tokens=1 attn_hc_pre=0.264 ms
ds4: metal layer stage part=decode layer=34 pos=21 tokens=1 attn_norm=0.026 ms
ds4: metal layer stage part=decode layer=34 pos=21 tokens=1 q_path=0.297 ms
ds4: metal layer stage part=decode layer=34 pos=21 tokens=1 kv_path=0.363 ms
ds4: metal layer stage part=decode layer=34 pos=21 tokens=1 compressor_indexer=0.237 ms
ds4: metal layer stage part=decode layer=34 pos=21 tokens=1 attention=0.248 ms
ds4: metal layer stage part=decode layer=34 pos=21 tokens=1 attn_output=0.342 ms
ds4: metal layer stage part=decode layer=34 pos=21 tokens=1 attn_hc_post=0.025 ms
ds4: metal layer stage part=ffn layer=34 pos=20 tokens=2 hc_pre=0.300 ms
ds4: metal layer stage part=ffn layer=34 pos=20 tokens=2 norm=0.025 ms
ds4: metal layer stage part=ffn layer=34 pos=20 tokens=2 router=0.244 ms
ds4: metal layer stage part=ffn layer=34 pos=20 tokens=2 routed_moe=0.482 ms
ds4: metal layer stage part=ffn layer=34 pos=20 tokens=2 shared_gate_up=0.303 ms
ds4: metal layer stage part=ffn layer=34 pos=20 tokens=2 shared_down=0.296 ms
ds4: metal layer stage part=ffn layer=34 pos=20 tokens=2 hc_post=0.027 ms
ds4: metal layer stage part=decode layer=35 pos=20 tokens=1 attn_hc_pre=0.262 ms
ds4: metal layer stage part=decode layer=35 pos=20 tokens=1 attn_norm=0.025 ms
ds4: metal layer stage part=decode layer=35 pos=20 tokens=1 q_path=0.293 ms
ds4: metal layer stage part=decode layer=35 pos=20 tokens=1 kv_path=0.222 ms
ds4: metal layer stage part=decode layer=35 pos=20 tokens=1 compressor_indexer=0.228 ms
ds4: metal layer stage part=decode layer=35 pos=20 tokens=1 attention=0.290 ms
ds4: metal layer stage part=decode layer=35 pos=20 tokens=1 attn_output=0.364 ms
ds4: metal layer stage part=decode layer=35 pos=20 tokens=1 attn_hc_post=0.023 ms
ds4: metal layer stage part=decode layer=35 pos=21 tokens=1 attn_hc_pre=0.298 ms
ds4: metal layer stage part=decode layer=35 pos=21 tokens=1 attn_norm=0.023 ms
ds4: metal layer stage part=decode layer=35 pos=21 tokens=1 q_path=0.297 ms
ds4: metal layer stage part=decode layer=35 pos=21 tokens=1 kv_path=0.266 ms
ds4: metal layer stage part=decode layer=35 pos=21 tokens=1 compressor_indexer=0.261 ms
ds4: metal layer stage part=decode layer=35 pos=21 tokens=1 attention=0.287 ms
ds4: metal layer stage part=decode layer=35 pos=21 tokens=1 attn_output=0.356 ms
ds4: metal layer stage part=decode layer=35 pos=21 tokens=1 attn_hc_post=0.028 ms
ds4: metal layer stage part=ffn layer=35 pos=20 tokens=2 hc_pre=0.269 ms
ds4: metal layer stage part=ffn layer=35 pos=20 tokens=2 norm=0.023 ms
ds4: metal layer stage part=ffn layer=35 pos=20 tokens=2 router=0.248 ms
ds4: metal layer stage part=ffn layer=35 pos=20 tokens=2 routed_moe=0.451 ms
ds4: metal layer stage part=ffn layer=35 pos=20 tokens=2 shared_gate_up=0.263 ms
ds4: metal layer stage part=ffn layer=35 pos=20 tokens=2 shared_down=0.228 ms
ds4: metal layer stage part=ffn layer=35 pos=20 tokens=2 hc_post=0.029 ms
ds4: metal layer stage part=decode layer=36 pos=20 tokens=1 attn_hc_pre=0.203 ms
ds4: metal layer stage part=decode layer=36 pos=20 tokens=1 attn_norm=0.022 ms
ds4: metal layer stage part=decode layer=36 pos=20 tokens=1 q_path=0.283 ms
ds4: metal layer stage part=decode layer=36 pos=20 tokens=1 kv_path=0.222 ms
ds4: metal layer stage part=decode layer=36 pos=20 tokens=1 compressor_indexer=0.248 ms
ds4: metal layer stage part=decode layer=36 pos=20 tokens=1 attention=0.253 ms
ds4: metal layer stage part=decode layer=36 pos=20 tokens=1 attn_output=0.346 ms
ds4: metal layer stage part=decode layer=36 pos=20 tokens=1 attn_hc_post=0.028 ms
ds4: metal layer stage part=decode layer=36 pos=21 tokens=1 attn_hc_pre=0.257 ms
ds4: metal layer stage part=decode layer=36 pos=21 tokens=1 attn_norm=0.027 ms
ds4: metal layer stage part=decode layer=36 pos=21 tokens=1 q_path=0.307 ms
ds4: metal layer stage part=decode layer=36 pos=21 tokens=1 kv_path=0.275 ms
ds4: metal layer stage part=decode layer=36 pos=21 tokens=1 compressor_indexer=0.291 ms
ds4: metal layer stage part=decode layer=36 pos=21 tokens=1 attention=0.271 ms
ds4: metal layer stage part=decode layer=36 pos=21 tokens=1 attn_output=0.334 ms
ds4: metal layer stage part=decode layer=36 pos=21 tokens=1 attn_hc_post=0.022 ms
ds4: metal layer stage part=ffn layer=36 pos=20 tokens=2 hc_pre=0.287 ms
ds4: metal layer stage part=ffn layer=36 pos=20 tokens=2 norm=0.021 ms
ds4: metal layer stage part=ffn layer=36 pos=20 tokens=2 router=0.253 ms
ds4: metal layer stage part=ffn layer=36 pos=20 tokens=2 routed_moe=0.444 ms
ds4: metal layer stage part=ffn layer=36 pos=20 tokens=2 shared_gate_up=0.351 ms
ds4: metal layer stage part=ffn layer=36 pos=20 tokens=2 shared_down=0.295 ms
ds4: metal layer stage part=ffn layer=36 pos=20 tokens=2 hc_post=0.021 ms
ds4: metal layer stage part=decode layer=37 pos=20 tokens=1 attn_hc_pre=0.269 ms
ds4: metal layer stage part=decode layer=37 pos=20 tokens=1 attn_norm=0.030 ms
ds4: metal layer stage part=decode layer=37 pos=20 tokens=1 q_path=0.289 ms
ds4: metal layer stage part=decode layer=37 pos=20 tokens=1 kv_path=0.224 ms
ds4: metal layer stage part=decode layer=37 pos=20 tokens=1 compressor_indexer=0.206 ms
ds4: metal layer stage part=decode layer=37 pos=20 tokens=1 attention=0.323 ms
ds4: metal layer stage part=decode layer=37 pos=20 tokens=1 attn_output=0.354 ms
ds4: metal layer stage part=decode layer=37 pos=20 tokens=1 attn_hc_post=0.026 ms
ds4: metal layer stage part=decode layer=37 pos=21 tokens=1 attn_hc_pre=0.265 ms
ds4: metal layer stage part=decode layer=37 pos=21 tokens=1 attn_norm=0.021 ms
ds4: metal layer stage part=decode layer=37 pos=21 tokens=1 q_path=0.316 ms
ds4: metal layer stage part=decode layer=37 pos=21 tokens=1 kv_path=0.278 ms
ds4: metal layer stage part=decode layer=37 pos=21 tokens=1 compressor_indexer=0.258 ms
ds4: metal layer stage part=decode layer=37 pos=21 tokens=1 attention=0.282 ms
ds4: metal layer stage part=decode layer=37 pos=21 tokens=1 attn_output=0.339 ms
ds4: metal layer stage part=decode layer=37 pos=21 tokens=1 attn_hc_post=0.032 ms
ds4: metal layer stage part=ffn layer=37 pos=20 tokens=2 hc_pre=0.226 ms
ds4: metal layer stage part=ffn layer=37 pos=20 tokens=2 norm=0.028 ms
ds4: metal layer stage part=ffn layer=37 pos=20 tokens=2 router=0.311 ms
ds4: metal layer stage part=ffn layer=37 pos=20 tokens=2 routed_moe=0.443 ms
ds4: metal layer stage part=ffn layer=37 pos=20 tokens=2 shared_gate_up=0.261 ms
ds4: metal layer stage part=ffn layer=37 pos=20 tokens=2 shared_down=0.221 ms
ds4: metal layer stage part=ffn layer=37 pos=20 tokens=2 hc_post=0.021 ms
ds4: metal layer stage part=decode layer=38 pos=20 tokens=1 attn_hc_pre=0.214 ms
ds4: metal layer stage part=decode layer=38 pos=20 tokens=1 attn_norm=0.022 ms
ds4: metal layer stage part=decode layer=38 pos=20 tokens=1 q_path=0.265 ms
ds4: metal layer stage part=decode layer=38 pos=20 tokens=1 kv_path=0.208 ms
ds4: metal layer stage part=decode layer=38 pos=20 tokens=1 compressor_indexer=0.248 ms
ds4: metal layer stage part=decode layer=38 pos=20 tokens=1 attention=0.258 ms
ds4: metal layer stage part=decode layer=38 pos=20 tokens=1 attn_output=0.383 ms
ds4: metal layer stage part=decode layer=38 pos=20 tokens=1 attn_hc_post=0.027 ms
ds4: metal layer stage part=decode layer=38 pos=21 tokens=1 attn_hc_pre=0.272 ms
ds4: metal layer stage part=decode layer=38 pos=21 tokens=1 attn_norm=0.022 ms
ds4: metal layer stage part=decode layer=38 pos=21 tokens=1 q_path=0.307 ms
ds4: metal layer stage part=decode layer=38 pos=21 tokens=1 kv_path=0.302 ms
ds4: metal layer stage part=decode layer=38 pos=21 tokens=1 compressor_indexer=0.258 ms
ds4: metal layer stage part=decode layer=38 pos=21 tokens=1 attention=0.260 ms
ds4: metal layer stage part=decode layer=38 pos=21 tokens=1 attn_output=0.479 ms
ds4: metal layer stage part=decode layer=38 pos=21 tokens=1 attn_hc_post=0.057 ms
ds4: metal layer stage part=ffn layer=38 pos=20 tokens=2 hc_pre=0.241 ms
ds4: metal layer stage part=ffn layer=38 pos=20 tokens=2 norm=0.021 ms
ds4: metal layer stage part=ffn layer=38 pos=20 tokens=2 router=0.235 ms
ds4: metal layer stage part=ffn layer=38 pos=20 tokens=2 routed_moe=0.425 ms
ds4: metal layer stage part=ffn layer=38 pos=20 tokens=2 shared_gate_up=0.288 ms
ds4: metal layer stage part=ffn layer=38 pos=20 tokens=2 shared_down=0.322 ms
ds4: metal layer stage part=ffn layer=38 pos=20 tokens=2 hc_post=0.031 ms
ds4: metal layer stage part=decode layer=39 pos=20 tokens=1 attn_hc_pre=0.205 ms
ds4: metal layer stage part=decode layer=39 pos=20 tokens=1 attn_norm=0.029 ms
ds4: metal layer stage part=decode layer=39 pos=20 tokens=1 q_path=0.289 ms
ds4: metal layer stage part=decode layer=39 pos=20 tokens=1 kv_path=0.222 ms
ds4: metal layer stage part=decode layer=39 pos=20 tokens=1 compressor_indexer=0.229 ms
ds4: metal layer stage part=decode layer=39 pos=20 tokens=1 attention=0.306 ms
ds4: metal layer stage part=decode layer=39 pos=20 tokens=1 attn_output=0.356 ms
ds4: metal layer stage part=decode layer=39 pos=20 tokens=1 attn_hc_post=0.028 ms
ds4: metal layer stage part=decode layer=39 pos=21 tokens=1 attn_hc_pre=0.318 ms
ds4: metal layer stage part=decode layer=39 pos=21 tokens=1 attn_norm=0.023 ms
ds4: metal layer stage part=decode layer=39 pos=21 tokens=1 q_path=0.356 ms
ds4: metal layer stage part=decode layer=39 pos=21 tokens=1 kv_path=0.214 ms
ds4: metal layer stage part=decode layer=39 pos=21 tokens=1 compressor_indexer=0.224 ms
ds4: metal layer stage part=decode layer=39 pos=21 tokens=1 attention=0.286 ms
ds4: metal layer stage part=decode layer=39 pos=21 tokens=1 attn_output=0.349 ms
ds4: metal layer stage part=decode layer=39 pos=21 tokens=1 attn_hc_post=0.022 ms
ds4: metal layer stage part=ffn layer=39 pos=20 tokens=2 hc_pre=0.222 ms
ds4: metal layer stage part=ffn layer=39 pos=20 tokens=2 norm=0.036 ms
ds4: metal layer stage part=ffn layer=39 pos=20 tokens=2 router=0.303 ms
ds4: metal layer stage part=ffn layer=39 pos=20 tokens=2 routed_moe=0.456 ms
ds4: metal layer stage part=ffn layer=39 pos=20 tokens=2 shared_gate_up=0.263 ms
ds4: metal layer stage part=ffn layer=39 pos=20 tokens=2 shared_down=0.226 ms
ds4: metal layer stage part=ffn layer=39 pos=20 tokens=2 hc_post=0.030 ms
ds4: metal layer stage part=decode layer=40 pos=20 tokens=1 attn_hc_pre=0.185 ms
ds4: metal layer stage part=decode layer=40 pos=20 tokens=1 attn_norm=0.025 ms
ds4: metal layer stage part=decode layer=40 pos=20 tokens=1 q_path=0.267 ms
ds4: metal layer stage part=decode layer=40 pos=20 tokens=1 kv_path=0.215 ms
ds4: metal layer stage part=decode layer=40 pos=20 tokens=1 compressor_indexer=0.255 ms
ds4: metal layer stage part=decode layer=40 pos=20 tokens=1 attention=0.270 ms
ds4: metal layer stage part=decode layer=40 pos=20 tokens=1 attn_output=0.360 ms
ds4: metal layer stage part=decode layer=40 pos=20 tokens=1 attn_hc_post=0.027 ms
ds4: metal layer stage part=decode layer=40 pos=21 tokens=1 attn_hc_pre=0.284 ms
ds4: metal layer stage part=decode layer=40 pos=21 tokens=1 attn_norm=0.025 ms
ds4: metal layer stage part=decode layer=40 pos=21 tokens=1 q_path=0.301 ms
ds4: metal layer stage part=decode layer=40 pos=21 tokens=1 kv_path=0.252 ms
ds4: metal layer stage part=decode layer=40 pos=21 tokens=1 compressor_indexer=0.291 ms
ds4: metal layer stage part=decode layer=40 pos=21 tokens=1 attention=0.252 ms
ds4: metal layer stage part=decode layer=40 pos=21 tokens=1 attn_output=0.361 ms
ds4: metal layer stage part=decode layer=40 pos=21 tokens=1 attn_hc_post=0.026 ms
ds4: metal layer stage part=ffn layer=40 pos=20 tokens=2 hc_pre=0.279 ms
ds4: metal layer stage part=ffn layer=40 pos=20 tokens=2 norm=0.025 ms
ds4: metal layer stage part=ffn layer=40 pos=20 tokens=2 router=0.265 ms
ds4: metal layer stage part=ffn layer=40 pos=20 tokens=2 routed_moe=0.483 ms
ds4: metal layer stage part=ffn layer=40 pos=20 tokens=2 shared_gate_up=0.290 ms
ds4: metal layer stage part=ffn layer=40 pos=20 tokens=2 shared_down=0.293 ms
ds4: metal layer stage part=ffn layer=40 pos=20 tokens=2 hc_post=0.025 ms
ds4: metal layer stage part=decode layer=41 pos=20 tokens=1 attn_hc_pre=0.340 ms
ds4: metal layer stage part=decode layer=41 pos=20 tokens=1 attn_norm=0.024 ms
ds4: metal layer stage part=decode layer=41 pos=20 tokens=1 q_path=0.270 ms
ds4: metal layer stage part=decode layer=41 pos=20 tokens=1 kv_path=0.215 ms
ds4: metal layer stage part=decode layer=41 pos=20 tokens=1 compressor_indexer=0.217 ms
ds4: metal layer stage part=decode layer=41 pos=20 tokens=1 attention=0.270 ms
ds4: metal layer stage part=decode layer=41 pos=20 tokens=1 attn_output=0.357 ms
ds4: metal layer stage part=decode layer=41 pos=20 tokens=1 attn_hc_post=0.026 ms
ds4: metal layer stage part=decode layer=41 pos=21 tokens=1 attn_hc_pre=0.233 ms
ds4: metal layer stage part=decode layer=41 pos=21 tokens=1 attn_norm=0.027 ms
ds4: metal layer stage part=decode layer=41 pos=21 tokens=1 q_path=1.009 ms
ds4: metal layer stage part=decode layer=41 pos=21 tokens=1 kv_path=0.206 ms
ds4: metal layer stage part=decode layer=41 pos=21 tokens=1 compressor_indexer=0.246 ms
ds4: metal layer stage part=decode layer=41 pos=21 tokens=1 attention=0.262 ms
ds4: metal layer stage part=decode layer=41 pos=21 tokens=1 attn_output=0.377 ms
ds4: metal layer stage part=decode layer=41 pos=21 tokens=1 attn_hc_post=0.029 ms
ds4: metal layer stage part=ffn layer=41 pos=20 tokens=2 hc_pre=0.236 ms
ds4: metal layer stage part=ffn layer=41 pos=20 tokens=2 norm=0.022 ms
ds4: metal layer stage part=ffn layer=41 pos=20 tokens=2 router=0.256 ms
ds4: metal layer stage part=ffn layer=41 pos=20 tokens=2 routed_moe=0.523 ms
ds4: metal layer stage part=ffn layer=41 pos=20 tokens=2 shared_gate_up=0.339 ms
ds4: metal layer stage part=ffn layer=41 pos=20 tokens=2 shared_down=0.242 ms
ds4: metal layer stage part=ffn layer=41 pos=20 tokens=2 hc_post=0.022 ms
ds4: metal layer stage part=decode layer=42 pos=20 tokens=1 attn_hc_pre=0.221 ms
ds4: metal layer stage part=decode layer=42 pos=20 tokens=1 attn_norm=0.024 ms
ds4: metal layer stage part=decode layer=42 pos=20 tokens=1 q_path=0.292 ms
ds4: metal layer stage part=decode layer=42 pos=20 tokens=1 kv_path=0.213 ms
ds4: metal layer stage part=decode layer=42 pos=20 tokens=1 compressor_indexer=0.242 ms
ds4: metal layer stage part=decode layer=42 pos=20 tokens=1 attention=0.253 ms
ds4: metal layer stage part=decode layer=42 pos=20 tokens=1 attn_output=0.389 ms
ds4: metal layer stage part=decode layer=42 pos=20 tokens=1 attn_hc_post=0.021 ms
ds4: metal layer stage part=decode layer=42 pos=21 tokens=1 attn_hc_pre=0.265 ms
ds4: metal layer stage part=decode layer=42 pos=21 tokens=1 attn_norm=0.026 ms
ds4: metal layer stage part=decode layer=42 pos=21 tokens=1 q_path=0.300 ms
ds4: metal layer stage part=decode layer=42 pos=21 tokens=1 kv_path=0.288 ms
ds4: metal layer stage part=decode layer=42 pos=21 tokens=1 compressor_indexer=0.357 ms
ds4: metal layer stage part=decode layer=42 pos=21 tokens=1 attention=0.246 ms
ds4: metal layer stage part=decode layer=42 pos=21 tokens=1 attn_output=0.347 ms
ds4: metal layer stage part=decode layer=42 pos=21 tokens=1 attn_hc_post=0.031 ms
ds4: metal layer stage part=ffn layer=42 pos=20 tokens=2 hc_pre=0.245 ms
ds4: metal layer stage part=ffn layer=42 pos=20 tokens=2 norm=0.021 ms
ds4: metal layer stage part=ffn layer=42 pos=20 tokens=2 router=0.293 ms
ds4: metal layer stage part=ffn layer=42 pos=20 tokens=2 routed_moe=0.486 ms
ds4: metal layer stage part=ffn layer=42 pos=20 tokens=2 shared_gate_up=0.316 ms
ds4: metal layer stage part=ffn layer=42 pos=20 tokens=2 shared_down=0.277 ms
ds4: metal layer stage part=ffn layer=42 pos=20 tokens=2 hc_post=0.029 ms
ds4: dspark timing decode2 drafted=2 committed=2 draft=8.917 ms snapshot=0.858 ms verify=222.490 ms dspark_kv=1.072 ms total=233.417 ms
ds4: metal layer stage part=decode layer=0 pos=22 tokens=1 attn_hc_pre=0.206 ms
ds4: metal layer stage part=decode layer=0 pos=22 tokens=1 attn_norm=0.022 ms
ds4: metal layer stage part=decode layer=0 pos=22 tokens=1 q_path=0.277 ms
ds4: metal layer stage part=decode layer=0 pos=22 tokens=1 kv_path=0.207 ms
ds4: metal layer stage part=decode layer=0 pos=22 tokens=1 compressor_indexer=0.025 ms
ds4: metal layer stage part=decode layer=0 pos=22 tokens=1 attention=0.251 ms
ds4: metal layer stage part=decode layer=0 pos=22 tokens=1 attn_output=0.344 ms
ds4: metal layer stage part=decode layer=0 pos=22 tokens=1 attn_hc_post=0.030 ms
ds4: metal layer stage part=decode layer=0 pos=22 tokens=1 ffn_hc_pre=0.263 ms
ds4: metal layer stage part=decode layer=0 pos=22 tokens=1 ffn_norm=0.023 ms
ds4: metal layer stage part=decode layer=0 pos=22 tokens=1 router=0.236 ms
ds4: metal layer stage part=decode layer=0 pos=22 tokens=1 routed_moe=0.389 ms
ds4: metal layer stage part=decode layer=0 pos=22 tokens=1 shared_gate_up=0.244 ms
ds4: metal layer stage part=decode layer=0 pos=22 tokens=1 shared_down=0.253 ms
ds4: metal layer stage part=decode layer=0 pos=22 tokens=1 ffn_hc_post=0.023 ms
ds4: metal layer stage part=decode layer=1 pos=22 tokens=1 attn_hc_pre=0.293 ms
ds4: metal layer stage part=decode layer=1 pos=22 tokens=1 attn_norm=0.022 ms
ds4: metal layer stage part=decode layer=1 pos=22 tokens=1 q_path=0.293 ms
ds4: metal layer stage part=decode layer=1 pos=22 tokens=1 kv_path=0.223 ms
ds4: metal layer stage part=decode layer=1 pos=22 tokens=1 compressor_indexer=0.028 ms
ds4: metal layer stage part=decode layer=1 pos=22 tokens=1 attention=0.231 ms
ds4: metal layer stage part=decode layer=1 pos=22 tokens=1 attn_output=0.347 ms
ds4: metal layer stage part=decode layer=1 pos=22 tokens=1 attn_hc_post=0.031 ms
ds4: metal layer stage part=decode layer=1 pos=22 tokens=1 ffn_hc_pre=0.239 ms
ds4: metal layer stage part=decode layer=1 pos=22 tokens=1 ffn_norm=0.031 ms
ds4: metal layer stage part=decode layer=1 pos=22 tokens=1 router=0.210 ms
ds4: metal layer stage part=decode layer=1 pos=22 tokens=1 routed_moe=0.395 ms
ds4: metal layer stage part=decode layer=1 pos=22 tokens=1 shared_gate_up=0.235 ms
ds4: metal layer stage part=decode layer=1 pos=22 tokens=1 shared_down=0.235 ms
ds4: metal layer stage part=decode layer=1 pos=22 tokens=1 ffn_hc_post=0.024 ms
ds4: metal layer stage part=decode layer=2 pos=22 tokens=1 attn_hc_pre=0.243 ms
ds4: metal layer stage part=decode layer=2 pos=22 tokens=1 attn_norm=0.028 ms
ds4: metal layer stage part=decode layer=2 pos=22 tokens=1 q_path=0.294 ms
ds4: metal layer stage part=decode layer=2 pos=22 tokens=1 kv_path=0.220 ms
ds4: metal layer stage part=decode layer=2 pos=22 tokens=1 compressor_indexer=0.238 ms
ds4: metal layer stage part=decode layer=2 pos=22 tokens=1 attention=0.272 ms
ds4: metal layer stage part=decode layer=2 pos=22 tokens=1 attn_output=0.384 ms
ds4: metal layer stage part=decode layer=2 pos=22 tokens=1 attn_hc_post=0.033 ms
ds4: metal layer stage part=decode layer=2 pos=22 tokens=1 ffn_hc_pre=0.272 ms
ds4: metal layer stage part=decode layer=2 pos=22 tokens=1 ffn_norm=0.022 ms
ds4: metal layer stage part=decode layer=2 pos=22 tokens=1 router=0.224 ms
ds4: metal layer stage part=decode layer=2 pos=22 tokens=1 routed_moe=0.387 ms
ds4: metal layer stage part=decode layer=2 pos=22 tokens=1 shared_gate_up=0.241 ms
ds4: metal layer stage part=decode layer=2 pos=22 tokens=1 shared_down=0.299 ms
ds4: metal layer stage part=decode layer=2 pos=22 tokens=1 ffn_hc_post=0.027 ms
ds4: metal layer stage part=decode layer=3 pos=22 tokens=1 attn_hc_pre=0.212 ms
ds4: metal layer stage part=decode layer=3 pos=22 tokens=1 attn_norm=0.023 ms
ds4: metal layer stage part=decode layer=3 pos=22 tokens=1 q_path=0.294 ms
ds4: metal layer stage part=decode layer=3 pos=22 tokens=1 kv_path=0.224 ms
ds4: metal layer stage part=decode layer=3 pos=22 tokens=1 compressor_indexer=0.203 ms
ds4: metal layer stage part=decode layer=3 pos=22 tokens=1 attention=0.299 ms
ds4: metal layer stage part=decode layer=3 pos=22 tokens=1 attn_output=0.335 ms
ds4: metal layer stage part=decode layer=3 pos=22 tokens=1 attn_hc_post=0.028 ms
ds4: metal layer stage part=decode layer=3 pos=22 tokens=1 ffn_hc_pre=0.197 ms
ds4: metal layer stage part=decode layer=3 pos=22 tokens=1 ffn_norm=0.025 ms
ds4: metal layer stage part=decode layer=3 pos=22 tokens=1 router=0.196 ms
ds4: metal layer stage part=decode layer=3 pos=22 tokens=1 routed_moe=0.354 ms
ds4: metal layer stage part=decode layer=3 pos=22 tokens=1 shared_gate_up=0.306 ms
ds4: metal layer stage part=decode layer=3 pos=22 tokens=1 shared_down=0.258 ms
ds4: metal layer stage part=decode layer=3 pos=22 tokens=1 ffn_hc_post=0.028 ms
ds4: metal layer stage part=decode layer=4 pos=22 tokens=1 attn_hc_pre=0.230 ms
ds4: metal layer stage part=decode layer=4 pos=22 tokens=1 attn_norm=0.031 ms
ds4: metal layer stage part=decode layer=4 pos=22 tokens=1 q_path=0.326 ms
ds4: metal layer stage part=decode layer=4 pos=22 tokens=1 kv_path=0.213 ms
ds4: metal layer stage part=decode layer=4 pos=22 tokens=1 compressor_indexer=0.293 ms
ds4: metal layer stage part=decode layer=4 pos=22 tokens=1 attention=0.253 ms
ds4: metal layer stage part=decode layer=4 pos=22 tokens=1 attn_output=0.372 ms
ds4: metal layer stage part=decode layer=4 pos=22 tokens=1 attn_hc_post=0.021 ms
ds4: metal layer stage part=decode layer=4 pos=22 tokens=1 ffn_hc_pre=0.274 ms
ds4: metal layer stage part=decode layer=4 pos=22 tokens=1 ffn_norm=0.026 ms
ds4: metal layer stage part=decode layer=4 pos=22 tokens=1 router=0.231 ms
ds4: metal layer stage part=decode layer=4 pos=22 tokens=1 routed_moe=0.468 ms
ds4: metal layer stage part=decode layer=4 pos=22 tokens=1 shared_gate_up=0.332 ms
ds4: metal layer stage part=decode layer=4 pos=22 tokens=1 shared_down=0.257 ms
ds4: metal layer stage part=decode layer=4 pos=22 tokens=1 ffn_hc_post=0.026 ms
ds4: metal layer stage part=decode layer=5 pos=22 tokens=1 attn_hc_pre=0.239 ms
ds4: metal layer stage part=decode layer=5 pos=22 tokens=1 attn_norm=0.026 ms
ds4: metal layer stage part=decode layer=5 pos=22 tokens=1 q_path=0.298 ms
ds4: metal layer stage part=decode layer=5 pos=22 tokens=1 kv_path=0.283 ms
ds4: metal layer stage part=decode layer=5 pos=22 tokens=1 compressor_indexer=0.259 ms
ds4: metal layer stage part=decode layer=5 pos=22 tokens=1 attention=0.261 ms
ds4: metal layer stage part=decode layer=5 pos=22 tokens=1 attn_output=0.360 ms
ds4: metal layer stage part=decode layer=5 pos=22 tokens=1 attn_hc_post=0.028 ms
ds4: metal layer stage part=decode layer=5 pos=22 tokens=1 ffn_hc_pre=0.206 ms
ds4: metal layer stage part=decode layer=5 pos=22 tokens=1 ffn_norm=0.029 ms
ds4: metal layer stage part=decode layer=5 pos=22 tokens=1 router=0.196 ms
ds4: metal layer stage part=decode layer=5 pos=22 tokens=1 routed_moe=0.357 ms
ds4: metal layer stage part=decode layer=5 pos=22 tokens=1 shared_gate_up=0.289 ms
ds4: metal layer stage part=decode layer=5 pos=22 tokens=1 shared_down=0.245 ms
ds4: metal layer stage part=decode layer=5 pos=22 tokens=1 ffn_hc_post=0.029 ms
ds4: metal layer stage part=decode layer=6 pos=22 tokens=1 attn_hc_pre=0.224 ms
ds4: metal layer stage part=decode layer=6 pos=22 tokens=1 attn_norm=0.025 ms
ds4: metal layer stage part=decode layer=6 pos=22 tokens=1 q_path=0.300 ms
ds4: metal layer stage part=decode layer=6 pos=22 tokens=1 kv_path=0.300 ms
ds4: metal layer stage part=decode layer=6 pos=22 tokens=1 compressor_indexer=0.301 ms
ds4: metal layer stage part=decode layer=6 pos=22 tokens=1 attention=0.324 ms
ds4: metal layer stage part=decode layer=6 pos=22 tokens=1 attn_output=0.342 ms
ds4: metal layer stage part=decode layer=6 pos=22 tokens=1 attn_hc_post=0.027 ms
ds4: metal layer stage part=decode layer=6 pos=22 tokens=1 ffn_hc_pre=0.226 ms
ds4: metal layer stage part=decode layer=6 pos=22 tokens=1 ffn_norm=0.026 ms
ds4: metal layer stage part=decode layer=6 pos=22 tokens=1 router=0.234 ms
ds4: metal layer stage part=decode layer=6 pos=22 tokens=1 routed_moe=0.381 ms
ds4: metal layer stage part=decode layer=6 pos=22 tokens=1 shared_gate_up=0.234 ms
ds4: metal layer stage part=decode layer=6 pos=22 tokens=1 shared_down=0.246 ms
ds4: metal layer stage part=decode layer=6 pos=22 tokens=1 ffn_hc_post=0.028 ms
ds4: metal layer stage part=decode layer=7 pos=22 tokens=1 attn_hc_pre=0.212 ms
ds4: metal layer stage part=decode layer=7 pos=22 tokens=1 attn_norm=0.024 ms
ds4: metal layer stage part=decode layer=7 pos=22 tokens=1 q_path=0.308 ms
ds4: metal layer stage part=decode layer=7 pos=22 tokens=1 kv_path=0.193 ms
ds4: metal layer stage part=decode layer=7 pos=22 tokens=1 compressor_indexer=0.276 ms
ds4: metal layer stage part=decode layer=7 pos=22 tokens=1 attention=0.288 ms
ds4: metal layer stage part=decode layer=7 pos=22 tokens=1 attn_output=0.345 ms
ds4: metal layer stage part=decode layer=7 pos=22 tokens=1 attn_hc_post=0.028 ms
ds4: metal layer stage part=decode layer=7 pos=22 tokens=1 ffn_hc_pre=0.188 ms
ds4: metal layer stage part=decode layer=7 pos=22 tokens=1 ffn_norm=0.025 ms
ds4: metal layer stage part=decode layer=7 pos=22 tokens=1 router=0.201 ms
ds4: metal layer stage part=decode layer=7 pos=22 tokens=1 routed_moe=0.364 ms
ds4: metal layer stage part=decode layer=7 pos=22 tokens=1 shared_gate_up=0.316 ms
ds4: metal layer stage part=decode layer=7 pos=22 tokens=1 shared_down=0.287 ms
ds4: metal layer stage part=decode layer=7 pos=22 tokens=1 ffn_hc_post=0.027 ms
ds4: metal layer stage part=decode layer=8 pos=22 tokens=1 attn_hc_pre=0.263 ms
ds4: metal layer stage part=decode layer=8 pos=22 tokens=1 attn_norm=0.036 ms
ds4: metal layer stage part=decode layer=8 pos=22 tokens=1 q_path=0.297 ms
ds4: metal layer stage part=decode layer=8 pos=22 tokens=1 kv_path=0.210 ms
ds4: metal layer stage part=decode layer=8 pos=22 tokens=1 compressor_indexer=0.254 ms
ds4: metal layer stage part=decode layer=8 pos=22 tokens=1 attention=0.291 ms
ds4: metal layer stage part=decode layer=8 pos=22 tokens=1 attn_output=0.343 ms
ds4: metal layer stage part=decode layer=8 pos=22 tokens=1 attn_hc_post=0.022 ms
ds4: metal layer stage part=decode layer=8 pos=22 tokens=1 ffn_hc_pre=0.273 ms
ds4: metal layer stage part=decode layer=8 pos=22 tokens=1 ffn_norm=0.026 ms
ds4: metal layer stage part=decode layer=8 pos=22 tokens=1 router=0.232 ms
ds4: metal layer stage part=decode layer=8 pos=22 tokens=1 routed_moe=0.459 ms
ds4: metal layer stage part=decode layer=8 pos=22 tokens=1 shared_gate_up=0.268 ms
ds4: metal layer stage part=decode layer=8 pos=22 tokens=1 shared_down=0.241 ms
ds4: metal layer stage part=decode layer=8 pos=22 tokens=1 ffn_hc_post=0.029 ms
ds4: metal layer stage part=decode layer=9 pos=22 tokens=1 attn_hc_pre=0.217 ms
ds4: metal layer stage part=decode layer=9 pos=22 tokens=1 attn_norm=0.031 ms
ds4: metal layer stage part=decode layer=9 pos=22 tokens=1 q_path=0.296 ms
ds4: metal layer stage part=decode layer=9 pos=22 tokens=1 kv_path=0.278 ms
ds4: metal layer stage part=decode layer=9 pos=22 tokens=1 compressor_indexer=0.260 ms
ds4: metal layer stage part=decode layer=9 pos=22 tokens=1 attention=0.303 ms
ds4: metal layer stage part=decode layer=9 pos=22 tokens=1 attn_output=0.405 ms
ds4: metal layer stage part=decode layer=9 pos=22 tokens=1 attn_hc_post=0.024 ms
ds4: metal layer stage part=decode layer=9 pos=22 tokens=1 ffn_hc_pre=0.219 ms
ds4: metal layer stage part=decode layer=9 pos=22 tokens=1 ffn_norm=0.021 ms
ds4: metal layer stage part=decode layer=9 pos=22 tokens=1 router=0.206 ms
ds4: metal layer stage part=decode layer=9 pos=22 tokens=1 routed_moe=0.354 ms
ds4: metal layer stage part=decode layer=9 pos=22 tokens=1 shared_gate_up=0.230 ms
ds4: metal layer stage part=decode layer=9 pos=22 tokens=1 shared_down=0.234 ms
ds4: metal layer stage part=decode layer=9 pos=22 tokens=1 ffn_hc_post=0.027 ms
ds4: metal layer stage part=decode layer=10 pos=22 tokens=1 attn_hc_pre=0.208 ms
ds4: metal layer stage part=decode layer=10 pos=22 tokens=1 attn_norm=0.023 ms
ds4: metal layer stage part=decode layer=10 pos=22 tokens=1 q_path=0.278 ms
ds4: metal layer stage part=decode layer=10 pos=22 tokens=1 kv_path=0.228 ms
ds4: metal layer stage part=decode layer=10 pos=22 tokens=1 compressor_indexer=0.241 ms
ds4: metal layer stage part=decode layer=10 pos=22 tokens=1 attention=0.258 ms
ds4: metal layer stage part=decode layer=10 pos=22 tokens=1 attn_output=0.361 ms
ds4: metal layer stage part=decode layer=10 pos=22 tokens=1 attn_hc_post=0.021 ms
ds4: metal layer stage part=decode layer=10 pos=22 tokens=1 ffn_hc_pre=0.262 ms
ds4: metal layer stage part=decode layer=10 pos=22 tokens=1 ffn_norm=0.022 ms
ds4: metal layer stage part=decode layer=10 pos=22 tokens=1 router=0.239 ms
ds4: metal layer stage part=decode layer=10 pos=22 tokens=1 routed_moe=0.392 ms
ds4: metal layer stage part=decode layer=10 pos=22 tokens=1 shared_gate_up=0.256 ms
ds4: metal layer stage part=decode layer=10 pos=22 tokens=1 shared_down=0.224 ms
ds4: metal layer stage part=decode layer=10 pos=22 tokens=1 ffn_hc_post=0.023 ms
ds4: metal layer stage part=decode layer=11 pos=22 tokens=1 attn_hc_pre=0.250 ms
ds4: metal layer stage part=decode layer=11 pos=22 tokens=1 attn_norm=0.024 ms
ds4: metal layer stage part=decode layer=11 pos=22 tokens=1 q_path=0.302 ms
ds4: metal layer stage part=decode layer=11 pos=22 tokens=1 kv_path=0.220 ms
ds4: metal layer stage part=decode layer=11 pos=22 tokens=1 compressor_indexer=0.215 ms
ds4: metal layer stage part=decode layer=11 pos=22 tokens=1 attention=0.298 ms
ds4: metal layer stage part=decode layer=11 pos=22 tokens=1 attn_output=0.346 ms
ds4: metal layer stage part=decode layer=11 pos=22 tokens=1 attn_hc_post=0.030 ms
ds4: metal layer stage part=decode layer=11 pos=22 tokens=1 ffn_hc_pre=0.185 ms
ds4: metal layer stage part=decode layer=11 pos=22 tokens=1 ffn_norm=0.028 ms
ds4: metal layer stage part=decode layer=11 pos=22 tokens=1 router=0.211 ms
ds4: metal layer stage part=decode layer=11 pos=22 tokens=1 routed_moe=0.426 ms
ds4: metal layer stage part=decode layer=11 pos=22 tokens=1 shared_gate_up=0.305 ms
ds4: metal layer stage part=decode layer=11 pos=22 tokens=1 shared_down=0.269 ms
ds4: metal layer stage part=decode layer=11 pos=22 tokens=1 ffn_hc_post=0.024 ms
ds4: metal layer stage part=decode layer=12 pos=22 tokens=1 attn_hc_pre=0.218 ms
ds4: metal layer stage part=decode layer=12 pos=22 tokens=1 attn_norm=0.022 ms
ds4: metal layer stage part=decode layer=12 pos=22 tokens=1 q_path=0.292 ms
ds4: metal layer stage part=decode layer=12 pos=22 tokens=1 kv_path=0.220 ms
ds4: metal layer stage part=decode layer=12 pos=22 tokens=1 compressor_indexer=0.256 ms
ds4: metal layer stage part=decode layer=12 pos=22 tokens=1 attention=0.296 ms
ds4: metal layer stage part=decode layer=12 pos=22 tokens=1 attn_output=0.345 ms
ds4: metal layer stage part=decode layer=12 pos=22 tokens=1 attn_hc_post=0.027 ms
ds4: metal layer stage part=decode layer=12 pos=22 tokens=1 ffn_hc_pre=0.271 ms
ds4: metal layer stage part=decode layer=12 pos=22 tokens=1 ffn_norm=0.030 ms
ds4: metal layer stage part=decode layer=12 pos=22 tokens=1 router=0.229 ms
ds4: metal layer stage part=decode layer=12 pos=22 tokens=1 routed_moe=0.384 ms
ds4: metal layer stage part=decode layer=12 pos=22 tokens=1 shared_gate_up=0.240 ms
ds4: metal layer stage part=decode layer=12 pos=22 tokens=1 shared_down=0.256 ms
ds4: metal layer stage part=decode layer=12 pos=22 tokens=1 ffn_hc_post=0.022 ms
ds4: metal layer stage part=decode layer=13 pos=22 tokens=1 attn_hc_pre=0.215 ms
ds4: metal layer stage part=decode layer=13 pos=22 tokens=1 attn_norm=0.026 ms
ds4: metal layer stage part=decode layer=13 pos=22 tokens=1 q_path=0.336 ms
ds4: metal layer stage part=decode layer=13 pos=22 tokens=1 kv_path=0.213 ms
ds4: metal layer stage part=decode layer=13 pos=22 tokens=1 compressor_indexer=0.222 ms
ds4: metal layer stage part=decode layer=13 pos=22 tokens=1 attention=0.287 ms
ds4: metal layer stage part=decode layer=13 pos=22 tokens=1 attn_output=0.346 ms
ds4: metal layer stage part=decode layer=13 pos=22 tokens=1 attn_hc_post=0.029 ms
ds4: metal layer stage part=decode layer=13 pos=22 tokens=1 ffn_hc_pre=0.199 ms
ds4: metal layer stage part=decode layer=13 pos=22 tokens=1 ffn_norm=0.023 ms
ds4: metal layer stage part=decode layer=13 pos=22 tokens=1 router=0.204 ms
ds4: metal layer stage part=decode layer=13 pos=22 tokens=1 routed_moe=0.352 ms
ds4: metal layer stage part=decode layer=13 pos=22 tokens=1 shared_gate_up=0.288 ms
ds4: metal layer stage part=decode layer=13 pos=22 tokens=1 shared_down=0.250 ms
ds4: metal layer stage part=decode layer=13 pos=22 tokens=1 ffn_hc_post=0.025 ms
ds4: metal layer stage part=decode layer=14 pos=22 tokens=1 attn_hc_pre=0.233 ms
ds4: metal layer stage part=decode layer=14 pos=22 tokens=1 attn_norm=0.024 ms
ds4: metal layer stage part=decode layer=14 pos=22 tokens=1 q_path=0.298 ms
ds4: metal layer stage part=decode layer=14 pos=22 tokens=1 kv_path=0.294 ms
ds4: metal layer stage part=decode layer=14 pos=22 tokens=1 compressor_indexer=0.306 ms
ds4: metal layer stage part=decode layer=14 pos=22 tokens=1 attention=0.304 ms
ds4: metal layer stage part=decode layer=14 pos=22 tokens=1 attn_output=0.349 ms
ds4: metal layer stage part=decode layer=14 pos=22 tokens=1 attn_hc_post=0.028 ms
ds4: metal layer stage part=decode layer=14 pos=22 tokens=1 ffn_hc_pre=0.230 ms
ds4: metal layer stage part=decode layer=14 pos=22 tokens=1 ffn_norm=0.027 ms
ds4: metal layer stage part=decode layer=14 pos=22 tokens=1 router=0.228 ms
ds4: metal layer stage part=decode layer=14 pos=22 tokens=1 routed_moe=0.385 ms
ds4: metal layer stage part=decode layer=14 pos=22 tokens=1 shared_gate_up=0.256 ms
ds4: metal layer stage part=decode layer=14 pos=22 tokens=1 shared_down=0.223 ms
ds4: metal layer stage part=decode layer=14 pos=22 tokens=1 ffn_hc_post=0.023 ms
ds4: metal layer stage part=decode layer=15 pos=22 tokens=1 attn_hc_pre=0.227 ms
ds4: metal layer stage part=decode layer=15 pos=22 tokens=1 attn_norm=0.026 ms
ds4: metal layer stage part=decode layer=15 pos=22 tokens=1 q_path=0.280 ms
ds4: metal layer stage part=decode layer=15 pos=22 tokens=1 kv_path=0.199 ms
ds4: metal layer stage part=decode layer=15 pos=22 tokens=1 compressor_indexer=0.292 ms
ds4: metal layer stage part=decode layer=15 pos=22 tokens=1 attention=0.283 ms
ds4: metal layer stage part=decode layer=15 pos=22 tokens=1 attn_output=0.342 ms
ds4: metal layer stage part=decode layer=15 pos=22 tokens=1 attn_hc_post=0.029 ms
ds4: metal layer stage part=decode layer=15 pos=22 tokens=1 ffn_hc_pre=0.200 ms
ds4: metal layer stage part=decode layer=15 pos=22 tokens=1 ffn_norm=0.024 ms
ds4: metal layer stage part=decode layer=15 pos=22 tokens=1 router=0.204 ms
ds4: metal layer stage part=decode layer=15 pos=22 tokens=1 routed_moe=0.350 ms
ds4: metal layer stage part=decode layer=15 pos=22 tokens=1 shared_gate_up=0.229 ms
ds4: metal layer stage part=decode layer=15 pos=22 tokens=1 shared_down=0.206 ms
ds4: metal layer stage part=decode layer=15 pos=22 tokens=1 ffn_hc_post=0.027 ms
ds4: metal layer stage part=decode layer=16 pos=22 tokens=1 attn_hc_pre=0.181 ms
ds4: metal layer stage part=decode layer=16 pos=22 tokens=1 attn_norm=0.023 ms
ds4: metal layer stage part=decode layer=16 pos=22 tokens=1 q_path=0.333 ms
ds4: metal layer stage part=decode layer=16 pos=22 tokens=1 kv_path=0.183 ms
ds4: metal layer stage part=decode layer=16 pos=22 tokens=1 compressor_indexer=0.248 ms
ds4: metal layer stage part=decode layer=16 pos=22 tokens=1 attention=0.278 ms
ds4: metal layer stage part=decode layer=16 pos=22 tokens=1 attn_output=0.345 ms
ds4: metal layer stage part=decode layer=16 pos=22 tokens=1 attn_hc_post=0.026 ms
ds4: metal layer stage part=decode layer=16 pos=22 tokens=1 ffn_hc_pre=0.207 ms
ds4: metal layer stage part=decode layer=16 pos=22 tokens=1 ffn_norm=0.030 ms
ds4: metal layer stage part=decode layer=16 pos=22 tokens=1 router=0.194 ms
ds4: metal layer stage part=decode layer=16 pos=22 tokens=1 routed_moe=0.340 ms
ds4: metal layer stage part=decode layer=16 pos=22 tokens=1 shared_gate_up=0.220 ms
ds4: metal layer stage part=decode layer=16 pos=22 tokens=1 shared_down=0.210 ms
ds4: metal layer stage part=decode layer=16 pos=22 tokens=1 ffn_hc_post=0.023 ms
ds4: metal layer stage part=decode layer=17 pos=22 tokens=1 attn_hc_pre=0.187 ms
ds4: metal layer stage part=decode layer=17 pos=22 tokens=1 attn_norm=0.025 ms
ds4: metal layer stage part=decode layer=17 pos=22 tokens=1 q_path=0.317 ms
ds4: metal layer stage part=decode layer=17 pos=22 tokens=1 kv_path=0.260 ms
ds4: metal layer stage part=decode layer=17 pos=22 tokens=1 compressor_indexer=0.215 ms
ds4: metal layer stage part=decode layer=17 pos=22 tokens=1 attention=0.276 ms
ds4: metal layer stage part=decode layer=17 pos=22 tokens=1 attn_output=0.345 ms
ds4: metal layer stage part=decode layer=17 pos=22 tokens=1 attn_hc_post=0.021 ms
ds4: metal layer stage part=decode layer=17 pos=22 tokens=1 ffn_hc_pre=0.285 ms
ds4: metal layer stage part=decode layer=17 pos=22 tokens=1 ffn_norm=0.025 ms
ds4: metal layer stage part=decode layer=17 pos=22 tokens=1 router=0.233 ms
ds4: metal layer stage part=decode layer=17 pos=22 tokens=1 routed_moe=0.392 ms
ds4: metal layer stage part=decode layer=17 pos=22 tokens=1 shared_gate_up=0.244 ms
ds4: metal layer stage part=decode layer=17 pos=22 tokens=1 shared_down=0.242 ms
ds4: metal layer stage part=decode layer=17 pos=22 tokens=1 ffn_hc_post=0.023 ms
ds4: metal layer stage part=decode layer=18 pos=22 tokens=1 attn_hc_pre=0.215 ms
ds4: metal layer stage part=decode layer=18 pos=22 tokens=1 attn_norm=0.023 ms
ds4: metal layer stage part=decode layer=18 pos=22 tokens=1 q_path=0.340 ms
ds4: metal layer stage part=decode layer=18 pos=22 tokens=1 kv_path=0.221 ms
ds4: metal layer stage part=decode layer=18 pos=22 tokens=1 compressor_indexer=0.237 ms
ds4: metal layer stage part=decode layer=18 pos=22 tokens=1 attention=0.258 ms
ds4: metal layer stage part=decode layer=18 pos=22 tokens=1 attn_output=0.387 ms
ds4: metal layer stage part=decode layer=18 pos=22 tokens=1 attn_hc_post=0.033 ms
ds4: metal layer stage part=decode layer=18 pos=22 tokens=1 ffn_hc_pre=0.239 ms
ds4: metal layer stage part=decode layer=18 pos=22 tokens=1 ffn_norm=0.032 ms
ds4: metal layer stage part=decode layer=18 pos=22 tokens=1 router=0.241 ms
ds4: metal layer stage part=decode layer=18 pos=22 tokens=1 routed_moe=0.362 ms
ds4: metal layer stage part=decode layer=18 pos=22 tokens=1 shared_gate_up=0.282 ms
ds4: metal layer stage part=decode layer=18 pos=22 tokens=1 shared_down=0.228 ms
ds4: metal layer stage part=decode layer=18 pos=22 tokens=1 ffn_hc_post=0.022 ms
ds4: metal layer stage part=decode layer=19 pos=22 tokens=1 attn_hc_pre=0.237 ms
ds4: metal layer stage part=decode layer=19 pos=22 tokens=1 attn_norm=0.025 ms
ds4: metal layer stage part=decode layer=19 pos=22 tokens=1 q_path=0.296 ms
ds4: metal layer stage part=decode layer=19 pos=22 tokens=1 kv_path=0.213 ms
ds4: metal layer stage part=decode layer=19 pos=22 tokens=1 compressor_indexer=0.256 ms
ds4: metal layer stage part=decode layer=19 pos=22 tokens=1 attention=0.283 ms
ds4: metal layer stage part=decode layer=19 pos=22 tokens=1 attn_output=0.346 ms
ds4: metal layer stage part=decode layer=19 pos=22 tokens=1 attn_hc_post=0.022 ms
ds4: metal layer stage part=decode layer=19 pos=22 tokens=1 ffn_hc_pre=0.289 ms
ds4: metal layer stage part=decode layer=19 pos=22 tokens=1 ffn_norm=0.023 ms
ds4: metal layer stage part=decode layer=19 pos=22 tokens=1 router=0.222 ms
ds4: metal layer stage part=decode layer=19 pos=22 tokens=1 routed_moe=0.411 ms
ds4: metal layer stage part=decode layer=19 pos=22 tokens=1 shared_gate_up=0.315 ms
ds4: metal layer stage part=decode layer=19 pos=22 tokens=1 shared_down=0.224 ms
ds4: metal layer stage part=decode layer=19 pos=22 tokens=1 ffn_hc_post=0.025 ms
ds4: metal layer stage part=decode layer=20 pos=22 tokens=1 attn_hc_pre=0.192 ms
ds4: metal layer stage part=decode layer=20 pos=22 tokens=1 attn_norm=0.024 ms
ds4: metal layer stage part=decode layer=20 pos=22 tokens=1 q_path=0.291 ms
ds4: metal layer stage part=decode layer=20 pos=22 tokens=1 kv_path=0.216 ms
ds4: metal layer stage part=decode layer=20 pos=22 tokens=1 compressor_indexer=0.245 ms
ds4: metal layer stage part=decode layer=20 pos=22 tokens=1 attention=0.275 ms
ds4: metal layer stage part=decode layer=20 pos=22 tokens=1 attn_output=0.344 ms
ds4: metal layer stage part=decode layer=20 pos=22 tokens=1 attn_hc_post=0.024 ms
ds4: metal layer stage part=decode layer=20 pos=22 tokens=1 ffn_hc_pre=0.204 ms
ds4: metal layer stage part=decode layer=20 pos=22 tokens=1 ffn_norm=0.026 ms
ds4: metal layer stage part=decode layer=20 pos=22 tokens=1 router=0.192 ms
ds4: metal layer stage part=decode layer=20 pos=22 tokens=1 routed_moe=0.346 ms
ds4: metal layer stage part=decode layer=20 pos=22 tokens=1 shared_gate_up=0.215 ms
ds4: metal layer stage part=decode layer=20 pos=22 tokens=1 shared_down=0.207 ms
ds4: metal layer stage part=decode layer=20 pos=22 tokens=1 ffn_hc_post=0.023 ms
ds4: metal layer stage part=decode layer=21 pos=22 tokens=1 attn_hc_pre=0.206 ms
ds4: metal layer stage part=decode layer=21 pos=22 tokens=1 attn_norm=0.025 ms
ds4: metal layer stage part=decode layer=21 pos=22 tokens=1 q_path=0.288 ms
ds4: metal layer stage part=decode layer=21 pos=22 tokens=1 kv_path=0.218 ms
ds4: metal layer stage part=decode layer=21 pos=22 tokens=1 compressor_indexer=0.261 ms
ds4: metal layer stage part=decode layer=21 pos=22 tokens=1 attention=0.289 ms
ds4: metal layer stage part=decode layer=21 pos=22 tokens=1 attn_output=0.343 ms
ds4: metal layer stage part=decode layer=21 pos=22 tokens=1 attn_hc_post=0.024 ms
ds4: metal layer stage part=decode layer=21 pos=22 tokens=1 ffn_hc_pre=0.274 ms
ds4: metal layer stage part=decode layer=21 pos=22 tokens=1 ffn_norm=0.025 ms
ds4: metal layer stage part=decode layer=21 pos=22 tokens=1 router=0.237 ms
ds4: metal layer stage part=decode layer=21 pos=22 tokens=1 routed_moe=0.372 ms
ds4: metal layer stage part=decode layer=21 pos=22 tokens=1 shared_gate_up=0.261 ms
ds4: metal layer stage part=decode layer=21 pos=22 tokens=1 shared_down=0.245 ms
ds4: metal layer stage part=decode layer=21 pos=22 tokens=1 ffn_hc_post=0.024 ms
ds4: metal layer stage part=decode layer=22 pos=22 tokens=1 attn_hc_pre=0.222 ms
ds4: metal layer stage part=decode layer=22 pos=22 tokens=1 attn_norm=0.025 ms
ds4: metal layer stage part=decode layer=22 pos=22 tokens=1 q_path=0.311 ms
ds4: metal layer stage part=decode layer=22 pos=22 tokens=1 kv_path=0.204 ms
ds4: metal layer stage part=decode layer=22 pos=22 tokens=1 compressor_indexer=0.284 ms
ds4: metal layer stage part=decode layer=22 pos=22 tokens=1 attention=0.241 ms
ds4: metal layer stage part=decode layer=22 pos=22 tokens=1 attn_output=0.359 ms
ds4: metal layer stage part=decode layer=22 pos=22 tokens=1 attn_hc_post=0.022 ms
ds4: metal layer stage part=decode layer=22 pos=22 tokens=1 ffn_hc_pre=0.199 ms
ds4: metal layer stage part=decode layer=22 pos=22 tokens=1 ffn_norm=0.023 ms
ds4: metal layer stage part=decode layer=22 pos=22 tokens=1 router=0.243 ms
ds4: metal layer stage part=decode layer=22 pos=22 tokens=1 routed_moe=0.424 ms
ds4: metal layer stage part=decode layer=22 pos=22 tokens=1 shared_gate_up=0.315 ms
ds4: metal layer stage part=decode layer=22 pos=22 tokens=1 shared_down=0.231 ms
ds4: metal layer stage part=decode layer=22 pos=22 tokens=1 ffn_hc_post=0.024 ms
ds4: metal layer stage part=decode layer=23 pos=22 tokens=1 attn_hc_pre=0.219 ms
ds4: metal layer stage part=decode layer=23 pos=22 tokens=1 attn_norm=0.022 ms
ds4: metal layer stage part=decode layer=23 pos=22 tokens=1 q_path=0.322 ms
ds4: metal layer stage part=decode layer=23 pos=22 tokens=1 kv_path=0.214 ms
ds4: metal layer stage part=decode layer=23 pos=22 tokens=1 compressor_indexer=0.229 ms
ds4: metal layer stage part=decode layer=23 pos=22 tokens=1 attention=0.293 ms
ds4: metal layer stage part=decode layer=23 pos=22 tokens=1 attn_output=0.349 ms
ds4: metal layer stage part=decode layer=23 pos=22 tokens=1 attn_hc_post=0.021 ms
ds4: metal layer stage part=decode layer=23 pos=22 tokens=1 ffn_hc_pre=0.277 ms
ds4: metal layer stage part=decode layer=23 pos=22 tokens=1 ffn_norm=0.023 ms
ds4: metal layer stage part=decode layer=23 pos=22 tokens=1 router=0.243 ms
ds4: metal layer stage part=decode layer=23 pos=22 tokens=1 routed_moe=0.378 ms
ds4: metal layer stage part=decode layer=23 pos=22 tokens=1 shared_gate_up=0.238 ms
ds4: metal layer stage part=decode layer=23 pos=22 tokens=1 shared_down=0.250 ms
ds4: metal layer stage part=decode layer=23 pos=22 tokens=1 ffn_hc_post=0.023 ms
ds4: metal layer stage part=decode layer=24 pos=22 tokens=1 attn_hc_pre=0.209 ms
ds4: metal layer stage part=decode layer=24 pos=22 tokens=1 attn_norm=0.024 ms
ds4: metal layer stage part=decode layer=24 pos=22 tokens=1 q_path=0.366 ms
ds4: metal layer stage part=decode layer=24 pos=22 tokens=1 kv_path=0.213 ms
ds4: metal layer stage part=decode layer=24 pos=22 tokens=1 compressor_indexer=0.238 ms
ds4: metal layer stage part=decode layer=24 pos=22 tokens=1 attention=0.255 ms
ds4: metal layer stage part=decode layer=24 pos=22 tokens=1 attn_output=0.387 ms
ds4: metal layer stage part=decode layer=24 pos=22 tokens=1 attn_hc_post=0.022 ms
ds4: metal layer stage part=decode layer=24 pos=22 tokens=1 ffn_hc_pre=0.250 ms
ds4: metal layer stage part=decode layer=24 pos=22 tokens=1 ffn_norm=0.030 ms
ds4: metal layer stage part=decode layer=24 pos=22 tokens=1 router=0.218 ms
ds4: metal layer stage part=decode layer=24 pos=22 tokens=1 routed_moe=0.413 ms
ds4: metal layer stage part=decode layer=24 pos=22 tokens=1 shared_gate_up=0.233 ms
ds4: metal layer stage part=decode layer=24 pos=22 tokens=1 shared_down=0.262 ms
ds4: metal layer stage part=decode layer=24 pos=22 tokens=1 ffn_hc_post=0.024 ms
ds4: metal layer stage part=decode layer=25 pos=22 tokens=1 attn_hc_pre=0.208 ms
ds4: metal layer stage part=decode layer=25 pos=22 tokens=1 attn_norm=0.026 ms
ds4: metal layer stage part=decode layer=25 pos=22 tokens=1 q_path=0.316 ms
ds4: metal layer stage part=decode layer=25 pos=22 tokens=1 kv_path=0.224 ms
ds4: metal layer stage part=decode layer=25 pos=22 tokens=1 compressor_indexer=0.393 ms
ds4: metal layer stage part=decode layer=25 pos=22 tokens=1 attention=0.280 ms
ds4: metal layer stage part=decode layer=25 pos=22 tokens=1 attn_output=0.370 ms
ds4: metal layer stage part=decode layer=25 pos=22 tokens=1 attn_hc_post=0.026 ms
ds4: metal layer stage part=decode layer=25 pos=22 tokens=1 ffn_hc_pre=0.210 ms
ds4: metal layer stage part=decode layer=25 pos=22 tokens=1 ffn_norm=0.021 ms
ds4: metal layer stage part=decode layer=25 pos=22 tokens=1 router=0.199 ms
ds4: metal layer stage part=decode layer=25 pos=22 tokens=1 routed_moe=0.427 ms
ds4: metal layer stage part=decode layer=25 pos=22 tokens=1 shared_gate_up=0.422 ms
ds4: metal layer stage part=decode layer=25 pos=22 tokens=1 shared_down=0.461 ms
ds4: metal layer stage part=decode layer=25 pos=22 tokens=1 ffn_hc_post=0.030 ms
ds4: metal layer stage part=decode layer=26 pos=22 tokens=1 attn_hc_pre=0.207 ms
ds4: metal layer stage part=decode layer=26 pos=22 tokens=1 attn_norm=0.026 ms
ds4: metal layer stage part=decode layer=26 pos=22 tokens=1 q_path=0.346 ms
ds4: metal layer stage part=decode layer=26 pos=22 tokens=1 kv_path=0.216 ms
ds4: metal layer stage part=decode layer=26 pos=22 tokens=1 compressor_indexer=0.238 ms
ds4: metal layer stage part=decode layer=26 pos=22 tokens=1 attention=0.251 ms
ds4: metal layer stage part=decode layer=26 pos=22 tokens=1 attn_output=0.410 ms
ds4: metal layer stage part=decode layer=26 pos=22 tokens=1 attn_hc_post=0.024 ms
ds4: metal layer stage part=decode layer=26 pos=22 tokens=1 ffn_hc_pre=0.267 ms
ds4: metal layer stage part=decode layer=26 pos=22 tokens=1 ffn_norm=0.028 ms
ds4: metal layer stage part=decode layer=26 pos=22 tokens=1 router=0.225 ms
ds4: metal layer stage part=decode layer=26 pos=22 tokens=1 routed_moe=0.392 ms
ds4: metal layer stage part=decode layer=26 pos=22 tokens=1 shared_gate_up=0.240 ms
ds4: metal layer stage part=decode layer=26 pos=22 tokens=1 shared_down=0.230 ms
ds4: metal layer stage part=decode layer=26 pos=22 tokens=1 ffn_hc_post=0.025 ms
ds4: metal layer stage part=decode layer=27 pos=22 tokens=1 attn_hc_pre=0.230 ms
ds4: metal layer stage part=decode layer=27 pos=22 tokens=1 attn_norm=0.025 ms
ds4: metal layer stage part=decode layer=27 pos=22 tokens=1 q_path=0.331 ms
ds4: metal layer stage part=decode layer=27 pos=22 tokens=1 kv_path=0.219 ms
ds4: metal layer stage part=decode layer=27 pos=22 tokens=1 compressor_indexer=0.214 ms
ds4: metal layer stage part=decode layer=27 pos=22 tokens=1 attention=0.285 ms
ds4: metal layer stage part=decode layer=27 pos=22 tokens=1 attn_output=0.346 ms
ds4: metal layer stage part=decode layer=27 pos=22 tokens=1 attn_hc_post=0.030 ms
ds4: metal layer stage part=decode layer=27 pos=22 tokens=1 ffn_hc_pre=0.197 ms
ds4: metal layer stage part=decode layer=27 pos=22 tokens=1 ffn_norm=0.024 ms
ds4: metal layer stage part=decode layer=27 pos=22 tokens=1 router=0.196 ms
ds4: metal layer stage part=decode layer=27 pos=22 tokens=1 routed_moe=0.356 ms
ds4: metal layer stage part=decode layer=27 pos=22 tokens=1 shared_gate_up=0.300 ms
ds4: metal layer stage part=decode layer=27 pos=22 tokens=1 shared_down=0.243 ms
ds4: metal layer stage part=decode layer=27 pos=22 tokens=1 ffn_hc_post=0.027 ms
ds4: metal layer stage part=decode layer=28 pos=22 tokens=1 attn_hc_pre=0.221 ms
ds4: metal layer stage part=decode layer=28 pos=22 tokens=1 attn_norm=0.025 ms
ds4: metal layer stage part=decode layer=28 pos=22 tokens=1 q_path=0.313 ms
ds4: metal layer stage part=decode layer=28 pos=22 tokens=1 kv_path=0.290 ms
ds4: metal layer stage part=decode layer=28 pos=22 tokens=1 compressor_indexer=0.286 ms
ds4: metal layer stage part=decode layer=28 pos=22 tokens=1 attention=0.293 ms
ds4: metal layer stage part=decode layer=28 pos=22 tokens=1 attn_output=0.350 ms
ds4: metal layer stage part=decode layer=28 pos=22 tokens=1 attn_hc_post=0.027 ms
ds4: metal layer stage part=decode layer=28 pos=22 tokens=1 ffn_hc_pre=0.250 ms
ds4: metal layer stage part=decode layer=28 pos=22 tokens=1 ffn_norm=0.027 ms
ds4: metal layer stage part=decode layer=28 pos=22 tokens=1 router=0.227 ms
ds4: metal layer stage part=decode layer=28 pos=22 tokens=1 routed_moe=0.459 ms
ds4: metal layer stage part=decode layer=28 pos=22 tokens=1 shared_gate_up=0.266 ms
ds4: metal layer stage part=decode layer=28 pos=22 tokens=1 shared_down=0.208 ms
ds4: metal layer stage part=decode layer=28 pos=22 tokens=1 ffn_hc_post=0.025 ms
ds4: metal layer stage part=decode layer=29 pos=22 tokens=1 attn_hc_pre=0.181 ms
ds4: metal layer stage part=decode layer=29 pos=22 tokens=1 attn_norm=0.025 ms
ds4: metal layer stage part=decode layer=29 pos=22 tokens=1 q_path=0.329 ms
ds4: metal layer stage part=decode layer=29 pos=22 tokens=1 kv_path=0.211 ms
ds4: metal layer stage part=decode layer=29 pos=22 tokens=1 compressor_indexer=0.240 ms
ds4: metal layer stage part=decode layer=29 pos=22 tokens=1 attention=0.269 ms
ds4: metal layer stage part=decode layer=29 pos=22 tokens=1 attn_output=0.360 ms
ds4: metal layer stage part=decode layer=29 pos=22 tokens=1 attn_hc_post=0.022 ms
ds4: metal layer stage part=decode layer=29 pos=22 tokens=1 ffn_hc_pre=0.277 ms
ds4: metal layer stage part=decode layer=29 pos=22 tokens=1 ffn_norm=0.021 ms
ds4: metal layer stage part=decode layer=29 pos=22 tokens=1 router=0.227 ms
ds4: metal layer stage part=decode layer=29 pos=22 tokens=1 routed_moe=0.402 ms
ds4: metal layer stage part=decode layer=29 pos=22 tokens=1 shared_gate_up=0.224 ms
ds4: metal layer stage part=decode layer=29 pos=22 tokens=1 shared_down=0.248 ms
ds4: metal layer stage part=decode layer=29 pos=22 tokens=1 ffn_hc_post=0.025 ms
ds4: metal layer stage part=decode layer=30 pos=22 tokens=1 attn_hc_pre=0.246 ms
ds4: metal layer stage part=decode layer=30 pos=22 tokens=1 attn_norm=0.029 ms
ds4: metal layer stage part=decode layer=30 pos=22 tokens=1 q_path=0.299 ms
ds4: metal layer stage part=decode layer=30 pos=22 tokens=1 kv_path=0.221 ms
ds4: metal layer stage part=decode layer=30 pos=22 tokens=1 compressor_indexer=0.248 ms
ds4: metal layer stage part=decode layer=30 pos=22 tokens=1 attention=0.275 ms
ds4: metal layer stage part=decode layer=30 pos=22 tokens=1 attn_output=0.434 ms
ds4: metal layer stage part=decode layer=30 pos=22 tokens=1 attn_hc_post=0.022 ms
ds4: metal layer stage part=decode layer=30 pos=22 tokens=1 ffn_hc_pre=0.234 ms
ds4: metal layer stage part=decode layer=30 pos=22 tokens=1 ffn_norm=0.028 ms
ds4: metal layer stage part=decode layer=30 pos=22 tokens=1 router=0.256 ms
ds4: metal layer stage part=decode layer=30 pos=22 tokens=1 routed_moe=0.447 ms
ds4: metal layer stage part=decode layer=30 pos=22 tokens=1 shared_gate_up=0.288 ms
ds4: metal layer stage part=decode layer=30 pos=22 tokens=1 shared_down=0.247 ms
ds4: metal layer stage part=decode layer=30 pos=22 tokens=1 ffn_hc_post=0.023 ms
ds4: metal layer stage part=decode layer=31 pos=22 tokens=1 attn_hc_pre=0.229 ms
ds4: metal layer stage part=decode layer=31 pos=22 tokens=1 attn_norm=0.027 ms
ds4: metal layer stage part=decode layer=31 pos=22 tokens=1 q_path=0.311 ms
ds4: metal layer stage part=decode layer=31 pos=22 tokens=1 kv_path=0.268 ms
ds4: metal layer stage part=decode layer=31 pos=22 tokens=1 compressor_indexer=0.273 ms
ds4: metal layer stage part=decode layer=31 pos=22 tokens=1 attention=0.298 ms
ds4: metal layer stage part=decode layer=31 pos=22 tokens=1 attn_output=0.349 ms
ds4: metal layer stage part=decode layer=31 pos=22 tokens=1 attn_hc_post=0.020 ms
ds4: metal layer stage part=decode layer=31 pos=22 tokens=1 ffn_hc_pre=0.273 ms
ds4: metal layer stage part=decode layer=31 pos=22 tokens=1 ffn_norm=0.020 ms
ds4: metal layer stage part=decode layer=31 pos=22 tokens=1 router=0.226 ms
ds4: metal layer stage part=decode layer=31 pos=22 tokens=1 routed_moe=0.399 ms
ds4: metal layer stage part=decode layer=31 pos=22 tokens=1 shared_gate_up=0.274 ms
ds4: metal layer stage part=decode layer=31 pos=22 tokens=1 shared_down=0.234 ms
ds4: metal layer stage part=decode layer=31 pos=22 tokens=1 ffn_hc_post=0.026 ms
ds4: metal layer stage part=decode layer=32 pos=22 tokens=1 attn_hc_pre=0.209 ms
ds4: metal layer stage part=decode layer=32 pos=22 tokens=1 attn_norm=0.028 ms
ds4: metal layer stage part=decode layer=32 pos=22 tokens=1 q_path=0.292 ms
ds4: metal layer stage part=decode layer=32 pos=22 tokens=1 kv_path=0.219 ms
ds4: metal layer stage part=decode layer=32 pos=22 tokens=1 compressor_indexer=0.252 ms
ds4: metal layer stage part=decode layer=32 pos=22 tokens=1 attention=0.302 ms
ds4: metal layer stage part=decode layer=32 pos=22 tokens=1 attn_output=0.341 ms
ds4: metal layer stage part=decode layer=32 pos=22 tokens=1 attn_hc_post=0.032 ms
ds4: metal layer stage part=decode layer=32 pos=22 tokens=1 ffn_hc_pre=0.272 ms
ds4: metal layer stage part=decode layer=32 pos=22 tokens=1 ffn_norm=0.033 ms
ds4: metal layer stage part=decode layer=32 pos=22 tokens=1 router=0.223 ms
ds4: metal layer stage part=decode layer=32 pos=22 tokens=1 routed_moe=0.384 ms
ds4: metal layer stage part=decode layer=32 pos=22 tokens=1 shared_gate_up=0.246 ms
ds4: metal layer stage part=decode layer=32 pos=22 tokens=1 shared_down=0.234 ms
ds4: metal layer stage part=decode layer=32 pos=22 tokens=1 ffn_hc_post=0.025 ms
ds4: metal layer stage part=decode layer=33 pos=22 tokens=1 attn_hc_pre=0.413 ms
ds4: metal layer stage part=decode layer=33 pos=22 tokens=1 attn_norm=0.023 ms
ds4: metal layer stage part=decode layer=33 pos=22 tokens=1 q_path=0.299 ms
ds4: metal layer stage part=decode layer=33 pos=22 tokens=1 kv_path=0.296 ms
ds4: metal layer stage part=decode layer=33 pos=22 tokens=1 compressor_indexer=0.255 ms
ds4: metal layer stage part=decode layer=33 pos=22 tokens=1 attention=0.321 ms
ds4: metal layer stage part=decode layer=33 pos=22 tokens=1 attn_output=0.356 ms
ds4: metal layer stage part=decode layer=33 pos=22 tokens=1 attn_hc_post=0.032 ms
ds4: metal layer stage part=decode layer=33 pos=22 tokens=1 ffn_hc_pre=0.240 ms
ds4: metal layer stage part=decode layer=33 pos=22 tokens=1 ffn_norm=0.024 ms
ds4: metal layer stage part=decode layer=33 pos=22 tokens=1 router=0.214 ms
ds4: metal layer stage part=decode layer=33 pos=22 tokens=1 routed_moe=0.318 ms
ds4: metal layer stage part=decode layer=33 pos=22 tokens=1 shared_gate_up=0.289 ms
ds4: metal layer stage part=decode layer=33 pos=22 tokens=1 shared_down=0.287 ms
ds4: metal layer stage part=decode layer=33 pos=22 tokens=1 ffn_hc_post=0.028 ms
ds4: metal layer stage part=decode layer=34 pos=22 tokens=1 attn_hc_pre=0.213 ms
ds4: metal layer stage part=decode layer=34 pos=22 tokens=1 attn_norm=0.025 ms
ds4: metal layer stage part=decode layer=34 pos=22 tokens=1 q_path=0.325 ms
ds4: metal layer stage part=decode layer=34 pos=22 tokens=1 kv_path=0.212 ms
ds4: metal layer stage part=decode layer=34 pos=22 tokens=1 compressor_indexer=0.255 ms
ds4: metal layer stage part=decode layer=34 pos=22 tokens=1 attention=0.271 ms
ds4: metal layer stage part=decode layer=34 pos=22 tokens=1 attn_output=0.402 ms
ds4: metal layer stage part=decode layer=34 pos=22 tokens=1 attn_hc_post=0.031 ms
ds4: metal layer stage part=decode layer=34 pos=22 tokens=1 ffn_hc_pre=0.223 ms
ds4: metal layer stage part=decode layer=34 pos=22 tokens=1 ffn_norm=0.029 ms
ds4: metal layer stage part=decode layer=34 pos=22 tokens=1 router=0.225 ms
ds4: metal layer stage part=decode layer=34 pos=22 tokens=1 routed_moe=0.385 ms
ds4: metal layer stage part=decode layer=34 pos=22 tokens=1 shared_gate_up=0.240 ms
ds4: metal layer stage part=decode layer=34 pos=22 tokens=1 shared_down=0.274 ms
ds4: metal layer stage part=decode layer=34 pos=22 tokens=1 ffn_hc_post=0.029 ms
ds4: metal layer stage part=decode layer=35 pos=22 tokens=1 attn_hc_pre=0.195 ms
ds4: metal layer stage part=decode layer=35 pos=22 tokens=1 attn_norm=0.027 ms
ds4: metal layer stage part=decode layer=35 pos=22 tokens=1 q_path=0.305 ms
ds4: metal layer stage part=decode layer=35 pos=22 tokens=1 kv_path=0.203 ms
ds4: metal layer stage part=decode layer=35 pos=22 tokens=1 compressor_indexer=0.264 ms
ds4: metal layer stage part=decode layer=35 pos=22 tokens=1 attention=0.281 ms
ds4: metal layer stage part=decode layer=35 pos=22 tokens=1 attn_output=0.359 ms
ds4: metal layer stage part=decode layer=35 pos=22 tokens=1 attn_hc_post=0.021 ms
ds4: metal layer stage part=decode layer=35 pos=22 tokens=1 ffn_hc_pre=0.348 ms
ds4: metal layer stage part=decode layer=35 pos=22 tokens=1 ffn_norm=0.023 ms
ds4: metal layer stage part=decode layer=35 pos=22 tokens=1 router=0.260 ms
ds4: metal layer stage part=decode layer=35 pos=22 tokens=1 routed_moe=0.390 ms
ds4: metal layer stage part=decode layer=35 pos=22 tokens=1 shared_gate_up=0.228 ms
ds4: metal layer stage part=decode layer=35 pos=22 tokens=1 shared_down=0.218 ms
ds4: metal layer stage part=decode layer=35 pos=22 tokens=1 ffn_hc_post=0.019 ms
ds4: metal layer stage part=decode layer=36 pos=22 tokens=1 attn_hc_pre=0.187 ms
ds4: metal layer stage part=decode layer=36 pos=22 tokens=1 attn_norm=0.021 ms
ds4: metal layer stage part=decode layer=36 pos=22 tokens=1 q_path=0.300 ms
ds4: metal layer stage part=decode layer=36 pos=22 tokens=1 kv_path=0.209 ms
ds4: metal layer stage part=decode layer=36 pos=22 tokens=1 compressor_indexer=0.282 ms
ds4: metal layer stage part=decode layer=36 pos=22 tokens=1 attention=0.262 ms
ds4: metal layer stage part=decode layer=36 pos=22 tokens=1 attn_output=0.344 ms
ds4: metal layer stage part=decode layer=36 pos=22 tokens=1 attn_hc_post=0.021 ms
ds4: metal layer stage part=decode layer=36 pos=22 tokens=1 ffn_hc_pre=0.277 ms
ds4: metal layer stage part=decode layer=36 pos=22 tokens=1 ffn_norm=0.032 ms
ds4: metal layer stage part=decode layer=36 pos=22 tokens=1 router=0.222 ms
ds4: metal layer stage part=decode layer=36 pos=22 tokens=1 routed_moe=0.399 ms
ds4: metal layer stage part=decode layer=36 pos=22 tokens=1 shared_gate_up=0.253 ms
ds4: metal layer stage part=decode layer=36 pos=22 tokens=1 shared_down=0.261 ms
ds4: metal layer stage part=decode layer=36 pos=22 tokens=1 ffn_hc_post=0.031 ms
ds4: metal layer stage part=decode layer=37 pos=22 tokens=1 attn_hc_pre=0.216 ms
ds4: metal layer stage part=decode layer=37 pos=22 tokens=1 attn_norm=0.028 ms
ds4: metal layer stage part=decode layer=37 pos=22 tokens=1 q_path=0.309 ms
ds4: metal layer stage part=decode layer=37 pos=22 tokens=1 kv_path=0.224 ms
ds4: metal layer stage part=decode layer=37 pos=22 tokens=1 compressor_indexer=0.228 ms
ds4: metal layer stage part=decode layer=37 pos=22 tokens=1 attention=0.260 ms
ds4: metal layer stage part=decode layer=37 pos=22 tokens=1 attn_output=0.372 ms
ds4: metal layer stage part=decode layer=37 pos=22 tokens=1 attn_hc_post=0.024 ms
ds4: metal layer stage part=decode layer=37 pos=22 tokens=1 ffn_hc_pre=0.274 ms
ds4: metal layer stage part=decode layer=37 pos=22 tokens=1 ffn_norm=0.023 ms
ds4: metal layer stage part=decode layer=37 pos=22 tokens=1 router=0.238 ms
ds4: metal layer stage part=decode layer=37 pos=22 tokens=1 routed_moe=0.372 ms
ds4: metal layer stage part=decode layer=37 pos=22 tokens=1 shared_gate_up=0.227 ms
ds4: metal layer stage part=decode layer=37 pos=22 tokens=1 shared_down=0.278 ms
ds4: metal layer stage part=decode layer=37 pos=22 tokens=1 ffn_hc_post=0.022 ms
ds4: metal layer stage part=decode layer=38 pos=22 tokens=1 attn_hc_pre=0.215 ms
ds4: metal layer stage part=decode layer=38 pos=22 tokens=1 attn_norm=0.023 ms
ds4: metal layer stage part=decode layer=38 pos=22 tokens=1 q_path=0.306 ms
ds4: metal layer stage part=decode layer=38 pos=22 tokens=1 kv_path=0.204 ms
ds4: metal layer stage part=decode layer=38 pos=22 tokens=1 compressor_indexer=0.458 ms
ds4: metal layer stage part=decode layer=38 pos=22 tokens=1 attention=0.283 ms
ds4: metal layer stage part=decode layer=38 pos=22 tokens=1 attn_output=0.424 ms
ds4: metal layer stage part=decode layer=38 pos=22 tokens=1 attn_hc_post=0.025 ms
ds4: metal layer stage part=decode layer=38 pos=22 tokens=1 ffn_hc_pre=0.276 ms
ds4: metal layer stage part=decode layer=38 pos=22 tokens=1 ffn_norm=0.029 ms
ds4: metal layer stage part=decode layer=38 pos=22 tokens=1 router=0.213 ms
ds4: metal layer stage part=decode layer=38 pos=22 tokens=1 routed_moe=0.410 ms
ds4: metal layer stage part=decode layer=38 pos=22 tokens=1 shared_gate_up=0.234 ms
ds4: metal layer stage part=decode layer=38 pos=22 tokens=1 shared_down=0.260 ms
ds4: metal layer stage part=decode layer=38 pos=22 tokens=1 ffn_hc_post=0.028 ms
ds4: metal layer stage part=decode layer=39 pos=22 tokens=1 attn_hc_pre=0.213 ms
ds4: metal layer stage part=decode layer=39 pos=22 tokens=1 attn_norm=0.025 ms
ds4: metal layer stage part=decode layer=39 pos=22 tokens=1 q_path=0.303 ms
ds4: metal layer stage part=decode layer=39 pos=22 tokens=1 kv_path=0.218 ms
ds4: metal layer stage part=decode layer=39 pos=22 tokens=1 compressor_indexer=0.216 ms
ds4: metal layer stage part=decode layer=39 pos=22 tokens=1 attention=0.323 ms
ds4: metal layer stage part=decode layer=39 pos=22 tokens=1 attn_output=0.349 ms
ds4: metal layer stage part=decode layer=39 pos=22 tokens=1 attn_hc_post=0.021 ms
ds4: metal layer stage part=decode layer=39 pos=22 tokens=1 ffn_hc_pre=0.268 ms
ds4: metal layer stage part=decode layer=39 pos=22 tokens=1 ffn_norm=0.023 ms
ds4: metal layer stage part=decode layer=39 pos=22 tokens=1 router=0.258 ms
ds4: metal layer stage part=decode layer=39 pos=22 tokens=1 routed_moe=0.384 ms
ds4: metal layer stage part=decode layer=39 pos=22 tokens=1 shared_gate_up=0.236 ms
ds4: metal layer stage part=decode layer=39 pos=22 tokens=1 shared_down=0.247 ms
ds4: metal layer stage part=decode layer=39 pos=22 tokens=1 ffn_hc_post=0.026 ms
ds4: metal layer stage part=decode layer=40 pos=22 tokens=1 attn_hc_pre=0.207 ms
ds4: metal layer stage part=decode layer=40 pos=22 tokens=1 attn_norm=0.032 ms
ds4: metal layer stage part=decode layer=40 pos=22 tokens=1 q_path=0.298 ms
ds4: metal layer stage part=decode layer=40 pos=22 tokens=1 kv_path=0.211 ms
ds4: metal layer stage part=decode layer=40 pos=22 tokens=1 compressor_indexer=0.279 ms
ds4: metal layer stage part=decode layer=40 pos=22 tokens=1 attention=0.258 ms
ds4: metal layer stage part=decode layer=40 pos=22 tokens=1 attn_output=0.358 ms
ds4: metal layer stage part=decode layer=40 pos=22 tokens=1 attn_hc_post=0.028 ms
ds4: metal layer stage part=decode layer=40 pos=22 tokens=1 ffn_hc_pre=0.192 ms
ds4: metal layer stage part=decode layer=40 pos=22 tokens=1 ffn_norm=0.026 ms
ds4: metal layer stage part=decode layer=40 pos=22 tokens=1 router=0.208 ms
ds4: metal layer stage part=decode layer=40 pos=22 tokens=1 routed_moe=0.363 ms
ds4: metal layer stage part=decode layer=40 pos=22 tokens=1 shared_gate_up=0.365 ms
ds4: metal layer stage part=decode layer=40 pos=22 tokens=1 shared_down=0.277 ms
ds4: metal layer stage part=decode layer=40 pos=22 tokens=1 ffn_hc_post=0.028 ms
ds4: metal layer stage part=decode layer=41 pos=22 tokens=1 attn_hc_pre=0.213 ms
ds4: metal layer stage part=decode layer=41 pos=22 tokens=1 attn_norm=0.022 ms
ds4: metal layer stage part=decode layer=41 pos=22 tokens=1 q_path=0.295 ms
ds4: metal layer stage part=decode layer=41 pos=22 tokens=1 kv_path=0.223 ms
ds4: metal layer stage part=decode layer=41 pos=22 tokens=1 compressor_indexer=0.221 ms
ds4: metal layer stage part=decode layer=41 pos=22 tokens=1 attention=0.318 ms
ds4: metal layer stage part=decode layer=41 pos=22 tokens=1 attn_output=0.348 ms
ds4: metal layer stage part=decode layer=41 pos=22 tokens=1 attn_hc_post=0.020 ms
ds4: metal layer stage part=decode layer=41 pos=22 tokens=1 ffn_hc_pre=0.273 ms
ds4: metal layer stage part=decode layer=41 pos=22 tokens=1 ffn_norm=0.020 ms
ds4: metal layer stage part=decode layer=41 pos=22 tokens=1 router=0.232 ms
ds4: metal layer stage part=decode layer=41 pos=22 tokens=1 routed_moe=0.384 ms
ds4: metal layer stage part=decode layer=41 pos=22 tokens=1 shared_gate_up=0.244 ms
ds4: metal layer stage part=decode layer=41 pos=22 tokens=1 shared_down=0.257 ms
ds4: metal layer stage part=decode layer=41 pos=22 tokens=1 ffn_hc_post=0.025 ms
ds4: metal layer stage part=decode layer=42 pos=22 tokens=1 attn_hc_pre=0.200 ms
ds4: metal layer stage part=decode layer=42 pos=22 tokens=1 attn_norm=0.023 ms
ds4: metal layer stage part=decode layer=42 pos=22 tokens=1 q_path=0.311 ms
ds4: metal layer stage part=decode layer=42 pos=22 tokens=1 kv_path=0.213 ms
ds4: metal layer stage part=decode layer=42 pos=22 tokens=1 compressor_indexer=0.293 ms
ds4: metal layer stage part=decode layer=42 pos=22 tokens=1 attention=0.296 ms
ds4: metal layer stage part=decode layer=42 pos=22 tokens=1 attn_output=0.343 ms
ds4: metal layer stage part=decode layer=42 pos=22 tokens=1 attn_hc_post=0.030 ms
ds4: metal layer stage part=decode layer=42 pos=22 tokens=1 ffn_hc_pre=0.228 ms
ds4: metal layer stage part=decode layer=42 pos=22 tokens=1 ffn_norm=0.024 ms
ds4: metal layer stage part=decode layer=42 pos=22 tokens=1 router=0.237 ms
ds4: metal layer stage part=decode layer=42 pos=22 tokens=1 routed_moe=0.485 ms
ds4: metal layer stage part=decode layer=42 pos=22 tokens=1 shared_gate_up=0.329 ms
ds4: metal layer stage part=decode layer=42 pos=22 tokens=1 shared_down=0.247 ms
ds4: metal layer stage part=decode layer=42 pos=22 tokens=1 ffn_hc_post=0.022 ms
ds4: metal layer stage part=decode layer=0 pos=23 tokens=1 attn_hc_pre=0.288 ms
ds4: metal layer stage part=decode layer=0 pos=23 tokens=1 attn_norm=0.027 ms
ds4: metal layer stage part=decode layer=0 pos=23 tokens=1 q_path=0.348 ms
ds4: metal layer stage part=decode layer=0 pos=23 tokens=1 kv_path=0.209 ms
ds4: metal layer stage part=decode layer=0 pos=23 tokens=1 compressor_indexer=0.023 ms
ds4: metal layer stage part=decode layer=0 pos=23 tokens=1 attention=0.236 ms
ds4: metal layer stage part=decode layer=0 pos=23 tokens=1 attn_output=0.367 ms
ds4: metal layer stage part=decode layer=0 pos=23 tokens=1 attn_hc_post=0.023 ms
ds4: metal layer stage part=decode layer=0 pos=24 tokens=1 attn_hc_pre=0.263 ms
ds4: metal layer stage part=decode layer=0 pos=24 tokens=1 attn_norm=0.026 ms
ds4: metal layer stage part=decode layer=0 pos=24 tokens=1 q_path=0.306 ms
ds4: metal layer stage part=decode layer=0 pos=24 tokens=1 kv_path=0.289 ms
ds4: metal layer stage part=decode layer=0 pos=24 tokens=1 compressor_indexer=0.028 ms
ds4: metal layer stage part=decode layer=0 pos=24 tokens=1 attention=0.252 ms
ds4: metal layer stage part=decode layer=0 pos=24 tokens=1 attn_output=0.351 ms
ds4: metal layer stage part=decode layer=0 pos=24 tokens=1 attn_hc_post=0.024 ms
ds4: metal layer stage part=ffn layer=0 pos=23 tokens=2 hc_pre=0.205 ms
ds4: metal layer stage part=ffn layer=0 pos=23 tokens=2 norm=0.022 ms
ds4: metal layer stage part=ffn layer=0 pos=23 tokens=2 router=0.216 ms
ds4: metal layer stage part=ffn layer=0 pos=23 tokens=2 routed_moe=0.453 ms
ds4: metal layer stage part=ffn layer=0 pos=23 tokens=2 shared_gate_up=0.253 ms
ds4: metal layer stage part=ffn layer=0 pos=23 tokens=2 shared_down=0.278 ms
ds4: metal layer stage part=ffn layer=0 pos=23 tokens=2 hc_post=0.030 ms
ds4: metal layer stage part=decode layer=1 pos=23 tokens=1 attn_hc_pre=0.192 ms
ds4: metal layer stage part=decode layer=1 pos=23 tokens=1 attn_norm=0.026 ms
ds4: metal layer stage part=decode layer=1 pos=23 tokens=1 q_path=0.337 ms
ds4: metal layer stage part=decode layer=1 pos=23 tokens=1 kv_path=0.208 ms
ds4: metal layer stage part=decode layer=1 pos=23 tokens=1 compressor_indexer=0.026 ms
ds4: metal layer stage part=decode layer=1 pos=23 tokens=1 attention=0.232 ms
ds4: metal layer stage part=decode layer=1 pos=23 tokens=1 attn_output=0.349 ms
ds4: metal layer stage part=decode layer=1 pos=23 tokens=1 attn_hc_post=0.026 ms
ds4: metal layer stage part=decode layer=1 pos=24 tokens=1 attn_hc_pre=0.189 ms
ds4: metal layer stage part=decode layer=1 pos=24 tokens=1 attn_norm=0.031 ms
ds4: metal layer stage part=decode layer=1 pos=24 tokens=1 q_path=0.274 ms
ds4: metal layer stage part=decode layer=1 pos=24 tokens=1 kv_path=0.215 ms
ds4: metal layer stage part=decode layer=1 pos=24 tokens=1 compressor_indexer=0.026 ms
ds4: metal layer stage part=decode layer=1 pos=24 tokens=1 attention=0.217 ms
ds4: metal layer stage part=decode layer=1 pos=24 tokens=1 attn_output=0.442 ms
ds4: metal layer stage part=decode layer=1 pos=24 tokens=1 attn_hc_post=0.056 ms
ds4: metal layer stage part=ffn layer=1 pos=23 tokens=2 hc_pre=0.187 ms
ds4: metal layer stage part=ffn layer=1 pos=23 tokens=2 norm=0.029 ms
ds4: metal layer stage part=ffn layer=1 pos=23 tokens=2 router=0.278 ms
ds4: metal layer stage part=ffn layer=1 pos=23 tokens=2 routed_moe=0.472 ms
ds4: metal layer stage part=ffn layer=1 pos=23 tokens=2 shared_gate_up=0.283 ms
ds4: metal layer stage part=ffn layer=1 pos=23 tokens=2 shared_down=0.283 ms
ds4: metal layer stage part=ffn layer=1 pos=23 tokens=2 hc_post=0.023 ms
ds4: metal layer stage part=decode layer=2 pos=23 tokens=1 attn_hc_pre=0.223 ms
ds4: metal layer stage part=decode layer=2 pos=23 tokens=1 attn_norm=0.031 ms
ds4: metal layer stage part=decode layer=2 pos=23 tokens=1 q_path=0.281 ms
ds4: metal layer stage part=decode layer=2 pos=23 tokens=1 kv_path=0.207 ms
ds4: metal layer stage part=decode layer=2 pos=23 tokens=1 compressor_indexer=0.352 ms
ds4: metal layer stage part=decode layer=2 pos=23 tokens=1 attention=0.259 ms
ds4: metal layer stage part=decode layer=2 pos=23 tokens=1 attn_output=0.344 ms
ds4: metal layer stage part=decode layer=2 pos=23 tokens=1 attn_hc_post=0.025 ms
ds4: metal layer stage part=decode layer=2 pos=24 tokens=1 attn_hc_pre=0.228 ms
ds4: metal layer stage part=decode layer=2 pos=24 tokens=1 attn_norm=0.025 ms
ds4: metal layer stage part=decode layer=2 pos=24 tokens=1 q_path=0.298 ms
ds4: metal layer stage part=decode layer=2 pos=24 tokens=1 kv_path=0.289 ms
ds4: metal layer stage part=decode layer=2 pos=24 tokens=1 compressor_indexer=0.311 ms
ds4: metal layer stage part=decode layer=2 pos=24 tokens=1 attention=0.261 ms
ds4: metal layer stage part=decode layer=2 pos=24 tokens=1 attn_output=0.347 ms
ds4: metal layer stage part=decode layer=2 pos=24 tokens=1 attn_hc_post=0.026 ms
ds4: metal layer stage part=ffn layer=2 pos=23 tokens=2 hc_pre=0.254 ms
ds4: metal layer stage part=ffn layer=2 pos=23 tokens=2 norm=0.025 ms
ds4: metal layer stage part=ffn layer=2 pos=23 tokens=2 router=0.251 ms
ds4: metal layer stage part=ffn layer=2 pos=23 tokens=2 routed_moe=0.445 ms
ds4: metal layer stage part=ffn layer=2 pos=23 tokens=2 shared_gate_up=0.259 ms
ds4: metal layer stage part=ffn layer=2 pos=23 tokens=2 shared_down=0.209 ms
ds4: metal layer stage part=ffn layer=2 pos=23 tokens=2 hc_post=0.027 ms
ds4: metal layer stage part=decode layer=3 pos=23 tokens=1 attn_hc_pre=0.172 ms
ds4: metal layer stage part=decode layer=3 pos=23 tokens=1 attn_norm=0.025 ms
ds4: metal layer stage part=decode layer=3 pos=23 tokens=1 q_path=0.292 ms
ds4: metal layer stage part=decode layer=3 pos=23 tokens=1 kv_path=0.210 ms
ds4: metal layer stage part=decode layer=3 pos=23 tokens=1 compressor_indexer=0.261 ms
ds4: metal layer stage part=decode layer=3 pos=23 tokens=1 attention=0.299 ms
ds4: metal layer stage part=decode layer=3 pos=23 tokens=1 attn_output=0.426 ms
ds4: metal layer stage part=decode layer=3 pos=23 tokens=1 attn_hc_post=0.025 ms
ds4: metal layer stage part=decode layer=3 pos=24 tokens=1 attn_hc_pre=0.269 ms
ds4: metal layer stage part=decode layer=3 pos=24 tokens=1 attn_norm=0.023 ms
ds4: metal layer stage part=decode layer=3 pos=24 tokens=1 q_path=0.310 ms
ds4: metal layer stage part=decode layer=3 pos=24 tokens=1 kv_path=0.218 ms
ds4: metal layer stage part=decode layer=3 pos=24 tokens=1 compressor_indexer=0.222 ms
ds4: metal layer stage part=decode layer=3 pos=24 tokens=1 attention=0.296 ms
ds4: metal layer stage part=decode layer=3 pos=24 tokens=1 attn_output=0.360 ms
ds4: metal layer stage part=decode layer=3 pos=24 tokens=1 attn_hc_post=0.022 ms
ds4: metal layer stage part=ffn layer=3 pos=23 tokens=2 hc_pre=0.220 ms
ds4: metal layer stage part=ffn layer=3 pos=23 tokens=2 norm=0.023 ms
ds4: metal layer stage part=ffn layer=3 pos=23 tokens=2 router=0.225 ms
ds4: metal layer stage part=ffn layer=3 pos=23 tokens=2 routed_moe=0.486 ms
ds4: metal layer stage part=ffn layer=3 pos=23 tokens=2 shared_gate_up=0.255 ms
ds4: metal layer stage part=ffn layer=3 pos=23 tokens=2 shared_down=0.225 ms
ds4: metal layer stage part=ffn layer=3 pos=23 tokens=2 hc_post=0.022 ms
ds4: metal layer stage part=decode layer=4 pos=23 tokens=1 attn_hc_pre=0.194 ms
ds4: metal layer stage part=decode layer=4 pos=23 tokens=1 attn_norm=0.024 ms
ds4: metal layer stage part=decode layer=4 pos=23 tokens=1 q_path=0.318 ms
ds4: metal layer stage part=decode layer=4 pos=23 tokens=1 kv_path=0.204 ms
ds4: metal layer stage part=decode layer=4 pos=23 tokens=1 compressor_indexer=0.329 ms
ds4: metal layer stage part=decode layer=4 pos=23 tokens=1 attention=0.260 ms
ds4: metal layer stage part=decode layer=4 pos=23 tokens=1 attn_output=0.350 ms
ds4: metal layer stage part=decode layer=4 pos=23 tokens=1 attn_hc_post=0.024 ms
ds4: metal layer stage part=decode layer=4 pos=24 tokens=1 attn_hc_pre=0.233 ms
ds4: metal layer stage part=decode layer=4 pos=24 tokens=1 attn_norm=0.024 ms
ds4: metal layer stage part=decode layer=4 pos=24 tokens=1 q_path=0.302 ms
ds4: metal layer stage part=decode layer=4 pos=24 tokens=1 kv_path=0.276 ms
ds4: metal layer stage part=decode layer=4 pos=24 tokens=1 compressor_indexer=0.290 ms
ds4: metal layer stage part=decode layer=4 pos=24 tokens=1 attention=0.241 ms
ds4: metal layer stage part=decode layer=4 pos=24 tokens=1 attn_output=0.348 ms
ds4: metal layer stage part=decode layer=4 pos=24 tokens=1 attn_hc_post=0.024 ms
ds4: metal layer stage part=ffn layer=4 pos=23 tokens=2 hc_pre=0.225 ms
ds4: metal layer stage part=ffn layer=4 pos=23 tokens=2 norm=0.024 ms
ds4: metal layer stage part=ffn layer=4 pos=23 tokens=2 router=0.221 ms
ds4: metal layer stage part=ffn layer=4 pos=23 tokens=2 routed_moe=0.500 ms
ds4: metal layer stage part=ffn layer=4 pos=23 tokens=2 shared_gate_up=0.256 ms
ds4: metal layer stage part=ffn layer=4 pos=23 tokens=2 shared_down=0.291 ms
ds4: metal layer stage part=ffn layer=4 pos=23 tokens=2 hc_post=0.026 ms
ds4: metal layer stage part=decode layer=5 pos=23 tokens=1 attn_hc_pre=0.191 ms
ds4: metal layer stage part=decode layer=5 pos=23 tokens=1 attn_norm=0.025 ms
ds4: metal layer stage part=decode layer=5 pos=23 tokens=1 q_path=0.275 ms
ds4: metal layer stage part=decode layer=5 pos=23 tokens=1 kv_path=0.211 ms
ds4: metal layer stage part=decode layer=5 pos=23 tokens=1 compressor_indexer=0.239 ms
ds4: metal layer stage part=decode layer=5 pos=23 tokens=1 attention=0.285 ms
ds4: metal layer stage part=decode layer=5 pos=23 tokens=1 attn_output=0.342 ms
ds4: metal layer stage part=decode layer=5 pos=23 tokens=1 attn_hc_post=0.023 ms
ds4: metal layer stage part=decode layer=5 pos=24 tokens=1 attn_hc_pre=0.275 ms
ds4: metal layer stage part=decode layer=5 pos=24 tokens=1 attn_norm=0.022 ms
ds4: metal layer stage part=decode layer=5 pos=24 tokens=1 q_path=0.298 ms
ds4: metal layer stage part=decode layer=5 pos=24 tokens=1 kv_path=0.284 ms
ds4: metal layer stage part=decode layer=5 pos=24 tokens=1 compressor_indexer=0.272 ms
ds4: metal layer stage part=decode layer=5 pos=24 tokens=1 attention=0.292 ms
ds4: metal layer stage part=decode layer=5 pos=24 tokens=1 attn_output=0.341 ms
ds4: metal layer stage part=decode layer=5 pos=24 tokens=1 attn_hc_post=0.025 ms
ds4: metal layer stage part=ffn layer=5 pos=23 tokens=2 hc_pre=0.216 ms
ds4: metal layer stage part=ffn layer=5 pos=23 tokens=2 norm=0.020 ms
ds4: metal layer stage part=ffn layer=5 pos=23 tokens=2 router=0.221 ms
ds4: metal layer stage part=ffn layer=5 pos=23 tokens=2 routed_moe=0.499 ms
ds4: metal layer stage part=ffn layer=5 pos=23 tokens=2 shared_gate_up=0.281 ms
ds4: metal layer stage part=ffn layer=5 pos=23 tokens=2 shared_down=0.212 ms
ds4: metal layer stage part=ffn layer=5 pos=23 tokens=2 hc_post=0.029 ms
ds4: metal layer stage part=decode layer=6 pos=23 tokens=1 attn_hc_pre=0.195 ms
ds4: metal layer stage part=decode layer=6 pos=23 tokens=1 attn_norm=0.033 ms
ds4: metal layer stage part=decode layer=6 pos=23 tokens=1 q_path=0.288 ms
ds4: metal layer stage part=decode layer=6 pos=23 tokens=1 kv_path=0.211 ms
ds4: metal layer stage part=decode layer=6 pos=23 tokens=1 compressor_indexer=0.316 ms
ds4: metal layer stage part=decode layer=6 pos=23 tokens=1 attention=0.243 ms
ds4: metal layer stage part=decode layer=6 pos=23 tokens=1 attn_output=0.334 ms
ds4: metal layer stage part=decode layer=6 pos=23 tokens=1 attn_hc_post=0.024 ms
ds4: metal layer stage part=decode layer=6 pos=24 tokens=1 attn_hc_pre=0.268 ms
ds4: metal layer stage part=decode layer=6 pos=24 tokens=1 attn_norm=0.022 ms
ds4: metal layer stage part=decode layer=6 pos=24 tokens=1 q_path=0.316 ms
ds4: metal layer stage part=decode layer=6 pos=24 tokens=1 kv_path=0.278 ms
ds4: metal layer stage part=decode layer=6 pos=24 tokens=1 compressor_indexer=0.287 ms
ds4: metal layer stage part=decode layer=6 pos=24 tokens=1 attention=0.257 ms
ds4: metal layer stage part=decode layer=6 pos=24 tokens=1 attn_output=0.433 ms
ds4: metal layer stage part=decode layer=6 pos=24 tokens=1 attn_hc_post=0.025 ms
ds4: metal layer stage part=ffn layer=6 pos=23 tokens=2 hc_pre=0.303 ms
ds4: metal layer stage part=ffn layer=6 pos=23 tokens=2 norm=0.024 ms
ds4: metal layer stage part=ffn layer=6 pos=23 tokens=2 router=0.220 ms
ds4: metal layer stage part=ffn layer=6 pos=23 tokens=2 routed_moe=0.462 ms
ds4: metal layer stage part=ffn layer=6 pos=23 tokens=2 shared_gate_up=0.316 ms
ds4: metal layer stage part=ffn layer=6 pos=23 tokens=2 shared_down=0.271 ms
ds4: metal layer stage part=ffn layer=6 pos=23 tokens=2 hc_post=0.030 ms
ds4: metal layer stage part=decode layer=7 pos=23 tokens=1 attn_hc_pre=0.203 ms
ds4: metal layer stage part=decode layer=7 pos=23 tokens=1 attn_norm=0.031 ms
ds4: metal layer stage part=decode layer=7 pos=23 tokens=1 q_path=0.308 ms
ds4: metal layer stage part=decode layer=7 pos=23 tokens=1 kv_path=0.214 ms
ds4: metal layer stage part=decode layer=7 pos=23 tokens=1 compressor_indexer=0.217 ms
ds4: metal layer stage part=decode layer=7 pos=23 tokens=1 attention=0.324 ms
ds4: metal layer stage part=decode layer=7 pos=23 tokens=1 attn_output=0.346 ms
ds4: metal layer stage part=decode layer=7 pos=23 tokens=1 attn_hc_post=0.035 ms
ds4: metal layer stage part=decode layer=7 pos=24 tokens=1 attn_hc_pre=0.257 ms
ds4: metal layer stage part=decode layer=7 pos=24 tokens=1 attn_norm=0.024 ms
ds4: metal layer stage part=decode layer=7 pos=24 tokens=1 q_path=0.300 ms
ds4: metal layer stage part=decode layer=7 pos=24 tokens=1 kv_path=0.292 ms
ds4: metal layer stage part=decode layer=7 pos=24 tokens=1 compressor_indexer=0.293 ms
ds4: metal layer stage part=decode layer=7 pos=24 tokens=1 attention=0.253 ms
ds4: metal layer stage part=decode layer=7 pos=24 tokens=1 attn_output=0.361 ms
ds4: metal layer stage part=decode layer=7 pos=24 tokens=1 attn_hc_post=0.021 ms
ds4: metal layer stage part=ffn layer=7 pos=23 tokens=2 hc_pre=0.212 ms
ds4: metal layer stage part=ffn layer=7 pos=23 tokens=2 norm=0.023 ms
ds4: metal layer stage part=ffn layer=7 pos=23 tokens=2 router=0.221 ms
ds4: metal layer stage part=ffn layer=7 pos=23 tokens=2 routed_moe=0.410 ms
ds4: metal layer stage part=ffn layer=7 pos=23 tokens=2 shared_gate_up=0.308 ms
ds4: metal layer stage part=ffn layer=7 pos=23 tokens=2 shared_down=0.254 ms
ds4: metal layer stage part=ffn layer=7 pos=23 tokens=2 hc_post=0.024 ms
ds4: metal layer stage part=decode layer=8 pos=23 tokens=1 attn_hc_pre=0.205 ms
ds4: metal layer stage part=decode layer=8 pos=23 tokens=1 attn_norm=0.021 ms
ds4: metal layer stage part=decode layer=8 pos=23 tokens=1 q_path=0.298 ms
ds4: metal layer stage part=decode layer=8 pos=23 tokens=1 kv_path=0.205 ms
ds4: metal layer stage part=decode layer=8 pos=23 tokens=1 compressor_indexer=0.362 ms
ds4: metal layer stage part=decode layer=8 pos=23 tokens=1 attention=0.245 ms
ds4: metal layer stage part=decode layer=8 pos=23 tokens=1 attn_output=0.394 ms
ds4: metal layer stage part=decode layer=8 pos=23 tokens=1 attn_hc_post=0.023 ms
ds4: metal layer stage part=decode layer=8 pos=24 tokens=1 attn_hc_pre=0.269 ms
ds4: metal layer stage part=decode layer=8 pos=24 tokens=1 attn_norm=0.022 ms
ds4: metal layer stage part=decode layer=8 pos=24 tokens=1 q_path=0.311 ms
ds4: metal layer stage part=decode layer=8 pos=24 tokens=1 kv_path=0.218 ms
ds4: metal layer stage part=decode layer=8 pos=24 tokens=1 compressor_indexer=0.246 ms
ds4: metal layer stage part=decode layer=8 pos=24 tokens=1 attention=0.269 ms
ds4: metal layer stage part=decode layer=8 pos=24 tokens=1 attn_output=0.345 ms
ds4: metal layer stage part=decode layer=8 pos=24 tokens=1 attn_hc_post=0.023 ms
ds4: metal layer stage part=ffn layer=8 pos=23 tokens=2 hc_pre=0.229 ms
ds4: metal layer stage part=ffn layer=8 pos=23 tokens=2 norm=0.021 ms
ds4: metal layer stage part=ffn layer=8 pos=23 tokens=2 router=0.222 ms
ds4: metal layer stage part=ffn layer=8 pos=23 tokens=2 routed_moe=0.421 ms
ds4: metal layer stage part=ffn layer=8 pos=23 tokens=2 shared_gate_up=0.331 ms
ds4: metal layer stage part=ffn layer=8 pos=23 tokens=2 shared_down=0.226 ms
ds4: metal layer stage part=ffn layer=8 pos=23 tokens=2 hc_post=0.024 ms
ds4: metal layer stage part=decode layer=9 pos=23 tokens=1 attn_hc_pre=0.189 ms
ds4: metal layer stage part=decode layer=9 pos=23 tokens=1 attn_norm=0.031 ms
ds4: metal layer stage part=decode layer=9 pos=23 tokens=1 q_path=0.324 ms
ds4: metal layer stage part=decode layer=9 pos=23 tokens=1 kv_path=0.406 ms
ds4: metal layer stage part=decode layer=9 pos=23 tokens=1 compressor_indexer=0.396 ms
ds4: metal layer stage part=decode layer=9 pos=23 tokens=1 attention=0.324 ms
ds4: metal layer stage part=decode layer=9 pos=23 tokens=1 attn_output=0.366 ms
ds4: metal layer stage part=decode layer=9 pos=23 tokens=1 attn_hc_post=0.025 ms
ds4: metal layer stage part=decode layer=9 pos=24 tokens=1 attn_hc_pre=0.243 ms
ds4: metal layer stage part=decode layer=9 pos=24 tokens=1 attn_norm=0.024 ms
ds4: metal layer stage part=decode layer=9 pos=24 tokens=1 q_path=0.297 ms
ds4: metal layer stage part=decode layer=9 pos=24 tokens=1 kv_path=0.212 ms
ds4: metal layer stage part=decode layer=9 pos=24 tokens=1 compressor_indexer=0.220 ms
ds4: metal layer stage part=decode layer=9 pos=24 tokens=1 attention=0.304 ms
ds4: metal layer stage part=decode layer=9 pos=24 tokens=1 attn_output=0.351 ms
ds4: metal layer stage part=decode layer=9 pos=24 tokens=1 attn_hc_post=0.022 ms
ds4: metal layer stage part=ffn layer=9 pos=23 tokens=2 hc_pre=0.274 ms
ds4: metal layer stage part=ffn layer=9 pos=23 tokens=2 norm=0.022 ms
ds4: metal layer stage part=ffn layer=9 pos=23 tokens=2 router=0.256 ms
ds4: metal layer stage part=ffn layer=9 pos=23 tokens=2 routed_moe=0.508 ms
ds4: metal layer stage part=ffn layer=9 pos=23 tokens=2 shared_gate_up=0.277 ms
ds4: metal layer stage part=ffn layer=9 pos=23 tokens=2 shared_down=0.293 ms
ds4: metal layer stage part=ffn layer=9 pos=23 tokens=2 hc_post=0.021 ms
ds4: metal layer stage part=decode layer=10 pos=23 tokens=1 attn_hc_pre=0.252 ms
ds4: metal layer stage part=decode layer=10 pos=23 tokens=1 attn_norm=0.025 ms
ds4: metal layer stage part=decode layer=10 pos=23 tokens=1 q_path=0.327 ms
ds4: metal layer stage part=decode layer=10 pos=23 tokens=1 kv_path=0.210 ms
ds4: metal layer stage part=decode layer=10 pos=23 tokens=1 compressor_indexer=0.323 ms
ds4: metal layer stage part=decode layer=10 pos=23 tokens=1 attention=0.249 ms
ds4: metal layer stage part=decode layer=10 pos=23 tokens=1 attn_output=0.346 ms
ds4: metal layer stage part=decode layer=10 pos=23 tokens=1 attn_hc_post=0.027 ms
ds4: metal layer stage part=decode layer=10 pos=24 tokens=1 attn_hc_pre=0.233 ms
ds4: metal layer stage part=decode layer=10 pos=24 tokens=1 attn_norm=0.023 ms
ds4: metal layer stage part=decode layer=10 pos=24 tokens=1 q_path=0.295 ms
ds4: metal layer stage part=decode layer=10 pos=24 tokens=1 kv_path=0.288 ms
ds4: metal layer stage part=decode layer=10 pos=24 tokens=1 compressor_indexer=0.284 ms
ds4: metal layer stage part=decode layer=10 pos=24 tokens=1 attention=0.269 ms
ds4: metal layer stage part=decode layer=10 pos=24 tokens=1 attn_output=0.354 ms
ds4: metal layer stage part=decode layer=10 pos=24 tokens=1 attn_hc_post=0.026 ms
ds4: metal layer stage part=ffn layer=10 pos=23 tokens=2 hc_pre=0.276 ms
ds4: metal layer stage part=ffn layer=10 pos=23 tokens=2 norm=0.023 ms
ds4: metal layer stage part=ffn layer=10 pos=23 tokens=2 router=0.269 ms
ds4: metal layer stage part=ffn layer=10 pos=23 tokens=2 routed_moe=0.468 ms
ds4: metal layer stage part=ffn layer=10 pos=23 tokens=2 shared_gate_up=0.311 ms
ds4: metal layer stage part=ffn layer=10 pos=23 tokens=2 shared_down=0.298 ms
ds4: metal layer stage part=ffn layer=10 pos=23 tokens=2 hc_post=0.028 ms
ds4: metal layer stage part=decode layer=11 pos=23 tokens=1 attn_hc_pre=0.250 ms
ds4: metal layer stage part=decode layer=11 pos=23 tokens=1 attn_norm=0.024 ms
ds4: metal layer stage part=decode layer=11 pos=23 tokens=1 q_path=0.305 ms
ds4: metal layer stage part=decode layer=11 pos=23 tokens=1 kv_path=0.217 ms
ds4: metal layer stage part=decode layer=11 pos=23 tokens=1 compressor_indexer=0.219 ms
ds4: metal layer stage part=decode layer=11 pos=23 tokens=1 attention=0.299 ms
ds4: metal layer stage part=decode layer=11 pos=23 tokens=1 attn_output=0.359 ms
ds4: metal layer stage part=decode layer=11 pos=23 tokens=1 attn_hc_post=0.027 ms
ds4: metal layer stage part=decode layer=11 pos=24 tokens=1 attn_hc_pre=0.264 ms
ds4: metal layer stage part=decode layer=11 pos=24 tokens=1 attn_norm=0.020 ms
ds4: metal layer stage part=decode layer=11 pos=24 tokens=1 q_path=0.297 ms
ds4: metal layer stage part=decode layer=11 pos=24 tokens=1 kv_path=0.350 ms
ds4: metal layer stage part=decode layer=11 pos=24 tokens=1 compressor_indexer=0.209 ms
ds4: metal layer stage part=decode layer=11 pos=24 tokens=1 attention=0.304 ms
ds4: metal layer stage part=decode layer=11 pos=24 tokens=1 attn_output=0.332 ms
ds4: metal layer stage part=decode layer=11 pos=24 tokens=1 attn_hc_post=0.025 ms
ds4: metal layer stage part=ffn layer=11 pos=23 tokens=2 hc_pre=0.230 ms
ds4: metal layer stage part=ffn layer=11 pos=23 tokens=2 norm=0.022 ms
ds4: metal layer stage part=ffn layer=11 pos=23 tokens=2 router=0.213 ms
ds4: metal layer stage part=ffn layer=11 pos=23 tokens=2 routed_moe=0.386 ms
ds4: metal layer stage part=ffn layer=11 pos=23 tokens=2 shared_gate_up=0.289 ms
ds4: metal layer stage part=ffn layer=11 pos=23 tokens=2 shared_down=0.278 ms
ds4: metal layer stage part=ffn layer=11 pos=23 tokens=2 hc_post=0.024 ms
ds4: metal layer stage part=decode layer=12 pos=23 tokens=1 attn_hc_pre=0.254 ms
ds4: metal layer stage part=decode layer=12 pos=23 tokens=1 attn_norm=0.026 ms
ds4: metal layer stage part=decode layer=12 pos=23 tokens=1 q_path=0.287 ms
ds4: metal layer stage part=decode layer=12 pos=23 tokens=1 kv_path=0.213 ms
ds4: metal layer stage part=decode layer=12 pos=23 tokens=1 compressor_indexer=0.338 ms
ds4: metal layer stage part=decode layer=12 pos=23 tokens=1 attention=0.259 ms
ds4: metal layer stage part=decode layer=12 pos=23 tokens=1 attn_output=0.351 ms
ds4: metal layer stage part=decode layer=12 pos=23 tokens=1 attn_hc_post=0.017 ms
ds4: metal layer stage part=decode layer=12 pos=24 tokens=1 attn_hc_pre=0.233 ms
ds4: metal layer stage part=decode layer=12 pos=24 tokens=1 attn_norm=0.021 ms
ds4: metal layer stage part=decode layer=12 pos=24 tokens=1 q_path=0.316 ms
ds4: metal layer stage part=decode layer=12 pos=24 tokens=1 kv_path=0.268 ms
ds4: metal layer stage part=decode layer=12 pos=24 tokens=1 compressor_indexer=0.295 ms
ds4: metal layer stage part=decode layer=12 pos=24 tokens=1 attention=0.241 ms
ds4: metal layer stage part=decode layer=12 pos=24 tokens=1 attn_output=0.342 ms
ds4: metal layer stage part=decode layer=12 pos=24 tokens=1 attn_hc_post=0.021 ms
ds4: metal layer stage part=ffn layer=12 pos=23 tokens=2 hc_pre=0.230 ms
ds4: metal layer stage part=ffn layer=12 pos=23 tokens=2 norm=0.022 ms
ds4: metal layer stage part=ffn layer=12 pos=23 tokens=2 router=0.212 ms
ds4: metal layer stage part=ffn layer=12 pos=23 tokens=2 routed_moe=0.439 ms
ds4: metal layer stage part=ffn layer=12 pos=23 tokens=2 shared_gate_up=0.327 ms
ds4: metal layer stage part=ffn layer=12 pos=23 tokens=2 shared_down=0.228 ms
ds4: metal layer stage part=ffn layer=12 pos=23 tokens=2 hc_post=0.031 ms
ds4: metal layer stage part=decode layer=13 pos=23 tokens=1 attn_hc_pre=0.201 ms
ds4: metal layer stage part=decode layer=13 pos=23 tokens=1 attn_norm=0.036 ms
ds4: metal layer stage part=decode layer=13 pos=23 tokens=1 q_path=0.291 ms
ds4: metal layer stage part=decode layer=13 pos=23 tokens=1 kv_path=0.226 ms
ds4: metal layer stage part=decode layer=13 pos=23 tokens=1 compressor_indexer=0.304 ms
ds4: metal layer stage part=decode layer=13 pos=23 tokens=1 attention=0.270 ms
ds4: metal layer stage part=decode layer=13 pos=23 tokens=1 attn_output=0.346 ms
ds4: metal layer stage part=decode layer=13 pos=23 tokens=1 attn_hc_post=0.025 ms
ds4: metal layer stage part=decode layer=13 pos=24 tokens=1 attn_hc_pre=0.239 ms
ds4: metal layer stage part=decode layer=13 pos=24 tokens=1 attn_norm=0.028 ms
ds4: metal layer stage part=decode layer=13 pos=24 tokens=1 q_path=0.294 ms
ds4: metal layer stage part=decode layer=13 pos=24 tokens=1 kv_path=0.277 ms
ds4: metal layer stage part=decode layer=13 pos=24 tokens=1 compressor_indexer=0.263 ms
ds4: metal layer stage part=decode layer=13 pos=24 tokens=1 attention=0.294 ms
ds4: metal layer stage part=decode layer=13 pos=24 tokens=1 attn_output=0.349 ms
ds4: metal layer stage part=decode layer=13 pos=24 tokens=1 attn_hc_post=0.022 ms
ds4: metal layer stage part=ffn layer=13 pos=23 tokens=2 hc_pre=0.283 ms
ds4: metal layer stage part=ffn layer=13 pos=23 tokens=2 norm=0.022 ms
ds4: metal layer stage part=ffn layer=13 pos=23 tokens=2 router=0.280 ms
ds4: metal layer stage part=ffn layer=13 pos=23 tokens=2 routed_moe=0.475 ms
ds4: metal layer stage part=ffn layer=13 pos=23 tokens=2 shared_gate_up=0.289 ms
ds4: metal layer stage part=ffn layer=13 pos=23 tokens=2 shared_down=0.302 ms
ds4: metal layer stage part=ffn layer=13 pos=23 tokens=2 hc_post=0.020 ms
ds4: metal layer stage part=decode layer=14 pos=23 tokens=1 attn_hc_pre=0.247 ms
ds4: metal layer stage part=decode layer=14 pos=23 tokens=1 attn_norm=0.023 ms
ds4: metal layer stage part=decode layer=14 pos=23 tokens=1 q_path=0.335 ms
ds4: metal layer stage part=decode layer=14 pos=23 tokens=1 kv_path=0.230 ms
ds4: metal layer stage part=decode layer=14 pos=23 tokens=1 compressor_indexer=0.341 ms
ds4: metal layer stage part=decode layer=14 pos=23 tokens=1 attention=0.310 ms
ds4: metal layer stage part=decode layer=14 pos=23 tokens=1 attn_output=0.432 ms
ds4: metal layer stage part=decode layer=14 pos=23 tokens=1 attn_hc_post=0.033 ms
ds4: metal layer stage part=decode layer=14 pos=24 tokens=1 attn_hc_pre=0.198 ms
ds4: metal layer stage part=decode layer=14 pos=24 tokens=1 attn_norm=0.026 ms
ds4: metal layer stage part=decode layer=14 pos=24 tokens=1 q_path=0.273 ms
ds4: metal layer stage part=decode layer=14 pos=24 tokens=1 kv_path=0.282 ms
ds4: metal layer stage part=decode layer=14 pos=24 tokens=1 compressor_indexer=0.300 ms
ds4: metal layer stage part=decode layer=14 pos=24 tokens=1 attention=0.295 ms
ds4: metal layer stage part=decode layer=14 pos=24 tokens=1 attn_output=0.431 ms
ds4: metal layer stage part=decode layer=14 pos=24 tokens=1 attn_hc_post=0.030 ms
ds4: metal layer stage part=ffn layer=14 pos=23 tokens=2 hc_pre=0.345 ms
ds4: metal layer stage part=ffn layer=14 pos=23 tokens=2 norm=0.023 ms
ds4: metal layer stage part=ffn layer=14 pos=23 tokens=2 router=0.253 ms
ds4: metal layer stage part=ffn layer=14 pos=23 tokens=2 routed_moe=0.433 ms
ds4: metal layer stage part=ffn layer=14 pos=23 tokens=2 shared_gate_up=0.292 ms
ds4: metal layer stage part=ffn layer=14 pos=23 tokens=2 shared_down=0.301 ms
ds4: metal layer stage part=ffn layer=14 pos=23 tokens=2 hc_post=0.025 ms
ds4: metal layer stage part=decode layer=15 pos=23 tokens=1 attn_hc_pre=0.217 ms
ds4: metal layer stage part=decode layer=15 pos=23 tokens=1 attn_norm=0.022 ms
ds4: metal layer stage part=decode layer=15 pos=23 tokens=1 q_path=0.345 ms
ds4: metal layer stage part=decode layer=15 pos=23 tokens=1 kv_path=0.217 ms
ds4: metal layer stage part=decode layer=15 pos=23 tokens=1 compressor_indexer=0.217 ms
ds4: metal layer stage part=decode layer=15 pos=23 tokens=1 attention=0.305 ms
ds4: metal layer stage part=decode layer=15 pos=23 tokens=1 attn_output=0.324 ms
ds4: metal layer stage part=decode layer=15 pos=23 tokens=1 attn_hc_post=0.022 ms
ds4: metal layer stage part=decode layer=15 pos=24 tokens=1 attn_hc_pre=0.185 ms
ds4: metal layer stage part=decode layer=15 pos=24 tokens=1 attn_norm=0.023 ms
ds4: metal layer stage part=decode layer=15 pos=24 tokens=1 q_path=0.286 ms
ds4: metal layer stage part=decode layer=15 pos=24 tokens=1 kv_path=0.223 ms
ds4: metal layer stage part=decode layer=15 pos=24 tokens=1 compressor_indexer=0.208 ms
ds4: metal layer stage part=decode layer=15 pos=24 tokens=1 attention=0.279 ms
ds4: metal layer stage part=decode layer=15 pos=24 tokens=1 attn_output=0.340 ms
ds4: metal layer stage part=decode layer=15 pos=24 tokens=1 attn_hc_post=0.025 ms
ds4: metal layer stage part=ffn layer=15 pos=23 tokens=2 hc_pre=0.278 ms
ds4: metal layer stage part=ffn layer=15 pos=23 tokens=2 norm=0.029 ms
ds4: metal layer stage part=ffn layer=15 pos=23 tokens=2 router=0.251 ms
ds4: metal layer stage part=ffn layer=15 pos=23 tokens=2 routed_moe=0.499 ms
ds4: metal layer stage part=ffn layer=15 pos=23 tokens=2 shared_gate_up=0.297 ms
ds4: metal layer stage part=ffn layer=15 pos=23 tokens=2 shared_down=0.298 ms
ds4: metal layer stage part=ffn layer=15 pos=23 tokens=2 hc_post=0.029 ms
ds4: metal layer stage part=decode layer=16 pos=23 tokens=1 attn_hc_pre=0.213 ms
ds4: metal layer stage part=decode layer=16 pos=23 tokens=1 attn_norm=0.024 ms
ds4: metal layer stage part=decode layer=16 pos=23 tokens=1 q_path=0.343 ms
ds4: metal layer stage part=decode layer=16 pos=23 tokens=1 kv_path=0.234 ms
ds4: metal layer stage part=decode layer=16 pos=23 tokens=1 compressor_indexer=0.310 ms
ds4: metal layer stage part=decode layer=16 pos=23 tokens=1 attention=0.238 ms
ds4: metal layer stage part=decode layer=16 pos=23 tokens=1 attn_output=0.345 ms
ds4: metal layer stage part=decode layer=16 pos=23 tokens=1 attn_hc_post=0.033 ms
ds4: metal layer stage part=decode layer=16 pos=24 tokens=1 attn_hc_pre=0.267 ms
ds4: metal layer stage part=decode layer=16 pos=24 tokens=1 attn_norm=0.027 ms
ds4: metal layer stage part=decode layer=16 pos=24 tokens=1 q_path=0.308 ms
ds4: metal layer stage part=decode layer=16 pos=24 tokens=1 kv_path=0.218 ms
ds4: metal layer stage part=decode layer=16 pos=24 tokens=1 compressor_indexer=0.308 ms
ds4: metal layer stage part=decode layer=16 pos=24 tokens=1 attention=0.259 ms
ds4: metal layer stage part=decode layer=16 pos=24 tokens=1 attn_output=0.354 ms
ds4: metal layer stage part=decode layer=16 pos=24 tokens=1 attn_hc_post=0.028 ms
ds4: metal layer stage part=ffn layer=16 pos=23 tokens=2 hc_pre=0.280 ms
ds4: metal layer stage part=ffn layer=16 pos=23 tokens=2 norm=0.023 ms
ds4: metal layer stage part=ffn layer=16 pos=23 tokens=2 router=0.249 ms
ds4: metal layer stage part=ffn layer=16 pos=23 tokens=2 routed_moe=0.481 ms
ds4: metal layer stage part=ffn layer=16 pos=23 tokens=2 shared_gate_up=0.301 ms
ds4: metal layer stage part=ffn layer=16 pos=23 tokens=2 shared_down=0.269 ms
ds4: metal layer stage part=ffn layer=16 pos=23 tokens=2 hc_post=0.029 ms
ds4: metal layer stage part=decode layer=17 pos=23 tokens=1 attn_hc_pre=0.244 ms
ds4: metal layer stage part=decode layer=17 pos=23 tokens=1 attn_norm=0.026 ms
ds4: metal layer stage part=decode layer=17 pos=23 tokens=1 q_path=0.295 ms
ds4: metal layer stage part=decode layer=17 pos=23 tokens=1 kv_path=0.218 ms
ds4: metal layer stage part=decode layer=17 pos=23 tokens=1 compressor_indexer=0.282 ms
ds4: metal layer stage part=decode layer=17 pos=23 tokens=1 attention=0.303 ms
ds4: metal layer stage part=decode layer=17 pos=23 tokens=1 attn_output=0.363 ms
ds4: metal layer stage part=decode layer=17 pos=23 tokens=1 attn_hc_post=0.022 ms
ds4: metal layer stage part=decode layer=17 pos=24 tokens=1 attn_hc_pre=0.253 ms
ds4: metal layer stage part=decode layer=17 pos=24 tokens=1 attn_norm=0.022 ms
ds4: metal layer stage part=decode layer=17 pos=24 tokens=1 q_path=0.311 ms
ds4: metal layer stage part=decode layer=17 pos=24 tokens=1 kv_path=0.273 ms
ds4: metal layer stage part=decode layer=17 pos=24 tokens=1 compressor_indexer=0.264 ms
ds4: metal layer stage part=decode layer=17 pos=24 tokens=1 attention=0.277 ms
ds4: metal layer stage part=decode layer=17 pos=24 tokens=1 attn_output=0.354 ms
ds4: metal layer stage part=decode layer=17 pos=24 tokens=1 attn_hc_post=0.024 ms
ds4: metal layer stage part=ffn layer=17 pos=23 tokens=2 hc_pre=0.291 ms
ds4: metal layer stage part=ffn layer=17 pos=23 tokens=2 norm=0.022 ms
ds4: metal layer stage part=ffn layer=17 pos=23 tokens=2 router=0.253 ms
ds4: metal layer stage part=ffn layer=17 pos=23 tokens=2 routed_moe=0.454 ms
ds4: metal layer stage part=ffn layer=17 pos=23 tokens=2 shared_gate_up=0.266 ms
ds4: metal layer stage part=ffn layer=17 pos=23 tokens=2 shared_down=0.229 ms
ds4: metal layer stage part=ffn layer=17 pos=23 tokens=2 hc_post=0.023 ms
ds4: metal layer stage part=decode layer=18 pos=23 tokens=1 attn_hc_pre=0.205 ms
ds4: metal layer stage part=decode layer=18 pos=23 tokens=1 attn_norm=0.028 ms
ds4: metal layer stage part=decode layer=18 pos=23 tokens=1 q_path=0.296 ms
ds4: metal layer stage part=decode layer=18 pos=23 tokens=1 kv_path=0.280 ms
ds4: metal layer stage part=decode layer=18 pos=23 tokens=1 compressor_indexer=0.365 ms
ds4: metal layer stage part=decode layer=18 pos=23 tokens=1 attention=0.259 ms
ds4: metal layer stage part=decode layer=18 pos=23 tokens=1 attn_output=0.392 ms
ds4: metal layer stage part=decode layer=18 pos=23 tokens=1 attn_hc_post=0.027 ms
ds4: metal layer stage part=decode layer=18 pos=24 tokens=1 attn_hc_pre=0.257 ms
ds4: metal layer stage part=decode layer=18 pos=24 tokens=1 attn_norm=0.024 ms
ds4: metal layer stage part=decode layer=18 pos=24 tokens=1 q_path=0.316 ms
ds4: metal layer stage part=decode layer=18 pos=24 tokens=1 kv_path=0.280 ms
ds4: metal layer stage part=decode layer=18 pos=24 tokens=1 compressor_indexer=0.292 ms
ds4: metal layer stage part=decode layer=18 pos=24 tokens=1 attention=0.255 ms
ds4: metal layer stage part=decode layer=18 pos=24 tokens=1 attn_output=0.343 ms
ds4: metal layer stage part=decode layer=18 pos=24 tokens=1 attn_hc_post=0.023 ms
ds4: metal layer stage part=ffn layer=18 pos=23 tokens=2 hc_pre=0.218 ms
ds4: metal layer stage part=ffn layer=18 pos=23 tokens=2 norm=0.021 ms
ds4: metal layer stage part=ffn layer=18 pos=23 tokens=2 router=0.230 ms
ds4: metal layer stage part=ffn layer=18 pos=23 tokens=2 routed_moe=0.422 ms
ds4: metal layer stage part=ffn layer=18 pos=23 tokens=2 shared_gate_up=0.345 ms
ds4: metal layer stage part=ffn layer=18 pos=23 tokens=2 shared_down=0.235 ms
ds4: metal layer stage part=ffn layer=18 pos=23 tokens=2 hc_post=0.022 ms
ds4: metal layer stage part=decode layer=19 pos=23 tokens=1 attn_hc_pre=0.189 ms
ds4: metal layer stage part=decode layer=19 pos=23 tokens=1 attn_norm=0.027 ms
ds4: metal layer stage part=decode layer=19 pos=23 tokens=1 q_path=0.295 ms
ds4: metal layer stage part=decode layer=19 pos=23 tokens=1 kv_path=0.222 ms
ds4: metal layer stage part=decode layer=19 pos=23 tokens=1 compressor_indexer=0.210 ms
ds4: metal layer stage part=decode layer=19 pos=23 tokens=1 attention=0.323 ms
ds4: metal layer stage part=decode layer=19 pos=23 tokens=1 attn_output=0.351 ms
ds4: metal layer stage part=decode layer=19 pos=23 tokens=1 attn_hc_post=0.036 ms
ds4: metal layer stage part=decode layer=19 pos=24 tokens=1 attn_hc_pre=0.250 ms
ds4: metal layer stage part=decode layer=19 pos=24 tokens=1 attn_norm=0.028 ms
ds4: metal layer stage part=decode layer=19 pos=24 tokens=1 q_path=0.317 ms
ds4: metal layer stage part=decode layer=19 pos=24 tokens=1 kv_path=0.280 ms
ds4: metal layer stage part=decode layer=19 pos=24 tokens=1 compressor_indexer=0.257 ms
ds4: metal layer stage part=decode layer=19 pos=24 tokens=1 attention=0.297 ms
ds4: metal layer stage part=decode layer=19 pos=24 tokens=1 attn_output=0.430 ms
ds4: metal layer stage part=decode layer=19 pos=24 tokens=1 attn_hc_post=0.024 ms
ds4: metal layer stage part=ffn layer=19 pos=23 tokens=2 hc_pre=0.288 ms
ds4: metal layer stage part=ffn layer=19 pos=23 tokens=2 norm=0.020 ms
ds4: metal layer stage part=ffn layer=19 pos=23 tokens=2 router=0.248 ms
ds4: metal layer stage part=ffn layer=19 pos=23 tokens=2 routed_moe=0.435 ms
ds4: metal layer stage part=ffn layer=19 pos=23 tokens=2 shared_gate_up=0.278 ms
ds4: metal layer stage part=ffn layer=19 pos=23 tokens=2 shared_down=0.294 ms
ds4: metal layer stage part=ffn layer=19 pos=23 tokens=2 hc_post=0.023 ms
ds4: metal layer stage part=decode layer=20 pos=23 tokens=1 attn_hc_pre=0.259 ms
ds4: metal layer stage part=decode layer=20 pos=23 tokens=1 attn_norm=0.023 ms
ds4: metal layer stage part=decode layer=20 pos=23 tokens=1 q_path=0.291 ms
ds4: metal layer stage part=decode layer=20 pos=23 tokens=1 kv_path=0.215 ms
ds4: metal layer stage part=decode layer=20 pos=23 tokens=1 compressor_indexer=0.311 ms
ds4: metal layer stage part=decode layer=20 pos=23 tokens=1 attention=0.262 ms
ds4: metal layer stage part=decode layer=20 pos=23 tokens=1 attn_output=0.363 ms
ds4: metal layer stage part=decode layer=20 pos=23 tokens=1 attn_hc_post=0.028 ms
ds4: metal layer stage part=decode layer=20 pos=24 tokens=1 attn_hc_pre=0.218 ms
ds4: metal layer stage part=decode layer=20 pos=24 tokens=1 attn_norm=0.023 ms
ds4: metal layer stage part=decode layer=20 pos=24 tokens=1 q_path=0.298 ms
ds4: metal layer stage part=decode layer=20 pos=24 tokens=1 kv_path=0.276 ms
ds4: metal layer stage part=decode layer=20 pos=24 tokens=1 compressor_indexer=0.292 ms
ds4: metal layer stage part=decode layer=20 pos=24 tokens=1 attention=0.259 ms
ds4: metal layer stage part=decode layer=20 pos=24 tokens=1 attn_output=0.355 ms
ds4: metal layer stage part=decode layer=20 pos=24 tokens=1 attn_hc_post=0.031 ms
ds4: metal layer stage part=ffn layer=20 pos=23 tokens=2 hc_pre=0.206 ms
ds4: metal layer stage part=ffn layer=20 pos=23 tokens=2 norm=0.024 ms
ds4: metal layer stage part=ffn layer=20 pos=23 tokens=2 router=0.213 ms
ds4: metal layer stage part=ffn layer=20 pos=23 tokens=2 routed_moe=0.438 ms
ds4: metal layer stage part=ffn layer=20 pos=23 tokens=2 shared_gate_up=0.324 ms
ds4: metal layer stage part=ffn layer=20 pos=23 tokens=2 shared_down=0.180 ms
ds4: metal layer stage part=ffn layer=20 pos=23 tokens=2 hc_post=0.032 ms
ds4: metal layer stage part=decode layer=21 pos=23 tokens=1 attn_hc_pre=0.231 ms
ds4: metal layer stage part=decode layer=21 pos=23 tokens=1 attn_norm=0.059 ms
ds4: metal layer stage part=decode layer=21 pos=23 tokens=1 q_path=0.434 ms
ds4: metal layer stage part=decode layer=21 pos=23 tokens=1 kv_path=0.288 ms
ds4: metal layer stage part=decode layer=21 pos=23 tokens=1 compressor_indexer=0.477 ms
ds4: metal layer stage part=decode layer=21 pos=23 tokens=1 attention=0.225 ms
ds4: metal layer stage part=decode layer=21 pos=23 tokens=1 attn_output=0.410 ms
ds4: metal layer stage part=decode layer=21 pos=23 tokens=1 attn_hc_post=0.028 ms
ds4: metal layer stage part=decode layer=21 pos=24 tokens=1 attn_hc_pre=0.184 ms
ds4: metal layer stage part=decode layer=21 pos=24 tokens=1 attn_norm=0.026 ms
ds4: metal layer stage part=decode layer=21 pos=24 tokens=1 q_path=0.294 ms
ds4: metal layer stage part=decode layer=21 pos=24 tokens=1 kv_path=0.199 ms
ds4: metal layer stage part=decode layer=21 pos=24 tokens=1 compressor_indexer=0.215 ms
ds4: metal layer stage part=decode layer=21 pos=24 tokens=1 attention=0.289 ms
ds4: metal layer stage part=decode layer=21 pos=24 tokens=1 attn_output=0.388 ms
ds4: metal layer stage part=decode layer=21 pos=24 tokens=1 attn_hc_post=0.023 ms
ds4: metal layer stage part=ffn layer=21 pos=23 tokens=2 hc_pre=0.250 ms
ds4: metal layer stage part=ffn layer=21 pos=23 tokens=2 norm=0.025 ms
ds4: metal layer stage part=ffn layer=21 pos=23 tokens=2 router=0.249 ms
ds4: metal layer stage part=ffn layer=21 pos=23 tokens=2 routed_moe=0.464 ms
ds4: metal layer stage part=ffn layer=21 pos=23 tokens=2 shared_gate_up=0.262 ms
ds4: metal layer stage part=ffn layer=21 pos=23 tokens=2 shared_down=0.217 ms
ds4: metal layer stage part=ffn layer=21 pos=23 tokens=2 hc_post=0.024 ms
ds4: metal layer stage part=decode layer=22 pos=23 tokens=1 attn_hc_pre=0.201 ms
ds4: metal layer stage part=decode layer=22 pos=23 tokens=1 attn_norm=0.026 ms
ds4: metal layer stage part=decode layer=22 pos=23 tokens=1 q_path=0.289 ms
ds4: metal layer stage part=decode layer=22 pos=23 tokens=1 kv_path=0.226 ms
ds4: metal layer stage part=decode layer=22 pos=23 tokens=1 compressor_indexer=0.321 ms
ds4: metal layer stage part=decode layer=22 pos=23 tokens=1 attention=0.263 ms
ds4: metal layer stage part=decode layer=22 pos=23 tokens=1 attn_output=0.356 ms
ds4: metal layer stage part=decode layer=22 pos=23 tokens=1 attn_hc_post=0.030 ms
ds4: metal layer stage part=decode layer=22 pos=24 tokens=1 attn_hc_pre=0.263 ms
ds4: metal layer stage part=decode layer=22 pos=24 tokens=1 attn_norm=0.025 ms
ds4: metal layer stage part=decode layer=22 pos=24 tokens=1 q_path=0.272 ms
ds4: metal layer stage part=decode layer=22 pos=24 tokens=1 kv_path=0.211 ms
ds4: metal layer stage part=decode layer=22 pos=24 tokens=1 compressor_indexer=0.297 ms
ds4: metal layer stage part=decode layer=22 pos=24 tokens=1 attention=0.254 ms
ds4: metal layer stage part=decode layer=22 pos=24 tokens=1 attn_output=0.341 ms
ds4: metal layer stage part=decode layer=22 pos=24 tokens=1 attn_hc_post=0.024 ms
ds4: metal layer stage part=ffn layer=22 pos=23 tokens=2 hc_pre=0.212 ms
ds4: metal layer stage part=ffn layer=22 pos=23 tokens=2 norm=0.022 ms
ds4: metal layer stage part=ffn layer=22 pos=23 tokens=2 router=0.256 ms
ds4: metal layer stage part=ffn layer=22 pos=23 tokens=2 routed_moe=0.432 ms
ds4: metal layer stage part=ffn layer=22 pos=23 tokens=2 shared_gate_up=0.340 ms
ds4: metal layer stage part=ffn layer=22 pos=23 tokens=2 shared_down=0.225 ms
ds4: metal layer stage part=ffn layer=22 pos=23 tokens=2 hc_post=0.022 ms
ds4: metal layer stage part=decode layer=23 pos=23 tokens=1 attn_hc_pre=0.198 ms
ds4: metal layer stage part=decode layer=23 pos=23 tokens=1 attn_norm=0.024 ms
ds4: metal layer stage part=decode layer=23 pos=23 tokens=1 q_path=0.267 ms
ds4: metal layer stage part=decode layer=23 pos=23 tokens=1 kv_path=0.212 ms
ds4: metal layer stage part=decode layer=23 pos=23 tokens=1 compressor_indexer=0.261 ms
ds4: metal layer stage part=decode layer=23 pos=23 tokens=1 attention=0.269 ms
ds4: metal layer stage part=decode layer=23 pos=23 tokens=1 attn_output=0.350 ms
ds4: metal layer stage part=decode layer=23 pos=23 tokens=1 attn_hc_post=0.021 ms
ds4: metal layer stage part=decode layer=23 pos=24 tokens=1 attn_hc_pre=0.282 ms
ds4: metal layer stage part=decode layer=23 pos=24 tokens=1 attn_norm=0.024 ms
ds4: metal layer stage part=decode layer=23 pos=24 tokens=1 q_path=0.300 ms
ds4: metal layer stage part=decode layer=23 pos=24 tokens=1 kv_path=0.294 ms
ds4: metal layer stage part=decode layer=23 pos=24 tokens=1 compressor_indexer=0.264 ms
ds4: metal layer stage part=decode layer=23 pos=24 tokens=1 attention=0.260 ms
ds4: metal layer stage part=decode layer=23 pos=24 tokens=1 attn_output=0.359 ms
ds4: metal layer stage part=decode layer=23 pos=24 tokens=1 attn_hc_post=0.026 ms
ds4: metal layer stage part=ffn layer=23 pos=23 tokens=2 hc_pre=0.210 ms
ds4: metal layer stage part=ffn layer=23 pos=23 tokens=2 norm=0.023 ms
ds4: metal layer stage part=ffn layer=23 pos=23 tokens=2 router=0.232 ms
ds4: metal layer stage part=ffn layer=23 pos=23 tokens=2 routed_moe=0.413 ms
ds4: metal layer stage part=ffn layer=23 pos=23 tokens=2 shared_gate_up=0.322 ms
ds4: metal layer stage part=ffn layer=23 pos=23 tokens=2 shared_down=0.232 ms
ds4: metal layer stage part=ffn layer=23 pos=23 tokens=2 hc_post=0.025 ms
ds4: metal layer stage part=decode layer=24 pos=23 tokens=1 attn_hc_pre=0.219 ms
ds4: metal layer stage part=decode layer=24 pos=23 tokens=1 attn_norm=0.024 ms
ds4: metal layer stage part=decode layer=24 pos=23 tokens=1 q_path=0.286 ms
ds4: metal layer stage part=decode layer=24 pos=23 tokens=1 kv_path=0.309 ms
ds4: metal layer stage part=decode layer=24 pos=23 tokens=1 compressor_indexer=0.748 ms
ds4: metal layer stage part=decode layer=24 pos=23 tokens=1 attention=0.200 ms
ds4: metal layer stage part=decode layer=24 pos=23 tokens=1 attn_output=0.436 ms
ds4: metal layer stage part=decode layer=24 pos=23 tokens=1 attn_hc_post=0.029 ms
ds4: metal layer stage part=decode layer=24 pos=24 tokens=1 attn_hc_pre=0.214 ms
ds4: metal layer stage part=decode layer=24 pos=24 tokens=1 attn_norm=0.021 ms
ds4: metal layer stage part=decode layer=24 pos=24 tokens=1 q_path=0.306 ms
ds4: metal layer stage part=decode layer=24 pos=24 tokens=1 kv_path=0.385 ms
ds4: metal layer stage part=decode layer=24 pos=24 tokens=1 compressor_indexer=0.350 ms
ds4: metal layer stage part=decode layer=24 pos=24 tokens=1 attention=0.306 ms
ds4: metal layer stage part=decode layer=24 pos=24 tokens=1 attn_output=0.419 ms
ds4: metal layer stage part=decode layer=24 pos=24 tokens=1 attn_hc_post=0.022 ms
ds4: metal layer stage part=ffn layer=24 pos=23 tokens=2 hc_pre=0.259 ms
ds4: metal layer stage part=ffn layer=24 pos=23 tokens=2 norm=0.025 ms
ds4: metal layer stage part=ffn layer=24 pos=23 tokens=2 router=0.249 ms
ds4: metal layer stage part=ffn layer=24 pos=23 tokens=2 routed_moe=0.445 ms
ds4: metal layer stage part=ffn layer=24 pos=23 tokens=2 shared_gate_up=0.267 ms
ds4: metal layer stage part=ffn layer=24 pos=23 tokens=2 shared_down=0.234 ms
ds4: metal layer stage part=ffn layer=24 pos=23 tokens=2 hc_post=0.024 ms
ds4: metal layer stage part=decode layer=25 pos=23 tokens=1 attn_hc_pre=0.201 ms
ds4: metal layer stage part=decode layer=25 pos=23 tokens=1 attn_norm=0.025 ms
ds4: metal layer stage part=decode layer=25 pos=23 tokens=1 q_path=0.272 ms
ds4: metal layer stage part=decode layer=25 pos=23 tokens=1 kv_path=0.193 ms
ds4: metal layer stage part=decode layer=25 pos=23 tokens=1 compressor_indexer=0.222 ms
ds4: metal layer stage part=decode layer=25 pos=23 tokens=1 attention=0.297 ms
ds4: metal layer stage part=decode layer=25 pos=23 tokens=1 attn_output=0.357 ms
ds4: metal layer stage part=decode layer=25 pos=23 tokens=1 attn_hc_post=0.030 ms
ds4: metal layer stage part=decode layer=25 pos=24 tokens=1 attn_hc_pre=0.270 ms
ds4: metal layer stage part=decode layer=25 pos=24 tokens=1 attn_norm=0.026 ms
ds4: metal layer stage part=decode layer=25 pos=24 tokens=1 q_path=0.315 ms
ds4: metal layer stage part=decode layer=25 pos=24 tokens=1 kv_path=0.374 ms
ds4: metal layer stage part=decode layer=25 pos=24 tokens=1 compressor_indexer=0.455 ms
ds4: metal layer stage part=decode layer=25 pos=24 tokens=1 attention=0.508 ms
ds4: metal layer stage part=decode layer=25 pos=24 tokens=1 attn_output=0.353 ms
ds4: metal layer stage part=decode layer=25 pos=24 tokens=1 attn_hc_post=0.026 ms
ds4: metal layer stage part=ffn layer=25 pos=23 tokens=2 hc_pre=0.281 ms
ds4: metal layer stage part=ffn layer=25 pos=23 tokens=2 norm=0.023 ms
ds4: metal layer stage part=ffn layer=25 pos=23 tokens=2 router=0.267 ms
ds4: metal layer stage part=ffn layer=25 pos=23 tokens=2 routed_moe=0.481 ms
ds4: metal layer stage part=ffn layer=25 pos=23 tokens=2 shared_gate_up=0.287 ms
ds4: metal layer stage part=ffn layer=25 pos=23 tokens=2 shared_down=0.369 ms
ds4: metal layer stage part=ffn layer=25 pos=23 tokens=2 hc_post=0.025 ms
ds4: metal layer stage part=decode layer=26 pos=23 tokens=1 attn_hc_pre=0.177 ms
ds4: metal layer stage part=decode layer=26 pos=23 tokens=1 attn_norm=0.028 ms
ds4: metal layer stage part=decode layer=26 pos=23 tokens=1 q_path=0.298 ms
ds4: metal layer stage part=decode layer=26 pos=23 tokens=1 kv_path=0.206 ms
ds4: metal layer stage part=decode layer=26 pos=23 tokens=1 compressor_indexer=0.342 ms
ds4: metal layer stage part=decode layer=26 pos=23 tokens=1 attention=0.256 ms
ds4: metal layer stage part=decode layer=26 pos=23 tokens=1 attn_output=0.340 ms
ds4: metal layer stage part=decode layer=26 pos=23 tokens=1 attn_hc_post=0.026 ms
ds4: metal layer stage part=decode layer=26 pos=24 tokens=1 attn_hc_pre=0.228 ms
ds4: metal layer stage part=decode layer=26 pos=24 tokens=1 attn_norm=0.027 ms
ds4: metal layer stage part=decode layer=26 pos=24 tokens=1 q_path=1.046 ms
ds4: metal layer stage part=decode layer=26 pos=24 tokens=1 kv_path=0.266 ms
ds4: metal layer stage part=decode layer=26 pos=24 tokens=1 compressor_indexer=0.309 ms
ds4: metal layer stage part=decode layer=26 pos=24 tokens=1 attention=0.306 ms
ds4: metal layer stage part=decode layer=26 pos=24 tokens=1 attn_output=0.351 ms
ds4: metal layer stage part=decode layer=26 pos=24 tokens=1 attn_hc_post=0.020 ms
ds4: metal layer stage part=ffn layer=26 pos=23 tokens=2 hc_pre=0.300 ms
ds4: metal layer stage part=ffn layer=26 pos=23 tokens=2 norm=0.019 ms
ds4: metal layer stage part=ffn layer=26 pos=23 tokens=2 router=0.267 ms
ds4: metal layer stage part=ffn layer=26 pos=23 tokens=2 routed_moe=0.496 ms
ds4: metal layer stage part=ffn layer=26 pos=23 tokens=2 shared_gate_up=0.326 ms
ds4: metal layer stage part=ffn layer=26 pos=23 tokens=2 shared_down=0.270 ms
ds4: metal layer stage part=ffn layer=26 pos=23 tokens=2 hc_post=0.022 ms
ds4: metal layer stage part=decode layer=27 pos=23 tokens=1 attn_hc_pre=0.209 ms
ds4: metal layer stage part=decode layer=27 pos=23 tokens=1 attn_norm=0.023 ms
ds4: metal layer stage part=decode layer=27 pos=23 tokens=1 q_path=0.321 ms
ds4: metal layer stage part=decode layer=27 pos=23 tokens=1 kv_path=0.208 ms
ds4: metal layer stage part=decode layer=27 pos=23 tokens=1 compressor_indexer=0.207 ms
ds4: metal layer stage part=decode layer=27 pos=23 tokens=1 attention=0.334 ms
ds4: metal layer stage part=decode layer=27 pos=23 tokens=1 attn_output=0.343 ms
ds4: metal layer stage part=decode layer=27 pos=23 tokens=1 attn_hc_post=0.033 ms
ds4: metal layer stage part=decode layer=27 pos=24 tokens=1 attn_hc_pre=0.187 ms
ds4: metal layer stage part=decode layer=27 pos=24 tokens=1 attn_norm=0.025 ms
ds4: metal layer stage part=decode layer=27 pos=24 tokens=1 q_path=0.305 ms
ds4: metal layer stage part=decode layer=27 pos=24 tokens=1 kv_path=0.248 ms
ds4: metal layer stage part=decode layer=27 pos=24 tokens=1 compressor_indexer=0.269 ms
ds4: metal layer stage part=decode layer=27 pos=24 tokens=1 attention=0.292 ms
ds4: metal layer stage part=decode layer=27 pos=24 tokens=1 attn_output=0.380 ms
ds4: metal layer stage part=decode layer=27 pos=24 tokens=1 attn_hc_post=0.025 ms
ds4: metal layer stage part=ffn layer=27 pos=23 tokens=2 hc_pre=0.221 ms
ds4: metal layer stage part=ffn layer=27 pos=23 tokens=2 norm=0.022 ms
ds4: metal layer stage part=ffn layer=27 pos=23 tokens=2 router=0.220 ms
ds4: metal layer stage part=ffn layer=27 pos=23 tokens=2 routed_moe=0.418 ms
ds4: metal layer stage part=ffn layer=27 pos=23 tokens=2 shared_gate_up=0.276 ms
ds4: metal layer stage part=ffn layer=27 pos=23 tokens=2 shared_down=0.294 ms
ds4: metal layer stage part=ffn layer=27 pos=23 tokens=2 hc_post=0.025 ms
ds4: metal layer stage part=decode layer=28 pos=23 tokens=1 attn_hc_pre=0.258 ms
ds4: metal layer stage part=decode layer=28 pos=23 tokens=1 attn_norm=0.030 ms
ds4: metal layer stage part=decode layer=28 pos=23 tokens=1 q_path=0.290 ms
ds4: metal layer stage part=decode layer=28 pos=23 tokens=1 kv_path=0.216 ms
ds4: metal layer stage part=decode layer=28 pos=23 tokens=1 compressor_indexer=0.322 ms
ds4: metal layer stage part=decode layer=28 pos=23 tokens=1 attention=0.258 ms
ds4: metal layer stage part=decode layer=28 pos=23 tokens=1 attn_output=0.354 ms
ds4: metal layer stage part=decode layer=28 pos=23 tokens=1 attn_hc_post=0.027 ms
ds4: metal layer stage part=decode layer=28 pos=24 tokens=1 attn_hc_pre=0.244 ms
ds4: metal layer stage part=decode layer=28 pos=24 tokens=1 attn_norm=0.027 ms
ds4: metal layer stage part=decode layer=28 pos=24 tokens=1 q_path=0.309 ms
ds4: metal layer stage part=decode layer=28 pos=24 tokens=1 kv_path=0.257 ms
ds4: metal layer stage part=decode layer=28 pos=24 tokens=1 compressor_indexer=0.401 ms
ds4: metal layer stage part=decode layer=28 pos=24 tokens=1 attention=0.298 ms
ds4: metal layer stage part=decode layer=28 pos=24 tokens=1 attn_output=0.382 ms
ds4: metal layer stage part=decode layer=28 pos=24 tokens=1 attn_hc_post=0.026 ms
ds4: metal layer stage part=ffn layer=28 pos=23 tokens=2 hc_pre=0.214 ms
ds4: metal layer stage part=ffn layer=28 pos=23 tokens=2 norm=0.030 ms
ds4: metal layer stage part=ffn layer=28 pos=23 tokens=2 router=0.218 ms
ds4: metal layer stage part=ffn layer=28 pos=23 tokens=2 routed_moe=0.415 ms
ds4: metal layer stage part=ffn layer=28 pos=23 tokens=2 shared_gate_up=0.281 ms
ds4: metal layer stage part=ffn layer=28 pos=23 tokens=2 shared_down=0.281 ms
ds4: metal layer stage part=ffn layer=28 pos=23 tokens=2 hc_post=0.025 ms
ds4: metal layer stage part=decode layer=29 pos=23 tokens=1 attn_hc_pre=0.277 ms
ds4: metal layer stage part=decode layer=29 pos=23 tokens=1 attn_norm=0.024 ms
ds4: metal layer stage part=decode layer=29 pos=23 tokens=1 q_path=0.369 ms
ds4: metal layer stage part=decode layer=29 pos=23 tokens=1 kv_path=0.274 ms
ds4: metal layer stage part=decode layer=29 pos=23 tokens=1 compressor_indexer=0.278 ms
ds4: metal layer stage part=decode layer=29 pos=23 tokens=1 attention=0.275 ms
ds4: metal layer stage part=decode layer=29 pos=23 tokens=1 attn_output=0.367 ms
ds4: metal layer stage part=decode layer=29 pos=23 tokens=1 attn_hc_post=0.025 ms
ds4: metal layer stage part=decode layer=29 pos=24 tokens=1 attn_hc_pre=0.205 ms
ds4: metal layer stage part=decode layer=29 pos=24 tokens=1 attn_norm=0.025 ms
ds4: metal layer stage part=decode layer=29 pos=24 tokens=1 q_path=0.300 ms
ds4: metal layer stage part=decode layer=29 pos=24 tokens=1 kv_path=0.353 ms
ds4: metal layer stage part=decode layer=29 pos=24 tokens=1 compressor_indexer=0.373 ms
ds4: metal layer stage part=decode layer=29 pos=24 tokens=1 attention=0.342 ms
ds4: metal layer stage part=decode layer=29 pos=24 tokens=1 attn_output=0.394 ms
ds4: metal layer stage part=decode layer=29 pos=24 tokens=1 attn_hc_post=0.027 ms
ds4: metal layer stage part=ffn layer=29 pos=23 tokens=2 hc_pre=0.268 ms
ds4: metal layer stage part=ffn layer=29 pos=23 tokens=2 norm=0.024 ms
ds4: metal layer stage part=ffn layer=29 pos=23 tokens=2 router=0.232 ms
ds4: metal layer stage part=ffn layer=29 pos=23 tokens=2 routed_moe=0.463 ms
ds4: metal layer stage part=ffn layer=29 pos=23 tokens=2 shared_gate_up=0.350 ms
ds4: metal layer stage part=ffn layer=29 pos=23 tokens=2 shared_down=0.228 ms
ds4: metal layer stage part=ffn layer=29 pos=23 tokens=2 hc_post=0.022 ms
ds4: metal layer stage part=decode layer=30 pos=23 tokens=1 attn_hc_pre=0.204 ms
ds4: metal layer stage part=decode layer=30 pos=23 tokens=1 attn_norm=0.026 ms
ds4: metal layer stage part=decode layer=30 pos=23 tokens=1 q_path=0.300 ms
ds4: metal layer stage part=decode layer=30 pos=23 tokens=1 kv_path=0.199 ms
ds4: metal layer stage part=decode layer=30 pos=23 tokens=1 compressor_indexer=0.363 ms
ds4: metal layer stage part=decode layer=30 pos=23 tokens=1 attention=0.249 ms
ds4: metal layer stage part=decode layer=30 pos=23 tokens=1 attn_output=0.343 ms
ds4: metal layer stage part=decode layer=30 pos=23 tokens=1 attn_hc_post=0.033 ms
ds4: metal layer stage part=decode layer=30 pos=24 tokens=1 attn_hc_pre=0.212 ms
ds4: metal layer stage part=decode layer=30 pos=24 tokens=1 attn_norm=0.024 ms
ds4: metal layer stage part=decode layer=30 pos=24 tokens=1 q_path=0.291 ms
ds4: metal layer stage part=decode layer=30 pos=24 tokens=1 kv_path=0.289 ms
ds4: metal layer stage part=decode layer=30 pos=24 tokens=1 compressor_indexer=0.278 ms
ds4: metal layer stage part=decode layer=30 pos=24 tokens=1 attention=0.309 ms
ds4: metal layer stage part=decode layer=30 pos=24 tokens=1 attn_output=0.405 ms
ds4: metal layer stage part=decode layer=30 pos=24 tokens=1 attn_hc_post=0.025 ms
ds4: metal layer stage part=ffn layer=30 pos=23 tokens=2 hc_pre=0.231 ms
ds4: metal layer stage part=ffn layer=30 pos=23 tokens=2 norm=0.024 ms
ds4: metal layer stage part=ffn layer=30 pos=23 tokens=2 router=0.265 ms
ds4: metal layer stage part=ffn layer=30 pos=23 tokens=2 routed_moe=0.494 ms
ds4: metal layer stage part=ffn layer=30 pos=23 tokens=2 shared_gate_up=0.311 ms
ds4: metal layer stage part=ffn layer=30 pos=23 tokens=2 shared_down=0.305 ms
ds4: metal layer stage part=ffn layer=30 pos=23 tokens=2 hc_post=0.024 ms
ds4: metal layer stage part=decode layer=31 pos=23 tokens=1 attn_hc_pre=0.199 ms
ds4: metal layer stage part=decode layer=31 pos=23 tokens=1 attn_norm=0.024 ms
ds4: metal layer stage part=decode layer=31 pos=23 tokens=1 q_path=0.290 ms
ds4: metal layer stage part=decode layer=31 pos=23 tokens=1 kv_path=0.206 ms
ds4: metal layer stage part=decode layer=31 pos=23 tokens=1 compressor_indexer=0.256 ms
ds4: metal layer stage part=decode layer=31 pos=23 tokens=1 attention=0.308 ms
ds4: metal layer stage part=decode layer=31 pos=23 tokens=1 attn_output=0.361 ms
ds4: metal layer stage part=decode layer=31 pos=23 tokens=1 attn_hc_post=0.025 ms
ds4: metal layer stage part=decode layer=31 pos=24 tokens=1 attn_hc_pre=0.238 ms
ds4: metal layer stage part=decode layer=31 pos=24 tokens=1 attn_norm=0.025 ms
ds4: metal layer stage part=decode layer=31 pos=24 tokens=1 q_path=0.324 ms
ds4: metal layer stage part=decode layer=31 pos=24 tokens=1 kv_path=0.255 ms
ds4: metal layer stage part=decode layer=31 pos=24 tokens=1 compressor_indexer=0.289 ms
ds4: metal layer stage part=decode layer=31 pos=24 tokens=1 attention=0.282 ms
ds4: metal layer stage part=decode layer=31 pos=24 tokens=1 attn_output=0.341 ms
ds4: metal layer stage part=decode layer=31 pos=24 tokens=1 attn_hc_post=0.027 ms
ds4: metal layer stage part=ffn layer=31 pos=23 tokens=2 hc_pre=0.280 ms
ds4: metal layer stage part=ffn layer=31 pos=23 tokens=2 norm=0.030 ms
ds4: metal layer stage part=ffn layer=31 pos=23 tokens=2 router=0.248 ms
ds4: metal layer stage part=ffn layer=31 pos=23 tokens=2 routed_moe=0.444 ms
ds4: metal layer stage part=ffn layer=31 pos=23 tokens=2 shared_gate_up=0.267 ms
ds4: metal layer stage part=ffn layer=31 pos=23 tokens=2 shared_down=0.230 ms
ds4: metal layer stage part=ffn layer=31 pos=23 tokens=2 hc_post=0.024 ms
ds4: metal layer stage part=decode layer=32 pos=23 tokens=1 attn_hc_pre=0.198 ms
ds4: metal layer stage part=decode layer=32 pos=23 tokens=1 attn_norm=0.022 ms
ds4: metal layer stage part=decode layer=32 pos=23 tokens=1 q_path=0.274 ms
ds4: metal layer stage part=decode layer=32 pos=23 tokens=1 kv_path=0.208 ms
ds4: metal layer stage part=decode layer=32 pos=23 tokens=1 compressor_indexer=0.315 ms
ds4: metal layer stage part=decode layer=32 pos=23 tokens=1 attention=0.244 ms
ds4: metal layer stage part=decode layer=32 pos=23 tokens=1 attn_output=0.379 ms
ds4: metal layer stage part=decode layer=32 pos=23 tokens=1 attn_hc_post=0.025 ms
ds4: metal layer stage part=decode layer=32 pos=24 tokens=1 attn_hc_pre=0.230 ms
ds4: metal layer stage part=decode layer=32 pos=24 tokens=1 attn_norm=0.022 ms
ds4: metal layer stage part=decode layer=32 pos=24 tokens=1 q_path=0.290 ms
ds4: metal layer stage part=decode layer=32 pos=24 tokens=1 kv_path=0.278 ms
ds4: metal layer stage part=decode layer=32 pos=24 tokens=1 compressor_indexer=0.266 ms
ds4: metal layer stage part=decode layer=32 pos=24 tokens=1 attention=0.295 ms
ds4: metal layer stage part=decode layer=32 pos=24 tokens=1 attn_output=0.338 ms
ds4: metal layer stage part=decode layer=32 pos=24 tokens=1 attn_hc_post=0.023 ms
ds4: metal layer stage part=ffn layer=32 pos=23 tokens=2 hc_pre=0.280 ms
ds4: metal layer stage part=ffn layer=32 pos=23 tokens=2 norm=0.020 ms
ds4: metal layer stage part=ffn layer=32 pos=23 tokens=2 router=0.251 ms
ds4: metal layer stage part=ffn layer=32 pos=23 tokens=2 routed_moe=0.452 ms
ds4: metal layer stage part=ffn layer=32 pos=23 tokens=2 shared_gate_up=0.259 ms
ds4: metal layer stage part=ffn layer=32 pos=23 tokens=2 shared_down=0.224 ms
ds4: metal layer stage part=ffn layer=32 pos=23 tokens=2 hc_post=0.021 ms
ds4: metal layer stage part=decode layer=33 pos=23 tokens=1 attn_hc_pre=0.187 ms
ds4: metal layer stage part=decode layer=33 pos=23 tokens=1 attn_norm=0.023 ms
ds4: metal layer stage part=decode layer=33 pos=23 tokens=1 q_path=0.282 ms
ds4: metal layer stage part=decode layer=33 pos=23 tokens=1 kv_path=0.211 ms
ds4: metal layer stage part=decode layer=33 pos=23 tokens=1 compressor_indexer=0.236 ms
ds4: metal layer stage part=decode layer=33 pos=23 tokens=1 attention=0.314 ms
ds4: metal layer stage part=decode layer=33 pos=23 tokens=1 attn_output=0.346 ms
ds4: metal layer stage part=decode layer=33 pos=23 tokens=1 attn_hc_post=0.025 ms
ds4: metal layer stage part=decode layer=33 pos=24 tokens=1 attn_hc_pre=0.281 ms
ds4: metal layer stage part=decode layer=33 pos=24 tokens=1 attn_norm=0.029 ms
ds4: metal layer stage part=decode layer=33 pos=24 tokens=1 q_path=0.269 ms
ds4: metal layer stage part=decode layer=33 pos=24 tokens=1 kv_path=0.287 ms
ds4: metal layer stage part=decode layer=33 pos=24 tokens=1 compressor_indexer=0.268 ms
ds4: metal layer stage part=decode layer=33 pos=24 tokens=1 attention=0.288 ms
ds4: metal layer stage part=decode layer=33 pos=24 tokens=1 attn_output=0.351 ms
ds4: metal layer stage part=decode layer=33 pos=24 tokens=1 attn_hc_post=0.024 ms
ds4: metal layer stage part=ffn layer=33 pos=23 tokens=2 hc_pre=0.296 ms
ds4: metal layer stage part=ffn layer=33 pos=23 tokens=2 norm=0.023 ms
ds4: metal layer stage part=ffn layer=33 pos=23 tokens=2 router=0.257 ms
ds4: metal layer stage part=ffn layer=33 pos=23 tokens=2 routed_moe=0.457 ms
ds4: metal layer stage part=ffn layer=33 pos=23 tokens=2 shared_gate_up=0.385 ms
ds4: metal layer stage part=ffn layer=33 pos=23 tokens=2 shared_down=0.251 ms
ds4: metal layer stage part=ffn layer=33 pos=23 tokens=2 hc_post=0.029 ms
ds4: metal layer stage part=decode layer=34 pos=23 tokens=1 attn_hc_pre=0.187 ms
ds4: metal layer stage part=decode layer=34 pos=23 tokens=1 attn_norm=0.026 ms
ds4: metal layer stage part=decode layer=34 pos=23 tokens=1 q_path=0.336 ms
ds4: metal layer stage part=decode layer=34 pos=23 tokens=1 kv_path=0.203 ms
ds4: metal layer stage part=decode layer=34 pos=23 tokens=1 compressor_indexer=0.331 ms
ds4: metal layer stage part=decode layer=34 pos=23 tokens=1 attention=0.247 ms
ds4: metal layer stage part=decode layer=34 pos=23 tokens=1 attn_output=0.373 ms
ds4: metal layer stage part=decode layer=34 pos=23 tokens=1 attn_hc_post=0.030 ms
ds4: metal layer stage part=decode layer=34 pos=24 tokens=1 attn_hc_pre=0.454 ms
ds4: metal layer stage part=decode layer=34 pos=24 tokens=1 attn_norm=0.035 ms
ds4: metal layer stage part=decode layer=34 pos=24 tokens=1 q_path=0.380 ms
ds4: metal layer stage part=decode layer=34 pos=24 tokens=1 kv_path=0.215 ms
ds4: metal layer stage part=decode layer=34 pos=24 tokens=1 compressor_indexer=0.285 ms
ds4: metal layer stage part=decode layer=34 pos=24 tokens=1 attention=0.257 ms
ds4: metal layer stage part=decode layer=34 pos=24 tokens=1 attn_output=0.352 ms
ds4: metal layer stage part=decode layer=34 pos=24 tokens=1 attn_hc_post=0.024 ms
ds4: metal layer stage part=ffn layer=34 pos=23 tokens=2 hc_pre=0.290 ms
ds4: metal layer stage part=ffn layer=34 pos=23 tokens=2 norm=0.028 ms
ds4: metal layer stage part=ffn layer=34 pos=23 tokens=2 router=0.271 ms
ds4: metal layer stage part=ffn layer=34 pos=23 tokens=2 routed_moe=0.495 ms
ds4: metal layer stage part=ffn layer=34 pos=23 tokens=2 shared_gate_up=0.323 ms
ds4: metal layer stage part=ffn layer=34 pos=23 tokens=2 shared_down=0.277 ms
ds4: metal layer stage part=ffn layer=34 pos=23 tokens=2 hc_post=0.031 ms
ds4: metal layer stage part=decode layer=35 pos=23 tokens=1 attn_hc_pre=0.205 ms
ds4: metal layer stage part=decode layer=35 pos=23 tokens=1 attn_norm=0.034 ms
ds4: metal layer stage part=decode layer=35 pos=23 tokens=1 q_path=0.297 ms
ds4: metal layer stage part=decode layer=35 pos=23 tokens=1 kv_path=0.212 ms
ds4: metal layer stage part=decode layer=35 pos=23 tokens=1 compressor_indexer=0.257 ms
ds4: metal layer stage part=decode layer=35 pos=23 tokens=1 attention=0.285 ms
ds4: metal layer stage part=decode layer=35 pos=23 tokens=1 attn_output=0.337 ms
ds4: metal layer stage part=decode layer=35 pos=23 tokens=1 attn_hc_post=0.019 ms
ds4: metal layer stage part=decode layer=35 pos=24 tokens=1 attn_hc_pre=0.274 ms
ds4: metal layer stage part=decode layer=35 pos=24 tokens=1 attn_norm=0.028 ms
ds4: metal layer stage part=decode layer=35 pos=24 tokens=1 q_path=0.317 ms
ds4: metal layer stage part=decode layer=35 pos=24 tokens=1 kv_path=0.335 ms
ds4: metal layer stage part=decode layer=35 pos=24 tokens=1 compressor_indexer=0.214 ms
ds4: metal layer stage part=decode layer=35 pos=24 tokens=1 attention=0.275 ms
ds4: metal layer stage part=decode layer=35 pos=24 tokens=1 attn_output=0.349 ms
ds4: metal layer stage part=decode layer=35 pos=24 tokens=1 attn_hc_post=0.029 ms
ds4: metal layer stage part=ffn layer=35 pos=23 tokens=2 hc_pre=0.202 ms
ds4: metal layer stage part=ffn layer=35 pos=23 tokens=2 norm=0.030 ms
ds4: metal layer stage part=ffn layer=35 pos=23 tokens=2 router=0.204 ms
ds4: metal layer stage part=ffn layer=35 pos=23 tokens=2 routed_moe=0.425 ms
ds4: metal layer stage part=ffn layer=35 pos=23 tokens=2 shared_gate_up=0.342 ms
ds4: metal layer stage part=ffn layer=35 pos=23 tokens=2 shared_down=0.219 ms
ds4: metal layer stage part=ffn layer=35 pos=23 tokens=2 hc_post=0.029 ms
ds4: metal layer stage part=decode layer=36 pos=23 tokens=1 attn_hc_pre=0.201 ms
ds4: metal layer stage part=decode layer=36 pos=23 tokens=1 attn_norm=0.025 ms
ds4: metal layer stage part=decode layer=36 pos=23 tokens=1 q_path=0.317 ms
ds4: metal layer stage part=decode layer=36 pos=23 tokens=1 kv_path=0.204 ms
ds4: metal layer stage part=decode layer=36 pos=23 tokens=1 compressor_indexer=0.325 ms
ds4: metal layer stage part=decode layer=36 pos=23 tokens=1 attention=0.244 ms
ds4: metal layer stage part=decode layer=36 pos=23 tokens=1 attn_output=0.342 ms
ds4: metal layer stage part=decode layer=36 pos=23 tokens=1 attn_hc_post=0.021 ms
ds4: metal layer stage part=decode layer=36 pos=24 tokens=1 attn_hc_pre=0.249 ms
ds4: metal layer stage part=decode layer=36 pos=24 tokens=1 attn_norm=0.026 ms
ds4: metal layer stage part=decode layer=36 pos=24 tokens=1 q_path=0.326 ms
ds4: metal layer stage part=decode layer=36 pos=24 tokens=1 kv_path=0.268 ms
ds4: metal layer stage part=decode layer=36 pos=24 tokens=1 compressor_indexer=0.303 ms
ds4: metal layer stage part=decode layer=36 pos=24 tokens=1 attention=0.381 ms
ds4: metal layer stage part=decode layer=36 pos=24 tokens=1 attn_output=0.390 ms
ds4: metal layer stage part=decode layer=36 pos=24 tokens=1 attn_hc_post=0.036 ms
ds4: metal layer stage part=ffn layer=36 pos=23 tokens=2 hc_pre=0.227 ms
ds4: metal layer stage part=ffn layer=36 pos=23 tokens=2 norm=0.023 ms
ds4: metal layer stage part=ffn layer=36 pos=23 tokens=2 router=0.229 ms
ds4: metal layer stage part=ffn layer=36 pos=23 tokens=2 routed_moe=0.414 ms
ds4: metal layer stage part=ffn layer=36 pos=23 tokens=2 shared_gate_up=0.289 ms
ds4: metal layer stage part=ffn layer=36 pos=23 tokens=2 shared_down=0.279 ms
ds4: metal layer stage part=ffn layer=36 pos=23 tokens=2 hc_post=0.033 ms
ds4: metal layer stage part=decode layer=37 pos=23 tokens=1 attn_hc_pre=0.249 ms
ds4: metal layer stage part=decode layer=37 pos=23 tokens=1 attn_norm=0.031 ms
ds4: metal layer stage part=decode layer=37 pos=23 tokens=1 q_path=0.291 ms
ds4: metal layer stage part=decode layer=37 pos=23 tokens=1 kv_path=0.261 ms
ds4: metal layer stage part=decode layer=37 pos=23 tokens=1 compressor_indexer=0.223 ms
ds4: metal layer stage part=decode layer=37 pos=23 tokens=1 attention=0.272 ms
ds4: metal layer stage part=decode layer=37 pos=23 tokens=1 attn_output=0.349 ms
ds4: metal layer stage part=decode layer=37 pos=23 tokens=1 attn_hc_post=0.026 ms
ds4: metal layer stage part=decode layer=37 pos=24 tokens=1 attn_hc_pre=0.263 ms
ds4: metal layer stage part=decode layer=37 pos=24 tokens=1 attn_norm=0.021 ms
ds4: metal layer stage part=decode layer=37 pos=24 tokens=1 q_path=0.308 ms
ds4: metal layer stage part=decode layer=37 pos=24 tokens=1 kv_path=0.288 ms
ds4: metal layer stage part=decode layer=37 pos=24 tokens=1 compressor_indexer=0.473 ms
ds4: metal layer stage part=decode layer=37 pos=24 tokens=1 attention=0.601 ms
ds4: metal layer stage part=decode layer=37 pos=24 tokens=1 attn_output=0.273 ms
ds4: metal layer stage part=decode layer=37 pos=24 tokens=1 attn_hc_post=0.030 ms
ds4: metal layer stage part=ffn layer=37 pos=23 tokens=2 hc_pre=0.279 ms
ds4: metal layer stage part=ffn layer=37 pos=23 tokens=2 norm=0.029 ms
ds4: metal layer stage part=ffn layer=37 pos=23 tokens=2 router=0.309 ms
ds4: metal layer stage part=ffn layer=37 pos=23 tokens=2 routed_moe=0.451 ms
ds4: metal layer stage part=ffn layer=37 pos=23 tokens=2 shared_gate_up=0.268 ms
ds4: metal layer stage part=ffn layer=37 pos=23 tokens=2 shared_down=0.236 ms
ds4: metal layer stage part=ffn layer=37 pos=23 tokens=2 hc_post=0.031 ms
ds4: metal layer stage part=decode layer=38 pos=23 tokens=1 attn_hc_pre=0.193 ms
ds4: metal layer stage part=decode layer=38 pos=23 tokens=1 attn_norm=0.031 ms
ds4: metal layer stage part=decode layer=38 pos=23 tokens=1 q_path=0.280 ms
ds4: metal layer stage part=decode layer=38 pos=23 tokens=1 kv_path=0.219 ms
ds4: metal layer stage part=decode layer=38 pos=23 tokens=1 compressor_indexer=0.314 ms
ds4: metal layer stage part=decode layer=38 pos=23 tokens=1 attention=0.323 ms
ds4: metal layer stage part=decode layer=38 pos=23 tokens=1 attn_output=0.420 ms
ds4: metal layer stage part=decode layer=38 pos=23 tokens=1 attn_hc_post=0.023 ms
ds4: metal layer stage part=decode layer=38 pos=24 tokens=1 attn_hc_pre=0.207 ms
ds4: metal layer stage part=decode layer=38 pos=24 tokens=1 attn_norm=0.023 ms
ds4: metal layer stage part=decode layer=38 pos=24 tokens=1 q_path=0.271 ms
ds4: metal layer stage part=decode layer=38 pos=24 tokens=1 kv_path=0.215 ms
ds4: metal layer stage part=decode layer=38 pos=24 tokens=1 compressor_indexer=0.223 ms
ds4: metal layer stage part=decode layer=38 pos=24 tokens=1 attention=0.275 ms
ds4: metal layer stage part=decode layer=38 pos=24 tokens=1 attn_output=0.346 ms
ds4: metal layer stage part=decode layer=38 pos=24 tokens=1 attn_hc_post=0.023 ms
ds4: metal layer stage part=ffn layer=38 pos=23 tokens=2 hc_pre=0.290 ms
ds4: metal layer stage part=ffn layer=38 pos=23 tokens=2 norm=0.031 ms
ds4: metal layer stage part=ffn layer=38 pos=23 tokens=2 router=0.253 ms
ds4: metal layer stage part=ffn layer=38 pos=23 tokens=2 routed_moe=0.454 ms
ds4: metal layer stage part=ffn layer=38 pos=23 tokens=2 shared_gate_up=0.321 ms
ds4: metal layer stage part=ffn layer=38 pos=23 tokens=2 shared_down=0.303 ms
ds4: metal layer stage part=ffn layer=38 pos=23 tokens=2 hc_post=0.020 ms
ds4: metal layer stage part=decode layer=39 pos=23 tokens=1 attn_hc_pre=0.258 ms
ds4: metal layer stage part=decode layer=39 pos=23 tokens=1 attn_norm=0.027 ms
ds4: metal layer stage part=decode layer=39 pos=23 tokens=1 q_path=0.289 ms
ds4: metal layer stage part=decode layer=39 pos=23 tokens=1 kv_path=0.220 ms
ds4: metal layer stage part=decode layer=39 pos=23 tokens=1 compressor_indexer=0.221 ms
ds4: metal layer stage part=decode layer=39 pos=23 tokens=1 attention=0.318 ms
ds4: metal layer stage part=decode layer=39 pos=23 tokens=1 attn_output=0.356 ms
ds4: metal layer stage part=decode layer=39 pos=23 tokens=1 attn_hc_post=0.020 ms
ds4: metal layer stage part=decode layer=39 pos=24 tokens=1 attn_hc_pre=0.257 ms
ds4: metal layer stage part=decode layer=39 pos=24 tokens=1 attn_norm=0.021 ms
ds4: metal layer stage part=decode layer=39 pos=24 tokens=1 q_path=0.323 ms
ds4: metal layer stage part=decode layer=39 pos=24 tokens=1 kv_path=0.277 ms
ds4: metal layer stage part=decode layer=39 pos=24 tokens=1 compressor_indexer=0.262 ms
ds4: metal layer stage part=decode layer=39 pos=24 tokens=1 attention=0.292 ms
ds4: metal layer stage part=decode layer=39 pos=24 tokens=1 attn_output=0.336 ms
ds4: metal layer stage part=decode layer=39 pos=24 tokens=1 attn_hc_post=0.030 ms
ds4: metal layer stage part=ffn layer=39 pos=23 tokens=2 hc_pre=0.264 ms
ds4: metal layer stage part=ffn layer=39 pos=23 tokens=2 norm=0.028 ms
ds4: metal layer stage part=ffn layer=39 pos=23 tokens=2 router=0.247 ms
ds4: metal layer stage part=ffn layer=39 pos=23 tokens=2 routed_moe=0.469 ms
ds4: metal layer stage part=ffn layer=39 pos=23 tokens=2 shared_gate_up=0.331 ms
ds4: metal layer stage part=ffn layer=39 pos=23 tokens=2 shared_down=0.251 ms
ds4: metal layer stage part=ffn layer=39 pos=23 tokens=2 hc_post=0.029 ms
ds4: metal layer stage part=decode layer=40 pos=23 tokens=1 attn_hc_pre=0.223 ms
ds4: metal layer stage part=decode layer=40 pos=23 tokens=1 attn_norm=0.023 ms
ds4: metal layer stage part=decode layer=40 pos=23 tokens=1 q_path=0.321 ms
ds4: metal layer stage part=decode layer=40 pos=23 tokens=1 kv_path=0.253 ms
ds4: metal layer stage part=decode layer=40 pos=23 tokens=1 compressor_indexer=0.331 ms
ds4: metal layer stage part=decode layer=40 pos=23 tokens=1 attention=0.250 ms
ds4: metal layer stage part=decode layer=40 pos=23 tokens=1 attn_output=0.401 ms
ds4: metal layer stage part=decode layer=40 pos=23 tokens=1 attn_hc_post=0.024 ms
ds4: metal layer stage part=decode layer=40 pos=24 tokens=1 attn_hc_pre=0.221 ms
ds4: metal layer stage part=decode layer=40 pos=24 tokens=1 attn_norm=0.026 ms
ds4: metal layer stage part=decode layer=40 pos=24 tokens=1 q_path=0.295 ms
ds4: metal layer stage part=decode layer=40 pos=24 tokens=1 kv_path=0.271 ms
ds4: metal layer stage part=decode layer=40 pos=24 tokens=1 compressor_indexer=0.286 ms
ds4: metal layer stage part=decode layer=40 pos=24 tokens=1 attention=0.242 ms
ds4: metal layer stage part=decode layer=40 pos=24 tokens=1 attn_output=0.353 ms
ds4: metal layer stage part=decode layer=40 pos=24 tokens=1 attn_hc_post=0.024 ms
ds4: metal layer stage part=ffn layer=40 pos=23 tokens=2 hc_pre=0.218 ms
ds4: metal layer stage part=ffn layer=40 pos=23 tokens=2 norm=0.021 ms
ds4: metal layer stage part=ffn layer=40 pos=23 tokens=2 router=0.224 ms
ds4: metal layer stage part=ffn layer=40 pos=23 tokens=2 routed_moe=0.416 ms
ds4: metal layer stage part=ffn layer=40 pos=23 tokens=2 shared_gate_up=0.318 ms
ds4: metal layer stage part=ffn layer=40 pos=23 tokens=2 shared_down=0.233 ms
ds4: metal layer stage part=ffn layer=40 pos=23 tokens=2 hc_post=0.029 ms
ds4: metal layer stage part=decode layer=41 pos=23 tokens=1 attn_hc_pre=0.220 ms
ds4: metal layer stage part=decode layer=41 pos=23 tokens=1 attn_norm=0.025 ms
ds4: metal layer stage part=decode layer=41 pos=23 tokens=1 q_path=0.286 ms
ds4: metal layer stage part=decode layer=41 pos=23 tokens=1 kv_path=0.200 ms
ds4: metal layer stage part=decode layer=41 pos=23 tokens=1 compressor_indexer=0.258 ms
ds4: metal layer stage part=decode layer=41 pos=23 tokens=1 attention=0.323 ms
ds4: metal layer stage part=decode layer=41 pos=23 tokens=1 attn_output=0.348 ms
ds4: metal layer stage part=decode layer=41 pos=23 tokens=1 attn_hc_post=0.025 ms
ds4: metal layer stage part=decode layer=41 pos=24 tokens=1 attn_hc_pre=0.417 ms
ds4: metal layer stage part=decode layer=41 pos=24 tokens=1 attn_norm=0.028 ms
ds4: metal layer stage part=decode layer=41 pos=24 tokens=1 q_path=0.309 ms
ds4: metal layer stage part=decode layer=41 pos=24 tokens=1 kv_path=0.271 ms
ds4: metal layer stage part=decode layer=41 pos=24 tokens=1 compressor_indexer=0.261 ms
ds4: metal layer stage part=decode layer=41 pos=24 tokens=1 attention=0.295 ms
ds4: metal layer stage part=decode layer=41 pos=24 tokens=1 attn_output=0.377 ms
ds4: metal layer stage part=decode layer=41 pos=24 tokens=1 attn_hc_post=0.024 ms
ds4: metal layer stage part=ffn layer=41 pos=23 tokens=2 hc_pre=0.206 ms
ds4: metal layer stage part=ffn layer=41 pos=23 tokens=2 norm=0.021 ms
ds4: metal layer stage part=ffn layer=41 pos=23 tokens=2 router=0.222 ms
ds4: metal layer stage part=ffn layer=41 pos=23 tokens=2 routed_moe=0.509 ms
ds4: metal layer stage part=ffn layer=41 pos=23 tokens=2 shared_gate_up=0.291 ms
ds4: metal layer stage part=ffn layer=41 pos=23 tokens=2 shared_down=0.267 ms
ds4: metal layer stage part=ffn layer=41 pos=23 tokens=2 hc_post=0.021 ms
ds4: metal layer stage part=decode layer=42 pos=23 tokens=1 attn_hc_pre=0.213 ms
ds4: metal layer stage part=decode layer=42 pos=23 tokens=1 attn_norm=0.026 ms
ds4: metal layer stage part=decode layer=42 pos=23 tokens=1 q_path=0.282 ms
ds4: metal layer stage part=decode layer=42 pos=23 tokens=1 kv_path=0.218 ms
ds4: metal layer stage part=decode layer=42 pos=23 tokens=1 compressor_indexer=0.313 ms
ds4: metal layer stage part=decode layer=42 pos=23 tokens=1 attention=0.244 ms
ds4: metal layer stage part=decode layer=42 pos=23 tokens=1 attn_output=0.488 ms
ds4: metal layer stage part=decode layer=42 pos=23 tokens=1 attn_hc_post=0.033 ms
ds4: metal layer stage part=decode layer=42 pos=24 tokens=1 attn_hc_pre=0.425 ms
ds4: metal layer stage part=decode layer=42 pos=24 tokens=1 attn_norm=0.023 ms
ds4: metal layer stage part=decode layer=42 pos=24 tokens=1 q_path=0.367 ms
ds4: metal layer stage part=decode layer=42 pos=24 tokens=1 kv_path=0.227 ms
ds4: metal layer stage part=decode layer=42 pos=24 tokens=1 compressor_indexer=0.250 ms
ds4: metal layer stage part=decode layer=42 pos=24 tokens=1 attention=0.254 ms
ds4: metal layer stage part=decode layer=42 pos=24 tokens=1 attn_output=0.348 ms
ds4: metal layer stage part=decode layer=42 pos=24 tokens=1 attn_hc_post=0.033 ms
ds4: metal layer stage part=ffn layer=42 pos=23 tokens=2 hc_pre=0.250 ms
ds4: metal layer stage part=ffn layer=42 pos=23 tokens=2 norm=0.031 ms
ds4: metal layer stage part=ffn layer=42 pos=23 tokens=2 router=0.258 ms
ds4: metal layer stage part=ffn layer=42 pos=23 tokens=2 routed_moe=0.496 ms
ds4: metal layer stage part=ffn layer=42 pos=23 tokens=2 shared_gate_up=0.286 ms
ds4: metal layer stage part=ffn layer=42 pos=23 tokens=2 shared_down=0.291 ms
ds4: metal layer stage part=ffn layer=42 pos=23 tokens=2 hc_post=0.024 ms
ds4: dspark timing decode2 drafted=2 committed=2 draft=8.836 ms snapshot=0.358 ms verify=223.168 ms dspark_kv=1.076 ms total=233.528 ms
ds4: metal layer stage part=decode layer=0 pos=25 tokens=1 attn_hc_pre=0.194 ms
ds4: metal layer stage part=decode layer=0 pos=25 tokens=1 attn_norm=0.030 ms
ds4: metal layer stage part=decode layer=0 pos=25 tokens=1 q_path=0.333 ms
ds4: metal layer stage part=decode layer=0 pos=25 tokens=1 kv_path=0.213 ms
ds4: metal layer stage part=decode layer=0 pos=25 tokens=1 compressor_indexer=0.026 ms
ds4: metal layer stage part=decode layer=0 pos=25 tokens=1 attention=0.230 ms
ds4: metal layer stage part=decode layer=0 pos=25 tokens=1 attn_output=0.348 ms
ds4: metal layer stage part=decode layer=0 pos=25 tokens=1 attn_hc_post=0.025 ms
ds4: metal layer stage part=decode layer=0 pos=25 tokens=1 ffn_hc_pre=0.196 ms
ds4: metal layer stage part=decode layer=0 pos=25 tokens=1 ffn_norm=0.036 ms
ds4: metal layer stage part=decode layer=0 pos=25 tokens=1 router=0.190 ms
ds4: metal layer stage part=decode layer=0 pos=25 tokens=1 routed_moe=0.353 ms
ds4: metal layer stage part=decode layer=0 pos=25 tokens=1 shared_gate_up=0.298 ms
ds4: metal layer stage part=decode layer=0 pos=25 tokens=1 shared_down=0.245 ms
ds4: metal layer stage part=decode layer=0 pos=25 tokens=1 ffn_hc_post=0.026 ms
ds4: metal layer stage part=decode layer=1 pos=25 tokens=1 attn_hc_pre=0.216 ms
ds4: metal layer stage part=decode layer=1 pos=25 tokens=1 attn_norm=0.028 ms
ds4: metal layer stage part=decode layer=1 pos=25 tokens=1 q_path=0.318 ms
ds4: metal layer stage part=decode layer=1 pos=25 tokens=1 kv_path=0.290 ms
ds4: metal layer stage part=decode layer=1 pos=25 tokens=1 compressor_indexer=0.026 ms
ds4: metal layer stage part=decode layer=1 pos=25 tokens=1 attention=0.263 ms
ds4: metal layer stage part=decode layer=1 pos=25 tokens=1 attn_output=0.360 ms
ds4: metal layer stage part=decode layer=1 pos=25 tokens=1 attn_hc_post=0.022 ms
ds4: metal layer stage part=decode layer=1 pos=25 tokens=1 ffn_hc_pre=0.283 ms
ds4: metal layer stage part=decode layer=1 pos=25 tokens=1 ffn_norm=0.031 ms
ds4: metal layer stage part=decode layer=1 pos=25 tokens=1 router=0.329 ms
ds4: metal layer stage part=decode layer=1 pos=25 tokens=1 routed_moe=0.396 ms
ds4: metal layer stage part=decode layer=1 pos=25 tokens=1 shared_gate_up=0.300 ms
ds4: metal layer stage part=decode layer=1 pos=25 tokens=1 shared_down=0.256 ms
ds4: metal layer stage part=decode layer=1 pos=25 tokens=1 ffn_hc_post=0.029 ms
ds4: metal layer stage part=decode layer=2 pos=25 tokens=1 attn_hc_pre=0.218 ms
ds4: metal layer stage part=decode layer=2 pos=25 tokens=1 attn_norm=0.024 ms
ds4: metal layer stage part=decode layer=2 pos=25 tokens=1 q_path=0.316 ms
ds4: metal layer stage part=decode layer=2 pos=25 tokens=1 kv_path=0.280 ms
ds4: metal layer stage part=decode layer=2 pos=25 tokens=1 compressor_indexer=0.283 ms
ds4: metal layer stage part=decode layer=2 pos=25 tokens=1 attention=0.438 ms
ds4: metal layer stage part=decode layer=2 pos=25 tokens=1 attn_output=0.399 ms
ds4: metal layer stage part=decode layer=2 pos=25 tokens=1 attn_hc_post=0.033 ms
ds4: metal layer stage part=decode layer=2 pos=25 tokens=1 ffn_hc_pre=0.223 ms
ds4: metal layer stage part=decode layer=2 pos=25 tokens=1 ffn_norm=0.028 ms
ds4: metal layer stage part=decode layer=2 pos=25 tokens=1 router=0.192 ms
ds4: metal layer stage part=decode layer=2 pos=25 tokens=1 routed_moe=0.366 ms
ds4: metal layer stage part=decode layer=2 pos=25 tokens=1 shared_gate_up=0.284 ms
ds4: metal layer stage part=decode layer=2 pos=25 tokens=1 shared_down=0.242 ms
ds4: metal layer stage part=decode layer=2 pos=25 tokens=1 ffn_hc_post=0.025 ms
ds4: metal layer stage part=decode layer=3 pos=25 tokens=1 attn_hc_pre=0.228 ms
ds4: metal layer stage part=decode layer=3 pos=25 tokens=1 attn_norm=0.033 ms
ds4: metal layer stage part=decode layer=3 pos=25 tokens=1 q_path=0.307 ms
ds4: metal layer stage part=decode layer=3 pos=25 tokens=1 kv_path=0.349 ms
ds4: metal layer stage part=decode layer=3 pos=25 tokens=1 compressor_indexer=0.320 ms
ds4: metal layer stage part=decode layer=3 pos=25 tokens=1 attention=0.450 ms
ds4: metal layer stage part=decode layer=3 pos=25 tokens=1 attn_output=0.397 ms
ds4: metal layer stage part=decode layer=3 pos=25 tokens=1 attn_hc_post=0.074 ms
ds4: metal layer stage part=decode layer=3 pos=25 tokens=1 ffn_hc_pre=0.256 ms
ds4: metal layer stage part=decode layer=3 pos=25 tokens=1 ffn_norm=0.023 ms
ds4: metal layer stage part=decode layer=3 pos=25 tokens=1 router=0.241 ms
ds4: metal layer stage part=decode layer=3 pos=25 tokens=1 routed_moe=0.401 ms
ds4: metal layer stage part=decode layer=3 pos=25 tokens=1 shared_gate_up=0.214 ms
ds4: metal layer stage part=decode layer=3 pos=25 tokens=1 shared_down=0.219 ms
ds4: metal layer stage part=decode layer=3 pos=25 tokens=1 ffn_hc_post=0.029 ms
ds4: metal layer stage part=decode layer=4 pos=25 tokens=1 attn_hc_pre=0.214 ms
ds4: metal layer stage part=decode layer=4 pos=25 tokens=1 attn_norm=0.026 ms
ds4: metal layer stage part=decode layer=4 pos=25 tokens=1 q_path=0.299 ms
ds4: metal layer stage part=decode layer=4 pos=25 tokens=1 kv_path=0.231 ms
ds4: metal layer stage part=decode layer=4 pos=25 tokens=1 compressor_indexer=0.267 ms
ds4: metal layer stage part=decode layer=4 pos=25 tokens=1 attention=0.267 ms
ds4: metal layer stage part=decode layer=4 pos=25 tokens=1 attn_output=0.348 ms
ds4: metal layer stage part=decode layer=4 pos=25 tokens=1 attn_hc_post=0.023 ms
ds4: metal layer stage part=decode layer=4 pos=25 tokens=1 ffn_hc_pre=0.245 ms
ds4: metal layer stage part=decode layer=4 pos=25 tokens=1 ffn_norm=0.030 ms
ds4: metal layer stage part=decode layer=4 pos=25 tokens=1 router=0.210 ms
ds4: metal layer stage part=decode layer=4 pos=25 tokens=1 routed_moe=0.389 ms
ds4: metal layer stage part=decode layer=4 pos=25 tokens=1 shared_gate_up=0.253 ms
ds4: metal layer stage part=decode layer=4 pos=25 tokens=1 shared_down=0.227 ms
ds4: metal layer stage part=decode layer=4 pos=25 tokens=1 ffn_hc_post=0.030 ms
ds4: metal layer stage part=decode layer=5 pos=25 tokens=1 attn_hc_pre=0.257 ms
ds4: metal layer stage part=decode layer=5 pos=25 tokens=1 attn_norm=0.028 ms
ds4: metal layer stage part=decode layer=5 pos=25 tokens=1 q_path=0.343 ms
ds4: metal layer stage part=decode layer=5 pos=25 tokens=1 kv_path=0.279 ms
ds4: metal layer stage part=decode layer=5 pos=25 tokens=1 compressor_indexer=0.270 ms
ds4: metal layer stage part=decode layer=5 pos=25 tokens=1 attention=0.301 ms
ds4: metal layer stage part=decode layer=5 pos=25 tokens=1 attn_output=0.412 ms
ds4: metal layer stage part=decode layer=5 pos=25 tokens=1 attn_hc_post=0.028 ms
ds4: metal layer stage part=decode layer=5 pos=25 tokens=1 ffn_hc_pre=0.205 ms
ds4: metal layer stage part=decode layer=5 pos=25 tokens=1 ffn_norm=0.030 ms
ds4: metal layer stage part=decode layer=5 pos=25 tokens=1 router=0.203 ms
ds4: metal layer stage part=decode layer=5 pos=25 tokens=1 routed_moe=0.354 ms
ds4: metal layer stage part=decode layer=5 pos=25 tokens=1 shared_gate_up=0.313 ms
ds4: metal layer stage part=decode layer=5 pos=25 tokens=1 shared_down=0.244 ms
ds4: metal layer stage part=decode layer=5 pos=25 tokens=1 ffn_hc_post=0.020 ms
ds4: metal layer stage part=decode layer=6 pos=25 tokens=1 attn_hc_pre=0.240 ms
ds4: metal layer stage part=decode layer=6 pos=25 tokens=1 attn_norm=0.023 ms
ds4: metal layer stage part=decode layer=6 pos=25 tokens=1 q_path=0.310 ms
ds4: metal layer stage part=decode layer=6 pos=25 tokens=1 kv_path=0.247 ms
ds4: metal layer stage part=decode layer=6 pos=25 tokens=1 compressor_indexer=0.318 ms
ds4: metal layer stage part=decode layer=6 pos=25 tokens=1 attention=0.246 ms
ds4: metal layer stage part=decode layer=6 pos=25 tokens=1 attn_output=0.356 ms
ds4: metal layer stage part=decode layer=6 pos=25 tokens=1 attn_hc_post=0.023 ms
ds4: metal layer stage part=decode layer=6 pos=25 tokens=1 ffn_hc_pre=0.274 ms
ds4: metal layer stage part=decode layer=6 pos=25 tokens=1 ffn_norm=0.024 ms
ds4: metal layer stage part=decode layer=6 pos=25 tokens=1 router=0.245 ms
ds4: metal layer stage part=decode layer=6 pos=25 tokens=1 routed_moe=0.451 ms
ds4: metal layer stage part=decode layer=6 pos=25 tokens=1 shared_gate_up=0.268 ms
ds4: metal layer stage part=decode layer=6 pos=25 tokens=1 shared_down=0.216 ms
ds4: metal layer stage part=decode layer=6 pos=25 tokens=1 ffn_hc_post=0.022 ms
ds4: metal layer stage part=decode layer=7 pos=25 tokens=1 attn_hc_pre=0.197 ms
ds4: metal layer stage part=decode layer=7 pos=25 tokens=1 attn_norm=0.022 ms
ds4: metal layer stage part=decode layer=7 pos=25 tokens=1 q_path=0.288 ms
ds4: metal layer stage part=decode layer=7 pos=25 tokens=1 kv_path=0.224 ms
ds4: metal layer stage part=decode layer=7 pos=25 tokens=1 compressor_indexer=0.218 ms
ds4: metal layer stage part=decode layer=7 pos=25 tokens=1 attention=0.296 ms
ds4: metal layer stage part=decode layer=7 pos=25 tokens=1 attn_output=0.360 ms
ds4: metal layer stage part=decode layer=7 pos=25 tokens=1 attn_hc_post=0.033 ms
ds4: metal layer stage part=decode layer=7 pos=25 tokens=1 ffn_hc_pre=0.259 ms
ds4: metal layer stage part=decode layer=7 pos=25 tokens=1 ffn_norm=0.030 ms
ds4: metal layer stage part=decode layer=7 pos=25 tokens=1 router=0.310 ms
ds4: metal layer stage part=decode layer=7 pos=25 tokens=1 routed_moe=0.403 ms
ds4: metal layer stage part=decode layer=7 pos=25 tokens=1 shared_gate_up=0.235 ms
ds4: metal layer stage part=decode layer=7 pos=25 tokens=1 shared_down=0.203 ms
ds4: metal layer stage part=decode layer=7 pos=25 tokens=1 ffn_hc_post=0.028 ms
ds4: metal layer stage part=decode layer=8 pos=25 tokens=1 attn_hc_pre=0.181 ms
ds4: metal layer stage part=decode layer=8 pos=25 tokens=1 attn_norm=0.024 ms
ds4: metal layer stage part=decode layer=8 pos=25 tokens=1 q_path=0.287 ms
ds4: metal layer stage part=decode layer=8 pos=25 tokens=1 kv_path=0.210 ms
ds4: metal layer stage part=decode layer=8 pos=25 tokens=1 compressor_indexer=0.297 ms
ds4: metal layer stage part=decode layer=8 pos=25 tokens=1 attention=0.246 ms
ds4: metal layer stage part=decode layer=8 pos=25 tokens=1 attn_output=0.374 ms
ds4: metal layer stage part=decode layer=8 pos=25 tokens=1 attn_hc_post=0.031 ms
ds4: metal layer stage part=decode layer=8 pos=25 tokens=1 ffn_hc_pre=0.260 ms
ds4: metal layer stage part=decode layer=8 pos=25 tokens=1 ffn_norm=0.032 ms
ds4: metal layer stage part=decode layer=8 pos=25 tokens=1 router=0.226 ms
ds4: metal layer stage part=decode layer=8 pos=25 tokens=1 routed_moe=0.397 ms
ds4: metal layer stage part=decode layer=8 pos=25 tokens=1 shared_gate_up=0.249 ms
ds4: metal layer stage part=decode layer=8 pos=25 tokens=1 shared_down=0.222 ms
ds4: metal layer stage part=decode layer=8 pos=25 tokens=1 ffn_hc_post=0.025 ms
ds4: metal layer stage part=decode layer=9 pos=25 tokens=1 attn_hc_pre=0.256 ms
ds4: metal layer stage part=decode layer=9 pos=25 tokens=1 attn_norm=0.028 ms
ds4: metal layer stage part=decode layer=9 pos=25 tokens=1 q_path=0.375 ms
ds4: metal layer stage part=decode layer=9 pos=25 tokens=1 kv_path=0.270 ms
ds4: metal layer stage part=decode layer=9 pos=25 tokens=1 compressor_indexer=0.250 ms
ds4: metal layer stage part=decode layer=9 pos=25 tokens=1 attention=0.297 ms
ds4: metal layer stage part=decode layer=9 pos=25 tokens=1 attn_output=0.418 ms
ds4: metal layer stage part=decode layer=9 pos=25 tokens=1 attn_hc_post=0.035 ms
ds4: metal layer stage part=decode layer=9 pos=25 tokens=1 ffn_hc_pre=0.189 ms
ds4: metal layer stage part=decode layer=9 pos=25 tokens=1 ffn_norm=0.025 ms
ds4: metal layer stage part=decode layer=9 pos=25 tokens=1 router=0.212 ms
ds4: metal layer stage part=decode layer=9 pos=25 tokens=1 routed_moe=0.348 ms
ds4: metal layer stage part=decode layer=9 pos=25 tokens=1 shared_gate_up=0.231 ms
ds4: metal layer stage part=decode layer=9 pos=25 tokens=1 shared_down=0.220 ms
ds4: metal layer stage part=decode layer=9 pos=25 tokens=1 ffn_hc_post=0.020 ms
ds4: metal layer stage part=decode layer=10 pos=25 tokens=1 attn_hc_pre=0.190 ms
ds4: metal layer stage part=decode layer=10 pos=25 tokens=1 attn_norm=0.028 ms
ds4: metal layer stage part=decode layer=10 pos=25 tokens=1 q_path=0.287 ms
ds4: metal layer stage part=decode layer=10 pos=25 tokens=1 kv_path=0.213 ms
ds4: metal layer stage part=decode layer=10 pos=25 tokens=1 compressor_indexer=0.299 ms
ds4: metal layer stage part=decode layer=10 pos=25 tokens=1 attention=0.409 ms
ds4: metal layer stage part=decode layer=10 pos=25 tokens=1 attn_output=0.364 ms
ds4: metal layer stage part=decode layer=10 pos=25 tokens=1 attn_hc_post=0.024 ms
ds4: metal layer stage part=decode layer=10 pos=25 tokens=1 ffn_hc_pre=0.202 ms
ds4: metal layer stage part=decode layer=10 pos=25 tokens=1 ffn_norm=0.025 ms
ds4: metal layer stage part=decode layer=10 pos=25 tokens=1 router=0.227 ms
ds4: metal layer stage part=decode layer=10 pos=25 tokens=1 routed_moe=0.397 ms
ds4: metal layer stage part=decode layer=10 pos=25 tokens=1 shared_gate_up=0.299 ms
ds4: metal layer stage part=decode layer=10 pos=25 tokens=1 shared_down=0.398 ms
ds4: metal layer stage part=decode layer=10 pos=25 tokens=1 ffn_hc_post=0.031 ms
ds4: metal layer stage part=decode layer=11 pos=25 tokens=1 attn_hc_pre=0.150 ms
ds4: metal layer stage part=decode layer=11 pos=25 tokens=1 attn_norm=0.028 ms
ds4: metal layer stage part=decode layer=11 pos=25 tokens=1 q_path=0.657 ms
ds4: metal layer stage part=decode layer=11 pos=25 tokens=1 kv_path=0.273 ms
ds4: metal layer stage part=decode layer=11 pos=25 tokens=1 compressor_indexer=0.271 ms
ds4: metal layer stage part=decode layer=11 pos=25 tokens=1 attention=0.283 ms
ds4: metal layer stage part=decode layer=11 pos=25 tokens=1 attn_output=0.386 ms
ds4: metal layer stage part=decode layer=11 pos=25 tokens=1 attn_hc_post=0.026 ms
ds4: metal layer stage part=decode layer=11 pos=25 tokens=1 ffn_hc_pre=0.215 ms
ds4: metal layer stage part=decode layer=11 pos=25 tokens=1 ffn_norm=0.024 ms
ds4: metal layer stage part=decode layer=11 pos=25 tokens=1 router=0.218 ms
ds4: metal layer stage part=decode layer=11 pos=25 tokens=1 routed_moe=0.387 ms
ds4: metal layer stage part=decode layer=11 pos=25 tokens=1 shared_gate_up=0.298 ms
ds4: metal layer stage part=decode layer=11 pos=25 tokens=1 shared_down=0.247 ms
ds4: metal layer stage part=decode layer=11 pos=25 tokens=1 ffn_hc_post=0.031 ms
ds4: metal layer stage part=decode layer=12 pos=25 tokens=1 attn_hc_pre=0.216 ms
ds4: metal layer stage part=decode layer=12 pos=25 tokens=1 attn_norm=0.024 ms
ds4: metal layer stage part=decode layer=12 pos=25 tokens=1 q_path=0.309 ms
ds4: metal layer stage part=decode layer=12 pos=25 tokens=1 kv_path=0.300 ms
ds4: metal layer stage part=decode layer=12 pos=25 tokens=1 compressor_indexer=0.266 ms
ds4: metal layer stage part=decode layer=12 pos=25 tokens=1 attention=0.291 ms
ds4: metal layer stage part=decode layer=12 pos=25 tokens=1 attn_output=0.359 ms
ds4: metal layer stage part=decode layer=12 pos=25 tokens=1 attn_hc_post=0.026 ms
ds4: metal layer stage part=decode layer=12 pos=25 tokens=1 ffn_hc_pre=0.256 ms
ds4: metal layer stage part=decode layer=12 pos=25 tokens=1 ffn_norm=0.032 ms
ds4: metal layer stage part=decode layer=12 pos=25 tokens=1 router=0.218 ms
ds4: metal layer stage part=decode layer=12 pos=25 tokens=1 routed_moe=0.475 ms
ds4: metal layer stage part=decode layer=12 pos=25 tokens=1 shared_gate_up=0.240 ms
ds4: metal layer stage part=decode layer=12 pos=25 tokens=1 shared_down=0.218 ms
ds4: metal layer stage part=decode layer=12 pos=25 tokens=1 ffn_hc_post=0.030 ms
ds4: metal layer stage part=decode layer=13 pos=25 tokens=1 attn_hc_pre=0.182 ms
ds4: metal layer stage part=decode layer=13 pos=25 tokens=1 attn_norm=0.028 ms
ds4: metal layer stage part=decode layer=13 pos=25 tokens=1 q_path=0.294 ms
ds4: metal layer stage part=decode layer=13 pos=25 tokens=1 kv_path=0.210 ms
ds4: metal layer stage part=decode layer=13 pos=25 tokens=1 compressor_indexer=0.219 ms
ds4: metal layer stage part=decode layer=13 pos=25 tokens=1 attention=0.326 ms
ds4: metal layer stage part=decode layer=13 pos=25 tokens=1 attn_output=0.343 ms
ds4: metal layer stage part=decode layer=13 pos=25 tokens=1 attn_hc_post=0.027 ms
ds4: metal layer stage part=decode layer=13 pos=25 tokens=1 ffn_hc_pre=0.281 ms
ds4: metal layer stage part=decode layer=13 pos=25 tokens=1 ffn_norm=0.022 ms
ds4: metal layer stage part=decode layer=13 pos=25 tokens=1 router=0.220 ms
ds4: metal layer stage part=decode layer=13 pos=25 tokens=1 routed_moe=0.405 ms
ds4: metal layer stage part=decode layer=13 pos=25 tokens=1 shared_gate_up=0.233 ms
ds4: metal layer stage part=decode layer=13 pos=25 tokens=1 shared_down=0.242 ms
ds4: metal layer stage part=decode layer=13 pos=25 tokens=1 ffn_hc_post=0.022 ms
ds4: metal layer stage part=decode layer=14 pos=25 tokens=1 attn_hc_pre=0.246 ms
ds4: metal layer stage part=decode layer=14 pos=25 tokens=1 attn_norm=0.024 ms
ds4: metal layer stage part=decode layer=14 pos=25 tokens=1 q_path=0.303 ms
ds4: metal layer stage part=decode layer=14 pos=25 tokens=1 kv_path=0.215 ms
ds4: metal layer stage part=decode layer=14 pos=25 tokens=1 compressor_indexer=0.281 ms
ds4: metal layer stage part=decode layer=14 pos=25 tokens=1 attention=0.253 ms
ds4: metal layer stage part=decode layer=14 pos=25 tokens=1 attn_output=0.431 ms
ds4: metal layer stage part=decode layer=14 pos=25 tokens=1 attn_hc_post=0.027 ms
ds4: metal layer stage part=decode layer=14 pos=25 tokens=1 ffn_hc_pre=0.304 ms
ds4: metal layer stage part=decode layer=14 pos=25 tokens=1 ffn_norm=0.028 ms
ds4: metal layer stage part=decode layer=14 pos=25 tokens=1 router=0.208 ms
ds4: metal layer stage part=decode layer=14 pos=25 tokens=1 routed_moe=0.415 ms
ds4: metal layer stage part=decode layer=14 pos=25 tokens=1 shared_gate_up=0.295 ms
ds4: metal layer stage part=decode layer=14 pos=25 tokens=1 shared_down=0.240 ms
ds4: metal layer stage part=decode layer=14 pos=25 tokens=1 ffn_hc_post=0.029 ms
ds4: metal layer stage part=decode layer=15 pos=25 tokens=1 attn_hc_pre=0.237 ms
ds4: metal layer stage part=decode layer=15 pos=25 tokens=1 attn_norm=0.024 ms
ds4: metal layer stage part=decode layer=15 pos=25 tokens=1 q_path=0.303 ms
ds4: metal layer stage part=decode layer=15 pos=25 tokens=1 kv_path=0.278 ms
ds4: metal layer stage part=decode layer=15 pos=25 tokens=1 compressor_indexer=0.261 ms
ds4: metal layer stage part=decode layer=15 pos=25 tokens=1 attention=0.374 ms
ds4: metal layer stage part=decode layer=15 pos=25 tokens=1 attn_output=0.347 ms
ds4: metal layer stage part=decode layer=15 pos=25 tokens=1 attn_hc_post=0.023 ms
ds4: metal layer stage part=decode layer=15 pos=25 tokens=1 ffn_hc_pre=0.265 ms
ds4: metal layer stage part=decode layer=15 pos=25 tokens=1 ffn_norm=0.020 ms
ds4: metal layer stage part=decode layer=15 pos=25 tokens=1 router=0.221 ms
ds4: metal layer stage part=decode layer=15 pos=25 tokens=1 routed_moe=0.405 ms
ds4: metal layer stage part=decode layer=15 pos=25 tokens=1 shared_gate_up=0.235 ms
ds4: metal layer stage part=decode layer=15 pos=25 tokens=1 shared_down=0.430 ms
ds4: metal layer stage part=decode layer=15 pos=25 tokens=1 ffn_hc_post=0.030 ms
ds4: metal layer stage part=decode layer=16 pos=25 tokens=1 attn_hc_pre=0.410 ms
ds4: metal layer stage part=decode layer=16 pos=25 tokens=1 attn_norm=0.030 ms
ds4: metal layer stage part=decode layer=16 pos=25 tokens=1 q_path=0.337 ms
ds4: metal layer stage part=decode layer=16 pos=25 tokens=1 kv_path=0.257 ms
ds4: metal layer stage part=decode layer=16 pos=25 tokens=1 compressor_indexer=0.288 ms
ds4: metal layer stage part=decode layer=16 pos=25 tokens=1 attention=0.243 ms
ds4: metal layer stage part=decode layer=16 pos=25 tokens=1 attn_output=0.354 ms
ds4: metal layer stage part=decode layer=16 pos=25 tokens=1 attn_hc_post=0.028 ms
ds4: metal layer stage part=decode layer=16 pos=25 tokens=1 ffn_hc_pre=0.198 ms
ds4: metal layer stage part=decode layer=16 pos=25 tokens=1 ffn_norm=0.024 ms
ds4: metal layer stage part=decode layer=16 pos=25 tokens=1 router=0.207 ms
ds4: metal layer stage part=decode layer=16 pos=25 tokens=1 routed_moe=0.387 ms
ds4: metal layer stage part=decode layer=16 pos=25 tokens=1 shared_gate_up=0.280 ms
ds4: metal layer stage part=decode layer=16 pos=25 tokens=1 shared_down=0.232 ms
ds4: metal layer stage part=decode layer=16 pos=25 tokens=1 ffn_hc_post=0.030 ms
ds4: metal layer stage part=decode layer=17 pos=25 tokens=1 attn_hc_pre=0.222 ms
ds4: metal layer stage part=decode layer=17 pos=25 tokens=1 attn_norm=0.025 ms
ds4: metal layer stage part=decode layer=17 pos=25 tokens=1 q_path=0.314 ms
ds4: metal layer stage part=decode layer=17 pos=25 tokens=1 kv_path=0.309 ms
ds4: metal layer stage part=decode layer=17 pos=25 tokens=1 compressor_indexer=0.218 ms
ds4: metal layer stage part=decode layer=17 pos=25 tokens=1 attention=0.312 ms
ds4: metal layer stage part=decode layer=17 pos=25 tokens=1 attn_output=0.345 ms
ds4: metal layer stage part=decode layer=17 pos=25 tokens=1 attn_hc_post=0.026 ms
ds4: metal layer stage part=decode layer=17 pos=25 tokens=1 ffn_hc_pre=0.269 ms
ds4: metal layer stage part=decode layer=17 pos=25 tokens=1 ffn_norm=0.025 ms
ds4: metal layer stage part=decode layer=17 pos=25 tokens=1 router=0.232 ms
ds4: metal layer stage part=decode layer=17 pos=25 tokens=1 routed_moe=0.416 ms
ds4: metal layer stage part=decode layer=17 pos=25 tokens=1 shared_gate_up=0.393 ms
ds4: metal layer stage part=decode layer=17 pos=25 tokens=1 shared_down=0.244 ms
ds4: metal layer stage part=decode layer=17 pos=25 tokens=1 ffn_hc_post=0.023 ms
ds4: metal layer stage part=decode layer=18 pos=25 tokens=1 attn_hc_pre=0.240 ms
ds4: metal layer stage part=decode layer=18 pos=25 tokens=1 attn_norm=0.023 ms
ds4: metal layer stage part=decode layer=18 pos=25 tokens=1 q_path=0.301 ms
ds4: metal layer stage part=decode layer=18 pos=25 tokens=1 kv_path=0.298 ms
ds4: metal layer stage part=decode layer=18 pos=25 tokens=1 compressor_indexer=0.283 ms
ds4: metal layer stage part=decode layer=18 pos=25 tokens=1 attention=0.256 ms
ds4: metal layer stage part=decode layer=18 pos=25 tokens=1 attn_output=0.354 ms
ds4: metal layer stage part=decode layer=18 pos=25 tokens=1 attn_hc_post=0.022 ms
ds4: metal layer stage part=decode layer=18 pos=25 tokens=1 ffn_hc_pre=0.277 ms
ds4: metal layer stage part=decode layer=18 pos=25 tokens=1 ffn_norm=0.024 ms
ds4: metal layer stage part=decode layer=18 pos=25 tokens=1 router=0.224 ms
ds4: metal layer stage part=decode layer=18 pos=25 tokens=1 routed_moe=0.402 ms
ds4: metal layer stage part=decode layer=18 pos=25 tokens=1 shared_gate_up=0.250 ms
ds4: metal layer stage part=decode layer=18 pos=25 tokens=1 shared_down=0.246 ms
ds4: metal layer stage part=decode layer=18 pos=25 tokens=1 ffn_hc_post=0.024 ms
ds4: metal layer stage part=decode layer=19 pos=25 tokens=1 attn_hc_pre=0.222 ms
ds4: metal layer stage part=decode layer=19 pos=25 tokens=1 attn_norm=0.021 ms
ds4: metal layer stage part=decode layer=19 pos=25 tokens=1 q_path=0.319 ms
ds4: metal layer stage part=decode layer=19 pos=25 tokens=1 kv_path=0.211 ms
ds4: metal layer stage part=decode layer=19 pos=25 tokens=1 compressor_indexer=0.246 ms
ds4: metal layer stage part=decode layer=19 pos=25 tokens=1 attention=0.278 ms
ds4: metal layer stage part=decode layer=19 pos=25 tokens=1 attn_output=0.353 ms
ds4: metal layer stage part=decode layer=19 pos=25 tokens=1 attn_hc_post=0.024 ms
ds4: metal layer stage part=decode layer=19 pos=25 tokens=1 ffn_hc_pre=0.283 ms
ds4: metal layer stage part=decode layer=19 pos=25 tokens=1 ffn_norm=0.028 ms
ds4: metal layer stage part=decode layer=19 pos=25 tokens=1 router=0.226 ms
ds4: metal layer stage part=decode layer=19 pos=25 tokens=1 routed_moe=0.386 ms
ds4: metal layer stage part=decode layer=19 pos=25 tokens=1 shared_gate_up=0.249 ms
ds4: metal layer stage part=decode layer=19 pos=25 tokens=1 shared_down=0.242 ms
ds4: metal layer stage part=decode layer=19 pos=25 tokens=1 ffn_hc_post=0.022 ms
ds4: metal layer stage part=decode layer=20 pos=25 tokens=1 attn_hc_pre=0.215 ms
ds4: metal layer stage part=decode layer=20 pos=25 tokens=1 attn_norm=0.028 ms
ds4: metal layer stage part=decode layer=20 pos=25 tokens=1 q_path=0.330 ms
ds4: metal layer stage part=decode layer=20 pos=25 tokens=1 kv_path=0.215 ms
ds4: metal layer stage part=decode layer=20 pos=25 tokens=1 compressor_indexer=0.257 ms
ds4: metal layer stage part=decode layer=20 pos=25 tokens=1 attention=0.250 ms
ds4: metal layer stage part=decode layer=20 pos=25 tokens=1 attn_output=0.422 ms
ds4: metal layer stage part=decode layer=20 pos=25 tokens=1 attn_hc_post=0.028 ms
ds4: metal layer stage part=decode layer=20 pos=25 tokens=1 ffn_hc_pre=0.240 ms
ds4: metal layer stage part=decode layer=20 pos=25 tokens=1 ffn_norm=0.024 ms
ds4: metal layer stage part=decode layer=20 pos=25 tokens=1 router=0.236 ms
ds4: metal layer stage part=decode layer=20 pos=25 tokens=1 routed_moe=0.386 ms
ds4: metal layer stage part=decode layer=20 pos=25 tokens=1 shared_gate_up=0.235 ms
ds4: metal layer stage part=decode layer=20 pos=25 tokens=1 shared_down=0.218 ms
ds4: metal layer stage part=decode layer=20 pos=25 tokens=1 ffn_hc_post=0.020 ms
ds4: metal layer stage part=decode layer=21 pos=25 tokens=1 attn_hc_pre=0.238 ms
ds4: metal layer stage part=decode layer=21 pos=25 tokens=1 attn_norm=0.022 ms
ds4: metal layer stage part=decode layer=21 pos=25 tokens=1 q_path=0.316 ms
ds4: metal layer stage part=decode layer=21 pos=25 tokens=1 kv_path=0.212 ms
ds4: metal layer stage part=decode layer=21 pos=25 tokens=1 compressor_indexer=0.251 ms
ds4: metal layer stage part=decode layer=21 pos=25 tokens=1 attention=0.305 ms
ds4: metal layer stage part=decode layer=21 pos=25 tokens=1 attn_output=0.355 ms
ds4: metal layer stage part=decode layer=21 pos=25 tokens=1 attn_hc_post=0.022 ms
ds4: metal layer stage part=decode layer=21 pos=25 tokens=1 ffn_hc_pre=0.237 ms
ds4: metal layer stage part=decode layer=21 pos=25 tokens=1 ffn_norm=0.023 ms
ds4: metal layer stage part=decode layer=21 pos=25 tokens=1 router=0.238 ms
ds4: metal layer stage part=decode layer=21 pos=25 tokens=1 routed_moe=0.411 ms
ds4: metal layer stage part=decode layer=21 pos=25 tokens=1 shared_gate_up=0.236 ms
ds4: metal layer stage part=decode layer=21 pos=25 tokens=1 shared_down=0.272 ms
ds4: metal layer stage part=decode layer=21 pos=25 tokens=1 ffn_hc_post=0.021 ms
ds4: metal layer stage part=decode layer=22 pos=25 tokens=1 attn_hc_pre=0.193 ms
ds4: metal layer stage part=decode layer=22 pos=25 tokens=1 attn_norm=0.023 ms
ds4: metal layer stage part=decode layer=22 pos=25 tokens=1 q_path=0.350 ms
ds4: metal layer stage part=decode layer=22 pos=25 tokens=1 kv_path=0.224 ms
ds4: metal layer stage part=decode layer=22 pos=25 tokens=1 compressor_indexer=0.251 ms
ds4: metal layer stage part=decode layer=22 pos=25 tokens=1 attention=0.241 ms
ds4: metal layer stage part=decode layer=22 pos=25 tokens=1 attn_output=0.364 ms
ds4: metal layer stage part=decode layer=22 pos=25 tokens=1 attn_hc_post=0.023 ms
ds4: metal layer stage part=decode layer=22 pos=25 tokens=1 ffn_hc_pre=0.262 ms
ds4: metal layer stage part=decode layer=22 pos=25 tokens=1 ffn_norm=0.024 ms
ds4: metal layer stage part=decode layer=22 pos=25 tokens=1 router=0.219 ms
ds4: metal layer stage part=decode layer=22 pos=25 tokens=1 routed_moe=0.405 ms
ds4: metal layer stage part=decode layer=22 pos=25 tokens=1 shared_gate_up=0.249 ms
ds4: metal layer stage part=decode layer=22 pos=25 tokens=1 shared_down=0.249 ms
ds4: metal layer stage part=decode layer=22 pos=25 tokens=1 ffn_hc_post=0.022 ms
ds4: metal layer stage part=decode layer=23 pos=25 tokens=1 attn_hc_pre=0.218 ms
ds4: metal layer stage part=decode layer=23 pos=25 tokens=1 attn_norm=0.025 ms
ds4: metal layer stage part=decode layer=23 pos=25 tokens=1 q_path=0.396 ms
ds4: metal layer stage part=decode layer=23 pos=25 tokens=1 kv_path=0.248 ms
ds4: metal layer stage part=decode layer=23 pos=25 tokens=1 compressor_indexer=0.285 ms
ds4: metal layer stage part=decode layer=23 pos=25 tokens=1 attention=0.291 ms
ds4: metal layer stage part=decode layer=23 pos=25 tokens=1 attn_output=0.361 ms
ds4: metal layer stage part=decode layer=23 pos=25 tokens=1 attn_hc_post=0.026 ms
ds4: metal layer stage part=decode layer=23 pos=25 tokens=1 ffn_hc_pre=0.201 ms
ds4: metal layer stage part=decode layer=23 pos=25 tokens=1 ffn_norm=0.024 ms
ds4: metal layer stage part=decode layer=23 pos=25 tokens=1 router=0.442 ms
ds4: metal layer stage part=decode layer=23 pos=25 tokens=1 routed_moe=0.807 ms
ds4: metal layer stage part=decode layer=23 pos=25 tokens=1 shared_gate_up=0.199 ms
ds4: metal layer stage part=decode layer=23 pos=25 tokens=1 shared_down=0.252 ms
ds4: metal layer stage part=decode layer=23 pos=25 tokens=1 ffn_hc_post=0.025 ms
ds4: metal layer stage part=decode layer=24 pos=25 tokens=1 attn_hc_pre=0.224 ms
ds4: metal layer stage part=decode layer=24 pos=25 tokens=1 attn_norm=0.027 ms
ds4: metal layer stage part=decode layer=24 pos=25 tokens=1 q_path=0.339 ms
ds4: metal layer stage part=decode layer=24 pos=25 tokens=1 kv_path=0.275 ms
ds4: metal layer stage part=decode layer=24 pos=25 tokens=1 compressor_indexer=0.273 ms
ds4: metal layer stage part=decode layer=24 pos=25 tokens=1 attention=0.299 ms
ds4: metal layer stage part=decode layer=24 pos=25 tokens=1 attn_output=0.360 ms
ds4: metal layer stage part=decode layer=24 pos=25 tokens=1 attn_hc_post=0.025 ms
ds4: metal layer stage part=decode layer=24 pos=25 tokens=1 ffn_hc_pre=0.233 ms
ds4: metal layer stage part=decode layer=24 pos=25 tokens=1 ffn_norm=0.029 ms
ds4: metal layer stage part=decode layer=24 pos=25 tokens=1 router=0.227 ms
ds4: metal layer stage part=decode layer=24 pos=25 tokens=1 routed_moe=0.389 ms
ds4: metal layer stage part=decode layer=24 pos=25 tokens=1 shared_gate_up=0.251 ms
ds4: metal layer stage part=decode layer=24 pos=25 tokens=1 shared_down=0.230 ms
ds4: metal layer stage part=decode layer=24 pos=25 tokens=1 ffn_hc_post=0.022 ms
ds4: metal layer stage part=decode layer=25 pos=25 tokens=1 attn_hc_pre=0.253 ms
ds4: metal layer stage part=decode layer=25 pos=25 tokens=1 attn_norm=0.021 ms
ds4: metal layer stage part=decode layer=25 pos=25 tokens=1 q_path=0.305 ms
ds4: metal layer stage part=decode layer=25 pos=25 tokens=1 kv_path=0.216 ms
ds4: metal layer stage part=decode layer=25 pos=25 tokens=1 compressor_indexer=0.220 ms
ds4: metal layer stage part=decode layer=25 pos=25 tokens=1 attention=0.285 ms
ds4: metal layer stage part=decode layer=25 pos=25 tokens=1 attn_output=0.383 ms
ds4: metal layer stage part=decode layer=25 pos=25 tokens=1 attn_hc_post=0.029 ms
ds4: metal layer stage part=decode layer=25 pos=25 tokens=1 ffn_hc_pre=0.259 ms
ds4: metal layer stage part=decode layer=25 pos=25 tokens=1 ffn_norm=0.026 ms
ds4: metal layer stage part=decode layer=25 pos=25 tokens=1 router=0.234 ms
ds4: metal layer stage part=decode layer=25 pos=25 tokens=1 routed_moe=0.385 ms
ds4: metal layer stage part=decode layer=25 pos=25 tokens=1 shared_gate_up=0.247 ms
ds4: metal layer stage part=decode layer=25 pos=25 tokens=1 shared_down=0.228 ms
ds4: metal layer stage part=decode layer=25 pos=25 tokens=1 ffn_hc_post=0.028 ms
ds4: metal layer stage part=decode layer=26 pos=25 tokens=1 attn_hc_pre=0.236 ms
ds4: metal layer stage part=decode layer=26 pos=25 tokens=1 attn_norm=0.026 ms
ds4: metal layer stage part=decode layer=26 pos=25 tokens=1 q_path=0.289 ms
ds4: metal layer stage part=decode layer=26 pos=25 tokens=1 kv_path=0.218 ms
ds4: metal layer stage part=decode layer=26 pos=25 tokens=1 compressor_indexer=0.256 ms
ds4: metal layer stage part=decode layer=26 pos=25 tokens=1 attention=0.283 ms
ds4: metal layer stage part=decode layer=26 pos=25 tokens=1 attn_output=0.345 ms
ds4: metal layer stage part=decode layer=26 pos=25 tokens=1 attn_hc_post=0.024 ms
ds4: metal layer stage part=decode layer=26 pos=25 tokens=1 ffn_hc_pre=0.281 ms
ds4: metal layer stage part=decode layer=26 pos=25 tokens=1 ffn_norm=0.022 ms
ds4: metal layer stage part=decode layer=26 pos=25 tokens=1 router=0.225 ms
ds4: metal layer stage part=decode layer=26 pos=25 tokens=1 routed_moe=0.401 ms
ds4: metal layer stage part=decode layer=26 pos=25 tokens=1 shared_gate_up=0.243 ms
ds4: metal layer stage part=decode layer=26 pos=25 tokens=1 shared_down=0.252 ms
ds4: metal layer stage part=decode layer=26 pos=25 tokens=1 ffn_hc_post=0.024 ms
ds4: metal layer stage part=decode layer=27 pos=25 tokens=1 attn_hc_pre=0.234 ms
ds4: metal layer stage part=decode layer=27 pos=25 tokens=1 attn_norm=0.027 ms
ds4: metal layer stage part=decode layer=27 pos=25 tokens=1 q_path=0.284 ms
ds4: metal layer stage part=decode layer=27 pos=25 tokens=1 kv_path=0.225 ms
ds4: metal layer stage part=decode layer=27 pos=25 tokens=1 compressor_indexer=0.252 ms
ds4: metal layer stage part=decode layer=27 pos=25 tokens=1 attention=0.252 ms
ds4: metal layer stage part=decode layer=27 pos=25 tokens=1 attn_output=0.363 ms
ds4: metal layer stage part=decode layer=27 pos=25 tokens=1 attn_hc_post=0.022 ms
ds4: metal layer stage part=decode layer=27 pos=25 tokens=1 ffn_hc_pre=0.189 ms
ds4: metal layer stage part=decode layer=27 pos=25 tokens=1 ffn_norm=0.023 ms
ds4: metal layer stage part=decode layer=27 pos=25 tokens=1 router=0.191 ms
ds4: metal layer stage part=decode layer=27 pos=25 tokens=1 routed_moe=0.354 ms
ds4: metal layer stage part=decode layer=27 pos=25 tokens=1 shared_gate_up=0.243 ms
ds4: metal layer stage part=decode layer=27 pos=25 tokens=1 shared_down=0.219 ms
ds4: metal layer stage part=decode layer=27 pos=25 tokens=1 ffn_hc_post=0.026 ms
ds4: metal layer stage part=decode layer=28 pos=25 tokens=1 attn_hc_pre=0.194 ms
ds4: metal layer stage part=decode layer=28 pos=25 tokens=1 attn_norm=0.028 ms
ds4: metal layer stage part=decode layer=28 pos=25 tokens=1 q_path=0.292 ms
ds4: metal layer stage part=decode layer=28 pos=25 tokens=1 kv_path=0.220 ms
ds4: metal layer stage part=decode layer=28 pos=25 tokens=1 compressor_indexer=0.329 ms
ds4: metal layer stage part=decode layer=28 pos=25 tokens=1 attention=0.244 ms
ds4: metal layer stage part=decode layer=28 pos=25 tokens=1 attn_output=0.344 ms
ds4: metal layer stage part=decode layer=28 pos=25 tokens=1 attn_hc_post=0.028 ms
ds4: metal layer stage part=decode layer=28 pos=25 tokens=1 ffn_hc_pre=0.238 ms
ds4: metal layer stage part=decode layer=28 pos=25 tokens=1 ffn_norm=0.028 ms
ds4: metal layer stage part=decode layer=28 pos=25 tokens=1 router=0.226 ms
ds4: metal layer stage part=decode layer=28 pos=25 tokens=1 routed_moe=0.383 ms
ds4: metal layer stage part=decode layer=28 pos=25 tokens=1 shared_gate_up=0.472 ms
ds4: metal layer stage part=decode layer=28 pos=25 tokens=1 shared_down=0.494 ms
ds4: metal layer stage part=decode layer=28 pos=25 tokens=1 ffn_hc_post=0.029 ms
ds4: metal layer stage part=decode layer=29 pos=25 tokens=1 attn_hc_pre=0.298 ms
ds4: metal layer stage part=decode layer=29 pos=25 tokens=1 attn_norm=0.026 ms
ds4: metal layer stage part=decode layer=29 pos=25 tokens=1 q_path=0.327 ms
ds4: metal layer stage part=decode layer=29 pos=25 tokens=1 kv_path=0.207 ms
ds4: metal layer stage part=decode layer=29 pos=25 tokens=1 compressor_indexer=0.212 ms
ds4: metal layer stage part=decode layer=29 pos=25 tokens=1 attention=0.281 ms
ds4: metal layer stage part=decode layer=29 pos=25 tokens=1 attn_output=0.360 ms
ds4: metal layer stage part=decode layer=29 pos=25 tokens=1 attn_hc_post=0.031 ms
ds4: metal layer stage part=decode layer=29 pos=25 tokens=1 ffn_hc_pre=0.274 ms
ds4: metal layer stage part=decode layer=29 pos=25 tokens=1 ffn_norm=0.027 ms
ds4: metal layer stage part=decode layer=29 pos=25 tokens=1 router=0.217 ms
ds4: metal layer stage part=decode layer=29 pos=25 tokens=1 routed_moe=0.393 ms
ds4: metal layer stage part=decode layer=29 pos=25 tokens=1 shared_gate_up=0.229 ms
ds4: metal layer stage part=decode layer=29 pos=25 tokens=1 shared_down=0.258 ms
ds4: metal layer stage part=decode layer=29 pos=25 tokens=1 ffn_hc_post=0.024 ms
ds4: metal layer stage part=decode layer=30 pos=25 tokens=1 attn_hc_pre=0.220 ms
ds4: metal layer stage part=decode layer=30 pos=25 tokens=1 attn_norm=0.026 ms
ds4: metal layer stage part=decode layer=30 pos=25 tokens=1 q_path=0.304 ms
ds4: metal layer stage part=decode layer=30 pos=25 tokens=1 kv_path=0.212 ms
ds4: metal layer stage part=decode layer=30 pos=25 tokens=1 compressor_indexer=0.288 ms
ds4: metal layer stage part=decode layer=30 pos=25 tokens=1 attention=0.240 ms
ds4: metal layer stage part=decode layer=30 pos=25 tokens=1 attn_output=0.460 ms
ds4: metal layer stage part=decode layer=30 pos=25 tokens=1 attn_hc_post=0.027 ms
ds4: metal layer stage part=decode layer=30 pos=25 tokens=1 ffn_hc_pre=0.237 ms
ds4: metal layer stage part=decode layer=30 pos=25 tokens=1 ffn_norm=0.029 ms
ds4: metal layer stage part=decode layer=30 pos=25 tokens=1 router=0.271 ms
ds4: metal layer stage part=decode layer=30 pos=25 tokens=1 routed_moe=0.481 ms
ds4: metal layer stage part=decode layer=30 pos=25 tokens=1 shared_gate_up=0.301 ms
ds4: metal layer stage part=decode layer=30 pos=25 tokens=1 shared_down=0.266 ms
ds4: metal layer stage part=decode layer=30 pos=25 tokens=1 ffn_hc_post=0.022 ms
ds4: metal layer stage part=decode layer=31 pos=25 tokens=1 attn_hc_pre=0.207 ms
ds4: metal layer stage part=decode layer=31 pos=25 tokens=1 attn_norm=0.023 ms
ds4: metal layer stage part=decode layer=31 pos=25 tokens=1 q_path=0.317 ms
ds4: metal layer stage part=decode layer=31 pos=25 tokens=1 kv_path=0.292 ms
ds4: metal layer stage part=decode layer=31 pos=25 tokens=1 compressor_indexer=0.113 ms
ds4: metal layer stage part=decode layer=31 pos=25 tokens=1 attention=0.486 ms
ds4: metal layer stage part=decode layer=31 pos=25 tokens=1 attn_output=0.439 ms
ds4: metal layer stage part=decode layer=31 pos=25 tokens=1 attn_hc_post=0.025 ms
ds4: metal layer stage part=decode layer=31 pos=25 tokens=1 ffn_hc_pre=0.199 ms
ds4: metal layer stage part=decode layer=31 pos=25 tokens=1 ffn_norm=0.026 ms
ds4: metal layer stage part=decode layer=31 pos=25 tokens=1 router=0.201 ms
ds4: metal layer stage part=decode layer=31 pos=25 tokens=1 routed_moe=0.380 ms
ds4: metal layer stage part=decode layer=31 pos=25 tokens=1 shared_gate_up=0.294 ms
ds4: metal layer stage part=decode layer=31 pos=25 tokens=1 shared_down=0.257 ms
ds4: metal layer stage part=decode layer=31 pos=25 tokens=1 ffn_hc_post=0.032 ms
ds4: metal layer stage part=decode layer=32 pos=25 tokens=1 attn_hc_pre=0.216 ms
ds4: metal layer stage part=decode layer=32 pos=25 tokens=1 attn_norm=0.034 ms
ds4: metal layer stage part=decode layer=32 pos=25 tokens=1 q_path=0.305 ms
ds4: metal layer stage part=decode layer=32 pos=25 tokens=1 kv_path=0.270 ms
ds4: metal layer stage part=decode layer=32 pos=25 tokens=1 compressor_indexer=0.299 ms
ds4: metal layer stage part=decode layer=32 pos=25 tokens=1 attention=0.239 ms
ds4: metal layer stage part=decode layer=32 pos=25 tokens=1 attn_output=0.385 ms
ds4: metal layer stage part=decode layer=32 pos=25 tokens=1 attn_hc_post=0.071 ms
ds4: metal layer stage part=decode layer=32 pos=25 tokens=1 ffn_hc_pre=0.248 ms
ds4: metal layer stage part=decode layer=32 pos=25 tokens=1 ffn_norm=0.023 ms
ds4: metal layer stage part=decode layer=32 pos=25 tokens=1 router=0.220 ms
ds4: metal layer stage part=decode layer=32 pos=25 tokens=1 routed_moe=0.379 ms
ds4: metal layer stage part=decode layer=32 pos=25 tokens=1 shared_gate_up=0.241 ms
ds4: metal layer stage part=decode layer=32 pos=25 tokens=1 shared_down=0.251 ms
ds4: metal layer stage part=decode layer=32 pos=25 tokens=1 ffn_hc_post=0.022 ms
ds4: metal layer stage part=decode layer=33 pos=25 tokens=1 attn_hc_pre=0.223 ms
ds4: metal layer stage part=decode layer=33 pos=25 tokens=1 attn_norm=0.023 ms
ds4: metal layer stage part=decode layer=33 pos=25 tokens=1 q_path=0.300 ms
ds4: metal layer stage part=decode layer=33 pos=25 tokens=1 kv_path=0.210 ms
ds4: metal layer stage part=decode layer=33 pos=25 tokens=1 compressor_indexer=0.317 ms
ds4: metal layer stage part=decode layer=33 pos=25 tokens=1 attention=0.251 ms
ds4: metal layer stage part=decode layer=33 pos=25 tokens=1 attn_output=0.346 ms
ds4: metal layer stage part=decode layer=33 pos=25 tokens=1 attn_hc_post=0.026 ms
ds4: metal layer stage part=decode layer=33 pos=25 tokens=1 ffn_hc_pre=0.245 ms
ds4: metal layer stage part=decode layer=33 pos=25 tokens=1 ffn_norm=0.026 ms
ds4: metal layer stage part=decode layer=33 pos=25 tokens=1 router=0.231 ms
ds4: metal layer stage part=decode layer=33 pos=25 tokens=1 routed_moe=0.407 ms
ds4: metal layer stage part=decode layer=33 pos=25 tokens=1 shared_gate_up=0.232 ms
ds4: metal layer stage part=decode layer=33 pos=25 tokens=1 shared_down=0.244 ms
ds4: metal layer stage part=decode layer=33 pos=25 tokens=1 ffn_hc_post=0.034 ms
ds4: metal layer stage part=decode layer=34 pos=25 tokens=1 attn_hc_pre=0.221 ms
ds4: metal layer stage part=decode layer=34 pos=25 tokens=1 attn_norm=0.030 ms
ds4: metal layer stage part=decode layer=34 pos=25 tokens=1 q_path=0.302 ms
ds4: metal layer stage part=decode layer=34 pos=25 tokens=1 kv_path=0.227 ms
ds4: metal layer stage part=decode layer=34 pos=25 tokens=1 compressor_indexer=0.237 ms
ds4: metal layer stage part=decode layer=34 pos=25 tokens=1 attention=0.285 ms
ds4: metal layer stage part=decode layer=34 pos=25 tokens=1 attn_output=0.364 ms
ds4: metal layer stage part=decode layer=34 pos=25 tokens=1 attn_hc_post=0.027 ms
ds4: metal layer stage part=decode layer=34 pos=25 tokens=1 ffn_hc_pre=0.267 ms
ds4: metal layer stage part=decode layer=34 pos=25 tokens=1 ffn_norm=0.026 ms
ds4: metal layer stage part=decode layer=34 pos=25 tokens=1 router=0.352 ms
ds4: metal layer stage part=decode layer=34 pos=25 tokens=1 routed_moe=0.415 ms
ds4: metal layer stage part=decode layer=34 pos=25 tokens=1 shared_gate_up=0.272 ms
ds4: metal layer stage part=decode layer=34 pos=25 tokens=1 shared_down=0.241 ms
ds4: metal layer stage part=decode layer=34 pos=25 tokens=1 ffn_hc_post=0.031 ms
ds4: metal layer stage part=decode layer=35 pos=25 tokens=1 attn_hc_pre=0.213 ms
ds4: metal layer stage part=decode layer=35 pos=25 tokens=1 attn_norm=0.026 ms
ds4: metal layer stage part=decode layer=35 pos=25 tokens=1 q_path=0.299 ms
ds4: metal layer stage part=decode layer=35 pos=25 tokens=1 kv_path=0.292 ms
ds4: metal layer stage part=decode layer=35 pos=25 tokens=1 compressor_indexer=0.259 ms
ds4: metal layer stage part=decode layer=35 pos=25 tokens=1 attention=0.298 ms
ds4: metal layer stage part=decode layer=35 pos=25 tokens=1 attn_output=0.366 ms
ds4: metal layer stage part=decode layer=35 pos=25 tokens=1 attn_hc_post=0.024 ms
ds4: metal layer stage part=decode layer=35 pos=25 tokens=1 ffn_hc_pre=0.256 ms
ds4: metal layer stage part=decode layer=35 pos=25 tokens=1 ffn_norm=0.028 ms
ds4: metal layer stage part=decode layer=35 pos=25 tokens=1 router=0.231 ms
ds4: metal layer stage part=decode layer=35 pos=25 tokens=1 routed_moe=0.392 ms
ds4: metal layer stage part=decode layer=35 pos=25 tokens=1 shared_gate_up=0.313 ms
ds4: metal layer stage part=decode layer=35 pos=25 tokens=1 shared_down=0.218 ms
ds4: metal layer stage part=decode layer=35 pos=25 tokens=1 ffn_hc_post=0.025 ms
ds4: metal layer stage part=decode layer=36 pos=25 tokens=1 attn_hc_pre=0.182 ms
ds4: metal layer stage part=decode layer=36 pos=25 tokens=1 attn_norm=0.025 ms
ds4: metal layer stage part=decode layer=36 pos=25 tokens=1 q_path=0.306 ms
ds4: metal layer stage part=decode layer=36 pos=25 tokens=1 kv_path=0.211 ms
ds4: metal layer stage part=decode layer=36 pos=25 tokens=1 compressor_indexer=0.248 ms
ds4: metal layer stage part=decode layer=36 pos=25 tokens=1 attention=0.283 ms
ds4: metal layer stage part=decode layer=36 pos=25 tokens=1 attn_output=0.373 ms
ds4: metal layer stage part=decode layer=36 pos=25 tokens=1 attn_hc_post=0.023 ms
ds4: metal layer stage part=decode layer=36 pos=25 tokens=1 ffn_hc_pre=0.263 ms
ds4: metal layer stage part=decode layer=36 pos=25 tokens=1 ffn_norm=0.023 ms
ds4: metal layer stage part=decode layer=36 pos=25 tokens=1 router=0.228 ms
ds4: metal layer stage part=decode layer=36 pos=25 tokens=1 routed_moe=0.403 ms
ds4: metal layer stage part=decode layer=36 pos=25 tokens=1 shared_gate_up=0.241 ms
ds4: metal layer stage part=decode layer=36 pos=25 tokens=1 shared_down=0.245 ms
ds4: metal layer stage part=decode layer=36 pos=25 tokens=1 ffn_hc_post=0.021 ms
ds4: metal layer stage part=decode layer=37 pos=25 tokens=1 attn_hc_pre=0.211 ms
ds4: metal layer stage part=decode layer=37 pos=25 tokens=1 attn_norm=0.025 ms
ds4: metal layer stage part=decode layer=37 pos=25 tokens=1 q_path=0.345 ms
ds4: metal layer stage part=decode layer=37 pos=25 tokens=1 kv_path=0.242 ms
ds4: metal layer stage part=decode layer=37 pos=25 tokens=1 compressor_indexer=0.193 ms
ds4: metal layer stage part=decode layer=37 pos=25 tokens=1 attention=0.558 ms
ds4: metal layer stage part=decode layer=37 pos=25 tokens=1 attn_output=0.482 ms
ds4: metal layer stage part=decode layer=37 pos=25 tokens=1 attn_hc_post=0.072 ms
ds4: metal layer stage part=decode layer=37 pos=25 tokens=1 ffn_hc_pre=0.236 ms
ds4: metal layer stage part=decode layer=37 pos=25 tokens=1 ffn_norm=0.031 ms
ds4: metal layer stage part=decode layer=37 pos=25 tokens=1 router=0.201 ms
ds4: metal layer stage part=decode layer=37 pos=25 tokens=1 routed_moe=0.389 ms
ds4: metal layer stage part=decode layer=37 pos=25 tokens=1 shared_gate_up=0.291 ms
ds4: metal layer stage part=decode layer=37 pos=25 tokens=1 shared_down=0.240 ms
ds4: metal layer stage part=decode layer=37 pos=25 tokens=1 ffn_hc_post=0.023 ms
ds4: metal layer stage part=decode layer=38 pos=25 tokens=1 attn_hc_pre=0.244 ms
ds4: metal layer stage part=decode layer=38 pos=25 tokens=1 attn_norm=0.029 ms
ds4: metal layer stage part=decode layer=38 pos=25 tokens=1 q_path=0.309 ms
ds4: metal layer stage part=decode layer=38 pos=25 tokens=1 kv_path=0.278 ms
ds4: metal layer stage part=decode layer=38 pos=25 tokens=1 compressor_indexer=0.292 ms
ds4: metal layer stage part=decode layer=38 pos=25 tokens=1 attention=0.306 ms
ds4: metal layer stage part=decode layer=38 pos=25 tokens=1 attn_output=0.352 ms
ds4: metal layer stage part=decode layer=38 pos=25 tokens=1 attn_hc_post=0.024 ms
ds4: metal layer stage part=decode layer=38 pos=25 tokens=1 ffn_hc_pre=0.230 ms
ds4: metal layer stage part=decode layer=38 pos=25 tokens=1 ffn_norm=0.030 ms
ds4: metal layer stage part=decode layer=38 pos=25 tokens=1 router=0.220 ms
ds4: metal layer stage part=decode layer=38 pos=25 tokens=1 routed_moe=0.338 ms
ds4: metal layer stage part=decode layer=38 pos=25 tokens=1 shared_gate_up=0.303 ms
ds4: metal layer stage part=decode layer=38 pos=25 tokens=1 shared_down=0.258 ms
ds4: metal layer stage part=decode layer=38 pos=25 tokens=1 ffn_hc_post=0.024 ms
ds4: metal layer stage part=decode layer=39 pos=25 tokens=1 attn_hc_pre=0.217 ms
ds4: metal layer stage part=decode layer=39 pos=25 tokens=1 attn_norm=0.028 ms
ds4: metal layer stage part=decode layer=39 pos=25 tokens=1 q_path=0.291 ms
ds4: metal layer stage part=decode layer=39 pos=25 tokens=1 kv_path=0.224 ms
ds4: metal layer stage part=decode layer=39 pos=25 tokens=1 compressor_indexer=0.232 ms
ds4: metal layer stage part=decode layer=39 pos=25 tokens=1 attention=0.319 ms
ds4: metal layer stage part=decode layer=39 pos=25 tokens=1 attn_output=0.343 ms
ds4: metal layer stage part=decode layer=39 pos=25 tokens=1 attn_hc_post=0.022 ms
ds4: metal layer stage part=decode layer=39 pos=25 tokens=1 ffn_hc_pre=0.275 ms
ds4: metal layer stage part=decode layer=39 pos=25 tokens=1 ffn_norm=0.025 ms
ds4: metal layer stage part=decode layer=39 pos=25 tokens=1 router=0.231 ms
ds4: metal layer stage part=decode layer=39 pos=25 tokens=1 routed_moe=0.386 ms
ds4: metal layer stage part=decode layer=39 pos=25 tokens=1 shared_gate_up=0.284 ms
ds4: metal layer stage part=decode layer=39 pos=25 tokens=1 shared_down=0.221 ms
ds4: metal layer stage part=decode layer=39 pos=25 tokens=1 ffn_hc_post=0.026 ms
ds4: metal layer stage part=decode layer=40 pos=25 tokens=1 attn_hc_pre=0.210 ms
ds4: metal layer stage part=decode layer=40 pos=25 tokens=1 attn_norm=0.025 ms
ds4: metal layer stage part=decode layer=40 pos=25 tokens=1 q_path=0.305 ms
ds4: metal layer stage part=decode layer=40 pos=25 tokens=1 kv_path=0.213 ms
ds4: metal layer stage part=decode layer=40 pos=25 tokens=1 compressor_indexer=0.264 ms
ds4: metal layer stage part=decode layer=40 pos=25 tokens=1 attention=0.287 ms
ds4: metal layer stage part=decode layer=40 pos=25 tokens=1 attn_output=0.302 ms
ds4: metal layer stage part=decode layer=40 pos=25 tokens=1 attn_hc_post=0.025 ms
ds4: metal layer stage part=decode layer=40 pos=25 tokens=1 ffn_hc_pre=0.214 ms
ds4: metal layer stage part=decode layer=40 pos=25 tokens=1 ffn_norm=0.024 ms
ds4: metal layer stage part=decode layer=40 pos=25 tokens=1 router=0.205 ms
ds4: metal layer stage part=decode layer=40 pos=25 tokens=1 routed_moe=0.351 ms
ds4: metal layer stage part=decode layer=40 pos=25 tokens=1 shared_gate_up=0.297 ms
ds4: metal layer stage part=decode layer=40 pos=25 tokens=1 shared_down=0.237 ms
ds4: metal layer stage part=decode layer=40 pos=25 tokens=1 ffn_hc_post=0.023 ms
ds4: metal layer stage part=decode layer=41 pos=25 tokens=1 attn_hc_pre=0.309 ms
ds4: metal layer stage part=decode layer=41 pos=25 tokens=1 attn_norm=0.028 ms
ds4: metal layer stage part=decode layer=41 pos=25 tokens=1 q_path=0.349 ms
ds4: metal layer stage part=decode layer=41 pos=25 tokens=1 kv_path=0.208 ms
ds4: metal layer stage part=decode layer=41 pos=25 tokens=1 compressor_indexer=0.210 ms
ds4: metal layer stage part=decode layer=41 pos=25 tokens=1 attention=0.317 ms
ds4: metal layer stage part=decode layer=41 pos=25 tokens=1 attn_output=0.357 ms
ds4: metal layer stage part=decode layer=41 pos=25 tokens=1 attn_hc_post=0.026 ms
ds4: metal layer stage part=decode layer=41 pos=25 tokens=1 ffn_hc_pre=0.268 ms
ds4: metal layer stage part=decode layer=41 pos=25 tokens=1 ffn_norm=0.024 ms
ds4: metal layer stage part=decode layer=41 pos=25 tokens=1 router=0.236 ms
ds4: metal layer stage part=decode layer=41 pos=25 tokens=1 routed_moe=0.375 ms
ds4: metal layer stage part=decode layer=41 pos=25 tokens=1 shared_gate_up=0.253 ms
ds4: metal layer stage part=decode layer=41 pos=25 tokens=1 shared_down=0.242 ms
ds4: metal layer stage part=decode layer=41 pos=25 tokens=1 ffn_hc_post=0.030 ms
ds4: metal layer stage part=decode layer=42 pos=25 tokens=1 attn_hc_pre=0.193 ms
ds4: metal layer stage part=decode layer=42 pos=25 tokens=1 attn_norm=0.027 ms
ds4: metal layer stage part=decode layer=42 pos=25 tokens=1 q_path=0.356 ms
ds4: metal layer stage part=decode layer=42 pos=25 tokens=1 kv_path=0.210 ms
ds4: metal layer stage part=decode layer=42 pos=25 tokens=1 compressor_indexer=0.492 ms
ds4: metal layer stage part=decode layer=42 pos=25 tokens=1 attention=0.585 ms
ds4: metal layer stage part=decode layer=42 pos=25 tokens=1 attn_output=0.406 ms
ds4: metal layer stage part=decode layer=42 pos=25 tokens=1 attn_hc_post=0.027 ms
ds4: metal layer stage part=decode layer=42 pos=25 tokens=1 ffn_hc_pre=0.223 ms
ds4: metal layer stage part=decode layer=42 pos=25 tokens=1 ffn_norm=0.032 ms
ds4: metal layer stage part=decode layer=42 pos=25 tokens=1 router=0.233 ms
ds4: metal layer stage part=decode layer=42 pos=25 tokens=1 routed_moe=0.419 ms
ds4: metal layer stage part=decode layer=42 pos=25 tokens=1 shared_gate_up=0.227 ms
ds4: metal layer stage part=decode layer=42 pos=25 tokens=1 shared_down=0.225 ms
ds4: metal layer stage part=decode layer=42 pos=25 tokens=1 ffn_hc_post=0.024 ms
ds4: metal layer stage part=decode layer=0 pos=26 tokens=1 attn_hc_pre=0.224 ms
ds4: metal layer stage part=decode layer=0 pos=26 tokens=1 attn_norm=0.035 ms
ds4: metal layer stage part=decode layer=0 pos=26 tokens=1 q_path=0.308 ms
ds4: metal layer stage part=decode layer=0 pos=26 tokens=1 kv_path=0.221 ms
ds4: metal layer stage part=decode layer=0 pos=26 tokens=1 compressor_indexer=0.031 ms
ds4: metal layer stage part=decode layer=0 pos=26 tokens=1 attention=0.239 ms
ds4: metal layer stage part=decode layer=0 pos=26 tokens=1 attn_output=0.352 ms
ds4: metal layer stage part=decode layer=0 pos=26 tokens=1 attn_hc_post=0.028 ms
ds4: metal layer stage part=decode layer=0 pos=26 tokens=1 ffn_hc_pre=0.256 ms
ds4: metal layer stage part=decode layer=0 pos=26 tokens=1 ffn_norm=0.026 ms
ds4: metal layer stage part=decode layer=0 pos=26 tokens=1 router=0.225 ms
ds4: metal layer stage part=decode layer=0 pos=26 tokens=1 routed_moe=0.408 ms
ds4: metal layer stage part=decode layer=0 pos=26 tokens=1 shared_gate_up=0.309 ms
ds4: metal layer stage part=decode layer=0 pos=26 tokens=1 shared_down=0.215 ms
ds4: metal layer stage part=decode layer=0 pos=26 tokens=1 ffn_hc_post=0.028 ms
ds4: metal layer stage part=decode layer=1 pos=26 tokens=1 attn_hc_pre=0.192 ms
ds4: metal layer stage part=decode layer=1 pos=26 tokens=1 attn_norm=0.021 ms
ds4: metal layer stage part=decode layer=1 pos=26 tokens=1 q_path=0.313 ms
ds4: metal layer stage part=decode layer=1 pos=26 tokens=1 kv_path=0.208 ms
ds4: metal layer stage part=decode layer=1 pos=26 tokens=1 compressor_indexer=0.030 ms
ds4: metal layer stage part=decode layer=1 pos=26 tokens=1 attention=0.227 ms
ds4: metal layer stage part=decode layer=1 pos=26 tokens=1 attn_output=0.354 ms
ds4: metal layer stage part=decode layer=1 pos=26 tokens=1 attn_hc_post=0.022 ms
ds4: metal layer stage part=decode layer=1 pos=26 tokens=1 ffn_hc_pre=0.195 ms
ds4: metal layer stage part=decode layer=1 pos=26 tokens=1 ffn_norm=0.023 ms
ds4: metal layer stage part=decode layer=1 pos=26 tokens=1 router=0.196 ms
ds4: metal layer stage part=decode layer=1 pos=26 tokens=1 routed_moe=0.354 ms
ds4: metal layer stage part=decode layer=1 pos=26 tokens=1 shared_gate_up=0.293 ms
ds4: metal layer stage part=decode layer=1 pos=26 tokens=1 shared_down=0.255 ms
ds4: metal layer stage part=decode layer=1 pos=26 tokens=1 ffn_hc_post=0.027 ms
ds4: metal layer stage part=decode layer=2 pos=26 tokens=1 attn_hc_pre=0.205 ms
ds4: metal layer stage part=decode layer=2 pos=26 tokens=1 attn_norm=0.023 ms
ds4: metal layer stage part=decode layer=2 pos=26 tokens=1 q_path=0.335 ms
ds4: metal layer stage part=decode layer=2 pos=26 tokens=1 kv_path=0.283 ms
ds4: metal layer stage part=decode layer=2 pos=26 tokens=1 compressor_indexer=0.309 ms
ds4: metal layer stage part=decode layer=2 pos=26 tokens=1 attention=0.265 ms
ds4: metal layer stage part=decode layer=2 pos=26 tokens=1 attn_output=0.355 ms
ds4: metal layer stage part=decode layer=2 pos=26 tokens=1 attn_hc_post=0.024 ms
ds4: metal layer stage part=decode layer=2 pos=26 tokens=1 ffn_hc_pre=0.252 ms
ds4: metal layer stage part=decode layer=2 pos=26 tokens=1 ffn_norm=0.031 ms
ds4: metal layer stage part=decode layer=2 pos=26 tokens=1 router=0.398 ms
ds4: metal layer stage part=decode layer=2 pos=26 tokens=1 routed_moe=0.352 ms
ds4: metal layer stage part=decode layer=2 pos=26 tokens=1 shared_gate_up=0.281 ms
ds4: metal layer stage part=decode layer=2 pos=26 tokens=1 shared_down=0.235 ms
ds4: metal layer stage part=decode layer=2 pos=26 tokens=1 ffn_hc_post=0.026 ms
ds4: metal layer stage part=decode layer=3 pos=26 tokens=1 attn_hc_pre=0.228 ms
ds4: metal layer stage part=decode layer=3 pos=26 tokens=1 attn_norm=0.027 ms
ds4: metal layer stage part=decode layer=3 pos=26 tokens=1 q_path=0.300 ms
ds4: metal layer stage part=decode layer=3 pos=26 tokens=1 kv_path=0.301 ms
ds4: metal layer stage part=decode layer=3 pos=26 tokens=1 compressor_indexer=0.259 ms
ds4: metal layer stage part=decode layer=3 pos=26 tokens=1 attention=0.285 ms
ds4: metal layer stage part=decode layer=3 pos=26 tokens=1 attn_output=0.362 ms
ds4: metal layer stage part=decode layer=3 pos=26 tokens=1 attn_hc_post=0.024 ms
ds4: metal layer stage part=decode layer=3 pos=26 tokens=1 ffn_hc_pre=0.277 ms
ds4: metal layer stage part=decode layer=3 pos=26 tokens=1 ffn_norm=0.033 ms
ds4: metal layer stage part=decode layer=3 pos=26 tokens=1 router=0.228 ms
ds4: metal layer stage part=decode layer=3 pos=26 tokens=1 routed_moe=0.393 ms
ds4: metal layer stage part=decode layer=3 pos=26 tokens=1 shared_gate_up=0.260 ms
ds4: metal layer stage part=decode layer=3 pos=26 tokens=1 shared_down=0.217 ms
ds4: metal layer stage part=decode layer=3 pos=26 tokens=1 ffn_hc_post=0.028 ms
ds4: metal layer stage part=decode layer=4 pos=26 tokens=1 attn_hc_pre=0.220 ms
ds4: metal layer stage part=decode layer=4 pos=26 tokens=1 attn_norm=0.027 ms
ds4: metal layer stage part=decode layer=4 pos=26 tokens=1 q_path=0.297 ms
ds4: metal layer stage part=decode layer=4 pos=26 tokens=1 kv_path=0.326 ms
ds4: metal layer stage part=decode layer=4 pos=26 tokens=1 compressor_indexer=0.374 ms
ds4: metal layer stage part=decode layer=4 pos=26 tokens=1 attention=0.428 ms
ds4: metal layer stage part=decode layer=4 pos=26 tokens=1 attn_output=0.358 ms
ds4: metal layer stage part=decode layer=4 pos=26 tokens=1 attn_hc_post=0.032 ms
ds4: metal layer stage part=decode layer=4 pos=26 tokens=1 ffn_hc_pre=0.267 ms
ds4: metal layer stage part=decode layer=4 pos=26 tokens=1 ffn_norm=0.030 ms
ds4: metal layer stage part=decode layer=4 pos=26 tokens=1 router=0.207 ms
ds4: metal layer stage part=decode layer=4 pos=26 tokens=1 routed_moe=0.404 ms
ds4: metal layer stage part=decode layer=4 pos=26 tokens=1 shared_gate_up=0.319 ms
ds4: metal layer stage part=decode layer=4 pos=26 tokens=1 shared_down=0.296 ms
ds4: metal layer stage part=decode layer=4 pos=26 tokens=1 ffn_hc_post=0.024 ms
ds4: metal layer stage part=decode layer=5 pos=26 tokens=1 attn_hc_pre=0.267 ms
ds4: metal layer stage part=decode layer=5 pos=26 tokens=1 attn_norm=0.027 ms
ds4: metal layer stage part=decode layer=5 pos=26 tokens=1 q_path=0.296 ms
ds4: metal layer stage part=decode layer=5 pos=26 tokens=1 kv_path=0.205 ms
ds4: metal layer stage part=decode layer=5 pos=26 tokens=1 compressor_indexer=0.253 ms
ds4: metal layer stage part=decode layer=5 pos=26 tokens=1 attention=0.297 ms
ds4: metal layer stage part=decode layer=5 pos=26 tokens=1 attn_output=0.345 ms
ds4: metal layer stage part=decode layer=5 pos=26 tokens=1 attn_hc_post=0.024 ms
ds4: metal layer stage part=decode layer=5 pos=26 tokens=1 ffn_hc_pre=0.265 ms
ds4: metal layer stage part=decode layer=5 pos=26 tokens=1 ffn_norm=0.022 ms
ds4: metal layer stage part=decode layer=5 pos=26 tokens=1 router=0.243 ms
ds4: metal layer stage part=decode layer=5 pos=26 tokens=1 routed_moe=0.394 ms
ds4: metal layer stage part=decode layer=5 pos=26 tokens=1 shared_gate_up=0.226 ms
ds4: metal layer stage part=decode layer=5 pos=26 tokens=1 shared_down=0.254 ms
ds4: metal layer stage part=decode layer=5 pos=26 tokens=1 ffn_hc_post=0.029 ms
ds4: metal layer stage part=decode layer=6 pos=26 tokens=1 attn_hc_pre=0.294 ms
ds4: metal layer stage part=decode layer=6 pos=26 tokens=1 attn_norm=0.026 ms
ds4: metal layer stage part=decode layer=6 pos=26 tokens=1 q_path=0.264 ms
ds4: metal layer stage part=decode layer=6 pos=26 tokens=1 kv_path=0.211 ms
ds4: metal layer stage part=decode layer=6 pos=26 tokens=1 compressor_indexer=0.246 ms
ds4: metal layer stage part=decode layer=6 pos=26 tokens=1 attention=0.262 ms
ds4: metal layer stage part=decode layer=6 pos=26 tokens=1 attn_output=0.340 ms
ds4: metal layer stage part=decode layer=6 pos=26 tokens=1 attn_hc_post=0.032 ms
ds4: metal layer stage part=decode layer=6 pos=26 tokens=1 ffn_hc_pre=0.191 ms
ds4: metal layer stage part=decode layer=6 pos=26 tokens=1 ffn_norm=0.029 ms
ds4: metal layer stage part=decode layer=6 pos=26 tokens=1 router=0.198 ms
ds4: metal layer stage part=decode layer=6 pos=26 tokens=1 routed_moe=0.346 ms
ds4: metal layer stage part=decode layer=6 pos=26 tokens=1 shared_gate_up=0.233 ms
ds4: metal layer stage part=decode layer=6 pos=26 tokens=1 shared_down=0.216 ms
ds4: metal layer stage part=decode layer=6 pos=26 tokens=1 ffn_hc_post=0.023 ms
ds4: metal layer stage part=decode layer=7 pos=26 tokens=1 attn_hc_pre=0.190 ms
ds4: metal layer stage part=decode layer=7 pos=26 tokens=1 attn_norm=0.030 ms
ds4: metal layer stage part=decode layer=7 pos=26 tokens=1 q_path=0.286 ms
ds4: metal layer stage part=decode layer=7 pos=26 tokens=1 kv_path=0.219 ms
ds4: metal layer stage part=decode layer=7 pos=26 tokens=1 compressor_indexer=0.214 ms
ds4: metal layer stage part=decode layer=7 pos=26 tokens=1 attention=0.319 ms
ds4: metal layer stage part=decode layer=7 pos=26 tokens=1 attn_output=0.352 ms
ds4: metal layer stage part=decode layer=7 pos=26 tokens=1 attn_hc_post=0.030 ms
ds4: metal layer stage part=decode layer=7 pos=26 tokens=1 ffn_hc_pre=0.280 ms
ds4: metal layer stage part=decode layer=7 pos=26 tokens=1 ffn_norm=0.031 ms
ds4: metal layer stage part=decode layer=7 pos=26 tokens=1 router=0.217 ms
ds4: metal layer stage part=decode layer=7 pos=26 tokens=1 routed_moe=0.463 ms
ds4: metal layer stage part=decode layer=7 pos=26 tokens=1 shared_gate_up=0.345 ms
ds4: metal layer stage part=decode layer=7 pos=26 tokens=1 shared_down=0.245 ms
ds4: metal layer stage part=decode layer=7 pos=26 tokens=1 ffn_hc_post=0.028 ms
ds4: metal layer stage part=decode layer=8 pos=26 tokens=1 attn_hc_pre=0.221 ms
ds4: metal layer stage part=decode layer=8 pos=26 tokens=1 attn_norm=0.027 ms
ds4: metal layer stage part=decode layer=8 pos=26 tokens=1 q_path=0.295 ms
ds4: metal layer stage part=decode layer=8 pos=26 tokens=1 kv_path=0.290 ms
ds4: metal layer stage part=decode layer=8 pos=26 tokens=1 compressor_indexer=0.288 ms
ds4: metal layer stage part=decode layer=8 pos=26 tokens=1 attention=0.252 ms
ds4: metal layer stage part=decode layer=8 pos=26 tokens=1 attn_output=0.349 ms
ds4: metal layer stage part=decode layer=8 pos=26 tokens=1 attn_hc_post=0.025 ms
ds4: metal layer stage part=decode layer=8 pos=26 tokens=1 ffn_hc_pre=0.200 ms
ds4: metal layer stage part=decode layer=8 pos=26 tokens=1 ffn_norm=0.029 ms
ds4: metal layer stage part=decode layer=8 pos=26 tokens=1 router=0.199 ms
ds4: metal layer stage part=decode layer=8 pos=26 tokens=1 routed_moe=0.407 ms
ds4: metal layer stage part=decode layer=8 pos=26 tokens=1 shared_gate_up=0.309 ms
ds4: metal layer stage part=decode layer=8 pos=26 tokens=1 shared_down=0.286 ms
ds4: metal layer stage part=decode layer=8 pos=26 tokens=1 ffn_hc_post=0.026 ms
ds4: metal layer stage part=decode layer=9 pos=26 tokens=1 attn_hc_pre=0.222 ms
ds4: metal layer stage part=decode layer=9 pos=26 tokens=1 attn_norm=0.024 ms
ds4: metal layer stage part=decode layer=9 pos=26 tokens=1 q_path=0.310 ms
ds4: metal layer stage part=decode layer=9 pos=26 tokens=1 kv_path=0.201 ms
ds4: metal layer stage part=decode layer=9 pos=26 tokens=1 compressor_indexer=0.508 ms
ds4: metal layer stage part=decode layer=9 pos=26 tokens=1 attention=0.569 ms
ds4: metal layer stage part=decode layer=9 pos=26 tokens=1 attn_output=0.413 ms
ds4: metal layer stage part=decode layer=9 pos=26 tokens=1 attn_hc_post=0.025 ms
ds4: metal layer stage part=decode layer=9 pos=26 tokens=1 ffn_hc_pre=0.270 ms
ds4: metal layer stage part=decode layer=9 pos=26 tokens=1 ffn_norm=0.025 ms
ds4: metal layer stage part=decode layer=9 pos=26 tokens=1 router=0.257 ms
ds4: metal layer stage part=decode layer=9 pos=26 tokens=1 routed_moe=0.388 ms
ds4: metal layer stage part=decode layer=9 pos=26 tokens=1 shared_gate_up=0.226 ms
ds4: metal layer stage part=decode layer=9 pos=26 tokens=1 shared_down=0.218 ms
ds4: metal layer stage part=decode layer=9 pos=26 tokens=1 ffn_hc_post=0.033 ms
ds4: metal layer stage part=decode layer=10 pos=26 tokens=1 attn_hc_pre=0.192 ms
ds4: metal layer stage part=decode layer=10 pos=26 tokens=1 attn_norm=0.026 ms
ds4: metal layer stage part=decode layer=10 pos=26 tokens=1 q_path=0.275 ms
ds4: metal layer stage part=decode layer=10 pos=26 tokens=1 kv_path=0.206 ms
ds4: metal layer stage part=decode layer=10 pos=26 tokens=1 compressor_indexer=0.264 ms
ds4: metal layer stage part=decode layer=10 pos=26 tokens=1 attention=0.291 ms
ds4: metal layer stage part=decode layer=10 pos=26 tokens=1 attn_output=0.334 ms
ds4: metal layer stage part=decode layer=10 pos=26 tokens=1 attn_hc_post=0.023 ms
ds4: metal layer stage part=decode layer=10 pos=26 tokens=1 ffn_hc_pre=0.204 ms
ds4: metal layer stage part=decode layer=10 pos=26 tokens=1 ffn_norm=0.029 ms
ds4: metal layer stage part=decode layer=10 pos=26 tokens=1 router=0.185 ms
ds4: metal layer stage part=decode layer=10 pos=26 tokens=1 routed_moe=0.354 ms
ds4: metal layer stage part=decode layer=10 pos=26 tokens=1 shared_gate_up=0.236 ms
ds4: metal layer stage part=decode layer=10 pos=26 tokens=1 shared_down=0.206 ms
ds4: metal layer stage part=decode layer=10 pos=26 tokens=1 ffn_hc_post=0.023 ms
ds4: metal layer stage part=decode layer=11 pos=26 tokens=1 attn_hc_pre=0.175 ms
ds4: metal layer stage part=decode layer=11 pos=26 tokens=1 attn_norm=0.027 ms
ds4: metal layer stage part=decode layer=11 pos=26 tokens=1 q_path=0.284 ms
ds4: metal layer stage part=decode layer=11 pos=26 tokens=1 kv_path=0.226 ms
ds4: metal layer stage part=decode layer=11 pos=26 tokens=1 compressor_indexer=0.330 ms
ds4: metal layer stage part=decode layer=11 pos=26 tokens=1 attention=0.257 ms
ds4: metal layer stage part=decode layer=11 pos=26 tokens=1 attn_output=0.343 ms
ds4: metal layer stage part=decode layer=11 pos=26 tokens=1 attn_hc_post=0.023 ms
ds4: metal layer stage part=decode layer=11 pos=26 tokens=1 ffn_hc_pre=0.241 ms
ds4: metal layer stage part=decode layer=11 pos=26 tokens=1 ffn_norm=0.025 ms
ds4: metal layer stage part=decode layer=11 pos=26 tokens=1 router=0.235 ms
ds4: metal layer stage part=decode layer=11 pos=26 tokens=1 routed_moe=0.400 ms
ds4: metal layer stage part=decode layer=11 pos=26 tokens=1 shared_gate_up=0.238 ms
ds4: metal layer stage part=decode layer=11 pos=26 tokens=1 shared_down=0.267 ms
ds4: metal layer stage part=decode layer=11 pos=26 tokens=1 ffn_hc_post=0.020 ms
ds4: metal layer stage part=decode layer=12 pos=26 tokens=1 attn_hc_pre=0.225 ms
ds4: metal layer stage part=decode layer=12 pos=26 tokens=1 attn_norm=0.022 ms
ds4: metal layer stage part=decode layer=12 pos=26 tokens=1 q_path=0.299 ms
ds4: metal layer stage part=decode layer=12 pos=26 tokens=1 kv_path=0.226 ms
ds4: metal layer stage part=decode layer=12 pos=26 tokens=1 compressor_indexer=0.242 ms
ds4: metal layer stage part=decode layer=12 pos=26 tokens=1 attention=0.297 ms
ds4: metal layer stage part=decode layer=12 pos=26 tokens=1 attn_output=0.348 ms
ds4: metal layer stage part=decode layer=12 pos=26 tokens=1 attn_hc_post=0.021 ms
ds4: metal layer stage part=decode layer=12 pos=26 tokens=1 ffn_hc_pre=0.269 ms
ds4: metal layer stage part=decode layer=12 pos=26 tokens=1 ffn_norm=0.021 ms
ds4: metal layer stage part=decode layer=12 pos=26 tokens=1 router=0.247 ms
ds4: metal layer stage part=decode layer=12 pos=26 tokens=1 routed_moe=0.403 ms
ds4: metal layer stage part=decode layer=12 pos=26 tokens=1 shared_gate_up=0.235 ms
ds4: metal layer stage part=decode layer=12 pos=26 tokens=1 shared_down=0.216 ms
ds4: metal layer stage part=decode layer=12 pos=26 tokens=1 ffn_hc_post=0.023 ms
ds4: metal layer stage part=decode layer=13 pos=26 tokens=1 attn_hc_pre=0.245 ms
ds4: metal layer stage part=decode layer=13 pos=26 tokens=1 attn_norm=0.022 ms
ds4: metal layer stage part=decode layer=13 pos=26 tokens=1 q_path=0.289 ms
ds4: metal layer stage part=decode layer=13 pos=26 tokens=1 kv_path=0.210 ms
ds4: metal layer stage part=decode layer=13 pos=26 tokens=1 compressor_indexer=0.267 ms
ds4: metal layer stage part=decode layer=13 pos=26 tokens=1 attention=0.289 ms
ds4: metal layer stage part=decode layer=13 pos=26 tokens=1 attn_output=0.330 ms
ds4: metal layer stage part=decode layer=13 pos=26 tokens=1 attn_hc_post=0.021 ms
ds4: metal layer stage part=decode layer=13 pos=26 tokens=1 ffn_hc_pre=0.217 ms
ds4: metal layer stage part=decode layer=13 pos=26 tokens=1 ffn_norm=0.027 ms
ds4: metal layer stage part=decode layer=13 pos=26 tokens=1 router=0.215 ms
ds4: metal layer stage part=decode layer=13 pos=26 tokens=1 routed_moe=0.353 ms
ds4: metal layer stage part=decode layer=13 pos=26 tokens=1 shared_gate_up=0.282 ms
ds4: metal layer stage part=decode layer=13 pos=26 tokens=1 shared_down=0.299 ms
ds4: metal layer stage part=decode layer=13 pos=26 tokens=1 ffn_hc_post=0.024 ms
ds4: metal layer stage part=decode layer=14 pos=26 tokens=1 attn_hc_pre=0.232 ms
ds4: metal layer stage part=decode layer=14 pos=26 tokens=1 attn_norm=0.023 ms
ds4: metal layer stage part=decode layer=14 pos=26 tokens=1 q_path=0.302 ms
ds4: metal layer stage part=decode layer=14 pos=26 tokens=1 kv_path=0.241 ms
ds4: metal layer stage part=decode layer=14 pos=26 tokens=1 compressor_indexer=0.298 ms
ds4: metal layer stage part=decode layer=14 pos=26 tokens=1 attention=0.231 ms
ds4: metal layer stage part=decode layer=14 pos=26 tokens=1 attn_output=0.388 ms
ds4: metal layer stage part=decode layer=14 pos=26 tokens=1 attn_hc_post=0.020 ms
ds4: metal layer stage part=decode layer=14 pos=26 tokens=1 ffn_hc_pre=0.265 ms
ds4: metal layer stage part=decode layer=14 pos=26 tokens=1 ffn_norm=0.023 ms
ds4: metal layer stage part=decode layer=14 pos=26 tokens=1 router=0.240 ms
ds4: metal layer stage part=decode layer=14 pos=26 tokens=1 routed_moe=0.466 ms
ds4: metal layer stage part=decode layer=14 pos=26 tokens=1 shared_gate_up=0.342 ms
ds4: metal layer stage part=decode layer=14 pos=26 tokens=1 shared_down=0.237 ms
ds4: metal layer stage part=decode layer=14 pos=26 tokens=1 ffn_hc_post=0.019 ms
ds4: metal layer stage part=decode layer=15 pos=26 tokens=1 attn_hc_pre=0.231 ms
ds4: metal layer stage part=decode layer=15 pos=26 tokens=1 attn_norm=0.026 ms
ds4: metal layer stage part=decode layer=15 pos=26 tokens=1 q_path=0.316 ms
ds4: metal layer stage part=decode layer=15 pos=26 tokens=1 kv_path=0.275 ms
ds4: metal layer stage part=decode layer=15 pos=26 tokens=1 compressor_indexer=0.256 ms
ds4: metal layer stage part=decode layer=15 pos=26 tokens=1 attention=0.324 ms
ds4: metal layer stage part=decode layer=15 pos=26 tokens=1 attn_output=0.348 ms
ds4: metal layer stage part=decode layer=15 pos=26 tokens=1 attn_hc_post=0.029 ms
ds4: metal layer stage part=decode layer=15 pos=26 tokens=1 ffn_hc_pre=0.408 ms
ds4: metal layer stage part=decode layer=15 pos=26 tokens=1 ffn_norm=0.029 ms
ds4: metal layer stage part=decode layer=15 pos=26 tokens=1 router=0.198 ms
ds4: metal layer stage part=decode layer=15 pos=26 tokens=1 routed_moe=0.359 ms
ds4: metal layer stage part=decode layer=15 pos=26 tokens=1 shared_gate_up=0.229 ms
ds4: metal layer stage part=decode layer=15 pos=26 tokens=1 shared_down=0.218 ms
ds4: metal layer stage part=decode layer=15 pos=26 tokens=1 ffn_hc_post=0.024 ms
ds4: metal layer stage part=decode layer=16 pos=26 tokens=1 attn_hc_pre=0.182 ms
ds4: metal layer stage part=decode layer=16 pos=26 tokens=1 attn_norm=0.024 ms
ds4: metal layer stage part=decode layer=16 pos=26 tokens=1 q_path=0.309 ms
ds4: metal layer stage part=decode layer=16 pos=26 tokens=1 kv_path=0.211 ms
ds4: metal layer stage part=decode layer=16 pos=26 tokens=1 compressor_indexer=0.263 ms
ds4: metal layer stage part=decode layer=16 pos=26 tokens=1 attention=0.260 ms
ds4: metal layer stage part=decode layer=16 pos=26 tokens=1 attn_output=0.361 ms
ds4: metal layer stage part=decode layer=16 pos=26 tokens=1 attn_hc_post=0.029 ms
ds4: metal layer stage part=decode layer=16 pos=26 tokens=1 ffn_hc_pre=0.266 ms
ds4: metal layer stage part=decode layer=16 pos=26 tokens=1 ffn_norm=0.025 ms
ds4: metal layer stage part=decode layer=16 pos=26 tokens=1 router=0.230 ms
ds4: metal layer stage part=decode layer=16 pos=26 tokens=1 routed_moe=0.392 ms
ds4: metal layer stage part=decode layer=16 pos=26 tokens=1 shared_gate_up=0.248 ms
ds4: metal layer stage part=decode layer=16 pos=26 tokens=1 shared_down=0.226 ms
ds4: metal layer stage part=decode layer=16 pos=26 tokens=1 ffn_hc_post=0.026 ms
ds4: metal layer stage part=decode layer=17 pos=26 tokens=1 attn_hc_pre=0.235 ms
ds4: metal layer stage part=decode layer=17 pos=26 tokens=1 attn_norm=0.027 ms
ds4: metal layer stage part=decode layer=17 pos=26 tokens=1 q_path=1.143 ms
ds4: metal layer stage part=decode layer=17 pos=26 tokens=1 kv_path=0.180 ms
ds4: metal layer stage part=decode layer=17 pos=26 tokens=1 compressor_indexer=0.245 ms
ds4: metal layer stage part=decode layer=17 pos=26 tokens=1 attention=0.274 ms
ds4: metal layer stage part=decode layer=17 pos=26 tokens=1 attn_output=0.373 ms
ds4: metal layer stage part=decode layer=17 pos=26 tokens=1 attn_hc_post=0.022 ms
ds4: metal layer stage part=decode layer=17 pos=26 tokens=1 ffn_hc_pre=0.249 ms
ds4: metal layer stage part=decode layer=17 pos=26 tokens=1 ffn_norm=0.029 ms
ds4: metal layer stage part=decode layer=17 pos=26 tokens=1 router=0.228 ms
ds4: metal layer stage part=decode layer=17 pos=26 tokens=1 routed_moe=0.450 ms
ds4: metal layer stage part=decode layer=17 pos=26 tokens=1 shared_gate_up=0.359 ms
ds4: metal layer stage part=decode layer=17 pos=26 tokens=1 shared_down=0.256 ms
ds4: metal layer stage part=decode layer=17 pos=26 tokens=1 ffn_hc_post=0.026 ms
ds4: metal layer stage part=decode layer=18 pos=26 tokens=1 attn_hc_pre=0.207 ms
ds4: metal layer stage part=decode layer=18 pos=26 tokens=1 attn_norm=0.032 ms
ds4: metal layer stage part=decode layer=18 pos=26 tokens=1 q_path=0.299 ms
ds4: metal layer stage part=decode layer=18 pos=26 tokens=1 kv_path=0.305 ms
ds4: metal layer stage part=decode layer=18 pos=26 tokens=1 compressor_indexer=0.262 ms
ds4: metal layer stage part=decode layer=18 pos=26 tokens=1 attention=0.275 ms
ds4: metal layer stage part=decode layer=18 pos=26 tokens=1 attn_output=0.354 ms
ds4: metal layer stage part=decode layer=18 pos=26 tokens=1 attn_hc_post=0.023 ms
ds4: metal layer stage part=decode layer=18 pos=26 tokens=1 ffn_hc_pre=0.273 ms
ds4: metal layer stage part=decode layer=18 pos=26 tokens=1 ffn_norm=0.027 ms
ds4: metal layer stage part=decode layer=18 pos=26 tokens=1 router=0.243 ms
ds4: metal layer stage part=decode layer=18 pos=26 tokens=1 routed_moe=0.396 ms
ds4: metal layer stage part=decode layer=18 pos=26 tokens=1 shared_gate_up=0.400 ms
ds4: metal layer stage part=decode layer=18 pos=26 tokens=1 shared_down=0.236 ms
ds4: metal layer stage part=decode layer=18 pos=26 tokens=1 ffn_hc_post=0.025 ms
ds4: metal layer stage part=decode layer=19 pos=26 tokens=1 attn_hc_pre=0.233 ms
ds4: metal layer stage part=decode layer=19 pos=26 tokens=1 attn_norm=0.029 ms
ds4: metal layer stage part=decode layer=19 pos=26 tokens=1 q_path=0.298 ms
ds4: metal layer stage part=decode layer=19 pos=26 tokens=1 kv_path=0.295 ms
ds4: metal layer stage part=decode layer=19 pos=26 tokens=1 compressor_indexer=0.309 ms
ds4: metal layer stage part=decode layer=19 pos=26 tokens=1 attention=0.244 ms
ds4: metal layer stage part=decode layer=19 pos=26 tokens=1 attn_output=0.356 ms
ds4: metal layer stage part=decode layer=19 pos=26 tokens=1 attn_hc_post=0.024 ms
ds4: metal layer stage part=decode layer=19 pos=26 tokens=1 ffn_hc_pre=0.266 ms
ds4: metal layer stage part=decode layer=19 pos=26 tokens=1 ffn_norm=0.024 ms
ds4: metal layer stage part=decode layer=19 pos=26 tokens=1 router=0.233 ms
ds4: metal layer stage part=decode layer=19 pos=26 tokens=1 routed_moe=0.392 ms
ds4: metal layer stage part=decode layer=19 pos=26 tokens=1 shared_gate_up=0.260 ms
ds4: metal layer stage part=decode layer=19 pos=26 tokens=1 shared_down=0.237 ms
ds4: metal layer stage part=decode layer=19 pos=26 tokens=1 ffn_hc_post=0.024 ms
ds4: metal layer stage part=decode layer=20 pos=26 tokens=1 attn_hc_pre=0.219 ms
ds4: metal layer stage part=decode layer=20 pos=26 tokens=1 attn_norm=0.027 ms
ds4: metal layer stage part=decode layer=20 pos=26 tokens=1 q_path=0.304 ms
ds4: metal layer stage part=decode layer=20 pos=26 tokens=1 kv_path=0.205 ms
ds4: metal layer stage part=decode layer=20 pos=26 tokens=1 compressor_indexer=0.302 ms
ds4: metal layer stage part=decode layer=20 pos=26 tokens=1 attention=0.245 ms
ds4: metal layer stage part=decode layer=20 pos=26 tokens=1 attn_output=0.391 ms
ds4: metal layer stage part=decode layer=20 pos=26 tokens=1 attn_hc_post=0.032 ms
ds4: metal layer stage part=decode layer=20 pos=26 tokens=1 ffn_hc_pre=0.234 ms
ds4: metal layer stage part=decode layer=20 pos=26 tokens=1 ffn_norm=0.026 ms
ds4: metal layer stage part=decode layer=20 pos=26 tokens=1 router=0.227 ms
ds4: metal layer stage part=decode layer=20 pos=26 tokens=1 routed_moe=0.385 ms
ds4: metal layer stage part=decode layer=20 pos=26 tokens=1 shared_gate_up=0.250 ms
ds4: metal layer stage part=decode layer=20 pos=26 tokens=1 shared_down=0.229 ms
ds4: metal layer stage part=decode layer=20 pos=26 tokens=1 ffn_hc_post=0.020 ms
ds4: metal layer stage part=decode layer=21 pos=26 tokens=1 attn_hc_pre=0.257 ms
ds4: metal layer stage part=decode layer=21 pos=26 tokens=1 attn_norm=0.038 ms
ds4: metal layer stage part=decode layer=21 pos=26 tokens=1 q_path=0.294 ms
ds4: metal layer stage part=decode layer=21 pos=26 tokens=1 kv_path=0.213 ms
ds4: metal layer stage part=decode layer=21 pos=26 tokens=1 compressor_indexer=0.222 ms
ds4: metal layer stage part=decode layer=21 pos=26 tokens=1 attention=0.290 ms
ds4: metal layer stage part=decode layer=21 pos=26 tokens=1 attn_output=0.429 ms
ds4: metal layer stage part=decode layer=21 pos=26 tokens=1 attn_hc_post=0.026 ms
ds4: metal layer stage part=decode layer=21 pos=26 tokens=1 ffn_hc_pre=0.259 ms
ds4: metal layer stage part=decode layer=21 pos=26 tokens=1 ffn_norm=0.020 ms
ds4: metal layer stage part=decode layer=21 pos=26 tokens=1 router=0.271 ms
ds4: metal layer stage part=decode layer=21 pos=26 tokens=1 routed_moe=0.414 ms
ds4: metal layer stage part=decode layer=21 pos=26 tokens=1 shared_gate_up=0.294 ms
ds4: metal layer stage part=decode layer=21 pos=26 tokens=1 shared_down=0.272 ms
ds4: metal layer stage part=decode layer=21 pos=26 tokens=1 ffn_hc_post=0.025 ms
ds4: metal layer stage part=decode layer=22 pos=26 tokens=1 attn_hc_pre=0.295 ms
ds4: metal layer stage part=decode layer=22 pos=26 tokens=1 attn_norm=0.031 ms
ds4: metal layer stage part=decode layer=22 pos=26 tokens=1 q_path=0.665 ms
ds4: metal layer stage part=decode layer=22 pos=26 tokens=1 kv_path=0.249 ms
ds4: metal layer stage part=decode layer=22 pos=26 tokens=1 compressor_indexer=0.299 ms
ds4: metal layer stage part=decode layer=22 pos=26 tokens=1 attention=0.310 ms
ds4: metal layer stage part=decode layer=22 pos=26 tokens=1 attn_output=0.420 ms
ds4: metal layer stage part=decode layer=22 pos=26 tokens=1 attn_hc_post=0.031 ms
ds4: metal layer stage part=decode layer=22 pos=26 tokens=1 ffn_hc_pre=0.240 ms
ds4: metal layer stage part=decode layer=22 pos=26 tokens=1 ffn_norm=0.035 ms
ds4: metal layer stage part=decode layer=22 pos=26 tokens=1 router=0.248 ms
ds4: metal layer stage part=decode layer=22 pos=26 tokens=1 routed_moe=0.380 ms
ds4: metal layer stage part=decode layer=22 pos=26 tokens=1 shared_gate_up=0.246 ms
ds4: metal layer stage part=decode layer=22 pos=26 tokens=1 shared_down=0.230 ms
ds4: metal layer stage part=decode layer=22 pos=26 tokens=1 ffn_hc_post=0.030 ms
ds4: metal layer stage part=decode layer=23 pos=26 tokens=1 attn_hc_pre=0.216 ms
ds4: metal layer stage part=decode layer=23 pos=26 tokens=1 attn_norm=0.025 ms
ds4: metal layer stage part=decode layer=23 pos=26 tokens=1 q_path=0.349 ms
ds4: metal layer stage part=decode layer=23 pos=26 tokens=1 kv_path=0.218 ms
ds4: metal layer stage part=decode layer=23 pos=26 tokens=1 compressor_indexer=0.219 ms
ds4: metal layer stage part=decode layer=23 pos=26 tokens=1 attention=0.274 ms
ds4: metal layer stage part=decode layer=23 pos=26 tokens=1 attn_output=0.350 ms
ds4: metal layer stage part=decode layer=23 pos=26 tokens=1 attn_hc_post=0.023 ms
ds4: metal layer stage part=decode layer=23 pos=26 tokens=1 ffn_hc_pre=0.279 ms
ds4: metal layer stage part=decode layer=23 pos=26 tokens=1 ffn_norm=0.025 ms
ds4: metal layer stage part=decode layer=23 pos=26 tokens=1 router=0.226 ms
ds4: metal layer stage part=decode layer=23 pos=26 tokens=1 routed_moe=0.413 ms
ds4: metal layer stage part=decode layer=23 pos=26 tokens=1 shared_gate_up=0.311 ms
ds4: metal layer stage part=decode layer=23 pos=26 tokens=1 shared_down=0.234 ms
ds4: metal layer stage part=decode layer=23 pos=26 tokens=1 ffn_hc_post=0.028 ms
ds4: metal layer stage part=decode layer=24 pos=26 tokens=1 attn_hc_pre=0.184 ms
ds4: metal layer stage part=decode layer=24 pos=26 tokens=1 attn_norm=0.023 ms
ds4: metal layer stage part=decode layer=24 pos=26 tokens=1 q_path=0.283 ms
ds4: metal layer stage part=decode layer=24 pos=26 tokens=1 kv_path=0.229 ms
ds4: metal layer stage part=decode layer=24 pos=26 tokens=1 compressor_indexer=0.245 ms
ds4: metal layer stage part=decode layer=24 pos=26 tokens=1 attention=0.262 ms
ds4: metal layer stage part=decode layer=24 pos=26 tokens=1 attn_output=0.365 ms
ds4: metal layer stage part=decode layer=24 pos=26 tokens=1 attn_hc_post=0.029 ms
ds4: metal layer stage part=decode layer=24 pos=26 tokens=1 ffn_hc_pre=0.266 ms
ds4: metal layer stage part=decode layer=24 pos=26 tokens=1 ffn_norm=0.030 ms
ds4: metal layer stage part=decode layer=24 pos=26 tokens=1 router=0.235 ms
ds4: metal layer stage part=decode layer=24 pos=26 tokens=1 routed_moe=0.391 ms
ds4: metal layer stage part=decode layer=24 pos=26 tokens=1 shared_gate_up=0.246 ms
ds4: metal layer stage part=decode layer=24 pos=26 tokens=1 shared_down=0.237 ms
ds4: metal layer stage part=decode layer=24 pos=26 tokens=1 ffn_hc_post=0.023 ms
ds4: metal layer stage part=decode layer=25 pos=26 tokens=1 attn_hc_pre=0.213 ms
ds4: metal layer stage part=decode layer=25 pos=26 tokens=1 attn_norm=0.029 ms
ds4: metal layer stage part=decode layer=25 pos=26 tokens=1 q_path=0.323 ms
ds4: metal layer stage part=decode layer=25 pos=26 tokens=1 kv_path=0.193 ms
ds4: metal layer stage part=decode layer=25 pos=26 tokens=1 compressor_indexer=0.259 ms
ds4: metal layer stage part=decode layer=25 pos=26 tokens=1 attention=0.305 ms
ds4: metal layer stage part=decode layer=25 pos=26 tokens=1 attn_output=0.339 ms
ds4: metal layer stage part=decode layer=25 pos=26 tokens=1 attn_hc_post=0.021 ms
ds4: metal layer stage part=decode layer=25 pos=26 tokens=1 ffn_hc_pre=0.267 ms
ds4: metal layer stage part=decode layer=25 pos=26 tokens=1 ffn_norm=0.026 ms
ds4: metal layer stage part=decode layer=25 pos=26 tokens=1 router=0.235 ms
ds4: metal layer stage part=decode layer=25 pos=26 tokens=1 routed_moe=0.397 ms
ds4: metal layer stage part=decode layer=25 pos=26 tokens=1 shared_gate_up=0.247 ms
ds4: metal layer stage part=decode layer=25 pos=26 tokens=1 shared_down=0.228 ms
ds4: metal layer stage part=decode layer=25 pos=26 tokens=1 ffn_hc_post=0.020 ms
ds4: metal layer stage part=decode layer=26 pos=26 tokens=1 attn_hc_pre=0.259 ms
ds4: metal layer stage part=decode layer=26 pos=26 tokens=1 attn_norm=0.020 ms
ds4: metal layer stage part=decode layer=26 pos=26 tokens=1 q_path=0.298 ms
ds4: metal layer stage part=decode layer=26 pos=26 tokens=1 kv_path=0.217 ms
ds4: metal layer stage part=decode layer=26 pos=26 tokens=1 compressor_indexer=0.255 ms
ds4: metal layer stage part=decode layer=26 pos=26 tokens=1 attention=0.264 ms
ds4: metal layer stage part=decode layer=26 pos=26 tokens=1 attn_output=0.373 ms
ds4: metal layer stage part=decode layer=26 pos=26 tokens=1 attn_hc_post=0.024 ms
ds4: metal layer stage part=decode layer=26 pos=26 tokens=1 ffn_hc_pre=0.275 ms
ds4: metal layer stage part=decode layer=26 pos=26 tokens=1 ffn_norm=0.026 ms
ds4: metal layer stage part=decode layer=26 pos=26 tokens=1 router=0.233 ms
ds4: metal layer stage part=decode layer=26 pos=26 tokens=1 routed_moe=0.382 ms
ds4: metal layer stage part=decode layer=26 pos=26 tokens=1 shared_gate_up=0.251 ms
ds4: metal layer stage part=decode layer=26 pos=26 tokens=1 shared_down=0.232 ms
ds4: metal layer stage part=decode layer=26 pos=26 tokens=1 ffn_hc_post=0.024 ms
ds4: metal layer stage part=decode layer=27 pos=26 tokens=1 attn_hc_pre=0.233 ms
ds4: metal layer stage part=decode layer=27 pos=26 tokens=1 attn_norm=0.022 ms
ds4: metal layer stage part=decode layer=27 pos=26 tokens=1 q_path=0.302 ms
ds4: metal layer stage part=decode layer=27 pos=26 tokens=1 kv_path=0.205 ms
ds4: metal layer stage part=decode layer=27 pos=26 tokens=1 compressor_indexer=0.258 ms
ds4: metal layer stage part=decode layer=27 pos=26 tokens=1 attention=0.294 ms
ds4: metal layer stage part=decode layer=27 pos=26 tokens=1 attn_output=0.346 ms
ds4: metal layer stage part=decode layer=27 pos=26 tokens=1 attn_hc_post=0.024 ms
ds4: metal layer stage part=decode layer=27 pos=26 tokens=1 ffn_hc_pre=0.279 ms
ds4: metal layer stage part=decode layer=27 pos=26 tokens=1 ffn_norm=0.028 ms
ds4: metal layer stage part=decode layer=27 pos=26 tokens=1 router=0.218 ms
ds4: metal layer stage part=decode layer=27 pos=26 tokens=1 routed_moe=0.414 ms
ds4: metal layer stage part=decode layer=27 pos=26 tokens=1 shared_gate_up=0.234 ms
ds4: metal layer stage part=decode layer=27 pos=26 tokens=1 shared_down=0.242 ms
ds4: metal layer stage part=decode layer=27 pos=26 tokens=1 ffn_hc_post=0.025 ms
ds4: metal layer stage part=decode layer=28 pos=26 tokens=1 attn_hc_pre=0.226 ms
ds4: metal layer stage part=decode layer=28 pos=26 tokens=1 attn_norm=0.038 ms
ds4: metal layer stage part=decode layer=28 pos=26 tokens=1 q_path=0.303 ms
ds4: metal layer stage part=decode layer=28 pos=26 tokens=1 kv_path=0.217 ms
ds4: metal layer stage part=decode layer=28 pos=26 tokens=1 compressor_indexer=0.253 ms
ds4: metal layer stage part=decode layer=28 pos=26 tokens=1 attention=0.262 ms
ds4: metal layer stage part=decode layer=28 pos=26 tokens=1 attn_output=0.361 ms
ds4: metal layer stage part=decode layer=28 pos=26 tokens=1 attn_hc_post=0.029 ms
ds4: metal layer stage part=decode layer=28 pos=26 tokens=1 ffn_hc_pre=0.263 ms
ds4: metal layer stage part=decode layer=28 pos=26 tokens=1 ffn_norm=0.022 ms
ds4: metal layer stage part=decode layer=28 pos=26 tokens=1 router=0.234 ms
ds4: metal layer stage part=decode layer=28 pos=26 tokens=1 routed_moe=0.424 ms
ds4: metal layer stage part=decode layer=28 pos=26 tokens=1 shared_gate_up=0.227 ms
ds4: metal layer stage part=decode layer=28 pos=26 tokens=1 shared_down=0.227 ms
ds4: metal layer stage part=decode layer=28 pos=26 tokens=1 ffn_hc_post=0.021 ms
ds4: metal layer stage part=decode layer=29 pos=26 tokens=1 attn_hc_pre=0.282 ms
ds4: metal layer stage part=decode layer=29 pos=26 tokens=1 attn_norm=0.023 ms
ds4: metal layer stage part=decode layer=29 pos=26 tokens=1 q_path=0.293 ms
ds4: metal layer stage part=decode layer=29 pos=26 tokens=1 kv_path=0.226 ms
ds4: metal layer stage part=decode layer=29 pos=26 tokens=1 compressor_indexer=0.205 ms
ds4: metal layer stage part=decode layer=29 pos=26 tokens=1 attention=0.287 ms
ds4: metal layer stage part=decode layer=29 pos=26 tokens=1 attn_output=0.351 ms
ds4: metal layer stage part=decode layer=29 pos=26 tokens=1 attn_hc_post=0.025 ms
ds4: metal layer stage part=decode layer=29 pos=26 tokens=1 ffn_hc_pre=0.278 ms
ds4: metal layer stage part=decode layer=29 pos=26 tokens=1 ffn_norm=0.030 ms
ds4: metal layer stage part=decode layer=29 pos=26 tokens=1 router=0.217 ms
ds4: metal layer stage part=decode layer=29 pos=26 tokens=1 routed_moe=0.660 ms
ds4: metal layer stage part=decode layer=29 pos=26 tokens=1 shared_gate_up=0.401 ms
ds4: metal layer stage part=decode layer=29 pos=26 tokens=1 shared_down=0.265 ms
ds4: metal layer stage part=decode layer=29 pos=26 tokens=1 ffn_hc_post=0.031 ms
ds4: metal layer stage part=decode layer=30 pos=26 tokens=1 attn_hc_pre=0.326 ms
ds4: metal layer stage part=decode layer=30 pos=26 tokens=1 attn_norm=0.035 ms
ds4: metal layer stage part=decode layer=30 pos=26 tokens=1 q_path=0.297 ms
ds4: metal layer stage part=decode layer=30 pos=26 tokens=1 kv_path=0.225 ms
ds4: metal layer stage part=decode layer=30 pos=26 tokens=1 compressor_indexer=0.250 ms
ds4: metal layer stage part=decode layer=30 pos=26 tokens=1 attention=0.255 ms
ds4: metal layer stage part=decode layer=30 pos=26 tokens=1 attn_output=0.339 ms
ds4: metal layer stage part=decode layer=30 pos=26 tokens=1 attn_hc_post=0.028 ms
ds4: metal layer stage part=decode layer=30 pos=26 tokens=1 ffn_hc_pre=0.273 ms
ds4: metal layer stage part=decode layer=30 pos=26 tokens=1 ffn_norm=0.033 ms
ds4: metal layer stage part=decode layer=30 pos=26 tokens=1 router=0.230 ms
ds4: metal layer stage part=decode layer=30 pos=26 tokens=1 routed_moe=0.393 ms
ds4: metal layer stage part=decode layer=30 pos=26 tokens=1 shared_gate_up=0.242 ms
ds4: metal layer stage part=decode layer=30 pos=26 tokens=1 shared_down=0.251 ms
ds4: metal layer stage part=decode layer=30 pos=26 tokens=1 ffn_hc_post=0.021 ms
ds4: metal layer stage part=decode layer=31 pos=26 tokens=1 attn_hc_pre=0.214 ms
ds4: metal layer stage part=decode layer=31 pos=26 tokens=1 attn_norm=0.023 ms
ds4: metal layer stage part=decode layer=31 pos=26 tokens=1 q_path=0.323 ms
ds4: metal layer stage part=decode layer=31 pos=26 tokens=1 kv_path=0.226 ms
ds4: metal layer stage part=decode layer=31 pos=26 tokens=1 compressor_indexer=0.218 ms
ds4: metal layer stage part=decode layer=31 pos=26 tokens=1 attention=0.317 ms
ds4: metal layer stage part=decode layer=31 pos=26 tokens=1 attn_output=0.361 ms
ds4: metal layer stage part=decode layer=31 pos=26 tokens=1 attn_hc_post=0.023 ms
ds4: metal layer stage part=decode layer=31 pos=26 tokens=1 ffn_hc_pre=0.249 ms
ds4: metal layer stage part=decode layer=31 pos=26 tokens=1 ffn_norm=0.027 ms
ds4: metal layer stage part=decode layer=31 pos=26 tokens=1 router=0.321 ms
ds4: metal layer stage part=decode layer=31 pos=26 tokens=1 routed_moe=0.406 ms
ds4: metal layer stage part=decode layer=31 pos=26 tokens=1 shared_gate_up=0.310 ms
ds4: metal layer stage part=decode layer=31 pos=26 tokens=1 shared_down=0.251 ms
ds4: metal layer stage part=decode layer=31 pos=26 tokens=1 ffn_hc_post=0.030 ms
ds4: metal layer stage part=decode layer=32 pos=26 tokens=1 attn_hc_pre=0.223 ms
ds4: metal layer stage part=decode layer=32 pos=26 tokens=1 attn_norm=0.029 ms
ds4: metal layer stage part=decode layer=32 pos=26 tokens=1 q_path=0.298 ms
ds4: metal layer stage part=decode layer=32 pos=26 tokens=1 kv_path=0.292 ms
ds4: metal layer stage part=decode layer=32 pos=26 tokens=1 compressor_indexer=0.265 ms
ds4: metal layer stage part=decode layer=32 pos=26 tokens=1 attention=0.266 ms
ds4: metal layer stage part=decode layer=32 pos=26 tokens=1 attn_output=0.357 ms
ds4: metal layer stage part=decode layer=32 pos=26 tokens=1 attn_hc_post=0.025 ms
ds4: metal layer stage part=decode layer=32 pos=26 tokens=1 ffn_hc_pre=0.286 ms
ds4: metal layer stage part=decode layer=32 pos=26 tokens=1 ffn_norm=0.035 ms
ds4: metal layer stage part=decode layer=32 pos=26 tokens=1 router=0.211 ms
ds4: metal layer stage part=decode layer=32 pos=26 tokens=1 routed_moe=0.404 ms
ds4: metal layer stage part=decode layer=32 pos=26 tokens=1 shared_gate_up=0.240 ms
ds4: metal layer stage part=decode layer=32 pos=26 tokens=1 shared_down=0.226 ms
ds4: metal layer stage part=decode layer=32 pos=26 tokens=1 ffn_hc_post=0.021 ms
ds4: metal layer stage part=decode layer=33 pos=26 tokens=1 attn_hc_pre=0.251 ms
ds4: metal layer stage part=decode layer=33 pos=26 tokens=1 attn_norm=0.029 ms
ds4: metal layer stage part=decode layer=33 pos=26 tokens=1 q_path=0.320 ms
ds4: metal layer stage part=decode layer=33 pos=26 tokens=1 kv_path=0.209 ms
ds4: metal layer stage part=decode layer=33 pos=26 tokens=1 compressor_indexer=0.341 ms
ds4: metal layer stage part=decode layer=33 pos=26 tokens=1 attention=0.332 ms
ds4: metal layer stage part=decode layer=33 pos=26 tokens=1 attn_output=0.425 ms
ds4: metal layer stage part=decode layer=33 pos=26 tokens=1 attn_hc_post=0.029 ms
ds4: metal layer stage part=decode layer=33 pos=26 tokens=1 ffn_hc_pre=0.221 ms
ds4: metal layer stage part=decode layer=33 pos=26 tokens=1 ffn_norm=0.032 ms
ds4: metal layer stage part=decode layer=33 pos=26 tokens=1 router=0.237 ms
ds4: metal layer stage part=decode layer=33 pos=26 tokens=1 routed_moe=0.329 ms
ds4: metal layer stage part=decode layer=33 pos=26 tokens=1 shared_gate_up=0.266 ms
ds4: metal layer stage part=decode layer=33 pos=26 tokens=1 shared_down=0.249 ms
ds4: metal layer stage part=decode layer=33 pos=26 tokens=1 ffn_hc_post=0.027 ms
ds4: metal layer stage part=decode layer=34 pos=26 tokens=1 attn_hc_pre=0.238 ms
ds4: metal layer stage part=decode layer=34 pos=26 tokens=1 attn_norm=0.027 ms
ds4: metal layer stage part=decode layer=34 pos=26 tokens=1 q_path=0.300 ms
ds4: metal layer stage part=decode layer=34 pos=26 tokens=1 kv_path=0.344 ms
ds4: metal layer stage part=decode layer=34 pos=26 tokens=1 compressor_indexer=0.240 ms
ds4: metal layer stage part=decode layer=34 pos=26 tokens=1 attention=0.256 ms
ds4: metal layer stage part=decode layer=34 pos=26 tokens=1 attn_output=0.350 ms
ds4: metal layer stage part=decode layer=34 pos=26 tokens=1 attn_hc_post=0.033 ms
ds4: metal layer stage part=decode layer=34 pos=26 tokens=1 ffn_hc_pre=0.275 ms
ds4: metal layer stage part=decode layer=34 pos=26 tokens=1 ffn_norm=0.026 ms
ds4: metal layer stage part=decode layer=34 pos=26 tokens=1 router=0.224 ms
ds4: metal layer stage part=decode layer=34 pos=26 tokens=1 routed_moe=0.644 ms
ds4: metal layer stage part=decode layer=34 pos=26 tokens=1 shared_gate_up=0.418 ms
ds4: metal layer stage part=decode layer=34 pos=26 tokens=1 shared_down=0.138 ms
ds4: metal layer stage part=decode layer=34 pos=26 tokens=1 ffn_hc_post=0.025 ms
ds4: metal layer stage part=decode layer=35 pos=26 tokens=1 attn_hc_pre=0.231 ms
ds4: metal layer stage part=decode layer=35 pos=26 tokens=1 attn_norm=0.028 ms
ds4: metal layer stage part=decode layer=35 pos=26 tokens=1 q_path=0.309 ms
ds4: metal layer stage part=decode layer=35 pos=26 tokens=1 kv_path=0.268 ms
ds4: metal layer stage part=decode layer=35 pos=26 tokens=1 compressor_indexer=0.271 ms
ds4: metal layer stage part=decode layer=35 pos=26 tokens=1 attention=0.285 ms
ds4: metal layer stage part=decode layer=35 pos=26 tokens=1 attn_output=0.374 ms
ds4: metal layer stage part=decode layer=35 pos=26 tokens=1 attn_hc_post=0.026 ms
ds4: metal layer stage part=decode layer=35 pos=26 tokens=1 ffn_hc_pre=0.214 ms
ds4: metal layer stage part=decode layer=35 pos=26 tokens=1 ffn_norm=0.025 ms
ds4: metal layer stage part=decode layer=35 pos=26 tokens=1 router=0.214 ms
ds4: metal layer stage part=decode layer=35 pos=26 tokens=1 routed_moe=0.402 ms
ds4: metal layer stage part=decode layer=35 pos=26 tokens=1 shared_gate_up=0.295 ms
ds4: metal layer stage part=decode layer=35 pos=26 tokens=1 shared_down=0.243 ms
ds4: metal layer stage part=decode layer=35 pos=26 tokens=1 ffn_hc_post=0.028 ms
ds4: metal layer stage part=decode layer=36 pos=26 tokens=1 attn_hc_pre=0.239 ms
ds4: metal layer stage part=decode layer=36 pos=26 tokens=1 attn_norm=0.033 ms
ds4: metal layer stage part=decode layer=36 pos=26 tokens=1 q_path=0.291 ms
ds4: metal layer stage part=decode layer=36 pos=26 tokens=1 kv_path=0.281 ms
ds4: metal layer stage part=decode layer=36 pos=26 tokens=1 compressor_indexer=0.283 ms
ds4: metal layer stage part=decode layer=36 pos=26 tokens=1 attention=0.296 ms
ds4: metal layer stage part=decode layer=36 pos=26 tokens=1 attn_output=0.341 ms
ds4: metal layer stage part=decode layer=36 pos=26 tokens=1 attn_hc_post=0.023 ms
ds4: metal layer stage part=decode layer=36 pos=26 tokens=1 ffn_hc_pre=0.277 ms
ds4: metal layer stage part=decode layer=36 pos=26 tokens=1 ffn_norm=0.025 ms
ds4: metal layer stage part=decode layer=36 pos=26 tokens=1 router=0.305 ms
ds4: metal layer stage part=decode layer=36 pos=26 tokens=1 routed_moe=0.427 ms
ds4: metal layer stage part=decode layer=36 pos=26 tokens=1 shared_gate_up=0.299 ms
ds4: metal layer stage part=decode layer=36 pos=26 tokens=1 shared_down=0.246 ms
ds4: metal layer stage part=decode layer=36 pos=26 tokens=1 ffn_hc_post=0.021 ms
ds4: metal layer stage part=decode layer=37 pos=26 tokens=1 attn_hc_pre=0.225 ms
ds4: metal layer stage part=decode layer=37 pos=26 tokens=1 attn_norm=0.029 ms
ds4: metal layer stage part=decode layer=37 pos=26 tokens=1 q_path=0.300 ms
ds4: metal layer stage part=decode layer=37 pos=26 tokens=1 kv_path=0.293 ms
ds4: metal layer stage part=decode layer=37 pos=26 tokens=1 compressor_indexer=0.262 ms
ds4: metal layer stage part=decode layer=37 pos=26 tokens=1 attention=0.303 ms
ds4: metal layer stage part=decode layer=37 pos=26 tokens=1 attn_output=0.352 ms
ds4: metal layer stage part=decode layer=37 pos=26 tokens=1 attn_hc_post=0.023 ms
ds4: metal layer stage part=decode layer=37 pos=26 tokens=1 ffn_hc_pre=0.263 ms
ds4: metal layer stage part=decode layer=37 pos=26 tokens=1 ffn_norm=0.021 ms
ds4: metal layer stage part=decode layer=37 pos=26 tokens=1 router=0.244 ms
ds4: metal layer stage part=decode layer=37 pos=26 tokens=1 routed_moe=0.392 ms
ds4: metal layer stage part=decode layer=37 pos=26 tokens=1 shared_gate_up=0.250 ms
ds4: metal layer stage part=decode layer=37 pos=26 tokens=1 shared_down=0.225 ms
ds4: metal layer stage part=decode layer=37 pos=26 tokens=1 ffn_hc_post=0.023 ms
ds4: metal layer stage part=decode layer=38 pos=26 tokens=1 attn_hc_pre=0.244 ms
ds4: metal layer stage part=decode layer=38 pos=26 tokens=1 attn_norm=0.024 ms
ds4: metal layer stage part=decode layer=38 pos=26 tokens=1 q_path=0.335 ms
ds4: metal layer stage part=decode layer=38 pos=26 tokens=1 kv_path=0.220 ms
ds4: metal layer stage part=decode layer=38 pos=26 tokens=1 compressor_indexer=0.243 ms
ds4: metal layer stage part=decode layer=38 pos=26 tokens=1 attention=0.255 ms
ds4: metal layer stage part=decode layer=38 pos=26 tokens=1 attn_output=0.346 ms
ds4: metal layer stage part=decode layer=38 pos=26 tokens=1 attn_hc_post=0.025 ms
ds4: metal layer stage part=decode layer=38 pos=26 tokens=1 ffn_hc_pre=0.270 ms
ds4: metal layer stage part=decode layer=38 pos=26 tokens=1 ffn_norm=0.027 ms
ds4: metal layer stage part=decode layer=38 pos=26 tokens=1 router=0.226 ms
ds4: metal layer stage part=decode layer=38 pos=26 tokens=1 routed_moe=0.408 ms
ds4: metal layer stage part=decode layer=38 pos=26 tokens=1 shared_gate_up=0.306 ms
ds4: metal layer stage part=decode layer=38 pos=26 tokens=1 shared_down=0.215 ms
ds4: metal layer stage part=decode layer=38 pos=26 tokens=1 ffn_hc_post=0.024 ms
ds4: metal layer stage part=decode layer=39 pos=26 tokens=1 attn_hc_pre=0.204 ms
ds4: metal layer stage part=decode layer=39 pos=26 tokens=1 attn_norm=0.024 ms
ds4: metal layer stage part=decode layer=39 pos=26 tokens=1 q_path=0.302 ms
ds4: metal layer stage part=decode layer=39 pos=26 tokens=1 kv_path=0.226 ms
ds4: metal layer stage part=decode layer=39 pos=26 tokens=1 compressor_indexer=0.298 ms
ds4: metal layer stage part=decode layer=39 pos=26 tokens=1 attention=0.250 ms
ds4: metal layer stage part=decode layer=39 pos=26 tokens=1 attn_output=0.343 ms
ds4: metal layer stage part=decode layer=39 pos=26 tokens=1 attn_hc_post=0.021 ms
ds4: metal layer stage part=decode layer=39 pos=26 tokens=1 ffn_hc_pre=0.240 ms
ds4: metal layer stage part=decode layer=39 pos=26 tokens=1 ffn_norm=0.026 ms
ds4: metal layer stage part=decode layer=39 pos=26 tokens=1 router=0.233 ms
ds4: metal layer stage part=decode layer=39 pos=26 tokens=1 routed_moe=0.398 ms
ds4: metal layer stage part=decode layer=39 pos=26 tokens=1 shared_gate_up=0.245 ms
ds4: metal layer stage part=decode layer=39 pos=26 tokens=1 shared_down=0.257 ms
ds4: metal layer stage part=decode layer=39 pos=26 tokens=1 ffn_hc_post=0.021 ms
ds4: metal layer stage part=decode layer=40 pos=26 tokens=1 attn_hc_pre=0.211 ms
ds4: metal layer stage part=decode layer=40 pos=26 tokens=1 attn_norm=0.022 ms
ds4: metal layer stage part=decode layer=40 pos=26 tokens=1 q_path=0.294 ms
ds4: metal layer stage part=decode layer=40 pos=26 tokens=1 kv_path=0.220 ms
ds4: metal layer stage part=decode layer=40 pos=26 tokens=1 compressor_indexer=0.291 ms
ds4: metal layer stage part=decode layer=40 pos=26 tokens=1 attention=0.258 ms
ds4: metal layer stage part=decode layer=40 pos=26 tokens=1 attn_output=0.350 ms
ds4: metal layer stage part=decode layer=40 pos=26 tokens=1 attn_hc_post=0.025 ms
ds4: metal layer stage part=decode layer=40 pos=26 tokens=1 ffn_hc_pre=0.277 ms
ds4: metal layer stage part=decode layer=40 pos=26 tokens=1 ffn_norm=0.031 ms
ds4: metal layer stage part=decode layer=40 pos=26 tokens=1 router=0.226 ms
ds4: metal layer stage part=decode layer=40 pos=26 tokens=1 routed_moe=0.419 ms
ds4: metal layer stage part=decode layer=40 pos=26 tokens=1 shared_gate_up=0.217 ms
ds4: metal layer stage part=decode layer=40 pos=26 tokens=1 shared_down=0.268 ms
ds4: metal layer stage part=decode layer=40 pos=26 tokens=1 ffn_hc_post=0.027 ms
ds4: metal layer stage part=decode layer=41 pos=26 tokens=1 attn_hc_pre=0.191 ms
ds4: metal layer stage part=decode layer=41 pos=26 tokens=1 attn_norm=0.028 ms
ds4: metal layer stage part=decode layer=41 pos=26 tokens=1 q_path=0.314 ms
ds4: metal layer stage part=decode layer=41 pos=26 tokens=1 kv_path=0.230 ms
ds4: metal layer stage part=decode layer=41 pos=26 tokens=1 compressor_indexer=0.231 ms
ds4: metal layer stage part=decode layer=41 pos=26 tokens=1 attention=0.455 ms
ds4: metal layer stage part=decode layer=41 pos=26 tokens=1 attn_output=0.455 ms
ds4: metal layer stage part=decode layer=41 pos=26 tokens=1 attn_hc_post=0.035 ms
ds4: metal layer stage part=decode layer=41 pos=26 tokens=1 ffn_hc_pre=0.233 ms
ds4: metal layer stage part=decode layer=41 pos=26 tokens=1 ffn_norm=0.025 ms
ds4: metal layer stage part=decode layer=41 pos=26 tokens=1 router=0.232 ms
ds4: metal layer stage part=decode layer=41 pos=26 tokens=1 routed_moe=0.415 ms
ds4: metal layer stage part=decode layer=41 pos=26 tokens=1 shared_gate_up=0.303 ms
ds4: metal layer stage part=decode layer=41 pos=26 tokens=1 shared_down=0.212 ms
ds4: metal layer stage part=decode layer=41 pos=26 tokens=1 ffn_hc_post=0.027 ms
ds4: metal layer stage part=decode layer=42 pos=26 tokens=1 attn_hc_pre=0.182 ms
ds4: metal layer stage part=decode layer=42 pos=26 tokens=1 attn_norm=0.030 ms
ds4: metal layer stage part=decode layer=42 pos=26 tokens=1 q_path=0.291 ms
ds4: metal layer stage part=decode layer=42 pos=26 tokens=1 kv_path=0.212 ms
ds4: metal layer stage part=decode layer=42 pos=26 tokens=1 compressor_indexer=0.287 ms
ds4: metal layer stage part=decode layer=42 pos=26 tokens=1 attention=0.256 ms
ds4: metal layer stage part=decode layer=42 pos=26 tokens=1 attn_output=0.354 ms
ds4: metal layer stage part=decode layer=42 pos=26 tokens=1 attn_hc_post=0.031 ms
ds4: metal layer stage part=decode layer=42 pos=26 tokens=1 ffn_hc_pre=0.305 ms
ds4: metal layer stage part=decode layer=42 pos=26 tokens=1 ffn_norm=0.033 ms
ds4: metal layer stage part=decode layer=42 pos=26 tokens=1 router=0.430 ms
ds4: metal layer stage part=decode layer=42 pos=26 tokens=1 routed_moe=0.419 ms
ds4: metal layer stage part=decode layer=42 pos=26 tokens=1 shared_gate_up=0.265 ms
ds4: metal layer stage part=decode layer=42 pos=26 tokens=1 shared_down=0.229 ms
ds4: metal layer stage part=decode layer=42 pos=26 tokens=1 ffn_hc_post=0.023 ms
ds4: dspark timing seq drafted=1 verified=1 draft=5.765 ms verify=141.233 ms total=147.091 ms
ds4: ----------------------------------------
ds4: prefill: 6.95 t/s, generation: 7.74 t/s (8 tokens in 1.034s)
ds4: dspark acceptance: 100.0% (5/5 draft tokens)
ds4: Flash-MoE resident slot bank: resident-slots=11008/11008 (100.0%, avg=256.0/layer) installed=72.56 GiB
