ds4: context buffers 881.95 MiB (ctx=10000, backend=metal, prefill_chunk=1024, raw_kv_rows=8704, compressed_kv_rows=2502)
ds4: Flash-MoE sidecar loaded: /Users/anemll/Models/flash/dsv4-iq2xxs-expert-major (slot-bank=99, expert-record 6.75 MiB)
ds4: Metal device Apple M5 Max, 128.00 GiB RAM
ds4: Flash-MoE using mmap-backed dense/shared weights without full-model Metal residency warmup
ds4: Metal model views created in 0.250 ms, residency requested in 0.000 ms, warmup 0.000 ms (mapped 8393.67 MiB from offset 5.06 MiB)
ds4: Metal mapped mmaped model as 1 overlapping shared buffers
ds4: metal backend initialized for graph diagnostics
ds4: prefill routed-MoE (requested): mul_mm_id (grouped GPU / ALU)  [grouped path]
ds4: prefill quant scales (ANE env first): w_qscale=512 x_qscale=32 mid_qscale=32 w_scale=0.00195312 x_scale=0.03125 mid_scale=0.03125
ds4: prefill ctx-grow: on, block=2048 tokens
ds4: prefill chunk cap: 1024, graph_raw_cap=8704
ds4: Flash-MoE slot banks allocated: layers=43 slots=99 gpu-bank=28734.75 MiB
ds4: prefill compute: routed experts = ANE i8i8 (W8A8) | dense proj = fp16-NAX (half x half)
ds4: prefill I/O: io-split=4 async-pread=on pread-threads=4 readahead=12 bank-prefetch=3 xlayer=auto<=6k-tok topk=49
ds4: decode  I/O: io-split=4 temporal-prefetch=on slots=99
ds4: Flash-MoE banked kernels using M5 simdgroup_matrix fast path (prefetch=3, banks=4)
ds4: prefill chunk cap EFFECTIVE=1024 tokens (DS4_METAL_PREFILL_CHUNK=1024) (resident-NAX tiles this by scratch_cap; that tile gates the sync bridge)
ds4: ANE i8w-i8x-tiled-fused cached async prefill B=256 H=4096 I=2048 w_scale=0.00195312 x_scale=0.03125 mid_scale=0.03125
processing 8423 input tokens: 0/8423 (0.0%) batch=0.00 t/s avg=0.00 t/s
ds4: Flash-MoE prefill layer=0 tokens=1024 unique=256 refs=6144 sync=30.141 ms plan=0.588 ms stage/compute=152.581 ms misses=256
ds4: Flash-MoE hybrid prefill layer=0 ane_groups=0 ane_refs=0 gpu_i8_groups=0 gpu_i8_refs=0 fp32_groups=0 ane_min_refs=256 concurrent=1 ane_pipeline=1 output_queue=4 async_ane=0 gpu_overlap=0 finishes=0 waits=0
ds4: Flash-MoE overlap plan layer=0 exec_groups=256 planned_ane_groups=0 planned_ane_refs=0 planned_gpu_groups=256 planned_gpu_refs=6144 tail_gpu_groups=0 tail_gpu_refs=0 planned_ssd_groups=256 est_gpu=22528.0 est_ane=0.0 est_idle=100.00% wall=151.465 ms actual_ane_groups=0 actual_ane_refs=0 actual_gpu_groups=0 actual_gpu_refs=0 finishes=0 waits=0 overlap_gpu_groups=0
ds4: gpu chunked prefill pos=0 tokens=1024 layer 0 encode=185.334 ms execute=5.009 ms
ds4: Flash-MoE prefill layer=1 tokens=1024 unique=256 refs=6144 sync=12.321 ms plan=0.298 ms stage/compute=147.287 ms misses=256
ds4: Flash-MoE hybrid prefill layer=1 ane_groups=0 ane_refs=0 gpu_i8_groups=0 gpu_i8_refs=0 fp32_groups=0 ane_min_refs=256 concurrent=1 ane_pipeline=1 output_queue=4 async_ane=0 gpu_overlap=0 finishes=0 waits=0
ds4: Flash-MoE overlap plan layer=1 exec_groups=256 planned_ane_groups=0 planned_ane_refs=0 planned_gpu_groups=256 planned_gpu_refs=6144 tail_gpu_groups=0 tail_gpu_refs=0 planned_ssd_groups=256 est_gpu=22528.0 est_ane=0.0 est_idle=100.00% wall=146.838 ms actual_ane_groups=0 actual_ane_refs=0 actual_gpu_groups=0 actual_gpu_refs=0 finishes=0 waits=0 overlap_gpu_groups=0
ds4: gpu chunked prefill pos=0 tokens=1024 layer 1 encode=160.488 ms execute=2.607 ms
ds4: Flash-MoE prefill layer=2 tokens=1024 unique=256 refs=6144 sync=21.782 ms plan=0.357 ms stage/compute=147.970 ms misses=256
ds4: Flash-MoE hybrid prefill layer=2 ane_groups=0 ane_refs=0 gpu_i8_groups=0 gpu_i8_refs=0 fp32_groups=0 ane_min_refs=256 concurrent=1 ane_pipeline=1 output_queue=4 async_ane=0 gpu_overlap=0 finishes=0 waits=0
ds4: Flash-MoE overlap plan layer=2 exec_groups=256 planned_ane_groups=0 planned_ane_refs=0 planned_gpu_groups=256 planned_gpu_refs=6144 tail_gpu_groups=0 tail_gpu_refs=0 planned_ssd_groups=256 est_gpu=22528.0 est_ane=0.0 est_idle=100.00% wall=147.583 ms actual_ane_groups=0 actual_ane_refs=0 actual_gpu_groups=0 actual_gpu_refs=0 finishes=0 waits=0 overlap_gpu_groups=0
ds4: gpu chunked prefill pos=0 tokens=1024 layer 2 encode=171.384 ms execute=2.639 ms
ds4: Flash-MoE prefill layer=3 tokens=1024 unique=232 refs=6144 sync=14.582 ms plan=0.353 ms stage/compute=119.290 ms misses=232
ds4: Flash-MoE hybrid prefill layer=3 ane_groups=2 ane_refs=987 gpu_i8_groups=0 gpu_i8_refs=0 fp32_groups=0 ane_min_refs=256 concurrent=1 ane_pipeline=1 output_queue=4 async_ane=2 gpu_overlap=230 finishes=2 waits=4
ds4: Flash-MoE overlap plan layer=3 exec_groups=232 planned_ane_groups=2 planned_ane_refs=987 planned_gpu_groups=230 planned_gpu_refs=5157 tail_gpu_groups=0 tail_gpu_refs=0 planned_ssd_groups=232 est_gpu=19877.0 est_ane=332.9 est_idle=98.33% wall=118.899 ms actual_ane_groups=2 actual_ane_refs=987 actual_gpu_groups=0 actual_gpu_refs=0 finishes=2 waits=4 overlap_gpu_groups=230
ds4: Flash-MoE async pread canceled queued=0 reading=0 ready=5 finished=0
ds4: gpu chunked prefill pos=0 tokens=1024 layer 3 encode=135.231 ms execute=2.609 ms
ds4: Flash-MoE prefill layer=4 tokens=1024 unique=201 refs=6144 sync=20.345 ms plan=0.326 ms stage/compute=101.354 ms misses=201
ds4: Flash-MoE hybrid prefill layer=4 ane_groups=2 ane_refs=991 gpu_i8_groups=0 gpu_i8_refs=0 fp32_groups=0 ane_min_refs=256 concurrent=1 ane_pipeline=1 output_queue=4 async_ane=2 gpu_overlap=199 finishes=2 waits=4
ds4: Flash-MoE overlap plan layer=4 exec_groups=201 planned_ane_groups=2 planned_ane_refs=991 planned_gpu_groups=199 planned_gpu_refs=5153 tail_gpu_groups=0 tail_gpu_refs=0 planned_ssd_groups=201 est_gpu=17889.0 est_ane=330.3 est_idle=98.15% wall=101.008 ms actual_ane_groups=2 actual_ane_refs=991 actual_gpu_groups=0 actual_gpu_refs=0 finishes=2 waits=4 overlap_gpu_groups=199
ds4: Flash-MoE async pread canceled queued=0 reading=0 ready=18 finished=0
ds4: gpu chunked prefill pos=0 tokens=1024 layer 4 encode=122.729 ms execute=2.602 ms
ds4: Flash-MoE prefill layer=5 tokens=1024 unique=230 refs=6144 sync=14.547 ms plan=0.327 ms stage/compute=115.884 ms misses=230
ds4: Flash-MoE hybrid prefill layer=5 ane_groups=1 ane_refs=827 gpu_i8_groups=0 gpu_i8_refs=0 fp32_groups=0 ane_min_refs=256 concurrent=1 ane_pipeline=1 output_queue=4 async_ane=1 gpu_overlap=229 finishes=1 waits=2
ds4: Flash-MoE overlap plan layer=5 exec_groups=230 planned_ane_groups=1 planned_ane_refs=827 planned_gpu_groups=229 planned_gpu_refs=5317 tail_gpu_groups=0 tail_gpu_refs=0 planned_ssd_groups=230 est_gpu=19973.0 est_ane=170.3 est_idle=99.15% wall=115.513 ms actual_ane_groups=1 actual_ane_refs=827 actual_gpu_groups=0 actual_gpu_refs=0 finishes=1 waits=2 overlap_gpu_groups=229
ds4: Flash-MoE async pread canceled queued=0 reading=0 ready=25 finished=0
ds4: gpu chunked prefill pos=0 tokens=1024 layer 5 encode=131.297 ms execute=2.960 ms
ds4: Flash-MoE prefill layer=6 tokens=1024 unique=217 refs=6144 sync=20.395 ms plan=0.300 ms stage/compute=108.165 ms misses=217
ds4: Flash-MoE hybrid prefill layer=6 ane_groups=2 ane_refs=859 gpu_i8_groups=0 gpu_i8_refs=0 fp32_groups=0 ane_min_refs=256 concurrent=1 ane_pipeline=1 output_queue=4 async_ane=2 gpu_overlap=215 finishes=2 waits=4
ds4: Flash-MoE overlap plan layer=6 exec_groups=217 planned_ane_groups=2 planned_ane_refs=859 planned_gpu_groups=215 planned_gpu_refs=5285 tail_gpu_groups=0 tail_gpu_refs=0 planned_ssd_groups=217 est_gpu=19045.0 est_ane=332.9 est_idle=98.25% wall=107.811 ms actual_ane_groups=2 actual_ane_refs=859 actual_gpu_groups=0 actual_gpu_refs=0 finishes=2 waits=4 overlap_gpu_groups=215
ds4: Flash-MoE async pread canceled queued=0 reading=0 ready=34 finished=0
ds4: gpu chunked prefill pos=0 tokens=1024 layer 6 encode=129.540 ms execute=2.520 ms
ds4: Flash-MoE prefill layer=7 tokens=1024 unique=223 refs=6144 sync=14.626 ms plan=0.301 ms stage/compute=103.782 ms misses=223
ds4: Flash-MoE hybrid prefill layer=7 ane_groups=3 ane_refs=2041 gpu_i8_groups=0 gpu_i8_refs=0 fp32_groups=0 ane_min_refs=256 concurrent=1 ane_pipeline=1 output_queue=4 async_ane=3 gpu_overlap=220 finishes=3 waits=6
ds4: Flash-MoE overlap plan layer=7 exec_groups=223 planned_ane_groups=3 planned_ane_refs=2041 planned_gpu_groups=220 planned_gpu_refs=4103 tail_gpu_groups=0 tail_gpu_refs=0 planned_ssd_groups=223 est_gpu=18183.0 est_ane=503.3 est_idle=97.23% wall=103.419 ms actual_ane_groups=3 actual_ane_refs=2041 actual_gpu_groups=0 actual_gpu_refs=0 finishes=3 waits=6 overlap_gpu_groups=220
ds4: Flash-MoE async pread canceled queued=0 reading=0 ready=41 finished=0
ds4: gpu chunked prefill pos=0 tokens=1024 layer 7 encode=119.267 ms execute=2.638 ms
ds4: Flash-MoE prefill layer=8 tokens=1024 unique=204 refs=6144 sync=20.344 ms plan=0.351 ms stage/compute=101.927 ms misses=204
ds4: Flash-MoE hybrid prefill layer=8 ane_groups=4 ane_refs=2022 gpu_i8_groups=0 gpu_i8_refs=0 fp32_groups=0 ane_min_refs=256 concurrent=1 ane_pipeline=1 output_queue=4 async_ane=4 gpu_overlap=200 finishes=4 waits=8
ds4: Flash-MoE overlap plan layer=8 exec_groups=204 planned_ane_groups=4 planned_ane_refs=2022 planned_gpu_groups=200 planned_gpu_refs=4122 tail_gpu_groups=0 tail_gpu_refs=0 planned_ssd_groups=204 est_gpu=16922.0 est_ane=665.9 est_idle=96.07% wall=101.553 ms actual_ane_groups=4 actual_ane_refs=2022 actual_gpu_groups=0 actual_gpu_refs=0 finishes=4 waits=8 overlap_gpu_groups=200
ds4: Flash-MoE async pread canceled queued=0 reading=0 ready=54 finished=0
ds4: gpu chunked prefill pos=0 tokens=1024 layer 8 encode=123.316 ms execute=2.612 ms
ds4: Flash-MoE prefill layer=9 tokens=1024 unique=221 refs=6144 sync=14.494 ms plan=0.275 ms stage/compute=112.462 ms misses=221
ds4: Flash-MoE hybrid prefill layer=9 ane_groups=1 ane_refs=623 gpu_i8_groups=0 gpu_i8_refs=0 fp32_groups=0 ane_min_refs=256 concurrent=1 ane_pipeline=1 output_queue=4 async_ane=1 gpu_overlap=220 finishes=1 waits=2
ds4: Flash-MoE overlap plan layer=9 exec_groups=221 planned_ane_groups=1 planned_ane_refs=623 planned_gpu_groups=220 planned_gpu_refs=5521 tail_gpu_groups=0 tail_gpu_refs=0 planned_ssd_groups=221 est_gpu=19601.0 est_ane=167.8 est_idle=99.14% wall=112.107 ms actual_ane_groups=1 actual_ane_refs=623 actual_gpu_groups=0 actual_gpu_refs=0 finishes=1 waits=2 overlap_gpu_groups=220
ds4: Flash-MoE async pread canceled queued=0 reading=0 ready=65 finished=0
ds4: gpu chunked prefill pos=0 tokens=1024 layer 9 encode=127.743 ms execute=2.533 ms
ds4: Flash-MoE prefill layer=10 tokens=1024 unique=210 refs=6144 sync=20.582 ms plan=0.359 ms stage/compute=110.497 ms misses=210
ds4: Flash-MoE hybrid prefill layer=10 ane_groups=1 ane_refs=350 gpu_i8_groups=0 gpu_i8_refs=0 fp32_groups=0 ane_min_refs=256 concurrent=1 ane_pipeline=1 output_queue=4 async_ane=1 gpu_overlap=209 finishes=1 waits=2
ds4: Flash-MoE overlap plan layer=10 exec_groups=210 planned_ane_groups=1 planned_ane_refs=350 planned_gpu_groups=209 planned_gpu_refs=5794 tail_gpu_groups=0 tail_gpu_refs=0 planned_ssd_groups=210 est_gpu=19170.0 est_ane=165.2 est_idle=99.14% wall=110.142 ms actual_ane_groups=1 actual_ane_refs=350 actual_gpu_groups=0 actual_gpu_refs=0 finishes=1 waits=2 overlap_gpu_groups=209
ds4: Flash-MoE async pread canceled queued=0 reading=0 ready=75 finished=0
ds4: gpu chunked prefill pos=0 tokens=1024 layer 10 encode=132.125 ms execute=2.663 ms
ds4: Flash-MoE prefill layer=11 tokens=1024 unique=216 refs=6144 sync=14.554 ms plan=0.310 ms stage/compute=108.998 ms misses=216
ds4: Flash-MoE hybrid prefill layer=11 ane_groups=2 ane_refs=973 gpu_i8_groups=0 gpu_i8_refs=0 fp32_groups=0 ane_min_refs=256 concurrent=1 ane_pipeline=1 output_queue=4 async_ane=2 gpu_overlap=214 finishes=2 waits=4
ds4: Flash-MoE overlap plan layer=11 exec_groups=216 planned_ane_groups=2 planned_ane_refs=973 planned_gpu_groups=214 planned_gpu_refs=5171 tail_gpu_groups=0 tail_gpu_refs=0 planned_ssd_groups=216 est_gpu=18867.0 est_ane=332.9 est_idle=98.24% wall=108.651 ms actual_ane_groups=2 actual_ane_refs=973 actual_gpu_groups=0 actual_gpu_refs=0 finishes=2 waits=4 overlap_gpu_groups=214
ds4: Flash-MoE async pread canceled queued=0 reading=0 ready=84 finished=0
ds4: gpu chunked prefill pos=0 tokens=1024 layer 11 encode=124.857 ms execute=2.592 ms
ds4: Flash-MoE prefill layer=12 tokens=1024 unique=196 refs=6144 sync=20.293 ms plan=0.313 ms stage/compute=97.946 ms misses=196
ds4: Flash-MoE hybrid prefill layer=12 ane_groups=2 ane_refs=859 gpu_i8_groups=0 gpu_i8_refs=0 fp32_groups=0 ane_min_refs=256 concurrent=1 ane_pipeline=1 output_queue=4 async_ane=2 gpu_overlap=194 finishes=2 waits=4
ds4: Flash-MoE overlap plan layer=12 exec_groups=196 planned_ane_groups=2 planned_ane_refs=859 planned_gpu_groups=194 planned_gpu_refs=5285 tail_gpu_groups=0 tail_gpu_refs=0 planned_ssd_groups=196 est_gpu=17701.0 est_ane=332.9 est_idle=98.12% wall=97.617 ms actual_ane_groups=2 actual_ane_refs=859 actual_gpu_groups=0 actual_gpu_refs=0 finishes=2 waits=4 overlap_gpu_groups=194
ds4: Flash-MoE async pread canceled queued=0 reading=0 ready=96 finished=0
ds4: gpu chunked prefill pos=0 tokens=1024 layer 12 encode=119.247 ms execute=2.561 ms
ds4: Flash-MoE prefill layer=13 tokens=1024 unique=211 refs=6144 sync=15.306 ms plan=0.304 ms stage/compute=102.953 ms misses=211
ds4: Flash-MoE hybrid prefill layer=13 ane_groups=4 ane_refs=1859 gpu_i8_groups=0 gpu_i8_refs=0 fp32_groups=0 ane_min_refs=256 concurrent=1 ane_pipeline=1 output_queue=4 async_ane=4 gpu_overlap=207 finishes=4 waits=8
ds4: Flash-MoE overlap plan layer=13 exec_groups=211 planned_ane_groups=4 planned_ane_refs=1859 planned_gpu_groups=207 planned_gpu_refs=4285 tail_gpu_groups=0 tail_gpu_refs=0 planned_ssd_groups=211 est_gpu=17533.0 est_ane=665.9 est_idle=96.20% wall=102.605 ms actual_ane_groups=4 actual_ane_refs=1859 actual_gpu_groups=0 actual_gpu_refs=0 finishes=4 waits=8 overlap_gpu_groups=207
ds4: Flash-MoE async pread canceled queued=0 reading=0 ready=102 finished=0
ds4: gpu chunked prefill pos=0 tokens=1024 layer 13 encode=119.101 ms execute=2.618 ms
ds4: Flash-MoE prefill layer=14 tokens=1024 unique=199 refs=6144 sync=20.492 ms plan=0.320 ms stage/compute=97.837 ms misses=199
ds4: Flash-MoE hybrid prefill layer=14 ane_groups=3 ane_refs=1177 gpu_i8_groups=0 gpu_i8_refs=0 fp32_groups=0 ane_min_refs=256 concurrent=1 ane_pipeline=1 output_queue=4 async_ane=3 gpu_overlap=196 finishes=3 waits=6
ds4: Flash-MoE overlap plan layer=14 exec_groups=199 planned_ane_groups=3 planned_ane_refs=1177 planned_gpu_groups=196 planned_gpu_refs=4967 tail_gpu_groups=0 tail_gpu_refs=0 planned_ssd_groups=199 est_gpu=17511.0 est_ane=495.5 est_idle=97.17% wall=97.505 ms actual_ane_groups=3 actual_ane_refs=1177 actual_gpu_groups=0 actual_gpu_refs=0 finishes=3 waits=6 overlap_gpu_groups=196
ds4: Flash-MoE async pread canceled queued=0 reading=0 ready=113 finished=0
ds4: gpu chunked prefill pos=0 tokens=1024 layer 14 encode=119.351 ms execute=2.634 ms
ds4: Flash-MoE prefill layer=15 tokens=1024 unique=204 refs=6144 sync=14.626 ms plan=0.306 ms stage/compute=100.958 ms misses=204
ds4: Flash-MoE hybrid prefill layer=15 ane_groups=2 ane_refs=850 gpu_i8_groups=0 gpu_i8_refs=0 fp32_groups=0 ane_min_refs=256 concurrent=1 ane_pipeline=1 output_queue=4 async_ane=2 gpu_overlap=202 finishes=2 waits=4
ds4: Flash-MoE overlap plan layer=15 exec_groups=204 planned_ane_groups=2 planned_ane_refs=850 planned_gpu_groups=202 planned_gpu_refs=5294 tail_gpu_groups=0 tail_gpu_refs=0 planned_ssd_groups=204 est_gpu=18222.0 est_ane=330.3 est_idle=98.19% wall=100.616 ms actual_ane_groups=2 actual_ane_refs=850 actual_gpu_groups=0 actual_gpu_refs=0 finishes=2 waits=4 overlap_gpu_groups=202
ds4: Flash-MoE async pread canceled queued=0 reading=0 ready=119 finished=0
ds4: gpu chunked prefill pos=0 tokens=1024 layer 15 encode=116.413 ms execute=2.575 ms
ds4: Flash-MoE prefill layer=16 tokens=1024 unique=203 refs=6144 sync=20.503 ms plan=0.291 ms stage/compute=103.042 ms misses=203
ds4: Flash-MoE hybrid prefill layer=16 ane_groups=1 ane_refs=458 gpu_i8_groups=0 gpu_i8_refs=0 fp32_groups=0 ane_min_refs=256 concurrent=1 ane_pipeline=1 output_queue=4 async_ane=1 gpu_overlap=202 finishes=1 waits=2
ds4: Flash-MoE overlap plan layer=16 exec_groups=203 planned_ane_groups=1 planned_ane_refs=458 planned_gpu_groups=202 planned_gpu_refs=5686 tail_gpu_groups=0 tail_gpu_refs=0 planned_ssd_groups=203 est_gpu=18614.0 est_ane=165.2 est_idle=99.11% wall=102.707 ms actual_ane_groups=1 actual_ane_refs=458 actual_gpu_groups=0 actual_gpu_refs=0 finishes=1 waits=2 overlap_gpu_groups=202
ds4: Flash-MoE async pread canceled queued=0 reading=0 ready=129 finished=0
ds4: gpu chunked prefill pos=0 tokens=1024 layer 16 encode=124.516 ms execute=2.527 ms
ds4: Flash-MoE prefill layer=17 tokens=1024 unique=200 refs=6144 sync=14.666 ms plan=0.303 ms stage/compute=102.740 ms misses=200
ds4: Flash-MoE hybrid prefill layer=17 ane_groups=2 ane_refs=931 gpu_i8_groups=0 gpu_i8_refs=0 fp32_groups=0 ane_min_refs=256 concurrent=1 ane_pipeline=1 output_queue=4 async_ane=2 gpu_overlap=198 finishes=2 waits=4
ds4: Flash-MoE overlap plan layer=17 exec_groups=200 planned_ane_groups=2 planned_ane_refs=931 planned_gpu_groups=198 planned_gpu_refs=5213 tail_gpu_groups=0 tail_gpu_refs=0 planned_ssd_groups=200 est_gpu=17885.0 est_ane=332.9 est_idle=98.14% wall=102.388 ms actual_ane_groups=2 actual_ane_refs=931 actual_gpu_groups=0 actual_gpu_refs=0 finishes=2 waits=4 overlap_gpu_groups=198
ds4: Flash-MoE async pread canceled queued=0 reading=0 ready=134 finished=0
ds4: gpu chunked prefill pos=0 tokens=1024 layer 17 encode=118.228 ms execute=2.594 ms
ds4: Flash-MoE prefill layer=18 tokens=1024 unique=196 refs=6144 sync=20.547 ms plan=0.311 ms stage/compute=99.352 ms misses=196
ds4: Flash-MoE hybrid prefill layer=18 ane_groups=2 ane_refs=968 gpu_i8_groups=0 gpu_i8_refs=0 fp32_groups=0 ane_min_refs=256 concurrent=1 ane_pipeline=1 output_queue=4 async_ane=2 gpu_overlap=194 finishes=2 waits=4
ds4: Flash-MoE overlap plan layer=18 exec_groups=196 planned_ane_groups=2 planned_ane_refs=968 planned_gpu_groups=194 planned_gpu_refs=5176 tail_gpu_groups=0 tail_gpu_refs=0 planned_ssd_groups=196 est_gpu=17592.0 est_ane=332.9 est_idle=98.11% wall=99.015 ms actual_ane_groups=2 actual_ane_refs=968 actual_gpu_groups=0 actual_gpu_refs=0 finishes=2 waits=4 overlap_gpu_groups=194
ds4: Flash-MoE async pread canceled queued=0 reading=0 ready=152 finished=0
ds4: gpu chunked prefill pos=0 tokens=1024 layer 18 encode=120.937 ms execute=2.616 ms
ds4: Flash-MoE prefill layer=19 tokens=1024 unique=213 refs=6144 sync=14.635 ms plan=0.304 ms stage/compute=112.931 ms misses=213
ds4: Flash-MoE hybrid prefill layer=19 ane_groups=1 ane_refs=305 gpu_i8_groups=0 gpu_i8_refs=0 fp32_groups=0 ane_min_refs=256 concurrent=1 ane_pipeline=1 output_queue=4 async_ane=1 gpu_overlap=212 finishes=1 waits=2
ds4: Flash-MoE overlap plan layer=19 exec_groups=213 planned_ane_groups=1 planned_ane_refs=305 planned_gpu_groups=212 planned_gpu_refs=5839 tail_gpu_groups=0 tail_gpu_refs=0 planned_ssd_groups=213 est_gpu=19407.0 est_ane=165.2 est_idle=99.15% wall=112.578 ms actual_ane_groups=1 actual_ane_refs=305 actual_gpu_groups=0 actual_gpu_refs=0 finishes=1 waits=2 overlap_gpu_groups=212
ds4: Flash-MoE async pread canceled queued=0 reading=0 ready=163 finished=0
ds4: gpu chunked prefill pos=0 tokens=1024 layer 19 encode=128.434 ms execute=2.513 ms
ds4: Flash-MoE prefill layer=20 tokens=1024 unique=205 refs=6144 sync=20.471 ms plan=0.330 ms stage/compute=109.441 ms misses=205
ds4: Flash-MoE hybrid prefill layer=20 ane_groups=0 ane_refs=0 gpu_i8_groups=0 gpu_i8_refs=0 fp32_groups=0 ane_min_refs=256 concurrent=1 ane_pipeline=1 output_queue=4 async_ane=0 gpu_overlap=0 finishes=0 waits=0
ds4: Flash-MoE overlap plan layer=20 exec_groups=205 planned_ane_groups=0 planned_ane_refs=0 planned_gpu_groups=205 planned_gpu_refs=6144 tail_gpu_groups=0 tail_gpu_refs=0 planned_ssd_groups=205 est_gpu=19264.0 est_ane=0.0 est_idle=100.00% wall=109.096 ms actual_ane_groups=0 actual_ane_refs=0 actual_gpu_groups=0 actual_gpu_refs=0 finishes=0 waits=0 overlap_gpu_groups=0
ds4: Flash-MoE async pread canceled queued=0 reading=0 ready=172 finished=0
ds4: gpu chunked prefill pos=0 tokens=1024 layer 20 encode=130.963 ms execute=2.574 ms
ds4: Flash-MoE prefill layer=21 tokens=1024 unique=203 refs=6144 sync=14.724 ms plan=0.314 ms stage/compute=106.876 ms misses=203
ds4: Flash-MoE hybrid prefill layer=21 ane_groups=0 ane_refs=0 gpu_i8_groups=0 gpu_i8_refs=0 fp32_groups=0 ane_min_refs=256 concurrent=1 ane_pipeline=1 output_queue=4 async_ane=0 gpu_overlap=0 finishes=0 waits=0
ds4: Flash-MoE overlap plan layer=21 exec_groups=203 planned_ane_groups=0 planned_ane_refs=0 planned_gpu_groups=203 planned_gpu_refs=6144 tail_gpu_groups=0 tail_gpu_refs=0 planned_ssd_groups=203 est_gpu=19136.0 est_ane=0.0 est_idle=100.00% wall=106.543 ms actual_ane_groups=0 actual_ane_refs=0 actual_gpu_groups=0 actual_gpu_refs=0 finishes=0 waits=0 overlap_gpu_groups=0
ds4: Flash-MoE async pread canceled queued=0 reading=0 ready=187 finished=0
ds4: gpu chunked prefill pos=0 tokens=1024 layer 21 encode=122.460 ms execute=2.539 ms
ds4: Flash-MoE prefill layer=22 tokens=1024 unique=218 refs=6144 sync=20.261 ms plan=0.325 ms stage/compute=109.022 ms misses=218
ds4: Flash-MoE hybrid prefill layer=22 ane_groups=2 ane_refs=922 gpu_i8_groups=0 gpu_i8_refs=0 fp32_groups=0 ane_min_refs=256 concurrent=1 ane_pipeline=1 output_queue=4 async_ane=2 gpu_overlap=216 finishes=2 waits=4
ds4: Flash-MoE overlap plan layer=22 exec_groups=218 planned_ane_groups=2 planned_ane_refs=922 planned_gpu_groups=216 planned_gpu_refs=5222 tail_gpu_groups=0 tail_gpu_refs=0 planned_ssd_groups=218 est_gpu=19046.0 est_ane=332.9 est_idle=98.25% wall=108.641 ms actual_ane_groups=2 actual_ane_refs=922 actual_gpu_groups=0 actual_gpu_refs=0 finishes=2 waits=4 overlap_gpu_groups=216
ds4: Flash-MoE async pread canceled queued=0 reading=0 ready=192 finished=0
ds4: gpu chunked prefill pos=0 tokens=1024 layer 22 encode=130.280 ms execute=2.559 ms
ds4: Flash-MoE prefill layer=23 tokens=1024 unique=215 refs=6144 sync=14.516 ms plan=0.359 ms stage/compute=112.014 ms misses=215
ds4: Flash-MoE hybrid prefill layer=23 ane_groups=0 ane_refs=0 gpu_i8_groups=0 gpu_i8_refs=0 fp32_groups=0 ane_min_refs=256 concurrent=1 ane_pipeline=1 output_queue=4 async_ane=0 gpu_overlap=0 finishes=0 waits=0
ds4: Flash-MoE overlap plan layer=23 exec_groups=215 planned_ane_groups=0 planned_ane_refs=0 planned_gpu_groups=215 planned_gpu_refs=6144 tail_gpu_groups=0 tail_gpu_refs=0 planned_ssd_groups=215 est_gpu=19904.0 est_ane=0.0 est_idle=100.00% wall=111.659 ms actual_ane_groups=0 actual_ane_refs=0 actual_gpu_groups=0 actual_gpu_refs=0 finishes=0 waits=0 overlap_gpu_groups=0
ds4: Flash-MoE async pread canceled queued=0 reading=0 ready=202 finished=0
ds4: gpu chunked prefill pos=0 tokens=1024 layer 23 encode=127.410 ms execute=2.637 ms
ds4: Flash-MoE prefill layer=24 tokens=1024 unique=197 refs=6144 sync=20.522 ms plan=0.317 ms stage/compute=104.057 ms misses=197
ds4: Flash-MoE hybrid prefill layer=24 ane_groups=2 ane_refs=1035 gpu_i8_groups=0 gpu_i8_refs=0 fp32_groups=0 ane_min_refs=256 concurrent=1 ane_pipeline=1 output_queue=4 async_ane=2 gpu_overlap=195 finishes=2 waits=4
ds4: Flash-MoE overlap plan layer=24 exec_groups=197 planned_ane_groups=2 planned_ane_refs=1035 planned_gpu_groups=195 planned_gpu_refs=5109 tail_gpu_groups=0 tail_gpu_refs=0 planned_ssd_groups=197 est_gpu=17589.0 est_ane=332.9 est_idle=98.11% wall=103.729 ms actual_ane_groups=2 actual_ane_refs=1035 actual_gpu_groups=0 actual_gpu_refs=0 finishes=2 waits=4 overlap_gpu_groups=195
ds4: Flash-MoE async pread canceled queued=0 reading=0 ready=210 finished=0
ds4: gpu chunked prefill pos=0 tokens=1024 layer 24 encode=125.559 ms execute=2.587 ms
ds4: Flash-MoE prefill layer=25 tokens=1024 unique=223 refs=6144 sync=14.346 ms plan=0.324 ms stage/compute=112.873 ms misses=223
ds4: Flash-MoE hybrid prefill layer=25 ane_groups=2 ane_refs=1194 gpu_i8_groups=0 gpu_i8_refs=0 fp32_groups=0 ane_min_refs=256 concurrent=1 ane_pipeline=1 output_queue=4 async_ane=2 gpu_overlap=221 finishes=2 waits=4
ds4: Flash-MoE overlap plan layer=25 exec_groups=223 planned_ane_groups=2 planned_ane_refs=1194 planned_gpu_groups=221 planned_gpu_refs=4950 tail_gpu_groups=0 tail_gpu_refs=0 planned_ssd_groups=223 est_gpu=19094.0 est_ane=335.5 est_idle=98.24% wall=112.516 ms actual_ane_groups=2 actual_ane_refs=1194 actual_gpu_groups=0 actual_gpu_refs=0 finishes=2 waits=4 overlap_gpu_groups=221
ds4: Flash-MoE async pread canceled queued=0 reading=0 ready=217 finished=0
ds4: gpu chunked prefill pos=0 tokens=1024 layer 25 encode=127.979 ms execute=2.591 ms
ds4: Flash-MoE prefill layer=26 tokens=1024 unique=194 refs=6144 sync=20.174 ms plan=0.324 ms stage/compute=95.620 ms misses=194
ds4: Flash-MoE hybrid prefill layer=26 ane_groups=3 ane_refs=1878 gpu_i8_groups=0 gpu_i8_refs=0 fp32_groups=0 ane_min_refs=256 concurrent=1 ane_pipeline=1 output_queue=4 async_ane=3 gpu_overlap=191 finishes=3 waits=6
ds4: Flash-MoE overlap plan layer=26 exec_groups=194 planned_ane_groups=3 planned_ane_refs=1878 planned_gpu_groups=191 planned_gpu_refs=4266 tail_gpu_groups=0 tail_gpu_refs=0 planned_ssd_groups=194 est_gpu=16490.0 est_ane=503.3 est_idle=96.95% wall=95.272 ms actual_ane_groups=3 actual_ane_refs=1878 actual_gpu_groups=0 actual_gpu_refs=0 finishes=3 waits=6 overlap_gpu_groups=191
ds4: Flash-MoE async pread canceled queued=0 reading=0 ready=230 finished=0
ds4: gpu chunked prefill pos=0 tokens=1024 layer 26 encode=116.777 ms execute=2.670 ms
ds4: Flash-MoE prefill layer=27 tokens=1024 unique=222 refs=6144 sync=14.498 ms plan=0.368 ms stage/compute=109.449 ms misses=222
ds4: Flash-MoE hybrid prefill layer=27 ane_groups=2 ane_refs=1317 gpu_i8_groups=0 gpu_i8_refs=0 fp32_groups=0 ane_min_refs=256 concurrent=1 ane_pipeline=1 output_queue=4 async_ane=2 gpu_overlap=220 finishes=2 waits=4
ds4: Flash-MoE overlap plan layer=27 exec_groups=222 planned_ane_groups=2 planned_ane_refs=1317 planned_gpu_groups=220 planned_gpu_refs=4827 tail_gpu_groups=0 tail_gpu_refs=0 planned_ssd_groups=222 est_gpu=18907.0 est_ane=335.5 est_idle=98.23% wall=109.097 ms actual_ane_groups=2 actual_ane_refs=1317 actual_gpu_groups=0 actual_gpu_refs=0 finishes=2 waits=4 overlap_gpu_groups=220
ds4: Flash-MoE async pread canceled queued=0 reading=0 ready=236 finished=0
ds4: gpu chunked prefill pos=0 tokens=1024 layer 27 encode=124.864 ms execute=2.639 ms
ds4: Flash-MoE prefill layer=28 tokens=1024 unique=214 refs=6144 sync=20.325 ms plan=0.371 ms stage/compute=106.894 ms misses=214
ds4: Flash-MoE hybrid prefill layer=28 ane_groups=2 ane_refs=1503 gpu_i8_groups=0 gpu_i8_refs=0 fp32_groups=0 ane_min_refs=256 concurrent=1 ane_pipeline=1 output_queue=4 async_ane=2 gpu_overlap=212 finishes=2 waits=4
ds4: Flash-MoE overlap plan layer=28 exec_groups=214 planned_ane_groups=2 planned_ane_refs=1503 planned_gpu_groups=212 planned_gpu_refs=4641 tail_gpu_groups=0 tail_gpu_refs=0 planned_ssd_groups=214 est_gpu=18209.0 est_ane=338.1 est_idle=98.14% wall=106.496 ms actual_ane_groups=2 actual_ane_refs=1503 actual_gpu_groups=0 actual_gpu_refs=0 finishes=2 waits=4 overlap_gpu_groups=212
ds4: Flash-MoE async pread canceled queued=0 reading=0 ready=244 finished=0
ds4: gpu chunked prefill pos=0 tokens=1024 layer 28 encode=128.271 ms execute=2.594 ms
ds4: Flash-MoE prefill layer=29 tokens=1024 unique=209 refs=6144 sync=14.571 ms plan=0.301 ms stage/compute=102.840 ms misses=209
ds4: Flash-MoE hybrid prefill layer=29 ane_groups=2 ane_refs=1411 gpu_i8_groups=0 gpu_i8_refs=0 fp32_groups=0 ane_min_refs=256 concurrent=1 ane_pipeline=1 output_queue=4 async_ane=2 gpu_overlap=207 finishes=2 waits=4
ds4: Flash-MoE overlap plan layer=29 exec_groups=209 planned_ane_groups=2 planned_ane_refs=1411 planned_gpu_groups=207 planned_gpu_refs=4733 tail_gpu_groups=0 tail_gpu_refs=0 planned_ssd_groups=209 est_gpu=17981.0 est_ane=338.1 est_idle=98.12% wall=102.505 ms actual_ane_groups=2 actual_ane_refs=1411 actual_gpu_groups=0 actual_gpu_refs=0 finishes=2 waits=4 overlap_gpu_groups=207
ds4: Flash-MoE async pread canceled queued=0 reading=0 ready=252 finished=0
ds4: gpu chunked prefill pos=0 tokens=1024 layer 29 encode=118.218 ms execute=2.599 ms
ds4: Flash-MoE prefill layer=30 tokens=1024 unique=206 refs=6144 sync=20.391 ms plan=0.356 ms stage/compute=103.685 ms misses=206
ds4: Flash-MoE hybrid prefill layer=30 ane_groups=3 ane_refs=1001 gpu_i8_groups=0 gpu_i8_refs=0 fp32_groups=0 ane_min_refs=256 concurrent=1 ane_pipeline=1 output_queue=4 async_ane=3 gpu_overlap=203 finishes=3 waits=6
ds4: Flash-MoE overlap plan layer=30 exec_groups=206 planned_ane_groups=3 planned_ane_refs=1001 planned_gpu_groups=203 planned_gpu_refs=5143 tail_gpu_groups=0 tail_gpu_refs=0 planned_ssd_groups=206 est_gpu=18135.0 est_ane=495.5 est_idle=97.27% wall=103.318 ms actual_ane_groups=3 actual_ane_refs=1001 actual_gpu_groups=0 actual_gpu_refs=0 finishes=3 waits=6 overlap_gpu_groups=203
ds4: Flash-MoE async pread canceled queued=0 reading=0 ready=261 finished=0
ds4: gpu chunked prefill pos=0 tokens=1024 layer 30 encode=125.055 ms execute=2.573 ms
ds4: Flash-MoE prefill layer=31 tokens=1024 unique=223 refs=6144 sync=14.432 ms plan=0.328 ms stage/compute=112.696 ms misses=223
ds4: Flash-MoE hybrid prefill layer=31 ane_groups=2 ane_refs=863 gpu_i8_groups=0 gpu_i8_refs=0 fp32_groups=0 ane_min_refs=256 concurrent=1 ane_pipeline=1 output_queue=4 async_ane=2 gpu_overlap=221 finishes=2 waits=4
ds4: Flash-MoE overlap plan layer=31 exec_groups=223 planned_ane_groups=2 planned_ane_refs=863 planned_gpu_groups=221 planned_gpu_refs=5281 tail_gpu_groups=0 tail_gpu_refs=0 planned_ssd_groups=223 est_gpu=19425.0 est_ane=332.9 est_idle=98.29% wall=112.340 ms actual_ane_groups=2 actual_ane_refs=863 actual_gpu_groups=0 actual_gpu_refs=0 finishes=2 waits=4 overlap_gpu_groups=221
ds4: Flash-MoE async pread canceled queued=0 reading=0 ready=270 finished=0
ds4: gpu chunked prefill pos=0 tokens=1024 layer 31 encode=127.930 ms execute=2.550 ms
ds4: Flash-MoE prefill layer=32 tokens=1024 unique=210 refs=6144 sync=20.845 ms plan=0.303 ms stage/compute=106.417 ms misses=210
ds4: Flash-MoE hybrid prefill layer=32 ane_groups=2 ane_refs=832 gpu_i8_groups=0 gpu_i8_refs=0 fp32_groups=0 ane_min_refs=256 concurrent=1 ane_pipeline=1 output_queue=4 async_ane=2 gpu_overlap=208 finishes=2 waits=4
ds4: Flash-MoE overlap plan layer=32 exec_groups=210 planned_ane_groups=2 planned_ane_refs=832 planned_gpu_groups=208 planned_gpu_refs=5312 tail_gpu_groups=0 tail_gpu_refs=0 planned_ssd_groups=210 est_gpu=18624.0 est_ane=332.9 est_idle=98.21% wall=106.027 ms actual_ane_groups=2 actual_ane_refs=832 actual_gpu_groups=0 actual_gpu_refs=0 finishes=2 waits=4 overlap_gpu_groups=208
ds4: Flash-MoE async pread canceled queued=0 reading=0 ready=278 finished=0
ds4: gpu chunked prefill pos=0 tokens=1024 layer 32 encode=128.207 ms execute=2.558 ms
ds4: Flash-MoE prefill layer=33 tokens=1024 unique=220 refs=6144 sync=14.588 ms plan=0.299 ms stage/compute=108.359 ms misses=220
ds4: Flash-MoE hybrid prefill layer=33 ane_groups=2 ane_refs=1278 gpu_i8_groups=0 gpu_i8_refs=0 fp32_groups=0 ane_min_refs=256 concurrent=1 ane_pipeline=1 output_queue=4 async_ane=2 gpu_overlap=218 finishes=2 waits=4
ds4: Flash-MoE overlap plan layer=33 exec_groups=220 planned_ane_groups=2 planned_ane_refs=1278 planned_gpu_groups=218 planned_gpu_refs=4866 tail_gpu_groups=0 tail_gpu_refs=0 planned_ssd_groups=220 est_gpu=18818.0 est_ane=335.5 est_idle=98.22% wall=108.002 ms actual_ane_groups=2 actual_ane_refs=1278 actual_gpu_groups=0 actual_gpu_refs=0 finishes=2 waits=4 overlap_gpu_groups=218
ds4: Flash-MoE async pread canceled queued=0 reading=0 ready=287 finished=0
ds4: gpu chunked prefill pos=0 tokens=1024 layer 33 encode=123.764 ms execute=2.639 ms
ds4: Flash-MoE prefill layer=34 tokens=1024 unique=205 refs=6144 sync=20.371 ms plan=0.310 ms stage/compute=104.481 ms misses=205
ds4: Flash-MoE hybrid prefill layer=34 ane_groups=1 ane_refs=992 gpu_i8_groups=0 gpu_i8_refs=0 fp32_groups=0 ane_min_refs=256 concurrent=1 ane_pipeline=1 output_queue=4 async_ane=1 gpu_overlap=204 finishes=1 waits=2
ds4: Flash-MoE overlap plan layer=34 exec_groups=205 planned_ane_groups=1 planned_ane_refs=992 planned_gpu_groups=204 planned_gpu_refs=5152 tail_gpu_groups=0 tail_gpu_refs=0 planned_ssd_groups=205 est_gpu=18208.0 est_ane=170.3 est_idle=99.06% wall=104.144 ms actual_ane_groups=1 actual_ane_refs=992 actual_gpu_groups=0 actual_gpu_refs=0 finishes=1 waits=2 overlap_gpu_groups=204
ds4: Flash-MoE async pread canceled queued=0 reading=0 ready=295 finished=0
ds4: gpu chunked prefill pos=0 tokens=1024 layer 34 encode=125.823 ms execute=2.749 ms
ds4: Flash-MoE prefill layer=35 tokens=1024 unique=220 refs=6144 sync=14.579 ms plan=0.310 ms stage/compute=112.895 ms misses=220
ds4: Flash-MoE hybrid prefill layer=35 ane_groups=2 ane_refs=684 gpu_i8_groups=0 gpu_i8_refs=0 fp32_groups=0 ane_min_refs=256 concurrent=1 ane_pipeline=1 output_queue=4 async_ane=2 gpu_overlap=218 finishes=2 waits=4
ds4: Flash-MoE overlap plan layer=35 exec_groups=220 planned_ane_groups=2 planned_ane_refs=684 planned_gpu_groups=218 planned_gpu_refs=5460 tail_gpu_groups=0 tail_gpu_refs=0 planned_ssd_groups=220 est_gpu=19412.0 est_ane=330.3 est_idle=98.30% wall=112.533 ms actual_ane_groups=2 actual_ane_refs=684 actual_gpu_groups=0 actual_gpu_refs=0 finishes=2 waits=4 overlap_gpu_groups=218
ds4: Flash-MoE async pread canceled queued=0 reading=0 ready=300 finished=0
ds4: gpu chunked prefill pos=0 tokens=1024 layer 35 encode=128.306 ms execute=2.510 ms
ds4: Flash-MoE prefill layer=36 tokens=1024 unique=206 refs=6144 sync=20.258 ms plan=0.317 ms stage/compute=101.144 ms misses=206
ds4: Flash-MoE hybrid prefill layer=36 ane_groups=2 ane_refs=1617 gpu_i8_groups=0 gpu_i8_refs=0 fp32_groups=0 ane_min_refs=256 concurrent=1 ane_pipeline=1 output_queue=4 async_ane=2 gpu_overlap=204 finishes=2 waits=4
ds4: Flash-MoE overlap plan layer=36 exec_groups=206 planned_ane_groups=2 planned_ane_refs=1617 planned_gpu_groups=204 planned_gpu_refs=4527 tail_gpu_groups=0 tail_gpu_refs=0 planned_ssd_groups=206 est_gpu=17583.0 est_ane=338.1 est_idle=98.08% wall=100.800 ms actual_ane_groups=2 actual_ane_refs=1617 actual_gpu_groups=0 actual_gpu_refs=0 finishes=2 waits=4 overlap_gpu_groups=204
ds4: Flash-MoE async pread canceled queued=0 reading=0 ready=309 finished=0
ds4: gpu chunked prefill pos=0 tokens=1024 layer 36 encode=122.353 ms execute=2.699 ms
ds4: Flash-MoE prefill layer=37 tokens=1024 unique=223 refs=6144 sync=14.354 ms plan=0.355 ms stage/compute=108.090 ms misses=223
ds4: Flash-MoE hybrid prefill layer=37 ane_groups=2 ane_refs=1327 gpu_i8_groups=0 gpu_i8_refs=0 fp32_groups=0 ane_min_refs=256 concurrent=1 ane_pipeline=1 output_queue=4 async_ane=2 gpu_overlap=221 finishes=2 waits=4
ds4: Flash-MoE overlap plan layer=37 exec_groups=223 planned_ane_groups=2 planned_ane_refs=1327 planned_gpu_groups=221 planned_gpu_refs=4817 tail_gpu_groups=0 tail_gpu_refs=0 planned_ssd_groups=223 est_gpu=18961.0 est_ane=335.5 est_idle=98.23% wall=107.730 ms actual_ane_groups=2 actual_ane_refs=1327 actual_gpu_groups=0 actual_gpu_refs=0 finishes=2 waits=4 overlap_gpu_groups=221
ds4: Flash-MoE async pread canceled queued=0 reading=0 ready=319 finished=0
ds4: gpu chunked prefill pos=0 tokens=1024 layer 37 encode=123.325 ms execute=2.663 ms
ds4: Flash-MoE prefill layer=38 tokens=1024 unique=203 refs=6144 sync=20.473 ms plan=0.302 ms stage/compute=99.074 ms misses=203
ds4: Flash-MoE hybrid prefill layer=38 ane_groups=3 ane_refs=1777 gpu_i8_groups=0 gpu_i8_refs=0 fp32_groups=0 ane_min_refs=256 concurrent=1 ane_pipeline=1 output_queue=4 async_ane=3 gpu_overlap=200 finishes=3 waits=6
ds4: Flash-MoE overlap plan layer=38 exec_groups=203 planned_ane_groups=3 planned_ane_refs=1777 planned_gpu_groups=200 planned_gpu_refs=4367 tail_gpu_groups=0 tail_gpu_refs=0 planned_ssd_groups=203 est_gpu=17167.0 est_ane=503.3 est_idle=97.07% wall=98.739 ms actual_ane_groups=3 actual_ane_refs=1777 actual_gpu_groups=0 actual_gpu_refs=0 finishes=3 waits=6 overlap_gpu_groups=200
ds4: Flash-MoE async pread canceled queued=0 reading=0 ready=327 finished=0
ds4: gpu chunked prefill pos=0 tokens=1024 layer 38 encode=120.521 ms execute=2.698 ms
ds4: Flash-MoE prefill layer=39 tokens=1024 unique=206 refs=6144 sync=14.959 ms plan=0.287 ms stage/compute=106.269 ms misses=206
ds4: Flash-MoE hybrid prefill layer=39 ane_groups=2 ane_refs=1150 gpu_i8_groups=0 gpu_i8_refs=0 fp32_groups=0 ane_min_refs=256 concurrent=1 ane_pipeline=1 output_queue=4 async_ane=2 gpu_overlap=204 finishes=2 waits=4
ds4: Flash-MoE overlap plan layer=39 exec_groups=206 planned_ane_groups=2 planned_ane_refs=1150 planned_gpu_groups=204 planned_gpu_refs=4994 tail_gpu_groups=0 tail_gpu_refs=0 planned_ssd_groups=206 est_gpu=18050.0 est_ane=335.5 est_idle=98.14% wall=105.928 ms actual_ane_groups=2 actual_ane_refs=1150 actual_gpu_groups=0 actual_gpu_refs=0 finishes=2 waits=4 overlap_gpu_groups=204
ds4: Flash-MoE async pread canceled queued=0 reading=0 ready=338 finished=0
ds4: gpu chunked prefill pos=0 tokens=1024 layer 39 encode=122.051 ms execute=2.585 ms
ds4: Flash-MoE prefill layer=40 tokens=1024 unique=188 refs=6144 sync=20.248 ms plan=0.340 ms stage/compute=89.079 ms misses=188
ds4: Flash-MoE hybrid prefill layer=40 ane_groups=4 ane_refs=2255 gpu_i8_groups=0 gpu_i8_refs=0 fp32_groups=0 ane_min_refs=256 concurrent=1 ane_pipeline=1 output_queue=4 async_ane=4 gpu_overlap=184 finishes=4 waits=8
ds4: Flash-MoE overlap plan layer=40 exec_groups=188 planned_ane_groups=4 planned_ane_refs=2255 planned_gpu_groups=184 planned_gpu_refs=3889 tail_gpu_groups=0 tail_gpu_refs=0 planned_ssd_groups=188 est_gpu=15665.0 est_ane=665.9 est_idle=95.75% wall=88.749 ms actual_ane_groups=4 actual_ane_refs=2255 actual_gpu_groups=0 actual_gpu_refs=0 finishes=4 waits=8 overlap_gpu_groups=184
ds4: Flash-MoE async pread canceled queued=0 reading=0 ready=349 finished=0
ds4: gpu chunked prefill pos=0 tokens=1024 layer 40 encode=110.380 ms execute=2.556 ms
ds4: Flash-MoE prefill layer=41 tokens=1024 unique=191 refs=6144 sync=14.574 ms plan=0.289 ms stage/compute=96.110 ms misses=191
ds4: Flash-MoE hybrid prefill layer=41 ane_groups=3 ane_refs=1507 gpu_i8_groups=0 gpu_i8_refs=0 fp32_groups=0 ane_min_refs=256 concurrent=1 ane_pipeline=1 output_queue=4 async_ane=3 gpu_overlap=188 finishes=3 waits=6
ds4: Flash-MoE overlap plan layer=41 exec_groups=191 planned_ane_groups=3 planned_ane_refs=1507 planned_gpu_groups=188 planned_gpu_refs=4637 tail_gpu_groups=0 tail_gpu_refs=0 planned_ssd_groups=191 est_gpu=16669.0 est_ane=500.7 est_idle=97.00% wall=95.782 ms actual_ane_groups=3 actual_ane_refs=1507 actual_gpu_groups=0 actual_gpu_refs=0 finishes=3 waits=6 overlap_gpu_groups=188
ds4: Flash-MoE async pread canceled queued=0 reading=0 ready=359 finished=0
ds4: gpu chunked prefill pos=0 tokens=1024 layer 41 encode=111.449 ms execute=2.541 ms
ds4: Flash-MoE prefill layer=42 tokens=1024 unique=206 refs=6144 sync=20.241 ms plan=0.287 ms stage/compute=101.325 ms misses=206
ds4: Flash-MoE hybrid prefill layer=42 ane_groups=3 ane_refs=1414 gpu_i8_groups=0 gpu_i8_refs=0 fp32_groups=0 ane_min_refs=256 concurrent=1 ane_pipeline=1 output_queue=4 async_ane=3 gpu_overlap=203 finishes=3 waits=6
ds4: Flash-MoE overlap plan layer=42 exec_groups=206 planned_ane_groups=3 planned_ane_refs=1414 planned_gpu_groups=203 planned_gpu_refs=4730 tail_gpu_groups=0 tail_gpu_refs=0 planned_ssd_groups=206 est_gpu=17722.0 est_ane=498.1 est_idle=97.19% wall=100.989 ms actual_ane_groups=3 actual_ane_refs=1414 actual_gpu_groups=0 actual_gpu_refs=0 finishes=3 waits=6 overlap_gpu_groups=203
ds4: Flash-MoE async pread canceled queued=0 reading=0 ready=368 finished=0
ds4: gpu chunked prefill pos=0 tokens=1024 layer 42 encode=122.507 ms execute=2.536 ms
processing 8423 input tokens: 1024/8423 (12.2%) batch=183.07 t/s avg=172.97 t/s
ds4: Flash-MoE prefill layer=0 tokens=1024 unique=256 refs=6144 sync=12.189 ms plan=0.288 ms stage/compute=148.715 ms misses=256
ds4: Flash-MoE hybrid prefill layer=0 ane_groups=0 ane_refs=0 gpu_i8_groups=0 gpu_i8_refs=0 fp32_groups=0 ane_min_refs=256 concurrent=1 ane_pipeline=1 output_queue=4 async_ane=0 gpu_overlap=0 finishes=0 waits=0
ds4: Flash-MoE overlap plan layer=0 exec_groups=256 planned_ane_groups=0 planned_ane_refs=0 planned_gpu_groups=256 planned_gpu_refs=6144 tail_gpu_groups=0 tail_gpu_refs=0 planned_ssd_groups=256 est_gpu=22528.0 est_ane=0.0 est_idle=100.00% wall=148.330 ms actual_ane_groups=0 actual_ane_refs=0 actual_gpu_groups=0 actual_gpu_refs=0 finishes=0 waits=0 overlap_gpu_groups=0
ds4: Flash-MoE async pread canceled queued=0 reading=0 ready=368 finished=0
ds4: gpu chunked prefill pos=1024 tokens=1024 layer 0 encode=161.592 ms execute=2.633 ms
ds4: Flash-MoE prefill layer=1 tokens=1024 unique=256 refs=6144 sync=12.565 ms plan=0.326 ms stage/compute=148.806 ms misses=256
ds4: Flash-MoE hybrid prefill layer=1 ane_groups=0 ane_refs=0 gpu_i8_groups=0 gpu_i8_refs=0 fp32_groups=0 ane_min_refs=256 concurrent=1 ane_pipeline=1 output_queue=4 async_ane=0 gpu_overlap=0 finishes=0 waits=0
ds4: Flash-MoE overlap plan layer=1 exec_groups=256 planned_ane_groups=0 planned_ane_refs=0 planned_gpu_groups=256 planned_gpu_refs=6144 tail_gpu_groups=0 tail_gpu_refs=0 planned_ssd_groups=256 est_gpu=22528.0 est_ane=0.0 est_idle=100.00% wall=148.361 ms actual_ane_groups=0 actual_ane_refs=0 actual_gpu_groups=0 actual_gpu_refs=0 finishes=0 waits=0 overlap_gpu_groups=0
ds4: Flash-MoE async pread canceled queued=0 reading=0 ready=368 finished=0
ds4: gpu chunked prefill pos=1024 tokens=1024 layer 1 encode=162.199 ms execute=2.637 ms
ds4: Flash-MoE prefill layer=2 tokens=1024 unique=256 refs=6144 sync=23.652 ms plan=0.371 ms stage/compute=147.556 ms misses=256
ds4: Flash-MoE hybrid prefill layer=2 ane_groups=0 ane_refs=0 gpu_i8_groups=0 gpu_i8_refs=0 fp32_groups=0 ane_min_refs=256 concurrent=1 ane_pipeline=1 output_queue=4 async_ane=0 gpu_overlap=0 finishes=0 waits=0
ds4: Flash-MoE overlap plan layer=2 exec_groups=256 planned_ane_groups=0 planned_ane_refs=0 planned_gpu_groups=256 planned_gpu_refs=6144 tail_gpu_groups=0 tail_gpu_refs=0 planned_ssd_groups=256 est_gpu=22528.0 est_ane=0.0 est_idle=100.00% wall=147.143 ms actual_ane_groups=0 actual_ane_refs=0 actual_gpu_groups=0 actual_gpu_refs=0 finishes=0 waits=0 overlap_gpu_groups=0
ds4: Flash-MoE async pread canceled queued=0 reading=0 ready=368 finished=0
ds4: gpu chunked prefill pos=1024 tokens=1024 layer 2 encode=172.339 ms execute=2.602 ms
ds4: Flash-MoE prefill layer=3 tokens=1024 unique=231 refs=6144 sync=14.621 ms plan=0.318 ms stage/compute=123.753 ms misses=231
ds4: Flash-MoE hybrid prefill layer=3 ane_groups=1 ane_refs=535 gpu_i8_groups=0 gpu_i8_refs=0 fp32_groups=0 ane_min_refs=256 concurrent=1 ane_pipeline=1 output_queue=4 async_ane=1 gpu_overlap=230 finishes=1 waits=2
ds4: Flash-MoE overlap plan layer=3 exec_groups=231 planned_ane_groups=1 planned_ane_refs=535 planned_gpu_groups=230 planned_gpu_refs=5609 tail_gpu_groups=0 tail_gpu_refs=0 planned_ssd_groups=231 est_gpu=20329.0 est_ane=167.8 est_idle=99.17% wall=123.372 ms actual_ane_groups=1 actual_ane_refs=535 actual_gpu_groups=0 actual_gpu_refs=0 finishes=1 waits=2 overlap_gpu_groups=230
ds4: Flash-MoE async pread canceled queued=0 reading=0 ready=373 finished=0
ds4: gpu chunked prefill pos=1024 tokens=1024 layer 3 encode=139.216 ms execute=2.506 ms
ds4: Flash-MoE prefill layer=4 tokens=1024 unique=220 refs=6144 sync=23.167 ms plan=0.416 ms stage/compute=116.562 ms misses=220
ds4: Flash-MoE hybrid prefill layer=4 ane_groups=1 ane_refs=370 gpu_i8_groups=0 gpu_i8_refs=0 fp32_groups=0 ane_min_refs=256 concurrent=1 ane_pipeline=1 output_queue=4 async_ane=1 gpu_overlap=219 finishes=1 waits=2
ds4: Flash-MoE overlap plan layer=4 exec_groups=220 planned_ane_groups=1 planned_ane_refs=370 planned_gpu_groups=219 planned_gpu_refs=5774 tail_gpu_groups=0 tail_gpu_refs=0 planned_ssd_groups=220 est_gpu=19790.0 est_ane=165.2 est_idle=99.17% wall=116.178 ms actual_ane_groups=1 actual_ane_refs=370 actual_gpu_groups=0 actual_gpu_refs=0 finishes=1 waits=2 overlap_gpu_groups=219
ds4: Flash-MoE async pread canceled queued=0 reading=0 ready=382 finished=0
ds4: gpu chunked prefill pos=1024 tokens=1024 layer 4 encode=140.785 ms execute=2.545 ms
ds4: Flash-MoE prefill layer=5 tokens=1024 unique=236 refs=6144 sync=14.634 ms plan=0.353 ms stage/compute=122.609 ms misses=236
ds4: Flash-MoE hybrid prefill layer=5 ane_groups=1 ane_refs=718 gpu_i8_groups=0 gpu_i8_refs=0 fp32_groups=0 ane_min_refs=256 concurrent=1 ane_pipeline=1 output_queue=4 async_ane=1 gpu_overlap=235 finishes=1 waits=2
ds4: Flash-MoE overlap plan layer=5 exec_groups=236 planned_ane_groups=1 planned_ane_refs=718 planned_gpu_groups=235 planned_gpu_refs=5426 tail_gpu_groups=0 tail_gpu_refs=0 planned_ssd_groups=236 est_gpu=20466.0 est_ane=167.8 est_idle=99.18% wall=122.244 ms actual_ane_groups=1 actual_ane_refs=718 actual_gpu_groups=0 actual_gpu_refs=0 finishes=1 waits=2 overlap_gpu_groups=235
ds4: Flash-MoE async pread canceled queued=0 reading=0 ready=387 finished=0
ds4: gpu chunked prefill pos=1024 tokens=1024 layer 5 encode=138.127 ms execute=2.573 ms
ds4: Flash-MoE prefill layer=6 tokens=1024 unique=225 refs=6144 sync=23.438 ms plan=0.347 ms stage/compute=119.833 ms misses=225
ds4: Flash-MoE hybrid prefill layer=6 ane_groups=1 ane_refs=512 gpu_i8_groups=0 gpu_i8_refs=0 fp32_groups=0 ane_min_refs=256 concurrent=1 ane_pipeline=1 output_queue=4 async_ane=1 gpu_overlap=224 finishes=1 waits=2
ds4: Flash-MoE overlap plan layer=6 exec_groups=225 planned_ane_groups=1 planned_ane_refs=512 planned_gpu_groups=224 planned_gpu_refs=5632 tail_gpu_groups=0 tail_gpu_refs=0 planned_ssd_groups=225 est_gpu=19968.0 est_ane=165.2 est_idle=99.17% wall=119.460 ms actual_ane_groups=1 actual_ane_refs=512 actual_gpu_groups=0 actual_gpu_refs=0 finishes=1 waits=2 overlap_gpu_groups=224
ds4: Flash-MoE async pread canceled queued=0 reading=0 ready=392 finished=0
ds4: gpu chunked prefill pos=1024 tokens=1024 layer 6 encode=144.491 ms execute=2.551 ms
ds4: Flash-MoE prefill layer=7 tokens=1024 unique=231 refs=6144 sync=14.558 ms plan=0.371 ms stage/compute=115.025 ms misses=231
ds4: Flash-MoE hybrid prefill layer=7 ane_groups=4 ane_refs=1733 gpu_i8_groups=0 gpu_i8_refs=0 fp32_groups=0 ane_min_refs=256 concurrent=1 ane_pipeline=1 output_queue=4 async_ane=4 gpu_overlap=227 finishes=4 waits=8
ds4: Flash-MoE overlap plan layer=7 exec_groups=231 planned_ane_groups=4 planned_ane_refs=1733 planned_gpu_groups=227 planned_gpu_refs=4411 tail_gpu_groups=0 tail_gpu_refs=0 planned_ssd_groups=231 est_gpu=18939.0 est_ane=665.9 est_idle=96.48% wall=114.617 ms actual_ane_groups=4 actual_ane_refs=1733 actual_gpu_groups=0 actual_gpu_refs=0 finishes=4 waits=8 overlap_gpu_groups=227
ds4: Flash-MoE async pread canceled queued=0 reading=0 ready=398 finished=0
ds4: gpu chunked prefill pos=1024 tokens=1024 layer 7 encode=130.505 ms execute=2.699 ms
ds4: Flash-MoE prefill layer=8 tokens=1024 unique=229 refs=6144 sync=23.266 ms plan=0.302 ms stage/compute=119.727 ms misses=229
ds4: Flash-MoE hybrid prefill layer=8 ane_groups=2 ane_refs=1074 gpu_i8_groups=0 gpu_i8_refs=0 fp32_groups=0 ane_min_refs=256 concurrent=1 ane_pipeline=1 output_queue=4 async_ane=2 gpu_overlap=227 finishes=2 waits=4
ds4: Flash-MoE overlap plan layer=8 exec_groups=229 planned_ane_groups=2 planned_ane_refs=1074 planned_gpu_groups=227 planned_gpu_refs=5070 tail_gpu_groups=0 tail_gpu_refs=0 planned_ssd_groups=229 est_gpu=19598.0 est_ane=332.9 est_idle=98.30% wall=119.372 ms actual_ane_groups=2 actual_ane_refs=1074 actual_gpu_groups=0 actual_gpu_refs=0 finishes=2 waits=4 overlap_gpu_groups=227
ds4: Flash-MoE async pread canceled queued=0 reading=0 ready=405 finished=0
ds4: gpu chunked prefill pos=1024 tokens=1024 layer 8 encode=143.898 ms execute=2.578 ms
ds4: Flash-MoE prefill layer=9 tokens=1024 unique=240 refs=6144 sync=14.568 ms plan=0.345 ms stage/compute=123.718 ms misses=240
ds4: Flash-MoE hybrid prefill layer=9 ane_groups=1 ane_refs=518 gpu_i8_groups=0 gpu_i8_refs=0 fp32_groups=0 ane_min_refs=256 concurrent=1 ane_pipeline=1 output_queue=4 async_ane=1 gpu_overlap=239 finishes=1 waits=2
ds4: Flash-MoE overlap plan layer=9 exec_groups=240 planned_ane_groups=1 planned_ane_refs=518 planned_gpu_groups=239 planned_gpu_refs=5626 tail_gpu_groups=0 tail_gpu_refs=0 planned_ssd_groups=240 est_gpu=20922.0 est_ane=167.8 est_idle=99.20% wall=123.317 ms actual_ane_groups=1 actual_ane_refs=518 actual_gpu_groups=0 actual_gpu_refs=0 finishes=1 waits=2 overlap_gpu_groups=239
ds4: Flash-MoE async pread canceled queued=0 reading=0 ready=409 finished=0
ds4: gpu chunked prefill pos=1024 tokens=1024 layer 9 encode=139.190 ms execute=2.530 ms
ds4: Flash-MoE prefill layer=10 tokens=1024 unique=227 refs=6144 sync=23.274 ms plan=0.322 ms stage/compute=120.136 ms misses=227
ds4: Flash-MoE hybrid prefill layer=10 ane_groups=1 ane_refs=261 gpu_i8_groups=0 gpu_i8_refs=0 fp32_groups=0 ane_min_refs=256 concurrent=1 ane_pipeline=1 output_queue=4 async_ane=1 gpu_overlap=226 finishes=1 waits=2
ds4: Flash-MoE overlap plan layer=10 exec_groups=227 planned_ane_groups=1 planned_ane_refs=261 planned_gpu_groups=226 planned_gpu_refs=5883 tail_gpu_groups=0 tail_gpu_refs=0 planned_ssd_groups=227 est_gpu=20347.0 est_ane=165.2 est_idle=99.19% wall=119.780 ms actual_ane_groups=1 actual_ane_refs=261 actual_gpu_groups=0 actual_gpu_refs=0 finishes=1 waits=2 overlap_gpu_groups=226
ds4: Flash-MoE async pread canceled queued=0 reading=0 ready=417 finished=0
ds4: gpu chunked prefill pos=1024 tokens=1024 layer 10 encode=144.443 ms execute=2.530 ms
ds4: Flash-MoE prefill layer=11 tokens=1024 unique=231 refs=6144 sync=14.611 ms plan=0.288 ms stage/compute=120.533 ms misses=231
ds4: Flash-MoE hybrid prefill layer=11 ane_groups=1 ane_refs=454 gpu_i8_groups=0 gpu_i8_refs=0 fp32_groups=0 ane_min_refs=256 concurrent=1 ane_pipeline=1 output_queue=4 async_ane=1 gpu_overlap=230 finishes=1 waits=2
ds4: Flash-MoE overlap plan layer=11 exec_groups=231 planned_ane_groups=1 planned_ane_refs=454 planned_gpu_groups=230 planned_gpu_refs=5690 tail_gpu_groups=0 tail_gpu_refs=0 planned_ssd_groups=231 est_gpu=20410.0 est_ane=165.2 est_idle=99.19% wall=120.160 ms actual_ane_groups=1 actual_ane_refs=454 actual_gpu_groups=0 actual_gpu_refs=0 finishes=1 waits=2 overlap_gpu_groups=230
ds4: Flash-MoE async pread canceled queued=0 reading=0 ready=422 finished=0
ds4: gpu chunked prefill pos=1024 tokens=1024 layer 11 encode=135.984 ms execute=2.549 ms
ds4: Flash-MoE prefill layer=12 tokens=1024 unique=205 refs=6144 sync=23.336 ms plan=0.353 ms stage/compute=106.990 ms misses=205
ds4: Flash-MoE hybrid prefill layer=12 ane_groups=1 ane_refs=292 gpu_i8_groups=0 gpu_i8_refs=0 fp32_groups=0 ane_min_refs=256 concurrent=1 ane_pipeline=1 output_queue=4 async_ane=1 gpu_overlap=204 finishes=1 waits=2
ds4: Flash-MoE overlap plan layer=12 exec_groups=205 planned_ane_groups=1 planned_ane_refs=292 planned_gpu_groups=204 planned_gpu_refs=5852 tail_gpu_groups=0 tail_gpu_refs=0 planned_ssd_groups=205 est_gpu=18908.0 est_ane=165.2 est_idle=99.13% wall=106.626 ms actual_ane_groups=1 actual_ane_refs=292 actual_gpu_groups=0 actual_gpu_refs=0 finishes=1 waits=2 overlap_gpu_groups=204
ds4: Flash-MoE async pread canceled queued=0 reading=0 ready=434 finished=0
ds4: gpu chunked prefill pos=1024 tokens=1024 layer 12 encode=131.494 ms execute=2.669 ms
ds4: Flash-MoE prefill layer=13 tokens=1024 unique=214 refs=6144 sync=14.742 ms plan=0.339 ms stage/compute=108.536 ms misses=214
ds4: Flash-MoE hybrid prefill layer=13 ane_groups=3 ane_refs=1127 gpu_i8_groups=0 gpu_i8_refs=0 fp32_groups=0 ane_min_refs=256 concurrent=1 ane_pipeline=1 output_queue=4 async_ane=3 gpu_overlap=211 finishes=3 waits=6
ds4: Flash-MoE overlap plan layer=13 exec_groups=214 planned_ane_groups=3 planned_ane_refs=1127 planned_gpu_groups=211 planned_gpu_refs=5017 tail_gpu_groups=0 tail_gpu_refs=0 planned_ssd_groups=214 est_gpu=18521.0 est_ane=495.5 est_idle=97.32% wall=108.199 ms actual_ane_groups=3 actual_ane_refs=1127 actual_gpu_groups=0 actual_gpu_refs=0 finishes=3 waits=6 overlap_gpu_groups=211
ds4: Flash-MoE async pread canceled queued=0 reading=0 ready=439 finished=0
ds4: gpu chunked prefill pos=1024 tokens=1024 layer 13 encode=124.166 ms execute=2.547 ms
ds4: Flash-MoE prefill layer=14 tokens=1024 unique=204 refs=6144 sync=23.321 ms plan=0.338 ms stage/compute=105.535 ms misses=204
ds4: Flash-MoE hybrid prefill layer=14 ane_groups=2 ane_refs=659 gpu_i8_groups=0 gpu_i8_refs=0 fp32_groups=0 ane_min_refs=256 concurrent=1 ane_pipeline=1 output_queue=4 async_ane=2 gpu_overlap=202 finishes=2 waits=4
ds4: Flash-MoE overlap plan layer=14 exec_groups=204 planned_ane_groups=2 planned_ane_refs=659 planned_gpu_groups=202 planned_gpu_refs=5485 tail_gpu_groups=0 tail_gpu_refs=0 planned_ssd_groups=204 est_gpu=18413.0 est_ane=330.3 est_idle=98.21% wall=105.161 ms actual_ane_groups=2 actual_ane_refs=659 actual_gpu_groups=0 actual_gpu_refs=0 finishes=2 waits=4 overlap_gpu_groups=202
ds4: Flash-MoE async pread canceled queued=0 reading=0 ready=453 finished=0
ds4: gpu chunked prefill pos=1024 tokens=1024 layer 14 encode=130.024 ms execute=2.522 ms
ds4: Flash-MoE prefill layer=15 tokens=1024 unique=203 refs=6144 sync=14.535 ms plan=0.319 ms stage/compute=106.657 ms misses=203
ds4: Flash-MoE hybrid prefill layer=15 ane_groups=3 ane_refs=831 gpu_i8_groups=0 gpu_i8_refs=0 fp32_groups=0 ane_min_refs=256 concurrent=1 ane_pipeline=1 output_queue=4 async_ane=3 gpu_overlap=200 finishes=3 waits=6
ds4: Flash-MoE overlap plan layer=15 exec_groups=203 planned_ane_groups=3 planned_ane_refs=831 planned_gpu_groups=200 planned_gpu_refs=5313 tail_gpu_groups=0 tail_gpu_refs=0 planned_ssd_groups=203 est_gpu=18113.0 est_ane=495.5 est_idle=97.26% wall=106.306 ms actual_ane_groups=3 actual_ane_refs=831 actual_gpu_groups=0 actual_gpu_refs=0 finishes=3 waits=6 overlap_gpu_groups=200
ds4: Flash-MoE async pread canceled queued=0 reading=0 ready=462 finished=0
ds4: gpu chunked prefill pos=1024 tokens=1024 layer 15 encode=122.096 ms execute=2.544 ms
ds4: Flash-MoE prefill layer=16 tokens=1024 unique=205 refs=6144 sync=23.344 ms plan=0.372 ms stage/compute=108.656 ms misses=205
ds4: Flash-MoE hybrid prefill layer=16 ane_groups=1 ane_refs=513 gpu_i8_groups=0 gpu_i8_refs=0 fp32_groups=0 ane_min_refs=256 concurrent=1 ane_pipeline=1 output_queue=4 async_ane=1 gpu_overlap=204 finishes=1 waits=2
ds4: Flash-MoE overlap plan layer=16 exec_groups=205 planned_ane_groups=1 planned_ane_refs=513 planned_gpu_groups=204 planned_gpu_refs=5631 tail_gpu_groups=0 tail_gpu_refs=0 planned_ssd_groups=205 est_gpu=18687.0 est_ane=167.8 est_idle=99.10% wall=108.316 ms actual_ane_groups=1 actual_ane_refs=513 actual_gpu_groups=0 actual_gpu_refs=0 finishes=1 waits=2 overlap_gpu_groups=204
ds4: Flash-MoE async pread canceled queued=0 reading=0 ready=473 finished=0
ds4: gpu chunked prefill pos=1024 tokens=1024 layer 16 encode=133.056 ms execute=2.570 ms
ds4: Flash-MoE prefill layer=17 tokens=1024 unique=208 refs=6144 sync=14.561 ms plan=0.363 ms stage/compute=107.701 ms misses=208
ds4: Flash-MoE hybrid prefill layer=17 ane_groups=2 ane_refs=646 gpu_i8_groups=0 gpu_i8_refs=0 fp32_groups=0 ane_min_refs=256 concurrent=1 ane_pipeline=1 output_queue=4 async_ane=2 gpu_overlap=206 finishes=2 waits=4
ds4: Flash-MoE overlap plan layer=17 exec_groups=208 planned_ane_groups=2 planned_ane_refs=646 planned_gpu_groups=206 planned_gpu_refs=5498 tail_gpu_groups=0 tail_gpu_refs=0 planned_ssd_groups=208 est_gpu=18682.0 est_ane=330.3 est_idle=98.23% wall=107.343 ms actual_ane_groups=2 actual_ane_refs=646 actual_gpu_groups=0 actual_gpu_refs=0 finishes=2 waits=4 overlap_gpu_groups=206
ds4: Flash-MoE async pread canceled queued=0 reading=0 ready=479 finished=0
ds4: gpu chunked prefill pos=1024 tokens=1024 layer 17 encode=123.175 ms execute=2.574 ms
ds4: Flash-MoE prefill layer=18 tokens=1024 unique=205 refs=6144 sync=23.374 ms plan=0.304 ms stage/compute=104.708 ms misses=205
ds4: Flash-MoE hybrid prefill layer=18 ane_groups=2 ane_refs=666 gpu_i8_groups=0 gpu_i8_refs=0 fp32_groups=0 ane_min_refs=256 concurrent=1 ane_pipeline=1 output_queue=4 async_ane=2 gpu_overlap=203 finishes=2 waits=4
ds4: Flash-MoE overlap plan layer=18 exec_groups=205 planned_ane_groups=2 planned_ane_refs=666 planned_gpu_groups=203 planned_gpu_refs=5478 tail_gpu_groups=0 tail_gpu_refs=0 planned_ssd_groups=205 est_gpu=18470.0 est_ane=330.3 est_idle=98.21% wall=104.387 ms actual_ane_groups=2 actual_ane_refs=666 actual_gpu_groups=0 actual_gpu_refs=0 finishes=2 waits=4 overlap_gpu_groups=203
ds4: Flash-MoE async pread canceled queued=0 reading=0 ready=491 finished=0
ds4: gpu chunked prefill pos=1024 tokens=1024 layer 18 encode=129.121 ms execute=2.592 ms
ds4: Flash-MoE prefill layer=19 tokens=1024 unique=228 refs=6144 sync=14.512 ms plan=0.321 ms stage/compute=123.932 ms misses=228
ds4: Flash-MoE hybrid prefill layer=19 ane_groups=1 ane_refs=318 gpu_i8_groups=0 gpu_i8_refs=0 fp32_groups=0 ane_min_refs=256 concurrent=1 ane_pipeline=1 output_queue=4 async_ane=1 gpu_overlap=227 finishes=1 waits=2
ds4: Flash-MoE overlap plan layer=19 exec_groups=228 planned_ane_groups=1 planned_ane_refs=318 planned_gpu_groups=227 planned_gpu_refs=5826 tail_gpu_groups=0 tail_gpu_refs=0 planned_ssd_groups=228 est_gpu=20354.0 est_ane=165.2 est_idle=99.19% wall=123.580 ms actual_ane_groups=1 actual_ane_refs=318 actual_gpu_groups=0 actual_gpu_refs=0 finishes=1 waits=2 overlap_gpu_groups=227
ds4: Flash-MoE async pread canceled queued=0 reading=0 ready=496 finished=0
ds4: gpu chunked prefill pos=1024 tokens=1024 layer 19 encode=139.284 ms execute=2.522 ms
ds4: Flash-MoE prefill layer=20 tokens=1024 unique=192 refs=6144 sync=23.275 ms plan=0.440 ms stage/compute=99.646 ms misses=192
ds4: Flash-MoE hybrid prefill layer=20 ane_groups=2 ane_refs=1190 gpu_i8_groups=0 gpu_i8_refs=0 fp32_groups=0 ane_min_refs=256 concurrent=1 ane_pipeline=1 output_queue=4 async_ane=2 gpu_overlap=190 finishes=2 waits=4
ds4: Flash-MoE overlap plan layer=20 exec_groups=192 planned_ane_groups=2 planned_ane_refs=1190 planned_gpu_groups=190 planned_gpu_refs=4954 tail_gpu_groups=0 tail_gpu_refs=0 planned_ssd_groups=192 est_gpu=17114.0 est_ane=335.5 est_idle=98.04% wall=99.298 ms actual_ane_groups=2 actual_ane_refs=1190 actual_gpu_groups=0 actual_gpu_refs=0 finishes=2 waits=4 overlap_gpu_groups=190
ds4: Flash-MoE async pread canceled queued=0 reading=0 ready=506 finished=0
ds4: gpu chunked prefill pos=1024 tokens=1024 layer 20 encode=124.113 ms execute=2.627 ms
ds4: Flash-MoE prefill layer=21 tokens=1024 unique=218 refs=6144 sync=14.532 ms plan=0.320 ms stage/compute=116.127 ms misses=218
ds4: Flash-MoE hybrid prefill layer=21 ane_groups=1 ane_refs=277 gpu_i8_groups=0 gpu_i8_refs=0 fp32_groups=0 ane_min_refs=256 concurrent=1 ane_pipeline=1 output_queue=4 async_ane=1 gpu_overlap=217 finishes=1 waits=2
ds4: Flash-MoE overlap plan layer=21 exec_groups=218 planned_ane_groups=1 planned_ane_refs=277 planned_gpu_groups=217 planned_gpu_refs=5867 tail_gpu_groups=0 tail_gpu_refs=0 planned_ssd_groups=218 est_gpu=19755.0 est_ane=165.2 est_idle=99.16% wall=115.783 ms actual_ane_groups=1 actual_ane_refs=277 actual_gpu_groups=0 actual_gpu_refs=0 finishes=1 waits=2 overlap_gpu_groups=217
ds4: Flash-MoE async pread canceled queued=0 reading=0 ready=513 finished=0
ds4: gpu chunked prefill pos=1024 tokens=1024 layer 21 encode=131.524 ms execute=2.544 ms
ds4: Flash-MoE prefill layer=22 tokens=1024 unique=214 refs=6144 sync=23.222 ms plan=0.321 ms stage/compute=113.900 ms misses=214
ds4: Flash-MoE hybrid prefill layer=22 ane_groups=1 ane_refs=359 gpu_i8_groups=0 gpu_i8_refs=0 fp32_groups=0 ane_min_refs=256 concurrent=1 ane_pipeline=1 output_queue=4 async_ane=1 gpu_overlap=213 finishes=1 waits=2
ds4: Flash-MoE overlap plan layer=22 exec_groups=214 planned_ane_groups=1 planned_ane_refs=359 planned_gpu_groups=213 planned_gpu_refs=5785 tail_gpu_groups=0 tail_gpu_refs=0 planned_ssd_groups=214 est_gpu=19417.0 est_ane=165.2 est_idle=99.15% wall=113.528 ms actual_ane_groups=1 actual_ane_refs=359 actual_gpu_groups=0 actual_gpu_refs=0 finishes=1 waits=2 overlap_gpu_groups=213
ds4: Flash-MoE async pread canceled queued=0 reading=0 ready=520 finished=0
ds4: gpu chunked prefill pos=1024 tokens=1024 layer 22 encode=138.183 ms execute=2.553 ms
ds4: Flash-MoE prefill layer=23 tokens=1024 unique=224 refs=6144 sync=14.435 ms plan=0.330 ms stage/compute=119.883 ms misses=224
ds4: Flash-MoE hybrid prefill layer=23 ane_groups=0 ane_refs=0 gpu_i8_groups=0 gpu_i8_refs=0 fp32_groups=0 ane_min_refs=256 concurrent=1 ane_pipeline=1 output_queue=4 async_ane=0 gpu_overlap=0 finishes=0 waits=0
ds4: Flash-MoE overlap plan layer=23 exec_groups=224 planned_ane_groups=0 planned_ane_refs=0 planned_gpu_groups=224 planned_gpu_refs=6144 tail_gpu_groups=0 tail_gpu_refs=0 planned_ssd_groups=224 est_gpu=20480.0 est_ane=0.0 est_idle=100.00% wall=119.503 ms actual_ane_groups=0 actual_ane_refs=0 actual_gpu_groups=0 actual_gpu_refs=0 finishes=0 waits=0 overlap_gpu_groups=0
ds4: Flash-MoE async pread canceled queued=0 reading=0 ready=525 finished=0
ds4: gpu chunked prefill pos=1024 tokens=1024 layer 23 encode=135.253 ms execute=2.579 ms
ds4: Flash-MoE prefill layer=24 tokens=1024 unique=206 refs=6144 sync=23.162 ms plan=0.348 ms stage/compute=108.471 ms misses=206
ds4: Flash-MoE hybrid prefill layer=24 ane_groups=2 ane_refs=884 gpu_i8_groups=0 gpu_i8_refs=0 fp32_groups=0 ane_min_refs=256 concurrent=1 ane_pipeline=1 output_queue=4 async_ane=2 gpu_overlap=204 finishes=2 waits=4
ds4: Flash-MoE overlap plan layer=24 exec_groups=206 planned_ane_groups=2 planned_ane_refs=884 planned_gpu_groups=204 planned_gpu_refs=5260 tail_gpu_groups=0 tail_gpu_refs=0 planned_ssd_groups=206 est_gpu=18316.0 est_ane=332.9 est_idle=98.18% wall=108.147 ms actual_ane_groups=2 actual_ane_refs=884 actual_gpu_groups=0 actual_gpu_refs=0 finishes=2 waits=4 overlap_gpu_groups=204
ds4: Flash-MoE async pread canceled queued=0 reading=0 ready=532 finished=0
ds4: gpu chunked prefill pos=1024 tokens=1024 layer 24 encode=132.708 ms execute=2.620 ms
ds4: Flash-MoE prefill layer=25 tokens=1024 unique=217 refs=6144 sync=14.497 ms plan=0.272 ms stage/compute=115.494 ms misses=217
ds4: Flash-MoE hybrid prefill layer=25 ane_groups=1 ane_refs=368 gpu_i8_groups=0 gpu_i8_refs=0 fp32_groups=0 ane_min_refs=256 concurrent=1 ane_pipeline=1 output_queue=4 async_ane=1 gpu_overlap=216 finishes=1 waits=2
ds4: Flash-MoE overlap plan layer=25 exec_groups=217 planned_ane_groups=1 planned_ane_refs=368 planned_gpu_groups=216 planned_gpu_refs=5776 tail_gpu_groups=0 tail_gpu_refs=0 planned_ssd_groups=217 est_gpu=19600.0 est_ane=165.2 est_idle=99.16% wall=115.105 ms actual_ane_groups=1 actual_ane_refs=368 actual_gpu_groups=0 actual_gpu_refs=0 finishes=1 waits=2 overlap_gpu_groups=216
ds4: Flash-MoE async pread canceled queued=0 reading=0 ready=541 finished=0
ds4: gpu chunked prefill pos=1024 tokens=1024 layer 25 encode=130.822 ms execute=2.553 ms
ds4: Flash-MoE prefill layer=26 tokens=1024 unique=218 refs=6144 sync=23.277 ms plan=0.326 ms stage/compute=112.722 ms misses=218
ds4: Flash-MoE hybrid prefill layer=26 ane_groups=1 ane_refs=453 gpu_i8_groups=0 gpu_i8_refs=0 fp32_groups=0 ane_min_refs=256 concurrent=1 ane_pipeline=1 output_queue=4 async_ane=1 gpu_overlap=217 finishes=1 waits=2
ds4: Flash-MoE overlap plan layer=26 exec_groups=218 planned_ane_groups=1 planned_ane_refs=453 planned_gpu_groups=217 planned_gpu_refs=5691 tail_gpu_groups=0 tail_gpu_refs=0 planned_ssd_groups=218 est_gpu=19579.0 est_ane=165.2 est_idle=99.16% wall=112.339 ms actual_ane_groups=1 actual_ane_refs=453 actual_gpu_groups=0 actual_gpu_refs=0 finishes=1 waits=2 overlap_gpu_groups=217
ds4: Flash-MoE async pread canceled queued=0 reading=0 ready=546 finished=0
ds4: gpu chunked prefill pos=1024 tokens=1024 layer 26 encode=137.109 ms execute=2.566 ms
ds4: Flash-MoE prefill layer=27 tokens=1024 unique=221 refs=6144 sync=14.526 ms plan=0.309 ms stage/compute=117.766 ms misses=221
ds4: Flash-MoE hybrid prefill layer=27 ane_groups=1 ane_refs=451 gpu_i8_groups=0 gpu_i8_refs=0 fp32_groups=0 ane_min_refs=256 concurrent=1 ane_pipeline=1 output_queue=4 async_ane=1 gpu_overlap=220 finishes=1 waits=2
ds4: Flash-MoE overlap plan layer=27 exec_groups=221 planned_ane_groups=1 planned_ane_refs=451 planned_gpu_groups=220 planned_gpu_refs=5693 tail_gpu_groups=0 tail_gpu_refs=0 planned_ssd_groups=221 est_gpu=19773.0 est_ane=165.2 est_idle=99.16% wall=117.419 ms actual_ane_groups=1 actual_ane_refs=451 actual_gpu_groups=0 actual_gpu_refs=0 finishes=1 waits=2 overlap_gpu_groups=220
ds4: Flash-MoE async pread canceled queued=0 reading=0 ready=549 finished=0
ds4: gpu chunked prefill pos=1024 tokens=1024 layer 27 encode=133.161 ms execute=2.628 ms
ds4: Flash-MoE prefill layer=28 tokens=1024 unique=216 refs=6144 sync=23.436 ms plan=0.302 ms stage/compute=117.125 ms misses=216
ds4: Flash-MoE hybrid prefill layer=28 ane_groups=1 ane_refs=348 gpu_i8_groups=0 gpu_i8_refs=0 fp32_groups=0 ane_min_refs=256 concurrent=1 ane_pipeline=1 output_queue=4 async_ane=1 gpu_overlap=215 finishes=1 waits=2
ds4: Flash-MoE overlap plan layer=28 exec_groups=216 planned_ane_groups=1 planned_ane_refs=348 planned_gpu_groups=215 planned_gpu_refs=5796 tail_gpu_groups=0 tail_gpu_refs=0 planned_ssd_groups=216 est_gpu=19556.0 est_ane=165.2 est_idle=99.16% wall=116.746 ms actual_ane_groups=1 actual_ane_refs=348 actual_gpu_groups=0 actual_gpu_refs=0 finishes=1 waits=2 overlap_gpu_groups=215
ds4: Flash-MoE async pread canceled queued=0 reading=0 ready=560 finished=0
ds4: gpu chunked prefill pos=1024 tokens=1024 layer 28 encode=141.677 ms execute=2.544 ms
ds4: Flash-MoE prefill layer=29 tokens=1024 unique=208 refs=6144 sync=14.558 ms plan=0.342 ms stage/compute=111.037 ms misses=208
ds4: Flash-MoE hybrid prefill layer=29 ane_groups=2 ane_refs=645 gpu_i8_groups=0 gpu_i8_refs=0 fp32_groups=0 ane_min_refs=256 concurrent=1 ane_pipeline=1 output_queue=4 async_ane=2 gpu_overlap=206 finishes=2 waits=4
ds4: Flash-MoE overlap plan layer=29 exec_groups=208 planned_ane_groups=2 planned_ane_refs=645 planned_gpu_groups=206 planned_gpu_refs=5499 tail_gpu_groups=0 tail_gpu_refs=0 planned_ssd_groups=208 est_gpu=18683.0 est_ane=330.3 est_idle=98.23% wall=110.704 ms actual_ane_groups=2 actual_ane_refs=645 actual_gpu_groups=0 actual_gpu_refs=0 finishes=2 waits=4 overlap_gpu_groups=206
ds4: Flash-MoE async pread canceled queued=0 reading=0 ready=574 finished=0
ds4: gpu chunked prefill pos=1024 tokens=1024 layer 29 encode=126.481 ms execute=2.566 ms
ds4: Flash-MoE prefill layer=30 tokens=1024 unique=212 refs=6144 sync=23.134 ms plan=0.369 ms stage/compute=112.110 ms misses=212
ds4: Flash-MoE hybrid prefill layer=30 ane_groups=0 ane_refs=0 gpu_i8_groups=0 gpu_i8_refs=0 fp32_groups=0 ane_min_refs=256 concurrent=1 ane_pipeline=1 output_queue=4 async_ane=0 gpu_overlap=0 finishes=0 waits=0
ds4: Flash-MoE overlap plan layer=30 exec_groups=212 planned_ane_groups=0 planned_ane_refs=0 planned_gpu_groups=212 planned_gpu_refs=6144 tail_gpu_groups=0 tail_gpu_refs=0 planned_ssd_groups=212 est_gpu=19712.0 est_ane=0.0 est_idle=100.00% wall=111.734 ms actual_ane_groups=0 actual_ane_refs=0 actual_gpu_groups=0 actual_gpu_refs=0 finishes=0 waits=0 overlap_gpu_groups=0
ds4: Flash-MoE async pread canceled queued=0 reading=0 ready=585 finished=0
ds4: gpu chunked prefill pos=1024 tokens=1024 layer 30 encode=136.361 ms execute=2.623 ms
ds4: Flash-MoE prefill layer=31 tokens=1024 unique=217 refs=6144 sync=14.495 ms plan=0.289 ms stage/compute=112.095 ms misses=217
ds4: Flash-MoE hybrid prefill layer=31 ane_groups=1 ane_refs=447 gpu_i8_groups=0 gpu_i8_refs=0 fp32_groups=0 ane_min_refs=256 concurrent=1 ane_pipeline=1 output_queue=4 async_ane=1 gpu_overlap=216 finishes=1 waits=2
ds4: Flash-MoE overlap plan layer=31 exec_groups=217 planned_ane_groups=1 planned_ane_refs=447 planned_gpu_groups=216 planned_gpu_refs=5697 tail_gpu_groups=0 tail_gpu_refs=0 planned_ssd_groups=217 est_gpu=19521.0 est_ane=165.2 est_idle=99.15% wall=111.741 ms actual_ane_groups=1 actual_ane_refs=447 actual_gpu_groups=0 actual_gpu_refs=0 finishes=1 waits=2 overlap_gpu_groups=216
ds4: Flash-MoE async pread canceled queued=0 reading=0 ready=590 finished=0
ds4: gpu chunked prefill pos=1024 tokens=1024 layer 31 encode=127.441 ms execute=2.544 ms
ds4: Flash-MoE prefill layer=32 tokens=1024 unique=214 refs=6144 sync=23.178 ms plan=0.331 ms stage/compute=114.976 ms misses=214
ds4: Flash-MoE hybrid prefill layer=32 ane_groups=0 ane_refs=0 gpu_i8_groups=0 gpu_i8_refs=0 fp32_groups=0 ane_min_refs=256 concurrent=1 ane_pipeline=1 output_queue=4 async_ane=0 gpu_overlap=0 finishes=0 waits=0
ds4: Flash-MoE overlap plan layer=32 exec_groups=214 planned_ane_groups=0 planned_ane_refs=0 planned_gpu_groups=214 planned_gpu_refs=6144 tail_gpu_groups=0 tail_gpu_refs=0 planned_ssd_groups=214 est_gpu=19840.0 est_ane=0.0 est_idle=100.00% wall=114.642 ms actual_ane_groups=0 actual_ane_refs=0 actual_gpu_groups=0 actual_gpu_refs=0 finishes=0 waits=0 overlap_gpu_groups=0
ds4: Flash-MoE async pread canceled queued=0 reading=0 ready=594 finished=0
ds4: gpu chunked prefill pos=1024 tokens=1024 layer 32 encode=139.195 ms execute=2.613 ms
ds4: Flash-MoE prefill layer=33 tokens=1024 unique=205 refs=6144 sync=14.481 ms plan=0.323 ms stage/compute=109.555 ms misses=205
ds4: Flash-MoE hybrid prefill layer=33 ane_groups=1 ane_refs=428 gpu_i8_groups=0 gpu_i8_refs=0 fp32_groups=0 ane_min_refs=256 concurrent=1 ane_pipeline=1 output_queue=4 async_ane=1 gpu_overlap=204 finishes=1 waits=2
ds4: Flash-MoE overlap plan layer=33 exec_groups=205 planned_ane_groups=1 planned_ane_refs=428 planned_gpu_groups=204 planned_gpu_refs=5716 tail_gpu_groups=0 tail_gpu_refs=0 planned_ssd_groups=205 est_gpu=18772.0 est_ane=165.2 est_idle=99.12% wall=109.218 ms actual_ane_groups=1 actual_ane_refs=428 actual_gpu_groups=0 actual_gpu_refs=0 finishes=1 waits=2 overlap_gpu_groups=204
ds4: Flash-MoE async pread canceled queued=0 reading=0 ready=607 finished=0
ds4: gpu chunked prefill pos=1024 tokens=1024 layer 33 encode=124.905 ms execute=2.569 ms
ds4: Flash-MoE prefill layer=34 tokens=1024 unique=210 refs=6144 sync=23.356 ms plan=0.328 ms stage/compute=110.126 ms misses=210
ds4: Flash-MoE hybrid prefill layer=34 ane_groups=2 ane_refs=758 gpu_i8_groups=0 gpu_i8_refs=0 fp32_groups=0 ane_min_refs=256 concurrent=1 ane_pipeline=1 output_queue=4 async_ane=2 gpu_overlap=208 finishes=2 waits=4
ds4: Flash-MoE overlap plan layer=34 exec_groups=210 planned_ane_groups=2 planned_ane_refs=758 planned_gpu_groups=208 planned_gpu_refs=5386 tail_gpu_groups=0 tail_gpu_refs=0 planned_ssd_groups=210 est_gpu=18698.0 est_ane=330.3 est_idle=98.23% wall=109.754 ms actual_ane_groups=2 actual_ane_refs=758 actual_gpu_groups=0 actual_gpu_refs=0 finishes=2 waits=4 overlap_gpu_groups=208
ds4: Flash-MoE async pread canceled queued=0 reading=0 ready=614 finished=0
ds4: gpu chunked prefill pos=1024 tokens=1024 layer 34 encode=134.636 ms execute=2.589 ms
ds4: Flash-MoE prefill layer=35 tokens=1024 unique=210 refs=6144 sync=14.485 ms plan=0.292 ms stage/compute=112.921 ms misses=210
ds4: Flash-MoE hybrid prefill layer=35 ane_groups=2 ane_refs=590 gpu_i8_groups=0 gpu_i8_refs=0 fp32_groups=0 ane_min_refs=256 concurrent=1 ane_pipeline=1 output_queue=4 async_ane=2 gpu_overlap=208 finishes=2 waits=4
ds4: Flash-MoE overlap plan layer=35 exec_groups=210 planned_ane_groups=2 planned_ane_refs=590 planned_gpu_groups=208 planned_gpu_refs=5554 tail_gpu_groups=0 tail_gpu_refs=0 planned_ssd_groups=210 est_gpu=18866.0 est_ane=330.3 est_idle=98.25% wall=112.562 ms actual_ane_groups=2 actual_ane_refs=590 actual_gpu_groups=0 actual_gpu_refs=0 finishes=2 waits=4 overlap_gpu_groups=208
ds4: Flash-MoE async pread canceled queued=0 reading=0 ready=622 finished=0
ds4: gpu chunked prefill pos=1024 tokens=1024 layer 35 encode=128.207 ms execute=2.559 ms
ds4: Flash-MoE prefill layer=36 tokens=1024 unique=216 refs=6144 sync=23.137 ms plan=0.359 ms stage/compute=112.353 ms misses=216
ds4: Flash-MoE hybrid prefill layer=36 ane_groups=2 ane_refs=755 gpu_i8_groups=0 gpu_i8_refs=0 fp32_groups=0 ane_min_refs=256 concurrent=1 ane_pipeline=1 output_queue=4 async_ane=2 gpu_overlap=214 finishes=2 waits=4
ds4: Flash-MoE overlap plan layer=36 exec_groups=216 planned_ane_groups=2 planned_ane_refs=755 planned_gpu_groups=214 planned_gpu_refs=5389 tail_gpu_groups=0 tail_gpu_refs=0 planned_ssd_groups=216 est_gpu=19085.0 est_ane=330.3 est_idle=98.27% wall=111.992 ms actual_ane_groups=2 actual_ane_refs=755 actual_gpu_groups=0 actual_gpu_refs=0 finishes=2 waits=4 overlap_gpu_groups=214
ds4: Flash-MoE async pread canceled queued=0 reading=0 ready=633 finished=0
ds4: gpu chunked prefill pos=1024 tokens=1024 layer 36 encode=136.593 ms execute=2.538 ms
ds4: Flash-MoE prefill layer=37 tokens=1024 unique=209 refs=6144 sync=14.489 ms plan=0.304 ms stage/compute=106.094 ms misses=209
ds4: Flash-MoE hybrid prefill layer=37 ane_groups=2 ane_refs=863 gpu_i8_groups=0 gpu_i8_refs=0 fp32_groups=0 ane_min_refs=256 concurrent=1 ane_pipeline=1 output_queue=4 async_ane=2 gpu_overlap=207 finishes=2 waits=4
ds4: Flash-MoE overlap plan layer=37 exec_groups=209 planned_ane_groups=2 planned_ane_refs=863 planned_gpu_groups=207 planned_gpu_refs=5281 tail_gpu_groups=0 tail_gpu_refs=0 planned_ssd_groups=209 est_gpu=18529.0 est_ane=332.9 est_idle=98.20% wall=105.744 ms actual_ane_groups=2 actual_ane_refs=863 actual_gpu_groups=0 actual_gpu_refs=0 finishes=2 waits=4 overlap_gpu_groups=207
ds4: Flash-MoE async pread canceled queued=0 reading=0 ready=646 finished=0
ds4: gpu chunked prefill pos=1024 tokens=1024 layer 37 encode=121.466 ms execute=2.592 ms
ds4: Flash-MoE prefill layer=38 tokens=1024 unique=208 refs=6144 sync=23.168 ms plan=0.362 ms stage/compute=112.404 ms misses=208
ds4: Flash-MoE hybrid prefill layer=38 ane_groups=1 ane_refs=290 gpu_i8_groups=0 gpu_i8_refs=0 fp32_groups=0 ane_min_refs=256 concurrent=1 ane_pipeline=1 output_queue=4 async_ane=1 gpu_overlap=207 finishes=1 waits=2
ds4: Flash-MoE overlap plan layer=38 exec_groups=208 planned_ane_groups=1 planned_ane_refs=290 planned_gpu_groups=207 planned_gpu_refs=5854 tail_gpu_groups=0 tail_gpu_refs=0 planned_ssd_groups=208 est_gpu=19102.0 est_ane=165.2 est_idle=99.14% wall=112.062 ms actual_ane_groups=1 actual_ane_refs=290 actual_gpu_groups=0 actual_gpu_refs=0 finishes=1 waits=2 overlap_gpu_groups=207
ds4: Flash-MoE async pread canceled queued=0 reading=0 ready=655 finished=0
ds4: gpu chunked prefill pos=1024 tokens=1024 layer 38 encode=136.650 ms execute=2.532 ms
ds4: Flash-MoE prefill layer=39 tokens=1024 unique=219 refs=6144 sync=14.455 ms plan=0.352 ms stage/compute=113.980 ms misses=219
ds4: Flash-MoE hybrid prefill layer=39 ane_groups=1 ane_refs=273 gpu_i8_groups=0 gpu_i8_refs=0 fp32_groups=0 ane_min_refs=256 concurrent=1 ane_pipeline=1 output_queue=4 async_ane=1 gpu_overlap=218 finishes=1 waits=2
ds4: Flash-MoE overlap plan layer=39 exec_groups=219 planned_ane_groups=1 planned_ane_refs=273 planned_gpu_groups=218 planned_gpu_refs=5871 tail_gpu_groups=0 tail_gpu_refs=0 planned_ssd_groups=219 est_gpu=19823.0 est_ane=165.2 est_idle=99.17% wall=113.599 ms actual_ane_groups=1 actual_ane_refs=273 actual_gpu_groups=0 actual_gpu_refs=0 finishes=1 waits=2 overlap_gpu_groups=218
ds4: Flash-MoE async pread canceled queued=0 reading=0 ready=666 finished=0
ds4: gpu chunked prefill pos=1024 tokens=1024 layer 39 encode=129.321 ms execute=2.523 ms
ds4: Flash-MoE prefill layer=40 tokens=1024 unique=187 refs=6144 sync=23.223 ms plan=0.332 ms stage/compute=99.058 ms misses=187
ds4: Flash-MoE hybrid prefill layer=40 ane_groups=1 ane_refs=945 gpu_i8_groups=0 gpu_i8_refs=0 fp32_groups=0 ane_min_refs=256 concurrent=1 ane_pipeline=1 output_queue=4 async_ane=1 gpu_overlap=186 finishes=1 waits=2
ds4: Flash-MoE overlap plan layer=40 exec_groups=187 planned_ane_groups=1 planned_ane_refs=945 planned_gpu_groups=186 planned_gpu_refs=5199 tail_gpu_groups=0 tail_gpu_refs=0 planned_ssd_groups=187 est_gpu=17103.0 est_ane=170.3 est_idle=99.00% wall=98.733 ms actual_ane_groups=1 actual_ane_refs=945 actual_gpu_groups=0 actual_gpu_refs=0 finishes=1 waits=2 overlap_gpu_groups=186
ds4: Flash-MoE async pread canceled queued=0 reading=0 ready=680 finished=0
ds4: gpu chunked prefill pos=1024 tokens=1024 layer 40 encode=123.321 ms execute=2.644 ms
ds4: Flash-MoE prefill layer=41 tokens=1024 unique=198 refs=6144 sync=14.467 ms plan=0.336 ms stage/compute=107.806 ms misses=198
ds4: Flash-MoE hybrid prefill layer=41 ane_groups=1 ane_refs=634 gpu_i8_groups=0 gpu_i8_refs=0 fp32_groups=0 ane_min_refs=256 concurrent=1 ane_pipeline=1 output_queue=4 async_ane=1 gpu_overlap=197 finishes=1 waits=2
ds4: Flash-MoE overlap plan layer=41 exec_groups=198 planned_ane_groups=1 planned_ane_refs=634 planned_gpu_groups=197 planned_gpu_refs=5510 tail_gpu_groups=0 tail_gpu_refs=0 planned_ssd_groups=198 est_gpu=18118.0 est_ane=167.8 est_idle=99.07% wall=107.451 ms actual_ane_groups=1 actual_ane_refs=634 actual_gpu_groups=0 actual_gpu_refs=0 finishes=1 waits=2 overlap_gpu_groups=197
ds4: Flash-MoE async pread canceled queued=0 reading=0 ready=693 finished=0
ds4: gpu chunked prefill pos=1024 tokens=1024 layer 41 encode=123.136 ms execute=2.552 ms
ds4: Flash-MoE prefill layer=42 tokens=1024 unique=208 refs=6144 sync=23.172 ms plan=0.321 ms stage/compute=112.038 ms misses=208
ds4: Flash-MoE hybrid prefill layer=42 ane_groups=1 ane_refs=659 gpu_i8_groups=0 gpu_i8_refs=0 fp32_groups=0 ane_min_refs=256 concurrent=1 ane_pipeline=1 output_queue=4 async_ane=1 gpu_overlap=207 finishes=1 waits=2
ds4: Flash-MoE overlap plan layer=42 exec_groups=208 planned_ane_groups=1 planned_ane_refs=659 planned_gpu_groups=207 planned_gpu_refs=5485 tail_gpu_groups=0 tail_gpu_refs=0 planned_ssd_groups=208 est_gpu=18733.0 est_ane=167.8 est_idle=99.10% wall=111.657 ms actual_ane_groups=1 actual_ane_refs=659 actual_gpu_groups=0 actual_gpu_refs=0 finishes=1 waits=2 overlap_gpu_groups=207
ds4: Flash-MoE async pread canceled queued=0 reading=0 ready=705 finished=0
ds4: gpu chunked prefill pos=1024 tokens=1024 layer 42 encode=136.247 ms execute=2.529 ms
processing 8423 input tokens: 2048/8423 (24.3%) batch=172.76 t/s avg=172.86 t/s
ds4: Flash-MoE prefill layer=0 tokens=1024 unique=256 refs=6144 sync=12.470 ms plan=0.317 ms stage/compute=149.543 ms misses=256
ds4: Flash-MoE hybrid prefill layer=0 ane_groups=0 ane_refs=0 gpu_i8_groups=0 gpu_i8_refs=0 fp32_groups=0 ane_min_refs=256 concurrent=1 ane_pipeline=1 output_queue=4 async_ane=0 gpu_overlap=0 finishes=0 waits=0
ds4: Flash-MoE overlap plan layer=0 exec_groups=256 planned_ane_groups=0 planned_ane_refs=0 planned_gpu_groups=256 planned_gpu_refs=6144 tail_gpu_groups=0 tail_gpu_refs=0 planned_ssd_groups=256 est_gpu=22528.0 est_ane=0.0 est_idle=100.00% wall=149.152 ms actual_ane_groups=0 actual_ane_refs=0 actual_gpu_groups=0 actual_gpu_refs=0 finishes=0 waits=0 overlap_gpu_groups=0
ds4: Flash-MoE async pread canceled queued=0 reading=0 ready=705 finished=0
ds4: gpu chunked prefill pos=2048 tokens=1024 layer 0 encode=162.703 ms execute=2.697 ms
ds4: Flash-MoE prefill layer=1 tokens=1024 unique=256 refs=6144 sync=12.478 ms plan=0.364 ms stage/compute=148.113 ms misses=256
ds4: Flash-MoE hybrid prefill layer=1 ane_groups=0 ane_refs=0 gpu_i8_groups=0 gpu_i8_refs=0 fp32_groups=0 ane_min_refs=256 concurrent=1 ane_pipeline=1 output_queue=4 async_ane=0 gpu_overlap=0 finishes=0 waits=0
ds4: Flash-MoE overlap plan layer=1 exec_groups=256 planned_ane_groups=0 planned_ane_refs=0 planned_gpu_groups=256 planned_gpu_refs=6144 tail_gpu_groups=0 tail_gpu_refs=0 planned_ssd_groups=256 est_gpu=22528.0 est_ane=0.0 est_idle=100.00% wall=147.688 ms actual_ane_groups=0 actual_ane_refs=0 actual_gpu_groups=0 actual_gpu_refs=0 finishes=0 waits=0 overlap_gpu_groups=0
ds4: Flash-MoE async pread canceled queued=0 reading=0 ready=705 finished=0
ds4: gpu chunked prefill pos=2048 tokens=1024 layer 1 encode=161.525 ms execute=2.623 ms
ds4: Flash-MoE prefill layer=2 tokens=1024 unique=256 refs=6144 sync=37.281 ms plan=0.332 ms stage/compute=152.702 ms misses=256
ds4: Flash-MoE hybrid prefill layer=2 ane_groups=0 ane_refs=0 gpu_i8_groups=0 gpu_i8_refs=0 fp32_groups=0 ane_min_refs=256 concurrent=1 ane_pipeline=1 output_queue=4 async_ane=0 gpu_overlap=0 finishes=0 waits=0
ds4: Flash-MoE overlap plan layer=2 exec_groups=256 planned_ane_groups=0 planned_ane_refs=0 planned_gpu_groups=256 planned_gpu_refs=6144 tail_gpu_groups=0 tail_gpu_refs=0 planned_ssd_groups=256 est_gpu=22528.0 est_ane=0.0 est_idle=100.00% wall=152.271 ms actual_ane_groups=0 actual_ane_refs=0 actual_gpu_groups=0 actual_gpu_refs=0 finishes=0 waits=0 overlap_gpu_groups=0
ds4: Flash-MoE async pread canceled queued=0 reading=0 ready=705 finished=0
ds4: gpu chunked prefill pos=2048 tokens=1024 layer 2 encode=190.850 ms execute=2.634 ms
ds4: Flash-MoE prefill layer=3 tokens=1024 unique=235 refs=6144 sync=14.555 ms plan=0.332 ms stage/compute=125.525 ms misses=235
ds4: Flash-MoE hybrid prefill layer=3 ane_groups=1 ane_refs=478 gpu_i8_groups=0 gpu_i8_refs=0 fp32_groups=0 ane_min_refs=256 concurrent=1 ane_pipeline=1 output_queue=4 async_ane=1 gpu_overlap=234 finishes=1 waits=2
ds4: Flash-MoE overlap plan layer=3 exec_groups=235 planned_ane_groups=1 planned_ane_refs=478 planned_gpu_groups=234 planned_gpu_refs=5666 tail_gpu_groups=0 tail_gpu_refs=0 planned_ssd_groups=235 est_gpu=20642.0 est_ane=165.2 est_idle=99.20% wall=125.132 ms actual_ane_groups=1 actual_ane_refs=478 actual_gpu_groups=0 actual_gpu_refs=0 finishes=1 waits=2 overlap_gpu_groups=234
ds4: Flash-MoE async pread canceled queued=0 reading=0 ready=711 finished=0
ds4: gpu chunked prefill pos=2048 tokens=1024 layer 3 encode=140.982 ms execute=2.544 ms
ds4: Flash-MoE prefill layer=4 tokens=1024 unique=221 refs=6144 sync=37.114 ms plan=0.336 ms stage/compute=119.091 ms misses=221
ds4: Flash-MoE hybrid prefill layer=4 ane_groups=0 ane_refs=0 gpu_i8_groups=0 gpu_i8_refs=0 fp32_groups=0 ane_min_refs=256 concurrent=1 ane_pipeline=1 output_queue=4 async_ane=0 gpu_overlap=0 finishes=0 waits=0
ds4: Flash-MoE overlap plan layer=4 exec_groups=221 planned_ane_groups=0 planned_ane_refs=0 planned_gpu_groups=221 planned_gpu_refs=6144 tail_gpu_groups=0 tail_gpu_refs=0 planned_ssd_groups=221 est_gpu=20288.0 est_ane=0.0 est_idle=100.00% wall=118.731 ms actual_ane_groups=0 actual_ane_refs=0 actual_gpu_groups=0 actual_gpu_refs=0 finishes=0 waits=0 overlap_gpu_groups=0
ds4: Flash-MoE async pread canceled queued=0 reading=0 ready=718 finished=0
ds4: gpu chunked prefill pos=2048 tokens=1024 layer 4 encode=156.818 ms execute=2.561 ms
ds4: Flash-MoE prefill layer=5 tokens=1024 unique=240 refs=6144 sync=14.542 ms plan=0.343 ms stage/compute=125.765 ms misses=240
ds4: Flash-MoE hybrid prefill layer=5 ane_groups=1 ane_refs=627 gpu_i8_groups=0 gpu_i8_refs=0 fp32_groups=0 ane_min_refs=256 concurrent=1 ane_pipeline=1 output_queue=4 async_ane=1 gpu_overlap=239 finishes=1 waits=2
ds4: Flash-MoE overlap plan layer=5 exec_groups=240 planned_ane_groups=1 planned_ane_refs=627 planned_gpu_groups=239 planned_gpu_refs=5517 tail_gpu_groups=0 tail_gpu_refs=0 planned_ssd_groups=240 est_gpu=20813.0 est_ane=167.8 est_idle=99.19% wall=125.342 ms actual_ane_groups=1 actual_ane_refs=627 actual_gpu_groups=0 actual_gpu_refs=0 finishes=1 waits=2 overlap_gpu_groups=239
ds4: Flash-MoE async pread canceled queued=0 reading=0 ready=722 finished=0
ds4: gpu chunked prefill pos=2048 tokens=1024 layer 5 encode=141.203 ms execute=2.580 ms
ds4: Flash-MoE prefill layer=6 tokens=1024 unique=228 refs=6144 sync=37.205 ms plan=0.361 ms stage/compute=121.938 ms misses=228
ds4: Flash-MoE hybrid prefill layer=6 ane_groups=1 ane_refs=444 gpu_i8_groups=0 gpu_i8_refs=0 fp32_groups=0 ane_min_refs=256 concurrent=1 ane_pipeline=1 output_queue=4 async_ane=1 gpu_overlap=227 finishes=1 waits=2
ds4: Flash-MoE overlap plan layer=6 exec_groups=228 planned_ane_groups=1 planned_ane_refs=444 planned_gpu_groups=227 planned_gpu_refs=5700 tail_gpu_groups=0 tail_gpu_refs=0 planned_ssd_groups=228 est_gpu=20228.0 est_ane=165.2 est_idle=99.18% wall=121.546 ms actual_ane_groups=1 actual_ane_refs=444 actual_gpu_groups=0 actual_gpu_refs=0 finishes=1 waits=2 overlap_gpu_groups=227
ds4: Flash-MoE async pread canceled queued=0 reading=0 ready=727 finished=0
ds4: gpu chunked prefill pos=2048 tokens=1024 layer 6 encode=159.785 ms execute=2.526 ms
ds4: Flash-MoE prefill layer=7 tokens=1024 unique=237 refs=6144 sync=14.594 ms plan=0.353 ms stage/compute=118.439 ms misses=237
ds4: Flash-MoE hybrid prefill layer=7 ane_groups=3 ane_refs=1191 gpu_i8_groups=0 gpu_i8_refs=0 fp32_groups=0 ane_min_refs=256 concurrent=1 ane_pipeline=1 output_queue=4 async_ane=3 gpu_overlap=234 finishes=3 waits=6
ds4: Flash-MoE overlap plan layer=7 exec_groups=237 planned_ane_groups=3 planned_ane_refs=1191 planned_gpu_groups=234 planned_gpu_refs=4953 tail_gpu_groups=0 tail_gpu_refs=0 planned_ssd_groups=237 est_gpu=19929.0 est_ane=495.5 est_idle=97.51% wall=118.056 ms actual_ane_groups=3 actual_ane_refs=1191 actual_gpu_groups=0 actual_gpu_refs=0 finishes=3 waits=6 overlap_gpu_groups=234
ds4: Flash-MoE async pread canceled queued=0 reading=0 ready=729 finished=0
ds4: gpu chunked prefill pos=2048 tokens=1024 layer 7 encode=133.981 ms execute=2.747 ms
ds4: Flash-MoE prefill layer=8 tokens=1024 unique=227 refs=6144 sync=37.096 ms plan=0.285 ms stage/compute=119.150 ms misses=227
ds4: Flash-MoE hybrid prefill layer=8 ane_groups=2 ane_refs=972 gpu_i8_groups=0 gpu_i8_refs=0 fp32_groups=0 ane_min_refs=256 concurrent=1 ane_pipeline=1 output_queue=4 async_ane=2 gpu_overlap=225 finishes=2 waits=4
ds4: Flash-MoE overlap plan layer=8 exec_groups=227 planned_ane_groups=2 planned_ane_refs=972 planned_gpu_groups=225 planned_gpu_refs=5172 tail_gpu_groups=0 tail_gpu_refs=0 planned_ssd_groups=227 est_gpu=19572.0 est_ane=332.9 est_idle=98.30% wall=118.766 ms actual_ane_groups=2 actual_ane_refs=972 actual_gpu_groups=0 actual_gpu_refs=0 finishes=2 waits=4 overlap_gpu_groups=225
ds4: Flash-MoE async pread canceled queued=0 reading=0 ready=738 finished=0
ds4: gpu chunked prefill pos=2048 tokens=1024 layer 8 encode=156.805 ms execute=2.584 ms
ds4: Flash-MoE prefill layer=9 tokens=1024 unique=242 refs=6144 sync=14.596 ms plan=0.326 ms stage/compute=125.832 ms misses=242
ds4: Flash-MoE hybrid prefill layer=9 ane_groups=1 ane_refs=476 gpu_i8_groups=0 gpu_i8_refs=0 fp32_groups=0 ane_min_refs=256 concurrent=1 ane_pipeline=1 output_queue=4 async_ane=1 gpu_overlap=241 finishes=1 waits=2
ds4: Flash-MoE overlap plan layer=9 exec_groups=242 planned_ane_groups=1 planned_ane_refs=476 planned_gpu_groups=241 planned_gpu_refs=5668 tail_gpu_groups=0 tail_gpu_refs=0 planned_ssd_groups=242 est_gpu=21092.0 est_ane=165.2 est_idle=99.22% wall=125.453 ms actual_ane_groups=1 actual_ane_refs=476 actual_gpu_groups=0 actual_gpu_refs=0 finishes=1 waits=2 overlap_gpu_groups=241
ds4: Flash-MoE async pread canceled queued=0 reading=0 ready=742 finished=0
ds4: gpu chunked prefill pos=2048 tokens=1024 layer 9 encode=141.298 ms execute=2.579 ms
ds4: Flash-MoE prefill layer=10 tokens=1024 unique=229 refs=6144 sync=37.261 ms plan=0.296 ms stage/compute=122.468 ms misses=229
ds4: Flash-MoE hybrid prefill layer=10 ane_groups=1 ane_refs=272 gpu_i8_groups=0 gpu_i8_refs=0 fp32_groups=0 ane_min_refs=256 concurrent=1 ane_pipeline=1 output_queue=4 async_ane=1 gpu_overlap=228 finishes=1 waits=2
ds4: Flash-MoE overlap plan layer=10 exec_groups=229 planned_ane_groups=1 planned_ane_refs=272 planned_gpu_groups=228 planned_gpu_refs=5872 tail_gpu_groups=0 tail_gpu_refs=0 planned_ssd_groups=229 est_gpu=20464.0 est_ane=165.2 est_idle=99.19% wall=122.052 ms actual_ane_groups=1 actual_ane_refs=272 actual_gpu_groups=0 actual_gpu_refs=0 finishes=1 waits=2 overlap_gpu_groups=228
ds4: Flash-MoE async pread canceled queued=0 reading=0 ready=749 finished=0
ds4: gpu chunked prefill pos=2048 tokens=1024 layer 10 encode=160.290 ms execute=2.515 ms
ds4: Flash-MoE prefill layer=11 tokens=1024 unique=237 refs=6144 sync=14.547 ms plan=0.441 ms stage/compute=122.683 ms misses=237
ds4: Flash-MoE hybrid prefill layer=11 ane_groups=1 ane_refs=434 gpu_i8_groups=0 gpu_i8_refs=0 fp32_groups=0 ane_min_refs=256 concurrent=1 ane_pipeline=1 output_queue=4 async_ane=1 gpu_overlap=236 finishes=1 waits=2
ds4: Flash-MoE overlap plan layer=11 exec_groups=237 planned_ane_groups=1 planned_ane_refs=434 planned_gpu_groups=236 planned_gpu_refs=5710 tail_gpu_groups=0 tail_gpu_refs=0 planned_ssd_groups=237 est_gpu=20814.0 est_ane=165.2 est_idle=99.21% wall=122.316 ms actual_ane_groups=1 actual_ane_refs=434 actual_gpu_groups=0 actual_gpu_refs=0 finishes=1 waits=2 overlap_gpu_groups=236
ds4: Flash-MoE async pread canceled queued=0 reading=0 ready=754 finished=0
ds4: gpu chunked prefill pos=2048 tokens=1024 layer 11 encode=138.241 ms execute=2.527 ms
ds4: Flash-MoE prefill layer=12 tokens=1024 unique=207 refs=6144 sync=37.618 ms plan=0.331 ms stage/compute=112.750 ms misses=207
ds4: Flash-MoE hybrid prefill layer=12 ane_groups=1 ane_refs=303 gpu_i8_groups=0 gpu_i8_refs=0 fp32_groups=0 ane_min_refs=256 concurrent=1 ane_pipeline=1 output_queue=4 async_ane=1 gpu_overlap=206 finishes=1 waits=2
ds4: Flash-MoE overlap plan layer=12 exec_groups=207 planned_ane_groups=1 planned_ane_refs=303 planned_gpu_groups=206 planned_gpu_refs=5841 tail_gpu_groups=0 tail_gpu_refs=0 planned_ssd_groups=207 est_gpu=19025.0 est_ane=165.2 est_idle=99.13% wall=112.405 ms actual_ane_groups=1 actual_ane_refs=303 actual_gpu_groups=0 actual_gpu_refs=0 finishes=1 waits=2 overlap_gpu_groups=206
ds4: Flash-MoE async pread canceled queued=0 reading=0 ready=765 finished=0
ds4: gpu chunked prefill pos=2048 tokens=1024 layer 12 encode=151.007 ms execute=2.519 ms
ds4: Flash-MoE prefill layer=13 tokens=1024 unique=220 refs=6144 sync=14.576 ms plan=0.370 ms stage/compute=113.653 ms misses=220
ds4: Flash-MoE hybrid prefill layer=13 ane_groups=3 ane_refs=1065 gpu_i8_groups=0 gpu_i8_refs=0 fp32_groups=0 ane_min_refs=256 concurrent=1 ane_pipeline=1 output_queue=4 async_ane=3 gpu_overlap=217 finishes=3 waits=6
ds4: Flash-MoE overlap plan layer=13 exec_groups=220 planned_ane_groups=3 planned_ane_refs=1065 planned_gpu_groups=217 planned_gpu_refs=5079 tail_gpu_groups=0 tail_gpu_refs=0 planned_ssd_groups=220 est_gpu=18967.0 est_ane=495.5 est_idle=97.39% wall=113.211 ms actual_ane_groups=3 actual_ane_refs=1065 actual_gpu_groups=0 actual_gpu_refs=0 finishes=3 waits=6 overlap_gpu_groups=217
ds4: Flash-MoE async pread canceled queued=0 reading=0 ready=770 finished=0
ds4: gpu chunked prefill pos=2048 tokens=1024 layer 13 encode=129.146 ms execute=2.579 ms
ds4: Flash-MoE prefill layer=14 tokens=1024 unique=212 refs=6144 sync=36.984 ms plan=0.288 ms stage/compute=110.648 ms misses=212
ds4: Flash-MoE hybrid prefill layer=14 ane_groups=2 ane_refs=625 gpu_i8_groups=0 gpu_i8_refs=0 fp32_groups=0 ane_min_refs=256 concurrent=1 ane_pipeline=1 output_queue=4 async_ane=2 gpu_overlap=210 finishes=2 waits=4
ds4: Flash-MoE overlap plan layer=14 exec_groups=212 planned_ane_groups=2 planned_ane_refs=625 planned_gpu_groups=210 planned_gpu_refs=5519 tail_gpu_groups=0 tail_gpu_refs=0 planned_ssd_groups=212 est_gpu=18959.0 est_ane=330.3 est_idle=98.26% wall=110.294 ms actual_ane_groups=2 actual_ane_refs=625 actual_gpu_groups=0 actual_gpu_refs=0 finishes=2 waits=4 overlap_gpu_groups=210
ds4: Flash-MoE async pread canceled queued=0 reading=0 ready=780 finished=0
ds4: gpu chunked prefill pos=2048 tokens=1024 layer 14 encode=148.194 ms execute=2.548 ms
ds4: Flash-MoE prefill layer=15 tokens=1024 unique=213 refs=6144 sync=14.529 ms plan=0.345 ms stage/compute=110.656 ms misses=213
ds4: Flash-MoE hybrid prefill layer=15 ane_groups=1 ane_refs=305 gpu_i8_groups=0 gpu_i8_refs=0 fp32_groups=0 ane_min_refs=256 concurrent=1 ane_pipeline=1 output_queue=4 async_ane=1 gpu_overlap=212 finishes=1 waits=2
ds4: Flash-MoE overlap plan layer=15 exec_groups=213 planned_ane_groups=1 planned_ane_refs=305 planned_gpu_groups=212 planned_gpu_refs=5839 tail_gpu_groups=0 tail_gpu_refs=0 planned_ssd_groups=213 est_gpu=19407.0 est_ane=165.2 est_idle=99.15% wall=110.290 ms actual_ane_groups=1 actual_ane_refs=305 actual_gpu_groups=0 actual_gpu_refs=0 finishes=1 waits=2 overlap_gpu_groups=212
ds4: Flash-MoE async pread canceled queued=0 reading=0 ready=784 finished=0
ds4: gpu chunked prefill pos=2048 tokens=1024 layer 15 encode=126.073 ms execute=2.529 ms
ds4: Flash-MoE prefill layer=16 tokens=1024 unique=206 refs=6144 sync=37.000 ms plan=0.358 ms stage/compute=109.976 ms misses=206
ds4: Flash-MoE hybrid prefill layer=16 ane_groups=1 ane_refs=432 gpu_i8_groups=0 gpu_i8_refs=0 fp32_groups=0 ane_min_refs=256 concurrent=1 ane_pipeline=1 output_queue=4 async_ane=1 gpu_overlap=205 finishes=1 waits=2
ds4: Flash-MoE overlap plan layer=16 exec_groups=206 planned_ane_groups=1 planned_ane_refs=432 planned_gpu_groups=205 planned_gpu_refs=5712 tail_gpu_groups=0 tail_gpu_refs=0 planned_ssd_groups=206 est_gpu=18832.0 est_ane=165.2 est_idle=99.12% wall=109.598 ms actual_ane_groups=1 actual_ane_refs=432 actual_gpu_groups=0 actual_gpu_refs=0 finishes=1 waits=2 overlap_gpu_groups=205
ds4: Flash-MoE async pread canceled queued=0 reading=0 ready=797 finished=0
ds4: gpu chunked prefill pos=2048 tokens=1024 layer 16 encode=147.601 ms execute=2.568 ms
ds4: Flash-MoE prefill layer=17 tokens=1024 unique=216 refs=6144 sync=14.689 ms plan=0.328 ms stage/compute=113.283 ms misses=216
ds4: Flash-MoE hybrid prefill layer=17 ane_groups=2 ane_refs=644 gpu_i8_groups=0 gpu_i8_refs=0 fp32_groups=0 ane_min_refs=256 concurrent=1 ane_pipeline=1 output_queue=4 async_ane=2 gpu_overlap=214 finishes=2 waits=4
ds4: Flash-MoE overlap plan layer=17 exec_groups=216 planned_ane_groups=2 planned_ane_refs=644 planned_gpu_groups=214 planned_gpu_refs=5500 tail_gpu_groups=0 tail_gpu_refs=0 planned_ssd_groups=216 est_gpu=19196.0 est_ane=330.3 est_idle=98.28% wall=112.914 ms actual_ane_groups=2 actual_ane_refs=644 actual_gpu_groups=0 actual_gpu_refs=0 finishes=2 waits=4 overlap_gpu_groups=214
ds4: Flash-MoE async pread canceled queued=0 reading=0 ready=805 finished=0
ds4: gpu chunked prefill pos=2048 tokens=1024 layer 17 encode=128.852 ms execute=2.534 ms
ds4: Flash-MoE prefill layer=18 tokens=1024 unique=205 refs=6144 sync=36.991 ms plan=0.348 ms stage/compute=105.273 ms misses=205
ds4: Flash-MoE hybrid prefill layer=18 ane_groups=2 ane_refs=768 gpu_i8_groups=0 gpu_i8_refs=0 fp32_groups=0 ane_min_refs=256 concurrent=1 ane_pipeline=1 output_queue=4 async_ane=2 gpu_overlap=203 finishes=2 waits=4
ds4: Flash-MoE overlap plan layer=18 exec_groups=205 planned_ane_groups=2 planned_ane_refs=768 planned_gpu_groups=203 planned_gpu_refs=5376 tail_gpu_groups=0 tail_gpu_refs=0 planned_ssd_groups=205 est_gpu=18368.0 est_ane=330.3 est_idle=98.20% wall=104.905 ms actual_ane_groups=2 actual_ane_refs=768 actual_gpu_groups=0 actual_gpu_refs=0 finishes=2 waits=4 overlap_gpu_groups=203
ds4: Flash-MoE async pread canceled queued=0 reading=0 ready=816 finished=0
ds4: gpu chunked prefill pos=2048 tokens=1024 layer 18 encode=142.902 ms execute=2.515 ms
ds4: Flash-MoE prefill layer=19 tokens=1024 unique=225 refs=6144 sync=14.499 ms plan=0.333 ms stage/compute=120.957 ms misses=225
ds4: Flash-MoE hybrid prefill layer=19 ane_groups=1 ane_refs=268 gpu_i8_groups=0 gpu_i8_refs=0 fp32_groups=0 ane_min_refs=256 concurrent=1 ane_pipeline=1 output_queue=4 async_ane=1 gpu_overlap=224 finishes=1 waits=2
ds4: Flash-MoE overlap plan layer=19 exec_groups=225 planned_ane_groups=1 planned_ane_refs=268 planned_gpu_groups=224 planned_gpu_refs=5876 tail_gpu_groups=0 tail_gpu_refs=0 planned_ssd_groups=225 est_gpu=20212.0 est_ane=165.2 est_idle=99.18% wall=120.565 ms actual_ane_groups=1 actual_ane_refs=268 actual_gpu_groups=0 actual_gpu_refs=0 finishes=1 waits=2 overlap_gpu_groups=224
ds4: Flash-MoE async pread canceled queued=0 reading=0 ready=820 finished=0
ds4: gpu chunked prefill pos=2048 tokens=1024 layer 19 encode=136.387 ms execute=2.513 ms
ds4: Flash-MoE prefill layer=20 tokens=1024 unique=193 refs=6144 sync=37.050 ms plan=0.373 ms stage/compute=103.951 ms misses=193
ds4: Flash-MoE hybrid prefill layer=20 ane_groups=2 ane_refs=911 gpu_i8_groups=0 gpu_i8_refs=0 fp32_groups=0 ane_min_refs=256 concurrent=1 ane_pipeline=1 output_queue=4 async_ane=2 gpu_overlap=191 finishes=2 waits=4
ds4: Flash-MoE overlap plan layer=20 exec_groups=193 planned_ane_groups=2 planned_ane_refs=911 planned_gpu_groups=191 planned_gpu_refs=5233 tail_gpu_groups=0 tail_gpu_refs=0 planned_ssd_groups=193 est_gpu=17457.0 est_ane=332.9 est_idle=98.09% wall=103.593 ms actual_ane_groups=2 actual_ane_refs=911 actual_gpu_groups=0 actual_gpu_refs=0 finishes=2 waits=4 overlap_gpu_groups=191
ds4: Flash-MoE async pread canceled queued=0 reading=0 ready=830 finished=0
ds4: gpu chunked prefill pos=2048 tokens=1024 layer 20 encode=141.646 ms execute=2.638 ms
ds4: Flash-MoE prefill layer=21 tokens=1024 unique=213 refs=6144 sync=14.593 ms plan=0.340 ms stage/compute=114.490 ms misses=213
ds4: Flash-MoE hybrid prefill layer=21 ane_groups=1 ane_refs=393 gpu_i8_groups=0 gpu_i8_refs=0 fp32_groups=0 ane_min_refs=256 concurrent=1 ane_pipeline=1 output_queue=4 async_ane=1 gpu_overlap=212 finishes=1 waits=2
ds4: Flash-MoE overlap plan layer=21 exec_groups=213 planned_ane_groups=1 planned_ane_refs=393 planned_gpu_groups=212 planned_gpu_refs=5751 tail_gpu_groups=0 tail_gpu_refs=0 planned_ssd_groups=213 est_gpu=19319.0 est_ane=165.2 est_idle=99.15% wall=114.128 ms actual_ane_groups=1 actual_ane_refs=393 actual_gpu_groups=0 actual_gpu_refs=0 finishes=1 waits=2 overlap_gpu_groups=212
ds4: Flash-MoE async pread canceled queued=0 reading=0 ready=835 finished=0
ds4: gpu chunked prefill pos=2048 tokens=1024 layer 21 encode=130.010 ms execute=2.550 ms
ds4: Flash-MoE prefill layer=22 tokens=1024 unique=213 refs=6144 sync=37.572 ms plan=0.290 ms stage/compute=111.698 ms misses=213
ds4: Flash-MoE hybrid prefill layer=22 ane_groups=1 ane_refs=284 gpu_i8_groups=0 gpu_i8_refs=0 fp32_groups=0 ane_min_refs=256 concurrent=1 ane_pipeline=1 output_queue=4 async_ane=1 gpu_overlap=212 finishes=1 waits=2
ds4: Flash-MoE overlap plan layer=22 exec_groups=213 planned_ane_groups=1 planned_ane_refs=284 planned_gpu_groups=212 planned_gpu_refs=5860 tail_gpu_groups=0 tail_gpu_refs=0 planned_ssd_groups=213 est_gpu=19428.0 est_ane=165.2 est_idle=99.15% wall=111.368 ms actual_ane_groups=1 actual_ane_refs=284 actual_gpu_groups=0 actual_gpu_refs=0 finishes=1 waits=2 overlap_gpu_groups=212
ds4: Flash-MoE async pread canceled queued=0 reading=0 ready=843 finished=0
ds4: gpu chunked prefill pos=2048 tokens=1024 layer 22 encode=149.845 ms execute=2.503 ms
ds4: Flash-MoE prefill layer=23 tokens=1024 unique=221 refs=6144 sync=14.443 ms plan=0.308 ms stage/compute=119.499 ms misses=221
ds4: Flash-MoE hybrid prefill layer=23 ane_groups=0 ane_refs=0 gpu_i8_groups=0 gpu_i8_refs=0 fp32_groups=0 ane_min_refs=256 concurrent=1 ane_pipeline=1 output_queue=4 async_ane=0 gpu_overlap=0 finishes=0 waits=0
ds4: Flash-MoE overlap plan layer=23 exec_groups=221 planned_ane_groups=0 planned_ane_refs=0 planned_gpu_groups=221 planned_gpu_refs=6144 tail_gpu_groups=0 tail_gpu_refs=0 planned_ssd_groups=221 est_gpu=20288.0 est_ane=0.0 est_idle=100.00% wall=119.113 ms actual_ane_groups=0 actual_ane_refs=0 actual_gpu_groups=0 actual_gpu_refs=0 finishes=0 waits=0 overlap_gpu_groups=0
ds4: Flash-MoE async pread canceled queued=0 reading=0 ready=849 finished=0
ds4: gpu chunked prefill pos=2048 tokens=1024 layer 23 encode=134.787 ms execute=2.612 ms
ds4: Flash-MoE prefill layer=24 tokens=1024 unique=211 refs=6144 sync=37.240 ms plan=0.332 ms stage/compute=109.576 ms misses=211
ds4: Flash-MoE hybrid prefill layer=24 ane_groups=2 ane_refs=747 gpu_i8_groups=0 gpu_i8_refs=0 fp32_groups=0 ane_min_refs=256 concurrent=1 ane_pipeline=1 output_queue=4 async_ane=2 gpu_overlap=209 finishes=2 waits=4
ds4: Flash-MoE overlap plan layer=24 exec_groups=211 planned_ane_groups=2 planned_ane_refs=747 planned_gpu_groups=209 planned_gpu_refs=5397 tail_gpu_groups=0 tail_gpu_refs=0 planned_ssd_groups=211 est_gpu=18773.0 est_ane=330.3 est_idle=98.24% wall=109.205 ms actual_ane_groups=2 actual_ane_refs=747 actual_gpu_groups=0 actual_gpu_refs=0 finishes=2 waits=4 overlap_gpu_groups=209
ds4: Flash-MoE async pread canceled queued=0 reading=0 ready=853 finished=0
ds4: gpu chunked prefill pos=2048 tokens=1024 layer 24 encode=147.425 ms execute=2.642 ms
ds4: Flash-MoE prefill layer=25 tokens=1024 unique=217 refs=6144 sync=14.438 ms plan=0.311 ms stage/compute=116.029 ms misses=217
ds4: Flash-MoE hybrid prefill layer=25 ane_groups=1 ane_refs=368 gpu_i8_groups=0 gpu_i8_refs=0 fp32_groups=0 ane_min_refs=256 concurrent=1 ane_pipeline=1 output_queue=4 async_ane=1 gpu_overlap=216 finishes=1 waits=2
ds4: Flash-MoE overlap plan layer=25 exec_groups=217 planned_ane_groups=1 planned_ane_refs=368 planned_gpu_groups=216 planned_gpu_refs=5776 tail_gpu_groups=0 tail_gpu_refs=0 planned_ssd_groups=217 est_gpu=19600.0 est_ane=165.2 est_idle=99.16% wall=115.672 ms actual_ane_groups=1 actual_ane_refs=368 actual_gpu_groups=0 actual_gpu_refs=0 finishes=1 waits=2 overlap_gpu_groups=216
ds4: Flash-MoE async pread canceled queued=0 reading=0 ready=860 finished=0
ds4: gpu chunked prefill pos=2048 tokens=1024 layer 25 encode=131.310 ms execute=2.536 ms
ds4: Flash-MoE prefill layer=26 tokens=1024 unique=203 refs=6144 sync=36.882 ms plan=0.344 ms stage/compute=106.724 ms misses=203
ds4: Flash-MoE hybrid prefill layer=26 ane_groups=2 ane_refs=716 gpu_i8_groups=0 gpu_i8_refs=0 fp32_groups=0 ane_min_refs=256 concurrent=1 ane_pipeline=1 output_queue=4 async_ane=2 gpu_overlap=201 finishes=2 waits=4
ds4: Flash-MoE overlap plan layer=26 exec_groups=203 planned_ane_groups=2 planned_ane_refs=716 planned_gpu_groups=201 planned_gpu_refs=5428 tail_gpu_groups=0 tail_gpu_refs=0 planned_ssd_groups=203 est_gpu=18292.0 est_ane=330.3 est_idle=98.19% wall=106.363 ms actual_ane_groups=2 actual_ane_refs=716 actual_gpu_groups=0 actual_gpu_refs=0 finishes=2 waits=4 overlap_gpu_groups=201
ds4: Flash-MoE async pread canceled queued=0 reading=0 ready=864 finished=0
ds4: gpu chunked prefill pos=2048 tokens=1024 layer 26 encode=144.238 ms execute=2.778 ms
ds4: Flash-MoE prefill layer=27 tokens=1024 unique=224 refs=6144 sync=14.564 ms plan=0.334 ms stage/compute=118.969 ms misses=224
ds4: Flash-MoE hybrid prefill layer=27 ane_groups=1 ane_refs=439 gpu_i8_groups=0 gpu_i8_refs=0 fp32_groups=0 ane_min_refs=256 concurrent=1 ane_pipeline=1 output_queue=4 async_ane=1 gpu_overlap=223 finishes=1 waits=2
ds4: Flash-MoE overlap plan layer=27 exec_groups=224 planned_ane_groups=1 planned_ane_refs=439 planned_gpu_groups=223 planned_gpu_refs=5705 tail_gpu_groups=0 tail_gpu_refs=0 planned_ssd_groups=224 est_gpu=19977.0 est_ane=165.2 est_idle=99.17% wall=118.614 ms actual_ane_groups=1 actual_ane_refs=439 actual_gpu_groups=0 actual_gpu_refs=0 finishes=1 waits=2 overlap_gpu_groups=223
ds4: Flash-MoE async pread canceled queued=0 reading=0 ready=867 finished=0
ds4: gpu chunked prefill pos=2048 tokens=1024 layer 27 encode=134.505 ms execute=2.590 ms
ds4: Flash-MoE prefill layer=28 tokens=1024 unique=209 refs=6144 sync=37.107 ms plan=0.296 ms stage/compute=114.010 ms misses=209
ds4: Flash-MoE hybrid prefill layer=28 ane_groups=1 ane_refs=368 gpu_i8_groups=0 gpu_i8_refs=0 fp32_groups=0 ane_min_refs=256 concurrent=1 ane_pipeline=1 output_queue=4 async_ane=1 gpu_overlap=208 finishes=1 waits=2
ds4: Flash-MoE overlap plan layer=28 exec_groups=209 planned_ane_groups=1 planned_ane_refs=368 planned_gpu_groups=208 planned_gpu_refs=5776 tail_gpu_groups=0 tail_gpu_refs=0 planned_ssd_groups=209 est_gpu=19088.0 est_ane=165.2 est_idle=99.13% wall=113.659 ms actual_ane_groups=1 actual_ane_refs=368 actual_gpu_groups=0 actual_gpu_refs=0 finishes=1 waits=2 overlap_gpu_groups=208
ds4: Flash-MoE async pread canceled queued=0 reading=0 ready=879 finished=0
ds4: gpu chunked prefill pos=2048 tokens=1024 layer 28 encode=151.749 ms execute=2.746 ms
ds4: Flash-MoE prefill layer=29 tokens=1024 unique=211 refs=6144 sync=14.848 ms plan=0.325 ms stage/compute=112.302 ms misses=211
ds4: Flash-MoE hybrid prefill layer=29 ane_groups=1 ane_refs=384 gpu_i8_groups=0 gpu_i8_refs=0 fp32_groups=0 ane_min_refs=256 concurrent=1 ane_pipeline=1 output_queue=4 async_ane=1 gpu_overlap=210 finishes=1 waits=2
ds4: Flash-MoE overlap plan layer=29 exec_groups=211 planned_ane_groups=1 planned_ane_refs=384 planned_gpu_groups=210 planned_gpu_refs=5760 tail_gpu_groups=0 tail_gpu_refs=0 planned_ssd_groups=211 est_gpu=19200.0 est_ane=165.2 est_idle=99.14% wall=111.949 ms actual_ane_groups=1 actual_ane_refs=384 actual_gpu_groups=0 actual_gpu_refs=0 finishes=1 waits=2 overlap_gpu_groups=210
ds4: Flash-MoE async pread canceled queued=0 reading=0 ready=891 finished=0
ds4: gpu chunked prefill pos=2048 tokens=1024 layer 29 encode=128.024 ms execute=2.558 ms
ds4: Flash-MoE prefill layer=30 tokens=1024 unique=213 refs=6144 sync=36.893 ms plan=0.300 ms stage/compute=116.060 ms misses=213
ds4: Flash-MoE hybrid prefill layer=30 ane_groups=1 ane_refs=257 gpu_i8_groups=0 gpu_i8_refs=0 fp32_groups=0 ane_min_refs=256 concurrent=1 ane_pipeline=1 output_queue=4 async_ane=1 gpu_overlap=212 finishes=1 waits=2
ds4: Flash-MoE overlap plan layer=30 exec_groups=213 planned_ane_groups=1 planned_ane_refs=257 planned_gpu_groups=212 planned_gpu_refs=5887 tail_gpu_groups=0 tail_gpu_refs=0 planned_ssd_groups=213 est_gpu=19455.0 est_ane=165.2 est_idle=99.15% wall=115.731 ms actual_ane_groups=1 actual_ane_refs=257 actual_gpu_groups=0 actual_gpu_refs=0 finishes=1 waits=2 overlap_gpu_groups=212
ds4: Flash-MoE async pread canceled queued=0 reading=0 ready=902 finished=0
ds4: gpu chunked prefill pos=2048 tokens=1024 layer 30 encode=153.521 ms execute=2.522 ms
ds4: Flash-MoE prefill layer=31 tokens=1024 unique=210 refs=6144 sync=14.503 ms plan=0.299 ms stage/compute=112.838 ms misses=210
ds4: Flash-MoE hybrid prefill layer=31 ane_groups=1 ane_refs=283 gpu_i8_groups=0 gpu_i8_refs=0 fp32_groups=0 ane_min_refs=256 concurrent=1 ane_pipeline=1 output_queue=4 async_ane=1 gpu_overlap=209 finishes=1 waits=2
ds4: Flash-MoE overlap plan layer=31 exec_groups=210 planned_ane_groups=1 planned_ane_refs=283 planned_gpu_groups=209 planned_gpu_refs=5861 tail_gpu_groups=0 tail_gpu_refs=0 planned_ssd_groups=210 est_gpu=19237.0 est_ane=165.2 est_idle=99.14% wall=112.460 ms actual_ane_groups=1 actual_ane_refs=283 actual_gpu_groups=0 actual_gpu_refs=0 finishes=1 waits=2 overlap_gpu_groups=209
ds4: Flash-MoE async pread canceled queued=0 reading=0 ready=910 finished=0
ds4: gpu chunked prefill pos=2048 tokens=1024 layer 31 encode=128.164 ms execute=2.497 ms
ds4: Flash-MoE prefill layer=32 tokens=1024 unique=210 refs=6144 sync=37.982 ms plan=0.353 ms stage/compute=111.351 ms misses=210
ds4: Flash-MoE hybrid prefill layer=32 ane_groups=0 ane_refs=0 gpu_i8_groups=0 gpu_i8_refs=0 fp32_groups=0 ane_min_refs=256 concurrent=1 ane_pipeline=1 output_queue=4 async_ane=0 gpu_overlap=0 finishes=0 waits=0
ds4: Flash-MoE overlap plan layer=32 exec_groups=210 planned_ane_groups=0 planned_ane_refs=0 planned_gpu_groups=210 planned_gpu_refs=6144 tail_gpu_groups=0 tail_gpu_refs=0 planned_ssd_groups=210 est_gpu=19584.0 est_ane=0.0 est_idle=100.00% wall=110.980 ms actual_ane_groups=0 actual_ane_refs=0 actual_gpu_groups=0 actual_gpu_refs=0 finishes=0 waits=0 overlap_gpu_groups=0
ds4: Flash-MoE async pread canceled queued=0 reading=0 ready=922 finished=0
ds4: gpu chunked prefill pos=2048 tokens=1024 layer 32 encode=149.975 ms execute=2.584 ms
ds4: Flash-MoE prefill layer=33 tokens=1024 unique=204 refs=6144 sync=14.504 ms plan=0.310 ms stage/compute=109.729 ms misses=204
ds4: Flash-MoE hybrid prefill layer=33 ane_groups=1 ane_refs=388 gpu_i8_groups=0 gpu_i8_refs=0 fp32_groups=0 ane_min_refs=256 concurrent=1 ane_pipeline=1 output_queue=4 async_ane=1 gpu_overlap=203 finishes=1 waits=2
ds4: Flash-MoE overlap plan layer=33 exec_groups=204 planned_ane_groups=1 planned_ane_refs=388 planned_gpu_groups=203 planned_gpu_refs=5756 tail_gpu_groups=0 tail_gpu_refs=0 planned_ssd_groups=204 est_gpu=18748.0 est_ane=165.2 est_idle=99.12% wall=109.377 ms actual_ane_groups=1 actual_ane_refs=388 actual_gpu_groups=0 actual_gpu_refs=0 finishes=1 waits=2 overlap_gpu_groups=203
ds4: Flash-MoE async pread canceled queued=0 reading=0 ready=935 finished=0
ds4: gpu chunked prefill pos=2048 tokens=1024 layer 33 encode=125.097 ms execute=2.531 ms
ds4: Flash-MoE prefill layer=34 tokens=1024 unique=208 refs=6144 sync=37.218 ms plan=0.346 ms stage/compute=107.167 ms misses=208
ds4: Flash-MoE hybrid prefill layer=34 ane_groups=3 ane_refs=981 gpu_i8_groups=0 gpu_i8_refs=0 fp32_groups=0 ane_min_refs=256 concurrent=1 ane_pipeline=1 output_queue=4 async_ane=3 gpu_overlap=205 finishes=3 waits=6
ds4: Flash-MoE overlap plan layer=34 exec_groups=208 planned_ane_groups=3 planned_ane_refs=981 planned_gpu_groups=205 planned_gpu_refs=5163 tail_gpu_groups=0 tail_gpu_refs=0 planned_ssd_groups=208 est_gpu=18283.0 est_ane=495.5 est_idle=97.29% wall=106.794 ms actual_ane_groups=3 actual_ane_refs=981 actual_gpu_groups=0 actual_gpu_refs=0 finishes=3 waits=6 overlap_gpu_groups=205
ds4: Flash-MoE async pread canceled queued=0 reading=0 ready=944 finished=0
ds4: gpu chunked prefill pos=2048 tokens=1024 layer 34 encode=145.032 ms execute=2.555 ms
ds4: Flash-MoE prefill layer=35 tokens=1024 unique=209 refs=6144 sync=14.453 ms plan=0.338 ms stage/compute=108.422 ms misses=209
ds4: Flash-MoE hybrid prefill layer=35 ane_groups=2 ane_refs=550 gpu_i8_groups=0 gpu_i8_refs=0 fp32_groups=0 ane_min_refs=256 concurrent=1 ane_pipeline=1 output_queue=4 async_ane=2 gpu_overlap=207 finishes=2 waits=4
ds4: Flash-MoE overlap plan layer=35 exec_groups=209 planned_ane_groups=2 planned_ane_refs=550 planned_gpu_groups=207 planned_gpu_refs=5594 tail_gpu_groups=0 tail_gpu_refs=0 planned_ssd_groups=209 est_gpu=18842.0 est_ane=330.3 est_idle=98.25% wall=108.079 ms actual_ane_groups=2 actual_ane_refs=550 actual_gpu_groups=0 actual_gpu_refs=0 finishes=2 waits=4 overlap_gpu_groups=207
ds4: Flash-MoE async pread canceled queued=0 reading=0 ready=954 finished=0
ds4: gpu chunked prefill pos=2048 tokens=1024 layer 35 encode=123.737 ms execute=2.527 ms
ds4: Flash-MoE prefill layer=36 tokens=1024 unique=211 refs=6144 sync=37.143 ms plan=0.334 ms stage/compute=110.418 ms misses=211
ds4: Flash-MoE hybrid prefill layer=36 ane_groups=2 ane_refs=717 gpu_i8_groups=0 gpu_i8_refs=0 fp32_groups=0 ane_min_refs=256 concurrent=1 ane_pipeline=1 output_queue=4 async_ane=2 gpu_overlap=209 finishes=2 waits=4
ds4: Flash-MoE overlap plan layer=36 exec_groups=211 planned_ane_groups=2 planned_ane_refs=717 planned_gpu_groups=209 planned_gpu_refs=5427 tail_gpu_groups=0 tail_gpu_refs=0 planned_ssd_groups=211 est_gpu=18803.0 est_ane=330.3 est_idle=98.24% wall=110.064 ms actual_ane_groups=2 actual_ane_refs=717 actual_gpu_groups=0 actual_gpu_refs=0 finishes=2 waits=4 overlap_gpu_groups=209
ds4: Flash-MoE async pread canceled queued=0 reading=0 ready=966 finished=0
ds4: gpu chunked prefill pos=2048 tokens=1024 layer 36 encode=148.166 ms execute=2.537 ms
ds4: Flash-MoE prefill layer=37 tokens=1024 unique=207 refs=6144 sync=14.452 ms plan=0.346 ms stage/compute=105.736 ms misses=207
ds4: Flash-MoE hybrid prefill layer=37 ane_groups=2 ane_refs=924 gpu_i8_groups=0 gpu_i8_refs=0 fp32_groups=0 ane_min_refs=256 concurrent=1 ane_pipeline=1 output_queue=4 async_ane=2 gpu_overlap=205 finishes=2 waits=4
ds4: Flash-MoE overlap plan layer=37 exec_groups=207 planned_ane_groups=2 planned_ane_refs=924 planned_gpu_groups=205 planned_gpu_refs=5220 tail_gpu_groups=0 tail_gpu_refs=0 planned_ssd_groups=207 est_gpu=18340.0 est_ane=332.9 est_idle=98.18% wall=105.362 ms actual_ane_groups=2 actual_ane_refs=924 actual_gpu_groups=0 actual_gpu_refs=0 finishes=2 waits=4 overlap_gpu_groups=205
ds4: Flash-MoE async pread canceled queued=0 reading=0 ready=979 finished=0
ds4: gpu chunked prefill pos=2048 tokens=1024 layer 37 encode=121.130 ms execute=2.595 ms
ds4: Flash-MoE prefill layer=38 tokens=1024 unique=208 refs=6144 sync=36.862 ms plan=0.333 ms stage/compute=111.451 ms misses=208
ds4: Flash-MoE hybrid prefill layer=38 ane_groups=2 ane_refs=637 gpu_i8_groups=0 gpu_i8_refs=0 fp32_groups=0 ane_min_refs=256 concurrent=1 ane_pipeline=1 output_queue=4 async_ane=2 gpu_overlap=206 finishes=2 waits=4
ds4: Flash-MoE overlap plan layer=38 exec_groups=208 planned_ane_groups=2 planned_ane_refs=637 planned_gpu_groups=206 planned_gpu_refs=5507 tail_gpu_groups=0 tail_gpu_refs=0 planned_ssd_groups=208 est_gpu=18691.0 est_ane=330.3 est_idle=98.23% wall=111.114 ms actual_ane_groups=2 actual_ane_refs=637 actual_gpu_groups=0 actual_gpu_refs=0 finishes=2 waits=4 overlap_gpu_groups=206
ds4: Flash-MoE async pread canceled queued=0 reading=0 ready=988 finished=0
ds4: gpu chunked prefill pos=2048 tokens=1024 layer 38 encode=148.910 ms execute=2.581 ms
ds4: Flash-MoE prefill layer=39 tokens=1024 unique=216 refs=6144 sync=14.471 ms plan=0.399 ms stage/compute=112.373 ms misses=216
ds4: Flash-MoE hybrid prefill layer=39 ane_groups=1 ane_refs=259 gpu_i8_groups=0 gpu_i8_refs=0 fp32_groups=0 ane_min_refs=256 concurrent=1 ane_pipeline=1 output_queue=4 async_ane=1 gpu_overlap=215 finishes=1 waits=2
ds4: Flash-MoE overlap plan layer=39 exec_groups=216 planned_ane_groups=1 planned_ane_refs=259 planned_gpu_groups=215 planned_gpu_refs=5885 tail_gpu_groups=0 tail_gpu_refs=0 planned_ssd_groups=216 est_gpu=19645.0 est_ane=165.2 est_idle=99.16% wall=112.016 ms actual_ane_groups=1 actual_ane_refs=259 actual_gpu_groups=0 actual_gpu_refs=0 finishes=1 waits=2 overlap_gpu_groups=215
ds4: Flash-MoE async pread canceled queued=0 reading=0 ready=997 finished=0
ds4: gpu chunked prefill pos=2048 tokens=1024 layer 39 encode=127.769 ms execute=2.556 ms
ds4: Flash-MoE prefill layer=40 tokens=1024 unique=176 refs=6144 sync=36.922 ms plan=0.363 ms stage/compute=93.823 ms misses=176
ds4: Flash-MoE hybrid prefill layer=40 ane_groups=2 ane_refs=1202 gpu_i8_groups=0 gpu_i8_refs=0 fp32_groups=0 ane_min_refs=256 concurrent=1 ane_pipeline=1 output_queue=4 async_ane=2 gpu_overlap=174 finishes=2 waits=4
ds4: Flash-MoE overlap plan layer=40 exec_groups=176 planned_ane_groups=2 planned_ane_refs=1202 planned_gpu_groups=174 planned_gpu_refs=4942 tail_gpu_groups=0 tail_gpu_refs=0 planned_ssd_groups=176 est_gpu=16078.0 est_ane=335.5 est_idle=97.91% wall=93.479 ms actual_ane_groups=2 actual_ane_refs=1202 actual_gpu_groups=0 actual_gpu_refs=0 finishes=2 waits=4 overlap_gpu_groups=174
ds4: Flash-MoE async pread canceled queued=0 reading=0 ready=1010 finished=0
ds4: gpu chunked prefill pos=2048 tokens=1024 layer 40 encode=131.401 ms execute=2.618 ms
ds4: Flash-MoE prefill layer=41 tokens=1024 unique=185 refs=6144 sync=14.533 ms plan=0.300 ms stage/compute=101.753 ms misses=185
ds4: Flash-MoE hybrid prefill layer=41 ane_groups=1 ane_refs=524 gpu_i8_groups=0 gpu_i8_refs=0 fp32_groups=0 ane_min_refs=256 concurrent=1 ane_pipeline=1 output_queue=4 async_ane=1 gpu_overlap=184 finishes=1 waits=2
ds4: Flash-MoE overlap plan layer=41 exec_groups=185 planned_ane_groups=1 planned_ane_refs=524 planned_gpu_groups=184 planned_gpu_refs=5620 tail_gpu_groups=0 tail_gpu_refs=0 planned_ssd_groups=185 est_gpu=17396.0 est_ane=167.8 est_idle=99.04% wall=101.420 ms actual_ane_groups=1 actual_ane_refs=524 actual_gpu_groups=0 actual_gpu_refs=0 finishes=1 waits=2 overlap_gpu_groups=184
ds4: Flash-MoE async pread canceled queued=0 reading=0 ready=1024 finished=0
ds4: gpu chunked prefill pos=2048 tokens=1024 layer 41 encode=117.144 ms execute=2.545 ms
ds4: Flash-MoE prefill layer=42 tokens=1024 unique=202 refs=6144 sync=37.628 ms plan=0.308 ms stage/compute=108.785 ms misses=202
ds4: Flash-MoE hybrid prefill layer=42 ane_groups=1 ane_refs=595 gpu_i8_groups=0 gpu_i8_refs=0 fp32_groups=0 ane_min_refs=256 concurrent=1 ane_pipeline=1 output_queue=4 async_ane=1 gpu_overlap=201 finishes=1 waits=2
ds4: Flash-MoE overlap plan layer=42 exec_groups=202 planned_ane_groups=1 planned_ane_refs=595 planned_gpu_groups=201 planned_gpu_refs=5549 tail_gpu_groups=0 tail_gpu_refs=0 planned_ssd_groups=202 est_gpu=18413.0 est_ane=167.8 est_idle=99.09% wall=108.394 ms actual_ane_groups=1 actual_ane_refs=595 actual_gpu_groups=0 actual_gpu_refs=0 finishes=1 waits=2 overlap_gpu_groups=201
ds4: Flash-MoE async pread canceled queued=0 reading=0 ready=1037 finished=0
ds4: gpu chunked prefill pos=2048 tokens=1024 layer 42 encode=146.993 ms execute=2.410 ms
processing 8423 input tokens: 3072/8423 (36.5%) batch=164.39 t/s avg=169.94 t/s
ds4: Flash-MoE prefill layer=0 tokens=1024 unique=256 refs=6144 sync=12.093 ms plan=0.357 ms stage/compute=161.628 ms misses=256
ds4: Flash-MoE hybrid prefill layer=0 ane_groups=0 ane_refs=0 gpu_i8_groups=0 gpu_i8_refs=0 fp32_groups=0 ane_min_refs=256 concurrent=1 ane_pipeline=1 output_queue=4 async_ane=0 gpu_overlap=0 finishes=0 waits=0
ds4: Flash-MoE overlap plan layer=0 exec_groups=256 planned_ane_groups=0 planned_ane_refs=0 planned_gpu_groups=256 planned_gpu_refs=6144 tail_gpu_groups=0 tail_gpu_refs=0 planned_ssd_groups=256 est_gpu=22528.0 est_ane=0.0 est_idle=100.00% wall=161.243 ms actual_ane_groups=0 actual_ane_refs=0 actual_gpu_groups=0 actual_gpu_refs=0 finishes=0 waits=0 overlap_gpu_groups=0
ds4: Flash-MoE async pread canceled queued=0 reading=0 ready=1037 finished=0
ds4: gpu chunked prefill pos=3072 tokens=1024 layer 0 encode=174.521 ms execute=2.636 ms
ds4: Flash-MoE prefill layer=1 tokens=1024 unique=256 refs=6144 sync=12.901 ms plan=0.337 ms stage/compute=147.140 ms misses=256
ds4: Flash-MoE hybrid prefill layer=1 ane_groups=0 ane_refs=0 gpu_i8_groups=0 gpu_i8_refs=0 fp32_groups=0 ane_min_refs=256 concurrent=1 ane_pipeline=1 output_queue=4 async_ane=0 gpu_overlap=0 finishes=0 waits=0
ds4: Flash-MoE overlap plan layer=1 exec_groups=256 planned_ane_groups=0 planned_ane_refs=0 planned_gpu_groups=256 planned_gpu_refs=6144 tail_gpu_groups=0 tail_gpu_refs=0 planned_ssd_groups=256 est_gpu=22528.0 est_ane=0.0 est_idle=100.00% wall=146.720 ms actual_ane_groups=0 actual_ane_refs=0 actual_gpu_groups=0 actual_gpu_refs=0 finishes=0 waits=0 overlap_gpu_groups=0
ds4: Flash-MoE async pread canceled queued=0 reading=0 ready=1037 finished=0
ds4: gpu chunked prefill pos=3072 tokens=1024 layer 1 encode=160.934 ms execute=2.627 ms
ds4: Flash-MoE prefill layer=2 tokens=1024 unique=256 refs=6144 sync=37.951 ms plan=0.334 ms stage/compute=146.502 ms misses=256
ds4: Flash-MoE hybrid prefill layer=2 ane_groups=0 ane_refs=0 gpu_i8_groups=0 gpu_i8_refs=0 fp32_groups=0 ane_min_refs=256 concurrent=1 ane_pipeline=1 output_queue=4 async_ane=0 gpu_overlap=0 finishes=0 waits=0
ds4: Flash-MoE overlap plan layer=2 exec_groups=256 planned_ane_groups=0 planned_ane_refs=0 planned_gpu_groups=256 planned_gpu_refs=6144 tail_gpu_groups=0 tail_gpu_refs=0 planned_ssd_groups=256 est_gpu=22528.0 est_ane=0.0 est_idle=100.00% wall=146.120 ms actual_ane_groups=0 actual_ane_refs=0 actual_gpu_groups=0 actual_gpu_refs=0 finishes=0 waits=0 overlap_gpu_groups=0
ds4: Flash-MoE async pread canceled queued=0 reading=0 ready=1037 finished=0
ds4: gpu chunked prefill pos=3072 tokens=1024 layer 2 encode=185.055 ms execute=2.646 ms
ds4: Flash-MoE prefill layer=3 tokens=1024 unique=234 refs=6144 sync=14.558 ms plan=0.342 ms stage/compute=124.698 ms misses=234
ds4: Flash-MoE hybrid prefill layer=3 ane_groups=1 ane_refs=468 gpu_i8_groups=0 gpu_i8_refs=0 fp32_groups=0 ane_min_refs=256 concurrent=1 ane_pipeline=1 output_queue=4 async_ane=1 gpu_overlap=233 finishes=1 waits=2
ds4: Flash-MoE overlap plan layer=3 exec_groups=234 planned_ane_groups=1 planned_ane_refs=468 planned_gpu_groups=233 planned_gpu_refs=5676 tail_gpu_groups=0 tail_gpu_refs=0 planned_ssd_groups=234 est_gpu=20588.0 est_ane=165.2 est_idle=99.20% wall=124.298 ms actual_ane_groups=1 actual_ane_refs=468 actual_gpu_groups=0 actual_gpu_refs=0 finishes=1 waits=2 overlap_gpu_groups=233
ds4: Flash-MoE async pread canceled queued=0 reading=0 ready=1043 finished=0
ds4: gpu chunked prefill pos=3072 tokens=1024 layer 3 encode=140.137 ms execute=2.786 ms
ds4: Flash-MoE prefill layer=4 tokens=1024 unique=223 refs=6144 sync=37.733 ms plan=0.343 ms stage/compute=118.407 ms misses=223
ds4: Flash-MoE hybrid prefill layer=4 ane_groups=1 ane_refs=274 gpu_i8_groups=0 gpu_i8_refs=0 fp32_groups=0 ane_min_refs=256 concurrent=1 ane_pipeline=1 output_queue=4 async_ane=1 gpu_overlap=222 finishes=1 waits=2
ds4: Flash-MoE overlap plan layer=4 exec_groups=223 planned_ane_groups=1 planned_ane_refs=274 planned_gpu_groups=222 planned_gpu_refs=5870 tail_gpu_groups=0 tail_gpu_refs=0 planned_ssd_groups=223 est_gpu=20078.0 est_ane=165.2 est_idle=99.18% wall=118.059 ms actual_ane_groups=1 actual_ane_refs=274 actual_gpu_groups=0 actual_gpu_refs=0 finishes=1 waits=2 overlap_gpu_groups=222
ds4: Flash-MoE async pread canceled queued=0 reading=0 ready=1049 finished=0
ds4: gpu chunked prefill pos=3072 tokens=1024 layer 4 encode=156.943 ms execute=2.511 ms
ds4: Flash-MoE prefill layer=5 tokens=1024 unique=242 refs=6144 sync=14.556 ms plan=0.331 ms stage/compute=126.080 ms misses=242
ds4: Flash-MoE hybrid prefill layer=5 ane_groups=1 ane_refs=564 gpu_i8_groups=0 gpu_i8_refs=0 fp32_groups=0 ane_min_refs=256 concurrent=1 ane_pipeline=1 output_queue=4 async_ane=1 gpu_overlap=241 finishes=1 waits=2
ds4: Flash-MoE overlap plan layer=5 exec_groups=242 planned_ane_groups=1 planned_ane_refs=564 planned_gpu_groups=241 planned_gpu_refs=5580 tail_gpu_groups=0 tail_gpu_refs=0 planned_ssd_groups=242 est_gpu=21004.0 est_ane=167.8 est_idle=99.20% wall=125.704 ms actual_ane_groups=1 actual_ane_refs=564 actual_gpu_groups=0 actual_gpu_refs=0 finishes=1 waits=2 overlap_gpu_groups=241
ds4: Flash-MoE async pread canceled queued=0 reading=0 ready=1052 finished=0
ds4: gpu chunked prefill pos=3072 tokens=1024 layer 5 encode=141.543 ms execute=2.555 ms
ds4: Flash-MoE prefill layer=6 tokens=1024 unique=223 refs=6144 sync=37.673 ms plan=0.326 ms stage/compute=119.995 ms misses=223
ds4: Flash-MoE hybrid prefill layer=6 ane_groups=1 ane_refs=405 gpu_i8_groups=0 gpu_i8_refs=0 fp32_groups=0 ane_min_refs=256 concurrent=1 ane_pipeline=1 output_queue=4 async_ane=1 gpu_overlap=222 finishes=1 waits=2
ds4: Flash-MoE overlap plan layer=6 exec_groups=223 planned_ane_groups=1 planned_ane_refs=405 planned_gpu_groups=222 planned_gpu_refs=5739 tail_gpu_groups=0 tail_gpu_refs=0 planned_ssd_groups=223 est_gpu=19947.0 est_ane=165.2 est_idle=99.17% wall=119.557 ms actual_ane_groups=1 actual_ane_refs=405 actual_gpu_groups=0 actual_gpu_refs=0 finishes=1 waits=2 overlap_gpu_groups=222
ds4: Flash-MoE async pread canceled queued=0 reading=0 ready=1057 finished=0
ds4: gpu chunked prefill pos=3072 tokens=1024 layer 6 encode=158.324 ms execute=2.710 ms
ds4: Flash-MoE prefill layer=7 tokens=1024 unique=230 refs=6144 sync=14.526 ms plan=0.336 ms stage/compute=116.109 ms misses=230
ds4: Flash-MoE hybrid prefill layer=7 ane_groups=3 ane_refs=998 gpu_i8_groups=0 gpu_i8_refs=0 fp32_groups=0 ane_min_refs=256 concurrent=1 ane_pipeline=1 output_queue=4 async_ane=3 gpu_overlap=227 finishes=3 waits=6
ds4: Flash-MoE overlap plan layer=7 exec_groups=230 planned_ane_groups=3 planned_ane_refs=998 planned_gpu_groups=227 planned_gpu_refs=5146 tail_gpu_groups=0 tail_gpu_refs=0 planned_ssd_groups=230 est_gpu=19674.0 est_ane=495.5 est_idle=97.48% wall=115.753 ms actual_ane_groups=3 actual_ane_refs=998 actual_gpu_groups=0 actual_gpu_refs=0 finishes=3 waits=6 overlap_gpu_groups=227
ds4: Flash-MoE async pread canceled queued=0 reading=0 ready=1061 finished=0
ds4: gpu chunked prefill pos=3072 tokens=1024 layer 7 encode=131.584 ms execute=2.527 ms
ds4: Flash-MoE prefill layer=8 tokens=1024 unique=230 refs=6144 sync=37.773 ms plan=0.371 ms stage/compute=117.857 ms misses=230
ds4: Flash-MoE hybrid prefill layer=8 ane_groups=2 ane_refs=927 gpu_i8_groups=0 gpu_i8_refs=0 fp32_groups=0 ane_min_refs=256 concurrent=1 ane_pipeline=1 output_queue=4 async_ane=2 gpu_overlap=228 finishes=2 waits=4
ds4: Flash-MoE overlap plan layer=8 exec_groups=230 planned_ane_groups=2 planned_ane_refs=927 planned_gpu_groups=228 planned_gpu_refs=5217 tail_gpu_groups=0 tail_gpu_refs=0 planned_ssd_groups=230 est_gpu=19809.0 est_ane=332.9 est_idle=98.32% wall=117.466 ms actual_ane_groups=2 actual_ane_refs=927 actual_gpu_groups=0 actual_gpu_refs=0 finishes=2 waits=4 overlap_gpu_groups=228
ds4: Flash-MoE async pread canceled queued=0 reading=0 ready=1066 finished=0
ds4: gpu chunked prefill pos=3072 tokens=1024 layer 8 encode=156.330 ms execute=2.563 ms
ds4: Flash-MoE prefill layer=9 tokens=1024 unique=232 refs=6144 sync=14.545 ms plan=0.315 ms stage/compute=123.352 ms misses=232
ds4: Flash-MoE hybrid prefill layer=9 ane_groups=1 ane_refs=449 gpu_i8_groups=0 gpu_i8_refs=0 fp32_groups=0 ane_min_refs=256 concurrent=1 ane_pipeline=1 output_queue=4 async_ane=1 gpu_overlap=231 finishes=1 waits=2
ds4: Flash-MoE overlap plan layer=9 exec_groups=232 planned_ane_groups=1 planned_ane_refs=449 planned_gpu_groups=231 planned_gpu_refs=5695 tail_gpu_groups=0 tail_gpu_refs=0 planned_ssd_groups=232 est_gpu=20479.0 est_ane=165.2 est_idle=99.19% wall=122.980 ms actual_ane_groups=1 actual_ane_refs=449 actual_gpu_groups=0 actual_gpu_refs=0 finishes=1 waits=2 overlap_gpu_groups=231
ds4: Flash-MoE async pread canceled queued=0 reading=0 ready=1070 finished=0
ds4: gpu chunked prefill pos=3072 tokens=1024 layer 9 encode=138.757 ms execute=2.560 ms
ds4: Flash-MoE prefill layer=10 tokens=1024 unique=224 refs=6144 sync=37.885 ms plan=0.411 ms stage/compute=120.124 ms misses=224
ds4: Flash-MoE hybrid prefill layer=10 ane_groups=0 ane_refs=0 gpu_i8_groups=0 gpu_i8_refs=0 fp32_groups=0 ane_min_refs=256 concurrent=1 ane_pipeline=1 output_queue=4 async_ane=0 gpu_overlap=0 finishes=0 waits=0
ds4: Flash-MoE overlap plan layer=10 exec_groups=224 planned_ane_groups=0 planned_ane_refs=0 planned_gpu_groups=224 planned_gpu_refs=6144 tail_gpu_groups=0 tail_gpu_refs=0 planned_ssd_groups=224 est_gpu=20480.0 est_ane=0.0 est_idle=100.00% wall=119.711 ms actual_ane_groups=0 actual_ane_refs=0 actual_gpu_groups=0 actual_gpu_refs=0 finishes=0 waits=0 overlap_gpu_groups=0
ds4: Flash-MoE async pread canceled queued=0 reading=0 ready=1079 finished=0
ds4: gpu chunked prefill pos=3072 tokens=1024 layer 10 encode=158.691 ms execute=2.598 ms
ds4: Flash-MoE prefill layer=11 tokens=1024 unique=231 refs=6144 sync=14.522 ms plan=0.353 ms stage/compute=119.911 ms misses=231
ds4: Flash-MoE hybrid prefill layer=11 ane_groups=1 ane_refs=396 gpu_i8_groups=0 gpu_i8_refs=0 fp32_groups=0 ane_min_refs=256 concurrent=1 ane_pipeline=1 output_queue=4 async_ane=1 gpu_overlap=230 finishes=1 waits=2
ds4: Flash-MoE overlap plan layer=11 exec_groups=231 planned_ane_groups=1 planned_ane_refs=396 planned_gpu_groups=230 planned_gpu_refs=5748 tail_gpu_groups=0 tail_gpu_refs=0 planned_ssd_groups=231 est_gpu=20468.0 est_ane=165.2 est_idle=99.19% wall=119.542 ms actual_ane_groups=1 actual_ane_refs=396 actual_gpu_groups=0 actual_gpu_refs=0 finishes=1 waits=2 overlap_gpu_groups=230
ds4: Flash-MoE async pread canceled queued=0 reading=0 ready=1085 finished=0
ds4: gpu chunked prefill pos=3072 tokens=1024 layer 11 encode=135.330 ms execute=2.527 ms
ds4: Flash-MoE prefill layer=12 tokens=1024 unique=201 refs=6144 sync=37.758 ms plan=0.343 ms stage/compute=108.884 ms misses=201
ds4: Flash-MoE hybrid prefill layer=12 ane_groups=1 ane_refs=271 gpu_i8_groups=0 gpu_i8_refs=0 fp32_groups=0 ane_min_refs=256 concurrent=1 ane_pipeline=1 output_queue=4 async_ane=1 gpu_overlap=200 finishes=1 waits=2
ds4: Flash-MoE overlap plan layer=12 exec_groups=201 planned_ane_groups=1 planned_ane_refs=271 planned_gpu_groups=200 planned_gpu_refs=5873 tail_gpu_groups=0 tail_gpu_refs=0 planned_ssd_groups=201 est_gpu=18673.0 est_ane=165.2 est_idle=99.12% wall=108.539 ms actual_ane_groups=1 actual_ane_refs=271 actual_gpu_groups=0 actual_gpu_refs=0 finishes=1 waits=2 overlap_gpu_groups=200
ds4: Flash-MoE async pread canceled queued=0 reading=0 ready=1096 finished=0
ds4: gpu chunked prefill pos=3072 tokens=1024 layer 12 encode=147.263 ms execute=2.633 ms
ds4: Flash-MoE prefill layer=13 tokens=1024 unique=219 refs=6144 sync=14.530 ms plan=0.356 ms stage/compute=110.704 ms misses=219
ds4: Flash-MoE hybrid prefill layer=13 ane_groups=2 ane_refs=663 gpu_i8_groups=0 gpu_i8_refs=0 fp32_groups=0 ane_min_refs=256 concurrent=1 ane_pipeline=1 output_queue=4 async_ane=2 gpu_overlap=217 finishes=2 waits=4
ds4: Flash-MoE overlap plan layer=13 exec_groups=219 planned_ane_groups=2 planned_ane_refs=663 planned_gpu_groups=217 planned_gpu_refs=5481 tail_gpu_groups=0 tail_gpu_refs=0 planned_ssd_groups=219 est_gpu=19369.0 est_ane=330.3 est_idle=98.29% wall=110.345 ms actual_ane_groups=2 actual_ane_refs=663 actual_gpu_groups=0 actual_gpu_refs=0 finishes=2 waits=4 overlap_gpu_groups=217
ds4: Flash-MoE async pread canceled queued=0 reading=0 ready=1101 finished=0
ds4: gpu chunked prefill pos=3072 tokens=1024 layer 13 encode=126.146 ms execute=2.604 ms
ds4: Flash-MoE prefill layer=14 tokens=1024 unique=215 refs=6144 sync=38.544 ms plan=0.284 ms stage/compute=112.897 ms misses=215
ds4: Flash-MoE hybrid prefill layer=14 ane_groups=1 ane_refs=317 gpu_i8_groups=0 gpu_i8_refs=0 fp32_groups=0 ane_min_refs=256 concurrent=1 ane_pipeline=1 output_queue=4 async_ane=1 gpu_overlap=214 finishes=1 waits=2
ds4: Flash-MoE overlap plan layer=14 exec_groups=215 planned_ane_groups=1 planned_ane_refs=317 planned_gpu_groups=214 planned_gpu_refs=5827 tail_gpu_groups=0 tail_gpu_refs=0 planned_ssd_groups=215 est_gpu=19523.0 est_ane=165.2 est_idle=99.15% wall=112.505 ms actual_ane_groups=1 actual_ane_refs=317 actual_gpu_groups=0 actual_gpu_refs=0 finishes=1 waits=2 overlap_gpu_groups=214
ds4: Flash-MoE async pread canceled queued=0 reading=0 ready=1111 finished=0
ds4: gpu chunked prefill pos=3072 tokens=1024 layer 14 encode=152.013 ms execute=2.550 ms
ds4: Flash-MoE prefill layer=15 tokens=1024 unique=209 refs=6144 sync=14.533 ms plan=0.300 ms stage/compute=107.514 ms misses=209
ds4: Flash-MoE hybrid prefill layer=15 ane_groups=1 ane_refs=278 gpu_i8_groups=0 gpu_i8_refs=0 fp32_groups=0 ane_min_refs=256 concurrent=1 ane_pipeline=1 output_queue=4 async_ane=1 gpu_overlap=208 finishes=1 waits=2
ds4: Flash-MoE overlap plan layer=15 exec_groups=209 planned_ane_groups=1 planned_ane_refs=278 planned_gpu_groups=208 planned_gpu_refs=5866 tail_gpu_groups=0 tail_gpu_refs=0 planned_ssd_groups=209 est_gpu=19178.0 est_ane=165.2 est_idle=99.14% wall=107.168 ms actual_ane_groups=1 actual_ane_refs=278 actual_gpu_groups=0 actual_gpu_refs=0 finishes=1 waits=2 overlap_gpu_groups=208
ds4: Flash-MoE async pread canceled queued=0 reading=0 ready=1117 finished=0
ds4: gpu chunked prefill pos=3072 tokens=1024 layer 15 encode=122.911 ms execute=2.506 ms
ds4: Flash-MoE prefill layer=16 tokens=1024 unique=209 refs=6144 sync=37.767 ms plan=0.344 ms stage/compute=110.852 ms misses=209
ds4: Flash-MoE hybrid prefill layer=16 ane_groups=2 ane_refs=710 gpu_i8_groups=0 gpu_i8_refs=0 fp32_groups=0 ane_min_refs=256 concurrent=1 ane_pipeline=1 output_queue=4 async_ane=2 gpu_overlap=207 finishes=2 waits=4
ds4: Flash-MoE overlap plan layer=16 exec_groups=209 planned_ane_groups=2 planned_ane_refs=710 planned_gpu_groups=207 planned_gpu_refs=5434 tail_gpu_groups=0 tail_gpu_refs=0 planned_ssd_groups=209 est_gpu=18682.0 est_ane=330.3 est_idle=98.23% wall=110.479 ms actual_ane_groups=2 actual_ane_refs=710 actual_gpu_groups=0 actual_gpu_refs=0 finishes=2 waits=4 overlap_gpu_groups=207
ds4: Flash-MoE async pread canceled queued=0 reading=0 ready=1128 finished=0
ds4: gpu chunked prefill pos=3072 tokens=1024 layer 16 encode=149.233 ms execute=2.555 ms
ds4: Flash-MoE prefill layer=17 tokens=1024 unique=214 refs=6144 sync=14.587 ms plan=0.357 ms stage/compute=110.495 ms misses=214
ds4: Flash-MoE hybrid prefill layer=17 ane_groups=2 ane_refs=642 gpu_i8_groups=0 gpu_i8_refs=0 fp32_groups=0 ane_min_refs=256 concurrent=1 ane_pipeline=1 output_queue=4 async_ane=2 gpu_overlap=212 finishes=2 waits=4
ds4: Flash-MoE overlap plan layer=17 exec_groups=214 planned_ane_groups=2 planned_ane_refs=642 planned_gpu_groups=212 planned_gpu_refs=5502 tail_gpu_groups=0 tail_gpu_refs=0 planned_ssd_groups=214 est_gpu=19070.0 est_ane=330.3 est_idle=98.27% wall=110.116 ms actual_ane_groups=2 actual_ane_refs=642 actual_gpu_groups=0 actual_gpu_refs=0 finishes=2 waits=4 overlap_gpu_groups=212
ds4: Flash-MoE async pread canceled queued=0 reading=0 ready=1137 finished=0
ds4: gpu chunked prefill pos=3072 tokens=1024 layer 17 encode=126.029 ms execute=2.569 ms
ds4: Flash-MoE prefill layer=18 tokens=1024 unique=198 refs=6144 sync=37.721 ms plan=0.383 ms stage/compute=100.939 ms misses=198
ds4: Flash-MoE hybrid prefill layer=18 ane_groups=3 ane_refs=1048 gpu_i8_groups=0 gpu_i8_refs=0 fp32_groups=0 ane_min_refs=256 concurrent=1 ane_pipeline=1 output_queue=4 async_ane=3 gpu_overlap=195 finishes=3 waits=6
ds4: Flash-MoE overlap plan layer=18 exec_groups=198 planned_ane_groups=3 planned_ane_refs=1048 planned_gpu_groups=195 planned_gpu_refs=5096 tail_gpu_groups=0 tail_gpu_refs=0 planned_ssd_groups=198 est_gpu=17576.0 est_ane=495.5 est_idle=97.18% wall=100.592 ms actual_ane_groups=3 actual_ane_refs=1048 actual_gpu_groups=0 actual_gpu_refs=0 finishes=3 waits=6 overlap_gpu_groups=195
ds4: Flash-MoE async pread canceled queued=0 reading=0 ready=1151 finished=0
ds4: gpu chunked prefill pos=3072 tokens=1024 layer 18 encode=139.324 ms execute=2.647 ms
ds4: Flash-MoE prefill layer=19 tokens=1024 unique=223 refs=6144 sync=14.663 ms plan=0.310 ms stage/compute=121.342 ms misses=223
ds4: Flash-MoE hybrid prefill layer=19 ane_groups=0 ane_refs=0 gpu_i8_groups=0 gpu_i8_refs=0 fp32_groups=0 ane_min_refs=256 concurrent=1 ane_pipeline=1 output_queue=4 async_ane=0 gpu_overlap=0 finishes=0 waits=0
ds4: Flash-MoE overlap plan layer=19 exec_groups=223 planned_ane_groups=0 planned_ane_refs=0 planned_gpu_groups=223 planned_gpu_refs=6144 tail_gpu_groups=0 tail_gpu_refs=0 planned_ssd_groups=223 est_gpu=20416.0 est_ane=0.0 est_idle=100.00% wall=120.960 ms actual_ane_groups=0 actual_ane_refs=0 actual_gpu_groups=0 actual_gpu_refs=0 finishes=0 waits=0 overlap_gpu_groups=0
ds4: Flash-MoE async pread canceled queued=0 reading=0 ready=1156 finished=0
ds4: gpu chunked prefill pos=3072 tokens=1024 layer 19 encode=136.901 ms execute=2.574 ms
ds4: Flash-MoE prefill layer=20 tokens=1024 unique=189 refs=6144 sync=37.625 ms plan=0.281 ms stage/compute=101.658 ms misses=189
ds4: Flash-MoE hybrid prefill layer=20 ane_groups=1 ane_refs=491 gpu_i8_groups=0 gpu_i8_refs=0 fp32_groups=0 ane_min_refs=256 concurrent=1 ane_pipeline=1 output_queue=4 async_ane=1 gpu_overlap=188 finishes=1 waits=2
ds4: Flash-MoE overlap plan layer=20 exec_groups=189 planned_ane_groups=1 planned_ane_refs=491 planned_gpu_groups=188 planned_gpu_refs=5653 tail_gpu_groups=0 tail_gpu_refs=0 planned_ssd_groups=189 est_gpu=17685.0 est_ane=165.2 est_idle=99.07% wall=101.324 ms actual_ane_groups=1 actual_ane_refs=491 actual_gpu_groups=0 actual_gpu_refs=0 finishes=1 waits=2 overlap_gpu_groups=188
ds4: Flash-MoE async pread canceled queued=0 reading=0 ready=1171 finished=0
ds4: gpu chunked prefill pos=3072 tokens=1024 layer 20 encode=139.846 ms execute=2.558 ms
ds4: Flash-MoE prefill layer=21 tokens=1024 unique=210 refs=6144 sync=14.527 ms plan=0.280 ms stage/compute=112.776 ms misses=210
ds4: Flash-MoE hybrid prefill layer=21 ane_groups=1 ane_refs=451 gpu_i8_groups=0 gpu_i8_refs=0 fp32_groups=0 ane_min_refs=256 concurrent=1 ane_pipeline=1 output_queue=4 async_ane=1 gpu_overlap=209 finishes=1 waits=2
ds4: Flash-MoE overlap plan layer=21 exec_groups=210 planned_ane_groups=1 planned_ane_refs=451 planned_gpu_groups=209 planned_gpu_refs=5693 tail_gpu_groups=0 tail_gpu_refs=0 planned_ssd_groups=210 est_gpu=19069.0 est_ane=165.2 est_idle=99.13% wall=112.394 ms actual_ane_groups=1 actual_ane_refs=451 actual_gpu_groups=0 actual_gpu_refs=0 finishes=1 waits=2 overlap_gpu_groups=209
ds4: Flash-MoE async pread canceled queued=0 reading=0 ready=1179 finished=0
ds4: gpu chunked prefill pos=3072 tokens=1024 layer 21 encode=128.131 ms execute=2.566 ms
ds4: Flash-MoE prefill layer=22 tokens=1024 unique=208 refs=6144 sync=38.684 ms plan=0.332 ms stage/compute=109.524 ms misses=208
ds4: Flash-MoE hybrid prefill layer=22 ane_groups=1 ane_refs=290 gpu_i8_groups=0 gpu_i8_refs=0 fp32_groups=0 ane_min_refs=256 concurrent=1 ane_pipeline=1 output_queue=4 async_ane=1 gpu_overlap=207 finishes=1 waits=2
ds4: Flash-MoE overlap plan layer=22 exec_groups=208 planned_ane_groups=1 planned_ane_refs=290 planned_gpu_groups=207 planned_gpu_refs=5854 tail_gpu_groups=0 tail_gpu_refs=0 planned_ssd_groups=208 est_gpu=19102.0 est_ane=165.2 est_idle=99.14% wall=109.190 ms actual_ane_groups=1 actual_ane_refs=290 actual_gpu_groups=0 actual_gpu_refs=0 finishes=1 waits=2 overlap_gpu_groups=207
ds4: Flash-MoE async pread canceled queued=0 reading=0 ready=1188 finished=0
ds4: gpu chunked prefill pos=3072 tokens=1024 layer 22 encode=148.838 ms execute=2.572 ms
ds4: Flash-MoE prefill layer=23 tokens=1024 unique=222 refs=6144 sync=14.437 ms plan=0.404 ms stage/compute=117.098 ms misses=222
ds4: Flash-MoE hybrid prefill layer=23 ane_groups=1 ane_refs=279 gpu_i8_groups=0 gpu_i8_refs=0 fp32_groups=0 ane_min_refs=256 concurrent=1 ane_pipeline=1 output_queue=4 async_ane=1 gpu_overlap=221 finishes=1 waits=2
ds4: Flash-MoE overlap plan layer=23 exec_groups=222 planned_ane_groups=1 planned_ane_refs=279 planned_gpu_groups=221 planned_gpu_refs=5865 tail_gpu_groups=0 tail_gpu_refs=0 planned_ssd_groups=222 est_gpu=20009.0 est_ane=165.2 est_idle=99.17% wall=116.741 ms actual_ane_groups=1 actual_ane_refs=279 actual_gpu_groups=0 actual_gpu_refs=0 finishes=1 waits=2 overlap_gpu_groups=221
ds4: Flash-MoE async pread canceled queued=0 reading=0 ready=1193 finished=0
ds4: gpu chunked prefill pos=3072 tokens=1024 layer 23 encode=132.476 ms execute=2.519 ms
ds4: Flash-MoE prefill layer=24 tokens=1024 unique=203 refs=6144 sync=38.329 ms plan=0.334 ms stage/compute=108.367 ms misses=203
ds4: Flash-MoE hybrid prefill layer=24 ane_groups=1 ane_refs=371 gpu_i8_groups=0 gpu_i8_refs=0 fp32_groups=0 ane_min_refs=256 concurrent=1 ane_pipeline=1 output_queue=4 async_ane=1 gpu_overlap=202 finishes=1 waits=2
ds4: Flash-MoE overlap plan layer=24 exec_groups=203 planned_ane_groups=1 planned_ane_refs=371 planned_gpu_groups=202 planned_gpu_refs=5773 tail_gpu_groups=0 tail_gpu_refs=0 planned_ssd_groups=203 est_gpu=18701.0 est_ane=165.2 est_idle=99.12% wall=108.021 ms actual_ane_groups=1 actual_ane_refs=371 actual_gpu_groups=0 actual_gpu_refs=0 finishes=1 waits=2 overlap_gpu_groups=202
ds4: Flash-MoE async pread canceled queued=0 reading=0 ready=1198 finished=0
ds4: gpu chunked prefill pos=3072 tokens=1024 layer 24 encode=147.317 ms execute=2.568 ms
ds4: Flash-MoE prefill layer=25 tokens=1024 unique=220 refs=6144 sync=14.525 ms plan=0.312 ms stage/compute=119.530 ms misses=220
ds4: Flash-MoE hybrid prefill layer=25 ane_groups=1 ane_refs=347 gpu_i8_groups=0 gpu_i8_refs=0 fp32_groups=0 ane_min_refs=256 concurrent=1 ane_pipeline=1 output_queue=4 async_ane=1 gpu_overlap=219 finishes=1 waits=2
ds4: Flash-MoE overlap plan layer=25 exec_groups=220 planned_ane_groups=1 planned_ane_refs=347 planned_gpu_groups=219 planned_gpu_refs=5797 tail_gpu_groups=0 tail_gpu_refs=0 planned_ssd_groups=220 est_gpu=19813.0 est_ane=165.2 est_idle=99.17% wall=119.184 ms actual_ane_groups=1 actual_ane_refs=347 actual_gpu_groups=0 actual_gpu_refs=0 finishes=1 waits=2 overlap_gpu_groups=219
ds4: Flash-MoE async pread canceled queued=0 reading=0 ready=1207 finished=0
ds4: gpu chunked prefill pos=3072 tokens=1024 layer 25 encode=134.924 ms execute=2.535 ms
ds4: Flash-MoE prefill layer=26 tokens=1024 unique=208 refs=6144 sync=37.747 ms plan=0.289 ms stage/compute=108.345 ms misses=208
ds4: Flash-MoE hybrid prefill layer=26 ane_groups=2 ane_refs=757 gpu_i8_groups=0 gpu_i8_refs=0 fp32_groups=0 ane_min_refs=256 concurrent=1 ane_pipeline=1 output_queue=4 async_ane=2 gpu_overlap=206 finishes=2 waits=4
ds4: Flash-MoE overlap plan layer=26 exec_groups=208 planned_ane_groups=2 planned_ane_refs=757 planned_gpu_groups=206 planned_gpu_refs=5387 tail_gpu_groups=0 tail_gpu_refs=0 planned_ssd_groups=208 est_gpu=18571.0 est_ane=330.3 est_idle=98.22% wall=108.010 ms actual_ane_groups=2 actual_ane_refs=757 actual_gpu_groups=0 actual_gpu_refs=0 finishes=2 waits=4 overlap_gpu_groups=206
ds4: Flash-MoE async pread canceled queued=0 reading=0 ready=1212 finished=0
ds4: gpu chunked prefill pos=3072 tokens=1024 layer 26 encode=146.666 ms execute=2.574 ms
ds4: Flash-MoE prefill layer=27 tokens=1024 unique=217 refs=6144 sync=14.474 ms plan=0.351 ms stage/compute=115.936 ms misses=217
ds4: Flash-MoE hybrid prefill layer=27 ane_groups=1 ane_refs=436 gpu_i8_groups=0 gpu_i8_refs=0 fp32_groups=0 ane_min_refs=256 concurrent=1 ane_pipeline=1 output_queue=4 async_ane=1 gpu_overlap=216 finishes=1 waits=2
ds4: Flash-MoE overlap plan layer=27 exec_groups=217 planned_ane_groups=1 planned_ane_refs=436 planned_gpu_groups=216 planned_gpu_refs=5708 tail_gpu_groups=0 tail_gpu_refs=0 planned_ssd_groups=217 est_gpu=19532.0 est_ane=165.2 est_idle=99.15% wall=115.574 ms actual_ane_groups=1 actual_ane_refs=436 actual_gpu_groups=0 actual_gpu_refs=0 finishes=1 waits=2 overlap_gpu_groups=216
ds4: Flash-MoE async pread canceled queued=0 reading=0 ready=1218 finished=0
ds4: gpu chunked prefill pos=3072 tokens=1024 layer 27 encode=131.288 ms execute=2.559 ms
ds4: Flash-MoE prefill layer=28 tokens=1024 unique=210 refs=6144 sync=37.559 ms plan=0.382 ms stage/compute=113.740 ms misses=210
ds4: Flash-MoE hybrid prefill layer=28 ane_groups=1 ane_refs=358 gpu_i8_groups=0 gpu_i8_refs=0 fp32_groups=0 ane_min_refs=256 concurrent=1 ane_pipeline=1 output_queue=4 async_ane=1 gpu_overlap=209 finishes=1 waits=2
ds4: Flash-MoE overlap plan layer=28 exec_groups=210 planned_ane_groups=1 planned_ane_refs=358 planned_gpu_groups=209 planned_gpu_refs=5786 tail_gpu_groups=0 tail_gpu_refs=0 planned_ssd_groups=210 est_gpu=19162.0 est_ane=165.2 est_idle=99.14% wall=113.378 ms actual_ane_groups=1 actual_ane_refs=358 actual_gpu_groups=0 actual_gpu_refs=0 finishes=1 waits=2 overlap_gpu_groups=209
ds4: Flash-MoE async pread canceled queued=0 reading=0 ready=1225 finished=0
ds4: gpu chunked prefill pos=3072 tokens=1024 layer 28 encode=151.952 ms execute=2.546 ms
ds4: Flash-MoE prefill layer=29 tokens=1024 unique=205 refs=6144 sync=14.494 ms plan=0.320 ms stage/compute=110.330 ms misses=205
ds4: Flash-MoE hybrid prefill layer=29 ane_groups=1 ane_refs=361 gpu_i8_groups=0 gpu_i8_refs=0 fp32_groups=0 ane_min_refs=256 concurrent=1 ane_pipeline=1 output_queue=4 async_ane=1 gpu_overlap=204 finishes=1 waits=2
ds4: Flash-MoE overlap plan layer=29 exec_groups=205 planned_ane_groups=1 planned_ane_refs=361 planned_gpu_groups=204 planned_gpu_refs=5783 tail_gpu_groups=0 tail_gpu_refs=0 planned_ssd_groups=205 est_gpu=18839.0 est_ane=165.2 est_idle=99.12% wall=109.993 ms actual_ane_groups=1 actual_ane_refs=361 actual_gpu_groups=0 actual_gpu_refs=0 finishes=1 waits=2 overlap_gpu_groups=204
ds4: Flash-MoE async pread canceled queued=0 reading=0 ready=1240 finished=0
ds4: gpu chunked prefill pos=3072 tokens=1024 layer 29 encode=125.725 ms execute=2.546 ms
ds4: Flash-MoE prefill layer=30 tokens=1024 unique=214 refs=6144 sync=37.532 ms plan=0.329 ms stage/compute=118.846 ms misses=214
ds4: Flash-MoE hybrid prefill layer=30 ane_groups=0 ane_refs=0 gpu_i8_groups=0 gpu_i8_refs=0 fp32_groups=0 ane_min_refs=256 concurrent=1 ane_pipeline=1 output_queue=4 async_ane=0 gpu_overlap=0 finishes=0 waits=0
ds4: Flash-MoE overlap plan layer=30 exec_groups=214 planned_ane_groups=0 planned_ane_refs=0 planned_gpu_groups=214 planned_gpu_refs=6144 tail_gpu_groups=0 tail_gpu_refs=0 planned_ssd_groups=214 est_gpu=19840.0 est_ane=0.0 est_idle=100.00% wall=118.473 ms actual_ane_groups=0 actual_ane_refs=0 actual_gpu_groups=0 actual_gpu_refs=0 finishes=0 waits=0 overlap_gpu_groups=0
ds4: Flash-MoE async pread canceled queued=0 reading=0 ready=1250 finished=0
ds4: gpu chunked prefill pos=3072 tokens=1024 layer 30 encode=156.980 ms execute=2.596 ms
ds4: Flash-MoE prefill layer=31 tokens=1024 unique=212 refs=6144 sync=14.665 ms plan=0.305 ms stage/compute=112.111 ms misses=212
ds4: Flash-MoE hybrid prefill layer=31 ane_groups=1 ane_refs=327 gpu_i8_groups=0 gpu_i8_refs=0 fp32_groups=0 ane_min_refs=256 concurrent=1 ane_pipeline=1 output_queue=4 async_ane=1 gpu_overlap=211 finishes=1 waits=2
ds4: Flash-MoE overlap plan layer=31 exec_groups=212 planned_ane_groups=1 planned_ane_refs=327 planned_gpu_groups=211 planned_gpu_refs=5817 tail_gpu_groups=0 tail_gpu_refs=0 planned_ssd_groups=212 est_gpu=19321.0 est_ane=165.2 est_idle=99.15% wall=111.719 ms actual_ane_groups=1 actual_ane_refs=327 actual_gpu_groups=0 actual_gpu_refs=0 finishes=1 waits=2 overlap_gpu_groups=211
ds4: Flash-MoE async pread canceled queued=0 reading=0 ready=1256 finished=0
ds4: gpu chunked prefill pos=3072 tokens=1024 layer 31 encode=127.693 ms execute=2.542 ms
ds4: Flash-MoE prefill layer=32 tokens=1024 unique=216 refs=6144 sync=37.579 ms plan=0.308 ms stage/compute=115.102 ms misses=216
ds4: Flash-MoE hybrid prefill layer=32 ane_groups=0 ane_refs=0 gpu_i8_groups=0 gpu_i8_refs=0 fp32_groups=0 ane_min_refs=256 concurrent=1 ane_pipeline=1 output_queue=4 async_ane=0 gpu_overlap=0 finishes=0 waits=0
ds4: Flash-MoE overlap plan layer=32 exec_groups=216 planned_ane_groups=0 planned_ane_refs=0 planned_gpu_groups=216 planned_gpu_refs=6144 tail_gpu_groups=0 tail_gpu_refs=0 planned_ssd_groups=216 est_gpu=19968.0 est_ane=0.0 est_idle=100.00% wall=114.760 ms actual_ane_groups=0 actual_ane_refs=0 actual_gpu_groups=0 actual_gpu_refs=0 finishes=0 waits=0 overlap_gpu_groups=0
ds4: Flash-MoE async pread canceled queued=0 reading=0 ready=1266 finished=0
ds4: gpu chunked prefill pos=3072 tokens=1024 layer 32 encode=153.261 ms execute=2.595 ms
ds4: Flash-MoE prefill layer=33 tokens=1024 unique=201 refs=6144 sync=14.545 ms plan=0.301 ms stage/compute=110.615 ms misses=201
ds4: Flash-MoE hybrid prefill layer=33 ane_groups=1 ane_refs=374 gpu_i8_groups=0 gpu_i8_refs=0 fp32_groups=0 ane_min_refs=256 concurrent=1 ane_pipeline=1 output_queue=4 async_ane=1 gpu_overlap=200 finishes=1 waits=2
ds4: Flash-MoE overlap plan layer=33 exec_groups=201 planned_ane_groups=1 planned_ane_refs=374 planned_gpu_groups=200 planned_gpu_refs=5770 tail_gpu_groups=0 tail_gpu_refs=0 planned_ssd_groups=201 est_gpu=18570.0 est_ane=165.2 est_idle=99.11% wall=110.275 ms actual_ane_groups=1 actual_ane_refs=374 actual_gpu_groups=0 actual_gpu_refs=0 finishes=1 waits=2 overlap_gpu_groups=200
ds4: Flash-MoE async pread canceled queued=0 reading=0 ready=1278 finished=0
ds4: gpu chunked prefill pos=3072 tokens=1024 layer 33 encode=125.968 ms execute=2.543 ms
ds4: Flash-MoE prefill layer=34 tokens=1024 unique=210 refs=6144 sync=37.614 ms plan=0.358 ms stage/compute=107.998 ms misses=210
ds4: Flash-MoE hybrid prefill layer=34 ane_groups=3 ane_refs=1027 gpu_i8_groups=0 gpu_i8_refs=0 fp32_groups=0 ane_min_refs=256 concurrent=1 ane_pipeline=1 output_queue=4 async_ane=3 gpu_overlap=207 finishes=3 waits=6
ds4: Flash-MoE overlap plan layer=34 exec_groups=210 planned_ane_groups=3 planned_ane_refs=1027 planned_gpu_groups=207 planned_gpu_refs=5117 tail_gpu_groups=0 tail_gpu_refs=0 planned_ssd_groups=210 est_gpu=18365.0 est_ane=495.5 est_idle=97.30% wall=107.620 ms actual_ane_groups=3 actual_ane_refs=1027 actual_gpu_groups=0 actual_gpu_refs=0 finishes=3 waits=6 overlap_gpu_groups=207
ds4: Flash-MoE async pread canceled queued=0 reading=0 ready=1287 finished=0
ds4: gpu chunked prefill pos=3072 tokens=1024 layer 34 encode=146.280 ms execute=2.767 ms
ds4: Flash-MoE prefill layer=35 tokens=1024 unique=212 refs=6144 sync=14.542 ms plan=0.423 ms stage/compute=110.621 ms misses=212
ds4: Flash-MoE hybrid prefill layer=35 ane_groups=2 ane_refs=573 gpu_i8_groups=0 gpu_i8_refs=0 fp32_groups=0 ane_min_refs=256 concurrent=1 ane_pipeline=1 output_queue=4 async_ane=2 gpu_overlap=210 finishes=2 waits=4
ds4: Flash-MoE overlap plan layer=35 exec_groups=212 planned_ane_groups=2 planned_ane_refs=573 planned_gpu_groups=210 planned_gpu_refs=5571 tail_gpu_groups=0 tail_gpu_refs=0 planned_ssd_groups=212 est_gpu=19011.0 est_ane=330.3 est_idle=98.26% wall=110.284 ms actual_ane_groups=2 actual_ane_refs=573 actual_gpu_groups=0 actual_gpu_refs=0 finishes=2 waits=4 overlap_gpu_groups=210
ds4: Flash-MoE async pread canceled queued=0 reading=0 ready=1295 finished=0
ds4: gpu chunked prefill pos=3072 tokens=1024 layer 35 encode=126.114 ms execute=2.561 ms
ds4: Flash-MoE prefill layer=36 tokens=1024 unique=211 refs=6144 sync=38.343 ms plan=0.320 ms stage/compute=108.715 ms misses=211
ds4: Flash-MoE hybrid prefill layer=36 ane_groups=2 ane_refs=720 gpu_i8_groups=0 gpu_i8_refs=0 fp32_groups=0 ane_min_refs=256 concurrent=1 ane_pipeline=1 output_queue=4 async_ane=2 gpu_overlap=209 finishes=2 waits=4
ds4: Flash-MoE overlap plan layer=36 exec_groups=211 planned_ane_groups=2 planned_ane_refs=720 planned_gpu_groups=209 planned_gpu_refs=5424 tail_gpu_groups=0 tail_gpu_refs=0 planned_ssd_groups=211 est_gpu=18800.0 est_ane=330.3 est_idle=98.24% wall=108.362 ms actual_ane_groups=2 actual_ane_refs=720 actual_gpu_groups=0 actual_gpu_refs=0 finishes=2 waits=4 overlap_gpu_groups=209
ds4: Flash-MoE async pread canceled queued=0 reading=0 ready=1304 finished=0
ds4: gpu chunked prefill pos=3072 tokens=1024 layer 36 encode=147.644 ms execute=2.568 ms
ds4: Flash-MoE prefill layer=37 tokens=1024 unique=210 refs=6144 sync=14.499 ms plan=0.312 ms stage/compute=107.241 ms misses=210
ds4: Flash-MoE hybrid prefill layer=37 ane_groups=2 ane_refs=934 gpu_i8_groups=0 gpu_i8_refs=0 fp32_groups=0 ane_min_refs=256 concurrent=1 ane_pipeline=1 output_queue=4 async_ane=2 gpu_overlap=208 finishes=2 waits=4
ds4: Flash-MoE overlap plan layer=37 exec_groups=210 planned_ane_groups=2 planned_ane_refs=934 planned_gpu_groups=208 planned_gpu_refs=5210 tail_gpu_groups=0 tail_gpu_refs=0 planned_ssd_groups=210 est_gpu=18522.0 est_ane=332.9 est_idle=98.20% wall=106.886 ms actual_ane_groups=2 actual_ane_refs=934 actual_gpu_groups=0 actual_gpu_refs=0 finishes=2 waits=4 overlap_gpu_groups=208
ds4: Flash-MoE async pread canceled queued=0 reading=0 ready=1315 finished=0
ds4: gpu chunked prefill pos=3072 tokens=1024 layer 37 encode=122.611 ms execute=2.599 ms
ds4: Flash-MoE prefill layer=38 tokens=1024 unique=216 refs=6144 sync=37.623 ms plan=0.324 ms stage/compute=114.933 ms misses=216
ds4: Flash-MoE hybrid prefill layer=38 ane_groups=2 ane_refs=670 gpu_i8_groups=0 gpu_i8_refs=0 fp32_groups=0 ane_min_refs=256 concurrent=1 ane_pipeline=1 output_queue=4 async_ane=2 gpu_overlap=214 finishes=2 waits=4
ds4: Flash-MoE overlap plan layer=38 exec_groups=216 planned_ane_groups=2 planned_ane_refs=670 planned_gpu_groups=214 planned_gpu_refs=5474 tail_gpu_groups=0 tail_gpu_refs=0 planned_ssd_groups=216 est_gpu=19170.0 est_ane=330.3 est_idle=98.28% wall=114.555 ms actual_ane_groups=2 actual_ane_refs=670 actual_gpu_groups=0 actual_gpu_refs=0 finishes=2 waits=4 overlap_gpu_groups=214
ds4: Flash-MoE async pread canceled queued=0 reading=0 ready=1326 finished=0
ds4: gpu chunked prefill pos=3072 tokens=1024 layer 38 encode=153.148 ms execute=2.563 ms
ds4: Flash-MoE prefill layer=39 tokens=1024 unique=217 refs=6144 sync=14.626 ms plan=0.314 ms stage/compute=113.728 ms misses=217
ds4: Flash-MoE hybrid prefill layer=39 ane_groups=1 ane_refs=264 gpu_i8_groups=0 gpu_i8_refs=0 fp32_groups=0 ane_min_refs=256 concurrent=1 ane_pipeline=1 output_queue=4 async_ane=1 gpu_overlap=216 finishes=1 waits=2
ds4: Flash-MoE overlap plan layer=39 exec_groups=217 planned_ane_groups=1 planned_ane_refs=264 planned_gpu_groups=216 planned_gpu_refs=5880 tail_gpu_groups=0 tail_gpu_refs=0 planned_ssd_groups=217 est_gpu=19704.0 est_ane=165.2 est_idle=99.16% wall=113.346 ms actual_ane_groups=1 actual_ane_refs=264 actual_gpu_groups=0 actual_gpu_refs=0 finishes=1 waits=2 overlap_gpu_groups=216
ds4: Flash-MoE async pread canceled queued=0 reading=0 ready=1335 finished=0
ds4: gpu chunked prefill pos=3072 tokens=1024 layer 39 encode=129.324 ms execute=2.710 ms
ds4: Flash-MoE prefill layer=40 tokens=1024 unique=171 refs=6144 sync=37.612 ms plan=0.328 ms stage/compute=89.997 ms misses=171
ds4: Flash-MoE hybrid prefill layer=40 ane_groups=2 ane_refs=1217 gpu_i8_groups=0 gpu_i8_refs=0 fp32_groups=0 ane_min_refs=256 concurrent=1 ane_pipeline=1 output_queue=4 async_ane=2 gpu_overlap=169 finishes=2 waits=4
ds4: Flash-MoE overlap plan layer=40 exec_groups=171 planned_ane_groups=2 planned_ane_refs=1217 planned_gpu_groups=169 planned_gpu_refs=4927 tail_gpu_groups=0 tail_gpu_refs=0 planned_ssd_groups=171 est_gpu=15743.0 est_ane=335.5 est_idle=97.87% wall=89.652 ms actual_ane_groups=2 actual_ane_refs=1217 actual_gpu_groups=0 actual_gpu_refs=0 finishes=2 waits=4 overlap_gpu_groups=169
ds4: Flash-MoE async pread canceled queued=0 reading=0 ready=1351 finished=0
ds4: gpu chunked prefill pos=3072 tokens=1024 layer 40 encode=128.223 ms execute=2.639 ms
ds4: Flash-MoE prefill layer=41 tokens=1024 unique=184 refs=6144 sync=14.495 ms plan=0.287 ms stage/compute=102.690 ms misses=184
ds4: Flash-MoE hybrid prefill layer=41 ane_groups=1 ane_refs=440 gpu_i8_groups=0 gpu_i8_refs=0 fp32_groups=0 ane_min_refs=256 concurrent=1 ane_pipeline=1 output_queue=4 async_ane=1 gpu_overlap=183 finishes=1 waits=2
ds4: Flash-MoE overlap plan layer=41 exec_groups=184 planned_ane_groups=1 planned_ane_refs=440 planned_gpu_groups=183 planned_gpu_refs=5704 tail_gpu_groups=0 tail_gpu_refs=0 planned_ssd_groups=184 est_gpu=17416.0 est_ane=165.2 est_idle=99.05% wall=102.374 ms actual_ane_groups=1 actual_ane_refs=440 actual_gpu_groups=0 actual_gpu_refs=0 finishes=1 waits=2 overlap_gpu_groups=183
ds4: Flash-MoE async pread canceled queued=0 reading=0 ready=1361 finished=0
ds4: gpu chunked prefill pos=3072 tokens=1024 layer 41 encode=118.007 ms execute=2.573 ms
ds4: Flash-MoE prefill layer=42 tokens=1024 unique=200 refs=6144 sync=37.717 ms plan=0.355 ms stage/compute=107.331 ms misses=200
ds4: Flash-MoE hybrid prefill layer=42 ane_groups=1 ane_refs=560 gpu_i8_groups=0 gpu_i8_refs=0 fp32_groups=0 ane_min_refs=256 concurrent=1 ane_pipeline=1 output_queue=4 async_ane=1 gpu_overlap=199 finishes=1 waits=2
ds4: Flash-MoE overlap plan layer=42 exec_groups=200 planned_ane_groups=1 planned_ane_refs=560 planned_gpu_groups=199 planned_gpu_refs=5584 tail_gpu_groups=0 tail_gpu_refs=0 planned_ssd_groups=200 est_gpu=18320.0 est_ane=167.8 est_idle=99.08% wall=106.954 ms actual_ane_groups=1 actual_ane_refs=560 actual_gpu_groups=0 actual_gpu_refs=0 finishes=1 waits=2 overlap_gpu_groups=199
ds4: Flash-MoE async pread canceled queued=0 reading=0 ready=1371 finished=0
ds4: gpu chunked prefill pos=3072 tokens=1024 layer 42 encode=145.671 ms execute=2.434 ms
processing 8423 input tokens: 4096/8423 (48.6%) batch=164.62 t/s avg=168.58 t/s
ds4: Flash-MoE prefill layer=0 tokens=1024 unique=256 refs=6144 sync=12.066 ms plan=0.300 ms stage/compute=150.168 ms misses=256
ds4: Flash-MoE hybrid prefill layer=0 ane_groups=0 ane_refs=0 gpu_i8_groups=0 gpu_i8_refs=0 fp32_groups=0 ane_min_refs=256 concurrent=1 ane_pipeline=1 output_queue=4 async_ane=0 gpu_overlap=0 finishes=0 waits=0
ds4: Flash-MoE overlap plan layer=0 exec_groups=256 planned_ane_groups=0 planned_ane_refs=0 planned_gpu_groups=256 planned_gpu_refs=6144 tail_gpu_groups=0 tail_gpu_refs=0 planned_ssd_groups=256 est_gpu=22528.0 est_ane=0.0 est_idle=100.00% wall=149.764 ms actual_ane_groups=0 actual_ane_refs=0 actual_gpu_groups=0 actual_gpu_refs=0 finishes=0 waits=0 overlap_gpu_groups=0
ds4: Flash-MoE async pread canceled queued=0 reading=0 ready=1371 finished=0
ds4: gpu chunked prefill pos=4096 tokens=1024 layer 0 encode=162.919 ms execute=2.626 ms
ds4: Flash-MoE prefill layer=1 tokens=1024 unique=256 refs=6144 sync=12.497 ms plan=0.374 ms stage/compute=148.451 ms misses=256
ds4: Flash-MoE hybrid prefill layer=1 ane_groups=0 ane_refs=0 gpu_i8_groups=0 gpu_i8_refs=0 fp32_groups=0 ane_min_refs=256 concurrent=1 ane_pipeline=1 output_queue=4 async_ane=0 gpu_overlap=0 finishes=0 waits=0
ds4: Flash-MoE overlap plan layer=1 exec_groups=256 planned_ane_groups=0 planned_ane_refs=0 planned_gpu_groups=256 planned_gpu_refs=6144 tail_gpu_groups=0 tail_gpu_refs=0 planned_ssd_groups=256 est_gpu=22528.0 est_ane=0.0 est_idle=100.00% wall=148.008 ms actual_ane_groups=0 actual_ane_refs=0 actual_gpu_groups=0 actual_gpu_refs=0 finishes=0 waits=0 overlap_gpu_groups=0
ds4: Flash-MoE async pread canceled queued=0 reading=0 ready=1371 finished=0
ds4: gpu chunked prefill pos=4096 tokens=1024 layer 1 encode=161.873 ms execute=2.628 ms
ds4: Flash-MoE prefill layer=2 tokens=1024 unique=256 refs=6144 sync=39.750 ms plan=0.375 ms stage/compute=148.794 ms misses=256
ds4: Flash-MoE hybrid prefill layer=2 ane_groups=0 ane_refs=0 gpu_i8_groups=0 gpu_i8_refs=0 fp32_groups=0 ane_min_refs=256 concurrent=1 ane_pipeline=1 output_queue=4 async_ane=0 gpu_overlap=0 finishes=0 waits=0
ds4: Flash-MoE overlap plan layer=2 exec_groups=256 planned_ane_groups=0 planned_ane_refs=0 planned_gpu_groups=256 planned_gpu_refs=6144 tail_gpu_groups=0 tail_gpu_refs=0 planned_ssd_groups=256 est_gpu=22528.0 est_ane=0.0 est_idle=100.00% wall=148.429 ms actual_ane_groups=0 actual_ane_refs=0 actual_gpu_groups=0 actual_gpu_refs=0 finishes=0 waits=0 overlap_gpu_groups=0
ds4: Flash-MoE async pread canceled queued=0 reading=0 ready=1371 finished=0
ds4: gpu chunked prefill pos=4096 tokens=1024 layer 2 encode=189.266 ms execute=2.618 ms
ds4: Flash-MoE prefill layer=3 tokens=1024 unique=236 refs=6144 sync=14.555 ms plan=0.380 ms stage/compute=127.362 ms misses=236
ds4: Flash-MoE hybrid prefill layer=3 ane_groups=1 ane_refs=467 gpu_i8_groups=0 gpu_i8_refs=0 fp32_groups=0 ane_min_refs=256 concurrent=1 ane_pipeline=1 output_queue=4 async_ane=1 gpu_overlap=235 finishes=1 waits=2
ds4: Flash-MoE overlap plan layer=3 exec_groups=236 planned_ane_groups=1 planned_ane_refs=467 planned_gpu_groups=235 planned_gpu_refs=5677 tail_gpu_groups=0 tail_gpu_refs=0 planned_ssd_groups=236 est_gpu=20717.0 est_ane=165.2 est_idle=99.20% wall=126.967 ms actual_ane_groups=1 actual_ane_refs=467 actual_gpu_groups=0 actual_gpu_refs=0 finishes=1 waits=2 overlap_gpu_groups=235
ds4: Flash-MoE async pread canceled queued=0 reading=0 ready=1376 finished=0
ds4: gpu chunked prefill pos=4096 tokens=1024 layer 3 encode=142.935 ms execute=2.572 ms
ds4: Flash-MoE prefill layer=4 tokens=1024 unique=222 refs=6144 sync=38.664 ms plan=0.351 ms stage/compute=119.824 ms misses=222
ds4: Flash-MoE hybrid prefill layer=4 ane_groups=1 ane_refs=286 gpu_i8_groups=0 gpu_i8_refs=0 fp32_groups=0 ane_min_refs=256 concurrent=1 ane_pipeline=1 output_queue=4 async_ane=1 gpu_overlap=221 finishes=1 waits=2
ds4: Flash-MoE overlap plan layer=4 exec_groups=222 planned_ane_groups=1 planned_ane_refs=286 planned_gpu_groups=221 planned_gpu_refs=5858 tail_gpu_groups=0 tail_gpu_refs=0 planned_ssd_groups=222 est_gpu=20002.0 est_ane=165.2 est_idle=99.17% wall=119.439 ms actual_ane_groups=1 actual_ane_refs=286 actual_gpu_groups=0 actual_gpu_refs=0 finishes=1 waits=2 overlap_gpu_groups=221
ds4: Flash-MoE async pread canceled queued=0 reading=0 ready=1384 finished=0
ds4: gpu chunked prefill pos=4096 tokens=1024 layer 4 encode=159.134 ms execute=2.537 ms
ds4: Flash-MoE prefill layer=5 tokens=1024 unique=237 refs=6144 sync=14.551 ms plan=0.449 ms stage/compute=123.911 ms misses=237
ds4: Flash-MoE hybrid prefill layer=5 ane_groups=1 ane_refs=530 gpu_i8_groups=0 gpu_i8_refs=0 fp32_groups=0 ane_min_refs=256 concurrent=1 ane_pipeline=1 output_queue=4 async_ane=1 gpu_overlap=236 finishes=1 waits=2
ds4: Flash-MoE overlap plan layer=5 exec_groups=237 planned_ane_groups=1 planned_ane_refs=530 planned_gpu_groups=236 planned_gpu_refs=5614 tail_gpu_groups=0 tail_gpu_refs=0 planned_ssd_groups=237 est_gpu=20718.0 est_ane=167.8 est_idle=99.19% wall=123.489 ms actual_ane_groups=1 actual_ane_refs=530 actual_gpu_groups=0 actual_gpu_refs=0 finishes=1 waits=2 overlap_gpu_groups=236
ds4: Flash-MoE async pread canceled queued=0 reading=0 ready=1387 finished=0
ds4: gpu chunked prefill pos=4096 tokens=1024 layer 5 encode=139.506 ms execute=2.573 ms
ds4: Flash-MoE prefill layer=6 tokens=1024 unique=224 refs=6144 sync=38.633 ms plan=0.305 ms stage/compute=124.638 ms misses=224
ds4: Flash-MoE hybrid prefill layer=6 ane_groups=1 ane_refs=353 gpu_i8_groups=0 gpu_i8_refs=0 fp32_groups=0 ane_min_refs=256 concurrent=1 ane_pipeline=1 output_queue=4 async_ane=1 gpu_overlap=223 finishes=1 waits=2
ds4: Flash-MoE overlap plan layer=6 exec_groups=224 planned_ane_groups=1 planned_ane_refs=353 planned_gpu_groups=223 planned_gpu_refs=5791 tail_gpu_groups=0 tail_gpu_refs=0 planned_ssd_groups=224 est_gpu=20063.0 est_ane=165.2 est_idle=99.18% wall=124.263 ms actual_ane_groups=1 actual_ane_refs=353 actual_gpu_groups=0 actual_gpu_refs=0 finishes=1 waits=2 overlap_gpu_groups=223
ds4: Flash-MoE async pread canceled queued=0 reading=0 ready=1390 finished=0
ds4: gpu chunked prefill pos=4096 tokens=1024 layer 6 encode=163.858 ms execute=2.550 ms
ds4: Flash-MoE prefill layer=7 tokens=1024 unique=225 refs=6144 sync=14.786 ms plan=0.342 ms stage/compute=116.708 ms misses=225
ds4: Flash-MoE hybrid prefill layer=7 ane_groups=3 ane_refs=914 gpu_i8_groups=0 gpu_i8_refs=0 fp32_groups=0 ane_min_refs=256 concurrent=1 ane_pipeline=1 output_queue=4 async_ane=3 gpu_overlap=222 finishes=3 waits=6
ds4: Flash-MoE overlap plan layer=7 exec_groups=225 planned_ane_groups=3 planned_ane_refs=914 planned_gpu_groups=222 planned_gpu_refs=5230 tail_gpu_groups=0 tail_gpu_refs=0 planned_ssd_groups=225 est_gpu=19438.0 est_ane=495.5 est_idle=97.45% wall=116.322 ms actual_ane_groups=3 actual_ane_refs=914 actual_gpu_groups=0 actual_gpu_refs=0 finishes=3 waits=6 overlap_gpu_groups=222
ds4: Flash-MoE async pread canceled queued=0 reading=0 ready=1394 finished=0
ds4: gpu chunked prefill pos=4096 tokens=1024 layer 7 encode=132.415 ms execute=2.625 ms
ds4: Flash-MoE prefill layer=8 tokens=1024 unique=223 refs=6144 sync=38.789 ms plan=0.315 ms stage/compute=114.903 ms misses=223
ds4: Flash-MoE hybrid prefill layer=8 ane_groups=2 ane_refs=871 gpu_i8_groups=0 gpu_i8_refs=0 fp32_groups=0 ane_min_refs=256 concurrent=1 ane_pipeline=1 output_queue=4 async_ane=2 gpu_overlap=221 finishes=2 waits=4
ds4: Flash-MoE overlap plan layer=8 exec_groups=223 planned_ane_groups=2 planned_ane_refs=871 planned_gpu_groups=221 planned_gpu_refs=5273 tail_gpu_groups=0 tail_gpu_refs=0 planned_ssd_groups=223 est_gpu=19417.0 est_ane=330.3 est_idle=98.30% wall=114.527 ms actual_ane_groups=2 actual_ane_refs=871 actual_gpu_groups=0 actual_gpu_refs=0 finishes=2 waits=4 overlap_gpu_groups=221
ds4: Flash-MoE async pread canceled queued=0 reading=0 ready=1399 finished=0
ds4: gpu chunked prefill pos=4096 tokens=1024 layer 8 encode=154.268 ms execute=2.572 ms
ds4: Flash-MoE prefill layer=9 tokens=1024 unique=228 refs=6144 sync=14.522 ms plan=0.312 ms stage/compute=122.585 ms misses=228
ds4: Flash-MoE hybrid prefill layer=9 ane_groups=1 ane_refs=389 gpu_i8_groups=0 gpu_i8_refs=0 fp32_groups=0 ane_min_refs=256 concurrent=1 ane_pipeline=1 output_queue=4 async_ane=1 gpu_overlap=227 finishes=1 waits=2
ds4: Flash-MoE overlap plan layer=9 exec_groups=228 planned_ane_groups=1 planned_ane_refs=389 planned_gpu_groups=227 planned_gpu_refs=5755 tail_gpu_groups=0 tail_gpu_refs=0 planned_ssd_groups=228 est_gpu=20283.0 est_ane=165.2 est_idle=99.19% wall=122.186 ms actual_ane_groups=1 actual_ane_refs=389 actual_gpu_groups=0 actual_gpu_refs=0 finishes=1 waits=2 overlap_gpu_groups=227
ds4: Flash-MoE async pread canceled queued=0 reading=0 ready=1406 finished=0
ds4: gpu chunked prefill pos=4096 tokens=1024 layer 9 encode=137.946 ms execute=2.572 ms
ds4: Flash-MoE prefill layer=10 tokens=1024 unique=226 refs=6144 sync=38.653 ms plan=0.349 ms stage/compute=118.853 ms misses=226
ds4: Flash-MoE hybrid prefill layer=10 ane_groups=0 ane_refs=0 gpu_i8_groups=0 gpu_i8_refs=0 fp32_groups=0 ane_min_refs=256 concurrent=1 ane_pipeline=1 output_queue=4 async_ane=0 gpu_overlap=0 finishes=0 waits=0
ds4: Flash-MoE overlap plan layer=10 exec_groups=226 planned_ane_groups=0 planned_ane_refs=0 planned_gpu_groups=226 planned_gpu_refs=6144 tail_gpu_groups=0 tail_gpu_refs=0 planned_ssd_groups=226 est_gpu=20608.0 est_ane=0.0 est_idle=100.00% wall=118.483 ms actual_ane_groups=0 actual_ane_refs=0 actual_gpu_groups=0 actual_gpu_refs=0 finishes=0 waits=0 overlap_gpu_groups=0
ds4: Flash-MoE async pread canceled queued=0 reading=0 ready=1413 finished=0
ds4: gpu chunked prefill pos=4096 tokens=1024 layer 10 encode=158.143 ms execute=2.597 ms
ds4: Flash-MoE prefill layer=11 tokens=1024 unique=232 refs=6144 sync=14.502 ms plan=0.322 ms stage/compute=121.105 ms misses=232
ds4: Flash-MoE hybrid prefill layer=11 ane_groups=1 ane_refs=332 gpu_i8_groups=0 gpu_i8_refs=0 fp32_groups=0 ane_min_refs=256 concurrent=1 ane_pipeline=1 output_queue=4 async_ane=1 gpu_overlap=231 finishes=1 waits=2
ds4: Flash-MoE overlap plan layer=11 exec_groups=232 planned_ane_groups=1 planned_ane_refs=332 planned_gpu_groups=231 planned_gpu_refs=5812 tail_gpu_groups=0 tail_gpu_refs=0 planned_ssd_groups=232 est_gpu=20596.0 est_ane=165.2 est_idle=99.20% wall=120.728 ms actual_ane_groups=1 actual_ane_refs=332 actual_gpu_groups=0 actual_gpu_refs=0 finishes=1 waits=2 overlap_gpu_groups=231
ds4: Flash-MoE async pread canceled queued=0 reading=0 ready=1418 finished=0
ds4: gpu chunked prefill pos=4096 tokens=1024 layer 11 encode=136.455 ms execute=2.514 ms
ds4: Flash-MoE prefill layer=12 tokens=1024 unique=210 refs=6144 sync=39.795 ms plan=0.349 ms stage/compute=113.021 ms misses=210
ds4: Flash-MoE hybrid prefill layer=12 ane_groups=0 ane_refs=0 gpu_i8_groups=0 gpu_i8_refs=0 fp32_groups=0 ane_min_refs=256 concurrent=1 ane_pipeline=1 output_queue=4 async_ane=0 gpu_overlap=0 finishes=0 waits=0
ds4: Flash-MoE overlap plan layer=12 exec_groups=210 planned_ane_groups=0 planned_ane_refs=0 planned_gpu_groups=210 planned_gpu_refs=6144 tail_gpu_groups=0 tail_gpu_refs=0 planned_ssd_groups=210 est_gpu=19584.0 est_ane=0.0 est_idle=100.00% wall=112.654 ms actual_ane_groups=0 actual_ane_refs=0 actual_gpu_groups=0 actual_gpu_refs=0 finishes=0 waits=0 overlap_gpu_groups=0
ds4: Flash-MoE async pread canceled queued=0 reading=0 ready=1426 finished=0
ds4: gpu chunked prefill pos=4096 tokens=1024 layer 12 encode=153.445 ms execute=2.570 ms
ds4: Flash-MoE prefill layer=13 tokens=1024 unique=224 refs=6144 sync=14.507 ms plan=0.319 ms stage/compute=115.227 ms misses=224
ds4: Flash-MoE hybrid prefill layer=13 ane_groups=1 ane_refs=331 gpu_i8_groups=0 gpu_i8_refs=0 fp32_groups=0 ane_min_refs=256 concurrent=1 ane_pipeline=1 output_queue=4 async_ane=1 gpu_overlap=223 finishes=1 waits=2
ds4: Flash-MoE overlap plan layer=13 exec_groups=224 planned_ane_groups=1 planned_ane_refs=331 planned_gpu_groups=223 planned_gpu_refs=5813 tail_gpu_groups=0 tail_gpu_refs=0 planned_ssd_groups=224 est_gpu=20085.0 est_ane=165.2 est_idle=99.18% wall=114.878 ms actual_ane_groups=1 actual_ane_refs=331 actual_gpu_groups=0 actual_gpu_refs=0 finishes=1 waits=2 overlap_gpu_groups=223
ds4: Flash-MoE async pread canceled queued=0 reading=0 ready=1432 finished=0
ds4: gpu chunked prefill pos=4096 tokens=1024 layer 13 encode=130.574 ms execute=2.604 ms
ds4: Flash-MoE prefill layer=14 tokens=1024 unique=217 refs=6144 sync=38.608 ms plan=0.306 ms stage/compute=115.521 ms misses=217
ds4: Flash-MoE hybrid prefill layer=14 ane_groups=0 ane_refs=0 gpu_i8_groups=0 gpu_i8_refs=0 fp32_groups=0 ane_min_refs=256 concurrent=1 ane_pipeline=1 output_queue=4 async_ane=0 gpu_overlap=0 finishes=0 waits=0
ds4: Flash-MoE overlap plan layer=14 exec_groups=217 planned_ane_groups=0 planned_ane_refs=0 planned_gpu_groups=217 planned_gpu_refs=6144 tail_gpu_groups=0 tail_gpu_refs=0 planned_ssd_groups=217 est_gpu=20032.0 est_ane=0.0 est_idle=100.00% wall=115.148 ms actual_ane_groups=0 actual_ane_refs=0 actual_gpu_groups=0 actual_gpu_refs=0 finishes=0 waits=0 overlap_gpu_groups=0
ds4: Flash-MoE async pread canceled queued=0 reading=0 ready=1443 finished=0
ds4: gpu chunked prefill pos=4096 tokens=1024 layer 14 encode=154.708 ms execute=2.593 ms
ds4: Flash-MoE prefill layer=15 tokens=1024 unique=209 refs=6144 sync=14.629 ms plan=0.345 ms stage/compute=108.427 ms misses=209
ds4: Flash-MoE hybrid prefill layer=15 ane_groups=1 ane_refs=258 gpu_i8_groups=0 gpu_i8_refs=0 fp32_groups=0 ane_min_refs=256 concurrent=1 ane_pipeline=1 output_queue=4 async_ane=1 gpu_overlap=208 finishes=1 waits=2
ds4: Flash-MoE overlap plan layer=15 exec_groups=209 planned_ane_groups=1 planned_ane_refs=258 planned_gpu_groups=208 planned_gpu_refs=5886 tail_gpu_groups=0 tail_gpu_refs=0 planned_ssd_groups=209 est_gpu=19198.0 est_ane=165.2 est_idle=99.14% wall=108.053 ms actual_ane_groups=1 actual_ane_refs=258 actual_gpu_groups=0 actual_gpu_refs=0 finishes=1 waits=2 overlap_gpu_groups=208
ds4: Flash-MoE async pread canceled queued=0 reading=0 ready=1448 finished=0
ds4: gpu chunked prefill pos=4096 tokens=1024 layer 15 encode=124.032 ms execute=2.539 ms
ds4: Flash-MoE prefill layer=16 tokens=1024 unique=206 refs=6144 sync=39.500 ms plan=0.316 ms stage/compute=108.722 ms misses=206
ds4: Flash-MoE hybrid prefill layer=16 ane_groups=1 ane_refs=435 gpu_i8_groups=0 gpu_i8_refs=0 fp32_groups=0 ane_min_refs=256 concurrent=1 ane_pipeline=1 output_queue=4 async_ane=1 gpu_overlap=205 finishes=1 waits=2
ds4: Flash-MoE overlap plan layer=16 exec_groups=206 planned_ane_groups=1 planned_ane_refs=435 planned_gpu_groups=205 planned_gpu_refs=5709 tail_gpu_groups=0 tail_gpu_refs=0 planned_ssd_groups=206 est_gpu=18829.0 est_ane=165.2 est_idle=99.12% wall=108.374 ms actual_ane_groups=1 actual_ane_refs=435 actual_gpu_groups=0 actual_gpu_refs=0 finishes=1 waits=2 overlap_gpu_groups=205
ds4: Flash-MoE async pread canceled queued=0 reading=0 ready=1458 finished=0
ds4: gpu chunked prefill pos=4096 tokens=1024 layer 16 encode=148.797 ms execute=2.554 ms
ds4: Flash-MoE prefill layer=17 tokens=1024 unique=216 refs=6144 sync=14.600 ms plan=0.337 ms stage/compute=112.341 ms misses=216
ds4: Flash-MoE hybrid prefill layer=17 ane_groups=1 ane_refs=388 gpu_i8_groups=0 gpu_i8_refs=0 fp32_groups=0 ane_min_refs=256 concurrent=1 ane_pipeline=1 output_queue=4 async_ane=1 gpu_overlap=215 finishes=1 waits=2
ds4: Flash-MoE overlap plan layer=17 exec_groups=216 planned_ane_groups=1 planned_ane_refs=388 planned_gpu_groups=215 planned_gpu_refs=5756 tail_gpu_groups=0 tail_gpu_refs=0 planned_ssd_groups=216 est_gpu=19516.0 est_ane=165.2 est_idle=99.15% wall=111.965 ms actual_ane_groups=1 actual_ane_refs=388 actual_gpu_groups=0 actual_gpu_refs=0 finishes=1 waits=2 overlap_gpu_groups=215
ds4: Flash-MoE async pread canceled queued=0 reading=0 ready=1469 finished=0
ds4: gpu chunked prefill pos=4096 tokens=1024 layer 17 encode=127.817 ms execute=2.516 ms
ds4: Flash-MoE prefill layer=18 tokens=1024 unique=192 refs=6144 sync=39.387 ms plan=0.324 ms stage/compute=100.818 ms misses=192
ds4: Flash-MoE hybrid prefill layer=18 ane_groups=3 ane_refs=1057 gpu_i8_groups=0 gpu_i8_refs=0 fp32_groups=0 ane_min_refs=256 concurrent=1 ane_pipeline=1 output_queue=4 async_ane=3 gpu_overlap=189 finishes=3 waits=6
ds4: Flash-MoE overlap plan layer=18 exec_groups=192 planned_ane_groups=3 planned_ane_refs=1057 planned_gpu_groups=189 planned_gpu_refs=5087 tail_gpu_groups=0 tail_gpu_refs=0 planned_ssd_groups=192 est_gpu=17183.0 est_ane=495.5 est_idle=97.12% wall=100.504 ms actual_ane_groups=3 actual_ane_refs=1057 actual_gpu_groups=0 actual_gpu_refs=0 finishes=3 waits=6 overlap_gpu_groups=189
ds4: Flash-MoE async pread canceled queued=0 reading=0 ready=1483 finished=0
ds4: gpu chunked prefill pos=4096 tokens=1024 layer 18 encode=140.809 ms execute=2.712 ms
ds4: Flash-MoE prefill layer=19 tokens=1024 unique=227 refs=6144 sync=14.514 ms plan=0.335 ms stage/compute=123.311 ms misses=227
ds4: Flash-MoE hybrid prefill layer=19 ane_groups=1 ane_refs=258 gpu_i8_groups=0 gpu_i8_refs=0 fp32_groups=0 ane_min_refs=256 concurrent=1 ane_pipeline=1 output_queue=4 async_ane=1 gpu_overlap=226 finishes=1 waits=2
ds4: Flash-MoE overlap plan layer=19 exec_groups=227 planned_ane_groups=1 planned_ane_refs=258 planned_gpu_groups=226 planned_gpu_refs=5886 tail_gpu_groups=0 tail_gpu_refs=0 planned_ssd_groups=227 est_gpu=20350.0 est_ane=165.2 est_idle=99.19% wall=122.957 ms actual_ane_groups=1 actual_ane_refs=258 actual_gpu_groups=0 actual_gpu_refs=0 finishes=1 waits=2 overlap_gpu_groups=226
ds4: Flash-MoE async pread canceled queued=0 reading=0 ready=1488 finished=0
ds4: gpu chunked prefill pos=4096 tokens=1024 layer 19 encode=138.671 ms execute=2.541 ms
ds4: Flash-MoE prefill layer=20 tokens=1024 unique=197 refs=6144 sync=38.645 ms plan=0.348 ms stage/compute=103.329 ms misses=197
ds4: Flash-MoE hybrid prefill layer=20 ane_groups=1 ane_refs=464 gpu_i8_groups=0 gpu_i8_refs=0 fp32_groups=0 ane_min_refs=256 concurrent=1 ane_pipeline=1 output_queue=4 async_ane=1 gpu_overlap=196 finishes=1 waits=2
ds4: Flash-MoE overlap plan layer=20 exec_groups=197 planned_ane_groups=1 planned_ane_refs=464 planned_gpu_groups=196 planned_gpu_refs=5680 tail_gpu_groups=0 tail_gpu_refs=0 planned_ssd_groups=197 est_gpu=18224.0 est_ane=165.2 est_idle=99.09% wall=102.975 ms actual_ane_groups=1 actual_ane_refs=464 actual_gpu_groups=0 actual_gpu_refs=0 finishes=1 waits=2 overlap_gpu_groups=196
ds4: Flash-MoE async pread canceled queued=0 reading=0 ready=1502 finished=0
ds4: gpu chunked prefill pos=4096 tokens=1024 layer 20 encode=142.618 ms execute=2.792 ms
ds4: Flash-MoE prefill layer=21 tokens=1024 unique=206 refs=6144 sync=14.571 ms plan=0.370 ms stage/compute=109.025 ms misses=206
ds4: Flash-MoE hybrid prefill layer=21 ane_groups=2 ane_refs=731 gpu_i8_groups=0 gpu_i8_refs=0 fp32_groups=0 ane_min_refs=256 concurrent=1 ane_pipeline=1 output_queue=4 async_ane=2 gpu_overlap=204 finishes=2 waits=4
ds4: Flash-MoE overlap plan layer=21 exec_groups=206 planned_ane_groups=2 planned_ane_refs=731 planned_gpu_groups=204 planned_gpu_refs=5413 tail_gpu_groups=0 tail_gpu_refs=0 planned_ssd_groups=206 est_gpu=18469.0 est_ane=330.3 est_idle=98.21% wall=108.681 ms actual_ane_groups=2 actual_ane_refs=731 actual_gpu_groups=0 actual_gpu_refs=0 finishes=2 waits=4 overlap_gpu_groups=204
ds4: Flash-MoE async pread canceled queued=0 reading=0 ready=1510 finished=0
ds4: gpu chunked prefill pos=4096 tokens=1024 layer 21 encode=124.571 ms execute=2.569 ms
ds4: Flash-MoE prefill layer=22 tokens=1024 unique=210 refs=6144 sync=38.553 ms plan=0.312 ms stage/compute=109.913 ms misses=210
ds4: Flash-MoE hybrid prefill layer=22 ane_groups=1 ane_refs=289 gpu_i8_groups=0 gpu_i8_refs=0 fp32_groups=0 ane_min_refs=256 concurrent=1 ane_pipeline=1 output_queue=4 async_ane=1 gpu_overlap=209 finishes=1 waits=2
ds4: Flash-MoE overlap plan layer=22 exec_groups=210 planned_ane_groups=1 planned_ane_refs=289 planned_gpu_groups=209 planned_gpu_refs=5855 tail_gpu_groups=0 tail_gpu_refs=0 planned_ssd_groups=210 est_gpu=19231.0 est_ane=165.2 est_idle=99.14% wall=109.549 ms actual_ane_groups=1 actual_ane_refs=289 actual_gpu_groups=0 actual_gpu_refs=0 finishes=1 waits=2 overlap_gpu_groups=209
ds4: Flash-MoE async pread canceled queued=0 reading=0 ready=1516 finished=0
ds4: gpu chunked prefill pos=4096 tokens=1024 layer 22 encode=149.049 ms execute=2.528 ms
ds4: Flash-MoE prefill layer=23 tokens=1024 unique=216 refs=6144 sync=14.468 ms plan=0.357 ms stage/compute=117.401 ms misses=216
ds4: Flash-MoE hybrid prefill layer=23 ane_groups=0 ane_refs=0 gpu_i8_groups=0 gpu_i8_refs=0 fp32_groups=0 ane_min_refs=256 concurrent=1 ane_pipeline=1 output_queue=4 async_ane=0 gpu_overlap=0 finishes=0 waits=0
ds4: Flash-MoE overlap plan layer=23 exec_groups=216 planned_ane_groups=0 planned_ane_refs=0 planned_gpu_groups=216 planned_gpu_refs=6144 tail_gpu_groups=0 tail_gpu_refs=0 planned_ssd_groups=216 est_gpu=19968.0 est_ane=0.0 est_idle=100.00% wall=117.019 ms actual_ane_groups=0 actual_ane_refs=0 actual_gpu_groups=0 actual_gpu_refs=0 finishes=0 waits=0 overlap_gpu_groups=0
ds4: Flash-MoE async pread canceled queued=0 reading=0 ready=1523 finished=0
ds4: gpu chunked prefill pos=4096 tokens=1024 layer 23 encode=132.831 ms execute=2.562 ms
ds4: Flash-MoE prefill layer=24 tokens=1024 unique=205 refs=6144 sync=39.230 ms plan=0.385 ms stage/compute=111.446 ms misses=205
ds4: Flash-MoE hybrid prefill layer=24 ane_groups=1 ane_refs=320 gpu_i8_groups=0 gpu_i8_refs=0 fp32_groups=0 ane_min_refs=256 concurrent=1 ane_pipeline=1 output_queue=4 async_ane=1 gpu_overlap=204 finishes=1 waits=2
ds4: Flash-MoE overlap plan layer=24 exec_groups=205 planned_ane_groups=1 planned_ane_refs=320 planned_gpu_groups=204 planned_gpu_refs=5824 tail_gpu_groups=0 tail_gpu_refs=0 planned_ssd_groups=205 est_gpu=18880.0 est_ane=165.2 est_idle=99.13% wall=111.104 ms actual_ane_groups=1 actual_ane_refs=320 actual_gpu_groups=0 actual_gpu_refs=0 finishes=1 waits=2 overlap_gpu_groups=204
ds4: Flash-MoE async pread canceled queued=0 reading=0 ready=1529 finished=0
ds4: gpu chunked prefill pos=4096 tokens=1024 layer 24 encode=151.325 ms execute=2.546 ms
ds4: Flash-MoE prefill layer=25 tokens=1024 unique=217 refs=6144 sync=14.457 ms plan=0.440 ms stage/compute=117.230 ms misses=217
ds4: Flash-MoE hybrid prefill layer=25 ane_groups=1 ane_refs=320 gpu_i8_groups=0 gpu_i8_refs=0 fp32_groups=0 ane_min_refs=256 concurrent=1 ane_pipeline=1 output_queue=4 async_ane=1 gpu_overlap=216 finishes=1 waits=2
ds4: Flash-MoE overlap plan layer=25 exec_groups=217 planned_ane_groups=1 planned_ane_refs=320 planned_gpu_groups=216 planned_gpu_refs=5824 tail_gpu_groups=0 tail_gpu_refs=0 planned_ssd_groups=217 est_gpu=19648.0 est_ane=165.2 est_idle=99.16% wall=116.838 ms actual_ane_groups=1 actual_ane_refs=320 actual_gpu_groups=0 actual_gpu_refs=0 finishes=1 waits=2 overlap_gpu_groups=216
ds4: Flash-MoE async pread canceled queued=0 reading=0 ready=1537 finished=0
ds4: gpu chunked prefill pos=4096 tokens=1024 layer 25 encode=132.751 ms execute=2.516 ms
ds4: Flash-MoE prefill layer=26 tokens=1024 unique=209 refs=6144 sync=38.554 ms plan=0.312 ms stage/compute=108.211 ms misses=209
ds4: Flash-MoE hybrid prefill layer=26 ane_groups=2 ane_refs=757 gpu_i8_groups=0 gpu_i8_refs=0 fp32_groups=0 ane_min_refs=256 concurrent=1 ane_pipeline=1 output_queue=4 async_ane=2 gpu_overlap=207 finishes=2 waits=4
ds4: Flash-MoE overlap plan layer=26 exec_groups=209 planned_ane_groups=2 planned_ane_refs=757 planned_gpu_groups=207 planned_gpu_refs=5387 tail_gpu_groups=0 tail_gpu_refs=0 planned_ssd_groups=209 est_gpu=18635.0 est_ane=330.3 est_idle=98.23% wall=107.821 ms actual_ane_groups=2 actual_ane_refs=757 actual_gpu_groups=0 actual_gpu_refs=0 finishes=2 waits=4 overlap_gpu_groups=207
ds4: Flash-MoE async pread canceled queued=0 reading=0 ready=1543 finished=0
ds4: gpu chunked prefill pos=4096 tokens=1024 layer 26 encode=147.359 ms execute=2.547 ms
ds4: Flash-MoE prefill layer=27 tokens=1024 unique=222 refs=6144 sync=14.461 ms plan=0.338 ms stage/compute=115.465 ms misses=222
ds4: Flash-MoE hybrid prefill layer=27 ane_groups=1 ane_refs=386 gpu_i8_groups=0 gpu_i8_refs=0 fp32_groups=0 ane_min_refs=256 concurrent=1 ane_pipeline=1 output_queue=4 async_ane=1 gpu_overlap=221 finishes=1 waits=2
ds4: Flash-MoE overlap plan layer=27 exec_groups=222 planned_ane_groups=1 planned_ane_refs=386 planned_gpu_groups=221 planned_gpu_refs=5758 tail_gpu_groups=0 tail_gpu_refs=0 planned_ssd_groups=222 est_gpu=19902.0 est_ane=165.2 est_idle=99.17% wall=115.118 ms actual_ane_groups=1 actual_ane_refs=386 actual_gpu_groups=0 actual_gpu_refs=0 finishes=1 waits=2 overlap_gpu_groups=221
ds4: Flash-MoE async pread canceled queued=0 reading=0 ready=1549 finished=0
ds4: gpu chunked prefill pos=4096 tokens=1024 layer 27 encode=130.799 ms execute=2.531 ms
ds4: Flash-MoE prefill layer=28 tokens=1024 unique=214 refs=6144 sync=38.799 ms plan=0.370 ms stage/compute=115.127 ms misses=214
ds4: Flash-MoE hybrid prefill layer=28 ane_groups=1 ane_refs=328 gpu_i8_groups=0 gpu_i8_refs=0 fp32_groups=0 ane_min_refs=256 concurrent=1 ane_pipeline=1 output_queue=4 async_ane=1 gpu_overlap=213 finishes=1 waits=2
ds4: Flash-MoE overlap plan layer=28 exec_groups=214 planned_ane_groups=1 planned_ane_refs=328 planned_gpu_groups=213 planned_gpu_refs=5816 tail_gpu_groups=0 tail_gpu_refs=0 planned_ssd_groups=214 est_gpu=19448.0 est_ane=165.2 est_idle=99.15% wall=114.794 ms actual_ane_groups=1 actual_ane_refs=328 actual_gpu_groups=0 actual_gpu_refs=0 finishes=1 waits=2 overlap_gpu_groups=213
ds4: Flash-MoE async pread canceled queued=0 reading=0 ready=1558 finished=0
ds4: gpu chunked prefill pos=4096 tokens=1024 layer 28 encode=154.572 ms execute=2.530 ms
ds4: Flash-MoE prefill layer=29 tokens=1024 unique=203 refs=6144 sync=14.496 ms plan=0.298 ms stage/compute=106.797 ms misses=203
ds4: Flash-MoE hybrid prefill layer=29 ane_groups=1 ane_refs=327 gpu_i8_groups=0 gpu_i8_refs=0 fp32_groups=0 ane_min_refs=256 concurrent=1 ane_pipeline=1 output_queue=4 async_ane=1 gpu_overlap=202 finishes=1 waits=2
ds4: Flash-MoE overlap plan layer=29 exec_groups=203 planned_ane_groups=1 planned_ane_refs=327 planned_gpu_groups=202 planned_gpu_refs=5817 tail_gpu_groups=0 tail_gpu_refs=0 planned_ssd_groups=203 est_gpu=18745.0 est_ane=165.2 est_idle=99.12% wall=106.468 ms actual_ane_groups=1 actual_ane_refs=327 actual_gpu_groups=0 actual_gpu_refs=0 finishes=1 waits=2 overlap_gpu_groups=202
ds4: Flash-MoE async pread canceled queued=0 reading=0 ready=1569 finished=0
ds4: gpu chunked prefill pos=4096 tokens=1024 layer 29 encode=122.110 ms execute=2.544 ms
ds4: Flash-MoE prefill layer=30 tokens=1024 unique=214 refs=6144 sync=38.736 ms plan=0.334 ms stage/compute=115.809 ms misses=214
ds4: Flash-MoE hybrid prefill layer=30 ane_groups=0 ane_refs=0 gpu_i8_groups=0 gpu_i8_refs=0 fp32_groups=0 ane_min_refs=256 concurrent=1 ane_pipeline=1 output_queue=4 async_ane=0 gpu_overlap=0 finishes=0 waits=0
ds4: Flash-MoE overlap plan layer=30 exec_groups=214 planned_ane_groups=0 planned_ane_refs=0 planned_gpu_groups=214 planned_gpu_refs=6144 tail_gpu_groups=0 tail_gpu_refs=0 planned_ssd_groups=214 est_gpu=19840.0 est_ane=0.0 est_idle=100.00% wall=115.460 ms actual_ane_groups=0 actual_ane_refs=0 actual_gpu_groups=0 actual_gpu_refs=0 finishes=0 waits=0 overlap_gpu_groups=0
ds4: Flash-MoE async pread canceled queued=0 reading=0 ready=1583 finished=0
ds4: gpu chunked prefill pos=4096 tokens=1024 layer 30 encode=155.161 ms execute=2.601 ms
ds4: Flash-MoE prefill layer=31 tokens=1024 unique=207 refs=6144 sync=14.477 ms plan=0.341 ms stage/compute=110.131 ms misses=207
ds4: Flash-MoE hybrid prefill layer=31 ane_groups=1 ane_refs=307 gpu_i8_groups=0 gpu_i8_refs=0 fp32_groups=0 ane_min_refs=256 concurrent=1 ane_pipeline=1 output_queue=4 async_ane=1 gpu_overlap=206 finishes=1 waits=2
ds4: Flash-MoE overlap plan layer=31 exec_groups=207 planned_ane_groups=1 planned_ane_refs=307 planned_gpu_groups=206 planned_gpu_refs=5837 tail_gpu_groups=0 tail_gpu_refs=0 planned_ssd_groups=207 est_gpu=19021.0 est_ane=165.2 est_idle=99.13% wall=109.754 ms actual_ane_groups=1 actual_ane_refs=307 actual_gpu_groups=0 actual_gpu_refs=0 finishes=1 waits=2 overlap_gpu_groups=206
ds4: Flash-MoE async pread canceled queued=0 reading=0 ready=1594 finished=0
ds4: gpu chunked prefill pos=4096 tokens=1024 layer 31 encode=125.535 ms execute=2.542 ms
ds4: Flash-MoE prefill layer=32 tokens=1024 unique=214 refs=6144 sync=38.669 ms plan=0.330 ms stage/compute=116.222 ms misses=214
ds4: Flash-MoE hybrid prefill layer=32 ane_groups=0 ane_refs=0 gpu_i8_groups=0 gpu_i8_refs=0 fp32_groups=0 ane_min_refs=256 concurrent=1 ane_pipeline=1 output_queue=4 async_ane=0 gpu_overlap=0 finishes=0 waits=0
ds4: Flash-MoE overlap plan layer=32 exec_groups=214 planned_ane_groups=0 planned_ane_refs=0 planned_gpu_groups=214 planned_gpu_refs=6144 tail_gpu_groups=0 tail_gpu_refs=0 planned_ssd_groups=214 est_gpu=19840.0 est_ane=0.0 est_idle=100.00% wall=115.859 ms actual_ane_groups=0 actual_ane_refs=0 actual_gpu_groups=0 actual_gpu_refs=0 finishes=0 waits=0 overlap_gpu_groups=0
ds4: Flash-MoE async pread canceled queued=0 reading=0 ready=1602 finished=0
ds4: gpu chunked prefill pos=4096 tokens=1024 layer 32 encode=155.513 ms execute=2.661 ms
ds4: Flash-MoE prefill layer=33 tokens=1024 unique=204 refs=6144 sync=14.482 ms plan=0.326 ms stage/compute=108.673 ms misses=204
ds4: Flash-MoE hybrid prefill layer=33 ane_groups=1 ane_refs=339 gpu_i8_groups=0 gpu_i8_refs=0 fp32_groups=0 ane_min_refs=256 concurrent=1 ane_pipeline=1 output_queue=4 async_ane=1 gpu_overlap=203 finishes=1 waits=2
ds4: Flash-MoE overlap plan layer=33 exec_groups=204 planned_ane_groups=1 planned_ane_refs=339 planned_gpu_groups=203 planned_gpu_refs=5805 tail_gpu_groups=0 tail_gpu_refs=0 planned_ssd_groups=204 est_gpu=18797.0 est_ane=165.2 est_idle=99.12% wall=108.300 ms actual_ane_groups=1 actual_ane_refs=339 actual_gpu_groups=0 actual_gpu_refs=0 finishes=1 waits=2 overlap_gpu_groups=203
ds4: Flash-MoE async pread canceled queued=0 reading=0 ready=1617 finished=0
ds4: gpu chunked prefill pos=4096 tokens=1024 layer 33 encode=124.140 ms execute=2.559 ms
ds4: Flash-MoE prefill layer=34 tokens=1024 unique=203 refs=6144 sync=38.623 ms plan=0.322 ms stage/compute=106.275 ms misses=203
ds4: Flash-MoE hybrid prefill layer=34 ane_groups=3 ane_refs=1039 gpu_i8_groups=0 gpu_i8_refs=0 fp32_groups=0 ane_min_refs=256 concurrent=1 ane_pipeline=1 output_queue=4 async_ane=3 gpu_overlap=200 finishes=3 waits=6
ds4: Flash-MoE overlap plan layer=34 exec_groups=203 planned_ane_groups=3 planned_ane_refs=1039 planned_gpu_groups=200 planned_gpu_refs=5105 tail_gpu_groups=0 tail_gpu_refs=0 planned_ssd_groups=203 est_gpu=17905.0 est_ane=495.5 est_idle=97.23% wall=105.919 ms actual_ane_groups=3 actual_ane_refs=1039 actual_gpu_groups=0 actual_gpu_refs=0 finishes=3 waits=6 overlap_gpu_groups=200
ds4: Flash-MoE async pread canceled queued=0 reading=0 ready=1627 finished=0
ds4: gpu chunked prefill pos=4096 tokens=1024 layer 34 encode=145.490 ms execute=2.754 ms
ds4: Flash-MoE prefill layer=35 tokens=1024 unique=206 refs=6144 sync=14.789 ms plan=0.350 ms stage/compute=107.096 ms misses=206
ds4: Flash-MoE hybrid prefill layer=35 ane_groups=2 ane_refs=585 gpu_i8_groups=0 gpu_i8_refs=0 fp32_groups=0 ane_min_refs=256 concurrent=1 ane_pipeline=1 output_queue=4 async_ane=2 gpu_overlap=204 finishes=2 waits=4
ds4: Flash-MoE overlap plan layer=35 exec_groups=206 planned_ane_groups=2 planned_ane_refs=585 planned_gpu_groups=204 planned_gpu_refs=5559 tail_gpu_groups=0 tail_gpu_refs=0 planned_ssd_groups=206 est_gpu=18615.0 est_ane=330.3 est_idle=98.23% wall=106.732 ms actual_ane_groups=2 actual_ane_refs=585 actual_gpu_groups=0 actual_gpu_refs=0 finishes=2 waits=4 overlap_gpu_groups=204
ds4: Flash-MoE async pread canceled queued=0 reading=0 ready=1638 finished=0
ds4: gpu chunked prefill pos=4096 tokens=1024 layer 35 encode=122.882 ms execute=2.547 ms
ds4: Flash-MoE prefill layer=36 tokens=1024 unique=215 refs=6144 sync=38.598 ms plan=0.316 ms stage/compute=108.184 ms misses=215
ds4: Flash-MoE hybrid prefill layer=36 ane_groups=2 ane_refs=687 gpu_i8_groups=0 gpu_i8_refs=0 fp32_groups=0 ane_min_refs=256 concurrent=1 ane_pipeline=1 output_queue=4 async_ane=2 gpu_overlap=213 finishes=2 waits=4
ds4: Flash-MoE overlap plan layer=36 exec_groups=215 planned_ane_groups=2 planned_ane_refs=687 planned_gpu_groups=213 planned_gpu_refs=5457 tail_gpu_groups=0 tail_gpu_refs=0 planned_ssd_groups=215 est_gpu=19089.0 est_ane=330.3 est_idle=98.27% wall=107.825 ms actual_ane_groups=2 actual_ane_refs=687 actual_gpu_groups=0 actual_gpu_refs=0 finishes=2 waits=4 overlap_gpu_groups=213
ds4: Flash-MoE async pread canceled queued=0 reading=0 ready=1649 finished=0
ds4: gpu chunked prefill pos=4096 tokens=1024 layer 36 encode=147.377 ms execute=2.576 ms
ds4: Flash-MoE prefill layer=37 tokens=1024 unique=206 refs=6144 sync=14.471 ms plan=0.339 ms stage/compute=104.664 ms misses=206
ds4: Flash-MoE hybrid prefill layer=37 ane_groups=1 ane_refs=672 gpu_i8_groups=0 gpu_i8_refs=0 fp32_groups=0 ane_min_refs=256 concurrent=1 ane_pipeline=1 output_queue=4 async_ane=1 gpu_overlap=205 finishes=1 waits=2
ds4: Flash-MoE overlap plan layer=37 exec_groups=206 planned_ane_groups=1 planned_ane_refs=672 planned_gpu_groups=205 planned_gpu_refs=5472 tail_gpu_groups=0 tail_gpu_refs=0 planned_ssd_groups=206 est_gpu=18592.0 est_ane=167.8 est_idle=99.10% wall=104.324 ms actual_ane_groups=1 actual_ane_refs=672 actual_gpu_groups=0 actual_gpu_refs=0 finishes=1 waits=2 overlap_gpu_groups=205
ds4: Flash-MoE async pread canceled queued=0 reading=0 ready=1659 finished=0
ds4: gpu chunked prefill pos=4096 tokens=1024 layer 37 encode=119.985 ms execute=2.599 ms
ds4: Flash-MoE prefill layer=38 tokens=1024 unique=210 refs=6144 sync=39.038 ms plan=0.340 ms stage/compute=111.925 ms misses=210
ds4: Flash-MoE hybrid prefill layer=38 ane_groups=1 ane_refs=355 gpu_i8_groups=0 gpu_i8_refs=0 fp32_groups=0 ane_min_refs=256 concurrent=1 ane_pipeline=1 output_queue=4 async_ane=1 gpu_overlap=209 finishes=1 waits=2
ds4: Flash-MoE overlap plan layer=38 exec_groups=210 planned_ane_groups=1 planned_ane_refs=355 planned_gpu_groups=209 planned_gpu_refs=5789 tail_gpu_groups=0 tail_gpu_refs=0 planned_ssd_groups=210 est_gpu=19165.0 est_ane=165.2 est_idle=99.14% wall=111.580 ms actual_ane_groups=1 actual_ane_refs=355 actual_gpu_groups=0 actual_gpu_refs=0 finishes=1 waits=2 overlap_gpu_groups=209
ds4: Flash-MoE async pread canceled queued=0 reading=0 ready=1671 finished=0
ds4: gpu chunked prefill pos=4096 tokens=1024 layer 38 encode=151.574 ms execute=2.600 ms
ds4: Flash-MoE prefill layer=39 tokens=1024 unique=216 refs=6144 sync=14.461 ms plan=0.367 ms stage/compute=113.133 ms misses=216
ds4: Flash-MoE hybrid prefill layer=39 ane_groups=0 ane_refs=0 gpu_i8_groups=0 gpu_i8_refs=0 fp32_groups=0 ane_min_refs=256 concurrent=1 ane_pipeline=1 output_queue=4 async_ane=0 gpu_overlap=0 finishes=0 waits=0
ds4: Flash-MoE overlap plan layer=39 exec_groups=216 planned_ane_groups=0 planned_ane_refs=0 planned_gpu_groups=216 planned_gpu_refs=6144 tail_gpu_groups=0 tail_gpu_refs=0 planned_ssd_groups=216 est_gpu=19968.0 est_ane=0.0 est_idle=100.00% wall=112.746 ms actual_ane_groups=0 actual_ane_refs=0 actual_gpu_groups=0 actual_gpu_refs=0 finishes=0 waits=0 overlap_gpu_groups=0
ds4: Flash-MoE async pread canceled queued=0 reading=0 ready=1679 finished=0
ds4: gpu chunked prefill pos=4096 tokens=1024 layer 39 encode=128.475 ms execute=2.604 ms
ds4: Flash-MoE prefill layer=40 tokens=1024 unique=165 refs=6144 sync=39.164 ms plan=0.298 ms stage/compute=87.210 ms misses=165
ds4: Flash-MoE hybrid prefill layer=40 ane_groups=2 ane_refs=1177 gpu_i8_groups=0 gpu_i8_refs=0 fp32_groups=0 ane_min_refs=256 concurrent=1 ane_pipeline=1 output_queue=4 async_ane=2 gpu_overlap=163 finishes=2 waits=4
ds4: Flash-MoE overlap plan layer=40 exec_groups=165 planned_ane_groups=2 planned_ane_refs=1177 planned_gpu_groups=163 planned_gpu_refs=4967 tail_gpu_groups=0 tail_gpu_refs=0 planned_ssd_groups=165 est_gpu=15399.0 est_ane=335.5 est_idle=97.82% wall=86.928 ms actual_ane_groups=2 actual_ane_refs=1177 actual_gpu_groups=0 actual_gpu_refs=0 finishes=2 waits=4 overlap_gpu_groups=163
ds4: Flash-MoE async pread canceled queued=0 reading=0 ready=1695 finished=0
ds4: gpu chunked prefill pos=4096 tokens=1024 layer 40 encode=126.942 ms execute=2.737 ms
ds4: Flash-MoE prefill layer=41 tokens=1024 unique=180 refs=6144 sync=14.481 ms plan=0.318 ms stage/compute=105.591 ms misses=180
ds4: Flash-MoE hybrid prefill layer=41 ane_groups=1 ane_refs=374 gpu_i8_groups=0 gpu_i8_refs=0 fp32_groups=0 ane_min_refs=256 concurrent=1 ane_pipeline=1 output_queue=4 async_ane=1 gpu_overlap=179 finishes=1 waits=2
ds4: Flash-MoE overlap plan layer=41 exec_groups=180 planned_ane_groups=1 planned_ane_refs=374 planned_gpu_groups=179 planned_gpu_refs=5770 tail_gpu_groups=0 tail_gpu_refs=0 planned_ssd_groups=180 est_gpu=17226.0 est_ane=165.2 est_idle=99.04% wall=105.285 ms actual_ane_groups=1 actual_ane_refs=374 actual_gpu_groups=0 actual_gpu_refs=0 finishes=1 waits=2 overlap_gpu_groups=179
ds4: Flash-MoE async pread canceled queued=0 reading=0 ready=1710 finished=0
ds4: gpu chunked prefill pos=4096 tokens=1024 layer 41 encode=120.960 ms execute=2.551 ms
ds4: Flash-MoE prefill layer=42 tokens=1024 unique=193 refs=6144 sync=38.617 ms plan=0.295 ms stage/compute=106.188 ms misses=193
ds4: Flash-MoE hybrid prefill layer=42 ane_groups=1 ane_refs=534 gpu_i8_groups=0 gpu_i8_refs=0 fp32_groups=0 ane_min_refs=256 concurrent=1 ane_pipeline=1 output_queue=4 async_ane=1 gpu_overlap=192 finishes=1 waits=2
ds4: Flash-MoE overlap plan layer=42 exec_groups=193 planned_ane_groups=1 planned_ane_refs=534 planned_gpu_groups=192 planned_gpu_refs=5610 tail_gpu_groups=0 tail_gpu_refs=0 planned_ssd_groups=193 est_gpu=17898.0 est_ane=167.8 est_idle=99.06% wall=105.868 ms actual_ane_groups=1 actual_ane_refs=534 actual_gpu_groups=0 actual_gpu_refs=0 finishes=1 waits=2 overlap_gpu_groups=192
ds4: Flash-MoE async pread canceled queued=0 reading=0 ready=1723 finished=0
ds4: gpu chunked prefill pos=4096 tokens=1024 layer 42 encode=145.372 ms execute=2.462 ms
processing 8423 input tokens: 5120/8423 (60.8%) batch=164.39 t/s avg=167.72 t/s
ds4: Flash-MoE prefill layer=0 tokens=1024 unique=256 refs=6144 sync=12.086 ms plan=0.343 ms stage/compute=151.375 ms misses=256
ds4: Flash-MoE hybrid prefill layer=0 ane_groups=0 ane_refs=0 gpu_i8_groups=0 gpu_i8_refs=0 fp32_groups=0 ane_min_refs=256 concurrent=1 ane_pipeline=1 output_queue=4 async_ane=0 gpu_overlap=0 finishes=0 waits=0
ds4: Flash-MoE overlap plan layer=0 exec_groups=256 planned_ane_groups=0 planned_ane_refs=0 planned_gpu_groups=256 planned_gpu_refs=6144 tail_gpu_groups=0 tail_gpu_refs=0 planned_ssd_groups=256 est_gpu=22528.0 est_ane=0.0 est_idle=100.00% wall=150.953 ms actual_ane_groups=0 actual_ane_refs=0 actual_gpu_groups=0 actual_gpu_refs=0 finishes=0 waits=0 overlap_gpu_groups=0
ds4: Flash-MoE async pread canceled queued=0 reading=0 ready=1723 finished=0
ds4: gpu chunked prefill pos=5120 tokens=1024 layer 0 encode=164.216 ms execute=2.634 ms
ds4: Flash-MoE prefill layer=1 tokens=1024 unique=256 refs=6144 sync=12.496 ms plan=0.380 ms stage/compute=148.829 ms misses=256
ds4: Flash-MoE hybrid prefill layer=1 ane_groups=0 ane_refs=0 gpu_i8_groups=0 gpu_i8_refs=0 fp32_groups=0 ane_min_refs=256 concurrent=1 ane_pipeline=1 output_queue=4 async_ane=0 gpu_overlap=0 finishes=0 waits=0
ds4: Flash-MoE overlap plan layer=1 exec_groups=256 planned_ane_groups=0 planned_ane_refs=0 planned_gpu_groups=256 planned_gpu_refs=6144 tail_gpu_groups=0 tail_gpu_refs=0 planned_ssd_groups=256 est_gpu=22528.0 est_ane=0.0 est_idle=100.00% wall=148.367 ms actual_ane_groups=0 actual_ane_refs=0 actual_gpu_groups=0 actual_gpu_refs=0 finishes=0 waits=0 overlap_gpu_groups=0
ds4: Flash-MoE async pread canceled queued=0 reading=0 ready=1723 finished=0
ds4: gpu chunked prefill pos=5120 tokens=1024 layer 1 encode=162.292 ms execute=2.631 ms
ds4: Flash-MoE prefill layer=2 tokens=1024 unique=256 refs=6144 sync=39.599 ms plan=0.400 ms stage/compute=151.044 ms misses=256
ds4: Flash-MoE hybrid prefill layer=2 ane_groups=0 ane_refs=0 gpu_i8_groups=0 gpu_i8_refs=0 fp32_groups=0 ane_min_refs=256 concurrent=1 ane_pipeline=1 output_queue=4 async_ane=0 gpu_overlap=0 finishes=0 waits=0
ds4: Flash-MoE overlap plan layer=2 exec_groups=256 planned_ane_groups=0 planned_ane_refs=0 planned_gpu_groups=256 planned_gpu_refs=6144 tail_gpu_groups=0 tail_gpu_refs=0 planned_ssd_groups=256 est_gpu=22528.0 est_ane=0.0 est_idle=100.00% wall=150.615 ms actual_ane_groups=0 actual_ane_refs=0 actual_gpu_groups=0 actual_gpu_refs=0 finishes=0 waits=0 overlap_gpu_groups=0
ds4: Flash-MoE async pread canceled queued=0 reading=0 ready=1723 finished=0
ds4: gpu chunked prefill pos=5120 tokens=1024 layer 2 encode=191.376 ms execute=2.813 ms
ds4: Flash-MoE prefill layer=3 tokens=1024 unique=236 refs=6144 sync=14.538 ms plan=0.330 ms stage/compute=127.158 ms misses=236
ds4: Flash-MoE hybrid prefill layer=3 ane_groups=1 ane_refs=466 gpu_i8_groups=0 gpu_i8_refs=0 fp32_groups=0 ane_min_refs=256 concurrent=1 ane_pipeline=1 output_queue=4 async_ane=1 gpu_overlap=235 finishes=1 waits=2
ds4: Flash-MoE overlap plan layer=3 exec_groups=236 planned_ane_groups=1 planned_ane_refs=466 planned_gpu_groups=235 planned_gpu_refs=5678 tail_gpu_groups=0 tail_gpu_refs=0 planned_ssd_groups=236 est_gpu=20718.0 est_ane=165.2 est_idle=99.20% wall=126.769 ms actual_ane_groups=1 actual_ane_refs=466 actual_gpu_groups=0 actual_gpu_refs=0 finishes=1 waits=2 overlap_gpu_groups=235
ds4: Flash-MoE async pread canceled queued=0 reading=0 ready=1728 finished=0
ds4: gpu chunked prefill pos=5120 tokens=1024 layer 3 encode=142.916 ms execute=2.567 ms
ds4: Flash-MoE prefill layer=4 tokens=1024 unique=220 refs=6144 sync=39.357 ms plan=0.324 ms stage/compute=120.135 ms misses=220
ds4: Flash-MoE hybrid prefill layer=4 ane_groups=1 ane_refs=281 gpu_i8_groups=0 gpu_i8_refs=0 fp32_groups=0 ane_min_refs=256 concurrent=1 ane_pipeline=1 output_queue=4 async_ane=1 gpu_overlap=219 finishes=1 waits=2
ds4: Flash-MoE overlap plan layer=4 exec_groups=220 planned_ane_groups=1 planned_ane_refs=281 planned_gpu_groups=219 planned_gpu_refs=5863 tail_gpu_groups=0 tail_gpu_refs=0 planned_ssd_groups=220 est_gpu=19879.0 est_ane=165.2 est_idle=99.17% wall=119.742 ms actual_ane_groups=1 actual_ane_refs=281 actual_gpu_groups=0 actual_gpu_refs=0 finishes=1 waits=2 overlap_gpu_groups=219
ds4: Flash-MoE async pread canceled queued=0 reading=0 ready=1738 finished=0
ds4: gpu chunked prefill pos=5120 tokens=1024 layer 4 encode=160.099 ms execute=2.579 ms
ds4: Flash-MoE prefill layer=5 tokens=1024 unique=241 refs=6144 sync=14.567 ms plan=0.315 ms stage/compute=125.495 ms misses=241
ds4: Flash-MoE hybrid prefill layer=5 ane_groups=1 ane_refs=519 gpu_i8_groups=0 gpu_i8_refs=0 fp32_groups=0 ane_min_refs=256 concurrent=1 ane_pipeline=1 output_queue=4 async_ane=1 gpu_overlap=240 finishes=1 waits=2
ds4: Flash-MoE overlap plan layer=5 exec_groups=241 planned_ane_groups=1 planned_ane_refs=519 planned_gpu_groups=240 planned_gpu_refs=5625 tail_gpu_groups=0 tail_gpu_refs=0 planned_ssd_groups=241 est_gpu=20985.0 est_ane=167.8 est_idle=99.20% wall=125.062 ms actual_ane_groups=1 actual_ane_refs=519 actual_gpu_groups=0 actual_gpu_refs=0 finishes=1 waits=2 overlap_gpu_groups=240
ds4: Flash-MoE async pread canceled queued=0 reading=0 ready=1741 finished=0
ds4: gpu chunked prefill pos=5120 tokens=1024 layer 5 encode=140.915 ms execute=2.607 ms
ds4: Flash-MoE prefill layer=6 tokens=1024 unique=223 refs=6144 sync=39.443 ms plan=0.308 ms stage/compute=120.197 ms misses=223
ds4: Flash-MoE hybrid prefill layer=6 ane_groups=1 ane_refs=335 gpu_i8_groups=0 gpu_i8_refs=0 fp32_groups=0 ane_min_refs=256 concurrent=1 ane_pipeline=1 output_queue=4 async_ane=1 gpu_overlap=222 finishes=1 waits=2
ds4: Flash-MoE overlap plan layer=6 exec_groups=223 planned_ane_groups=1 planned_ane_refs=335 planned_gpu_groups=222 planned_gpu_refs=5809 tail_gpu_groups=0 tail_gpu_refs=0 planned_ssd_groups=223 est_gpu=20017.0 est_ane=165.2 est_idle=99.17% wall=119.844 ms actual_ane_groups=1 actual_ane_refs=335 actual_gpu_groups=0 actual_gpu_refs=0 finishes=1 waits=2 overlap_gpu_groups=222
ds4: Flash-MoE async pread canceled queued=0 reading=0 ready=1746 finished=0
ds4: gpu chunked prefill pos=5120 tokens=1024 layer 6 encode=160.215 ms execute=2.548 ms
ds4: Flash-MoE prefill layer=7 tokens=1024 unique=221 refs=6144 sync=14.581 ms plan=0.324 ms stage/compute=114.429 ms misses=221
ds4: Flash-MoE hybrid prefill layer=7 ane_groups=2 ane_refs=595 gpu_i8_groups=0 gpu_i8_refs=0 fp32_groups=0 ane_min_refs=256 concurrent=1 ane_pipeline=1 output_queue=4 async_ane=2 gpu_overlap=219 finishes=2 waits=4
ds4: Flash-MoE overlap plan layer=7 exec_groups=221 planned_ane_groups=2 planned_ane_refs=595 planned_gpu_groups=219 planned_gpu_refs=5549 tail_gpu_groups=0 tail_gpu_refs=0 planned_ssd_groups=221 est_gpu=19565.0 est_ane=330.3 est_idle=98.31% wall=114.037 ms actual_ane_groups=2 actual_ane_refs=595 actual_gpu_groups=0 actual_gpu_refs=0 finishes=2 waits=4 overlap_gpu_groups=219
ds4: Flash-MoE async pread canceled queued=0 reading=0 ready=1752 finished=0
ds4: gpu chunked prefill pos=5120 tokens=1024 layer 7 encode=129.943 ms execute=2.702 ms
ds4: Flash-MoE prefill layer=8 tokens=1024 unique=218 refs=6144 sync=39.381 ms plan=0.389 ms stage/compute=113.270 ms misses=218
ds4: Flash-MoE hybrid prefill layer=8 ane_groups=2 ane_refs=788 gpu_i8_groups=0 gpu_i8_refs=0 fp32_groups=0 ane_min_refs=256 concurrent=1 ane_pipeline=1 output_queue=4 async_ane=2 gpu_overlap=216 finishes=2 waits=4
ds4: Flash-MoE overlap plan layer=8 exec_groups=218 planned_ane_groups=2 planned_ane_refs=788 planned_gpu_groups=216 planned_gpu_refs=5356 tail_gpu_groups=0 tail_gpu_refs=0 planned_ssd_groups=218 est_gpu=19180.0 est_ane=330.3 est_idle=98.28% wall=112.891 ms actual_ane_groups=2 actual_ane_refs=788 actual_gpu_groups=0 actual_gpu_refs=0 finishes=2 waits=4 overlap_gpu_groups=216
ds4: Flash-MoE async pread canceled queued=0 reading=0 ready=1756 finished=0
ds4: gpu chunked prefill pos=5120 tokens=1024 layer 8 encode=153.324 ms execute=2.529 ms
ds4: Flash-MoE prefill layer=9 tokens=1024 unique=232 refs=6144 sync=14.641 ms plan=0.307 ms stage/compute=123.734 ms misses=232
ds4: Flash-MoE hybrid prefill layer=9 ane_groups=1 ane_refs=368 gpu_i8_groups=0 gpu_i8_refs=0 fp32_groups=0 ane_min_refs=256 concurrent=1 ane_pipeline=1 output_queue=4 async_ane=1 gpu_overlap=231 finishes=1 waits=2
ds4: Flash-MoE overlap plan layer=9 exec_groups=232 planned_ane_groups=1 planned_ane_refs=368 planned_gpu_groups=231 planned_gpu_refs=5776 tail_gpu_groups=0 tail_gpu_refs=0 planned_ssd_groups=232 est_gpu=20560.0 est_ane=165.2 est_idle=99.20% wall=123.357 ms actual_ane_groups=1 actual_ane_refs=368 actual_gpu_groups=0 actual_gpu_refs=0 finishes=1 waits=2 overlap_gpu_groups=231
ds4: Flash-MoE async pread canceled queued=0 reading=0 ready=1759 finished=0
ds4: gpu chunked prefill pos=5120 tokens=1024 layer 9 encode=139.243 ms execute=2.542 ms
ds4: Flash-MoE prefill layer=10 tokens=1024 unique=223 refs=6144 sync=39.523 ms plan=0.325 ms stage/compute=120.091 ms misses=223
ds4: Flash-MoE hybrid prefill layer=10 ane_groups=0 ane_refs=0 gpu_i8_groups=0 gpu_i8_refs=0 fp32_groups=0 ane_min_refs=256 concurrent=1 ane_pipeline=1 output_queue=4 async_ane=0 gpu_overlap=0 finishes=0 waits=0
ds4: Flash-MoE overlap plan layer=10 exec_groups=223 planned_ane_groups=0 planned_ane_refs=0 planned_gpu_groups=223 planned_gpu_refs=6144 tail_gpu_groups=0 tail_gpu_refs=0 planned_ssd_groups=223 est_gpu=20416.0 est_ane=0.0 est_idle=100.00% wall=119.686 ms actual_ane_groups=0 actual_ane_refs=0 actual_gpu_groups=0 actual_gpu_refs=0 finishes=0 waits=0 overlap_gpu_groups=0
ds4: Flash-MoE async pread canceled queued=0 reading=0 ready=1768 finished=0
ds4: gpu chunked prefill pos=5120 tokens=1024 layer 10 encode=160.248 ms execute=2.599 ms
ds4: Flash-MoE prefill layer=11 tokens=1024 unique=225 refs=6144 sync=14.647 ms plan=0.335 ms stage/compute=118.356 ms misses=225
ds4: Flash-MoE hybrid prefill layer=11 ane_groups=1 ane_refs=308 gpu_i8_groups=0 gpu_i8_refs=0 fp32_groups=0 ane_min_refs=256 concurrent=1 ane_pipeline=1 output_queue=4 async_ane=1 gpu_overlap=224 finishes=1 waits=2
ds4: Flash-MoE overlap plan layer=11 exec_groups=225 planned_ane_groups=1 planned_ane_refs=308 planned_gpu_groups=224 planned_gpu_refs=5836 tail_gpu_groups=0 tail_gpu_refs=0 planned_ssd_groups=225 est_gpu=20172.0 est_ane=165.2 est_idle=99.18% wall=117.989 ms actual_ane_groups=1 actual_ane_refs=308 actual_gpu_groups=0 actual_gpu_refs=0 finishes=1 waits=2 overlap_gpu_groups=224
ds4: Flash-MoE async pread canceled queued=0 reading=0 ready=1773 finished=0
ds4: gpu chunked prefill pos=5120 tokens=1024 layer 11 encode=133.920 ms execute=2.525 ms
ds4: Flash-MoE prefill layer=12 tokens=1024 unique=203 refs=6144 sync=39.344 ms plan=0.309 ms stage/compute=108.593 ms misses=203
ds4: Flash-MoE hybrid prefill layer=12 ane_groups=0 ane_refs=0 gpu_i8_groups=0 gpu_i8_refs=0 fp32_groups=0 ane_min_refs=256 concurrent=1 ane_pipeline=1 output_queue=4 async_ane=0 gpu_overlap=0 finishes=0 waits=0
ds4: Flash-MoE overlap plan layer=12 exec_groups=203 planned_ane_groups=0 planned_ane_refs=0 planned_gpu_groups=203 planned_gpu_refs=6144 tail_gpu_groups=0 tail_gpu_refs=0 planned_ssd_groups=203 est_gpu=19136.0 est_ane=0.0 est_idle=100.00% wall=108.207 ms actual_ane_groups=0 actual_ane_refs=0 actual_gpu_groups=0 actual_gpu_refs=0 finishes=0 waits=0 overlap_gpu_groups=0
ds4: Flash-MoE async pread canceled queued=0 reading=0 ready=1780 finished=0
ds4: gpu chunked prefill pos=5120 tokens=1024 layer 12 encode=148.524 ms execute=2.605 ms
ds4: Flash-MoE prefill layer=13 tokens=1024 unique=216 refs=6144 sync=14.566 ms plan=0.344 ms stage/compute=112.969 ms misses=216
ds4: Flash-MoE hybrid prefill layer=13 ane_groups=1 ane_refs=309 gpu_i8_groups=0 gpu_i8_refs=0 fp32_groups=0 ane_min_refs=256 concurrent=1 ane_pipeline=1 output_queue=4 async_ane=1 gpu_overlap=215 finishes=1 waits=2
ds4: Flash-MoE overlap plan layer=13 exec_groups=216 planned_ane_groups=1 planned_ane_refs=309 planned_gpu_groups=215 planned_gpu_refs=5835 tail_gpu_groups=0 tail_gpu_refs=0 planned_ssd_groups=216 est_gpu=19595.0 est_ane=165.2 est_idle=99.16% wall=112.621 ms actual_ane_groups=1 actual_ane_refs=309 actual_gpu_groups=0 actual_gpu_refs=0 finishes=1 waits=2 overlap_gpu_groups=215
ds4: Flash-MoE async pread canceled queued=0 reading=0 ready=1788 finished=0
ds4: gpu chunked prefill pos=5120 tokens=1024 layer 13 encode=128.474 ms execute=2.530 ms
ds4: Flash-MoE prefill layer=14 tokens=1024 unique=213 refs=6144 sync=39.365 ms plan=0.310 ms stage/compute=115.704 ms misses=213
ds4: Flash-MoE hybrid prefill layer=14 ane_groups=1 ane_refs=319 gpu_i8_groups=0 gpu_i8_refs=0 fp32_groups=0 ane_min_refs=256 concurrent=1 ane_pipeline=1 output_queue=4 async_ane=1 gpu_overlap=212 finishes=1 waits=2
ds4: Flash-MoE overlap plan layer=14 exec_groups=213 planned_ane_groups=1 planned_ane_refs=319 planned_gpu_groups=212 planned_gpu_refs=5825 tail_gpu_groups=0 tail_gpu_refs=0 planned_ssd_groups=213 est_gpu=19393.0 est_ane=165.2 est_idle=99.15% wall=115.338 ms actual_ane_groups=1 actual_ane_refs=319 actual_gpu_groups=0 actual_gpu_refs=0 finishes=1 waits=2 overlap_gpu_groups=212
ds4: Flash-MoE async pread canceled queued=0 reading=0 ready=1796 finished=0
ds4: gpu chunked prefill pos=5120 tokens=1024 layer 14 encode=155.650 ms execute=2.558 ms
ds4: Flash-MoE prefill layer=15 tokens=1024 unique=214 refs=6144 sync=14.596 ms plan=0.409 ms stage/compute=111.163 ms misses=214
ds4: Flash-MoE hybrid prefill layer=15 ane_groups=0 ane_refs=0 gpu_i8_groups=0 gpu_i8_refs=0 fp32_groups=0 ane_min_refs=256 concurrent=1 ane_pipeline=1 output_queue=4 async_ane=0 gpu_overlap=0 finishes=0 waits=0
ds4: Flash-MoE overlap plan layer=15 exec_groups=214 planned_ane_groups=0 planned_ane_refs=0 planned_gpu_groups=214 planned_gpu_refs=6144 tail_gpu_groups=0 tail_gpu_refs=0 planned_ssd_groups=214 est_gpu=19840.0 est_ane=0.0 est_idle=100.00% wall=110.780 ms actual_ane_groups=0 actual_ane_refs=0 actual_gpu_groups=0 actual_gpu_refs=0 finishes=0 waits=0 overlap_gpu_groups=0
ds4: Flash-MoE async pread canceled queued=0 reading=0 ready=1803 finished=0
ds4: gpu chunked prefill pos=5120 tokens=1024 layer 15 encode=126.753 ms execute=2.720 ms
ds4: Flash-MoE prefill layer=16 tokens=1024 unique=205 refs=6144 sync=39.450 ms plan=0.367 ms stage/compute=110.013 ms misses=205
ds4: Flash-MoE hybrid prefill layer=16 ane_groups=1 ane_refs=400 gpu_i8_groups=0 gpu_i8_refs=0 fp32_groups=0 ane_min_refs=256 concurrent=1 ane_pipeline=1 output_queue=4 async_ane=1 gpu_overlap=204 finishes=1 waits=2
ds4: Flash-MoE overlap plan layer=16 exec_groups=205 planned_ane_groups=1 planned_ane_refs=400 planned_gpu_groups=204 planned_gpu_refs=5744 tail_gpu_groups=0 tail_gpu_refs=0 planned_ssd_groups=205 est_gpu=18800.0 est_ane=165.2 est_idle=99.12% wall=109.610 ms actual_ane_groups=1 actual_ane_refs=400 actual_gpu_groups=0 actual_gpu_refs=0 finishes=1 waits=2 overlap_gpu_groups=204
ds4: Flash-MoE async pread canceled queued=0 reading=0 ready=1812 finished=0
ds4: gpu chunked prefill pos=5120 tokens=1024 layer 16 encode=150.286 ms execute=2.551 ms
ds4: Flash-MoE prefill layer=17 tokens=1024 unique=215 refs=6144 sync=14.506 ms plan=0.329 ms stage/compute=114.644 ms misses=215
ds4: Flash-MoE hybrid prefill layer=17 ane_groups=1 ane_refs=394 gpu_i8_groups=0 gpu_i8_refs=0 fp32_groups=0 ane_min_refs=256 concurrent=1 ane_pipeline=1 output_queue=4 async_ane=1 gpu_overlap=214 finishes=1 waits=2
ds4: Flash-MoE overlap plan layer=17 exec_groups=215 planned_ane_groups=1 planned_ane_refs=394 planned_gpu_groups=214 planned_gpu_refs=5750 tail_gpu_groups=0 tail_gpu_refs=0 planned_ssd_groups=215 est_gpu=19446.0 est_ane=165.2 est_idle=99.15% wall=114.255 ms actual_ane_groups=1 actual_ane_refs=394 actual_gpu_groups=0 actual_gpu_refs=0 finishes=1 waits=2 overlap_gpu_groups=214
ds4: Flash-MoE async pread canceled queued=0 reading=0 ready=1822 finished=0
ds4: gpu chunked prefill pos=5120 tokens=1024 layer 17 encode=130.021 ms execute=2.764 ms
ds4: Flash-MoE prefill layer=18 tokens=1024 unique=200 refs=6144 sync=39.444 ms plan=0.367 ms stage/compute=103.453 ms misses=200
ds4: Flash-MoE hybrid prefill layer=18 ane_groups=3 ane_refs=1079 gpu_i8_groups=0 gpu_i8_refs=0 fp32_groups=0 ane_min_refs=256 concurrent=1 ane_pipeline=1 output_queue=4 async_ane=3 gpu_overlap=197 finishes=3 waits=6
ds4: Flash-MoE overlap plan layer=18 exec_groups=200 planned_ane_groups=3 planned_ane_refs=1079 planned_gpu_groups=197 planned_gpu_refs=5065 tail_gpu_groups=0 tail_gpu_refs=0 planned_ssd_groups=200 est_gpu=17673.0 est_ane=495.5 est_idle=97.20% wall=103.093 ms actual_ane_groups=3 actual_ane_refs=1079 actual_gpu_groups=0 actual_gpu_refs=0 finishes=3 waits=6 overlap_gpu_groups=197
ds4: Flash-MoE async pread canceled queued=0 reading=0 ready=1833 finished=0
ds4: gpu chunked prefill pos=5120 tokens=1024 layer 18 encode=143.615 ms execute=2.681 ms
ds4: Flash-MoE prefill layer=19 tokens=1024 unique=229 refs=6144 sync=14.553 ms plan=0.297 ms stage/compute=122.566 ms misses=229
ds4: Flash-MoE hybrid prefill layer=19 ane_groups=1 ane_refs=260 gpu_i8_groups=0 gpu_i8_refs=0 fp32_groups=0 ane_min_refs=256 concurrent=1 ane_pipeline=1 output_queue=4 async_ane=1 gpu_overlap=228 finishes=1 waits=2
ds4: Flash-MoE overlap plan layer=19 exec_groups=229 planned_ane_groups=1 planned_ane_refs=260 planned_gpu_groups=228 planned_gpu_refs=5884 tail_gpu_groups=0 tail_gpu_refs=0 planned_ssd_groups=229 est_gpu=20476.0 est_ane=165.2 est_idle=99.19% wall=122.176 ms actual_ane_groups=1 actual_ane_refs=260 actual_gpu_groups=0 actual_gpu_refs=0 finishes=1 waits=2 overlap_gpu_groups=228
ds4: Flash-MoE async pread canceled queued=0 reading=0 ready=1836 finished=0
ds4: gpu chunked prefill pos=5120 tokens=1024 layer 19 encode=137.961 ms execute=2.584 ms
ds4: Flash-MoE prefill layer=20 tokens=1024 unique=191 refs=6144 sync=39.830 ms plan=0.423 ms stage/compute=103.962 ms misses=191
ds4: Flash-MoE hybrid prefill layer=20 ane_groups=1 ane_refs=434 gpu_i8_groups=0 gpu_i8_refs=0 fp32_groups=0 ane_min_refs=256 concurrent=1 ane_pipeline=1 output_queue=4 async_ane=1 gpu_overlap=190 finishes=1 waits=2
ds4: Flash-MoE overlap plan layer=20 exec_groups=191 planned_ane_groups=1 planned_ane_refs=434 planned_gpu_groups=190 planned_gpu_refs=5710 tail_gpu_groups=0 tail_gpu_refs=0 planned_ssd_groups=191 est_gpu=17870.0 est_ane=165.2 est_idle=99.08% wall=103.608 ms actual_ane_groups=1 actual_ane_refs=434 actual_gpu_groups=0 actual_gpu_refs=0 finishes=1 waits=2 overlap_gpu_groups=190
ds4: Flash-MoE async pread canceled queued=0 reading=0 ready=1848 finished=0
ds4: gpu chunked prefill pos=5120 tokens=1024 layer 20 encode=144.492 ms execute=2.549 ms
ds4: Flash-MoE prefill layer=21 tokens=1024 unique=201 refs=6144 sync=14.518 ms plan=0.329 ms stage/compute=109.331 ms misses=201
ds4: Flash-MoE hybrid prefill layer=21 ane_groups=1 ane_refs=473 gpu_i8_groups=0 gpu_i8_refs=0 fp32_groups=0 ane_min_refs=256 concurrent=1 ane_pipeline=1 output_queue=4 async_ane=1 gpu_overlap=200 finishes=1 waits=2
ds4: Flash-MoE overlap plan layer=21 exec_groups=201 planned_ane_groups=1 planned_ane_refs=473 planned_gpu_groups=200 planned_gpu_refs=5671 tail_gpu_groups=0 tail_gpu_refs=0 planned_ssd_groups=201 est_gpu=18471.0 est_ane=165.2 est_idle=99.11% wall=108.970 ms actual_ane_groups=1 actual_ane_refs=473 actual_gpu_groups=0 actual_gpu_refs=0 finishes=1 waits=2 overlap_gpu_groups=200
ds4: Flash-MoE async pread canceled queued=0 reading=0 ready=1857 finished=0
ds4: gpu chunked prefill pos=5120 tokens=1024 layer 21 encode=124.790 ms execute=2.571 ms
ds4: Flash-MoE prefill layer=22 tokens=1024 unique=214 refs=6144 sync=39.492 ms plan=0.347 ms stage/compute=114.425 ms misses=214
ds4: Flash-MoE hybrid prefill layer=22 ane_groups=1 ane_refs=272 gpu_i8_groups=0 gpu_i8_refs=0 fp32_groups=0 ane_min_refs=256 concurrent=1 ane_pipeline=1 output_queue=4 async_ane=1 gpu_overlap=213 finishes=1 waits=2
ds4: Flash-MoE overlap plan layer=22 exec_groups=214 planned_ane_groups=1 planned_ane_refs=272 planned_gpu_groups=213 planned_gpu_refs=5872 tail_gpu_groups=0 tail_gpu_refs=0 planned_ssd_groups=214 est_gpu=19504.0 est_ane=165.2 est_idle=99.15% wall=114.081 ms actual_ane_groups=1 actual_ane_refs=272 actual_gpu_groups=0 actual_gpu_refs=0 finishes=1 waits=2 overlap_gpu_groups=213
ds4: Flash-MoE async pread canceled queued=0 reading=0 ready=1862 finished=0
ds4: gpu chunked prefill pos=5120 tokens=1024 layer 22 encode=154.541 ms execute=2.527 ms
ds4: Flash-MoE prefill layer=23 tokens=1024 unique=217 refs=6144 sync=14.462 ms plan=0.330 ms stage/compute=118.248 ms misses=217
ds4: Flash-MoE hybrid prefill layer=23 ane_groups=1 ane_refs=298 gpu_i8_groups=0 gpu_i8_refs=0 fp32_groups=0 ane_min_refs=256 concurrent=1 ane_pipeline=1 output_queue=4 async_ane=1 gpu_overlap=216 finishes=1 waits=2
ds4: Flash-MoE overlap plan layer=23 exec_groups=217 planned_ane_groups=1 planned_ane_refs=298 planned_gpu_groups=216 planned_gpu_refs=5846 tail_gpu_groups=0 tail_gpu_refs=0 planned_ssd_groups=217 est_gpu=19670.0 est_ane=165.2 est_idle=99.16% wall=117.875 ms actual_ane_groups=1 actual_ane_refs=298 actual_gpu_groups=0 actual_gpu_refs=0 finishes=1 waits=2 overlap_gpu_groups=216
ds4: Flash-MoE async pread canceled queued=0 reading=0 ready=1869 finished=0
ds4: gpu chunked prefill pos=5120 tokens=1024 layer 23 encode=133.627 ms execute=2.697 ms
ds4: Flash-MoE prefill layer=24 tokens=1024 unique=211 refs=6144 sync=40.070 ms plan=0.373 ms stage/compute=112.239 ms misses=211
ds4: Flash-MoE hybrid prefill layer=24 ane_groups=1 ane_refs=285 gpu_i8_groups=0 gpu_i8_refs=0 fp32_groups=0 ane_min_refs=256 concurrent=1 ane_pipeline=1 output_queue=4 async_ane=1 gpu_overlap=210 finishes=1 waits=2
ds4: Flash-MoE overlap plan layer=24 exec_groups=211 planned_ane_groups=1 planned_ane_refs=285 planned_gpu_groups=210 planned_gpu_refs=5859 tail_gpu_groups=0 tail_gpu_refs=0 planned_ssd_groups=211 est_gpu=19299.0 est_ane=165.2 est_idle=99.14% wall=111.870 ms actual_ane_groups=1 actual_ane_refs=285 actual_gpu_groups=0 actual_gpu_refs=0 finishes=1 waits=2 overlap_gpu_groups=210
ds4: Flash-MoE async pread canceled queued=0 reading=0 ready=1875 finished=0
ds4: gpu chunked prefill pos=5120 tokens=1024 layer 24 encode=153.055 ms execute=2.529 ms
ds4: Flash-MoE prefill layer=25 tokens=1024 unique=220 refs=6144 sync=14.464 ms plan=0.282 ms stage/compute=119.779 ms misses=220
ds4: Flash-MoE hybrid prefill layer=25 ane_groups=1 ane_refs=309 gpu_i8_groups=0 gpu_i8_refs=0 fp32_groups=0 ane_min_refs=256 concurrent=1 ane_pipeline=1 output_queue=4 async_ane=1 gpu_overlap=219 finishes=1 waits=2
ds4: Flash-MoE overlap plan layer=25 exec_groups=220 planned_ane_groups=1 planned_ane_refs=309 planned_gpu_groups=219 planned_gpu_refs=5835 tail_gpu_groups=0 tail_gpu_refs=0 planned_ssd_groups=220 est_gpu=19851.0 est_ane=165.2 est_idle=99.17% wall=119.428 ms actual_ane_groups=1 actual_ane_refs=309 actual_gpu_groups=0 actual_gpu_refs=0 finishes=1 waits=2 overlap_gpu_groups=219
ds4: Flash-MoE async pread canceled queued=0 reading=0 ready=1882 finished=0
ds4: gpu chunked prefill pos=5120 tokens=1024 layer 25 encode=135.095 ms execute=2.506 ms
ds4: Flash-MoE prefill layer=26 tokens=1024 unique=205 refs=6144 sync=39.281 ms plan=0.282 ms stage/compute=106.587 ms misses=205
ds4: Flash-MoE hybrid prefill layer=26 ane_groups=2 ane_refs=793 gpu_i8_groups=0 gpu_i8_refs=0 fp32_groups=0 ane_min_refs=256 concurrent=1 ane_pipeline=1 output_queue=4 async_ane=2 gpu_overlap=203 finishes=2 waits=4
ds4: Flash-MoE overlap plan layer=26 exec_groups=205 planned_ane_groups=2 planned_ane_refs=793 planned_gpu_groups=203 planned_gpu_refs=5351 tail_gpu_groups=0 tail_gpu_refs=0 planned_ssd_groups=205 est_gpu=18343.0 est_ane=330.3 est_idle=98.20% wall=106.230 ms actual_ane_groups=2 actual_ane_refs=793 actual_gpu_groups=0 actual_gpu_refs=0 finishes=2 waits=4 overlap_gpu_groups=203
ds4: Flash-MoE async pread canceled queued=0 reading=0 ready=1889 finished=0
ds4: gpu chunked prefill pos=5120 tokens=1024 layer 26 encode=146.426 ms execute=2.727 ms
ds4: Flash-MoE prefill layer=27 tokens=1024 unique=218 refs=6144 sync=14.715 ms plan=0.337 ms stage/compute=117.240 ms misses=218
ds4: Flash-MoE hybrid prefill layer=27 ane_groups=1 ane_refs=376 gpu_i8_groups=0 gpu_i8_refs=0 fp32_groups=0 ane_min_refs=256 concurrent=1 ane_pipeline=1 output_queue=4 async_ane=1 gpu_overlap=217 finishes=1 waits=2
ds4: Flash-MoE overlap plan layer=27 exec_groups=218 planned_ane_groups=1 planned_ane_refs=376 planned_gpu_groups=217 planned_gpu_refs=5768 tail_gpu_groups=0 tail_gpu_refs=0 planned_ssd_groups=218 est_gpu=19656.0 est_ane=165.2 est_idle=99.16% wall=116.896 ms actual_ane_groups=1 actual_ane_refs=376 actual_gpu_groups=0 actual_gpu_refs=0 finishes=1 waits=2 overlap_gpu_groups=217
ds4: Flash-MoE async pread canceled queued=0 reading=0 ready=1895 finished=0
ds4: gpu chunked prefill pos=5120 tokens=1024 layer 27 encode=132.874 ms execute=2.558 ms
ds4: Flash-MoE prefill layer=28 tokens=1024 unique=211 refs=6144 sync=39.189 ms plan=0.387 ms stage/compute=116.018 ms misses=211
ds4: Flash-MoE hybrid prefill layer=28 ane_groups=1 ane_refs=331 gpu_i8_groups=0 gpu_i8_refs=0 fp32_groups=0 ane_min_refs=256 concurrent=1 ane_pipeline=1 output_queue=4 async_ane=1 gpu_overlap=210 finishes=1 waits=2
ds4: Flash-MoE overlap plan layer=28 exec_groups=211 planned_ane_groups=1 planned_ane_refs=331 planned_gpu_groups=210 planned_gpu_refs=5813 tail_gpu_groups=0 tail_gpu_refs=0 planned_ssd_groups=211 est_gpu=19253.0 est_ane=165.2 est_idle=99.14% wall=115.653 ms actual_ane_groups=1 actual_ane_refs=331 actual_gpu_groups=0 actual_gpu_refs=0 finishes=1 waits=2 overlap_gpu_groups=210
ds4: Flash-MoE async pread canceled queued=0 reading=0 ready=1905 finished=0
ds4: gpu chunked prefill pos=5120 tokens=1024 layer 28 encode=155.856 ms execute=2.577 ms
ds4: Flash-MoE prefill layer=29 tokens=1024 unique=208 refs=6144 sync=14.748 ms plan=0.343 ms stage/compute=116.045 ms misses=208
ds4: Flash-MoE hybrid prefill layer=29 ane_groups=1 ane_refs=329 gpu_i8_groups=0 gpu_i8_refs=0 fp32_groups=0 ane_min_refs=256 concurrent=1 ane_pipeline=1 output_queue=4 async_ane=1 gpu_overlap=207 finishes=1 waits=2
ds4: Flash-MoE overlap plan layer=29 exec_groups=208 planned_ane_groups=1 planned_ane_refs=329 planned_gpu_groups=207 planned_gpu_refs=5815 tail_gpu_groups=0 tail_gpu_refs=0 planned_ssd_groups=208 est_gpu=19063.0 est_ane=165.2 est_idle=99.13% wall=115.665 ms actual_ane_groups=1 actual_ane_refs=329 actual_gpu_groups=0 actual_gpu_refs=0 finishes=1 waits=2 overlap_gpu_groups=207
ds4: Flash-MoE async pread canceled queued=0 reading=0 ready=1917 finished=0
ds4: gpu chunked prefill pos=5120 tokens=1024 layer 29 encode=131.683 ms execute=2.525 ms
ds4: Flash-MoE prefill layer=30 tokens=1024 unique=212 refs=6144 sync=39.242 ms plan=0.372 ms stage/compute=119.100 ms misses=212
ds4: Flash-MoE hybrid prefill layer=30 ane_groups=0 ane_refs=0 gpu_i8_groups=0 gpu_i8_refs=0 fp32_groups=0 ane_min_refs=256 concurrent=1 ane_pipeline=1 output_queue=4 async_ane=0 gpu_overlap=0 finishes=0 waits=0
ds4: Flash-MoE overlap plan layer=30 exec_groups=212 planned_ane_groups=0 planned_ane_refs=0 planned_gpu_groups=212 planned_gpu_refs=6144 tail_gpu_groups=0 tail_gpu_refs=0 planned_ssd_groups=212 est_gpu=19712.0 est_ane=0.0 est_idle=100.00% wall=118.762 ms actual_ane_groups=0 actual_ane_refs=0 actual_gpu_groups=0 actual_gpu_refs=0 finishes=0 waits=0 overlap_gpu_groups=0
ds4: Flash-MoE async pread canceled queued=0 reading=0 ready=1932 finished=0
ds4: gpu chunked prefill pos=5120 tokens=1024 layer 30 encode=158.980 ms execute=2.597 ms
ds4: Flash-MoE prefill layer=31 tokens=1024 unique=210 refs=6144 sync=14.593 ms plan=0.378 ms stage/compute=113.474 ms misses=210
ds4: Flash-MoE hybrid prefill layer=31 ane_groups=1 ane_refs=325 gpu_i8_groups=0 gpu_i8_refs=0 fp32_groups=0 ane_min_refs=256 concurrent=1 ane_pipeline=1 output_queue=4 async_ane=1 gpu_overlap=209 finishes=1 waits=2
ds4: Flash-MoE overlap plan layer=31 exec_groups=210 planned_ane_groups=1 planned_ane_refs=325 planned_gpu_groups=209 planned_gpu_refs=5819 tail_gpu_groups=0 tail_gpu_refs=0 planned_ssd_groups=210 est_gpu=19195.0 est_ane=165.2 est_idle=99.14% wall=113.091 ms actual_ane_groups=1 actual_ane_refs=325 actual_gpu_groups=0 actual_gpu_refs=0 finishes=1 waits=2 overlap_gpu_groups=209
ds4: Flash-MoE async pread canceled queued=0 reading=0 ready=1940 finished=0
ds4: gpu chunked prefill pos=5120 tokens=1024 layer 31 encode=129.038 ms execute=2.539 ms
ds4: Flash-MoE prefill layer=32 tokens=1024 unique=214 refs=6144 sync=39.298 ms plan=0.319 ms stage/compute=116.393 ms misses=214
ds4: Flash-MoE hybrid prefill layer=32 ane_groups=0 ane_refs=0 gpu_i8_groups=0 gpu_i8_refs=0 fp32_groups=0 ane_min_refs=256 concurrent=1 ane_pipeline=1 output_queue=4 async_ane=0 gpu_overlap=0 finishes=0 waits=0
ds4: Flash-MoE overlap plan layer=32 exec_groups=214 planned_ane_groups=0 planned_ane_refs=0 planned_gpu_groups=214 planned_gpu_refs=6144 tail_gpu_groups=0 tail_gpu_refs=0 planned_ssd_groups=214 est_gpu=19840.0 est_ane=0.0 est_idle=100.00% wall=116.061 ms actual_ane_groups=0 actual_ane_refs=0 actual_gpu_groups=0 actual_gpu_refs=0 finishes=0 waits=0 overlap_gpu_groups=0
ds4: Flash-MoE async pread canceled queued=0 reading=0 ready=1945 finished=0
ds4: gpu chunked prefill pos=5120 tokens=1024 layer 32 encode=156.308 ms execute=2.580 ms
ds4: Flash-MoE prefill layer=33 tokens=1024 unique=202 refs=6144 sync=14.413 ms plan=0.330 ms stage/compute=112.424 ms misses=202
ds4: Flash-MoE hybrid prefill layer=33 ane_groups=1 ane_refs=338 gpu_i8_groups=0 gpu_i8_refs=0 fp32_groups=0 ane_min_refs=256 concurrent=1 ane_pipeline=1 output_queue=4 async_ane=1 gpu_overlap=201 finishes=1 waits=2
ds4: Flash-MoE overlap plan layer=33 exec_groups=202 planned_ane_groups=1 planned_ane_refs=338 planned_gpu_groups=201 planned_gpu_refs=5806 tail_gpu_groups=0 tail_gpu_refs=0 planned_ssd_groups=202 est_gpu=18670.0 est_ane=165.2 est_idle=99.12% wall=112.092 ms actual_ane_groups=1 actual_ane_refs=338 actual_gpu_groups=0 actual_gpu_refs=0 finishes=1 waits=2 overlap_gpu_groups=201
ds4: Flash-MoE async pread canceled queued=0 reading=0 ready=1958 finished=0
ds4: gpu chunked prefill pos=5120 tokens=1024 layer 33 encode=127.721 ms execute=2.544 ms
ds4: Flash-MoE prefill layer=34 tokens=1024 unique=203 refs=6144 sync=39.369 ms plan=0.398 ms stage/compute=108.259 ms misses=203
ds4: Flash-MoE hybrid prefill layer=34 ane_groups=3 ane_refs=1038 gpu_i8_groups=0 gpu_i8_refs=0 fp32_groups=0 ane_min_refs=256 concurrent=1 ane_pipeline=1 output_queue=4 async_ane=3 gpu_overlap=200 finishes=3 waits=6
ds4: Flash-MoE overlap plan layer=34 exec_groups=203 planned_ane_groups=3 planned_ane_refs=1038 planned_gpu_groups=200 planned_gpu_refs=5106 tail_gpu_groups=0 tail_gpu_refs=0 planned_ssd_groups=203 est_gpu=17906.0 est_ane=495.5 est_idle=97.23% wall=107.889 ms actual_ane_groups=3 actual_ane_refs=1038 actual_gpu_groups=0 actual_gpu_refs=0 finishes=3 waits=6 overlap_gpu_groups=200
ds4: Flash-MoE async pread canceled queued=0 reading=0 ready=1971 finished=0
ds4: gpu chunked prefill pos=5120 tokens=1024 layer 34 encode=148.298 ms execute=2.791 ms
ds4: Flash-MoE prefill layer=35 tokens=1024 unique=203 refs=6144 sync=14.425 ms plan=0.348 ms stage/compute=110.578 ms misses=203
ds4: Flash-MoE hybrid prefill layer=35 ane_groups=1 ane_refs=285 gpu_i8_groups=0 gpu_i8_refs=0 fp32_groups=0 ane_min_refs=256 concurrent=1 ane_pipeline=1 output_queue=4 async_ane=1 gpu_overlap=202 finishes=1 waits=2
ds4: Flash-MoE overlap plan layer=35 exec_groups=203 planned_ane_groups=1 planned_ane_refs=285 planned_gpu_groups=202 planned_gpu_refs=5859 tail_gpu_groups=0 tail_gpu_refs=0 planned_ssd_groups=203 est_gpu=18787.0 est_ane=165.2 est_idle=99.12% wall=110.243 ms actual_ane_groups=1 actual_ane_refs=285 actual_gpu_groups=0 actual_gpu_refs=0 finishes=1 waits=2 overlap_gpu_groups=202
ds4: Flash-MoE async pread canceled queued=0 reading=0 ready=1982 finished=0
ds4: gpu chunked prefill pos=5120 tokens=1024 layer 35 encode=126.105 ms execute=2.563 ms
ds4: Flash-MoE prefill layer=36 tokens=1024 unique=217 refs=6144 sync=39.744 ms plan=0.394 ms stage/compute=112.876 ms misses=217
ds4: Flash-MoE hybrid prefill layer=36 ane_groups=2 ane_refs=681 gpu_i8_groups=0 gpu_i8_refs=0 fp32_groups=0 ane_min_refs=256 concurrent=1 ane_pipeline=1 output_queue=4 async_ane=2 gpu_overlap=215 finishes=2 waits=4
ds4: Flash-MoE overlap plan layer=36 exec_groups=217 planned_ane_groups=2 planned_ane_refs=681 planned_gpu_groups=215 planned_gpu_refs=5463 tail_gpu_groups=0 tail_gpu_refs=0 planned_ssd_groups=217 est_gpu=19223.0 est_ane=330.3 est_idle=98.28% wall=112.514 ms actual_ane_groups=2 actual_ane_refs=681 actual_gpu_groups=0 actual_gpu_refs=0 finishes=2 waits=4 overlap_gpu_groups=215
ds4: Flash-MoE async pread canceled queued=0 reading=0 ready=1989 finished=0
ds4: gpu chunked prefill pos=5120 tokens=1024 layer 36 encode=153.554 ms execute=2.564 ms
ds4: Flash-MoE prefill layer=37 tokens=1024 unique=202 refs=6144 sync=14.463 ms plan=0.412 ms stage/compute=107.426 ms misses=202
ds4: Flash-MoE hybrid prefill layer=37 ane_groups=1 ane_refs=608 gpu_i8_groups=0 gpu_i8_refs=0 fp32_groups=0 ane_min_refs=256 concurrent=1 ane_pipeline=1 output_queue=4 async_ane=1 gpu_overlap=201 finishes=1 waits=2
ds4: Flash-MoE overlap plan layer=37 exec_groups=202 planned_ane_groups=1 planned_ane_refs=608 planned_gpu_groups=201 planned_gpu_refs=5536 tail_gpu_groups=0 tail_gpu_refs=0 planned_ssd_groups=202 est_gpu=18400.0 est_ane=167.8 est_idle=99.09% wall=107.070 ms actual_ane_groups=1 actual_ane_refs=608 actual_gpu_groups=0 actual_gpu_refs=0 finishes=1 waits=2 overlap_gpu_groups=201
ds4: Flash-MoE async pread canceled queued=0 reading=0 ready=2002 finished=0
ds4: gpu chunked prefill pos=5120 tokens=1024 layer 37 encode=122.840 ms execute=2.675 ms
ds4: Flash-MoE prefill layer=38 tokens=1024 unique=215 refs=6144 sync=40.041 ms plan=0.383 ms stage/compute=115.721 ms misses=215
ds4: Flash-MoE hybrid prefill layer=38 ane_groups=2 ane_refs=632 gpu_i8_groups=0 gpu_i8_refs=0 fp32_groups=0 ane_min_refs=256 concurrent=1 ane_pipeline=1 output_queue=4 async_ane=2 gpu_overlap=213 finishes=2 waits=4
ds4: Flash-MoE overlap plan layer=38 exec_groups=215 planned_ane_groups=2 planned_ane_refs=632 planned_gpu_groups=213 planned_gpu_refs=5512 tail_gpu_groups=0 tail_gpu_refs=0 planned_ssd_groups=215 est_gpu=19144.0 est_ane=330.3 est_idle=98.27% wall=115.384 ms actual_ane_groups=2 actual_ane_refs=632 actual_gpu_groups=0 actual_gpu_refs=0 finishes=2 waits=4 overlap_gpu_groups=213
ds4: Flash-MoE async pread canceled queued=0 reading=0 ready=2017 finished=0
ds4: gpu chunked prefill pos=5120 tokens=1024 layer 38 encode=156.479 ms execute=2.542 ms
ds4: Flash-MoE prefill layer=39 tokens=1024 unique=218 refs=6144 sync=14.504 ms plan=0.356 ms stage/compute=117.336 ms misses=218
ds4: Flash-MoE hybrid prefill layer=39 ane_groups=0 ane_refs=0 gpu_i8_groups=0 gpu_i8_refs=0 fp32_groups=0 ane_min_refs=256 concurrent=1 ane_pipeline=1 output_queue=4 async_ane=0 gpu_overlap=0 finishes=0 waits=0
ds4: Flash-MoE overlap plan layer=39 exec_groups=218 planned_ane_groups=0 planned_ane_refs=0 planned_gpu_groups=218 planned_gpu_refs=6144 tail_gpu_groups=0 tail_gpu_refs=0 planned_ssd_groups=218 est_gpu=20096.0 est_ane=0.0 est_idle=100.00% wall=116.972 ms actual_ane_groups=0 actual_ane_refs=0 actual_gpu_groups=0 actual_gpu_refs=0 finishes=0 waits=0 overlap_gpu_groups=0
ds4: Flash-MoE async pread canceled queued=0 reading=0 ready=2025 finished=0
ds4: gpu chunked prefill pos=5120 tokens=1024 layer 39 encode=132.799 ms execute=2.585 ms
ds4: Flash-MoE prefill layer=40 tokens=1024 unique=162 refs=6144 sync=39.913 ms plan=0.399 ms stage/compute=90.885 ms misses=162
ds4: Flash-MoE hybrid prefill layer=40 ane_groups=2 ane_refs=1201 gpu_i8_groups=0 gpu_i8_refs=0 fp32_groups=0 ane_min_refs=256 concurrent=1 ane_pipeline=1 output_queue=4 async_ane=2 gpu_overlap=160 finishes=2 waits=4
ds4: Flash-MoE overlap plan layer=40 exec_groups=162 planned_ane_groups=2 planned_ane_refs=1201 planned_gpu_groups=160 planned_gpu_refs=4943 tail_gpu_groups=0 tail_gpu_refs=0 planned_ssd_groups=162 est_gpu=15183.0 est_ane=335.5 est_idle=97.79% wall=90.566 ms actual_ane_groups=2 actual_ane_refs=1201 actual_gpu_groups=0 actual_gpu_refs=0 finishes=2 waits=4 overlap_gpu_groups=160
ds4: Flash-MoE async pread canceled queued=0 reading=0 ready=2042 finished=0
ds4: gpu chunked prefill pos=5120 tokens=1024 layer 40 encode=131.501 ms execute=2.669 ms
ds4: Flash-MoE prefill layer=41 tokens=1024 unique=184 refs=6144 sync=14.784 ms plan=0.369 ms stage/compute=104.860 ms misses=184
ds4: Flash-MoE hybrid prefill layer=41 ane_groups=1 ane_refs=377 gpu_i8_groups=0 gpu_i8_refs=0 fp32_groups=0 ane_min_refs=256 concurrent=1 ane_pipeline=1 output_queue=4 async_ane=1 gpu_overlap=183 finishes=1 waits=2
ds4: Flash-MoE overlap plan layer=41 exec_groups=184 planned_ane_groups=1 planned_ane_refs=377 planned_gpu_groups=183 planned_gpu_refs=5767 tail_gpu_groups=0 tail_gpu_refs=0 planned_ssd_groups=184 est_gpu=17479.0 est_ane=165.2 est_idle=99.06% wall=104.544 ms actual_ane_groups=1 actual_ane_refs=377 actual_gpu_groups=0 actual_gpu_refs=0 finishes=1 waits=2 overlap_gpu_groups=183
ds4: Flash-MoE async pread canceled queued=0 reading=0 ready=2055 finished=0
ds4: gpu chunked prefill pos=5120 tokens=1024 layer 41 encode=120.588 ms execute=2.608 ms
ds4: Flash-MoE prefill layer=42 tokens=1024 unique=198 refs=6144 sync=39.296 ms plan=0.422 ms stage/compute=108.702 ms misses=198
ds4: Flash-MoE hybrid prefill layer=42 ane_groups=1 ane_refs=552 gpu_i8_groups=0 gpu_i8_refs=0 fp32_groups=0 ane_min_refs=256 concurrent=1 ane_pipeline=1 output_queue=4 async_ane=1 gpu_overlap=197 finishes=1 waits=2
ds4: Flash-MoE overlap plan layer=42 exec_groups=198 planned_ane_groups=1 planned_ane_refs=552 planned_gpu_groups=197 planned_gpu_refs=5592 tail_gpu_groups=0 tail_gpu_refs=0 planned_ssd_groups=198 est_gpu=18200.0 est_ane=167.8 est_idle=99.08% wall=108.360 ms actual_ane_groups=1 actual_ane_refs=552 actual_gpu_groups=0 actual_gpu_refs=0 finishes=1 waits=2 overlap_gpu_groups=197
ds4: Flash-MoE async pread canceled queued=0 reading=0 ready=2068 finished=0
ds4: gpu chunked prefill pos=5120 tokens=1024 layer 42 encode=148.720 ms execute=2.460 ms
processing 8423 input tokens: 6144/8423 (72.9%) batch=162.53 t/s avg=166.84 t/s
ds4: Flash-MoE prefill layer=0 tokens=1024 unique=256 refs=6144 sync=12.162 ms plan=0.407 ms stage/compute=153.397 ms misses=256
ds4: Flash-MoE hybrid prefill layer=0 ane_groups=0 ane_refs=0 gpu_i8_groups=0 gpu_i8_refs=0 fp32_groups=0 ane_min_refs=256 concurrent=1 ane_pipeline=1 output_queue=4 async_ane=0 gpu_overlap=0 finishes=0 waits=0
ds4: Flash-MoE overlap plan layer=0 exec_groups=256 planned_ane_groups=0 planned_ane_refs=0 planned_gpu_groups=256 planned_gpu_refs=6144 tail_gpu_groups=0 tail_gpu_refs=0 planned_ssd_groups=256 est_gpu=22528.0 est_ane=0.0 est_idle=100.00% wall=153.004 ms actual_ane_groups=0 actual_ane_refs=0 actual_gpu_groups=0 actual_gpu_refs=0 finishes=0 waits=0 overlap_gpu_groups=0
ds4: Flash-MoE async pread canceled queued=0 reading=0 ready=2068 finished=0
ds4: gpu chunked prefill pos=6144 tokens=1024 layer 0 encode=166.423 ms execute=2.672 ms
ds4: Flash-MoE prefill layer=1 tokens=1024 unique=256 refs=6144 sync=12.600 ms plan=0.330 ms stage/compute=152.181 ms misses=256
ds4: Flash-MoE hybrid prefill layer=1 ane_groups=0 ane_refs=0 gpu_i8_groups=0 gpu_i8_refs=0 fp32_groups=0 ane_min_refs=256 concurrent=1 ane_pipeline=1 output_queue=4 async_ane=0 gpu_overlap=0 finishes=0 waits=0
ds4: Flash-MoE overlap plan layer=1 exec_groups=256 planned_ane_groups=0 planned_ane_refs=0 planned_gpu_groups=256 planned_gpu_refs=6144 tail_gpu_groups=0 tail_gpu_refs=0 planned_ssd_groups=256 est_gpu=22528.0 est_ane=0.0 est_idle=100.00% wall=151.782 ms actual_ane_groups=0 actual_ane_refs=0 actual_gpu_groups=0 actual_gpu_refs=0 finishes=0 waits=0 overlap_gpu_groups=0
ds4: Flash-MoE async pread canceled queued=0 reading=0 ready=2068 finished=0
ds4: gpu chunked prefill pos=6144 tokens=1024 layer 1 encode=165.636 ms execute=2.629 ms
ds4: Flash-MoE prefill layer=2 tokens=1024 unique=256 refs=6144 sync=40.915 ms plan=0.337 ms stage/compute=148.936 ms misses=256
ds4: Flash-MoE hybrid prefill layer=2 ane_groups=0 ane_refs=0 gpu_i8_groups=0 gpu_i8_refs=0 fp32_groups=0 ane_min_refs=256 concurrent=1 ane_pipeline=1 output_queue=4 async_ane=0 gpu_overlap=0 finishes=0 waits=0
ds4: Flash-MoE overlap plan layer=2 exec_groups=256 planned_ane_groups=0 planned_ane_refs=0 planned_gpu_groups=256 planned_gpu_refs=6144 tail_gpu_groups=0 tail_gpu_refs=0 planned_ssd_groups=256 est_gpu=22528.0 est_ane=0.0 est_idle=100.00% wall=148.515 ms actual_ane_groups=0 actual_ane_refs=0 actual_gpu_groups=0 actual_gpu_refs=0 finishes=0 waits=0 overlap_gpu_groups=0
ds4: Flash-MoE async pread canceled queued=0 reading=0 ready=2068 finished=0
ds4: gpu chunked prefill pos=6144 tokens=1024 layer 2 encode=190.495 ms execute=2.644 ms
ds4: Flash-MoE prefill layer=3 tokens=1024 unique=238 refs=6144 sync=14.554 ms plan=0.342 ms stage/compute=130.719 ms misses=238
ds4: Flash-MoE hybrid prefill layer=3 ane_groups=1 ane_refs=466 gpu_i8_groups=0 gpu_i8_refs=0 fp32_groups=0 ane_min_refs=256 concurrent=1 ane_pipeline=1 output_queue=4 async_ane=1 gpu_overlap=237 finishes=1 waits=2
ds4: Flash-MoE overlap plan layer=3 exec_groups=238 planned_ane_groups=1 planned_ane_refs=466 planned_gpu_groups=237 planned_gpu_refs=5678 tail_gpu_groups=0 tail_gpu_refs=0 planned_ssd_groups=238 est_gpu=20846.0 est_ane=165.2 est_idle=99.21% wall=130.333 ms actual_ane_groups=1 actual_ane_refs=466 actual_gpu_groups=0 actual_gpu_refs=0 finishes=1 waits=2 overlap_gpu_groups=237
ds4: Flash-MoE async pread canceled queued=0 reading=0 ready=2073 finished=0
ds4: gpu chunked prefill pos=6144 tokens=1024 layer 3 encode=146.167 ms execute=2.557 ms
ds4: Flash-MoE prefill layer=4 tokens=1024 unique=216 refs=6144 sync=40.178 ms plan=0.333 ms stage/compute=119.018 ms misses=216
ds4: Flash-MoE hybrid prefill layer=4 ane_groups=1 ane_refs=264 gpu_i8_groups=0 gpu_i8_refs=0 fp32_groups=0 ane_min_refs=256 concurrent=1 ane_pipeline=1 output_queue=4 async_ane=1 gpu_overlap=215 finishes=1 waits=2
ds4: Flash-MoE overlap plan layer=4 exec_groups=216 planned_ane_groups=1 planned_ane_refs=264 planned_gpu_groups=215 planned_gpu_refs=5880 tail_gpu_groups=0 tail_gpu_refs=0 planned_ssd_groups=216 est_gpu=19640.0 est_ane=165.2 est_idle=99.16% wall=118.627 ms actual_ane_groups=1 actual_ane_refs=264 actual_gpu_groups=0 actual_gpu_refs=0 finishes=1 waits=2 overlap_gpu_groups=215
ds4: Flash-MoE async pread canceled queued=0 reading=0 ready=2085 finished=0
ds4: gpu chunked prefill pos=6144 tokens=1024 layer 4 encode=159.812 ms execute=2.568 ms
ds4: Flash-MoE prefill layer=5 tokens=1024 unique=241 refs=6144 sync=14.560 ms plan=0.393 ms stage/compute=128.234 ms misses=241
ds4: Flash-MoE hybrid prefill layer=5 ane_groups=1 ane_refs=489 gpu_i8_groups=0 gpu_i8_refs=0 fp32_groups=0 ane_min_refs=256 concurrent=1 ane_pipeline=1 output_queue=4 async_ane=1 gpu_overlap=240 finishes=1 waits=2
ds4: Flash-MoE overlap plan layer=5 exec_groups=241 planned_ane_groups=1 planned_ane_refs=489 planned_gpu_groups=240 planned_gpu_refs=5655 tail_gpu_groups=0 tail_gpu_refs=0 planned_ssd_groups=241 est_gpu=21015.0 est_ane=165.2 est_idle=99.21% wall=127.853 ms actual_ane_groups=1 actual_ane_refs=489 actual_gpu_groups=0 actual_gpu_refs=0 finishes=1 waits=2 overlap_gpu_groups=240
ds4: Flash-MoE async pread canceled queued=0 reading=0 ready=2087 finished=0
ds4: gpu chunked prefill pos=6144 tokens=1024 layer 5 encode=143.760 ms execute=2.583 ms
ds4: Flash-MoE prefill layer=6 tokens=1024 unique=219 refs=6144 sync=40.272 ms plan=0.392 ms stage/compute=123.202 ms misses=219
ds4: Flash-MoE hybrid prefill layer=6 ane_groups=1 ane_refs=307 gpu_i8_groups=0 gpu_i8_refs=0 fp32_groups=0 ane_min_refs=256 concurrent=1 ane_pipeline=1 output_queue=4 async_ane=1 gpu_overlap=218 finishes=1 waits=2
ds4: Flash-MoE overlap plan layer=6 exec_groups=219 planned_ane_groups=1 planned_ane_refs=307 planned_gpu_groups=218 planned_gpu_refs=5837 tail_gpu_groups=0 tail_gpu_refs=0 planned_ssd_groups=219 est_gpu=19789.0 est_ane=165.2 est_idle=99.17% wall=122.854 ms actual_ane_groups=1 actual_ane_refs=307 actual_gpu_groups=0 actual_gpu_refs=0 finishes=1 waits=2 overlap_gpu_groups=218
ds4: Flash-MoE async pread canceled queued=0 reading=0 ready=2092 finished=0
ds4: gpu chunked prefill pos=6144 tokens=1024 layer 6 encode=164.131 ms execute=2.561 ms
ds4: Flash-MoE prefill layer=7 tokens=1024 unique=217 refs=6144 sync=14.594 ms plan=0.387 ms stage/compute=115.158 ms misses=217
ds4: Flash-MoE hybrid prefill layer=7 ane_groups=2 ane_refs=575 gpu_i8_groups=0 gpu_i8_refs=0 fp32_groups=0 ane_min_refs=256 concurrent=1 ane_pipeline=1 output_queue=4 async_ane=2 gpu_overlap=215 finishes=2 waits=4
ds4: Flash-MoE overlap plan layer=7 exec_groups=217 planned_ane_groups=2 planned_ane_refs=575 planned_gpu_groups=215 planned_gpu_refs=5569 tail_gpu_groups=0 tail_gpu_refs=0 planned_ssd_groups=217 est_gpu=19329.0 est_ane=330.3 est_idle=98.29% wall=114.771 ms actual_ane_groups=2 actual_ane_refs=575 actual_gpu_groups=0 actual_gpu_refs=0 finishes=2 waits=4 overlap_gpu_groups=215
ds4: Flash-MoE async pread canceled queued=0 reading=0 ready=2098 finished=0
ds4: gpu chunked prefill pos=6144 tokens=1024 layer 7 encode=130.715 ms execute=2.714 ms
ds4: Flash-MoE prefill layer=8 tokens=1024 unique=222 refs=6144 sync=40.620 ms plan=0.372 ms stage/compute=118.534 ms misses=222
ds4: Flash-MoE hybrid prefill layer=8 ane_groups=2 ane_refs=747 gpu_i8_groups=0 gpu_i8_refs=0 fp32_groups=0 ane_min_refs=256 concurrent=1 ane_pipeline=1 output_queue=4 async_ane=2 gpu_overlap=220 finishes=2 waits=4
ds4: Flash-MoE overlap plan layer=8 exec_groups=222 planned_ane_groups=2 planned_ane_refs=747 planned_gpu_groups=220 planned_gpu_refs=5397 tail_gpu_groups=0 tail_gpu_refs=0 planned_ssd_groups=222 est_gpu=19477.0 est_ane=330.3 est_idle=98.30% wall=118.193 ms actual_ane_groups=2 actual_ane_refs=747 actual_gpu_groups=0 actual_gpu_refs=0 finishes=2 waits=4 overlap_gpu_groups=220
ds4: Flash-MoE async pread canceled queued=0 reading=0 ready=2102 finished=0
ds4: gpu chunked prefill pos=6144 tokens=1024 layer 8 encode=159.797 ms execute=2.565 ms
ds4: Flash-MoE prefill layer=9 tokens=1024 unique=231 refs=6144 sync=14.585 ms plan=0.410 ms stage/compute=125.357 ms misses=231
ds4: Flash-MoE hybrid prefill layer=9 ane_groups=1 ane_refs=339 gpu_i8_groups=0 gpu_i8_refs=0 fp32_groups=0 ane_min_refs=256 concurrent=1 ane_pipeline=1 output_queue=4 async_ane=1 gpu_overlap=230 finishes=1 waits=2
ds4: Flash-MoE overlap plan layer=9 exec_groups=231 planned_ane_groups=1 planned_ane_refs=339 planned_gpu_groups=230 planned_gpu_refs=5805 tail_gpu_groups=0 tail_gpu_refs=0 planned_ssd_groups=231 est_gpu=20525.0 est_ane=165.2 est_idle=99.20% wall=124.967 ms actual_ane_groups=1 actual_ane_refs=339 actual_gpu_groups=0 actual_gpu_refs=0 finishes=1 waits=2 overlap_gpu_groups=230
ds4: Flash-MoE async pread canceled queued=0 reading=0 ready=2108 finished=0
ds4: gpu chunked prefill pos=6144 tokens=1024 layer 9 encode=140.898 ms execute=2.559 ms
ds4: Flash-MoE prefill layer=10 tokens=1024 unique=226 refs=6144 sync=40.762 ms plan=0.301 ms stage/compute=123.196 ms misses=226
ds4: Flash-MoE hybrid prefill layer=10 ane_groups=0 ane_refs=0 gpu_i8_groups=0 gpu_i8_refs=0 fp32_groups=0 ane_min_refs=256 concurrent=1 ane_pipeline=1 output_queue=4 async_ane=0 gpu_overlap=0 finishes=0 waits=0
ds4: Flash-MoE overlap plan layer=10 exec_groups=226 planned_ane_groups=0 planned_ane_refs=0 planned_gpu_groups=226 planned_gpu_refs=6144 tail_gpu_groups=0 tail_gpu_refs=0 planned_ssd_groups=226 est_gpu=20608.0 est_ane=0.0 est_idle=100.00% wall=122.852 ms actual_ane_groups=0 actual_ane_refs=0 actual_gpu_groups=0 actual_gpu_refs=0 finishes=0 waits=0 overlap_gpu_groups=0
ds4: Flash-MoE async pread canceled queued=0 reading=0 ready=2119 finished=0
ds4: gpu chunked prefill pos=6144 tokens=1024 layer 10 encode=164.566 ms execute=2.581 ms
ds4: Flash-MoE prefill layer=11 tokens=1024 unique=234 refs=6144 sync=14.644 ms plan=0.346 ms stage/compute=123.378 ms misses=234
ds4: Flash-MoE hybrid prefill layer=11 ane_groups=1 ane_refs=276 gpu_i8_groups=0 gpu_i8_refs=0 fp32_groups=0 ane_min_refs=256 concurrent=1 ane_pipeline=1 output_queue=4 async_ane=1 gpu_overlap=233 finishes=1 waits=2
ds4: Flash-MoE overlap plan layer=11 exec_groups=234 planned_ane_groups=1 planned_ane_refs=276 planned_gpu_groups=233 planned_gpu_refs=5868 tail_gpu_groups=0 tail_gpu_refs=0 planned_ssd_groups=234 est_gpu=20780.0 est_ane=165.2 est_idle=99.21% wall=122.998 ms actual_ane_groups=1 actual_ane_refs=276 actual_gpu_groups=0 actual_gpu_refs=0 finishes=1 waits=2 overlap_gpu_groups=233
ds4: Flash-MoE async pread canceled queued=0 reading=0 ready=2124 finished=0
ds4: gpu chunked prefill pos=6144 tokens=1024 layer 11 encode=138.899 ms execute=2.538 ms
ds4: Flash-MoE prefill layer=12 tokens=1024 unique=203 refs=6144 sync=40.749 ms plan=0.386 ms stage/compute=112.757 ms misses=203
ds4: Flash-MoE hybrid prefill layer=12 ane_groups=0 ane_refs=0 gpu_i8_groups=0 gpu_i8_refs=0 fp32_groups=0 ane_min_refs=256 concurrent=1 ane_pipeline=1 output_queue=4 async_ane=0 gpu_overlap=0 finishes=0 waits=0
ds4: Flash-MoE overlap plan layer=12 exec_groups=203 planned_ane_groups=0 planned_ane_refs=0 planned_gpu_groups=203 planned_gpu_refs=6144 tail_gpu_groups=0 tail_gpu_refs=0 planned_ssd_groups=203 est_gpu=19136.0 est_ane=0.0 est_idle=100.00% wall=112.401 ms actual_ane_groups=0 actual_ane_refs=0 actual_gpu_groups=0 actual_gpu_refs=0 finishes=0 waits=0 overlap_gpu_groups=0
ds4: Flash-MoE async pread canceled queued=0 reading=0 ready=2134 finished=0
ds4: gpu chunked prefill pos=6144 tokens=1024 layer 12 encode=154.169 ms execute=2.608 ms
ds4: Flash-MoE prefill layer=13 tokens=1024 unique=215 refs=6144 sync=15.038 ms plan=0.343 ms stage/compute=112.839 ms misses=215
ds4: Flash-MoE hybrid prefill layer=13 ane_groups=1 ane_refs=280 gpu_i8_groups=0 gpu_i8_refs=0 fp32_groups=0 ane_min_refs=256 concurrent=1 ane_pipeline=1 output_queue=4 async_ane=1 gpu_overlap=214 finishes=1 waits=2
ds4: Flash-MoE overlap plan layer=13 exec_groups=215 planned_ane_groups=1 planned_ane_refs=280 planned_gpu_groups=214 planned_gpu_refs=5864 tail_gpu_groups=0 tail_gpu_refs=0 planned_ssd_groups=215 est_gpu=19560.0 est_ane=165.2 est_idle=99.16% wall=112.496 ms actual_ane_groups=1 actual_ane_refs=280 actual_gpu_groups=0 actual_gpu_refs=0 finishes=1 waits=2 overlap_gpu_groups=214
ds4: Flash-MoE async pread canceled queued=0 reading=0 ready=2140 finished=0
ds4: gpu chunked prefill pos=6144 tokens=1024 layer 13 encode=128.802 ms execute=2.528 ms
ds4: Flash-MoE prefill layer=14 tokens=1024 unique=216 refs=6144 sync=40.502 ms plan=0.351 ms stage/compute=112.792 ms misses=216
ds4: Flash-MoE hybrid prefill layer=14 ane_groups=1 ane_refs=332 gpu_i8_groups=0 gpu_i8_refs=0 fp32_groups=0 ane_min_refs=256 concurrent=1 ane_pipeline=1 output_queue=4 async_ane=1 gpu_overlap=215 finishes=1 waits=2
ds4: Flash-MoE overlap plan layer=14 exec_groups=216 planned_ane_groups=1 planned_ane_refs=332 planned_gpu_groups=215 planned_gpu_refs=5812 tail_gpu_groups=0 tail_gpu_refs=0 planned_ssd_groups=216 est_gpu=19572.0 est_ane=165.2 est_idle=99.16% wall=112.429 ms actual_ane_groups=1 actual_ane_refs=332 actual_gpu_groups=0 actual_gpu_refs=0 finishes=1 waits=2 overlap_gpu_groups=215
ds4: Flash-MoE async pread canceled queued=0 reading=0 ready=2149 finished=0
ds4: gpu chunked prefill pos=6144 tokens=1024 layer 14 encode=153.908 ms execute=2.581 ms
ds4: Flash-MoE prefill layer=15 tokens=1024 unique=211 refs=6144 sync=14.584 ms plan=0.365 ms stage/compute=109.162 ms misses=211
ds4: Flash-MoE hybrid prefill layer=15 ane_groups=0 ane_refs=0 gpu_i8_groups=0 gpu_i8_refs=0 fp32_groups=0 ane_min_refs=256 concurrent=1 ane_pipeline=1 output_queue=4 async_ane=0 gpu_overlap=0 finishes=0 waits=0
ds4: Flash-MoE overlap plan layer=15 exec_groups=211 planned_ane_groups=0 planned_ane_refs=0 planned_gpu_groups=211 planned_gpu_refs=6144 tail_gpu_groups=0 tail_gpu_refs=0 planned_ssd_groups=211 est_gpu=19648.0 est_ane=0.0 est_idle=100.00% wall=108.760 ms actual_ane_groups=0 actual_ane_refs=0 actual_gpu_groups=0 actual_gpu_refs=0 finishes=0 waits=0 overlap_gpu_groups=0
ds4: Flash-MoE async pread canceled queued=0 reading=0 ready=2154 finished=0
ds4: gpu chunked prefill pos=6144 tokens=1024 layer 15 encode=124.717 ms execute=2.581 ms
ds4: Flash-MoE prefill layer=16 tokens=1024 unique=199 refs=6144 sync=40.307 ms plan=0.301 ms stage/compute=105.615 ms misses=199
ds4: Flash-MoE hybrid prefill layer=16 ane_groups=1 ane_refs=404 gpu_i8_groups=0 gpu_i8_refs=0 fp32_groups=0 ane_min_refs=256 concurrent=1 ane_pipeline=1 output_queue=4 async_ane=1 gpu_overlap=198 finishes=1 waits=2
ds4: Flash-MoE overlap plan layer=16 exec_groups=199 planned_ane_groups=1 planned_ane_refs=404 planned_gpu_groups=198 planned_gpu_refs=5740 tail_gpu_groups=0 tail_gpu_refs=0 planned_ssd_groups=199 est_gpu=18412.0 est_ane=165.2 est_idle=99.10% wall=105.278 ms actual_ane_groups=1 actual_ane_refs=404 actual_gpu_groups=0 actual_gpu_refs=0 finishes=1 waits=2 overlap_gpu_groups=198
ds4: Flash-MoE async pread canceled queued=0 reading=0 ready=2164 finished=0
ds4: gpu chunked prefill pos=6144 tokens=1024 layer 16 encode=146.508 ms execute=2.505 ms
ds4: Flash-MoE prefill layer=17 tokens=1024 unique=211 refs=6144 sync=14.546 ms plan=0.317 ms stage/compute=110.888 ms misses=211
ds4: Flash-MoE hybrid prefill layer=17 ane_groups=1 ane_refs=416 gpu_i8_groups=0 gpu_i8_refs=0 fp32_groups=0 ane_min_refs=256 concurrent=1 ane_pipeline=1 output_queue=4 async_ane=1 gpu_overlap=210 finishes=1 waits=2
ds4: Flash-MoE overlap plan layer=17 exec_groups=211 planned_ane_groups=1 planned_ane_refs=416 planned_gpu_groups=210 planned_gpu_refs=5728 tail_gpu_groups=0 tail_gpu_refs=0 planned_ssd_groups=211 est_gpu=19168.0 est_ane=165.2 est_idle=99.14% wall=110.498 ms actual_ane_groups=1 actual_ane_refs=416 actual_gpu_groups=0 actual_gpu_refs=0 finishes=1 waits=2 overlap_gpu_groups=210
ds4: Flash-MoE async pread canceled queued=0 reading=0 ready=2173 finished=0
ds4: gpu chunked prefill pos=6144 tokens=1024 layer 17 encode=126.289 ms execute=2.576 ms
ds4: Flash-MoE prefill layer=18 tokens=1024 unique=201 refs=6144 sync=40.156 ms plan=0.299 ms stage/compute=100.874 ms misses=201
ds4: Flash-MoE hybrid prefill layer=18 ane_groups=4 ane_refs=1340 gpu_i8_groups=0 gpu_i8_refs=0 fp32_groups=0 ane_min_refs=256 concurrent=1 ane_pipeline=1 output_queue=4 async_ane=4 gpu_overlap=197 finishes=4 waits=8
ds4: Flash-MoE overlap plan layer=18 exec_groups=201 planned_ane_groups=4 planned_ane_refs=1340 planned_gpu_groups=197 planned_gpu_refs=4804 tail_gpu_groups=0 tail_gpu_refs=0 planned_ssd_groups=201 est_gpu=17412.0 est_ane=660.7 est_idle=96.21% wall=100.518 ms actual_ane_groups=4 actual_ane_refs=1340 actual_gpu_groups=0 actual_gpu_refs=0 finishes=4 waits=8 overlap_gpu_groups=197
ds4: Flash-MoE async pread canceled queued=0 reading=0 ready=2186 finished=0
ds4: gpu chunked prefill pos=6144 tokens=1024 layer 18 encode=141.654 ms execute=2.649 ms
ds4: Flash-MoE prefill layer=19 tokens=1024 unique=226 refs=6144 sync=14.549 ms plan=0.299 ms stage/compute=122.720 ms misses=226
ds4: Flash-MoE hybrid prefill layer=19 ane_groups=0 ane_refs=0 gpu_i8_groups=0 gpu_i8_refs=0 fp32_groups=0 ane_min_refs=256 concurrent=1 ane_pipeline=1 output_queue=4 async_ane=0 gpu_overlap=0 finishes=0 waits=0
ds4: Flash-MoE overlap plan layer=19 exec_groups=226 planned_ane_groups=0 planned_ane_refs=0 planned_gpu_groups=226 planned_gpu_refs=6144 tail_gpu_groups=0 tail_gpu_refs=0 planned_ssd_groups=226 est_gpu=20608.0 est_ane=0.0 est_idle=100.00% wall=122.354 ms actual_ane_groups=0 actual_ane_refs=0 actual_gpu_groups=0 actual_gpu_refs=0 finishes=0 waits=0 overlap_gpu_groups=0
ds4: Flash-MoE async pread canceled queued=0 reading=0 ready=2190 finished=0
ds4: gpu chunked prefill pos=6144 tokens=1024 layer 19 encode=138.124 ms execute=2.597 ms
ds4: Flash-MoE prefill layer=20 tokens=1024 unique=192 refs=6144 sync=40.137 ms plan=0.302 ms stage/compute=100.386 ms misses=192
ds4: Flash-MoE hybrid prefill layer=20 ane_groups=1 ane_refs=437 gpu_i8_groups=0 gpu_i8_refs=0 fp32_groups=0 ane_min_refs=256 concurrent=1 ane_pipeline=1 output_queue=4 async_ane=1 gpu_overlap=191 finishes=1 waits=2
ds4: Flash-MoE overlap plan layer=20 exec_groups=192 planned_ane_groups=1 planned_ane_refs=437 planned_gpu_groups=191 planned_gpu_refs=5707 tail_gpu_groups=0 tail_gpu_refs=0 planned_ssd_groups=192 est_gpu=17931.0 est_ane=165.2 est_idle=99.08% wall=100.057 ms actual_ane_groups=1 actual_ane_refs=437 actual_gpu_groups=0 actual_gpu_refs=0 finishes=1 waits=2 overlap_gpu_groups=191
ds4: Flash-MoE async pread canceled queued=0 reading=0 ready=2205 finished=0
ds4: gpu chunked prefill pos=6144 tokens=1024 layer 20 encode=141.097 ms execute=2.608 ms
ds4: Flash-MoE prefill layer=21 tokens=1024 unique=201 refs=6144 sync=14.508 ms plan=0.329 ms stage/compute=106.954 ms misses=201
ds4: Flash-MoE hybrid prefill layer=21 ane_groups=1 ane_refs=456 gpu_i8_groups=0 gpu_i8_refs=0 fp32_groups=0 ane_min_refs=256 concurrent=1 ane_pipeline=1 output_queue=4 async_ane=1 gpu_overlap=200 finishes=1 waits=2
ds4: Flash-MoE overlap plan layer=21 exec_groups=201 planned_ane_groups=1 planned_ane_refs=456 planned_gpu_groups=200 planned_gpu_refs=5688 tail_gpu_groups=0 tail_gpu_refs=0 planned_ssd_groups=201 est_gpu=18488.0 est_ane=165.2 est_idle=99.11% wall=106.622 ms actual_ane_groups=1 actual_ane_refs=456 actual_gpu_groups=0 actual_gpu_refs=0 finishes=1 waits=2 overlap_gpu_groups=200
ds4: Flash-MoE async pread canceled queued=0 reading=0 ready=2213 finished=0
ds4: gpu chunked prefill pos=6144 tokens=1024 layer 21 encode=122.325 ms execute=2.598 ms
ds4: Flash-MoE prefill layer=22 tokens=1024 unique=209 refs=6144 sync=40.334 ms plan=0.338 ms stage/compute=108.404 ms misses=209
ds4: Flash-MoE hybrid prefill layer=22 ane_groups=0 ane_refs=0 gpu_i8_groups=0 gpu_i8_refs=0 fp32_groups=0 ane_min_refs=256 concurrent=1 ane_pipeline=1 output_queue=4 async_ane=0 gpu_overlap=0 finishes=0 waits=0
ds4: Flash-MoE overlap plan layer=22 exec_groups=209 planned_ane_groups=0 planned_ane_refs=0 planned_gpu_groups=209 planned_gpu_refs=6144 tail_gpu_groups=0 tail_gpu_refs=0 planned_ssd_groups=209 est_gpu=19520.0 est_ane=0.0 est_idle=100.00% wall=108.061 ms actual_ane_groups=0 actual_ane_refs=0 actual_gpu_groups=0 actual_gpu_refs=0 finishes=0 waits=0 overlap_gpu_groups=0
ds4: Flash-MoE async pread canceled queued=0 reading=0 ready=2219 finished=0
ds4: gpu chunked prefill pos=6144 tokens=1024 layer 22 encode=149.350 ms execute=2.572 ms
ds4: Flash-MoE prefill layer=23 tokens=1024 unique=216 refs=6144 sync=14.414 ms plan=0.318 ms stage/compute=116.464 ms misses=216
ds4: Flash-MoE hybrid prefill layer=23 ane_groups=1 ane_refs=305 gpu_i8_groups=0 gpu_i8_refs=0 fp32_groups=0 ane_min_refs=256 concurrent=1 ane_pipeline=1 output_queue=4 async_ane=1 gpu_overlap=215 finishes=1 waits=2
ds4: Flash-MoE overlap plan layer=23 exec_groups=216 planned_ane_groups=1 planned_ane_refs=305 planned_gpu_groups=215 planned_gpu_refs=5839 tail_gpu_groups=0 tail_gpu_refs=0 planned_ssd_groups=216 est_gpu=19599.0 est_ane=165.2 est_idle=99.16% wall=116.105 ms actual_ane_groups=1 actual_ane_refs=305 actual_gpu_groups=0 actual_gpu_refs=0 finishes=1 waits=2 overlap_gpu_groups=215
ds4: Flash-MoE async pread canceled queued=0 reading=0 ready=2226 finished=0
ds4: gpu chunked prefill pos=6144 tokens=1024 layer 23 encode=131.786 ms execute=2.541 ms
ds4: Flash-MoE prefill layer=24 tokens=1024 unique=205 refs=6144 sync=40.537 ms plan=0.444 ms stage/compute=113.893 ms misses=205
ds4: Flash-MoE hybrid prefill layer=24 ane_groups=1 ane_refs=258 gpu_i8_groups=0 gpu_i8_refs=0 fp32_groups=0 ane_min_refs=256 concurrent=1 ane_pipeline=1 output_queue=4 async_ane=1 gpu_overlap=204 finishes=1 waits=2
ds4: Flash-MoE overlap plan layer=24 exec_groups=205 planned_ane_groups=1 planned_ane_refs=258 planned_gpu_groups=204 planned_gpu_refs=5886 tail_gpu_groups=0 tail_gpu_refs=0 planned_ssd_groups=205 est_gpu=18942.0 est_ane=165.2 est_idle=99.13% wall=113.556 ms actual_ane_groups=1 actual_ane_refs=258 actual_gpu_groups=0 actual_gpu_refs=0 finishes=1 waits=2 overlap_gpu_groups=204
ds4: Flash-MoE async pread canceled queued=0 reading=0 ready=2233 finished=0
ds4: gpu chunked prefill pos=6144 tokens=1024 layer 24 encode=155.152 ms execute=2.509 ms
ds4: Flash-MoE prefill layer=25 tokens=1024 unique=212 refs=6144 sync=14.382 ms plan=0.335 ms stage/compute=117.691 ms misses=212
ds4: Flash-MoE hybrid prefill layer=25 ane_groups=1 ane_refs=278 gpu_i8_groups=0 gpu_i8_refs=0 fp32_groups=0 ane_min_refs=256 concurrent=1 ane_pipeline=1 output_queue=4 async_ane=1 gpu_overlap=211 finishes=1 waits=2
ds4: Flash-MoE overlap plan layer=25 exec_groups=212 planned_ane_groups=1 planned_ane_refs=278 planned_gpu_groups=211 planned_gpu_refs=5866 tail_gpu_groups=0 tail_gpu_refs=0 planned_ssd_groups=212 est_gpu=19370.0 est_ane=165.2 est_idle=99.15% wall=117.311 ms actual_ane_groups=1 actual_ane_refs=278 actual_gpu_groups=0 actual_gpu_refs=0 finishes=1 waits=2 overlap_gpu_groups=211
ds4: Flash-MoE async pread canceled queued=0 reading=0 ready=2242 finished=0
ds4: gpu chunked prefill pos=6144 tokens=1024 layer 25 encode=132.951 ms execute=2.535 ms
ds4: Flash-MoE prefill layer=26 tokens=1024 unique=203 refs=6144 sync=40.203 ms plan=0.312 ms stage/compute=105.893 ms misses=203
ds4: Flash-MoE hybrid prefill layer=26 ane_groups=2 ane_refs=739 gpu_i8_groups=0 gpu_i8_refs=0 fp32_groups=0 ane_min_refs=256 concurrent=1 ane_pipeline=1 output_queue=4 async_ane=2 gpu_overlap=201 finishes=2 waits=4
ds4: Flash-MoE overlap plan layer=26 exec_groups=203 planned_ane_groups=2 planned_ane_refs=739 planned_gpu_groups=201 planned_gpu_refs=5405 tail_gpu_groups=0 tail_gpu_refs=0 planned_ssd_groups=203 est_gpu=18269.0 est_ane=330.3 est_idle=98.19% wall=105.542 ms actual_ane_groups=2 actual_ane_refs=739 actual_gpu_groups=0 actual_gpu_refs=0 finishes=2 waits=4 overlap_gpu_groups=201
ds4: Flash-MoE async pread canceled queued=0 reading=0 ready=2252 finished=0
ds4: gpu chunked prefill pos=6144 tokens=1024 layer 26 encode=146.693 ms execute=2.558 ms
ds4: Flash-MoE prefill layer=27 tokens=1024 unique=216 refs=6144 sync=14.499 ms plan=0.429 ms stage/compute=116.625 ms misses=216
ds4: Flash-MoE hybrid prefill layer=27 ane_groups=1 ane_refs=332 gpu_i8_groups=0 gpu_i8_refs=0 fp32_groups=0 ane_min_refs=256 concurrent=1 ane_pipeline=1 output_queue=4 async_ane=1 gpu_overlap=215 finishes=1 waits=2
ds4: Flash-MoE overlap plan layer=27 exec_groups=216 planned_ane_groups=1 planned_ane_refs=332 planned_gpu_groups=215 planned_gpu_refs=5812 tail_gpu_groups=0 tail_gpu_refs=0 planned_ssd_groups=216 est_gpu=19572.0 est_ane=165.2 est_idle=99.16% wall=116.235 ms actual_ane_groups=1 actual_ane_refs=332 actual_gpu_groups=0 actual_gpu_refs=0 finishes=1 waits=2 overlap_gpu_groups=215
ds4: Flash-MoE async pread canceled queued=0 reading=0 ready=2255 finished=0
ds4: gpu chunked prefill pos=6144 tokens=1024 layer 27 encode=132.086 ms execute=2.527 ms
ds4: Flash-MoE prefill layer=28 tokens=1024 unique=207 refs=6144 sync=39.994 ms plan=0.363 ms stage/compute=110.318 ms misses=207
ds4: Flash-MoE hybrid prefill layer=28 ane_groups=2 ane_refs=561 gpu_i8_groups=0 gpu_i8_refs=0 fp32_groups=0 ane_min_refs=256 concurrent=1 ane_pipeline=1 output_queue=4 async_ane=2 gpu_overlap=205 finishes=2 waits=4
ds4: Flash-MoE overlap plan layer=28 exec_groups=207 planned_ane_groups=2 planned_ane_refs=561 planned_gpu_groups=205 planned_gpu_refs=5583 tail_gpu_groups=0 tail_gpu_refs=0 planned_ssd_groups=207 est_gpu=18703.0 est_ane=330.3 est_idle=98.23% wall=109.968 ms actual_ane_groups=2 actual_ane_refs=561 actual_gpu_groups=0 actual_gpu_refs=0 finishes=2 waits=4 overlap_gpu_groups=205
ds4: Flash-MoE async pread canceled queued=0 reading=0 ready=2264 finished=0
ds4: gpu chunked prefill pos=6144 tokens=1024 layer 28 encode=150.958 ms execute=2.557 ms
ds4: Flash-MoE prefill layer=29 tokens=1024 unique=208 refs=6144 sync=14.735 ms plan=0.342 ms stage/compute=115.846 ms misses=208
ds4: Flash-MoE hybrid prefill layer=29 ane_groups=1 ane_refs=298 gpu_i8_groups=0 gpu_i8_refs=0 fp32_groups=0 ane_min_refs=256 concurrent=1 ane_pipeline=1 output_queue=4 async_ane=1 gpu_overlap=207 finishes=1 waits=2
ds4: Flash-MoE overlap plan layer=29 exec_groups=208 planned_ane_groups=1 planned_ane_refs=298 planned_gpu_groups=207 planned_gpu_refs=5846 tail_gpu_groups=0 tail_gpu_refs=0 planned_ssd_groups=208 est_gpu=19094.0 est_ane=165.2 est_idle=99.13% wall=115.468 ms actual_ane_groups=1 actual_ane_refs=298 actual_gpu_groups=0 actual_gpu_refs=0 finishes=1 waits=2 overlap_gpu_groups=207
ds4: Flash-MoE async pread canceled queued=0 reading=0 ready=2275 finished=0
ds4: gpu chunked prefill pos=6144 tokens=1024 layer 29 encode=131.589 ms execute=2.517 ms
ds4: Flash-MoE prefill layer=30 tokens=1024 unique=208 refs=6144 sync=39.920 ms plan=0.320 ms stage/compute=113.117 ms misses=208
ds4: Flash-MoE hybrid prefill layer=30 ane_groups=0 ane_refs=0 gpu_i8_groups=0 gpu_i8_refs=0 fp32_groups=0 ane_min_refs=256 concurrent=1 ane_pipeline=1 output_queue=4 async_ane=0 gpu_overlap=0 finishes=0 waits=0
ds4: Flash-MoE overlap plan layer=30 exec_groups=208 planned_ane_groups=0 planned_ane_refs=0 planned_gpu_groups=208 planned_gpu_refs=6144 tail_gpu_groups=0 tail_gpu_refs=0 planned_ssd_groups=208 est_gpu=19456.0 est_ane=0.0 est_idle=100.00% wall=112.759 ms actual_ane_groups=0 actual_ane_refs=0 actual_gpu_groups=0 actual_gpu_refs=0 finishes=0 waits=0 overlap_gpu_groups=0
ds4: Flash-MoE async pread canceled queued=0 reading=0 ready=2286 finished=0
ds4: gpu chunked prefill pos=6144 tokens=1024 layer 30 encode=153.660 ms execute=2.600 ms
ds4: Flash-MoE prefill layer=31 tokens=1024 unique=207 refs=6144 sync=14.761 ms plan=0.366 ms stage/compute=109.424 ms misses=207
ds4: Flash-MoE hybrid prefill layer=31 ane_groups=1 ane_refs=287 gpu_i8_groups=0 gpu_i8_refs=0 fp32_groups=0 ane_min_refs=256 concurrent=1 ane_pipeline=1 output_queue=4 async_ane=1 gpu_overlap=206 finishes=1 waits=2
ds4: Flash-MoE overlap plan layer=31 exec_groups=207 planned_ane_groups=1 planned_ane_refs=287 planned_gpu_groups=206 planned_gpu_refs=5857 tail_gpu_groups=0 tail_gpu_refs=0 planned_ssd_groups=207 est_gpu=19041.0 est_ane=165.2 est_idle=99.13% wall=109.053 ms actual_ane_groups=1 actual_ane_refs=287 actual_gpu_groups=0 actual_gpu_refs=0 finishes=1 waits=2 overlap_gpu_groups=206
ds4: Flash-MoE async pread canceled queued=0 reading=0 ready=2294 finished=0
ds4: gpu chunked prefill pos=6144 tokens=1024 layer 31 encode=125.103 ms execute=2.557 ms
ds4: Flash-MoE prefill layer=32 tokens=1024 unique=207 refs=6144 sync=40.147 ms plan=0.328 ms stage/compute=112.314 ms misses=207
ds4: Flash-MoE hybrid prefill layer=32 ane_groups=0 ane_refs=0 gpu_i8_groups=0 gpu_i8_refs=0 fp32_groups=0 ane_min_refs=256 concurrent=1 ane_pipeline=1 output_queue=4 async_ane=0 gpu_overlap=0 finishes=0 waits=0
ds4: Flash-MoE overlap plan layer=32 exec_groups=207 planned_ane_groups=0 planned_ane_refs=0 planned_gpu_groups=207 planned_gpu_refs=6144 tail_gpu_groups=0 tail_gpu_refs=0 planned_ssd_groups=207 est_gpu=19392.0 est_ane=0.0 est_idle=100.00% wall=111.979 ms actual_ane_groups=0 actual_ane_refs=0 actual_gpu_groups=0 actual_gpu_refs=0 finishes=0 waits=0 overlap_gpu_groups=0
ds4: Flash-MoE async pread canceled queued=0 reading=0 ready=2301 finished=0
ds4: gpu chunked prefill pos=6144 tokens=1024 layer 32 encode=153.074 ms execute=2.557 ms
ds4: Flash-MoE prefill layer=33 tokens=1024 unique=204 refs=6144 sync=14.532 ms plan=0.295 ms stage/compute=110.001 ms misses=204
ds4: Flash-MoE hybrid prefill layer=33 ane_groups=1 ane_refs=300 gpu_i8_groups=0 gpu_i8_refs=0 fp32_groups=0 ane_min_refs=256 concurrent=1 ane_pipeline=1 output_queue=4 async_ane=1 gpu_overlap=203 finishes=1 waits=2
ds4: Flash-MoE overlap plan layer=33 exec_groups=204 planned_ane_groups=1 planned_ane_refs=300 planned_gpu_groups=203 planned_gpu_refs=5844 tail_gpu_groups=0 tail_gpu_refs=0 planned_ssd_groups=204 est_gpu=18836.0 est_ane=165.2 est_idle=99.12% wall=109.639 ms actual_ane_groups=1 actual_ane_refs=300 actual_gpu_groups=0 actual_gpu_refs=0 finishes=1 waits=2 overlap_gpu_groups=203
ds4: Flash-MoE async pread canceled queued=0 reading=0 ready=2312 finished=0
ds4: gpu chunked prefill pos=6144 tokens=1024 layer 33 encode=125.476 ms execute=2.742 ms
ds4: Flash-MoE prefill layer=34 tokens=1024 unique=205 refs=6144 sync=40.144 ms plan=0.364 ms stage/compute=110.172 ms misses=205
ds4: Flash-MoE hybrid prefill layer=34 ane_groups=3 ane_refs=1016 gpu_i8_groups=0 gpu_i8_refs=0 fp32_groups=0 ane_min_refs=256 concurrent=1 ane_pipeline=1 output_queue=4 async_ane=3 gpu_overlap=202 finishes=3 waits=6
ds4: Flash-MoE overlap plan layer=34 exec_groups=205 planned_ane_groups=3 planned_ane_refs=1016 planned_gpu_groups=202 planned_gpu_refs=5128 tail_gpu_groups=0 tail_gpu_refs=0 planned_ssd_groups=205 est_gpu=18056.0 est_ane=495.5 est_idle=97.26% wall=109.798 ms actual_ane_groups=3 actual_ane_refs=1016 actual_gpu_groups=0 actual_gpu_refs=0 finishes=3 waits=6 overlap_gpu_groups=202
ds4: Flash-MoE async pread canceled queued=0 reading=0 ready=2321 finished=0
ds4: gpu chunked prefill pos=6144 tokens=1024 layer 34 encode=150.998 ms execute=2.707 ms
ds4: Flash-MoE prefill layer=35 tokens=1024 unique=208 refs=6144 sync=14.487 ms plan=0.384 ms stage/compute=111.024 ms misses=208
ds4: Flash-MoE hybrid prefill layer=35 ane_groups=1 ane_refs=315 gpu_i8_groups=0 gpu_i8_refs=0 fp32_groups=0 ane_min_refs=256 concurrent=1 ane_pipeline=1 output_queue=4 async_ane=1 gpu_overlap=207 finishes=1 waits=2
ds4: Flash-MoE overlap plan layer=35 exec_groups=208 planned_ane_groups=1 planned_ane_refs=315 planned_gpu_groups=207 planned_gpu_refs=5829 tail_gpu_groups=0 tail_gpu_refs=0 planned_ssd_groups=208 est_gpu=19077.0 est_ane=165.2 est_idle=99.13% wall=110.661 ms actual_ane_groups=1 actual_ane_refs=315 actual_gpu_groups=0 actual_gpu_refs=0 finishes=1 waits=2 overlap_gpu_groups=207
ds4: Flash-MoE async pread canceled queued=0 reading=0 ready=2330 finished=0
ds4: gpu chunked prefill pos=6144 tokens=1024 layer 35 encode=126.533 ms execute=2.541 ms
ds4: Flash-MoE prefill layer=36 tokens=1024 unique=220 refs=6144 sync=40.388 ms plan=0.363 ms stage/compute=110.059 ms misses=220
ds4: Flash-MoE hybrid prefill layer=36 ane_groups=2 ane_refs=657 gpu_i8_groups=0 gpu_i8_refs=0 fp32_groups=0 ane_min_refs=256 concurrent=1 ane_pipeline=1 output_queue=4 async_ane=2 gpu_overlap=218 finishes=2 waits=4
ds4: Flash-MoE overlap plan layer=36 exec_groups=220 planned_ane_groups=2 planned_ane_refs=657 planned_gpu_groups=218 planned_gpu_refs=5487 tail_gpu_groups=0 tail_gpu_refs=0 planned_ssd_groups=220 est_gpu=19439.0 est_ane=330.3 est_idle=98.30% wall=109.668 ms actual_ane_groups=2 actual_ane_refs=657 actual_gpu_groups=0 actual_gpu_refs=0 finishes=2 waits=4 overlap_gpu_groups=218
ds4: Flash-MoE async pread canceled queued=0 reading=0 ready=2337 finished=0
ds4: gpu chunked prefill pos=6144 tokens=1024 layer 36 encode=151.095 ms execute=2.561 ms
ds4: Flash-MoE prefill layer=37 tokens=1024 unique=208 refs=6144 sync=14.479 ms plan=0.310 ms stage/compute=107.081 ms misses=208
ds4: Flash-MoE hybrid prefill layer=37 ane_groups=1 ane_refs=645 gpu_i8_groups=0 gpu_i8_refs=0 fp32_groups=0 ane_min_refs=256 concurrent=1 ane_pipeline=1 output_queue=4 async_ane=1 gpu_overlap=207 finishes=1 waits=2
ds4: Flash-MoE overlap plan layer=37 exec_groups=208 planned_ane_groups=1 planned_ane_refs=645 planned_gpu_groups=207 planned_gpu_refs=5499 tail_gpu_groups=0 tail_gpu_refs=0 planned_ssd_groups=208 est_gpu=18747.0 est_ane=167.8 est_idle=99.11% wall=106.735 ms actual_ane_groups=1 actual_ane_refs=645 actual_gpu_groups=0 actual_gpu_refs=0 finishes=1 waits=2 overlap_gpu_groups=207
ds4: Flash-MoE async pread canceled queued=0 reading=0 ready=2345 finished=0
ds4: gpu chunked prefill pos=6144 tokens=1024 layer 37 encode=122.425 ms execute=2.618 ms
ds4: Flash-MoE prefill layer=38 tokens=1024 unique=216 refs=6144 sync=40.296 ms plan=0.355 ms stage/compute=112.182 ms misses=216
ds4: Flash-MoE hybrid prefill layer=38 ane_groups=2 ane_refs=622 gpu_i8_groups=0 gpu_i8_refs=0 fp32_groups=0 ane_min_refs=256 concurrent=1 ane_pipeline=1 output_queue=4 async_ane=2 gpu_overlap=214 finishes=2 waits=4
ds4: Flash-MoE overlap plan layer=38 exec_groups=216 planned_ane_groups=2 planned_ane_refs=622 planned_gpu_groups=214 planned_gpu_refs=5522 tail_gpu_groups=0 tail_gpu_refs=0 planned_ssd_groups=216 est_gpu=19218.0 est_ane=330.3 est_idle=98.28% wall=111.748 ms actual_ane_groups=2 actual_ane_refs=622 actual_gpu_groups=0 actual_gpu_refs=0 finishes=2 waits=4 overlap_gpu_groups=214
ds4: Flash-MoE async pread canceled queued=0 reading=0 ready=2355 finished=0
ds4: gpu chunked prefill pos=6144 tokens=1024 layer 38 encode=153.127 ms execute=2.543 ms
ds4: Flash-MoE prefill layer=39 tokens=1024 unique=217 refs=6144 sync=14.591 ms plan=0.316 ms stage/compute=115.125 ms misses=217
ds4: Flash-MoE hybrid prefill layer=39 ane_groups=0 ane_refs=0 gpu_i8_groups=0 gpu_i8_refs=0 fp32_groups=0 ane_min_refs=256 concurrent=1 ane_pipeline=1 output_queue=4 async_ane=0 gpu_overlap=0 finishes=0 waits=0
ds4: Flash-MoE overlap plan layer=39 exec_groups=217 planned_ane_groups=0 planned_ane_refs=0 planned_gpu_groups=217 planned_gpu_refs=6144 tail_gpu_groups=0 tail_gpu_refs=0 planned_ssd_groups=217 est_gpu=20032.0 est_ane=0.0 est_idle=100.00% wall=114.777 ms actual_ane_groups=0 actual_ane_refs=0 actual_gpu_groups=0 actual_gpu_refs=0 finishes=0 waits=0 overlap_gpu_groups=0
ds4: Flash-MoE async pread canceled queued=0 reading=0 ready=2361 finished=0
ds4: gpu chunked prefill pos=6144 tokens=1024 layer 39 encode=130.597 ms execute=2.586 ms
ds4: Flash-MoE prefill layer=40 tokens=1024 unique=159 refs=6144 sync=40.034 ms plan=0.301 ms stage/compute=87.098 ms misses=159
ds4: Flash-MoE hybrid prefill layer=40 ane_groups=2 ane_refs=1202 gpu_i8_groups=0 gpu_i8_refs=0 fp32_groups=0 ane_min_refs=256 concurrent=1 ane_pipeline=1 output_queue=4 async_ane=2 gpu_overlap=157 finishes=2 waits=4
ds4: Flash-MoE overlap plan layer=40 exec_groups=159 planned_ane_groups=2 planned_ane_refs=1202 planned_gpu_groups=157 planned_gpu_refs=4942 tail_gpu_groups=0 tail_gpu_refs=0 planned_ssd_groups=159 est_gpu=14990.0 est_ane=335.5 est_idle=97.76% wall=86.778 ms actual_ane_groups=2 actual_ane_refs=1202 actual_gpu_groups=0 actual_gpu_refs=0 finishes=2 waits=4 overlap_gpu_groups=157
ds4: Flash-MoE async pread canceled queued=0 reading=0 ready=2381 finished=0
ds4: gpu chunked prefill pos=6144 tokens=1024 layer 40 encode=127.699 ms execute=2.619 ms
ds4: Flash-MoE prefill layer=41 tokens=1024 unique=180 refs=6144 sync=14.496 ms plan=0.327 ms stage/compute=99.959 ms misses=180
ds4: Flash-MoE hybrid prefill layer=41 ane_groups=1 ane_refs=405 gpu_i8_groups=0 gpu_i8_refs=0 fp32_groups=0 ane_min_refs=256 concurrent=1 ane_pipeline=1 output_queue=4 async_ane=1 gpu_overlap=179 finishes=1 waits=2
ds4: Flash-MoE overlap plan layer=41 exec_groups=180 planned_ane_groups=1 planned_ane_refs=405 planned_gpu_groups=179 planned_gpu_refs=5739 tail_gpu_groups=0 tail_gpu_refs=0 planned_ssd_groups=180 est_gpu=17195.0 est_ane=165.2 est_idle=99.04% wall=99.644 ms actual_ane_groups=1 actual_ane_refs=405 actual_gpu_groups=0 actual_gpu_refs=0 finishes=1 waits=2 overlap_gpu_groups=179
ds4: Flash-MoE async pread canceled queued=0 reading=0 ready=2395 finished=0
ds4: gpu chunked prefill pos=6144 tokens=1024 layer 41 encode=115.341 ms execute=2.597 ms
ds4: Flash-MoE prefill layer=42 tokens=1024 unique=193 refs=6144 sync=40.197 ms plan=0.323 ms stage/compute=104.101 ms misses=193
ds4: Flash-MoE hybrid prefill layer=42 ane_groups=1 ane_refs=581 gpu_i8_groups=0 gpu_i8_refs=0 fp32_groups=0 ane_min_refs=256 concurrent=1 ane_pipeline=1 output_queue=4 async_ane=1 gpu_overlap=192 finishes=1 waits=2
ds4: Flash-MoE overlap plan layer=42 exec_groups=193 planned_ane_groups=1 planned_ane_refs=581 planned_gpu_groups=192 planned_gpu_refs=5563 tail_gpu_groups=0 tail_gpu_refs=0 planned_ssd_groups=193 est_gpu=17851.0 est_ane=167.8 est_idle=99.06% wall=103.785 ms actual_ane_groups=1 actual_ane_refs=581 actual_gpu_groups=0 actual_gpu_refs=0 finishes=1 waits=2 overlap_gpu_groups=192
ds4: Flash-MoE async pread canceled queued=0 reading=0 ready=2410 finished=0
ds4: gpu chunked prefill pos=6144 tokens=1024 layer 42 encode=144.895 ms execute=2.436 ms
processing 8423 input tokens: 7168/8423 (85.1%) batch=163.22 t/s avg=166.31 t/s
ds4: Flash-MoE prefill layer=0 tokens=1024 unique=256 refs=6144 sync=12.105 ms plan=0.352 ms stage/compute=150.877 ms misses=256
ds4: Flash-MoE hybrid prefill layer=0 ane_groups=0 ane_refs=0 gpu_i8_groups=0 gpu_i8_refs=0 fp32_groups=0 ane_min_refs=256 concurrent=1 ane_pipeline=1 output_queue=4 async_ane=0 gpu_overlap=0 finishes=0 waits=0
ds4: Flash-MoE overlap plan layer=0 exec_groups=256 planned_ane_groups=0 planned_ane_refs=0 planned_gpu_groups=256 planned_gpu_refs=6144 tail_gpu_groups=0 tail_gpu_refs=0 planned_ssd_groups=256 est_gpu=22528.0 est_ane=0.0 est_idle=100.00% wall=150.454 ms actual_ane_groups=0 actual_ane_refs=0 actual_gpu_groups=0 actual_gpu_refs=0 finishes=0 waits=0 overlap_gpu_groups=0
ds4: Flash-MoE async pread canceled queued=0 reading=0 ready=2410 finished=0
ds4: gpu chunked prefill pos=7168 tokens=1024 layer 0 encode=163.753 ms execute=2.627 ms
ds4: Flash-MoE prefill layer=1 tokens=1024 unique=256 refs=6144 sync=12.503 ms plan=0.316 ms stage/compute=148.247 ms misses=256
ds4: Flash-MoE hybrid prefill layer=1 ane_groups=0 ane_refs=0 gpu_i8_groups=0 gpu_i8_refs=0 fp32_groups=0 ane_min_refs=256 concurrent=1 ane_pipeline=1 output_queue=4 async_ane=0 gpu_overlap=0 finishes=0 waits=0
ds4: Flash-MoE overlap plan layer=1 exec_groups=256 planned_ane_groups=0 planned_ane_refs=0 planned_gpu_groups=256 planned_gpu_refs=6144 tail_gpu_groups=0 tail_gpu_refs=0 planned_ssd_groups=256 est_gpu=22528.0 est_ane=0.0 est_idle=100.00% wall=147.820 ms actual_ane_groups=0 actual_ane_refs=0 actual_gpu_groups=0 actual_gpu_refs=0 finishes=0 waits=0 overlap_gpu_groups=0
ds4: Flash-MoE async pread canceled queued=0 reading=0 ready=2410 finished=0
ds4: gpu chunked prefill pos=7168 tokens=1024 layer 1 encode=161.617 ms execute=2.637 ms
ds4: Flash-MoE prefill layer=2 tokens=1024 unique=256 refs=6144 sync=41.553 ms plan=0.294 ms stage/compute=149.963 ms misses=256
ds4: Flash-MoE hybrid prefill layer=2 ane_groups=0 ane_refs=0 gpu_i8_groups=0 gpu_i8_refs=0 fp32_groups=0 ane_min_refs=256 concurrent=1 ane_pipeline=1 output_queue=4 async_ane=0 gpu_overlap=0 finishes=0 waits=0
ds4: Flash-MoE overlap plan layer=2 exec_groups=256 planned_ane_groups=0 planned_ane_refs=0 planned_gpu_groups=256 planned_gpu_refs=6144 tail_gpu_groups=0 tail_gpu_refs=0 planned_ssd_groups=256 est_gpu=22528.0 est_ane=0.0 est_idle=100.00% wall=149.576 ms actual_ane_groups=0 actual_ane_refs=0 actual_gpu_groups=0 actual_gpu_refs=0 finishes=0 waits=0 overlap_gpu_groups=0
ds4: Flash-MoE async pread canceled queued=0 reading=0 ready=2410 finished=0
ds4: gpu chunked prefill pos=7168 tokens=1024 layer 2 encode=192.092 ms execute=2.693 ms
ds4: Flash-MoE prefill layer=3 tokens=1024 unique=238 refs=6144 sync=14.472 ms plan=0.329 ms stage/compute=126.766 ms misses=238
ds4: Flash-MoE hybrid prefill layer=3 ane_groups=1 ane_refs=455 gpu_i8_groups=0 gpu_i8_refs=0 fp32_groups=0 ane_min_refs=256 concurrent=1 ane_pipeline=1 output_queue=4 async_ane=1 gpu_overlap=237 finishes=1 waits=2
ds4: Flash-MoE overlap plan layer=3 exec_groups=238 planned_ane_groups=1 planned_ane_refs=455 planned_gpu_groups=237 planned_gpu_refs=5689 tail_gpu_groups=0 tail_gpu_refs=0 planned_ssd_groups=238 est_gpu=20857.0 est_ane=165.2 est_idle=99.21% wall=126.377 ms actual_ane_groups=1 actual_ane_refs=455 actual_gpu_groups=0 actual_gpu_refs=0 finishes=1 waits=2 overlap_gpu_groups=237
ds4: Flash-MoE async pread canceled queued=0 reading=0 ready=2415 finished=0
ds4: gpu chunked prefill pos=7168 tokens=1024 layer 3 encode=142.222 ms execute=2.573 ms
ds4: Flash-MoE prefill layer=4 tokens=1024 unique=219 refs=6144 sync=40.847 ms plan=0.334 ms stage/compute=117.803 ms misses=219
ds4: Flash-MoE hybrid prefill layer=4 ane_groups=1 ane_refs=277 gpu_i8_groups=0 gpu_i8_refs=0 fp32_groups=0 ane_min_refs=256 concurrent=1 ane_pipeline=1 output_queue=4 async_ane=1 gpu_overlap=218 finishes=1 waits=2
ds4: Flash-MoE overlap plan layer=4 exec_groups=219 planned_ane_groups=1 planned_ane_refs=277 planned_gpu_groups=218 planned_gpu_refs=5867 tail_gpu_groups=0 tail_gpu_refs=0 planned_ssd_groups=219 est_gpu=19819.0 est_ane=165.2 est_idle=99.17% wall=117.465 ms actual_ane_groups=1 actual_ane_refs=277 actual_gpu_groups=0 actual_gpu_refs=0 finishes=1 waits=2 overlap_gpu_groups=218
ds4: Flash-MoE async pread canceled queued=0 reading=0 ready=2426 finished=0
ds4: gpu chunked prefill pos=7168 tokens=1024 layer 4 encode=159.251 ms execute=2.514 ms
ds4: Flash-MoE prefill layer=5 tokens=1024 unique=242 refs=6144 sync=14.533 ms plan=0.315 ms stage/compute=125.095 ms misses=242
ds4: Flash-MoE hybrid prefill layer=5 ane_groups=1 ane_refs=465 gpu_i8_groups=0 gpu_i8_refs=0 fp32_groups=0 ane_min_refs=256 concurrent=1 ane_pipeline=1 output_queue=4 async_ane=1 gpu_overlap=241 finishes=1 waits=2
ds4: Flash-MoE overlap plan layer=5 exec_groups=242 planned_ane_groups=1 planned_ane_refs=465 planned_gpu_groups=241 planned_gpu_refs=5679 tail_gpu_groups=0 tail_gpu_refs=0 planned_ssd_groups=242 est_gpu=21103.0 est_ane=165.2 est_idle=99.22% wall=124.643 ms actual_ane_groups=1 actual_ane_refs=465 actual_gpu_groups=0 actual_gpu_refs=0 finishes=1 waits=2 overlap_gpu_groups=241
ds4: Flash-MoE async pread canceled queued=0 reading=0 ready=2429 finished=0
ds4: gpu chunked prefill pos=7168 tokens=1024 layer 5 encode=140.587 ms execute=2.532 ms
ds4: Flash-MoE prefill layer=6 tokens=1024 unique=223 refs=6144 sync=40.861 ms plan=0.326 ms stage/compute=121.648 ms misses=223
ds4: Flash-MoE hybrid prefill layer=6 ane_groups=1 ane_refs=266 gpu_i8_groups=0 gpu_i8_refs=0 fp32_groups=0 ane_min_refs=256 concurrent=1 ane_pipeline=1 output_queue=4 async_ane=1 gpu_overlap=222 finishes=1 waits=2
ds4: Flash-MoE overlap plan layer=6 exec_groups=223 planned_ane_groups=1 planned_ane_refs=266 planned_gpu_groups=222 planned_gpu_refs=5878 tail_gpu_groups=0 tail_gpu_refs=0 planned_ssd_groups=223 est_gpu=20086.0 est_ane=165.2 est_idle=99.18% wall=121.293 ms actual_ane_groups=1 actual_ane_refs=266 actual_gpu_groups=0 actual_gpu_refs=0 finishes=1 waits=2 overlap_gpu_groups=222
ds4: Flash-MoE async pread canceled queued=0 reading=0 ready=2433 finished=0
ds4: gpu chunked prefill pos=7168 tokens=1024 layer 6 encode=163.094 ms execute=2.527 ms
ds4: Flash-MoE prefill layer=7 tokens=1024 unique=221 refs=6144 sync=14.816 ms plan=0.328 ms stage/compute=113.440 ms misses=221
ds4: Flash-MoE hybrid prefill layer=7 ane_groups=1 ane_refs=301 gpu_i8_groups=0 gpu_i8_refs=0 fp32_groups=0 ane_min_refs=256 concurrent=1 ane_pipeline=1 output_queue=4 async_ane=1 gpu_overlap=220 finishes=1 waits=2
ds4: Flash-MoE overlap plan layer=7 exec_groups=221 planned_ane_groups=1 planned_ane_refs=301 planned_gpu_groups=220 planned_gpu_refs=5843 tail_gpu_groups=0 tail_gpu_refs=0 planned_ssd_groups=221 est_gpu=19923.0 est_ane=165.2 est_idle=99.17% wall=113.056 ms actual_ane_groups=1 actual_ane_refs=301 actual_gpu_groups=0 actual_gpu_refs=0 finishes=1 waits=2 overlap_gpu_groups=220
ds4: Flash-MoE async pread canceled queued=0 reading=0 ready=2439 finished=0
ds4: gpu chunked prefill pos=7168 tokens=1024 layer 7 encode=129.228 ms execute=2.546 ms
ds4: Flash-MoE prefill layer=8 tokens=1024 unique=222 refs=6144 sync=40.830 ms plan=0.317 ms stage/compute=115.336 ms misses=222
ds4: Flash-MoE hybrid prefill layer=8 ane_groups=2 ane_refs=737 gpu_i8_groups=0 gpu_i8_refs=0 fp32_groups=0 ane_min_refs=256 concurrent=1 ane_pipeline=1 output_queue=4 async_ane=2 gpu_overlap=220 finishes=2 waits=4
ds4: Flash-MoE overlap plan layer=8 exec_groups=222 planned_ane_groups=2 planned_ane_refs=737 planned_gpu_groups=220 planned_gpu_refs=5407 tail_gpu_groups=0 tail_gpu_refs=0 planned_ssd_groups=222 est_gpu=19487.0 est_ane=330.3 est_idle=98.30% wall=114.973 ms actual_ane_groups=2 actual_ane_refs=737 actual_gpu_groups=0 actual_gpu_refs=0 finishes=2 waits=4 overlap_gpu_groups=220
ds4: Flash-MoE async pread canceled queued=0 reading=0 ready=2442 finished=0
ds4: gpu chunked prefill pos=7168 tokens=1024 layer 8 encode=156.762 ms execute=2.693 ms
ds4: Flash-MoE prefill layer=9 tokens=1024 unique=228 refs=6144 sync=14.548 ms plan=0.330 ms stage/compute=120.989 ms misses=228
ds4: Flash-MoE hybrid prefill layer=9 ane_groups=1 ane_refs=310 gpu_i8_groups=0 gpu_i8_refs=0 fp32_groups=0 ane_min_refs=256 concurrent=1 ane_pipeline=1 output_queue=4 async_ane=1 gpu_overlap=227 finishes=1 waits=2
ds4: Flash-MoE overlap plan layer=9 exec_groups=228 planned_ane_groups=1 planned_ane_refs=310 planned_gpu_groups=227 planned_gpu_refs=5834 tail_gpu_groups=0 tail_gpu_refs=0 planned_ssd_groups=228 est_gpu=20362.0 est_ane=165.2 est_idle=99.19% wall=120.631 ms actual_ane_groups=1 actual_ane_refs=310 actual_gpu_groups=0 actual_gpu_refs=0 finishes=1 waits=2 overlap_gpu_groups=227
ds4: Flash-MoE async pread canceled queued=0 reading=0 ready=2447 finished=0
ds4: gpu chunked prefill pos=7168 tokens=1024 layer 9 encode=136.477 ms execute=2.567 ms
ds4: Flash-MoE prefill layer=10 tokens=1024 unique=222 refs=6144 sync=40.980 ms plan=0.340 ms stage/compute=118.480 ms misses=222
ds4: Flash-MoE hybrid prefill layer=10 ane_groups=0 ane_refs=0 gpu_i8_groups=0 gpu_i8_refs=0 fp32_groups=0 ane_min_refs=256 concurrent=1 ane_pipeline=1 output_queue=4 async_ane=0 gpu_overlap=0 finishes=0 waits=0
ds4: Flash-MoE overlap plan layer=10 exec_groups=222 planned_ane_groups=0 planned_ane_refs=0 planned_gpu_groups=222 planned_gpu_refs=6144 tail_gpu_groups=0 tail_gpu_refs=0 planned_ssd_groups=222 est_gpu=20352.0 est_ane=0.0 est_idle=100.00% wall=118.095 ms actual_ane_groups=0 actual_ane_refs=0 actual_gpu_groups=0 actual_gpu_refs=0 finishes=0 waits=0 overlap_gpu_groups=0
ds4: Flash-MoE async pread canceled queued=0 reading=0 ready=2458 finished=0
ds4: gpu chunked prefill pos=7168 tokens=1024 layer 10 encode=160.080 ms execute=2.607 ms
ds4: Flash-MoE prefill layer=11 tokens=1024 unique=227 refs=6144 sync=14.536 ms plan=0.346 ms stage/compute=116.773 ms misses=227
ds4: Flash-MoE hybrid prefill layer=11 ane_groups=0 ane_refs=0 gpu_i8_groups=0 gpu_i8_refs=0 fp32_groups=0 ane_min_refs=256 concurrent=1 ane_pipeline=1 output_queue=4 async_ane=0 gpu_overlap=0 finishes=0 waits=0
ds4: Flash-MoE overlap plan layer=11 exec_groups=227 planned_ane_groups=0 planned_ane_refs=0 planned_gpu_groups=227 planned_gpu_refs=6144 tail_gpu_groups=0 tail_gpu_refs=0 planned_ssd_groups=227 est_gpu=20672.0 est_ane=0.0 est_idle=100.00% wall=116.406 ms actual_ane_groups=0 actual_ane_refs=0 actual_gpu_groups=0 actual_gpu_refs=0 finishes=0 waits=0 overlap_gpu_groups=0
ds4: Flash-MoE async pread canceled queued=0 reading=0 ready=2463 finished=0
ds4: gpu chunked prefill pos=7168 tokens=1024 layer 11 encode=132.228 ms execute=2.577 ms
ds4: Flash-MoE prefill layer=12 tokens=1024 unique=200 refs=6144 sync=40.862 ms plan=0.330 ms stage/compute=108.393 ms misses=200
ds4: Flash-MoE hybrid prefill layer=12 ane_groups=0 ane_refs=0 gpu_i8_groups=0 gpu_i8_refs=0 fp32_groups=0 ane_min_refs=256 concurrent=1 ane_pipeline=1 output_queue=4 async_ane=0 gpu_overlap=0 finishes=0 waits=0
ds4: Flash-MoE overlap plan layer=12 exec_groups=200 planned_ane_groups=0 planned_ane_refs=0 planned_gpu_groups=200 planned_gpu_refs=6144 tail_gpu_groups=0 tail_gpu_refs=0 planned_ssd_groups=200 est_gpu=18944.0 est_ane=0.0 est_idle=100.00% wall=108.043 ms actual_ane_groups=0 actual_ane_refs=0 actual_gpu_groups=0 actual_gpu_refs=0 finishes=0 waits=0 overlap_gpu_groups=0
ds4: Flash-MoE async pread canceled queued=0 reading=0 ready=2476 finished=0
ds4: gpu chunked prefill pos=7168 tokens=1024 layer 12 encode=149.865 ms execute=2.584 ms
ds4: Flash-MoE prefill layer=13 tokens=1024 unique=215 refs=6144 sync=14.649 ms plan=0.328 ms stage/compute=109.744 ms misses=215
ds4: Flash-MoE hybrid prefill layer=13 ane_groups=1 ane_refs=273 gpu_i8_groups=0 gpu_i8_refs=0 fp32_groups=0 ane_min_refs=256 concurrent=1 ane_pipeline=1 output_queue=4 async_ane=1 gpu_overlap=214 finishes=1 waits=2
ds4: Flash-MoE overlap plan layer=13 exec_groups=215 planned_ane_groups=1 planned_ane_refs=273 planned_gpu_groups=214 planned_gpu_refs=5871 tail_gpu_groups=0 tail_gpu_refs=0 planned_ssd_groups=215 est_gpu=19567.0 est_ane=165.2 est_idle=99.16% wall=109.368 ms actual_ane_groups=1 actual_ane_refs=273 actual_gpu_groups=0 actual_gpu_refs=0 finishes=1 waits=2 overlap_gpu_groups=214
ds4: Flash-MoE async pread canceled queued=0 reading=0 ready=2485 finished=0
ds4: gpu chunked prefill pos=7168 tokens=1024 layer 13 encode=125.301 ms execute=2.513 ms
ds4: Flash-MoE prefill layer=14 tokens=1024 unique=213 refs=6144 sync=41.085 ms plan=0.368 ms stage/compute=114.039 ms misses=213
ds4: Flash-MoE hybrid prefill layer=14 ane_groups=1 ane_refs=377 gpu_i8_groups=0 gpu_i8_refs=0 fp32_groups=0 ane_min_refs=256 concurrent=1 ane_pipeline=1 output_queue=4 async_ane=1 gpu_overlap=212 finishes=1 waits=2
ds4: Flash-MoE overlap plan layer=14 exec_groups=213 planned_ane_groups=1 planned_ane_refs=377 planned_gpu_groups=212 planned_gpu_refs=5767 tail_gpu_groups=0 tail_gpu_refs=0 planned_ssd_groups=213 est_gpu=19335.0 est_ane=165.2 est_idle=99.15% wall=113.658 ms actual_ane_groups=1 actual_ane_refs=377 actual_gpu_groups=0 actual_gpu_refs=0 finishes=1 waits=2 overlap_gpu_groups=212
ds4: Flash-MoE async pread canceled queued=0 reading=0 ready=2493 finished=0
ds4: gpu chunked prefill pos=7168 tokens=1024 layer 14 encode=155.766 ms execute=2.553 ms
ds4: Flash-MoE prefill layer=15 tokens=1024 unique=203 refs=6144 sync=14.496 ms plan=0.411 ms stage/compute=105.802 ms misses=203
ds4: Flash-MoE hybrid prefill layer=15 ane_groups=1 ane_refs=281 gpu_i8_groups=0 gpu_i8_refs=0 fp32_groups=0 ane_min_refs=256 concurrent=1 ane_pipeline=1 output_queue=4 async_ane=1 gpu_overlap=202 finishes=1 waits=2
ds4: Flash-MoE overlap plan layer=15 exec_groups=203 planned_ane_groups=1 planned_ane_refs=281 planned_gpu_groups=202 planned_gpu_refs=5863 tail_gpu_groups=0 tail_gpu_refs=0 planned_ssd_groups=203 est_gpu=18791.0 est_ane=165.2 est_idle=99.12% wall=105.445 ms actual_ane_groups=1 actual_ane_refs=281 actual_gpu_groups=0 actual_gpu_refs=0 finishes=1 waits=2 overlap_gpu_groups=202
ds4: Flash-MoE async pread canceled queued=0 reading=0 ready=2505 finished=0
ds4: gpu chunked prefill pos=7168 tokens=1024 layer 15 encode=121.253 ms execute=2.508 ms
ds4: Flash-MoE prefill layer=16 tokens=1024 unique=204 refs=6144 sync=41.637 ms plan=0.290 ms stage/compute=107.814 ms misses=204
ds4: Flash-MoE hybrid prefill layer=16 ane_groups=1 ane_refs=412 gpu_i8_groups=0 gpu_i8_refs=0 fp32_groups=0 ane_min_refs=256 concurrent=1 ane_pipeline=1 output_queue=4 async_ane=1 gpu_overlap=203 finishes=1 waits=2
ds4: Flash-MoE overlap plan layer=16 exec_groups=204 planned_ane_groups=1 planned_ane_refs=412 planned_gpu_groups=203 planned_gpu_refs=5732 tail_gpu_groups=0 tail_gpu_refs=0 planned_ssd_groups=204 est_gpu=18724.0 est_ane=165.2 est_idle=99.12% wall=107.449 ms actual_ane_groups=1 actual_ane_refs=412 actual_gpu_groups=0 actual_gpu_refs=0 finishes=1 waits=2 overlap_gpu_groups=203
ds4: Flash-MoE async pread canceled queued=0 reading=0 ready=2514 finished=0
ds4: gpu chunked prefill pos=7168 tokens=1024 layer 16 encode=150.000 ms execute=2.522 ms
ds4: Flash-MoE prefill layer=17 tokens=1024 unique=212 refs=6144 sync=14.499 ms plan=0.314 ms stage/compute=110.846 ms misses=212
ds4: Flash-MoE hybrid prefill layer=17 ane_groups=1 ane_refs=422 gpu_i8_groups=0 gpu_i8_refs=0 fp32_groups=0 ane_min_refs=256 concurrent=1 ane_pipeline=1 output_queue=4 async_ane=1 gpu_overlap=211 finishes=1 waits=2
ds4: Flash-MoE overlap plan layer=17 exec_groups=212 planned_ane_groups=1 planned_ane_refs=422 planned_gpu_groups=211 planned_gpu_refs=5722 tail_gpu_groups=0 tail_gpu_refs=0 planned_ssd_groups=212 est_gpu=19226.0 est_ane=165.2 est_idle=99.14% wall=110.483 ms actual_ane_groups=1 actual_ane_refs=422 actual_gpu_groups=0 actual_gpu_refs=0 finishes=1 waits=2 overlap_gpu_groups=211
ds4: Flash-MoE async pread canceled queued=0 reading=0 ready=2523 finished=0
ds4: gpu chunked prefill pos=7168 tokens=1024 layer 17 encode=126.220 ms execute=2.577 ms
ds4: Flash-MoE prefill layer=18 tokens=1024 unique=203 refs=6144 sync=40.909 ms plan=0.317 ms stage/compute=103.804 ms misses=203
ds4: Flash-MoE hybrid prefill layer=18 ane_groups=3 ane_refs=1062 gpu_i8_groups=0 gpu_i8_refs=0 fp32_groups=0 ane_min_refs=256 concurrent=1 ane_pipeline=1 output_queue=4 async_ane=3 gpu_overlap=200 finishes=3 waits=6
ds4: Flash-MoE overlap plan layer=18 exec_groups=203 planned_ane_groups=3 planned_ane_refs=1062 planned_gpu_groups=200 planned_gpu_refs=5082 tail_gpu_groups=0 tail_gpu_refs=0 planned_ssd_groups=203 est_gpu=17882.0 est_ane=495.5 est_idle=97.23% wall=103.466 ms actual_ane_groups=3 actual_ane_refs=1062 actual_gpu_groups=0 actual_gpu_refs=0 finishes=3 waits=6 overlap_gpu_groups=200
ds4: Flash-MoE async pread canceled queued=0 reading=0 ready=2537 finished=0
ds4: gpu chunked prefill pos=7168 tokens=1024 layer 18 encode=145.344 ms execute=2.539 ms
ds4: Flash-MoE prefill layer=19 tokens=1024 unique=223 refs=6144 sync=14.478 ms plan=0.300 ms stage/compute=122.244 ms misses=223
ds4: Flash-MoE hybrid prefill layer=19 ane_groups=1 ane_refs=274 gpu_i8_groups=0 gpu_i8_refs=0 fp32_groups=0 ane_min_refs=256 concurrent=1 ane_pipeline=1 output_queue=4 async_ane=1 gpu_overlap=222 finishes=1 waits=2
ds4: Flash-MoE overlap plan layer=19 exec_groups=223 planned_ane_groups=1 planned_ane_refs=274 planned_gpu_groups=222 planned_gpu_refs=5870 tail_gpu_groups=0 tail_gpu_refs=0 planned_ssd_groups=223 est_gpu=20078.0 est_ane=165.2 est_idle=99.18% wall=121.879 ms actual_ane_groups=1 actual_ane_refs=274 actual_gpu_groups=0 actual_gpu_refs=0 finishes=1 waits=2 overlap_gpu_groups=222
ds4: Flash-MoE async pread canceled queued=0 reading=0 ready=2541 finished=0
ds4: gpu chunked prefill pos=7168 tokens=1024 layer 19 encode=137.579 ms execute=2.561 ms
ds4: Flash-MoE prefill layer=20 tokens=1024 unique=186 refs=6144 sync=40.824 ms plan=0.394 ms stage/compute=100.261 ms misses=186
ds4: Flash-MoE hybrid prefill layer=20 ane_groups=1 ane_refs=432 gpu_i8_groups=0 gpu_i8_refs=0 fp32_groups=0 ane_min_refs=256 concurrent=1 ane_pipeline=1 output_queue=4 async_ane=1 gpu_overlap=185 finishes=1 waits=2
ds4: Flash-MoE overlap plan layer=20 exec_groups=186 planned_ane_groups=1 planned_ane_refs=432 planned_gpu_groups=185 planned_gpu_refs=5712 tail_gpu_groups=0 tail_gpu_refs=0 planned_ssd_groups=186 est_gpu=17552.0 est_ane=165.2 est_idle=99.06% wall=99.901 ms actual_ane_groups=1 actual_ane_refs=432 actual_gpu_groups=0 actual_gpu_refs=0 finishes=1 waits=2 overlap_gpu_groups=185
ds4: Flash-MoE async pread canceled queued=0 reading=0 ready=2557 finished=0
ds4: gpu chunked prefill pos=7168 tokens=1024 layer 20 encode=141.747 ms execute=2.547 ms
ds4: Flash-MoE prefill layer=21 tokens=1024 unique=198 refs=6144 sync=14.802 ms plan=0.323 ms stage/compute=108.494 ms misses=198
ds4: Flash-MoE hybrid prefill layer=21 ane_groups=1 ane_refs=448 gpu_i8_groups=0 gpu_i8_refs=0 fp32_groups=0 ane_min_refs=256 concurrent=1 ane_pipeline=1 output_queue=4 async_ane=1 gpu_overlap=197 finishes=1 waits=2
ds4: Flash-MoE overlap plan layer=21 exec_groups=198 planned_ane_groups=1 planned_ane_refs=448 planned_gpu_groups=197 planned_gpu_refs=5696 tail_gpu_groups=0 tail_gpu_refs=0 planned_ssd_groups=198 est_gpu=18304.0 est_ane=165.2 est_idle=99.10% wall=108.163 ms actual_ane_groups=1 actual_ane_refs=448 actual_gpu_groups=0 actual_gpu_refs=0 finishes=1 waits=2 overlap_gpu_groups=197
ds4: Flash-MoE async pread canceled queued=0 reading=0 ready=2567 finished=0
ds4: gpu chunked prefill pos=7168 tokens=1024 layer 21 encode=124.176 ms execute=2.556 ms
ds4: Flash-MoE prefill layer=22 tokens=1024 unique=216 refs=6144 sync=40.756 ms plan=0.322 ms stage/compute=113.478 ms misses=216
ds4: Flash-MoE hybrid prefill layer=22 ane_groups=0 ane_refs=0 gpu_i8_groups=0 gpu_i8_refs=0 fp32_groups=0 ane_min_refs=256 concurrent=1 ane_pipeline=1 output_queue=4 async_ane=0 gpu_overlap=0 finishes=0 waits=0
ds4: Flash-MoE overlap plan layer=22 exec_groups=216 planned_ane_groups=0 planned_ane_refs=0 planned_gpu_groups=216 planned_gpu_refs=6144 tail_gpu_groups=0 tail_gpu_refs=0 planned_ssd_groups=216 est_gpu=19968.0 est_ane=0.0 est_idle=100.00% wall=113.067 ms actual_ane_groups=0 actual_ane_refs=0 actual_gpu_groups=0 actual_gpu_refs=0 finishes=0 waits=0 overlap_gpu_groups=0
ds4: Flash-MoE async pread canceled queued=0 reading=0 ready=2572 finished=0
ds4: gpu chunked prefill pos=7168 tokens=1024 layer 22 encode=154.851 ms execute=2.575 ms
ds4: Flash-MoE prefill layer=23 tokens=1024 unique=219 refs=6144 sync=14.404 ms plan=0.301 ms stage/compute=116.865 ms misses=219
ds4: Flash-MoE hybrid prefill layer=23 ane_groups=1 ane_refs=293 gpu_i8_groups=0 gpu_i8_refs=0 fp32_groups=0 ane_min_refs=256 concurrent=1 ane_pipeline=1 output_queue=4 async_ane=1 gpu_overlap=218 finishes=1 waits=2
ds4: Flash-MoE overlap plan layer=23 exec_groups=219 planned_ane_groups=1 planned_ane_refs=293 planned_gpu_groups=218 planned_gpu_refs=5851 tail_gpu_groups=0 tail_gpu_refs=0 planned_ssd_groups=219 est_gpu=19803.0 est_ane=165.2 est_idle=99.17% wall=116.503 ms actual_ane_groups=1 actual_ane_refs=293 actual_gpu_groups=0 actual_gpu_refs=0 finishes=1 waits=2 overlap_gpu_groups=218
ds4: Flash-MoE async pread canceled queued=0 reading=0 ready=2579 finished=0
ds4: gpu chunked prefill pos=7168 tokens=1024 layer 23 encode=132.144 ms execute=2.523 ms
ds4: Flash-MoE prefill layer=24 tokens=1024 unique=214 refs=6144 sync=40.774 ms plan=0.313 ms stage/compute=114.332 ms misses=214
ds4: Flash-MoE hybrid prefill layer=24 ane_groups=0 ane_refs=0 gpu_i8_groups=0 gpu_i8_refs=0 fp32_groups=0 ane_min_refs=256 concurrent=1 ane_pipeline=1 output_queue=4 async_ane=0 gpu_overlap=0 finishes=0 waits=0
ds4: Flash-MoE overlap plan layer=24 exec_groups=214 planned_ane_groups=0 planned_ane_refs=0 planned_gpu_groups=214 planned_gpu_refs=6144 tail_gpu_groups=0 tail_gpu_refs=0 planned_ssd_groups=214 est_gpu=19840.0 est_ane=0.0 est_idle=100.00% wall=113.980 ms actual_ane_groups=0 actual_ane_refs=0 actual_gpu_groups=0 actual_gpu_refs=0 finishes=0 waits=0 overlap_gpu_groups=0
ds4: Flash-MoE async pread canceled queued=0 reading=0 ready=2583 finished=0
ds4: gpu chunked prefill pos=7168 tokens=1024 layer 24 encode=155.697 ms execute=2.565 ms
ds4: Flash-MoE prefill layer=25 tokens=1024 unique=218 refs=6144 sync=14.421 ms plan=0.338 ms stage/compute=118.598 ms misses=218
ds4: Flash-MoE hybrid prefill layer=25 ane_groups=1 ane_refs=278 gpu_i8_groups=0 gpu_i8_refs=0 fp32_groups=0 ane_min_refs=256 concurrent=1 ane_pipeline=1 output_queue=4 async_ane=1 gpu_overlap=217 finishes=1 waits=2
ds4: Flash-MoE overlap plan layer=25 exec_groups=218 planned_ane_groups=1 planned_ane_refs=278 planned_gpu_groups=217 planned_gpu_refs=5866 tail_gpu_groups=0 tail_gpu_refs=0 planned_ssd_groups=218 est_gpu=19754.0 est_ane=165.2 est_idle=99.16% wall=118.230 ms actual_ane_groups=1 actual_ane_refs=278 actual_gpu_groups=0 actual_gpu_refs=0 finishes=1 waits=2 overlap_gpu_groups=217
ds4: Flash-MoE async pread canceled queued=0 reading=0 ready=2590 finished=0
ds4: gpu chunked prefill pos=7168 tokens=1024 layer 25 encode=133.895 ms execute=2.550 ms
ds4: Flash-MoE prefill layer=26 tokens=1024 unique=203 refs=6144 sync=40.751 ms plan=0.349 ms stage/compute=104.771 ms misses=203
ds4: Flash-MoE hybrid prefill layer=26 ane_groups=2 ane_refs=744 gpu_i8_groups=0 gpu_i8_refs=0 fp32_groups=0 ane_min_refs=256 concurrent=1 ane_pipeline=1 output_queue=4 async_ane=2 gpu_overlap=201 finishes=2 waits=4
ds4: Flash-MoE overlap plan layer=26 exec_groups=203 planned_ane_groups=2 planned_ane_refs=744 planned_gpu_groups=201 planned_gpu_refs=5400 tail_gpu_groups=0 tail_gpu_refs=0 planned_ssd_groups=203 est_gpu=18264.0 est_ane=330.3 est_idle=98.19% wall=104.425 ms actual_ane_groups=2 actual_ane_refs=744 actual_gpu_groups=0 actual_gpu_refs=0 finishes=2 waits=4 overlap_gpu_groups=201
ds4: Flash-MoE async pread canceled queued=0 reading=0 ready=2598 finished=0
ds4: gpu chunked prefill pos=7168 tokens=1024 layer 26 encode=146.178 ms execute=2.558 ms
ds4: Flash-MoE prefill layer=27 tokens=1024 unique=218 refs=6144 sync=14.403 ms plan=0.336 ms stage/compute=118.354 ms misses=218
ds4: Flash-MoE hybrid prefill layer=27 ane_groups=1 ane_refs=324 gpu_i8_groups=0 gpu_i8_refs=0 fp32_groups=0 ane_min_refs=256 concurrent=1 ane_pipeline=1 output_queue=4 async_ane=1 gpu_overlap=217 finishes=1 waits=2
ds4: Flash-MoE overlap plan layer=27 exec_groups=218 planned_ane_groups=1 planned_ane_refs=324 planned_gpu_groups=217 planned_gpu_refs=5820 tail_gpu_groups=0 tail_gpu_refs=0 planned_ssd_groups=218 est_gpu=19708.0 est_ane=165.2 est_idle=99.16% wall=117.993 ms actual_ane_groups=1 actual_ane_refs=324 actual_gpu_groups=0 actual_gpu_refs=0 finishes=1 waits=2 overlap_gpu_groups=217
ds4: Flash-MoE async pread canceled queued=0 reading=0 ready=2604 finished=0
ds4: gpu chunked prefill pos=7168 tokens=1024 layer 27 encode=133.655 ms execute=2.564 ms
ds4: Flash-MoE prefill layer=28 tokens=1024 unique=212 refs=6144 sync=40.937 ms plan=0.325 ms stage/compute=112.094 ms misses=212
ds4: Flash-MoE hybrid prefill layer=28 ane_groups=2 ane_refs=551 gpu_i8_groups=0 gpu_i8_refs=0 fp32_groups=0 ane_min_refs=256 concurrent=1 ane_pipeline=1 output_queue=4 async_ane=2 gpu_overlap=210 finishes=2 waits=4
ds4: Flash-MoE overlap plan layer=28 exec_groups=212 planned_ane_groups=2 planned_ane_refs=551 planned_gpu_groups=210 planned_gpu_refs=5593 tail_gpu_groups=0 tail_gpu_refs=0 planned_ssd_groups=212 est_gpu=19033.0 est_ane=330.3 est_idle=98.26% wall=111.738 ms actual_ane_groups=2 actual_ane_refs=551 actual_gpu_groups=0 actual_gpu_refs=0 finishes=2 waits=4 overlap_gpu_groups=210
ds4: Flash-MoE async pread canceled queued=0 reading=0 ready=2612 finished=0
ds4: gpu chunked prefill pos=7168 tokens=1024 layer 28 encode=153.641 ms execute=2.557 ms
ds4: Flash-MoE prefill layer=29 tokens=1024 unique=209 refs=6144 sync=14.512 ms plan=0.307 ms stage/compute=110.688 ms misses=209
ds4: Flash-MoE hybrid prefill layer=29 ane_groups=1 ane_refs=267 gpu_i8_groups=0 gpu_i8_refs=0 fp32_groups=0 ane_min_refs=256 concurrent=1 ane_pipeline=1 output_queue=4 async_ane=1 gpu_overlap=208 finishes=1 waits=2
ds4: Flash-MoE overlap plan layer=29 exec_groups=209 planned_ane_groups=1 planned_ane_refs=267 planned_gpu_groups=208 planned_gpu_refs=5877 tail_gpu_groups=0 tail_gpu_refs=0 planned_ssd_groups=209 est_gpu=19189.0 est_ane=165.2 est_idle=99.14% wall=110.352 ms actual_ane_groups=1 actual_ane_refs=267 actual_gpu_groups=0 actual_gpu_refs=0 finishes=1 waits=2 overlap_gpu_groups=208
ds4: Flash-MoE async pread canceled queued=0 reading=0 ready=2626 finished=0
ds4: gpu chunked prefill pos=7168 tokens=1024 layer 29 encode=126.046 ms execute=2.547 ms
ds4: Flash-MoE prefill layer=30 tokens=1024 unique=208 refs=6144 sync=41.424 ms plan=0.324 ms stage/compute=113.563 ms misses=208
ds4: Flash-MoE hybrid prefill layer=30 ane_groups=0 ane_refs=0 gpu_i8_groups=0 gpu_i8_refs=0 fp32_groups=0 ane_min_refs=256 concurrent=1 ane_pipeline=1 output_queue=4 async_ane=0 gpu_overlap=0 finishes=0 waits=0
ds4: Flash-MoE overlap plan layer=30 exec_groups=208 planned_ane_groups=0 planned_ane_refs=0 planned_gpu_groups=208 planned_gpu_refs=6144 tail_gpu_groups=0 tail_gpu_refs=0 planned_ssd_groups=208 est_gpu=19456.0 est_ane=0.0 est_idle=100.00% wall=113.177 ms actual_ane_groups=0 actual_ane_refs=0 actual_gpu_groups=0 actual_gpu_refs=0 finishes=0 waits=0 overlap_gpu_groups=0
ds4: Flash-MoE async pread canceled queued=0 reading=0 ready=2640 finished=0
ds4: gpu chunked prefill pos=7168 tokens=1024 layer 30 encode=155.589 ms execute=2.570 ms
ds4: Flash-MoE prefill layer=31 tokens=1024 unique=208 refs=6144 sync=14.774 ms plan=0.338 ms stage/compute=109.520 ms misses=208
ds4: Flash-MoE hybrid prefill layer=31 ane_groups=1 ane_refs=268 gpu_i8_groups=0 gpu_i8_refs=0 fp32_groups=0 ane_min_refs=256 concurrent=1 ane_pipeline=1 output_queue=4 async_ane=1 gpu_overlap=207 finishes=1 waits=2
ds4: Flash-MoE overlap plan layer=31 exec_groups=208 planned_ane_groups=1 planned_ane_refs=268 planned_gpu_groups=207 planned_gpu_refs=5876 tail_gpu_groups=0 tail_gpu_refs=0 planned_ssd_groups=208 est_gpu=19124.0 est_ane=165.2 est_idle=99.14% wall=109.147 ms actual_ane_groups=1 actual_ane_refs=268 actual_gpu_groups=0 actual_gpu_refs=0 finishes=1 waits=2 overlap_gpu_groups=207
ds4: Flash-MoE async pread canceled queued=0 reading=0 ready=2652 finished=0
ds4: gpu chunked prefill pos=7168 tokens=1024 layer 31 encode=125.230 ms execute=2.550 ms
ds4: Flash-MoE prefill layer=32 tokens=1024 unique=208 refs=6144 sync=41.177 ms plan=0.310 ms stage/compute=113.856 ms misses=208
ds4: Flash-MoE hybrid prefill layer=32 ane_groups=0 ane_refs=0 gpu_i8_groups=0 gpu_i8_refs=0 fp32_groups=0 ane_min_refs=256 concurrent=1 ane_pipeline=1 output_queue=4 async_ane=0 gpu_overlap=0 finishes=0 waits=0
ds4: Flash-MoE overlap plan layer=32 exec_groups=208 planned_ane_groups=0 planned_ane_refs=0 planned_gpu_groups=208 planned_gpu_refs=6144 tail_gpu_groups=0 tail_gpu_refs=0 planned_ssd_groups=208 est_gpu=19456.0 est_ane=0.0 est_idle=100.00% wall=113.510 ms actual_ane_groups=0 actual_ane_refs=0 actual_gpu_groups=0 actual_gpu_refs=0 finishes=0 waits=0 overlap_gpu_groups=0
ds4: Flash-MoE async pread canceled queued=0 reading=0 ready=2659 finished=0
ds4: gpu chunked prefill pos=7168 tokens=1024 layer 32 encode=155.633 ms execute=2.574 ms
ds4: Flash-MoE prefill layer=33 tokens=1024 unique=199 refs=6144 sync=14.431 ms plan=0.357 ms stage/compute=107.217 ms misses=199
ds4: Flash-MoE hybrid prefill layer=33 ane_groups=1 ane_refs=298 gpu_i8_groups=0 gpu_i8_refs=0 fp32_groups=0 ane_min_refs=256 concurrent=1 ane_pipeline=1 output_queue=4 async_ane=1 gpu_overlap=198 finishes=1 waits=2
ds4: Flash-MoE overlap plan layer=33 exec_groups=199 planned_ane_groups=1 planned_ane_refs=298 planned_gpu_groups=198 planned_gpu_refs=5846 tail_gpu_groups=0 tail_gpu_refs=0 planned_ssd_groups=199 est_gpu=18518.0 est_ane=165.2 est_idle=99.11% wall=106.887 ms actual_ane_groups=1 actual_ane_refs=298 actual_gpu_groups=0 actual_gpu_refs=0 finishes=1 waits=2 overlap_gpu_groups=198
ds4: Flash-MoE async pread canceled queued=0 reading=0 ready=2674 finished=0
ds4: gpu chunked prefill pos=7168 tokens=1024 layer 33 encode=122.616 ms execute=2.528 ms
ds4: Flash-MoE prefill layer=34 tokens=1024 unique=210 refs=6144 sync=40.742 ms plan=0.324 ms stage/compute=109.272 ms misses=210
ds4: Flash-MoE hybrid prefill layer=34 ane_groups=3 ane_refs=997 gpu_i8_groups=0 gpu_i8_refs=0 fp32_groups=0 ane_min_refs=256 concurrent=1 ane_pipeline=1 output_queue=4 async_ane=3 gpu_overlap=207 finishes=3 waits=6
ds4: Flash-MoE overlap plan layer=34 exec_groups=210 planned_ane_groups=3 planned_ane_refs=997 planned_gpu_groups=207 planned_gpu_refs=5147 tail_gpu_groups=0 tail_gpu_refs=0 planned_ssd_groups=210 est_gpu=18395.0 est_ane=495.5 est_idle=97.31% wall=108.906 ms actual_ane_groups=3 actual_ane_refs=997 actual_gpu_groups=0 actual_gpu_refs=0 finishes=3 waits=6 overlap_gpu_groups=207
ds4: Flash-MoE async pread canceled queued=0 reading=0 ready=2682 finished=0
ds4: gpu chunked prefill pos=7168 tokens=1024 layer 34 encode=150.620 ms execute=2.725 ms
ds4: Flash-MoE prefill layer=35 tokens=1024 unique=211 refs=6144 sync=14.396 ms plan=0.368 ms stage/compute=109.977 ms misses=211
ds4: Flash-MoE hybrid prefill layer=35 ane_groups=1 ane_refs=289 gpu_i8_groups=0 gpu_i8_refs=0 fp32_groups=0 ane_min_refs=256 concurrent=1 ane_pipeline=1 output_queue=4 async_ane=1 gpu_overlap=210 finishes=1 waits=2
ds4: Flash-MoE overlap plan layer=35 exec_groups=211 planned_ane_groups=1 planned_ane_refs=289 planned_gpu_groups=210 planned_gpu_refs=5855 tail_gpu_groups=0 tail_gpu_refs=0 planned_ssd_groups=211 est_gpu=19295.0 est_ane=165.2 est_idle=99.14% wall=109.603 ms actual_ane_groups=1 actual_ane_refs=289 actual_gpu_groups=0 actual_gpu_refs=0 finishes=1 waits=2 overlap_gpu_groups=210
ds4: Flash-MoE async pread canceled queued=0 reading=0 ready=2690 finished=0
ds4: gpu chunked prefill pos=7168 tokens=1024 layer 35 encode=125.293 ms execute=2.544 ms
ds4: Flash-MoE prefill layer=36 tokens=1024 unique=213 refs=6144 sync=40.728 ms plan=0.354 ms stage/compute=106.927 ms misses=213
ds4: Flash-MoE hybrid prefill layer=36 ane_groups=2 ane_refs=646 gpu_i8_groups=0 gpu_i8_refs=0 fp32_groups=0 ane_min_refs=256 concurrent=1 ane_pipeline=1 output_queue=4 async_ane=2 gpu_overlap=211 finishes=2 waits=4
ds4: Flash-MoE overlap plan layer=36 exec_groups=213 planned_ane_groups=2 planned_ane_refs=646 planned_gpu_groups=211 planned_gpu_refs=5498 tail_gpu_groups=0 tail_gpu_refs=0 planned_ssd_groups=213 est_gpu=19002.0 est_ane=330.3 est_idle=98.26% wall=106.580 ms actual_ane_groups=2 actual_ane_refs=646 actual_gpu_groups=0 actual_gpu_refs=0 finishes=2 waits=4 overlap_gpu_groups=211
ds4: Flash-MoE async pread canceled queued=0 reading=0 ready=2700 finished=0
ds4: gpu chunked prefill pos=7168 tokens=1024 layer 36 encode=148.269 ms execute=2.607 ms
ds4: Flash-MoE prefill layer=37 tokens=1024 unique=201 refs=6144 sync=14.450 ms plan=0.364 ms stage/compute=103.413 ms misses=201
ds4: Flash-MoE hybrid prefill layer=37 ane_groups=1 ane_refs=637 gpu_i8_groups=0 gpu_i8_refs=0 fp32_groups=0 ane_min_refs=256 concurrent=1 ane_pipeline=1 output_queue=4 async_ane=1 gpu_overlap=200 finishes=1 waits=2
ds4: Flash-MoE overlap plan layer=37 exec_groups=201 planned_ane_groups=1 planned_ane_refs=637 planned_gpu_groups=200 planned_gpu_refs=5507 tail_gpu_groups=0 tail_gpu_refs=0 planned_ssd_groups=201 est_gpu=18307.0 est_ane=167.8 est_idle=99.08% wall=103.086 ms actual_ane_groups=1 actual_ane_refs=637 actual_gpu_groups=0 actual_gpu_refs=0 finishes=1 waits=2 overlap_gpu_groups=200
ds4: Flash-MoE async pread canceled queued=0 reading=0 ready=2711 finished=0
ds4: gpu chunked prefill pos=7168 tokens=1024 layer 37 encode=118.782 ms execute=2.541 ms
ds4: Flash-MoE prefill layer=38 tokens=1024 unique=211 refs=6144 sync=40.739 ms plan=0.331 ms stage/compute=109.948 ms misses=211
ds4: Flash-MoE hybrid prefill layer=38 ane_groups=1 ane_refs=340 gpu_i8_groups=0 gpu_i8_refs=0 fp32_groups=0 ane_min_refs=256 concurrent=1 ane_pipeline=1 output_queue=4 async_ane=1 gpu_overlap=210 finishes=1 waits=2
ds4: Flash-MoE overlap plan layer=38 exec_groups=211 planned_ane_groups=1 planned_ane_refs=340 planned_gpu_groups=210 planned_gpu_refs=5804 tail_gpu_groups=0 tail_gpu_refs=0 planned_ssd_groups=211 est_gpu=19244.0 est_ane=165.2 est_idle=99.14% wall=109.566 ms actual_ane_groups=1 actual_ane_refs=340 actual_gpu_groups=0 actual_gpu_refs=0 finishes=1 waits=2 overlap_gpu_groups=210
ds4: Flash-MoE async pread canceled queued=0 reading=0 ready=2725 finished=0
ds4: gpu chunked prefill pos=7168 tokens=1024 layer 38 encode=151.295 ms execute=2.531 ms
ds4: Flash-MoE prefill layer=39 tokens=1024 unique=217 refs=6144 sync=14.474 ms plan=0.391 ms stage/compute=113.128 ms misses=217
ds4: Flash-MoE hybrid prefill layer=39 ane_groups=0 ane_refs=0 gpu_i8_groups=0 gpu_i8_refs=0 fp32_groups=0 ane_min_refs=256 concurrent=1 ane_pipeline=1 output_queue=4 async_ane=0 gpu_overlap=0 finishes=0 waits=0
ds4: Flash-MoE overlap plan layer=39 exec_groups=217 planned_ane_groups=0 planned_ane_refs=0 planned_gpu_groups=217 planned_gpu_refs=6144 tail_gpu_groups=0 tail_gpu_refs=0 planned_ssd_groups=217 est_gpu=20032.0 est_ane=0.0 est_idle=100.00% wall=112.777 ms actual_ane_groups=0 actual_ane_refs=0 actual_gpu_groups=0 actual_gpu_refs=0 finishes=0 waits=0 overlap_gpu_groups=0
ds4: Flash-MoE async pread canceled queued=0 reading=0 ready=2734 finished=0
ds4: gpu chunked prefill pos=7168 tokens=1024 layer 39 encode=128.552 ms execute=2.593 ms
ds4: Flash-MoE prefill layer=40 tokens=1024 unique=158 refs=6144 sync=41.761 ms plan=0.324 ms stage/compute=86.150 ms misses=158
ds4: Flash-MoE hybrid prefill layer=40 ane_groups=2 ane_refs=1171 gpu_i8_groups=0 gpu_i8_refs=0 fp32_groups=0 ane_min_refs=256 concurrent=1 ane_pipeline=1 output_queue=4 async_ane=2 gpu_overlap=156 finishes=2 waits=4
ds4: Flash-MoE overlap plan layer=40 exec_groups=158 planned_ane_groups=2 planned_ane_refs=1171 planned_gpu_groups=156 planned_gpu_refs=4973 tail_gpu_groups=0 tail_gpu_refs=0 planned_ssd_groups=158 est_gpu=14957.0 est_ane=335.5 est_idle=97.76% wall=85.849 ms actual_ane_groups=2 actual_ane_refs=1171 actual_gpu_groups=0 actual_gpu_refs=0 finishes=2 waits=4 overlap_gpu_groups=156
ds4: Flash-MoE async pread canceled queued=0 reading=0 ready=2753 finished=0
ds4: gpu chunked prefill pos=7168 tokens=1024 layer 40 encode=128.515 ms execute=2.624 ms
ds4: Flash-MoE prefill layer=41 tokens=1024 unique=179 refs=6144 sync=14.484 ms plan=0.326 ms stage/compute=99.679 ms misses=179
ds4: Flash-MoE hybrid prefill layer=41 ane_groups=1 ane_refs=403 gpu_i8_groups=0 gpu_i8_refs=0 fp32_groups=0 ane_min_refs=256 concurrent=1 ane_pipeline=1 output_queue=4 async_ane=1 gpu_overlap=178 finishes=1 waits=2
ds4: Flash-MoE overlap plan layer=41 exec_groups=179 planned_ane_groups=1 planned_ane_refs=403 planned_gpu_groups=178 planned_gpu_refs=5741 tail_gpu_groups=0 tail_gpu_refs=0 planned_ssd_groups=179 est_gpu=17133.0 est_ane=165.2 est_idle=99.04% wall=99.336 ms actual_ane_groups=1 actual_ane_refs=403 actual_gpu_groups=0 actual_gpu_refs=0 finishes=1 waits=2 overlap_gpu_groups=178
ds4: Flash-MoE async pread canceled queued=0 reading=0 ready=2767 finished=0
ds4: gpu chunked prefill pos=7168 tokens=1024 layer 41 encode=115.075 ms execute=2.544 ms
ds4: Flash-MoE prefill layer=42 tokens=1024 unique=193 refs=6144 sync=40.770 ms plan=0.350 ms stage/compute=103.596 ms misses=193
ds4: Flash-MoE hybrid prefill layer=42 ane_groups=1 ane_refs=565 gpu_i8_groups=0 gpu_i8_refs=0 fp32_groups=0 ane_min_refs=256 concurrent=1 ane_pipeline=1 output_queue=4 async_ane=1 gpu_overlap=192 finishes=1 waits=2
ds4: Flash-MoE overlap plan layer=42 exec_groups=193 planned_ane_groups=1 planned_ane_refs=565 planned_gpu_groups=192 planned_gpu_refs=5579 tail_gpu_groups=0 tail_gpu_refs=0 planned_ssd_groups=193 est_gpu=17867.0 est_ane=167.8 est_idle=99.06% wall=103.278 ms actual_ane_groups=1 actual_ane_refs=565 actual_gpu_groups=0 actual_gpu_refs=0 finishes=1 waits=2 overlap_gpu_groups=192
ds4: Flash-MoE async pread canceled queued=0 reading=0 ready=2784 finished=0
ds4: gpu chunked prefill pos=7168 tokens=1024 layer 42 encode=144.985 ms execute=2.437 ms
processing 8423 input tokens: 8192/8423 (97.3%) batch=164.24 t/s avg=166.05 t/s
ds4: Flash-MoE prefill layer=0 tokens=231 unique=251 refs=1386 sync=4.859 ms plan=0.275 ms stage/compute=90.754 ms misses=251
ds4: Flash-MoE hybrid prefill layer=0 ane_groups=0 ane_refs=0 gpu_i8_groups=0 gpu_i8_refs=0 fp32_groups=0 ane_min_refs=256 concurrent=1 ane_pipeline=1 output_queue=4 async_ane=0 gpu_overlap=0 finishes=0 waits=0
ds4: Flash-MoE overlap plan layer=0 exec_groups=251 planned_ane_groups=0 planned_ane_refs=0 planned_gpu_groups=251 planned_gpu_refs=1386 tail_gpu_groups=0 tail_gpu_refs=0 planned_ssd_groups=251 est_gpu=17450.0 est_ane=0.0 est_idle=100.00% wall=90.475 ms actual_ane_groups=0 actual_ane_refs=0 actual_gpu_groups=0 actual_gpu_refs=0 finishes=0 waits=0 overlap_gpu_groups=0
ds4: Flash-MoE async pread canceled queued=0 reading=0 ready=2784 finished=0
ds4: gpu chunked prefill pos=8192 tokens=231 layer 0 encode=96.257 ms execute=0.940 ms
ds4: Flash-MoE prefill layer=1 tokens=231 unique=254 refs=1386 sync=4.651 ms plan=0.331 ms stage/compute=92.088 ms misses=254
ds4: Flash-MoE hybrid prefill layer=1 ane_groups=0 ane_refs=0 gpu_i8_groups=0 gpu_i8_refs=0 fp32_groups=0 ane_min_refs=256 concurrent=1 ane_pipeline=1 output_queue=4 async_ane=0 gpu_overlap=0 finishes=0 waits=0
ds4: Flash-MoE overlap plan layer=1 exec_groups=254 planned_ane_groups=0 planned_ane_refs=0 planned_gpu_groups=254 planned_gpu_refs=1386 tail_gpu_groups=0 tail_gpu_refs=0 planned_ssd_groups=254 est_gpu=17642.0 est_ane=0.0 est_idle=100.00% wall=91.750 ms actual_ane_groups=0 actual_ane_refs=0 actual_gpu_groups=0 actual_gpu_refs=0 finishes=0 waits=0 overlap_gpu_groups=0
ds4: Flash-MoE async pread canceled queued=0 reading=0 ready=2784 finished=0
ds4: gpu chunked prefill pos=8192 tokens=231 layer 1 encode=97.308 ms execute=0.925 ms
ds4: Flash-MoE prefill layer=2 tokens=231 unique=252 refs=1386 sync=14.702 ms plan=0.373 ms stage/compute=89.833 ms misses=252
ds4: Flash-MoE hybrid prefill layer=2 ane_groups=0 ane_refs=0 gpu_i8_groups=0 gpu_i8_refs=0 fp32_groups=0 ane_min_refs=256 concurrent=1 ane_pipeline=1 output_queue=4 async_ane=0 gpu_overlap=0 finishes=0 waits=0
ds4: Flash-MoE overlap plan layer=2 exec_groups=252 planned_ane_groups=0 planned_ane_refs=0 planned_gpu_groups=252 planned_gpu_refs=1386 tail_gpu_groups=0 tail_gpu_refs=0 planned_ssd_groups=252 est_gpu=17514.0 est_ane=0.0 est_idle=100.00% wall=89.539 ms actual_ane_groups=0 actual_ane_refs=0 actual_gpu_groups=0 actual_gpu_refs=0 finishes=0 waits=0 overlap_gpu_groups=0
ds4: Flash-MoE async pread canceled queued=0 reading=0 ready=2784 finished=0
ds4: gpu chunked prefill pos=8192 tokens=231 layer 2 encode=106.207 ms execute=0.922 ms
ds4: Flash-MoE prefill layer=3 tokens=231 unique=192 refs=1386 sync=5.597 ms plan=0.282 ms stage/compute=71.354 ms misses=192
ds4: Flash-MoE hybrid prefill layer=3 ane_groups=0 ane_refs=0 gpu_i8_groups=0 gpu_i8_refs=0 fp32_groups=0 ane_min_refs=256 concurrent=1 ane_pipeline=1 output_queue=4 async_ane=0 gpu_overlap=0 finishes=0 waits=0
ds4: Flash-MoE overlap plan layer=3 exec_groups=192 planned_ane_groups=0 planned_ane_refs=0 planned_gpu_groups=192 planned_gpu_refs=1386 tail_gpu_groups=0 tail_gpu_refs=0 planned_ssd_groups=192 est_gpu=13674.0 est_ane=0.0 est_idle=100.00% wall=71.127 ms actual_ane_groups=0 actual_ane_refs=0 actual_gpu_groups=0 actual_gpu_refs=0 finishes=0 waits=0 overlap_gpu_groups=0
ds4: Flash-MoE async pread canceled queued=0 reading=0 ready=2797 finished=0
ds4: gpu chunked prefill pos=8192 tokens=231 layer 3 encode=77.790 ms execute=0.931 ms
ds4: Flash-MoE prefill layer=4 tokens=231 unique=183 refs=1386 sync=14.618 ms plan=0.317 ms stage/compute=68.783 ms misses=183
ds4: Flash-MoE hybrid prefill layer=4 ane_groups=0 ane_refs=0 gpu_i8_groups=0 gpu_i8_refs=0 fp32_groups=0 ane_min_refs=256 concurrent=1 ane_pipeline=1 output_queue=4 async_ane=0 gpu_overlap=0 finishes=0 waits=0
ds4: Flash-MoE overlap plan layer=4 exec_groups=183 planned_ane_groups=0 planned_ane_refs=0 planned_gpu_groups=183 planned_gpu_refs=1386 tail_gpu_groups=0 tail_gpu_refs=0 planned_ssd_groups=183 est_gpu=13098.0 est_ane=0.0 est_idle=100.00% wall=68.572 ms actual_ane_groups=0 actual_ane_refs=0 actual_gpu_groups=0 actual_gpu_refs=0 finishes=0 waits=0 overlap_gpu_groups=0
ds4: Flash-MoE async pread canceled queued=0 reading=0 ready=2809 finished=0
ds4: gpu chunked prefill pos=8192 tokens=231 layer 4 encode=84.689 ms execute=0.974 ms
ds4: Flash-MoE prefill layer=5 tokens=231 unique=192 refs=1386 sync=5.568 ms plan=0.330 ms stage/compute=73.761 ms misses=192
ds4: Flash-MoE hybrid prefill layer=5 ane_groups=0 ane_refs=0 gpu_i8_groups=0 gpu_i8_refs=0 fp32_groups=0 ane_min_refs=256 concurrent=1 ane_pipeline=1 output_queue=4 async_ane=0 gpu_overlap=0 finishes=0 waits=0
ds4: Flash-MoE overlap plan layer=5 exec_groups=192 planned_ane_groups=0 planned_ane_refs=0 planned_gpu_groups=192 planned_gpu_refs=1386 tail_gpu_groups=0 tail_gpu_refs=0 planned_ssd_groups=192 est_gpu=13674.0 est_ane=0.0 est_idle=100.00% wall=73.510 ms actual_ane_groups=0 actual_ane_refs=0 actual_gpu_groups=0 actual_gpu_refs=0 finishes=0 waits=0 overlap_gpu_groups=0
ds4: Flash-MoE async pread canceled queued=0 reading=0 ready=2823 finished=0
ds4: gpu chunked prefill pos=8192 tokens=231 layer 5 encode=80.162 ms execute=0.943 ms
ds4: Flash-MoE prefill layer=6 tokens=231 unique=196 refs=1386 sync=14.672 ms plan=0.340 ms stage/compute=74.576 ms misses=196
ds4: Flash-MoE hybrid prefill layer=6 ane_groups=0 ane_refs=0 gpu_i8_groups=0 gpu_i8_refs=0 fp32_groups=0 ane_min_refs=256 concurrent=1 ane_pipeline=1 output_queue=4 async_ane=0 gpu_overlap=0 finishes=0 waits=0
ds4: Flash-MoE overlap plan layer=6 exec_groups=196 planned_ane_groups=0 planned_ane_refs=0 planned_gpu_groups=196 planned_gpu_refs=1386 tail_gpu_groups=0 tail_gpu_refs=0 planned_ssd_groups=196 est_gpu=13930.0 est_ane=0.0 est_idle=100.00% wall=74.324 ms actual_ane_groups=0 actual_ane_refs=0 actual_gpu_groups=0 actual_gpu_refs=0 finishes=0 waits=0 overlap_gpu_groups=0
ds4: Flash-MoE async pread canceled queued=0 reading=0 ready=2835 finished=0
ds4: gpu chunked prefill pos=8192 tokens=231 layer 6 encode=90.583 ms execute=0.982 ms
ds4: Flash-MoE prefill layer=7 tokens=231 unique=178 refs=1386 sync=5.640 ms plan=0.257 ms stage/compute=70.661 ms misses=178
ds4: Flash-MoE hybrid prefill layer=7 ane_groups=0 ane_refs=0 gpu_i8_groups=0 gpu_i8_refs=0 fp32_groups=0 ane_min_refs=256 concurrent=1 ane_pipeline=1 output_queue=4 async_ane=0 gpu_overlap=0 finishes=0 waits=0
ds4: Flash-MoE overlap plan layer=7 exec_groups=178 planned_ane_groups=0 planned_ane_refs=0 planned_gpu_groups=178 planned_gpu_refs=1386 tail_gpu_groups=0 tail_gpu_refs=0 planned_ssd_groups=178 est_gpu=12778.0 est_ane=0.0 est_idle=100.00% wall=70.435 ms actual_ane_groups=0 actual_ane_refs=0 actual_gpu_groups=0 actual_gpu_refs=0 finishes=0 waits=0 overlap_gpu_groups=0
ds4: Flash-MoE async pread canceled queued=0 reading=1 ready=2847 finished=1
ds4: gpu chunked prefill pos=8192 tokens=231 layer 7 encode=77.220 ms execute=0.945 ms
ds4: Flash-MoE prefill layer=8 tokens=231 unique=176 refs=1386 sync=14.707 ms plan=0.343 ms stage/compute=66.237 ms misses=176
ds4: Flash-MoE hybrid prefill layer=8 ane_groups=0 ane_refs=0 gpu_i8_groups=0 gpu_i8_refs=0 fp32_groups=0 ane_min_refs=256 concurrent=1 ane_pipeline=1 output_queue=4 async_ane=0 gpu_overlap=0 finishes=0 waits=0
ds4: Flash-MoE overlap plan layer=8 exec_groups=176 planned_ane_groups=0 planned_ane_refs=0 planned_gpu_groups=176 planned_gpu_refs=1386 tail_gpu_groups=0 tail_gpu_refs=0 planned_ssd_groups=176 est_gpu=12650.0 est_ane=0.0 est_idle=100.00% wall=66.024 ms actual_ane_groups=0 actual_ane_refs=0 actual_gpu_groups=0 actual_gpu_refs=0 finishes=0 waits=0 overlap_gpu_groups=0
ds4: Flash-MoE async pread canceled queued=0 reading=1 ready=2859 finished=1
ds4: gpu chunked prefill pos=8192 tokens=231 layer 8 encode=82.280 ms execute=0.914 ms
ds4: Flash-MoE prefill layer=9 tokens=231 unique=192 refs=1386 sync=5.619 ms plan=0.360 ms stage/compute=74.709 ms misses=192
ds4: Flash-MoE hybrid prefill layer=9 ane_groups=0 ane_refs=0 gpu_i8_groups=0 gpu_i8_refs=0 fp32_groups=0 ane_min_refs=256 concurrent=1 ane_pipeline=1 output_queue=4 async_ane=0 gpu_overlap=0 finishes=0 waits=0
ds4: Flash-MoE overlap plan layer=9 exec_groups=192 planned_ane_groups=0 planned_ane_refs=0 planned_gpu_groups=192 planned_gpu_refs=1386 tail_gpu_groups=0 tail_gpu_refs=0 planned_ssd_groups=192 est_gpu=13674.0 est_ane=0.0 est_idle=100.00% wall=74.485 ms actual_ane_groups=0 actual_ane_refs=0 actual_gpu_groups=0 actual_gpu_refs=0 finishes=0 waits=0 overlap_gpu_groups=0
ds4: Flash-MoE async pread canceled queued=0 reading=1 ready=2871 finished=1
ds4: gpu chunked prefill pos=8192 tokens=231 layer 9 encode=81.213 ms execute=0.940 ms
ds4: Flash-MoE prefill layer=10 tokens=231 unique=179 refs=1386 sync=14.689 ms plan=0.356 ms stage/compute=70.086 ms misses=179
ds4: Flash-MoE hybrid prefill layer=10 ane_groups=0 ane_refs=0 gpu_i8_groups=0 gpu_i8_refs=0 fp32_groups=0 ane_min_refs=256 concurrent=1 ane_pipeline=1 output_queue=4 async_ane=0 gpu_overlap=0 finishes=0 waits=0
ds4: Flash-MoE overlap plan layer=10 exec_groups=179 planned_ane_groups=0 planned_ane_refs=0 planned_gpu_groups=179 planned_gpu_refs=1386 tail_gpu_groups=0 tail_gpu_refs=0 planned_ssd_groups=179 est_gpu=12842.0 est_ane=0.0 est_idle=100.00% wall=69.851 ms actual_ane_groups=0 actual_ane_refs=0 actual_gpu_groups=0 actual_gpu_refs=0 finishes=0 waits=0 overlap_gpu_groups=0
ds4: Flash-MoE async pread canceled queued=0 reading=1 ready=2888 finished=1
ds4: gpu chunked prefill pos=8192 tokens=231 layer 10 encode=86.216 ms execute=0.956 ms
ds4: Flash-MoE prefill layer=11 tokens=231 unique=172 refs=1386 sync=5.621 ms plan=0.334 ms stage/compute=66.209 ms misses=172
ds4: Flash-MoE hybrid prefill layer=11 ane_groups=0 ane_refs=0 gpu_i8_groups=0 gpu_i8_refs=0 fp32_groups=0 ane_min_refs=256 concurrent=1 ane_pipeline=1 output_queue=4 async_ane=0 gpu_overlap=0 finishes=0 waits=0
ds4: Flash-MoE overlap plan layer=11 exec_groups=172 planned_ane_groups=0 planned_ane_refs=0 planned_gpu_groups=172 planned_gpu_refs=1386 tail_gpu_groups=0 tail_gpu_refs=0 planned_ssd_groups=172 est_gpu=12394.0 est_ane=0.0 est_idle=100.00% wall=66.007 ms actual_ane_groups=0 actual_ane_refs=0 actual_gpu_groups=0 actual_gpu_refs=0 finishes=0 waits=0 overlap_gpu_groups=0
ds4: Flash-MoE async pread canceled queued=0 reading=1 ready=2900 finished=1
ds4: gpu chunked prefill pos=8192 tokens=231 layer 11 encode=72.662 ms execute=0.919 ms
ds4: Flash-MoE prefill layer=12 tokens=231 unique=153 refs=1386 sync=14.660 ms plan=0.288 ms stage/compute=60.729 ms misses=153
ds4: Flash-MoE hybrid prefill layer=12 ane_groups=0 ane_refs=0 gpu_i8_groups=0 gpu_i8_refs=0 fp32_groups=0 ane_min_refs=256 concurrent=1 ane_pipeline=1 output_queue=4 async_ane=0 gpu_overlap=0 finishes=0 waits=0
ds4: Flash-MoE overlap plan layer=12 exec_groups=153 planned_ane_groups=0 planned_ane_refs=0 planned_gpu_groups=153 planned_gpu_refs=1386 tail_gpu_groups=0 tail_gpu_refs=0 planned_ssd_groups=153 est_gpu=11178.0 est_ane=0.0 est_idle=100.00% wall=60.543 ms actual_ane_groups=0 actual_ane_refs=0 actual_gpu_groups=0 actual_gpu_refs=0 finishes=0 waits=0 overlap_gpu_groups=0
ds4: Flash-MoE async pread canceled queued=0 reading=1 ready=2917 finished=1
ds4: gpu chunked prefill pos=8192 tokens=231 layer 12 encode=76.720 ms execute=0.943 ms
ds4: Flash-MoE prefill layer=13 tokens=231 unique=173 refs=1386 sync=5.536 ms plan=0.349 ms stage/compute=65.801 ms misses=173
ds4: Flash-MoE hybrid prefill layer=13 ane_groups=0 ane_refs=0 gpu_i8_groups=0 gpu_i8_refs=0 fp32_groups=0 ane_min_refs=256 concurrent=1 ane_pipeline=1 output_queue=4 async_ane=0 gpu_overlap=0 finishes=0 waits=0
ds4: Flash-MoE overlap plan layer=13 exec_groups=173 planned_ane_groups=0 planned_ane_refs=0 planned_gpu_groups=173 planned_gpu_refs=1386 tail_gpu_groups=0 tail_gpu_refs=0 planned_ssd_groups=173 est_gpu=12458.0 est_ane=0.0 est_idle=100.00% wall=65.592 ms actual_ane_groups=0 actual_ane_refs=0 actual_gpu_groups=0 actual_gpu_refs=0 finishes=0 waits=0 overlap_gpu_groups=0
ds4: Flash-MoE async pread canceled queued=0 reading=1 ready=2933 finished=1
ds4: gpu chunked prefill pos=8192 tokens=231 layer 13 encode=72.183 ms execute=0.940 ms
ds4: Flash-MoE prefill layer=14 tokens=231 unique=175 refs=1386 sync=14.634 ms plan=0.304 ms stage/compute=67.741 ms misses=175
ds4: Flash-MoE hybrid prefill layer=14 ane_groups=0 ane_refs=0 gpu_i8_groups=0 gpu_i8_refs=0 fp32_groups=0 ane_min_refs=256 concurrent=1 ane_pipeline=1 output_queue=4 async_ane=0 gpu_overlap=0 finishes=0 waits=0
ds4: Flash-MoE overlap plan layer=14 exec_groups=175 planned_ane_groups=0 planned_ane_refs=0 planned_gpu_groups=175 planned_gpu_refs=1386 tail_gpu_groups=0 tail_gpu_refs=0 planned_ssd_groups=175 est_gpu=12586.0 est_ane=0.0 est_idle=100.00% wall=67.508 ms actual_ane_groups=0 actual_ane_refs=0 actual_gpu_groups=0 actual_gpu_refs=0 finishes=0 waits=0 overlap_gpu_groups=0
ds4: Flash-MoE async pread canceled queued=0 reading=1 ready=2950 finished=1
ds4: gpu chunked prefill pos=8192 tokens=231 layer 14 encode=83.662 ms execute=0.945 ms
ds4: Flash-MoE prefill layer=15 tokens=231 unique=156 refs=1386 sync=5.582 ms plan=0.323 ms stage/compute=62.559 ms misses=156
ds4: Flash-MoE hybrid prefill layer=15 ane_groups=0 ane_refs=0 gpu_i8_groups=0 gpu_i8_refs=0 fp32_groups=0 ane_min_refs=256 concurrent=1 ane_pipeline=1 output_queue=4 async_ane=0 gpu_overlap=0 finishes=0 waits=0
ds4: Flash-MoE overlap plan layer=15 exec_groups=156 planned_ane_groups=0 planned_ane_refs=0 planned_gpu_groups=156 planned_gpu_refs=1386 tail_gpu_groups=0 tail_gpu_refs=0 planned_ssd_groups=156 est_gpu=11370.0 est_ane=0.0 est_idle=100.00% wall=62.351 ms actual_ane_groups=0 actual_ane_refs=0 actual_gpu_groups=0 actual_gpu_refs=0 finishes=0 waits=0 overlap_gpu_groups=0
ds4: Flash-MoE async pread canceled queued=0 reading=1 ready=2971 finished=1
ds4: gpu chunked prefill pos=8192 tokens=231 layer 15 encode=69.042 ms execute=0.955 ms
ds4: Flash-MoE prefill layer=16 tokens=231 unique=161 refs=1386 sync=14.643 ms plan=0.321 ms stage/compute=64.320 ms misses=161
ds4: Flash-MoE hybrid prefill layer=16 ane_groups=0 ane_refs=0 gpu_i8_groups=0 gpu_i8_refs=0 fp32_groups=0 ane_min_refs=256 concurrent=1 ane_pipeline=1 output_queue=4 async_ane=0 gpu_overlap=0 finishes=0 waits=0
ds4: Flash-MoE overlap plan layer=16 exec_groups=161 planned_ane_groups=0 planned_ane_refs=0 planned_gpu_groups=161 planned_gpu_refs=1386 tail_gpu_groups=0 tail_gpu_refs=0 planned_ssd_groups=161 est_gpu=11690.0 est_ane=0.0 est_idle=100.00% wall=64.107 ms actual_ane_groups=0 actual_ane_refs=0 actual_gpu_groups=0 actual_gpu_refs=0 finishes=0 waits=0 overlap_gpu_groups=0
ds4: Flash-MoE async pread canceled queued=0 reading=1 ready=2989 finished=1
ds4: gpu chunked prefill pos=8192 tokens=231 layer 16 encode=80.298 ms execute=0.928 ms
ds4: Flash-MoE prefill layer=17 tokens=231 unique=178 refs=1386 sync=5.545 ms plan=0.298 ms stage/compute=66.635 ms misses=178
ds4: Flash-MoE hybrid prefill layer=17 ane_groups=0 ane_refs=0 gpu_i8_groups=0 gpu_i8_refs=0 fp32_groups=0 ane_min_refs=256 concurrent=1 ane_pipeline=1 output_queue=4 async_ane=0 gpu_overlap=0 finishes=0 waits=0
ds4: Flash-MoE overlap plan layer=17 exec_groups=178 planned_ane_groups=0 planned_ane_refs=0 planned_gpu_groups=178 planned_gpu_refs=1386 tail_gpu_groups=0 tail_gpu_refs=0 planned_ssd_groups=178 est_gpu=12778.0 est_ane=0.0 est_idle=100.00% wall=66.430 ms actual_ane_groups=0 actual_ane_refs=0 actual_gpu_groups=0 actual_gpu_refs=0 finishes=0 waits=0 overlap_gpu_groups=0
ds4: Flash-MoE async pread canceled queued=0 reading=1 ready=3008 finished=1
ds4: gpu chunked prefill pos=8192 tokens=231 layer 17 encode=72.959 ms execute=0.932 ms
ds4: Flash-MoE prefill layer=18 tokens=231 unique=150 refs=1386 sync=15.277 ms plan=0.312 ms stage/compute=58.429 ms misses=150
ds4: Flash-MoE hybrid prefill layer=18 ane_groups=0 ane_refs=0 gpu_i8_groups=0 gpu_i8_refs=0 fp32_groups=0 ane_min_refs=256 concurrent=1 ane_pipeline=1 output_queue=4 async_ane=0 gpu_overlap=0 finishes=0 waits=0
ds4: Flash-MoE overlap plan layer=18 exec_groups=150 planned_ane_groups=0 planned_ane_refs=0 planned_gpu_groups=150 planned_gpu_refs=1386 tail_gpu_groups=0 tail_gpu_refs=0 planned_ssd_groups=150 est_gpu=10986.0 est_ane=0.0 est_idle=100.00% wall=58.235 ms actual_ane_groups=0 actual_ane_refs=0 actual_gpu_groups=0 actual_gpu_refs=0 finishes=0 waits=0 overlap_gpu_groups=0
ds4: Flash-MoE async pread canceled queued=0 reading=1 ready=3029 finished=1
ds4: gpu chunked prefill pos=8192 tokens=231 layer 18 encode=75.052 ms execute=0.923 ms
ds4: Flash-MoE prefill layer=19 tokens=231 unique=193 refs=1386 sync=5.544 ms plan=0.316 ms stage/compute=74.575 ms misses=193
ds4: Flash-MoE hybrid prefill layer=19 ane_groups=0 ane_refs=0 gpu_i8_groups=0 gpu_i8_refs=0 fp32_groups=0 ane_min_refs=256 concurrent=1 ane_pipeline=1 output_queue=4 async_ane=0 gpu_overlap=0 finishes=0 waits=0
ds4: Flash-MoE overlap plan layer=19 exec_groups=193 planned_ane_groups=0 planned_ane_refs=0 planned_gpu_groups=193 planned_gpu_refs=1386 tail_gpu_groups=0 tail_gpu_refs=0 planned_ssd_groups=193 est_gpu=13738.0 est_ane=0.0 est_idle=100.00% wall=74.320 ms actual_ane_groups=0 actual_ane_refs=0 actual_gpu_groups=0 actual_gpu_refs=0 finishes=0 waits=0 overlap_gpu_groups=0
ds4: Flash-MoE async pread canceled queued=0 reading=1 ready=3039 finished=1
ds4: gpu chunked prefill pos=8192 tokens=231 layer 19 encode=80.953 ms execute=0.943 ms
ds4: Flash-MoE prefill layer=20 tokens=231 unique=147 refs=1386 sync=14.628 ms plan=0.407 ms stage/compute=59.150 ms misses=147
ds4: Flash-MoE hybrid prefill layer=20 ane_groups=0 ane_refs=0 gpu_i8_groups=0 gpu_i8_refs=0 fp32_groups=0 ane_min_refs=256 concurrent=1 ane_pipeline=1 output_queue=4 async_ane=0 gpu_overlap=0 finishes=0 waits=0
ds4: Flash-MoE overlap plan layer=20 exec_groups=147 planned_ane_groups=0 planned_ane_refs=0 planned_gpu_groups=147 planned_gpu_refs=1386 tail_gpu_groups=0 tail_gpu_refs=0 planned_ssd_groups=147 est_gpu=10794.0 est_ane=0.0 est_idle=100.00% wall=58.959 ms actual_ane_groups=0 actual_ane_refs=0 actual_gpu_groups=0 actual_gpu_refs=0 finishes=0 waits=0 overlap_gpu_groups=0
ds4: Flash-MoE async pread canceled queued=0 reading=1 ready=3060 finished=1
ds4: gpu chunked prefill pos=8192 tokens=231 layer 20 encode=75.209 ms execute=0.938 ms
ds4: Flash-MoE prefill layer=21 tokens=231 unique=169 refs=1386 sync=5.498 ms plan=0.416 ms stage/compute=64.731 ms misses=169
ds4: Flash-MoE hybrid prefill layer=21 ane_groups=0 ane_refs=0 gpu_i8_groups=0 gpu_i8_refs=0 fp32_groups=0 ane_min_refs=256 concurrent=1 ane_pipeline=1 output_queue=4 async_ane=0 gpu_overlap=0 finishes=0 waits=0
ds4: Flash-MoE overlap plan layer=21 exec_groups=169 planned_ane_groups=0 planned_ane_refs=0 planned_gpu_groups=169 planned_gpu_refs=1386 tail_gpu_groups=0 tail_gpu_refs=0 planned_ssd_groups=169 est_gpu=12202.0 est_ane=0.0 est_idle=100.00% wall=64.534 ms actual_ane_groups=0 actual_ane_refs=0 actual_gpu_groups=0 actual_gpu_refs=0 finishes=0 waits=0 overlap_gpu_groups=0
ds4: Flash-MoE async pread canceled queued=0 reading=1 ready=3074 finished=1
ds4: gpu chunked prefill pos=8192 tokens=231 layer 21 encode=71.147 ms execute=0.912 ms
ds4: Flash-MoE prefill layer=22 tokens=231 unique=170 refs=1386 sync=14.901 ms plan=0.373 ms stage/compute=65.573 ms misses=170
ds4: Flash-MoE hybrid prefill layer=22 ane_groups=0 ane_refs=0 gpu_i8_groups=0 gpu_i8_refs=0 fp32_groups=0 ane_min_refs=256 concurrent=1 ane_pipeline=1 output_queue=4 async_ane=0 gpu_overlap=0 finishes=0 waits=0
ds4: Flash-MoE overlap plan layer=22 exec_groups=170 planned_ane_groups=0 planned_ane_refs=0 planned_gpu_groups=170 planned_gpu_refs=1386 tail_gpu_groups=0 tail_gpu_refs=0 planned_ssd_groups=170 est_gpu=12266.0 est_ane=0.0 est_idle=100.00% wall=65.369 ms actual_ane_groups=0 actual_ane_refs=0 actual_gpu_groups=0 actual_gpu_refs=0 finishes=0 waits=0 overlap_gpu_groups=0
ds4: Flash-MoE async pread canceled queued=0 reading=1 ready=3088 finished=1
ds4: gpu chunked prefill pos=8192 tokens=231 layer 22 encode=81.794 ms execute=0.927 ms
ds4: Flash-MoE prefill layer=23 tokens=231 unique=191 refs=1386 sync=5.441 ms plan=0.320 ms stage/compute=73.739 ms misses=191
ds4: Flash-MoE hybrid prefill layer=23 ane_groups=0 ane_refs=0 gpu_i8_groups=0 gpu_i8_refs=0 fp32_groups=0 ane_min_refs=256 concurrent=1 ane_pipeline=1 output_queue=4 async_ane=0 gpu_overlap=0 finishes=0 waits=0
ds4: Flash-MoE overlap plan layer=23 exec_groups=191 planned_ane_groups=0 planned_ane_refs=0 planned_gpu_groups=191 planned_gpu_refs=1386 tail_gpu_groups=0 tail_gpu_refs=0 planned_ssd_groups=191 est_gpu=13610.0 est_ane=0.0 est_idle=100.00% wall=73.493 ms actual_ane_groups=0 actual_ane_refs=0 actual_gpu_groups=0 actual_gpu_refs=0 finishes=0 waits=0 overlap_gpu_groups=0
ds4: Flash-MoE async pread canceled queued=0 reading=1 ready=3099 finished=1
ds4: gpu chunked prefill pos=8192 tokens=231 layer 23 encode=79.978 ms execute=0.916 ms
ds4: Flash-MoE prefill layer=24 tokens=231 unique=179 refs=1386 sync=14.540 ms plan=0.379 ms stage/compute=70.095 ms misses=179
ds4: Flash-MoE hybrid prefill layer=24 ane_groups=0 ane_refs=0 gpu_i8_groups=0 gpu_i8_refs=0 fp32_groups=0 ane_min_refs=256 concurrent=1 ane_pipeline=1 output_queue=4 async_ane=0 gpu_overlap=0 finishes=0 waits=0
ds4: Flash-MoE overlap plan layer=24 exec_groups=179 planned_ane_groups=0 planned_ane_refs=0 planned_gpu_groups=179 planned_gpu_refs=1386 tail_gpu_groups=0 tail_gpu_refs=0 planned_ssd_groups=179 est_gpu=12842.0 est_ane=0.0 est_idle=100.00% wall=69.858 ms actual_ane_groups=0 actual_ane_refs=0 actual_gpu_groups=0 actual_gpu_refs=0 finishes=0 waits=0 overlap_gpu_groups=0
ds4: Flash-MoE async pread canceled queued=0 reading=1 ready=3110 finished=1
ds4: gpu chunked prefill pos=8192 tokens=231 layer 24 encode=86.007 ms execute=0.956 ms
ds4: Flash-MoE prefill layer=25 tokens=231 unique=189 refs=1386 sync=5.446 ms plan=0.305 ms stage/compute=72.491 ms misses=189
ds4: Flash-MoE hybrid prefill layer=25 ane_groups=0 ane_refs=0 gpu_i8_groups=0 gpu_i8_refs=0 fp32_groups=0 ane_min_refs=256 concurrent=1 ane_pipeline=1 output_queue=4 async_ane=0 gpu_overlap=0 finishes=0 waits=0
ds4: Flash-MoE overlap plan layer=25 exec_groups=189 planned_ane_groups=0 planned_ane_refs=0 planned_gpu_groups=189 planned_gpu_refs=1386 tail_gpu_groups=0 tail_gpu_refs=0 planned_ssd_groups=189 est_gpu=13482.0 est_ane=0.0 est_idle=100.00% wall=72.264 ms actual_ane_groups=0 actual_ane_refs=0 actual_gpu_groups=0 actual_gpu_refs=0 finishes=0 waits=0 overlap_gpu_groups=0
ds4: Flash-MoE async pread canceled queued=0 reading=1 ready=3125 finished=1
ds4: gpu chunked prefill pos=8192 tokens=231 layer 25 encode=78.743 ms execute=0.936 ms
ds4: Flash-MoE prefill layer=26 tokens=231 unique=163 refs=1386 sync=14.546 ms plan=0.325 ms stage/compute=61.777 ms misses=163
ds4: Flash-MoE hybrid prefill layer=26 ane_groups=0 ane_refs=0 gpu_i8_groups=0 gpu_i8_refs=0 fp32_groups=0 ane_min_refs=256 concurrent=1 ane_pipeline=1 output_queue=4 async_ane=0 gpu_overlap=0 finishes=0 waits=0
ds4: Flash-MoE overlap plan layer=26 exec_groups=163 planned_ane_groups=0 planned_ane_refs=0 planned_gpu_groups=163 planned_gpu_refs=1386 tail_gpu_groups=0 tail_gpu_refs=0 planned_ssd_groups=163 est_gpu=11818.0 est_ane=0.0 est_idle=100.00% wall=61.585 ms actual_ane_groups=0 actual_ane_refs=0 actual_gpu_groups=0 actual_gpu_refs=0 finishes=0 waits=0 overlap_gpu_groups=0
ds4: Flash-MoE async pread canceled queued=0 reading=1 ready=3142 finished=1
ds4: gpu chunked prefill pos=8192 tokens=231 layer 26 encode=77.584 ms execute=0.929 ms
ds4: Flash-MoE prefill layer=27 tokens=231 unique=185 refs=1386 sync=5.452 ms plan=0.333 ms stage/compute=70.383 ms misses=185
ds4: Flash-MoE hybrid prefill layer=27 ane_groups=0 ane_refs=0 gpu_i8_groups=0 gpu_i8_refs=0 fp32_groups=0 ane_min_refs=256 concurrent=1 ane_pipeline=1 output_queue=4 async_ane=0 gpu_overlap=0 finishes=0 waits=0
ds4: Flash-MoE overlap plan layer=27 exec_groups=185 planned_ane_groups=0 planned_ane_refs=0 planned_gpu_groups=185 planned_gpu_refs=1386 tail_gpu_groups=0 tail_gpu_refs=0 planned_ssd_groups=185 est_gpu=13226.0 est_ane=0.0 est_idle=100.00% wall=70.166 ms actual_ane_groups=0 actual_ane_refs=0 actual_gpu_groups=0 actual_gpu_refs=0 finishes=0 waits=0 overlap_gpu_groups=0
ds4: Flash-MoE async pread canceled queued=0 reading=1 ready=3152 finished=1
ds4: gpu chunked prefill pos=8192 tokens=231 layer 27 encode=76.673 ms execute=0.914 ms
ds4: Flash-MoE prefill layer=28 tokens=231 unique=171 refs=1386 sync=14.591 ms plan=0.337 ms stage/compute=66.754 ms misses=171
ds4: Flash-MoE hybrid prefill layer=28 ane_groups=0 ane_refs=0 gpu_i8_groups=0 gpu_i8_refs=0 fp32_groups=0 ane_min_refs=256 concurrent=1 ane_pipeline=1 output_queue=4 async_ane=0 gpu_overlap=0 finishes=0 waits=0
ds4: Flash-MoE overlap plan layer=28 exec_groups=171 planned_ane_groups=0 planned_ane_refs=0 planned_gpu_groups=171 planned_gpu_refs=1386 tail_gpu_groups=0 tail_gpu_refs=0 planned_ssd_groups=171 est_gpu=12330.0 est_ane=0.0 est_idle=100.00% wall=66.532 ms actual_ane_groups=0 actual_ane_refs=0 actual_gpu_groups=0 actual_gpu_refs=0 finishes=0 waits=0 overlap_gpu_groups=0
ds4: Flash-MoE async pread canceled queued=0 reading=1 ready=3173 finished=1
ds4: gpu chunked prefill pos=8192 tokens=231 layer 28 encode=82.730 ms execute=0.922 ms
ds4: Flash-MoE prefill layer=29 tokens=231 unique=175 refs=1386 sync=5.483 ms plan=0.270 ms stage/compute=68.700 ms misses=175
ds4: Flash-MoE hybrid prefill layer=29 ane_groups=0 ane_refs=0 gpu_i8_groups=0 gpu_i8_refs=0 fp32_groups=0 ane_min_refs=256 concurrent=1 ane_pipeline=1 output_queue=4 async_ane=0 gpu_overlap=0 finishes=0 waits=0
ds4: Flash-MoE overlap plan layer=29 exec_groups=175 planned_ane_groups=0 planned_ane_refs=0 planned_gpu_groups=175 planned_gpu_refs=1386 tail_gpu_groups=0 tail_gpu_refs=0 planned_ssd_groups=175 est_gpu=12586.0 est_ane=0.0 est_idle=100.00% wall=68.488 ms actual_ane_groups=0 actual_ane_refs=0 actual_gpu_groups=0 actual_gpu_refs=0 finishes=0 waits=0 overlap_gpu_groups=0
ds4: Flash-MoE async pread canceled queued=0 reading=1 ready=3194 finished=1
ds4: gpu chunked prefill pos=8192 tokens=231 layer 29 encode=75.008 ms execute=0.933 ms
ds4: Flash-MoE prefill layer=30 tokens=231 unique=176 refs=1386 sync=14.604 ms plan=0.291 ms stage/compute=68.153 ms misses=176
ds4: Flash-MoE hybrid prefill layer=30 ane_groups=0 ane_refs=0 gpu_i8_groups=0 gpu_i8_refs=0 fp32_groups=0 ane_min_refs=256 concurrent=1 ane_pipeline=1 output_queue=4 async_ane=0 gpu_overlap=0 finishes=0 waits=0
ds4: Flash-MoE overlap plan layer=30 exec_groups=176 planned_ane_groups=0 planned_ane_refs=0 planned_gpu_groups=176 planned_gpu_refs=1386 tail_gpu_groups=0 tail_gpu_refs=0 planned_ssd_groups=176 est_gpu=12650.0 est_ane=0.0 est_idle=100.00% wall=67.948 ms actual_ane_groups=0 actual_ane_refs=0 actual_gpu_groups=0 actual_gpu_refs=0 finishes=0 waits=0 overlap_gpu_groups=0
ds4: Flash-MoE async pread canceled queued=0 reading=1 ready=3211 finished=1
ds4: gpu chunked prefill pos=8192 tokens=231 layer 30 encode=84.003 ms execute=0.931 ms
ds4: Flash-MoE prefill layer=31 tokens=231 unique=176 refs=1386 sync=5.432 ms plan=0.315 ms stage/compute=67.541 ms misses=176
ds4: Flash-MoE hybrid prefill layer=31 ane_groups=0 ane_refs=0 gpu_i8_groups=0 gpu_i8_refs=0 fp32_groups=0 ane_min_refs=256 concurrent=1 ane_pipeline=1 output_queue=4 async_ane=0 gpu_overlap=0 finishes=0 waits=0
ds4: Flash-MoE overlap plan layer=31 exec_groups=176 planned_ane_groups=0 planned_ane_refs=0 planned_gpu_groups=176 planned_gpu_refs=1386 tail_gpu_groups=0 tail_gpu_refs=0 planned_ssd_groups=176 est_gpu=12650.0 est_ane=0.0 est_idle=100.00% wall=67.320 ms actual_ane_groups=0 actual_ane_refs=0 actual_gpu_groups=0 actual_gpu_refs=0 finishes=0 waits=0 overlap_gpu_groups=0
ds4: Flash-MoE async pread canceled queued=0 reading=1 ready=3227 finished=1
ds4: gpu chunked prefill pos=8192 tokens=231 layer 31 encode=73.796 ms execute=0.949 ms
ds4: Flash-MoE prefill layer=32 tokens=231 unique=181 refs=1386 sync=14.851 ms plan=0.298 ms stage/compute=71.357 ms misses=181
ds4: Flash-MoE hybrid prefill layer=32 ane_groups=0 ane_refs=0 gpu_i8_groups=0 gpu_i8_refs=0 fp32_groups=0 ane_min_refs=256 concurrent=1 ane_pipeline=1 output_queue=4 async_ane=0 gpu_overlap=0 finishes=0 waits=0
ds4: Flash-MoE overlap plan layer=32 exec_groups=181 planned_ane_groups=0 planned_ane_refs=0 planned_gpu_groups=181 planned_gpu_refs=1386 tail_gpu_groups=0 tail_gpu_refs=0 planned_ssd_groups=181 est_gpu=12970.0 est_ane=0.0 est_idle=100.00% wall=71.110 ms actual_ane_groups=0 actual_ane_refs=0 actual_gpu_groups=0 actual_gpu_refs=0 finishes=0 waits=0 overlap_gpu_groups=0
ds4: Flash-MoE async pread canceled queued=0 reading=1 ready=3240 finished=1
ds4: gpu chunked prefill pos=8192 tokens=231 layer 32 encode=87.546 ms execute=0.974 ms
ds4: Flash-MoE prefill layer=33 tokens=231 unique=170 refs=1386 sync=5.564 ms plan=0.402 ms stage/compute=67.009 ms misses=170
ds4: Flash-MoE hybrid prefill layer=33 ane_groups=0 ane_refs=0 gpu_i8_groups=0 gpu_i8_refs=0 fp32_groups=0 ane_min_refs=256 concurrent=1 ane_pipeline=1 output_queue=4 async_ane=0 gpu_overlap=0 finishes=0 waits=0
ds4: Flash-MoE overlap plan layer=33 exec_groups=170 planned_ane_groups=0 planned_ane_refs=0 planned_gpu_groups=170 planned_gpu_refs=1386 tail_gpu_groups=0 tail_gpu_refs=0 planned_ssd_groups=170 est_gpu=12266.0 est_ane=0.0 est_idle=100.00% wall=66.803 ms actual_ane_groups=0 actual_ane_refs=0 actual_gpu_groups=0 actual_gpu_refs=0 finishes=0 waits=0 overlap_gpu_groups=0
ds4: Flash-MoE async pread canceled queued=0 reading=1 ready=3261 finished=1
ds4: gpu chunked prefill pos=8192 tokens=231 layer 33 encode=73.595 ms execute=0.978 ms
ds4: Flash-MoE prefill layer=34 tokens=231 unique=173 refs=1386 sync=14.573 ms plan=0.338 ms stage/compute=65.165 ms misses=173
ds4: Flash-MoE hybrid prefill layer=34 ane_groups=0 ane_refs=0 gpu_i8_groups=0 gpu_i8_refs=0 fp32_groups=0 ane_min_refs=256 concurrent=1 ane_pipeline=1 output_queue=4 async_ane=0 gpu_overlap=0 finishes=0 waits=0
ds4: Flash-MoE overlap plan layer=34 exec_groups=173 planned_ane_groups=0 planned_ane_refs=0 planned_gpu_groups=173 planned_gpu_refs=1386 tail_gpu_groups=0 tail_gpu_refs=0 planned_ssd_groups=173 est_gpu=12458.0 est_ane=0.0 est_idle=100.00% wall=64.964 ms actual_ane_groups=0 actual_ane_refs=0 actual_gpu_groups=0 actual_gpu_refs=0 finishes=0 waits=0 overlap_gpu_groups=0
ds4: Flash-MoE async pread canceled queued=0 reading=1 ready=3272 finished=1
ds4: gpu chunked prefill pos=8192 tokens=231 layer 34 encode=81.344 ms execute=0.933 ms
ds4: Flash-MoE prefill layer=35 tokens=231 unique=177 refs=1386 sync=5.410 ms plan=0.327 ms stage/compute=66.854 ms misses=177
ds4: Flash-MoE hybrid prefill layer=35 ane_groups=0 ane_refs=0 gpu_i8_groups=0 gpu_i8_refs=0 fp32_groups=0 ane_min_refs=256 concurrent=1 ane_pipeline=1 output_queue=4 async_ane=0 gpu_overlap=0 finishes=0 waits=0
ds4: Flash-MoE overlap plan layer=35 exec_groups=177 planned_ane_groups=0 planned_ane_refs=0 planned_gpu_groups=177 planned_gpu_refs=1386 tail_gpu_groups=0 tail_gpu_refs=0 planned_ssd_groups=177 est_gpu=12714.0 est_ane=0.0 est_idle=100.00% wall=66.638 ms actual_ane_groups=0 actual_ane_refs=0 actual_gpu_groups=0 actual_gpu_refs=0 finishes=0 waits=0 overlap_gpu_groups=0
ds4: Flash-MoE async pread canceled queued=0 reading=1 ready=3288 finished=1
ds4: gpu chunked prefill pos=8192 tokens=231 layer 35 encode=73.090 ms execute=0.913 ms
ds4: Flash-MoE prefill layer=36 tokens=231 unique=178 refs=1386 sync=14.520 ms plan=0.345 ms stage/compute=68.093 ms misses=178
ds4: Flash-MoE hybrid prefill layer=36 ane_groups=0 ane_refs=0 gpu_i8_groups=0 gpu_i8_refs=0 fp32_groups=0 ane_min_refs=256 concurrent=1 ane_pipeline=1 output_queue=4 async_ane=0 gpu_overlap=0 finishes=0 waits=0
ds4: Flash-MoE overlap plan layer=36 exec_groups=178 planned_ane_groups=0 planned_ane_refs=0 planned_gpu_groups=178 planned_gpu_refs=1386 tail_gpu_groups=0 tail_gpu_refs=0 planned_ssd_groups=178 est_gpu=12778.0 est_ane=0.0 est_idle=100.00% wall=67.882 ms actual_ane_groups=0 actual_ane_refs=0 actual_gpu_groups=0 actual_gpu_refs=0 finishes=0 waits=0 overlap_gpu_groups=0
ds4: Flash-MoE async pread canceled queued=0 reading=1 ready=3304 finished=1
ds4: gpu chunked prefill pos=8192 tokens=231 layer 36 encode=83.905 ms execute=0.989 ms
ds4: Flash-MoE prefill layer=37 tokens=231 unique=167 refs=1386 sync=5.415 ms plan=0.358 ms stage/compute=63.398 ms misses=167
ds4: Flash-MoE hybrid prefill layer=37 ane_groups=0 ane_refs=0 gpu_i8_groups=0 gpu_i8_refs=0 fp32_groups=0 ane_min_refs=256 concurrent=1 ane_pipeline=1 output_queue=4 async_ane=0 gpu_overlap=0 finishes=0 waits=0
ds4: Flash-MoE overlap plan layer=37 exec_groups=167 planned_ane_groups=0 planned_ane_refs=0 planned_gpu_groups=167 planned_gpu_refs=1386 tail_gpu_groups=0 tail_gpu_refs=0 planned_ssd_groups=167 est_gpu=12074.0 est_ane=0.0 est_idle=100.00% wall=63.174 ms actual_ane_groups=0 actual_ane_refs=0 actual_gpu_groups=0 actual_gpu_refs=0 finishes=0 waits=0 overlap_gpu_groups=0
ds4: Flash-MoE async pread canceled queued=0 reading=1 ready=3318 finished=1
ds4: gpu chunked prefill pos=8192 tokens=231 layer 37 encode=69.727 ms execute=0.938 ms
ds4: Flash-MoE prefill layer=38 tokens=231 unique=184 refs=1386 sync=14.567 ms plan=0.348 ms stage/compute=70.222 ms misses=184
ds4: Flash-MoE hybrid prefill layer=38 ane_groups=0 ane_refs=0 gpu_i8_groups=0 gpu_i8_refs=0 fp32_groups=0 ane_min_refs=256 concurrent=1 ane_pipeline=1 output_queue=4 async_ane=0 gpu_overlap=0 finishes=0 waits=0
ds4: Flash-MoE overlap plan layer=38 exec_groups=184 planned_ane_groups=0 planned_ane_refs=0 planned_gpu_groups=184 planned_gpu_refs=1386 tail_gpu_groups=0 tail_gpu_refs=0 planned_ssd_groups=184 est_gpu=13162.0 est_ane=0.0 est_idle=100.00% wall=70.006 ms actual_ane_groups=0 actual_ane_refs=0 actual_gpu_groups=0 actual_gpu_refs=0 finishes=0 waits=0 overlap_gpu_groups=0
ds4: Flash-MoE async pread canceled queued=0 reading=1 ready=3338 finished=1
ds4: gpu chunked prefill pos=8192 tokens=231 layer 38 encode=86.132 ms execute=0.923 ms
ds4: Flash-MoE prefill layer=39 tokens=231 unique=173 refs=1386 sync=5.445 ms plan=0.303 ms stage/compute=66.994 ms misses=173
ds4: Flash-MoE hybrid prefill layer=39 ane_groups=0 ane_refs=0 gpu_i8_groups=0 gpu_i8_refs=0 fp32_groups=0 ane_min_refs=256 concurrent=1 ane_pipeline=1 output_queue=4 async_ane=0 gpu_overlap=0 finishes=0 waits=0
ds4: Flash-MoE overlap plan layer=39 exec_groups=173 planned_ane_groups=0 planned_ane_refs=0 planned_gpu_groups=173 planned_gpu_refs=1386 tail_gpu_groups=0 tail_gpu_refs=0 planned_ssd_groups=173 est_gpu=12458.0 est_ane=0.0 est_idle=100.00% wall=66.782 ms actual_ane_groups=0 actual_ane_refs=0 actual_gpu_groups=0 actual_gpu_refs=0 finishes=0 waits=0 overlap_gpu_groups=0
ds4: Flash-MoE async pread canceled queued=0 reading=1 ready=3352 finished=1
ds4: gpu chunked prefill pos=8192 tokens=231 layer 39 encode=73.258 ms execute=0.910 ms
ds4: Flash-MoE prefill layer=40 tokens=231 unique=126 refs=1386 sync=14.596 ms plan=0.300 ms stage/compute=51.407 ms misses=126
ds4: Flash-MoE hybrid prefill layer=40 ane_groups=0 ane_refs=0 gpu_i8_groups=0 gpu_i8_refs=0 fp32_groups=0 ane_min_refs=256 concurrent=1 ane_pipeline=1 output_queue=4 async_ane=0 gpu_overlap=0 finishes=0 waits=0
ds4: Flash-MoE overlap plan layer=40 exec_groups=126 planned_ane_groups=0 planned_ane_refs=0 planned_gpu_groups=126 planned_gpu_refs=1386 tail_gpu_groups=0 tail_gpu_refs=0 planned_ssd_groups=126 est_gpu=9450.0 est_ane=0.0 est_idle=100.00% wall=51.239 ms actual_ane_groups=0 actual_ane_refs=0 actual_gpu_groups=0 actual_gpu_refs=0 finishes=0 waits=0 overlap_gpu_groups=0
ds4: Flash-MoE async pread canceled queued=0 reading=1 ready=3375 finished=1
ds4: gpu chunked prefill pos=8192 tokens=231 layer 40 encode=67.251 ms execute=0.957 ms
ds4: Flash-MoE prefill layer=41 tokens=231 unique=150 refs=1386 sync=5.416 ms plan=0.292 ms stage/compute=59.866 ms misses=150
ds4: Flash-MoE hybrid prefill layer=41 ane_groups=0 ane_refs=0 gpu_i8_groups=0 gpu_i8_refs=0 fp32_groups=0 ane_min_refs=256 concurrent=1 ane_pipeline=1 output_queue=4 async_ane=0 gpu_overlap=0 finishes=0 waits=0
ds4: Flash-MoE overlap plan layer=41 exec_groups=150 planned_ane_groups=0 planned_ane_refs=0 planned_gpu_groups=150 planned_gpu_refs=1386 tail_gpu_groups=0 tail_gpu_refs=0 planned_ssd_groups=150 est_gpu=10986.0 est_ane=0.0 est_idle=100.00% wall=59.673 ms actual_ane_groups=0 actual_ane_refs=0 actual_gpu_groups=0 actual_gpu_refs=0 finishes=0 waits=0 overlap_gpu_groups=0
ds4: Flash-MoE async pread canceled queued=0 reading=1 ready=3396 finished=1
ds4: gpu chunked prefill pos=8192 tokens=231 layer 41 encode=66.062 ms execute=0.970 ms
ds4: Flash-MoE prefill layer=42 tokens=231 unique=153 refs=1386 sync=14.531 ms plan=0.315 ms stage/compute=60.890 ms misses=153
ds4: Flash-MoE hybrid prefill layer=42 ane_groups=0 ane_refs=0 gpu_i8_groups=0 gpu_i8_refs=0 fp32_groups=0 ane_min_refs=256 concurrent=1 ane_pipeline=1 output_queue=4 async_ane=0 gpu_overlap=0 finishes=0 waits=0
ds4: Flash-MoE overlap plan layer=42 exec_groups=153 planned_ane_groups=0 planned_ane_refs=0 planned_gpu_groups=153 planned_gpu_refs=1386 tail_gpu_groups=0 tail_gpu_refs=0 planned_ssd_groups=153 est_gpu=11178.0 est_ane=0.0 est_idle=100.00% wall=60.699 ms actual_ane_groups=0 actual_ane_refs=0 actual_gpu_groups=0 actual_gpu_refs=0 finishes=0 waits=0 overlap_gpu_groups=0
ds4: Flash-MoE async pread canceled queued=0 reading=1 ready=3418 finished=1
ds4: gpu chunked prefill pos=8192 tokens=231 layer 42 encode=76.775 ms execute=0.897 ms
processing 8423 input tokens: 8423/8423 (100.0%) batch=66.58 t/s avg=159.51 t/s
ds4: gpu chunked prefill start=0 tokens=8423 chunk=1024 encode=51514.795 ms execute=932.499 ms read=0.008 ms total=52480.732 ms
ds4: prefill full: 8423 tokens in 52805.8 ms (159.5 t/s)
We
ds4: ----------------------------------------
ds4: prefill: 159.51 t/s, generation: 1.37 t/s
ds4: Flash-MoE cross-layer prefetch layers=378 experts_queued=18522 (avg=49.0/layer)
ds4: Flash-MoE slot-bank stats hits=0 misses=81957 hit-rate=0.0% resident-slots=258/4257 (6.1%, avg=6.0/layer min=6 max=6 of 99) installed=553209.75 MiB
ds4: Flash-MoE decode prefetch calls=43 loads=258 bytes=1741.50 MiB pread=128.874 ms upload=99.452 ms overlap-flushes=43
ds4: Flash-MoE prefill dedup refs=2173134 unique=81699 saved=2091435 (96.2%) reuse=26.60x
ds4: Flash-MoE prefill stage stats calls=81699 bytes=551468.25 MiB pread=13725.486 ms upload=8990.667 ms gate=2817.302 ms up=2739.987 ms down=3433.378 ms scatter=67.189 ms stage_rate=24276.48 MiB/s pread_rate=40178.41 MiB/s upload_rate=61337.86 MiB/s
ds4: Flash-MoE prefill pread issue stats span=52435.779 ms active=26.18% span_rate=10517.02 MiB/s issue_gap=1047106.338 ms post_stage_gap=8033.878 ms same_layer_issue=1030256.221 ms same_layer_post=16.236 ms cross_layer_issue=16850.117 ms cross_layer_post=8017.642 ms max_issue=187.010 ms max_post=45.536 ms issue_gaps=64073 post_gaps=430 issue_gt1=14041 issue_gt5=12730 issue_gt20=11877 post_gt1=364 post_gt5=321 post_gt20=121
ds4: Flash-MoE prefill pread bucket le16 calls=45541 refs=288518 bytes=307401.75 MiB pread=7746.465 ms issue_gap=730062.316 ms post_stage_gap=27.845 ms pread_rate=39682.84 MiB/s
ds4: Flash-MoE prefill pread bucket le32 calls=16717 refs=393288 bytes=112839.75 MiB pread=2584.568 ms issue_gap=179625.138 ms post_stage_gap=24.668 ms pread_rate=43659.04 MiB/s
ds4: Flash-MoE prefill pread bucket le64 calls=11801 refs=528611 bytes=79656.75 MiB pread=1846.057 ms issue_gap=86343.914 ms post_stage_gap=84.625 ms pread_rate=43149.67 MiB/s
ds4: Flash-MoE prefill pread bucket le128 calls=5409 refs=472695 bytes=36510.75 MiB pread=1084.458 ms issue_gap=27472.441 ms post_stage_gap=864.985 ms pread_rate=33667.28 MiB/s
ds4: Flash-MoE prefill pread bucket le256 calls=1747 refs=299142 bytes=11792.25 MiB pread=373.683 ms issue_gap=9651.027 ms post_stage_gap=860.202 ms pread_rate=31556.83 MiB/s
ds4: Flash-MoE prefill pread bucket le512 calls=405 refs=137280 bytes=2733.75 MiB pread=78.027 ms issue_gap=11103.569 ms post_stage_gap=4569.519 ms pread_rate=35035.95 MiB/s
ds4: Flash-MoE prefill pread bucket gt512 calls=79 refs=53600 bytes=533.25 MiB pread=12.228 ms issue_gap=2847.933 ms post_stage_gap=1602.034 ms pread_rate=43608.93 MiB/s
ds4: ANE prefill stats calls=417 ok=417 skipped_big_refs=0 compile_attempts=1 compile_failures=0 eval_calls=933 eval_failures=0 write_failures=0 reopen_failures=0
ds4: ANE prefill timing dequant=5.695 ms input=0.140 ms ane_eval=2073.237 ms ane_eval_a=2073.237 ms ane_eval_b=0.000 ms ane_eval_c=0.000 ms ane_eval_d=0.000 ms ane_wall_est=2073.237 ms writeback=2.443 ms helper_avg=2.222119 ms ane_calls=933 ane_call_avg=2.222119 ms
ds4: ANE prefill timing2 output_pack=2.302 ms measured_total=2083.817 ms
ds4: ANE prefill timing3 dequant_wait=288.352 ms post_wait=0.000 ms x_zero=8.335 ms x_copy=20.142 ms out_zero=54.403 ms out_f16_copy=29.868 ms output_convert=2.302 ms output_gpu_encode=2.302 ms output_chunks=417 output_elems=699510784 output_convert_rate=303.871 Gelem/s
ds4: ANE prefill timing4 wait_predict=0.000 ms finish_join_ane=3.547 ms finish_join_post=0.000 ms wait_predict_calls=0 finish_calls=417
ds4: ANE prefill chunks refs=170779 padded_refs=238848 pad_util=71.50% le16=49 le64=131 le128=115 full=517
ds4: ANE prefill batch_hist B256=933 refs=170779 util=71.5%
