ds4: context buffers 940.59 MiB (ctx=10000, backend=metal, prefill_chunk=4096, raw_kv_rows=8704, compressed_kv_rows=2502)
ds4: Flash-MoE sidecar loaded: /Users/anemll/Models/flash/dsv4-iq2xxs-expert-major (slot-bank=99, expert-record 6.75 MiB)
ds4: Metal device Apple M5 Max, 128.00 GiB RAM
ds4: Flash-MoE using mmap-backed dense/shared weights without full-model Metal residency warmup
ds4: Metal model views created in 0.367 ms, residency requested in 0.000 ms, warmup 0.000 ms (mapped 8393.67 MiB from offset 5.06 MiB)
ds4: Metal mapped mmaped model as 1 overlapping shared buffers
ds4: metal backend initialized for graph diagnostics
ds4: prefill routed-MoE (requested): mul_mm_id (grouped GPU / ALU)  [grouped path]
ds4: prefill quant scales (ANE env first): w_qscale=512 x_qscale=32 mid_qscale=32 w_scale=0.00195312 x_scale=0.03125 mid_scale=0.03125
ds4: prefill ctx-grow: on, block=2048 tokens
ds4: prefill chunk cap: 4096, graph_raw_cap=8704
ds4: Flash-MoE slot banks allocated: layers=43 slots=99 gpu-bank=28734.75 MiB
ds4: prefill compute: routed experts = ANE i8i8 (W8A8) | dense proj = fp16-NAX (half x half)
ds4: prefill I/O: io-split=4 async-pread=on pread-threads=4 readahead=12 bank-prefetch=3 xlayer=auto<=6k-tok topk=49
ds4: decode  I/O: io-split=4 temporal-prefetch=on slots=99
ds4: Flash-MoE banked kernels using M5 simdgroup_matrix fast path (prefetch=3, banks=4)
ds4: prefill chunk cap EFFECTIVE=4096 tokens (DS4_METAL_PREFILL_CHUNK=4096) (resident-NAX tiles this by scratch_cap; that tile gates the sync bridge)
ds4: ANE i8w-i8x-tiled-fused cached async prefill B=256 H=4096 I=2048 w_scale=0.00195312 x_scale=0.03125 mid_scale=0.03125
processing 8423 input tokens: 0/8423 (0.0%) batch=0.00 t/s avg=0.00 t/s
ds4: Flash-MoE prefill layer=0 tokens=4096 unique=256 refs=24576 sync=90.501 ms plan=0.744 ms stage/compute=228.809 ms misses=256
ds4: Flash-MoE hybrid prefill layer=0 ane_groups=0 ane_refs=0 gpu_i8_groups=0 gpu_i8_refs=0 fp32_groups=0 ane_min_refs=512 concurrent=1 ane_pipeline=1 output_queue=4 async_ane=0 gpu_overlap=0 finishes=0 waits=0
ds4: Flash-MoE overlap plan layer=0 exec_groups=256 planned_ane_groups=0 planned_ane_refs=0 planned_gpu_groups=256 planned_gpu_refs=24576 tail_gpu_groups=0 tail_gpu_refs=0 planned_ssd_groups=256 est_gpu=40960.0 est_ane=0.0 est_idle=100.00% wall=225.090 ms actual_ane_groups=0 actual_ane_refs=0 actual_gpu_groups=0 actual_gpu_refs=0 finishes=0 waits=0 overlap_gpu_groups=0
ds4: gpu chunked prefill pos=0 tokens=4096 layer 0 encode=325.533 ms execute=18.899 ms
ds4: Flash-MoE prefill layer=1 tokens=4096 unique=256 refs=24576 sync=45.369 ms plan=0.305 ms stage/compute=219.141 ms misses=256
ds4: Flash-MoE hybrid prefill layer=1 ane_groups=0 ane_refs=0 gpu_i8_groups=0 gpu_i8_refs=0 fp32_groups=0 ane_min_refs=512 concurrent=1 ane_pipeline=1 output_queue=4 async_ane=0 gpu_overlap=0 finishes=0 waits=0
ds4: Flash-MoE overlap plan layer=1 exec_groups=256 planned_ane_groups=0 planned_ane_refs=0 planned_gpu_groups=256 planned_gpu_refs=24576 tail_gpu_groups=0 tail_gpu_refs=0 planned_ssd_groups=256 est_gpu=40960.0 est_ane=0.0 est_idle=100.00% wall=218.300 ms actual_ane_groups=0 actual_ane_refs=0 actual_gpu_groups=0 actual_gpu_refs=0 finishes=0 waits=0 overlap_gpu_groups=0
ds4: gpu chunked prefill pos=0 tokens=4096 layer 1 encode=269.040 ms execute=9.425 ms
ds4: Flash-MoE prefill layer=2 tokens=4096 unique=256 refs=24576 sync=130.110 ms plan=0.340 ms stage/compute=216.200 ms misses=256
ds4: Flash-MoE hybrid prefill layer=2 ane_groups=0 ane_refs=0 gpu_i8_groups=0 gpu_i8_refs=0 fp32_groups=0 ane_min_refs=512 concurrent=1 ane_pipeline=1 output_queue=4 async_ane=0 gpu_overlap=0 finishes=0 waits=0
ds4: Flash-MoE overlap plan layer=2 exec_groups=256 planned_ane_groups=0 planned_ane_refs=0 planned_gpu_groups=256 planned_gpu_refs=24576 tail_gpu_groups=0 tail_gpu_refs=0 planned_ssd_groups=256 est_gpu=40960.0 est_ane=0.0 est_idle=100.00% wall=215.389 ms actual_ane_groups=0 actual_ane_refs=0 actual_gpu_groups=0 actual_gpu_refs=0 finishes=0 waits=0 overlap_gpu_groups=0
ds4: gpu chunked prefill pos=0 tokens=4096 layer 2 encode=347.708 ms execute=9.457 ms
ds4: Flash-MoE prefill layer=3 tokens=4096 unique=241 refs=24576 sync=52.881 ms plan=0.361 ms stage/compute=197.097 ms misses=241
ds4: Flash-MoE hybrid prefill layer=3 ane_groups=3 ane_refs=3629 gpu_i8_groups=0 gpu_i8_refs=0 fp32_groups=0 ane_min_refs=512 concurrent=1 ane_pipeline=1 output_queue=4 async_ane=3 gpu_overlap=238 finishes=3 waits=6
ds4: Flash-MoE overlap plan layer=3 exec_groups=241 planned_ane_groups=3 planned_ane_refs=3629 planned_gpu_groups=238 planned_gpu_refs=20947 tail_gpu_groups=0 tail_gpu_refs=0 planned_ssd_groups=241 est_gpu=36179.0 est_ane=521.4 est_idle=98.56% wall=196.378 ms actual_ane_groups=3 actual_ane_refs=3629 actual_gpu_groups=0 actual_gpu_refs=0 finishes=3 waits=6 overlap_gpu_groups=238
ds4: Flash-MoE async pread canceled queued=0 reading=0 ready=3 finished=0
ds4: gpu chunked prefill pos=0 tokens=4096 layer 3 encode=254.874 ms execute=9.645 ms
ds4: Flash-MoE prefill layer=4 tokens=4096 unique=236 refs=24576 sync=125.001 ms plan=0.362 ms stage/compute=194.353 ms misses=236
ds4: Flash-MoE hybrid prefill layer=4 ane_groups=7 ane_refs=5463 gpu_i8_groups=0 gpu_i8_refs=0 fp32_groups=0 ane_min_refs=512 concurrent=1 ane_pipeline=1 output_queue=4 async_ane=7 gpu_overlap=229 finishes=7 waits=14
ds4: Flash-MoE overlap plan layer=4 exec_groups=236 planned_ane_groups=7 planned_ane_refs=5463 planned_gpu_groups=229 planned_gpu_refs=19113 tail_gpu_groups=0 tail_gpu_refs=0 planned_ssd_groups=236 est_gpu=33769.0 est_ane=1187.2 est_idle=96.48% wall=193.620 ms actual_ane_groups=7 actual_ane_refs=5463 actual_gpu_groups=0 actual_gpu_refs=0 finishes=7 waits=14 overlap_gpu_groups=229
ds4: Flash-MoE async pread canceled queued=0 reading=0 ready=6 finished=0
ds4: gpu chunked prefill pos=0 tokens=4096 layer 4 encode=320.322 ms execute=9.377 ms
ds4: Flash-MoE prefill layer=5 tokens=4096 unique=248 refs=24576 sync=52.783 ms plan=0.390 ms stage/compute=194.065 ms misses=248
ds4: Flash-MoE hybrid prefill layer=5 ane_groups=3 ane_refs=4056 gpu_i8_groups=0 gpu_i8_refs=0 fp32_groups=0 ane_min_refs=512 concurrent=1 ane_pipeline=1 output_queue=4 async_ane=3 gpu_overlap=245 finishes=3 waits=6
ds4: Flash-MoE overlap plan layer=5 exec_groups=248 planned_ane_groups=3 planned_ane_refs=4056 planned_gpu_groups=245 planned_gpu_refs=20520 tail_gpu_groups=0 tail_gpu_refs=0 planned_ssd_groups=248 est_gpu=36200.0 est_ane=524.0 est_idle=98.55% wall=193.308 ms actual_ane_groups=3 actual_ane_refs=4056 actual_gpu_groups=0 actual_gpu_refs=0 finishes=3 waits=6 overlap_gpu_groups=245
ds4: Flash-MoE async pread canceled queued=0 reading=0 ready=7 finished=0
ds4: gpu chunked prefill pos=0 tokens=4096 layer 5 encode=251.428 ms execute=9.910 ms
ds4: Flash-MoE prefill layer=6 tokens=4096 unique=241 refs=24576 sync=126.431 ms plan=0.326 ms stage/compute=190.471 ms misses=241
ds4: Flash-MoE hybrid prefill layer=6 ane_groups=4 ane_refs=4432 gpu_i8_groups=0 gpu_i8_refs=0 fp32_groups=0 ane_min_refs=512 concurrent=1 ane_pipeline=1 output_queue=4 async_ane=4 gpu_overlap=237 finishes=4 waits=8
ds4: Flash-MoE overlap plan layer=6 exec_groups=241 planned_ane_groups=4 planned_ane_refs=4432 planned_gpu_groups=237 planned_gpu_refs=20144 tail_gpu_groups=0 tail_gpu_refs=0 planned_ssd_groups=241 est_gpu=35312.0 est_ane=689.1 est_idle=98.05% wall=189.719 ms actual_ane_groups=4 actual_ane_refs=4432 actual_gpu_groups=0 actual_gpu_refs=0 finishes=4 waits=8 overlap_gpu_groups=237
ds4: Flash-MoE async pread canceled queued=0 reading=0 ready=9 finished=0
ds4: gpu chunked prefill pos=0 tokens=4096 layer 6 encode=317.812 ms execute=9.620 ms
ds4: Flash-MoE prefill layer=7 tokens=4096 unique=246 refs=24576 sync=53.021 ms plan=0.314 ms stage/compute=180.159 ms misses=246
ds4: Flash-MoE hybrid prefill layer=7 ane_groups=5 ane_refs=8218 gpu_i8_groups=0 gpu_i8_refs=0 fp32_groups=0 ane_min_refs=512 concurrent=1 ane_pipeline=1 output_queue=4 async_ane=5 gpu_overlap=241 finishes=5 waits=10
ds4: Flash-MoE overlap plan layer=7 exec_groups=246 planned_ane_groups=5 planned_ane_refs=8218 planned_gpu_groups=241 planned_gpu_refs=16358 tail_gpu_groups=0 tail_gpu_refs=0 planned_ssd_groups=246 est_gpu=31782.0 est_ane=887.9 est_idle=97.21% wall=179.336 ms actual_ane_groups=5 actual_ane_refs=8218 actual_gpu_groups=0 actual_gpu_refs=0 finishes=5 waits=10 overlap_gpu_groups=241
ds4: Flash-MoE async pread canceled queued=0 reading=0 ready=11 finished=0
ds4: gpu chunked prefill pos=0 tokens=4096 layer 7 encode=237.925 ms execute=9.981 ms
ds4: Flash-MoE prefill layer=8 tokens=4096 unique=241 refs=24576 sync=125.497 ms plan=0.382 ms stage/compute=206.441 ms misses=241
ds4: Flash-MoE hybrid prefill layer=8 ane_groups=7 ane_refs=8380 gpu_i8_groups=0 gpu_i8_refs=0 fp32_groups=0 ane_min_refs=512 concurrent=1 ane_pipeline=1 output_queue=4 async_ane=7 gpu_overlap=234 finishes=7 waits=14
ds4: Flash-MoE overlap plan layer=8 exec_groups=241 planned_ane_groups=7 planned_ane_refs=8380 planned_gpu_groups=234 planned_gpu_refs=16196 tail_gpu_groups=0 tail_gpu_refs=0 planned_ssd_groups=241 est_gpu=31172.0 est_ane=1218.3 est_idle=96.09% wall=205.339 ms actual_ane_groups=7 actual_ane_refs=8380 actual_gpu_groups=0 actual_gpu_refs=0 finishes=7 waits=14 overlap_gpu_groups=234
ds4: Flash-MoE async pread canceled queued=0 reading=0 ready=14 finished=0
ds4: gpu chunked prefill pos=0 tokens=4096 layer 8 encode=332.921 ms execute=9.439 ms
ds4: Flash-MoE prefill layer=9 tokens=4096 unique=248 refs=24576 sync=53.249 ms plan=0.314 ms stage/compute=194.464 ms misses=248
ds4: Flash-MoE hybrid prefill layer=9 ane_groups=4 ane_refs=4069 gpu_i8_groups=0 gpu_i8_refs=0 fp32_groups=0 ane_min_refs=512 concurrent=1 ane_pipeline=1 output_queue=4 async_ane=4 gpu_overlap=244 finishes=4 waits=8
ds4: Flash-MoE overlap plan layer=9 exec_groups=248 planned_ane_groups=4 planned_ane_refs=4069 planned_gpu_groups=244 planned_gpu_refs=20507 tail_gpu_groups=0 tail_gpu_refs=0 planned_ssd_groups=248 est_gpu=36123.0 est_ane=689.1 est_idle=98.09% wall=193.642 ms actual_ane_groups=4 actual_ane_refs=4069 actual_gpu_groups=0 actual_gpu_refs=0 finishes=4 waits=8 overlap_gpu_groups=244
ds4: Flash-MoE async pread canceled queued=0 reading=0 ready=15 finished=0
ds4: gpu chunked prefill pos=0 tokens=4096 layer 9 encode=251.961 ms execute=9.658 ms
ds4: Flash-MoE prefill layer=10 tokens=4096 unique=242 refs=24576 sync=126.922 ms plan=0.348 ms stage/compute=189.995 ms misses=242
ds4: Flash-MoE hybrid prefill layer=10 ane_groups=5 ane_refs=4280 gpu_i8_groups=0 gpu_i8_refs=0 fp32_groups=0 ane_min_refs=512 concurrent=1 ane_pipeline=1 output_queue=4 async_ane=5 gpu_overlap=237 finishes=5 waits=10
ds4: Flash-MoE overlap plan layer=10 exec_groups=242 planned_ane_groups=5 planned_ane_refs=4280 planned_gpu_groups=237 planned_gpu_refs=20296 tail_gpu_groups=0 tail_gpu_refs=0 planned_ssd_groups=242 est_gpu=35464.0 est_ane=846.5 est_idle=97.61% wall=189.214 ms actual_ane_groups=5 actual_ane_refs=4280 actual_gpu_groups=0 actual_gpu_refs=0 finishes=5 waits=10 overlap_gpu_groups=237
ds4: Flash-MoE async pread canceled queued=0 reading=0 ready=21 finished=0
ds4: gpu chunked prefill pos=0 tokens=4096 layer 10 encode=317.759 ms execute=9.598 ms
ds4: Flash-MoE prefill layer=11 tokens=4096 unique=250 refs=24576 sync=52.956 ms plan=0.292 ms stage/compute=189.399 ms misses=250
ds4: Flash-MoE hybrid prefill layer=11 ane_groups=5 ane_refs=4926 gpu_i8_groups=0 gpu_i8_refs=0 fp32_groups=0 ane_min_refs=512 concurrent=1 ane_pipeline=1 output_queue=4 async_ane=5 gpu_overlap=245 finishes=5 waits=10
ds4: Flash-MoE overlap plan layer=11 exec_groups=250 planned_ane_groups=5 planned_ane_refs=4926 planned_gpu_groups=245 planned_gpu_refs=19650 tail_gpu_groups=0 tail_gpu_refs=0 planned_ssd_groups=250 est_gpu=35330.0 est_ane=856.9 est_idle=97.57% wall=188.607 ms actual_ane_groups=5 actual_ane_refs=4926 actual_gpu_groups=0 actual_gpu_refs=0 finishes=5 waits=10 overlap_gpu_groups=245
ds4: Flash-MoE async pread canceled queued=0 reading=0 ready=22 finished=0
ds4: gpu chunked prefill pos=0 tokens=4096 layer 11 encode=246.725 ms execute=9.708 ms
ds4: Flash-MoE prefill layer=12 tokens=4096 unique=230 refs=24576 sync=125.031 ms plan=0.316 ms stage/compute=182.928 ms misses=230
ds4: Flash-MoE hybrid prefill layer=12 ane_groups=7 ane_refs=5777 gpu_i8_groups=0 gpu_i8_refs=0 fp32_groups=0 ane_min_refs=512 concurrent=1 ane_pipeline=1 output_queue=4 async_ane=7 gpu_overlap=223 finishes=7 waits=14
ds4: Flash-MoE overlap plan layer=12 exec_groups=230 planned_ane_groups=7 planned_ane_refs=5777 planned_gpu_groups=223 planned_gpu_refs=18799 tail_gpu_groups=0 tail_gpu_refs=0 planned_ssd_groups=230 est_gpu=33071.0 est_ane=1189.8 est_idle=96.40% wall=182.174 ms actual_ane_groups=7 actual_ane_refs=5777 actual_gpu_groups=0 actual_gpu_refs=0 finishes=7 waits=14 overlap_gpu_groups=223
ds4: Flash-MoE async pread canceled queued=0 reading=0 ready=28 finished=0
ds4: gpu chunked prefill pos=0 tokens=4096 layer 12 encode=308.783 ms execute=9.412 ms
ds4: Flash-MoE prefill layer=13 tokens=4096 unique=237 refs=24576 sync=53.328 ms plan=0.301 ms stage/compute=195.558 ms misses=237
ds4: Flash-MoE hybrid prefill layer=13 ane_groups=7 ane_refs=8050 gpu_i8_groups=0 gpu_i8_refs=0 fp32_groups=0 ane_min_refs=512 concurrent=1 ane_pipeline=1 output_queue=4 async_ane=7 gpu_overlap=230 finishes=7 waits=14
ds4: Flash-MoE overlap plan layer=13 exec_groups=237 planned_ane_groups=7 planned_ane_refs=8050 planned_gpu_groups=230 planned_gpu_refs=16526 tail_gpu_groups=0 tail_gpu_refs=0 planned_ssd_groups=237 est_gpu=31246.0 est_ane=1213.1 est_idle=96.12% wall=194.692 ms actual_ane_groups=7 actual_ane_refs=8050 actual_gpu_groups=0 actual_gpu_refs=0 finishes=7 waits=14 overlap_gpu_groups=230
ds4: Flash-MoE async pread canceled queued=0 reading=0 ready=31 finished=0
ds4: gpu chunked prefill pos=0 tokens=4096 layer 13 encode=253.212 ms execute=9.733 ms
ds4: Flash-MoE prefill layer=14 tokens=4096 unique=231 refs=24576 sync=124.936 ms plan=0.348 ms stage/compute=184.700 ms misses=231
ds4: Flash-MoE hybrid prefill layer=14 ane_groups=11 ane_refs=9287 gpu_i8_groups=0 gpu_i8_refs=0 fp32_groups=0 ane_min_refs=512 concurrent=1 ane_pipeline=1 output_queue=4 async_ane=11 gpu_overlap=220 finishes=11 waits=22
ds4: Flash-MoE overlap plan layer=14 exec_groups=231 planned_ane_groups=11 planned_ane_refs=9287 planned_gpu_groups=220 planned_gpu_refs=15289 tail_gpu_groups=0 tail_gpu_refs=0 planned_ssd_groups=231 est_gpu=29369.0 est_ane=1871.2 est_idle=93.63% wall=183.935 ms actual_ane_groups=11 actual_ane_refs=9287 actual_gpu_groups=0 actual_gpu_refs=0 finishes=11 waits=22 overlap_gpu_groups=220
ds4: Flash-MoE async pread canceled queued=0 reading=0 ready=36 finished=0
ds4: gpu chunked prefill pos=0 tokens=4096 layer 14 encode=310.497 ms execute=9.339 ms
ds4: Flash-MoE prefill layer=15 tokens=4096 unique=233 refs=24576 sync=52.760 ms plan=0.366 ms stage/compute=186.809 ms misses=233
ds4: Flash-MoE hybrid prefill layer=15 ane_groups=8 ane_refs=6286 gpu_i8_groups=0 gpu_i8_refs=0 fp32_groups=0 ane_min_refs=512 concurrent=1 ane_pipeline=1 output_queue=4 async_ane=8 gpu_overlap=225 finishes=8 waits=16
ds4: Flash-MoE overlap plan layer=15 exec_groups=233 planned_ane_groups=8 planned_ane_refs=6286 planned_gpu_groups=225 planned_gpu_refs=18290 tail_gpu_groups=0 tail_gpu_refs=0 planned_ssd_groups=233 est_gpu=32690.0 est_ane=1357.6 est_idle=95.85% wall=185.961 ms actual_ane_groups=8 actual_ane_refs=6286 actual_gpu_groups=0 actual_gpu_refs=0 finishes=8 waits=16 overlap_gpu_groups=225
ds4: Flash-MoE async pread canceled queued=0 reading=0 ready=42 finished=0
ds4: gpu chunked prefill pos=0 tokens=4096 layer 15 encode=244.083 ms execute=9.429 ms
ds4: Flash-MoE prefill layer=16 tokens=4096 unique=221 refs=24576 sync=125.055 ms plan=0.335 ms stage/compute=175.762 ms misses=221
ds4: Flash-MoE hybrid prefill layer=16 ane_groups=5 ane_refs=5943 gpu_i8_groups=0 gpu_i8_refs=0 fp32_groups=0 ane_min_refs=512 concurrent=1 ane_pipeline=1 output_queue=4 async_ane=5 gpu_overlap=216 finishes=5 waits=10
ds4: Flash-MoE overlap plan layer=16 exec_groups=221 planned_ane_groups=5 planned_ane_refs=5943 planned_gpu_groups=216 planned_gpu_refs=18633 tail_gpu_groups=0 tail_gpu_refs=0 planned_ssd_groups=221 est_gpu=32457.0 est_ane=867.2 est_idle=97.33% wall=175.034 ms actual_ane_groups=5 actual_ane_refs=5943 actual_gpu_groups=0 actual_gpu_refs=0 finishes=5 waits=10 overlap_gpu_groups=216
ds4: Flash-MoE async pread canceled queued=0 reading=0 ready=50 finished=0
ds4: gpu chunked prefill pos=0 tokens=4096 layer 16 encode=301.688 ms execute=9.807 ms
ds4: Flash-MoE prefill layer=17 tokens=4096 unique=226 refs=24576 sync=53.121 ms plan=0.341 ms stage/compute=181.776 ms misses=226
ds4: Flash-MoE hybrid prefill layer=17 ane_groups=8 ane_refs=7548 gpu_i8_groups=0 gpu_i8_refs=0 fp32_groups=0 ane_min_refs=512 concurrent=1 ane_pipeline=1 output_queue=4 async_ane=8 gpu_overlap=218 finishes=8 waits=16
ds4: Flash-MoE overlap plan layer=17 exec_groups=226 planned_ane_groups=8 planned_ane_refs=7548 planned_gpu_groups=218 planned_gpu_refs=17028 tail_gpu_groups=0 tail_gpu_refs=0 planned_ssd_groups=226 est_gpu=30980.0 est_ane=1365.3 est_idle=95.59% wall=181.022 ms actual_ane_groups=8 actual_ane_refs=7548 actual_gpu_groups=0 actual_gpu_refs=0 finishes=8 waits=16 overlap_gpu_groups=218
ds4: Flash-MoE async pread canceled queued=0 reading=0 ready=53 finished=0
ds4: gpu chunked prefill pos=0 tokens=4096 layer 17 encode=239.433 ms execute=9.519 ms
ds4: Flash-MoE prefill layer=18 tokens=4096 unique=229 refs=24576 sync=125.921 ms plan=0.361 ms stage/compute=183.787 ms misses=229
ds4: Flash-MoE hybrid prefill layer=18 ane_groups=9 ane_refs=8979 gpu_i8_groups=0 gpu_i8_refs=0 fp32_groups=0 ane_min_refs=512 concurrent=1 ane_pipeline=1 output_queue=4 async_ane=9 gpu_overlap=220 finishes=9 waits=18
ds4: Flash-MoE overlap plan layer=18 exec_groups=229 planned_ane_groups=9 planned_ane_refs=8979 planned_gpu_groups=220 planned_gpu_refs=15597 tail_gpu_groups=0 tail_gpu_refs=0 planned_ssd_groups=229 est_gpu=29677.0 est_ane=1540.8 est_idle=94.81% wall=182.781 ms actual_ane_groups=9 actual_ane_refs=8979 actual_gpu_groups=0 actual_gpu_refs=0 finishes=9 waits=18 overlap_gpu_groups=220
ds4: Flash-MoE async pread canceled queued=0 reading=0 ready=60 finished=0
ds4: gpu chunked prefill pos=0 tokens=4096 layer 18 encode=310.552 ms execute=9.577 ms
ds4: Flash-MoE prefill layer=19 tokens=4096 unique=238 refs=24576 sync=53.488 ms plan=0.320 ms stage/compute=197.953 ms misses=238
ds4: Flash-MoE hybrid prefill layer=19 ane_groups=3 ane_refs=2066 gpu_i8_groups=0 gpu_i8_refs=0 fp32_groups=0 ane_min_refs=512 concurrent=1 ane_pipeline=1 output_queue=4 async_ane=3 gpu_overlap=235 finishes=3 waits=6
ds4: Flash-MoE overlap plan layer=19 exec_groups=238 planned_ane_groups=3 planned_ane_refs=2066 planned_gpu_groups=235 planned_gpu_refs=22510 tail_gpu_groups=0 tail_gpu_refs=0 planned_ssd_groups=238 est_gpu=37550.0 est_ane=505.9 est_idle=98.65% wall=197.128 ms actual_ane_groups=3 actual_ane_refs=2066 actual_gpu_groups=0 actual_gpu_refs=0 finishes=3 waits=6 overlap_gpu_groups=235
ds4: Flash-MoE async pread canceled queued=0 reading=0 ready=61 finished=0
ds4: gpu chunked prefill pos=0 tokens=4096 layer 19 encode=255.900 ms execute=9.336 ms
ds4: Flash-MoE prefill layer=20 tokens=4096 unique=228 refs=24576 sync=125.124 ms plan=0.377 ms stage/compute=187.750 ms misses=228
ds4: Flash-MoE hybrid prefill layer=20 ane_groups=8 ane_refs=6645 gpu_i8_groups=0 gpu_i8_refs=0 fp32_groups=0 ane_min_refs=512 concurrent=1 ane_pipeline=1 output_queue=4 async_ane=8 gpu_overlap=220 finishes=8 waits=16
ds4: Flash-MoE overlap plan layer=20 exec_groups=228 planned_ane_groups=8 planned_ane_refs=6645 planned_gpu_groups=220 planned_gpu_refs=17931 tail_gpu_groups=0 tail_gpu_refs=0 planned_ssd_groups=228 est_gpu=32011.0 est_ane=1357.6 est_idle=95.76% wall=186.951 ms actual_ane_groups=8 actual_ane_refs=6645 actual_gpu_groups=0 actual_gpu_refs=0 finishes=8 waits=16 overlap_gpu_groups=220
ds4: Flash-MoE async pread canceled queued=0 reading=0 ready=67 finished=0
ds4: gpu chunked prefill pos=0 tokens=4096 layer 20 encode=313.766 ms execute=9.360 ms
ds4: Flash-MoE prefill layer=21 tokens=4096 unique=228 refs=24576 sync=53.161 ms plan=0.360 ms stage/compute=188.217 ms misses=228
ds4: Flash-MoE hybrid prefill layer=21 ane_groups=4 ane_refs=2792 gpu_i8_groups=0 gpu_i8_refs=0 fp32_groups=0 ane_min_refs=512 concurrent=1 ane_pipeline=1 output_queue=4 async_ane=4 gpu_overlap=224 finishes=4 waits=8
ds4: Flash-MoE overlap plan layer=21 exec_groups=228 planned_ane_groups=4 planned_ane_refs=2792 planned_gpu_groups=224 planned_gpu_refs=21784 tail_gpu_groups=0 tail_gpu_refs=0 planned_ssd_groups=228 est_gpu=36120.0 est_ane=673.6 est_idle=98.14% wall=187.460 ms actual_ane_groups=4 actual_ane_refs=2792 actual_gpu_groups=0 actual_gpu_refs=0 finishes=4 waits=8 overlap_gpu_groups=224
ds4: Flash-MoE async pread canceled queued=0 reading=0 ready=71 finished=0
ds4: gpu chunked prefill pos=0 tokens=4096 layer 21 encode=245.769 ms execute=9.572 ms
ds4: Flash-MoE prefill layer=22 tokens=4096 unique=233 refs=24576 sync=125.151 ms plan=0.311 ms stage/compute=180.460 ms misses=233
ds4: Flash-MoE hybrid prefill layer=22 ane_groups=10 ane_refs=6695 gpu_i8_groups=0 gpu_i8_refs=0 fp32_groups=0 ane_min_refs=512 concurrent=1 ane_pipeline=1 output_queue=4 async_ane=10 gpu_overlap=223 finishes=10 waits=20
ds4: Flash-MoE overlap plan layer=22 exec_groups=233 planned_ane_groups=10 planned_ane_refs=6695 planned_gpu_groups=223 planned_gpu_refs=17881 tail_gpu_groups=0 tail_gpu_refs=0 planned_ssd_groups=233 est_gpu=32153.0 est_ane=1685.3 est_idle=94.76% wall=179.695 ms actual_ane_groups=10 actual_ane_refs=6695 actual_gpu_groups=0 actual_gpu_refs=0 finishes=10 waits=20 overlap_gpu_groups=223
ds4: Flash-MoE async pread canceled queued=0 reading=0 ready=77 finished=0
ds4: gpu chunked prefill pos=0 tokens=4096 layer 22 encode=306.411 ms execute=9.396 ms
ds4: Flash-MoE prefill layer=23 tokens=4096 unique=238 refs=24576 sync=52.640 ms plan=0.402 ms stage/compute=191.617 ms misses=238
ds4: Flash-MoE hybrid prefill layer=23 ane_groups=5 ane_refs=3124 gpu_i8_groups=0 gpu_i8_refs=0 fp32_groups=0 ane_min_refs=512 concurrent=1 ane_pipeline=1 output_queue=4 async_ane=5 gpu_overlap=233 finishes=5 waits=10
ds4: Flash-MoE overlap plan layer=23 exec_groups=238 planned_ane_groups=5 planned_ane_refs=3124 planned_gpu_groups=233 planned_gpu_refs=21452 tail_gpu_groups=0 tail_gpu_refs=0 planned_ssd_groups=238 est_gpu=36364.0 est_ane=841.4 est_idle=97.69% wall=190.848 ms actual_ane_groups=5 actual_ane_refs=3124 actual_gpu_groups=0 actual_gpu_refs=0 finishes=5 waits=10 overlap_gpu_groups=233
ds4: Flash-MoE async pread canceled queued=0 reading=0 ready=81 finished=0
ds4: gpu chunked prefill pos=0 tokens=4096 layer 23 encode=248.598 ms execute=9.451 ms
ds4: Flash-MoE prefill layer=24 tokens=4096 unique=222 refs=24576 sync=125.630 ms plan=0.343 ms stage/compute=183.373 ms misses=222
ds4: Flash-MoE hybrid prefill layer=24 ane_groups=7 ane_refs=6391 gpu_i8_groups=0 gpu_i8_refs=0 fp32_groups=0 ane_min_refs=512 concurrent=1 ane_pipeline=1 output_queue=4 async_ane=7 gpu_overlap=215 finishes=7 waits=14
ds4: Flash-MoE overlap plan layer=24 exec_groups=222 planned_ane_groups=7 planned_ane_refs=6391 planned_gpu_groups=215 planned_gpu_refs=18185 tail_gpu_groups=0 tail_gpu_refs=0 planned_ssd_groups=222 est_gpu=31945.0 est_ane=1195.0 est_idle=96.26% wall=182.572 ms actual_ane_groups=7 actual_ane_refs=6391 actual_gpu_groups=0 actual_gpu_refs=0 finishes=7 waits=14 overlap_gpu_groups=215
ds4: Flash-MoE async pread canceled queued=0 reading=0 ready=81 finished=0
ds4: gpu chunked prefill pos=0 tokens=4096 layer 24 encode=309.835 ms execute=9.499 ms
ds4: Flash-MoE prefill layer=25 tokens=4096 unique=238 refs=24576 sync=52.633 ms plan=0.386 ms stage/compute=190.384 ms misses=238
ds4: Flash-MoE hybrid prefill layer=25 ane_groups=3 ane_refs=3430 gpu_i8_groups=0 gpu_i8_refs=0 fp32_groups=0 ane_min_refs=512 concurrent=1 ane_pipeline=1 output_queue=4 async_ane=3 gpu_overlap=235 finishes=3 waits=6
ds4: Flash-MoE overlap plan layer=25 exec_groups=238 planned_ane_groups=3 planned_ane_refs=3430 planned_gpu_groups=235 planned_gpu_refs=21146 tail_gpu_groups=0 tail_gpu_refs=0 planned_ssd_groups=238 est_gpu=36186.0 est_ane=516.2 est_idle=98.57% wall=189.636 ms actual_ane_groups=3 actual_ane_refs=3430 actual_gpu_groups=0 actual_gpu_refs=0 finishes=3 waits=6 overlap_gpu_groups=235
ds4: Flash-MoE async pread canceled queued=0 reading=0 ready=88 finished=0
ds4: gpu chunked prefill pos=0 tokens=4096 layer 25 encode=247.574 ms execute=9.601 ms
ds4: Flash-MoE prefill layer=26 tokens=4096 unique=226 refs=24576 sync=124.844 ms plan=0.385 ms stage/compute=176.480 ms misses=226
ds4: Flash-MoE hybrid prefill layer=26 ane_groups=4 ane_refs=5207 gpu_i8_groups=0 gpu_i8_refs=0 fp32_groups=0 ane_min_refs=512 concurrent=1 ane_pipeline=1 output_queue=4 async_ane=4 gpu_overlap=222 finishes=4 waits=8
ds4: Flash-MoE overlap plan layer=26 exec_groups=226 planned_ane_groups=4 planned_ane_refs=5207 planned_gpu_groups=222 planned_gpu_refs=19369 tail_gpu_groups=0 tail_gpu_refs=0 planned_ssd_groups=226 est_gpu=33577.0 est_ane=696.9 est_idle=97.92% wall=175.755 ms actual_ane_groups=4 actual_ane_refs=5207 actual_gpu_groups=0 actual_gpu_refs=0 finishes=4 waits=8 overlap_gpu_groups=222
ds4: Flash-MoE async pread canceled queued=0 reading=0 ready=91 finished=0
ds4: gpu chunked prefill pos=0 tokens=4096 layer 26 encode=302.217 ms execute=9.854 ms
ds4: Flash-MoE prefill layer=27 tokens=4096 unique=237 refs=24576 sync=52.947 ms plan=0.311 ms stage/compute=189.906 ms misses=237
ds4: Flash-MoE hybrid prefill layer=27 ane_groups=3 ane_refs=3433 gpu_i8_groups=0 gpu_i8_refs=0 fp32_groups=0 ane_min_refs=512 concurrent=1 ane_pipeline=1 output_queue=4 async_ane=3 gpu_overlap=234 finishes=3 waits=6
ds4: Flash-MoE overlap plan layer=27 exec_groups=237 planned_ane_groups=3 planned_ane_refs=3433 planned_gpu_groups=234 planned_gpu_refs=21143 tail_gpu_groups=0 tail_gpu_refs=0 planned_ssd_groups=237 est_gpu=36119.0 est_ane=518.8 est_idle=98.56% wall=189.135 ms actual_ane_groups=3 actual_ane_refs=3433 actual_gpu_groups=0 actual_gpu_refs=0 finishes=3 waits=6 overlap_gpu_groups=234
ds4: Flash-MoE async pread canceled queued=0 reading=0 ready=96 finished=0
ds4: gpu chunked prefill pos=0 tokens=4096 layer 27 encode=247.423 ms execute=9.641 ms
ds4: Flash-MoE prefill layer=28 tokens=4096 unique=226 refs=24576 sync=125.167 ms plan=0.378 ms stage/compute=185.690 ms misses=226
ds4: Flash-MoE hybrid prefill layer=28 ane_groups=3 ane_refs=3555 gpu_i8_groups=0 gpu_i8_refs=0 fp32_groups=0 ane_min_refs=512 concurrent=1 ane_pipeline=1 output_queue=4 async_ane=3 gpu_overlap=223 finishes=3 waits=6
ds4: Flash-MoE overlap plan layer=28 exec_groups=226 planned_ane_groups=3 planned_ane_refs=3555 planned_gpu_groups=223 planned_gpu_refs=21021 tail_gpu_groups=0 tail_gpu_refs=0 planned_ssd_groups=226 est_gpu=35293.0 est_ane=518.8 est_idle=98.53% wall=184.967 ms actual_ane_groups=3 actual_ane_refs=3555 actual_gpu_groups=0 actual_gpu_refs=0 finishes=3 waits=6 overlap_gpu_groups=223
ds4: Flash-MoE async pread canceled queued=0 reading=0 ready=107 finished=0
ds4: gpu chunked prefill pos=0 tokens=4096 layer 28 encode=311.736 ms execute=9.554 ms
ds4: Flash-MoE prefill layer=29 tokens=4096 unique=232 refs=24576 sync=53.165 ms plan=0.327 ms stage/compute=181.983 ms misses=232
ds4: Flash-MoE hybrid prefill layer=29 ane_groups=4 ane_refs=4923 gpu_i8_groups=0 gpu_i8_refs=0 fp32_groups=0 ane_min_refs=512 concurrent=1 ane_pipeline=1 output_queue=4 async_ane=4 gpu_overlap=228 finishes=4 waits=8
ds4: Flash-MoE overlap plan layer=29 exec_groups=232 planned_ane_groups=4 planned_ane_refs=4923 planned_gpu_groups=228 planned_gpu_refs=19653 tail_gpu_groups=0 tail_gpu_refs=0 planned_ssd_groups=232 est_gpu=34245.0 est_ane=694.3 est_idle=97.97% wall=181.224 ms actual_ane_groups=4 actual_ane_refs=4923 actual_gpu_groups=0 actual_gpu_refs=0 finishes=4 waits=8 overlap_gpu_groups=228
ds4: Flash-MoE async pread canceled queued=0 reading=0 ready=112 finished=0
ds4: gpu chunked prefill pos=0 tokens=4096 layer 29 encode=239.443 ms execute=9.725 ms
ds4: Flash-MoE prefill layer=30 tokens=4096 unique=237 refs=24576 sync=125.730 ms plan=0.335 ms stage/compute=189.443 ms misses=237
ds4: Flash-MoE hybrid prefill layer=30 ane_groups=7 ane_refs=4743 gpu_i8_groups=0 gpu_i8_refs=0 fp32_groups=0 ane_min_refs=512 concurrent=1 ane_pipeline=1 output_queue=4 async_ane=7 gpu_overlap=230 finishes=7 waits=14
ds4: Flash-MoE overlap plan layer=30 exec_groups=237 planned_ane_groups=7 planned_ane_refs=4743 planned_gpu_groups=230 planned_gpu_refs=19833 tail_gpu_groups=0 tail_gpu_refs=0 planned_ssd_groups=237 est_gpu=34553.0 est_ane=1179.5 est_idle=96.59% wall=188.681 ms actual_ane_groups=7 actual_ane_refs=4743 actual_gpu_groups=0 actual_gpu_refs=0 finishes=7 waits=14 overlap_gpu_groups=230
ds4: Flash-MoE async pread canceled queued=0 reading=0 ready=118 finished=0
ds4: gpu chunked prefill pos=0 tokens=4096 layer 30 encode=316.033 ms execute=9.294 ms
ds4: Flash-MoE prefill layer=31 tokens=4096 unique=241 refs=24576 sync=52.823 ms plan=0.334 ms stage/compute=190.398 ms misses=241
ds4: Flash-MoE hybrid prefill layer=31 ane_groups=6 ane_refs=4878 gpu_i8_groups=0 gpu_i8_refs=0 fp32_groups=0 ane_min_refs=512 concurrent=1 ane_pipeline=1 output_queue=4 async_ane=6 gpu_overlap=235 finishes=6 waits=12
ds4: Flash-MoE overlap plan layer=31 exec_groups=241 planned_ane_groups=6 planned_ane_refs=4878 planned_gpu_groups=235 planned_gpu_refs=19698 tail_gpu_groups=0 tail_gpu_refs=0 planned_ssd_groups=241 est_gpu=34738.0 est_ane=1019.5 est_idle=97.07% wall=189.538 ms actual_ane_groups=6 actual_ane_refs=4878 actual_gpu_groups=0 actual_gpu_refs=0 finishes=6 waits=12 overlap_gpu_groups=235
ds4: Flash-MoE async pread canceled queued=0 reading=0 ready=119 finished=0
ds4: gpu chunked prefill pos=0 tokens=4096 layer 31 encode=247.556 ms execute=9.469 ms
ds4: Flash-MoE prefill layer=32 tokens=4096 unique=229 refs=24576 sync=124.989 ms plan=0.312 ms stage/compute=183.136 ms misses=229
ds4: Flash-MoE hybrid prefill layer=32 ane_groups=6 ane_refs=4858 gpu_i8_groups=0 gpu_i8_refs=0 fp32_groups=0 ane_min_refs=512 concurrent=1 ane_pipeline=1 output_queue=4 async_ane=6 gpu_overlap=223 finishes=6 waits=12
ds4: Flash-MoE overlap plan layer=32 exec_groups=229 planned_ane_groups=6 planned_ane_refs=4858 planned_gpu_groups=223 planned_gpu_refs=19718 tail_gpu_groups=0 tail_gpu_refs=0 planned_ssd_groups=229 est_gpu=33990.0 est_ane=1019.5 est_idle=97.00% wall=182.390 ms actual_ane_groups=6 actual_ane_refs=4858 actual_gpu_groups=0 actual_gpu_refs=0 finishes=6 waits=12 overlap_gpu_groups=223
ds4: Flash-MoE async pread canceled queued=0 reading=0 ready=125 finished=0
ds4: gpu chunked prefill pos=0 tokens=4096 layer 32 encode=308.942 ms execute=9.553 ms
ds4: Flash-MoE prefill layer=33 tokens=4096 unique=233 refs=24576 sync=53.036 ms plan=0.337 ms stage/compute=184.996 ms misses=233
ds4: Flash-MoE hybrid prefill layer=33 ane_groups=5 ane_refs=4427 gpu_i8_groups=0 gpu_i8_refs=0 fp32_groups=0 ane_min_refs=512 concurrent=1 ane_pipeline=1 output_queue=4 async_ane=5 gpu_overlap=228 finishes=5 waits=10
ds4: Flash-MoE overlap plan layer=33 exec_groups=233 planned_ane_groups=5 planned_ane_refs=4427 planned_gpu_groups=228 planned_gpu_refs=20149 tail_gpu_groups=0 tail_gpu_refs=0 planned_ssd_groups=233 est_gpu=34741.0 est_ane=851.7 est_idle=97.55% wall=184.156 ms actual_ane_groups=5 actual_ane_refs=4427 actual_gpu_groups=0 actual_gpu_refs=0 finishes=5 waits=10 overlap_gpu_groups=228
ds4: Flash-MoE async pread canceled queued=0 reading=0 ready=130 finished=0
ds4: gpu chunked prefill pos=0 tokens=4096 layer 33 encode=242.406 ms execute=9.617 ms
ds4: Flash-MoE prefill layer=34 tokens=4096 unique=229 refs=24576 sync=125.130 ms plan=0.356 ms stage/compute=194.383 ms misses=229
ds4: Flash-MoE hybrid prefill layer=34 ane_groups=6 ane_refs=6419 gpu_i8_groups=0 gpu_i8_refs=0 fp32_groups=0 ane_min_refs=512 concurrent=1 ane_pipeline=1 output_queue=4 async_ane=6 gpu_overlap=223 finishes=6 waits=12
ds4: Flash-MoE overlap plan layer=34 exec_groups=229 planned_ane_groups=6 planned_ane_refs=6419 planned_gpu_groups=223 planned_gpu_refs=18157 tail_gpu_groups=0 tail_gpu_refs=0 planned_ssd_groups=229 est_gpu=32429.0 est_ane=1035.0 est_idle=96.81% wall=193.666 ms actual_ane_groups=6 actual_ane_refs=6419 actual_gpu_groups=0 actual_gpu_refs=0 finishes=6 waits=12 overlap_gpu_groups=223
ds4: Flash-MoE async pread canceled queued=0 reading=0 ready=134 finished=0
ds4: gpu chunked prefill pos=0 tokens=4096 layer 34 encode=320.377 ms execute=9.656 ms
ds4: Flash-MoE prefill layer=35 tokens=4096 unique=236 refs=24576 sync=53.313 ms plan=0.320 ms stage/compute=193.265 ms misses=236
ds4: Flash-MoE hybrid prefill layer=35 ane_groups=3 ane_refs=2961 gpu_i8_groups=0 gpu_i8_refs=0 fp32_groups=0 ane_min_refs=512 concurrent=1 ane_pipeline=1 output_queue=4 async_ane=3 gpu_overlap=233 finishes=3 waits=6
ds4: Flash-MoE overlap plan layer=35 exec_groups=236 planned_ane_groups=3 planned_ane_refs=2961 planned_gpu_groups=233 planned_gpu_refs=21615 tail_gpu_groups=0 tail_gpu_refs=0 planned_ssd_groups=236 est_gpu=36527.0 est_ane=513.6 est_idle=98.59% wall=192.455 ms actual_ane_groups=3 actual_ane_refs=2961 actual_gpu_groups=0 actual_gpu_refs=0 finishes=3 waits=6 overlap_gpu_groups=233
ds4: Flash-MoE async pread canceled queued=0 reading=0 ready=137 finished=0
ds4: gpu chunked prefill pos=0 tokens=4096 layer 35 encode=251.458 ms execute=9.550 ms
ds4: Flash-MoE prefill layer=36 tokens=4096 unique=230 refs=24576 sync=125.164 ms plan=0.449 ms stage/compute=185.591 ms misses=230
ds4: Flash-MoE hybrid prefill layer=36 ane_groups=8 ane_refs=7263 gpu_i8_groups=0 gpu_i8_refs=0 fp32_groups=0 ane_min_refs=512 concurrent=1 ane_pipeline=1 output_queue=4 async_ane=8 gpu_overlap=222 finishes=8 waits=16
ds4: Flash-MoE overlap plan layer=36 exec_groups=230 planned_ane_groups=8 planned_ane_refs=7263 planned_gpu_groups=222 planned_gpu_refs=17313 tail_gpu_groups=0 tail_gpu_refs=0 planned_ssd_groups=230 est_gpu=31521.0 est_ane=1365.3 est_idle=95.67% wall=184.807 ms actual_ane_groups=8 actual_ane_refs=7263 actual_gpu_groups=0 actual_gpu_refs=0 finishes=8 waits=16 overlap_gpu_groups=222
ds4: Flash-MoE async pread canceled queued=0 reading=0 ready=145 finished=0
ds4: gpu chunked prefill pos=0 tokens=4096 layer 36 encode=311.709 ms execute=9.357 ms
ds4: Flash-MoE prefill layer=37 tokens=4096 unique=234 refs=24576 sync=53.165 ms plan=0.314 ms stage/compute=198.794 ms misses=234
ds4: Flash-MoE hybrid prefill layer=37 ane_groups=6 ane_refs=6201 gpu_i8_groups=0 gpu_i8_refs=0 fp32_groups=0 ane_min_refs=512 concurrent=1 ane_pipeline=1 output_queue=4 async_ane=6 gpu_overlap=228 finishes=6 waits=12
ds4: Flash-MoE overlap plan layer=37 exec_groups=234 planned_ane_groups=6 planned_ane_refs=6201 planned_gpu_groups=228 planned_gpu_refs=18375 tail_gpu_groups=0 tail_gpu_refs=0 planned_ssd_groups=234 est_gpu=32967.0 est_ane=1035.0 est_idle=96.86% wall=198.030 ms actual_ane_groups=6 actual_ane_refs=6201 actual_gpu_groups=0 actual_gpu_refs=0 finishes=6 waits=12 overlap_gpu_groups=228
ds4: Flash-MoE async pread canceled queued=0 reading=0 ready=151 finished=0
ds4: gpu chunked prefill pos=0 tokens=4096 layer 37 encode=256.287 ms execute=9.597 ms
ds4: Flash-MoE prefill layer=38 tokens=4096 unique=232 refs=24576 sync=126.099 ms plan=0.363 ms stage/compute=183.162 ms misses=232
ds4: Flash-MoE hybrid prefill layer=38 ane_groups=5 ane_refs=4659 gpu_i8_groups=0 gpu_i8_refs=0 fp32_groups=0 ane_min_refs=512 concurrent=1 ane_pipeline=1 output_queue=4 async_ane=5 gpu_overlap=227 finishes=5 waits=10
ds4: Flash-MoE overlap plan layer=38 exec_groups=232 planned_ane_groups=5 planned_ane_refs=4659 planned_gpu_groups=227 planned_gpu_refs=19917 tail_gpu_groups=0 tail_gpu_refs=0 planned_ssd_groups=232 est_gpu=34445.0 est_ane=856.9 est_idle=97.51% wall=182.419 ms actual_ane_groups=5 actual_ane_refs=4659 actual_gpu_groups=0 actual_gpu_refs=0 finishes=5 waits=10 overlap_gpu_groups=227
ds4: Flash-MoE async pread canceled queued=0 reading=0 ready=155 finished=0
ds4: gpu chunked prefill pos=0 tokens=4096 layer 38 encode=310.123 ms execute=9.611 ms
ds4: Flash-MoE prefill layer=39 tokens=4096 unique=247 refs=24576 sync=53.153 ms plan=0.290 ms stage/compute=195.504 ms misses=247
ds4: Flash-MoE hybrid prefill layer=39 ane_groups=5 ane_refs=3654 gpu_i8_groups=0 gpu_i8_refs=0 fp32_groups=0 ane_min_refs=512 concurrent=1 ane_pipeline=1 output_queue=4 async_ane=5 gpu_overlap=242 finishes=5 waits=10
ds4: Flash-MoE overlap plan layer=39 exec_groups=247 planned_ane_groups=5 planned_ane_refs=3654 planned_gpu_groups=242 planned_gpu_refs=20922 tail_gpu_groups=0 tail_gpu_refs=0 planned_ssd_groups=247 est_gpu=36410.0 est_ane=846.5 est_idle=97.67% wall=194.737 ms actual_ane_groups=5 actual_ane_refs=3654 actual_gpu_groups=0 actual_gpu_refs=0 finishes=5 waits=10 overlap_gpu_groups=242
ds4: Flash-MoE async pread canceled queued=0 reading=0 ready=155 finished=0
ds4: gpu chunked prefill pos=0 tokens=4096 layer 39 encode=253.134 ms execute=9.668 ms
ds4: Flash-MoE prefill layer=40 tokens=4096 unique=228 refs=24576 sync=125.033 ms plan=0.377 ms stage/compute=172.579 ms misses=228
ds4: Flash-MoE hybrid prefill layer=40 ane_groups=5 ane_refs=6656 gpu_i8_groups=0 gpu_i8_refs=0 fp32_groups=0 ane_min_refs=512 concurrent=1 ane_pipeline=1 output_queue=4 async_ane=5 gpu_overlap=223 finishes=5 waits=10
ds4: Flash-MoE overlap plan layer=40 exec_groups=228 planned_ane_groups=5 planned_ane_refs=6656 planned_gpu_groups=223 planned_gpu_refs=17920 tail_gpu_groups=0 tail_gpu_refs=0 planned_ssd_groups=228 est_gpu=32192.0 est_ane=875.0 est_idle=97.28% wall=171.645 ms actual_ane_groups=5 actual_ane_refs=6656 actual_gpu_groups=0 actual_gpu_refs=0 finishes=5 waits=10 overlap_gpu_groups=223
ds4: Flash-MoE async pread canceled queued=0 reading=0 ready=162 finished=0
ds4: gpu chunked prefill pos=0 tokens=4096 layer 40 encode=298.483 ms execute=10.218 ms
ds4: Flash-MoE prefill layer=41 tokens=4096 unique=231 refs=24576 sync=53.091 ms plan=0.316 ms stage/compute=183.681 ms misses=231
ds4: Flash-MoE hybrid prefill layer=41 ane_groups=4 ane_refs=4305 gpu_i8_groups=0 gpu_i8_refs=0 fp32_groups=0 ane_min_refs=512 concurrent=1 ane_pipeline=1 output_queue=4 async_ane=4 gpu_overlap=227 finishes=4 waits=8
ds4: Flash-MoE overlap plan layer=41 exec_groups=231 planned_ane_groups=4 planned_ane_refs=4305 planned_gpu_groups=227 planned_gpu_refs=20271 tail_gpu_groups=0 tail_gpu_refs=0 planned_ssd_groups=231 est_gpu=34799.0 est_ane=691.7 est_idle=98.01% wall=182.823 ms actual_ane_groups=4 actual_ane_refs=4305 actual_gpu_groups=0 actual_gpu_refs=0 finishes=4 waits=8 overlap_gpu_groups=227
ds4: Flash-MoE async pread canceled queued=0 reading=0 ready=167 finished=0
ds4: gpu chunked prefill pos=0 tokens=4096 layer 41 encode=240.999 ms execute=9.717 ms
ds4: Flash-MoE prefill layer=42 tokens=4096 unique=225 refs=24576 sync=124.726 ms plan=0.337 ms stage/compute=184.920 ms misses=225
ds4: Flash-MoE hybrid prefill layer=42 ane_groups=3 ane_refs=3810 gpu_i8_groups=0 gpu_i8_refs=0 fp32_groups=0 ane_min_refs=512 concurrent=1 ane_pipeline=1 output_queue=4 async_ane=3 gpu_overlap=222 finishes=3 waits=6
ds4: Flash-MoE overlap plan layer=42 exec_groups=225 planned_ane_groups=3 planned_ane_refs=3810 planned_gpu_groups=222 planned_gpu_refs=20766 tail_gpu_groups=0 tail_gpu_refs=0 planned_ssd_groups=225 est_gpu=34974.0 est_ane=524.0 est_idle=98.50% wall=184.063 ms actual_ane_groups=3 actual_ane_refs=3810 actual_gpu_groups=0 actual_gpu_refs=0 finishes=3 waits=6 overlap_gpu_groups=222
ds4: Flash-MoE async pread canceled queued=0 reading=0 ready=174 finished=0
ds4: gpu chunked prefill pos=0 tokens=4096 layer 42 encode=310.493 ms execute=9.386 ms
processing 8423 input tokens: 4096/8423 (48.6%) batch=325.80 t/s avg=315.65 t/s
ds4: Flash-MoE prefill layer=0 tokens=4096 unique=256 refs=24576 sync=45.539 ms plan=0.329 ms stage/compute=220.755 ms misses=256
ds4: Flash-MoE hybrid prefill layer=0 ane_groups=0 ane_refs=0 gpu_i8_groups=0 gpu_i8_refs=0 fp32_groups=0 ane_min_refs=512 concurrent=1 ane_pipeline=1 output_queue=4 async_ane=0 gpu_overlap=0 finishes=0 waits=0
ds4: Flash-MoE overlap plan layer=0 exec_groups=256 planned_ane_groups=0 planned_ane_refs=0 planned_gpu_groups=256 planned_gpu_refs=24576 tail_gpu_groups=0 tail_gpu_refs=0 planned_ssd_groups=256 est_gpu=40960.0 est_ane=0.0 est_idle=100.00% wall=219.888 ms actual_ane_groups=0 actual_ane_refs=0 actual_gpu_groups=0 actual_gpu_refs=0 finishes=0 waits=0 overlap_gpu_groups=0
ds4: Flash-MoE async pread canceled queued=0 reading=0 ready=174 finished=0
ds4: gpu chunked prefill pos=4096 tokens=4096 layer 0 encode=269.975 ms execute=9.448 ms
ds4: Flash-MoE prefill layer=1 tokens=4096 unique=256 refs=24576 sync=45.384 ms plan=0.318 ms stage/compute=218.043 ms misses=256
ds4: Flash-MoE hybrid prefill layer=1 ane_groups=0 ane_refs=0 gpu_i8_groups=0 gpu_i8_refs=0 fp32_groups=0 ane_min_refs=512 concurrent=1 ane_pipeline=1 output_queue=4 async_ane=0 gpu_overlap=0 finishes=0 waits=0
ds4: Flash-MoE overlap plan layer=1 exec_groups=256 planned_ane_groups=0 planned_ane_refs=0 planned_gpu_groups=256 planned_gpu_refs=24576 tail_gpu_groups=0 tail_gpu_refs=0 planned_ssd_groups=256 est_gpu=40960.0 est_ane=0.0 est_idle=100.00% wall=217.190 ms actual_ane_groups=0 actual_ane_refs=0 actual_gpu_groups=0 actual_gpu_refs=0 finishes=0 waits=0 overlap_gpu_groups=0
ds4: Flash-MoE async pread canceled queued=0 reading=0 ready=174 finished=0
ds4: gpu chunked prefill pos=4096 tokens=4096 layer 1 encode=267.354 ms execute=9.503 ms
ds4: Flash-MoE prefill layer=2 tokens=4096 unique=256 refs=24576 sync=152.704 ms plan=0.416 ms stage/compute=220.050 ms misses=256
ds4: Flash-MoE hybrid prefill layer=2 ane_groups=0 ane_refs=0 gpu_i8_groups=0 gpu_i8_refs=0 fp32_groups=0 ane_min_refs=512 concurrent=1 ane_pipeline=1 output_queue=4 async_ane=0 gpu_overlap=0 finishes=0 waits=0
ds4: Flash-MoE overlap plan layer=2 exec_groups=256 planned_ane_groups=0 planned_ane_refs=0 planned_gpu_groups=256 planned_gpu_refs=24576 tail_gpu_groups=0 tail_gpu_refs=0 planned_ssd_groups=256 est_gpu=40960.0 est_ane=0.0 est_idle=100.00% wall=219.275 ms actual_ane_groups=0 actual_ane_refs=0 actual_gpu_groups=0 actual_gpu_refs=0 finishes=0 waits=0 overlap_gpu_groups=0
ds4: Flash-MoE async pread canceled queued=0 reading=0 ready=174 finished=0
ds4: gpu chunked prefill pos=4096 tokens=4096 layer 2 encode=373.677 ms execute=9.489 ms
ds4: Flash-MoE prefill layer=3 tokens=4096 unique=238 refs=24576 sync=53.098 ms plan=0.438 ms stage/compute=200.924 ms misses=238
ds4: Flash-MoE hybrid prefill layer=3 ane_groups=2 ane_refs=2544 gpu_i8_groups=0 gpu_i8_refs=0 fp32_groups=0 ane_min_refs=512 concurrent=1 ane_pipeline=1 output_queue=4 async_ane=2 gpu_overlap=236 finishes=2 waits=4
ds4: Flash-MoE overlap plan layer=3 exec_groups=238 planned_ane_groups=2 planned_ane_refs=2544 planned_gpu_groups=236 planned_gpu_refs=22032 tail_gpu_groups=0 tail_gpu_refs=0 planned_ssd_groups=238 est_gpu=37136.0 est_ane=348.4 est_idle=99.06% wall=200.117 ms actual_ane_groups=2 actual_ane_refs=2544 actual_gpu_groups=0 actual_gpu_refs=0 finishes=2 waits=4 overlap_gpu_groups=236
ds4: Flash-MoE async pread canceled queued=0 reading=0 ready=179 finished=0
ds4: gpu chunked prefill pos=4096 tokens=4096 layer 3 encode=257.794 ms execute=10.085 ms
ds4: Flash-MoE prefill layer=4 tokens=4096 unique=224 refs=24576 sync=153.131 ms plan=0.390 ms stage/compute=187.483 ms misses=224
ds4: Flash-MoE hybrid prefill layer=4 ane_groups=7 ane_refs=5001 gpu_i8_groups=0 gpu_i8_refs=0 fp32_groups=0 ane_min_refs=512 concurrent=1 ane_pipeline=1 output_queue=4 async_ane=7 gpu_overlap=217 finishes=7 waits=14
ds4: Flash-MoE overlap plan layer=4 exec_groups=224 planned_ane_groups=7 planned_ane_refs=5001 planned_gpu_groups=217 planned_gpu_refs=19575 tail_gpu_groups=0 tail_gpu_refs=0 planned_ssd_groups=224 est_gpu=33463.0 est_ane=1182.1 est_idle=96.47% wall=186.776 ms actual_ane_groups=7 actual_ane_refs=5001 actual_gpu_groups=0 actual_gpu_refs=0 finishes=7 waits=14 overlap_gpu_groups=217
ds4: Flash-MoE async pread canceled queued=0 reading=0 ready=186 finished=0
ds4: gpu chunked prefill pos=4096 tokens=4096 layer 4 encode=341.543 ms execute=9.789 ms
ds4: Flash-MoE prefill layer=5 tokens=4096 unique=245 refs=24576 sync=53.637 ms plan=0.357 ms stage/compute=200.472 ms misses=245
ds4: Flash-MoE hybrid prefill layer=5 ane_groups=3 ane_refs=3360 gpu_i8_groups=0 gpu_i8_refs=0 fp32_groups=0 ane_min_refs=512 concurrent=1 ane_pipeline=1 output_queue=4 async_ane=3 gpu_overlap=242 finishes=3 waits=6
ds4: Flash-MoE overlap plan layer=5 exec_groups=245 planned_ane_groups=3 planned_ane_refs=3360 planned_gpu_groups=242 planned_gpu_refs=21216 tail_gpu_groups=0 tail_gpu_refs=0 planned_ssd_groups=245 est_gpu=36704.0 est_ane=516.2 est_idle=98.59% wall=199.684 ms actual_ane_groups=3 actual_ane_refs=3360 actual_gpu_groups=0 actual_gpu_refs=0 finishes=3 waits=6 overlap_gpu_groups=242
ds4: Flash-MoE async pread canceled queued=0 reading=0 ready=188 finished=0
ds4: gpu chunked prefill pos=4096 tokens=4096 layer 5 encode=258.225 ms execute=9.613 ms
ds4: Flash-MoE prefill layer=6 tokens=4096 unique=231 refs=24576 sync=152.805 ms plan=0.337 ms stage/compute=186.497 ms misses=231
ds4: Flash-MoE hybrid prefill layer=6 ane_groups=6 ane_refs=4132 gpu_i8_groups=0 gpu_i8_refs=0 fp32_groups=0 ane_min_refs=512 concurrent=1 ane_pipeline=1 output_queue=4 async_ane=6 gpu_overlap=225 finishes=6 waits=12
ds4: Flash-MoE overlap plan layer=6 exec_groups=231 planned_ane_groups=6 planned_ane_refs=4132 planned_gpu_groups=225 planned_gpu_refs=20444 tail_gpu_groups=0 tail_gpu_refs=0 planned_ssd_groups=231 est_gpu=34844.0 est_ane=1011.7 est_idle=97.10% wall=185.717 ms actual_ane_groups=6 actual_ane_refs=4132 actual_gpu_groups=0 actual_gpu_refs=0 finishes=6 waits=12 overlap_gpu_groups=225
ds4: Flash-MoE async pread canceled queued=0 reading=0 ready=192 finished=0
ds4: gpu chunked prefill pos=4096 tokens=4096 layer 6 encode=340.137 ms execute=9.424 ms
ds4: Flash-MoE prefill layer=7 tokens=4096 unique=230 refs=24576 sync=53.050 ms plan=0.305 ms stage/compute=179.588 ms misses=230
ds4: Flash-MoE hybrid prefill layer=7 ane_groups=6 ane_refs=5578 gpu_i8_groups=0 gpu_i8_refs=0 fp32_groups=0 ane_min_refs=512 concurrent=1 ane_pipeline=1 output_queue=4 async_ane=6 gpu_overlap=224 finishes=6 waits=12
ds4: Flash-MoE overlap plan layer=7 exec_groups=230 planned_ane_groups=6 planned_ane_refs=5578 planned_gpu_groups=224 planned_gpu_refs=18998 tail_gpu_groups=0 tail_gpu_refs=0 planned_ssd_groups=230 est_gpu=33334.0 est_ane=1022.1 est_idle=96.93% wall=178.832 ms actual_ane_groups=6 actual_ane_refs=5578 actual_gpu_groups=0 actual_gpu_refs=0 finishes=6 waits=12 overlap_gpu_groups=224
ds4: Flash-MoE async pread canceled queued=0 reading=0 ready=195 finished=0
ds4: gpu chunked prefill pos=4096 tokens=4096 layer 7 encode=236.366 ms execute=9.580 ms
ds4: Flash-MoE prefill layer=8 tokens=4096 unique=229 refs=24576 sync=153.251 ms plan=0.361 ms stage/compute=191.404 ms misses=229
ds4: Flash-MoE hybrid prefill layer=8 ane_groups=6 ane_refs=6603 gpu_i8_groups=0 gpu_i8_refs=0 fp32_groups=0 ane_min_refs=512 concurrent=1 ane_pipeline=1 output_queue=4 async_ane=6 gpu_overlap=223 finishes=6 waits=12
ds4: Flash-MoE overlap plan layer=8 exec_groups=229 planned_ane_groups=6 planned_ane_refs=6603 planned_gpu_groups=223 planned_gpu_refs=17973 tail_gpu_groups=0 tail_gpu_refs=0 planned_ssd_groups=229 est_gpu=32245.0 est_ane=1035.0 est_idle=96.79% wall=190.629 ms actual_ane_groups=6 actual_ane_refs=6603 actual_gpu_groups=0 actual_gpu_refs=0 finishes=6 waits=12 overlap_gpu_groups=223
ds4: Flash-MoE async pread canceled queued=0 reading=0 ready=201 finished=0
ds4: gpu chunked prefill pos=4096 tokens=4096 layer 8 encode=345.524 ms execute=9.730 ms
ds4: Flash-MoE prefill layer=9 tokens=4096 unique=237 refs=24576 sync=52.956 ms plan=0.330 ms stage/compute=198.617 ms misses=237
ds4: Flash-MoE hybrid prefill layer=9 ane_groups=1 ane_refs=1471 gpu_i8_groups=0 gpu_i8_refs=0 fp32_groups=0 ane_min_refs=512 concurrent=1 ane_pipeline=1 output_queue=4 async_ane=1 gpu_overlap=236 finishes=1 waits=2
ds4: Flash-MoE overlap plan layer=9 exec_groups=237 planned_ane_groups=1 planned_ane_refs=1471 planned_gpu_groups=236 planned_gpu_refs=23105 tail_gpu_groups=0 tail_gpu_refs=0 planned_ssd_groups=237 est_gpu=38209.0 est_ane=175.5 est_idle=99.54% wall=197.834 ms actual_ane_groups=1 actual_ane_refs=1471 actual_gpu_groups=0 actual_gpu_refs=0 finishes=1 waits=2 overlap_gpu_groups=236
ds4: Flash-MoE async pread canceled queued=0 reading=0 ready=204 finished=0
ds4: gpu chunked prefill pos=4096 tokens=4096 layer 9 encode=255.514 ms execute=9.420 ms
ds4: Flash-MoE prefill layer=10 tokens=4096 unique=230 refs=24576 sync=153.304 ms plan=0.380 ms stage/compute=193.211 ms misses=230
ds4: Flash-MoE hybrid prefill layer=10 ane_groups=6 ane_refs=4077 gpu_i8_groups=0 gpu_i8_refs=0 fp32_groups=0 ane_min_refs=512 concurrent=1 ane_pipeline=1 output_queue=4 async_ane=6 gpu_overlap=224 finishes=6 waits=12
ds4: Flash-MoE overlap plan layer=10 exec_groups=230 planned_ane_groups=6 planned_ane_refs=4077 planned_gpu_groups=224 planned_gpu_refs=20499 tail_gpu_groups=0 tail_gpu_refs=0 planned_ssd_groups=230 est_gpu=34835.0 est_ane=1011.7 est_idle=97.10% wall=192.446 ms actual_ane_groups=6 actual_ane_refs=4077 actual_gpu_groups=0 actual_gpu_refs=0 finishes=6 waits=12 overlap_gpu_groups=224
ds4: Flash-MoE async pread canceled queued=0 reading=0 ready=211 finished=0
ds4: gpu chunked prefill pos=4096 tokens=4096 layer 10 encode=347.438 ms execute=9.488 ms
ds4: Flash-MoE prefill layer=11 tokens=4096 unique=243 refs=24576 sync=53.199 ms plan=0.318 ms stage/compute=194.093 ms misses=243
ds4: Flash-MoE hybrid prefill layer=11 ane_groups=5 ane_refs=3714 gpu_i8_groups=0 gpu_i8_refs=0 fp32_groups=0 ane_min_refs=512 concurrent=1 ane_pipeline=1 output_queue=4 async_ane=5 gpu_overlap=238 finishes=5 waits=10
ds4: Flash-MoE overlap plan layer=11 exec_groups=243 planned_ane_groups=5 planned_ane_refs=3714 planned_gpu_groups=238 planned_gpu_refs=20862 tail_gpu_groups=0 tail_gpu_refs=0 planned_ssd_groups=243 est_gpu=36094.0 est_ane=844.0 est_idle=97.66% wall=193.297 ms actual_ane_groups=5 actual_ane_refs=3714 actual_gpu_groups=0 actual_gpu_refs=0 finishes=5 waits=10 overlap_gpu_groups=238
ds4: Flash-MoE async pread canceled queued=0 reading=0 ready=212 finished=0
ds4: gpu chunked prefill pos=4096 tokens=4096 layer 11 encode=251.139 ms execute=9.524 ms
ds4: Flash-MoE prefill layer=12 tokens=4096 unique=223 refs=24576 sync=153.384 ms plan=0.339 ms stage/compute=184.870 ms misses=223
ds4: Flash-MoE hybrid prefill layer=12 ane_groups=6 ane_refs=4198 gpu_i8_groups=0 gpu_i8_refs=0 fp32_groups=0 ane_min_refs=512 concurrent=1 ane_pipeline=1 output_queue=4 async_ane=6 gpu_overlap=217 finishes=6 waits=12
ds4: Flash-MoE overlap plan layer=12 exec_groups=223 planned_ane_groups=6 planned_ane_refs=4198 planned_gpu_groups=217 planned_gpu_refs=20378 tail_gpu_groups=0 tail_gpu_refs=0 planned_ssd_groups=223 est_gpu=34266.0 est_ane=1011.7 est_idle=97.05% wall=184.118 ms actual_ane_groups=6 actual_ane_refs=4198 actual_gpu_groups=0 actual_gpu_refs=0 finishes=6 waits=12 overlap_gpu_groups=217
ds4: Flash-MoE async pread canceled queued=0 reading=0 ready=216 finished=0
ds4: gpu chunked prefill pos=4096 tokens=4096 layer 12 encode=339.096 ms execute=9.594 ms
ds4: Flash-MoE prefill layer=13 tokens=4096 unique=231 refs=24576 sync=53.189 ms plan=0.363 ms stage/compute=187.753 ms misses=231
ds4: Flash-MoE hybrid prefill layer=13 ane_groups=9 ane_refs=6748 gpu_i8_groups=0 gpu_i8_refs=0 fp32_groups=0 ane_min_refs=512 concurrent=1 ane_pipeline=1 output_queue=4 async_ane=9 gpu_overlap=222 finishes=9 waits=18
ds4: Flash-MoE overlap plan layer=13 exec_groups=231 planned_ane_groups=9 planned_ane_refs=6748 planned_gpu_groups=222 planned_gpu_refs=17828 tail_gpu_groups=0 tail_gpu_refs=0 planned_ssd_groups=231 est_gpu=32036.0 est_ane=1525.3 est_idle=95.24% wall=186.989 ms actual_ane_groups=9 actual_ane_refs=6748 actual_gpu_groups=0 actual_gpu_refs=0 finishes=9 waits=18 overlap_gpu_groups=222
ds4: Flash-MoE async pread canceled queued=0 reading=0 ready=220 finished=0
ds4: gpu chunked prefill pos=4096 tokens=4096 layer 13 encode=245.121 ms execute=9.436 ms
ds4: Flash-MoE prefill layer=14 tokens=4096 unique=231 refs=24576 sync=154.172 ms plan=0.337 ms stage/compute=182.363 ms misses=231
ds4: Flash-MoE hybrid prefill layer=14 ane_groups=7 ane_refs=5369 gpu_i8_groups=0 gpu_i8_refs=0 fp32_groups=0 ane_min_refs=512 concurrent=1 ane_pipeline=1 output_queue=4 async_ane=7 gpu_overlap=224 finishes=7 waits=14
ds4: Flash-MoE overlap plan layer=14 exec_groups=231 planned_ane_groups=7 planned_ane_refs=5369 planned_gpu_groups=224 planned_gpu_refs=19207 tail_gpu_groups=0 tail_gpu_refs=0 planned_ssd_groups=231 est_gpu=33543.0 est_ane=1184.6 est_idle=96.47% wall=181.586 ms actual_ane_groups=7 actual_ane_refs=5369 actual_gpu_groups=0 actual_gpu_refs=0 finishes=7 waits=14 overlap_gpu_groups=224
ds4: Flash-MoE async pread canceled queued=0 reading=0 ready=223 finished=0
ds4: gpu chunked prefill pos=4096 tokens=4096 layer 14 encode=337.405 ms execute=9.587 ms
ds4: Flash-MoE prefill layer=15 tokens=4096 unique=226 refs=24576 sync=52.917 ms plan=0.316 ms stage/compute=179.564 ms misses=226
ds4: Flash-MoE hybrid prefill layer=15 ane_groups=8 ane_refs=6141 gpu_i8_groups=0 gpu_i8_refs=0 fp32_groups=0 ane_min_refs=512 concurrent=1 ane_pipeline=1 output_queue=4 async_ane=8 gpu_overlap=218 finishes=8 waits=16
ds4: Flash-MoE overlap plan layer=15 exec_groups=226 planned_ane_groups=8 planned_ane_refs=6141 planned_gpu_groups=218 planned_gpu_refs=18435 tail_gpu_groups=0 tail_gpu_refs=0 planned_ssd_groups=226 est_gpu=32387.0 est_ane=1352.4 est_idle=95.82% wall=178.797 ms actual_ane_groups=8 actual_ane_refs=6141 actual_gpu_groups=0 actual_gpu_refs=0 finishes=8 waits=16 overlap_gpu_groups=218
ds4: Flash-MoE async pread canceled queued=0 reading=0 ready=228 finished=0
ds4: gpu chunked prefill pos=4096 tokens=4096 layer 15 encode=236.171 ms execute=9.468 ms
ds4: Flash-MoE prefill layer=16 tokens=4096 unique=214 refs=24576 sync=154.241 ms plan=0.415 ms stage/compute=175.481 ms misses=214
ds4: Flash-MoE hybrid prefill layer=16 ane_groups=5 ane_refs=5382 gpu_i8_groups=0 gpu_i8_refs=0 fp32_groups=0 ane_min_refs=512 concurrent=1 ane_pipeline=1 output_queue=4 async_ane=5 gpu_overlap=209 finishes=5 waits=10
ds4: Flash-MoE overlap plan layer=16 exec_groups=214 planned_ane_groups=5 planned_ane_refs=5382 planned_gpu_groups=209 planned_gpu_refs=19194 tail_gpu_groups=0 tail_gpu_refs=0 planned_ssd_groups=214 est_gpu=32570.0 est_ane=862.1 est_idle=97.35% wall=174.719 ms actual_ane_groups=5 actual_ane_refs=5382 actual_gpu_groups=0 actual_gpu_refs=0 finishes=5 waits=10 overlap_gpu_groups=209
ds4: Flash-MoE async pread canceled queued=0 reading=0 ready=235 finished=0
ds4: gpu chunked prefill pos=4096 tokens=4096 layer 16 encode=330.639 ms execute=9.981 ms
ds4: Flash-MoE prefill layer=17 tokens=4096 unique=228 refs=24576 sync=53.995 ms plan=0.348 ms stage/compute=185.718 ms misses=228
ds4: Flash-MoE hybrid prefill layer=17 ane_groups=7 ane_refs=7022 gpu_i8_groups=0 gpu_i8_refs=0 fp32_groups=0 ane_min_refs=512 concurrent=1 ane_pipeline=1 output_queue=4 async_ane=7 gpu_overlap=221 finishes=7 waits=14
ds4: Flash-MoE overlap plan layer=17 exec_groups=228 planned_ane_groups=7 planned_ane_refs=7022 planned_gpu_groups=221 planned_gpu_refs=17554 tail_gpu_groups=0 tail_gpu_refs=0 planned_ssd_groups=228 est_gpu=31698.0 est_ane=1202.7 est_idle=96.21% wall=184.962 ms actual_ane_groups=7 actual_ane_refs=7022 actual_gpu_groups=0 actual_gpu_refs=0 finishes=7 waits=14 overlap_gpu_groups=221
ds4: Flash-MoE async pread canceled queued=0 reading=0 ready=240 finished=0
ds4: gpu chunked prefill pos=4096 tokens=4096 layer 17 encode=243.786 ms execute=9.536 ms
ds4: Flash-MoE prefill layer=18 tokens=4096 unique=209 refs=24576 sync=154.071 ms plan=0.389 ms stage/compute=186.958 ms misses=209
ds4: Flash-MoE hybrid prefill layer=18 ane_groups=9 ane_refs=9366 gpu_i8_groups=0 gpu_i8_refs=0 fp32_groups=0 ane_min_refs=512 concurrent=1 ane_pipeline=1 output_queue=4 async_ane=9 gpu_overlap=200 finishes=9 waits=18
ds4: Flash-MoE overlap plan layer=18 exec_groups=209 planned_ane_groups=9 planned_ane_refs=9366 planned_gpu_groups=200 planned_gpu_refs=15210 tail_gpu_groups=0 tail_gpu_refs=0 planned_ssd_groups=209 est_gpu=28010.0 est_ane=1546.0 est_idle=94.48% wall=186.105 ms actual_ane_groups=9 actual_ane_refs=9366 actual_gpu_groups=0 actual_gpu_refs=0 finishes=9 waits=18 overlap_gpu_groups=200
ds4: Flash-MoE async pread canceled queued=0 reading=0 ready=250 finished=0
ds4: gpu chunked prefill pos=4096 tokens=4096 layer 18 encode=341.985 ms execute=9.350 ms
ds4: Flash-MoE prefill layer=19 tokens=4096 unique=232 refs=24576 sync=53.394 ms plan=0.364 ms stage/compute=193.248 ms misses=232
ds4: Flash-MoE hybrid prefill layer=19 ane_groups=5 ane_refs=3655 gpu_i8_groups=0 gpu_i8_refs=0 fp32_groups=0 ane_min_refs=512 concurrent=1 ane_pipeline=1 output_queue=4 async_ane=5 gpu_overlap=227 finishes=5 waits=10
ds4: Flash-MoE overlap plan layer=19 exec_groups=232 planned_ane_groups=5 planned_ane_refs=3655 planned_gpu_groups=227 planned_gpu_refs=20921 tail_gpu_groups=0 tail_gpu_refs=0 planned_ssd_groups=232 est_gpu=35449.0 est_ane=844.0 est_idle=97.62% wall=192.491 ms actual_ane_groups=5 actual_ane_refs=3655 actual_gpu_groups=0 actual_gpu_refs=0 finishes=5 waits=10 overlap_gpu_groups=227
ds4: Flash-MoE async pread canceled queued=0 reading=0 ready=253 finished=0
ds4: gpu chunked prefill pos=4096 tokens=4096 layer 19 encode=250.655 ms execute=9.442 ms
ds4: Flash-MoE prefill layer=20 tokens=4096 unique=200 refs=24576 sync=153.684 ms plan=0.294 ms stage/compute=178.211 ms misses=200
ds4: Flash-MoE hybrid prefill layer=20 ane_groups=7 ane_refs=6440 gpu_i8_groups=0 gpu_i8_refs=0 fp32_groups=0 ane_min_refs=512 concurrent=1 ane_pipeline=1 output_queue=4 async_ane=7 gpu_overlap=193 finishes=7 waits=14
ds4: Flash-MoE overlap plan layer=20 exec_groups=200 planned_ane_groups=7 planned_ane_refs=6440 planned_gpu_groups=193 planned_gpu_refs=18136 tail_gpu_groups=0 tail_gpu_refs=0 planned_ssd_groups=200 est_gpu=30488.0 est_ane=1195.0 est_idle=96.08% wall=177.479 ms actual_ane_groups=7 actual_ane_refs=6440 actual_gpu_groups=0 actual_gpu_refs=0 finishes=7 waits=14 overlap_gpu_groups=193
ds4: Flash-MoE async pread canceled queued=0 reading=0 ready=265 finished=0
ds4: gpu chunked prefill pos=4096 tokens=4096 layer 20 encode=332.679 ms execute=9.725 ms
ds4: Flash-MoE prefill layer=21 tokens=4096 unique=214 refs=24576 sync=53.913 ms plan=0.416 ms stage/compute=184.282 ms misses=214
ds4: Flash-MoE hybrid prefill layer=21 ane_groups=4 ane_refs=3844 gpu_i8_groups=0 gpu_i8_refs=0 fp32_groups=0 ane_min_refs=512 concurrent=1 ane_pipeline=1 output_queue=4 async_ane=4 gpu_overlap=210 finishes=4 waits=8
ds4: Flash-MoE overlap plan layer=21 exec_groups=214 planned_ane_groups=4 planned_ane_refs=3844 planned_gpu_groups=210 planned_gpu_refs=20732 tail_gpu_groups=0 tail_gpu_refs=0 planned_ssd_groups=214 est_gpu=34172.0 est_ane=684.0 est_idle=98.00% wall=183.565 ms actual_ane_groups=4 actual_ane_refs=3844 actual_gpu_groups=0 actual_gpu_refs=0 finishes=4 waits=8 overlap_gpu_groups=210
ds4: Flash-MoE async pread canceled queued=0 reading=0 ready=271 finished=0
ds4: gpu chunked prefill pos=4096 tokens=4096 layer 21 encode=242.605 ms execute=9.583 ms
ds4: Flash-MoE prefill layer=22 tokens=4096 unique=221 refs=24576 sync=155.433 ms plan=0.356 ms stage/compute=186.660 ms misses=221
ds4: Flash-MoE hybrid prefill layer=22 ane_groups=8 ane_refs=6402 gpu_i8_groups=0 gpu_i8_refs=0 fp32_groups=0 ane_min_refs=512 concurrent=1 ane_pipeline=1 output_queue=4 async_ane=8 gpu_overlap=213 finishes=8 waits=16
ds4: Flash-MoE overlap plan layer=22 exec_groups=221 planned_ane_groups=8 planned_ane_refs=6402 planned_gpu_groups=213 planned_gpu_refs=18174 tail_gpu_groups=0 tail_gpu_refs=0 planned_ssd_groups=221 est_gpu=31806.0 est_ane=1357.6 est_idle=95.73% wall=185.928 ms actual_ane_groups=8 actual_ane_refs=6402 actual_gpu_groups=0 actual_gpu_refs=0 finishes=8 waits=16 overlap_gpu_groups=213
ds4: Flash-MoE async pread canceled queued=0 reading=0 ready=274 finished=0
ds4: gpu chunked prefill pos=4096 tokens=4096 layer 22 encode=343.011 ms execute=9.560 ms
ds4: Flash-MoE prefill layer=23 tokens=4096 unique=224 refs=24576 sync=52.867 ms plan=0.361 ms stage/compute=192.592 ms misses=224
ds4: Flash-MoE hybrid prefill layer=23 ane_groups=4 ane_refs=3422 gpu_i8_groups=0 gpu_i8_refs=0 fp32_groups=0 ane_min_refs=512 concurrent=1 ane_pipeline=1 output_queue=4 async_ane=4 gpu_overlap=220 finishes=4 waits=8
ds4: Flash-MoE overlap plan layer=23 exec_groups=224 planned_ane_groups=4 planned_ane_refs=3422 planned_gpu_groups=220 planned_gpu_refs=21154 tail_gpu_groups=0 tail_gpu_refs=0 planned_ssd_groups=224 est_gpu=35234.0 est_ane=681.4 est_idle=98.07% wall=191.832 ms actual_ane_groups=4 actual_ane_refs=3422 actual_gpu_groups=0 actual_gpu_refs=0 finishes=4 waits=8 overlap_gpu_groups=220
ds4: Flash-MoE async pread canceled queued=0 reading=0 ready=280 finished=0
ds4: gpu chunked prefill pos=4096 tokens=4096 layer 23 encode=249.452 ms execute=9.556 ms
ds4: Flash-MoE prefill layer=24 tokens=4096 unique=212 refs=24576 sync=156.167 ms plan=0.375 ms stage/compute=178.154 ms misses=212
ds4: Flash-MoE hybrid prefill layer=24 ane_groups=9 ane_refs=6634 gpu_i8_groups=0 gpu_i8_refs=0 fp32_groups=0 ane_min_refs=512 concurrent=1 ane_pipeline=1 output_queue=4 async_ane=9 gpu_overlap=203 finishes=9 waits=18
ds4: Flash-MoE overlap plan layer=24 exec_groups=212 planned_ane_groups=9 planned_ane_refs=6634 planned_gpu_groups=203 planned_gpu_refs=17942 tail_gpu_groups=0 tail_gpu_refs=0 planned_ssd_groups=212 est_gpu=30934.0 est_ane=1520.2 est_idle=95.09% wall=177.388 ms actual_ane_groups=9 actual_ane_refs=6634 actual_gpu_groups=0 actual_gpu_refs=0 finishes=9 waits=18 overlap_gpu_groups=203
ds4: Flash-MoE async pread canceled queued=0 reading=0 ready=286 finished=0
ds4: gpu chunked prefill pos=4096 tokens=4096 layer 24 encode=335.201 ms execute=9.716 ms
ds4: Flash-MoE prefill layer=25 tokens=4096 unique=223 refs=24576 sync=53.245 ms plan=0.347 ms stage/compute=185.513 ms misses=223
ds4: Flash-MoE hybrid prefill layer=25 ane_groups=7 ane_refs=4775 gpu_i8_groups=0 gpu_i8_refs=0 fp32_groups=0 ane_min_refs=512 concurrent=1 ane_pipeline=1 output_queue=4 async_ane=7 gpu_overlap=216 finishes=7 waits=14
ds4: Flash-MoE overlap plan layer=25 exec_groups=223 planned_ane_groups=7 planned_ane_refs=4775 planned_gpu_groups=216 planned_gpu_refs=19801 tail_gpu_groups=0 tail_gpu_refs=0 planned_ssd_groups=223 est_gpu=33625.0 est_ane=1179.5 est_idle=96.49% wall=184.700 ms actual_ane_groups=7 actual_ane_refs=4775 actual_gpu_groups=0 actual_gpu_refs=0 finishes=7 waits=14 overlap_gpu_groups=216
ds4: Flash-MoE async pread canceled queued=0 reading=0 ready=298 finished=0
ds4: gpu chunked prefill pos=4096 tokens=4096 layer 25 encode=242.579 ms execute=9.374 ms
ds4: Flash-MoE prefill layer=26 tokens=4096 unique=212 refs=24576 sync=154.727 ms plan=0.409 ms stage/compute=188.823 ms misses=212
ds4: Flash-MoE hybrid prefill layer=26 ane_groups=7 ane_refs=6973 gpu_i8_groups=0 gpu_i8_refs=0 fp32_groups=0 ane_min_refs=512 concurrent=1 ane_pipeline=1 output_queue=4 async_ane=7 gpu_overlap=205 finishes=7 waits=14
ds4: Flash-MoE overlap plan layer=26 exec_groups=212 planned_ane_groups=7 planned_ane_refs=6973 planned_gpu_groups=205 planned_gpu_refs=17603 tail_gpu_groups=0 tail_gpu_refs=0 planned_ssd_groups=212 est_gpu=30723.0 est_ane=1197.6 est_idle=96.10% wall=188.021 ms actual_ane_groups=7 actual_ane_refs=6973 actual_gpu_groups=0 actual_gpu_refs=0 finishes=7 waits=14 overlap_gpu_groups=205
ds4: Flash-MoE async pread canceled queued=0 reading=0 ready=302 finished=0
ds4: gpu chunked prefill pos=4096 tokens=4096 layer 26 encode=344.487 ms execute=10.069 ms
ds4: Flash-MoE prefill layer=27 tokens=4096 unique=221 refs=24576 sync=53.215 ms plan=0.386 ms stage/compute=184.422 ms misses=221
ds4: Flash-MoE hybrid prefill layer=27 ane_groups=8 ane_refs=6040 gpu_i8_groups=0 gpu_i8_refs=0 fp32_groups=0 ane_min_refs=512 concurrent=1 ane_pipeline=1 output_queue=4 async_ane=8 gpu_overlap=213 finishes=8 waits=16
ds4: Flash-MoE overlap plan layer=27 exec_groups=221 planned_ane_groups=8 planned_ane_refs=6040 planned_gpu_groups=213 planned_gpu_refs=18536 tail_gpu_groups=0 tail_gpu_refs=0 planned_ssd_groups=221 est_gpu=32168.0 est_ane=1355.0 est_idle=95.79% wall=183.704 ms actual_ane_groups=8 actual_ane_refs=6040 actual_gpu_groups=0 actual_gpu_refs=0 finishes=8 waits=16 overlap_gpu_groups=213
ds4: Flash-MoE async pread canceled queued=0 reading=0 ready=309 finished=0
ds4: gpu chunked prefill pos=4096 tokens=4096 layer 27 encode=241.654 ms execute=9.463 ms
ds4: Flash-MoE prefill layer=28 tokens=4096 unique=212 refs=24576 sync=153.855 ms plan=0.374 ms stage/compute=186.560 ms misses=212
ds4: Flash-MoE hybrid prefill layer=28 ane_groups=7 ane_refs=5026 gpu_i8_groups=0 gpu_i8_refs=0 fp32_groups=0 ane_min_refs=512 concurrent=1 ane_pipeline=1 output_queue=4 async_ane=7 gpu_overlap=205 finishes=7 waits=14
ds4: Flash-MoE overlap plan layer=28 exec_groups=212 planned_ane_groups=7 planned_ane_refs=5026 planned_gpu_groups=205 planned_gpu_refs=19550 tail_gpu_groups=0 tail_gpu_refs=0 planned_ssd_groups=212 est_gpu=32670.0 est_ane=1182.1 est_idle=96.38% wall=185.844 ms actual_ane_groups=7 actual_ane_refs=5026 actual_gpu_groups=0 actual_gpu_refs=0 finishes=7 waits=14 overlap_gpu_groups=205
ds4: Flash-MoE async pread canceled queued=0 reading=0 ready=316 finished=0
ds4: gpu chunked prefill pos=4096 tokens=4096 layer 28 encode=341.341 ms execute=9.491 ms
ds4: Flash-MoE prefill layer=29 tokens=4096 unique=202 refs=24576 sync=53.163 ms plan=0.477 ms stage/compute=172.266 ms misses=202
ds4: Flash-MoE hybrid prefill layer=29 ane_groups=8 ane_refs=6077 gpu_i8_groups=0 gpu_i8_refs=0 fp32_groups=0 ane_min_refs=512 concurrent=1 ane_pipeline=1 output_queue=4 async_ane=8 gpu_overlap=194 finishes=8 waits=16
ds4: Flash-MoE overlap plan layer=29 exec_groups=202 planned_ane_groups=8 planned_ane_refs=6077 planned_gpu_groups=194 planned_gpu_refs=18499 tail_gpu_groups=0 tail_gpu_refs=0 planned_ssd_groups=202 est_gpu=30915.0 est_ane=1352.4 est_idle=95.63% wall=171.565 ms actual_ane_groups=8 actual_ane_refs=6077 actual_gpu_groups=0 actual_gpu_refs=0 finishes=8 waits=16 overlap_gpu_groups=194
ds4: Flash-MoE async pread canceled queued=0 reading=0 ready=330 finished=0
ds4: gpu chunked prefill pos=4096 tokens=4096 layer 29 encode=229.965 ms execute=9.453 ms
ds4: Flash-MoE prefill layer=30 tokens=4096 unique=216 refs=24576 sync=154.291 ms plan=0.407 ms stage/compute=197.053 ms misses=216
ds4: Flash-MoE hybrid prefill layer=30 ane_groups=3 ane_refs=1917 gpu_i8_groups=0 gpu_i8_refs=0 fp32_groups=0 ane_min_refs=512 concurrent=1 ane_pipeline=1 output_queue=4 async_ane=3 gpu_overlap=213 finishes=3 waits=6
ds4: Flash-MoE overlap plan layer=30 exec_groups=216 planned_ane_groups=3 planned_ane_refs=1917 planned_gpu_groups=213 planned_gpu_refs=22659 tail_gpu_groups=0 tail_gpu_refs=0 planned_ssd_groups=216 est_gpu=36291.0 est_ane=503.3 est_idle=98.61% wall=196.261 ms actual_ane_groups=3 actual_ane_refs=1917 actual_gpu_groups=0 actual_gpu_refs=0 finishes=3 waits=6 overlap_gpu_groups=213
ds4: Flash-MoE async pread canceled queued=0 reading=0 ready=342 finished=0
ds4: gpu chunked prefill pos=4096 tokens=4096 layer 30 encode=352.253 ms execute=9.407 ms
ds4: Flash-MoE prefill layer=31 tokens=4096 unique=214 refs=24576 sync=53.709 ms plan=0.375 ms stage/compute=183.408 ms misses=214
ds4: Flash-MoE hybrid prefill layer=31 ane_groups=7 ane_refs=4557 gpu_i8_groups=0 gpu_i8_refs=0 fp32_groups=0 ane_min_refs=512 concurrent=1 ane_pipeline=1 output_queue=4 async_ane=7 gpu_overlap=207 finishes=7 waits=14
ds4: Flash-MoE overlap plan layer=31 exec_groups=214 planned_ane_groups=7 planned_ane_refs=4557 planned_gpu_groups=207 planned_gpu_refs=20019 tail_gpu_groups=0 tail_gpu_refs=0 planned_ssd_groups=214 est_gpu=33267.0 est_ane=1176.9 est_idle=96.46% wall=182.695 ms actual_ane_groups=7 actual_ane_refs=4557 actual_gpu_groups=0 actual_gpu_refs=0 finishes=7 waits=14 overlap_gpu_groups=207
ds4: Flash-MoE async pread canceled queued=0 reading=0 ready=348 finished=0
ds4: gpu chunked prefill pos=4096 tokens=4096 layer 31 encode=241.194 ms execute=9.412 ms
ds4: Flash-MoE prefill layer=32 tokens=4096 unique=216 refs=24576 sync=155.056 ms plan=0.514 ms stage/compute=186.361 ms misses=216
ds4: Flash-MoE hybrid prefill layer=32 ane_groups=7 ane_refs=5072 gpu_i8_groups=0 gpu_i8_refs=0 fp32_groups=0 ane_min_refs=512 concurrent=1 ane_pipeline=1 output_queue=4 async_ane=7 gpu_overlap=209 finishes=7 waits=14
ds4: Flash-MoE overlap plan layer=32 exec_groups=216 planned_ane_groups=7 planned_ane_refs=5072 planned_gpu_groups=209 planned_gpu_refs=19504 tail_gpu_groups=0 tail_gpu_refs=0 planned_ssd_groups=216 est_gpu=32880.0 est_ane=1182.1 est_idle=96.40% wall=185.653 ms actual_ane_groups=7 actual_ane_refs=5072 actual_gpu_groups=0 actual_gpu_refs=0 finishes=7 waits=14 overlap_gpu_groups=209
ds4: Flash-MoE async pread canceled queued=0 reading=0 ready=357 finished=0
ds4: gpu chunked prefill pos=4096 tokens=4096 layer 32 encode=342.491 ms execute=9.572 ms
ds4: Flash-MoE prefill layer=33 tokens=4096 unique=204 refs=24576 sync=53.120 ms plan=0.402 ms stage/compute=175.609 ms misses=204
ds4: Flash-MoE hybrid prefill layer=33 ane_groups=10 ane_refs=7612 gpu_i8_groups=0 gpu_i8_refs=0 fp32_groups=0 ane_min_refs=512 concurrent=1 ane_pipeline=1 output_queue=4 async_ane=10 gpu_overlap=194 finishes=10 waits=20
ds4: Flash-MoE overlap plan layer=33 exec_groups=204 planned_ane_groups=10 planned_ane_refs=7612 planned_gpu_groups=194 planned_gpu_refs=16964 tail_gpu_groups=0 tail_gpu_refs=0 planned_ssd_groups=204 est_gpu=29380.0 est_ane=1693.1 est_idle=94.24% wall=174.831 ms actual_ane_groups=10 actual_ane_refs=7612 actual_gpu_groups=0 actual_gpu_refs=0 finishes=10 waits=20 overlap_gpu_groups=194
ds4: Flash-MoE async pread canceled queued=0 reading=0 ready=365 finished=0
ds4: gpu chunked prefill pos=4096 tokens=4096 layer 33 encode=232.770 ms execute=9.372 ms
ds4: Flash-MoE prefill layer=34 tokens=4096 unique=209 refs=24576 sync=153.187 ms plan=0.372 ms stage/compute=185.079 ms misses=209
ds4: Flash-MoE hybrid prefill layer=34 ane_groups=8 ane_refs=7675 gpu_i8_groups=0 gpu_i8_refs=0 fp32_groups=0 ane_min_refs=512 concurrent=1 ane_pipeline=1 output_queue=4 async_ane=8 gpu_overlap=201 finishes=8 waits=16
ds4: Flash-MoE overlap plan layer=34 exec_groups=209 planned_ane_groups=8 planned_ane_refs=7675 planned_gpu_groups=201 planned_gpu_refs=16901 tail_gpu_groups=0 tail_gpu_refs=0 planned_ssd_groups=209 est_gpu=29765.0 est_ane=1370.5 est_idle=95.40% wall=184.386 ms actual_ane_groups=8 actual_ane_refs=7675 actual_gpu_groups=0 actual_gpu_refs=0 finishes=8 waits=16 overlap_gpu_groups=201
ds4: Flash-MoE async pread canceled queued=0 reading=0 ready=375 finished=0
ds4: gpu chunked prefill pos=4096 tokens=4096 layer 34 encode=339.170 ms execute=9.689 ms
ds4: Flash-MoE prefill layer=35 tokens=4096 unique=210 refs=24576 sync=52.912 ms plan=0.373 ms stage/compute=175.315 ms misses=210
ds4: Flash-MoE hybrid prefill layer=35 ane_groups=10 ane_refs=7476 gpu_i8_groups=0 gpu_i8_refs=0 fp32_groups=0 ane_min_refs=512 concurrent=1 ane_pipeline=1 output_queue=4 async_ane=10 gpu_overlap=200 finishes=10 waits=20
ds4: Flash-MoE overlap plan layer=35 exec_groups=210 planned_ane_groups=10 planned_ane_refs=7476 planned_gpu_groups=200 planned_gpu_refs=17100 tail_gpu_groups=0 tail_gpu_refs=0 planned_ssd_groups=210 est_gpu=29900.0 est_ane=1690.5 est_idle=94.35% wall=174.576 ms actual_ane_groups=10 actual_ane_refs=7476 actual_gpu_groups=0 actual_gpu_refs=0 finishes=10 waits=20 overlap_gpu_groups=200
ds4: Flash-MoE async pread canceled queued=0 reading=0 ready=386 finished=0
ds4: gpu chunked prefill pos=4096 tokens=4096 layer 35 encode=231.996 ms execute=9.430 ms
ds4: Flash-MoE prefill layer=36 tokens=4096 unique=213 refs=24576 sync=153.806 ms plan=0.394 ms stage/compute=184.378 ms misses=213
ds4: Flash-MoE hybrid prefill layer=36 ane_groups=10 ane_refs=8922 gpu_i8_groups=0 gpu_i8_refs=0 fp32_groups=0 ane_min_refs=512 concurrent=1 ane_pipeline=1 output_queue=4 async_ane=10 gpu_overlap=203 finishes=10 waits=20
ds4: Flash-MoE overlap plan layer=36 exec_groups=213 planned_ane_groups=10 planned_ane_refs=8922 planned_gpu_groups=203 planned_gpu_refs=15654 tail_gpu_groups=0 tail_gpu_refs=0 planned_ssd_groups=213 est_gpu=28646.0 est_ane=1700.8 est_idle=94.06% wall=183.650 ms actual_ane_groups=10 actual_ane_refs=8922 actual_gpu_groups=0 actual_gpu_refs=0 finishes=10 waits=20 overlap_gpu_groups=203
ds4: Flash-MoE async pread canceled queued=0 reading=0 ready=395 finished=0
ds4: gpu chunked prefill pos=4096 tokens=4096 layer 36 encode=339.080 ms execute=9.549 ms
ds4: Flash-MoE prefill layer=37 tokens=4096 unique=209 refs=24576 sync=53.796 ms plan=0.491 ms stage/compute=183.632 ms misses=209
ds4: Flash-MoE hybrid prefill layer=37 ane_groups=8 ane_refs=7560 gpu_i8_groups=0 gpu_i8_refs=0 fp32_groups=0 ane_min_refs=512 concurrent=1 ane_pipeline=1 output_queue=4 async_ane=8 gpu_overlap=201 finishes=8 waits=16
ds4: Flash-MoE overlap plan layer=37 exec_groups=209 planned_ane_groups=8 planned_ane_refs=7560 planned_gpu_groups=201 planned_gpu_refs=17016 tail_gpu_groups=0 tail_gpu_refs=0 planned_ssd_groups=209 est_gpu=29880.0 est_ane=1365.3 est_idle=95.43% wall=182.876 ms actual_ane_groups=8 actual_ane_refs=7560 actual_gpu_groups=0 actual_gpu_refs=0 finishes=8 waits=16 overlap_gpu_groups=201
ds4: Flash-MoE async pread canceled queued=0 reading=0 ready=406 finished=0
ds4: gpu chunked prefill pos=4096 tokens=4096 layer 37 encode=241.348 ms execute=9.511 ms
ds4: Flash-MoE prefill layer=38 tokens=4096 unique=215 refs=24576 sync=153.291 ms plan=0.350 ms stage/compute=186.481 ms misses=215
ds4: Flash-MoE hybrid prefill layer=38 ane_groups=8 ane_refs=6773 gpu_i8_groups=0 gpu_i8_refs=0 fp32_groups=0 ane_min_refs=512 concurrent=1 ane_pipeline=1 output_queue=4 async_ane=8 gpu_overlap=207 finishes=8 waits=16
ds4: Flash-MoE overlap plan layer=38 exec_groups=215 planned_ane_groups=8 planned_ane_refs=6773 planned_gpu_groups=207 planned_gpu_refs=17803 tail_gpu_groups=0 tail_gpu_refs=0 planned_ssd_groups=215 est_gpu=31051.0 est_ane=1362.7 est_idle=95.61% wall=185.758 ms actual_ane_groups=8 actual_ane_refs=6773 actual_gpu_groups=0 actual_gpu_refs=0 finishes=8 waits=16 overlap_gpu_groups=207
ds4: Flash-MoE async pread canceled queued=0 reading=0 ready=415 finished=0
ds4: gpu chunked prefill pos=4096 tokens=4096 layer 38 encode=340.666 ms execute=9.630 ms
ds4: Flash-MoE prefill layer=39 tokens=4096 unique=223 refs=24576 sync=53.281 ms plan=0.440 ms stage/compute=189.536 ms misses=223
ds4: Flash-MoE hybrid prefill layer=39 ane_groups=9 ane_refs=6533 gpu_i8_groups=0 gpu_i8_refs=0 fp32_groups=0 ane_min_refs=512 concurrent=1 ane_pipeline=1 output_queue=4 async_ane=9 gpu_overlap=214 finishes=9 waits=18
ds4: Flash-MoE overlap plan layer=39 exec_groups=223 planned_ane_groups=9 planned_ane_refs=6533 planned_gpu_groups=214 planned_gpu_refs=18043 tail_gpu_groups=0 tail_gpu_refs=0 planned_ssd_groups=223 est_gpu=31739.0 est_ane=1522.7 est_idle=95.20% wall=188.755 ms actual_ane_groups=9 actual_ane_refs=6533 actual_gpu_groups=0 actual_gpu_refs=0 finishes=9 waits=18 overlap_gpu_groups=214
ds4: Flash-MoE async pread canceled queued=0 reading=0 ready=421 finished=0
ds4: gpu chunked prefill pos=4096 tokens=4096 layer 39 encode=246.799 ms execute=9.458 ms
ds4: Flash-MoE prefill layer=40 tokens=4096 unique=171 refs=24576 sync=153.820 ms plan=0.434 ms stage/compute=170.439 ms misses=171
ds4: Flash-MoE hybrid prefill layer=40 ane_groups=10 ane_refs=10489 gpu_i8_groups=0 gpu_i8_refs=0 fp32_groups=0 ane_min_refs=512 concurrent=1 ane_pipeline=1 output_queue=4 async_ane=10 gpu_overlap=161 finishes=10 waits=20
ds4: Flash-MoE overlap plan layer=40 exec_groups=171 planned_ane_groups=10 planned_ane_refs=10489 planned_gpu_groups=161 planned_gpu_refs=14087 tail_gpu_groups=0 tail_gpu_refs=0 planned_ssd_groups=171 est_gpu=24391.0 est_ane=1716.4 est_idle=92.96% wall=169.749 ms actual_ane_groups=10 actual_ane_refs=10489 actual_gpu_groups=0 actual_gpu_refs=0 finishes=10 waits=20 overlap_gpu_groups=161
ds4: Flash-MoE async pread canceled queued=0 reading=0 ready=436 finished=0
ds4: gpu chunked prefill pos=4096 tokens=4096 layer 40 encode=325.231 ms execute=9.434 ms
ds4: Flash-MoE prefill layer=41 tokens=4096 unique=181 refs=24576 sync=53.414 ms plan=0.486 ms stage/compute=172.088 ms misses=181
ds4: Flash-MoE hybrid prefill layer=41 ane_groups=7 ane_refs=5622 gpu_i8_groups=0 gpu_i8_refs=0 fp32_groups=0 ane_min_refs=512 concurrent=1 ane_pipeline=1 output_queue=4 async_ane=7 gpu_overlap=174 finishes=7 waits=14
ds4: Flash-MoE overlap plan layer=41 exec_groups=181 planned_ane_groups=7 planned_ane_refs=5622 planned_gpu_groups=174 planned_gpu_refs=18954 tail_gpu_groups=0 tail_gpu_refs=0 planned_ssd_groups=181 est_gpu=30090.0 est_ane=1187.2 est_idle=96.05% wall=171.412 ms actual_ane_groups=7 actual_ane_refs=5622 actual_gpu_groups=0 actual_gpu_refs=0 finishes=7 waits=14 overlap_gpu_groups=174
ds4: Flash-MoE async pread canceled queued=0 reading=0 ready=449 finished=0
ds4: gpu chunked prefill pos=4096 tokens=4096 layer 41 encode=229.432 ms execute=9.760 ms
ds4: Flash-MoE prefill layer=42 tokens=4096 unique=201 refs=24576 sync=155.314 ms plan=0.335 ms stage/compute=184.443 ms misses=201
ds4: Flash-MoE hybrid prefill layer=42 ane_groups=7 ane_refs=5955 gpu_i8_groups=0 gpu_i8_refs=0 fp32_groups=0 ane_min_refs=512 concurrent=1 ane_pipeline=1 output_queue=4 async_ane=7 gpu_overlap=194 finishes=7 waits=14
ds4: Flash-MoE overlap plan layer=42 exec_groups=201 planned_ane_groups=7 planned_ane_refs=5955 planned_gpu_groups=194 planned_gpu_refs=18621 tail_gpu_groups=0 tail_gpu_refs=0 planned_ssd_groups=201 est_gpu=31037.0 est_ane=1192.4 est_idle=96.16% wall=183.707 ms actual_ane_groups=7 actual_ane_refs=5955 actual_gpu_groups=0 actual_gpu_refs=0 finishes=7 waits=14 overlap_gpu_groups=194
ds4: Flash-MoE async pread canceled queued=0 reading=0 ready=463 finished=0
ds4: gpu chunked prefill pos=4096 tokens=4096 layer 42 encode=340.622 ms execute=9.238 ms
processing 8423 input tokens: 8192/8423 (97.3%) batch=315.30 t/s avg=315.47 t/s
ds4: Flash-MoE prefill layer=0 tokens=231 unique=251 refs=1386 sync=4.879 ms plan=0.366 ms stage/compute=92.758 ms misses=251
ds4: Flash-MoE hybrid prefill layer=0 ane_groups=0 ane_refs=0 gpu_i8_groups=0 gpu_i8_refs=0 fp32_groups=0 ane_min_refs=512 concurrent=1 ane_pipeline=1 output_queue=4 async_ane=0 gpu_overlap=0 finishes=0 waits=0
ds4: Flash-MoE overlap plan layer=0 exec_groups=251 planned_ane_groups=0 planned_ane_refs=0 planned_gpu_groups=251 planned_gpu_refs=1386 tail_gpu_groups=0 tail_gpu_refs=0 planned_ssd_groups=251 est_gpu=17450.0 est_ane=0.0 est_idle=100.00% wall=92.461 ms actual_ane_groups=0 actual_ane_refs=0 actual_gpu_groups=0 actual_gpu_refs=0 finishes=0 waits=0 overlap_gpu_groups=0
ds4: Flash-MoE async pread canceled queued=0 reading=0 ready=463 finished=0
ds4: gpu chunked prefill pos=8192 tokens=231 layer 0 encode=98.358 ms execute=0.949 ms
ds4: Flash-MoE prefill layer=1 tokens=231 unique=254 refs=1386 sync=4.695 ms plan=0.355 ms stage/compute=93.251 ms misses=254
ds4: Flash-MoE hybrid prefill layer=1 ane_groups=0 ane_refs=0 gpu_i8_groups=0 gpu_i8_refs=0 fp32_groups=0 ane_min_refs=512 concurrent=1 ane_pipeline=1 output_queue=4 async_ane=0 gpu_overlap=0 finishes=0 waits=0
ds4: Flash-MoE overlap plan layer=1 exec_groups=254 planned_ane_groups=0 planned_ane_refs=0 planned_gpu_groups=254 planned_gpu_refs=1386 tail_gpu_groups=0 tail_gpu_refs=0 planned_ssd_groups=254 est_gpu=17642.0 est_ane=0.0 est_idle=100.00% wall=92.890 ms actual_ane_groups=0 actual_ane_refs=0 actual_gpu_groups=0 actual_gpu_refs=0 finishes=0 waits=0 overlap_gpu_groups=0
ds4: Flash-MoE async pread canceled queued=0 reading=0 ready=463 finished=0
ds4: gpu chunked prefill pos=8192 tokens=231 layer 1 encode=98.542 ms execute=0.937 ms
ds4: Flash-MoE prefill layer=2 tokens=231 unique=252 refs=1386 sync=14.710 ms plan=0.305 ms stage/compute=89.153 ms misses=252
ds4: Flash-MoE hybrid prefill layer=2 ane_groups=0 ane_refs=0 gpu_i8_groups=0 gpu_i8_refs=0 fp32_groups=0 ane_min_refs=512 concurrent=1 ane_pipeline=1 output_queue=4 async_ane=0 gpu_overlap=0 finishes=0 waits=0
ds4: Flash-MoE overlap plan layer=2 exec_groups=252 planned_ane_groups=0 planned_ane_refs=0 planned_gpu_groups=252 planned_gpu_refs=1386 tail_gpu_groups=0 tail_gpu_refs=0 planned_ssd_groups=252 est_gpu=17514.0 est_ane=0.0 est_idle=100.00% wall=88.863 ms actual_ane_groups=0 actual_ane_refs=0 actual_gpu_groups=0 actual_gpu_refs=0 finishes=0 waits=0 overlap_gpu_groups=0
ds4: Flash-MoE async pread canceled queued=0 reading=0 ready=463 finished=0
ds4: gpu chunked prefill pos=8192 tokens=231 layer 2 encode=105.209 ms execute=0.934 ms
ds4: Flash-MoE prefill layer=3 tokens=231 unique=193 refs=1386 sync=5.649 ms plan=0.326 ms stage/compute=73.837 ms misses=193
ds4: Flash-MoE hybrid prefill layer=3 ane_groups=0 ane_refs=0 gpu_i8_groups=0 gpu_i8_refs=0 fp32_groups=0 ane_min_refs=512 concurrent=1 ane_pipeline=1 output_queue=4 async_ane=0 gpu_overlap=0 finishes=0 waits=0
ds4: Flash-MoE overlap plan layer=3 exec_groups=193 planned_ane_groups=0 planned_ane_refs=0 planned_gpu_groups=193 planned_gpu_refs=1386 tail_gpu_groups=0 tail_gpu_refs=0 planned_ssd_groups=193 est_gpu=13738.0 est_ane=0.0 est_idle=100.00% wall=73.611 ms actual_ane_groups=0 actual_ane_refs=0 actual_gpu_groups=0 actual_gpu_refs=0 finishes=0 waits=0 overlap_gpu_groups=0
ds4: Flash-MoE async pread canceled queued=0 reading=0 ready=476 finished=0
ds4: gpu chunked prefill pos=8192 tokens=231 layer 3 encode=80.342 ms execute=0.937 ms
ds4: Flash-MoE prefill layer=4 tokens=231 unique=183 refs=1386 sync=14.703 ms plan=0.342 ms stage/compute=70.653 ms misses=183
ds4: Flash-MoE hybrid prefill layer=4 ane_groups=0 ane_refs=0 gpu_i8_groups=0 gpu_i8_refs=0 fp32_groups=0 ane_min_refs=512 concurrent=1 ane_pipeline=1 output_queue=4 async_ane=0 gpu_overlap=0 finishes=0 waits=0
ds4: Flash-MoE overlap plan layer=4 exec_groups=183 planned_ane_groups=0 planned_ane_refs=0 planned_gpu_groups=183 planned_gpu_refs=1386 tail_gpu_groups=0 tail_gpu_refs=0 planned_ssd_groups=183 est_gpu=13098.0 est_ane=0.0 est_idle=100.00% wall=70.419 ms actual_ane_groups=0 actual_ane_refs=0 actual_gpu_groups=0 actual_gpu_refs=0 finishes=0 waits=0 overlap_gpu_groups=0
ds4: Flash-MoE async pread canceled queued=0 reading=0 ready=487 finished=0
ds4: gpu chunked prefill pos=8192 tokens=231 layer 4 encode=86.725 ms execute=1.127 ms
ds4: Flash-MoE prefill layer=5 tokens=231 unique=197 refs=1386 sync=5.844 ms plan=0.311 ms stage/compute=73.204 ms misses=197
ds4: Flash-MoE hybrid prefill layer=5 ane_groups=0 ane_refs=0 gpu_i8_groups=0 gpu_i8_refs=0 fp32_groups=0 ane_min_refs=512 concurrent=1 ane_pipeline=1 output_queue=4 async_ane=0 gpu_overlap=0 finishes=0 waits=0
ds4: Flash-MoE overlap plan layer=5 exec_groups=197 planned_ane_groups=0 planned_ane_refs=0 planned_gpu_groups=197 planned_gpu_refs=1386 tail_gpu_groups=0 tail_gpu_refs=0 planned_ssd_groups=197 est_gpu=13994.0 est_ane=0.0 est_idle=100.00% wall=72.967 ms actual_ane_groups=0 actual_ane_refs=0 actual_gpu_groups=0 actual_gpu_refs=0 finishes=0 waits=0 overlap_gpu_groups=0
ds4: Flash-MoE async pread canceled queued=0 reading=0 ready=501 finished=0
ds4: gpu chunked prefill pos=8192 tokens=231 layer 5 encode=80.166 ms execute=0.936 ms
ds4: Flash-MoE prefill layer=6 tokens=231 unique=194 refs=1386 sync=14.752 ms plan=0.302 ms stage/compute=72.148 ms misses=194
ds4: Flash-MoE hybrid prefill layer=6 ane_groups=0 ane_refs=0 gpu_i8_groups=0 gpu_i8_refs=0 fp32_groups=0 ane_min_refs=512 concurrent=1 ane_pipeline=1 output_queue=4 async_ane=0 gpu_overlap=0 finishes=0 waits=0
ds4: Flash-MoE overlap plan layer=6 exec_groups=194 planned_ane_groups=0 planned_ane_refs=0 planned_gpu_groups=194 planned_gpu_refs=1386 tail_gpu_groups=0 tail_gpu_refs=0 planned_ssd_groups=194 est_gpu=13802.0 est_ane=0.0 est_idle=100.00% wall=71.923 ms actual_ane_groups=0 actual_ane_refs=0 actual_gpu_groups=0 actual_gpu_refs=0 finishes=0 waits=0 overlap_gpu_groups=0
ds4: Flash-MoE async pread canceled queued=0 reading=0 ready=511 finished=0
ds4: gpu chunked prefill pos=8192 tokens=231 layer 6 encode=88.207 ms execute=0.941 ms
ds4: Flash-MoE prefill layer=7 tokens=231 unique=178 refs=1386 sync=5.606 ms plan=0.342 ms stage/compute=67.273 ms misses=178
ds4: Flash-MoE hybrid prefill layer=7 ane_groups=0 ane_refs=0 gpu_i8_groups=0 gpu_i8_refs=0 fp32_groups=0 ane_min_refs=512 concurrent=1 ane_pipeline=1 output_queue=4 async_ane=0 gpu_overlap=0 finishes=0 waits=0
ds4: Flash-MoE overlap plan layer=7 exec_groups=178 planned_ane_groups=0 planned_ane_refs=0 planned_gpu_groups=178 planned_gpu_refs=1386 tail_gpu_groups=0 tail_gpu_refs=0 planned_ssd_groups=178 est_gpu=12778.0 est_ane=0.0 est_idle=100.00% wall=67.068 ms actual_ane_groups=0 actual_ane_refs=0 actual_gpu_groups=0 actual_gpu_refs=0 finishes=0 waits=0 overlap_gpu_groups=0
ds4: Flash-MoE async pread canceled queued=0 reading=0 ready=523 finished=0
ds4: gpu chunked prefill pos=8192 tokens=231 layer 7 encode=73.730 ms execute=0.951 ms
ds4: Flash-MoE prefill layer=8 tokens=231 unique=179 refs=1386 sync=14.722 ms plan=0.332 ms stage/compute=66.298 ms misses=179
ds4: Flash-MoE hybrid prefill layer=8 ane_groups=0 ane_refs=0 gpu_i8_groups=0 gpu_i8_refs=0 fp32_groups=0 ane_min_refs=512 concurrent=1 ane_pipeline=1 output_queue=4 async_ane=0 gpu_overlap=0 finishes=0 waits=0
ds4: Flash-MoE overlap plan layer=8 exec_groups=179 planned_ane_groups=0 planned_ane_refs=0 planned_gpu_groups=179 planned_gpu_refs=1386 tail_gpu_groups=0 tail_gpu_refs=0 planned_ssd_groups=179 est_gpu=12842.0 est_ane=0.0 est_idle=100.00% wall=66.075 ms actual_ane_groups=0 actual_ane_refs=0 actual_gpu_groups=0 actual_gpu_refs=0 finishes=0 waits=0 overlap_gpu_groups=0
ds4: Flash-MoE async pread canceled queued=0 reading=0 ready=535 finished=0
ds4: gpu chunked prefill pos=8192 tokens=231 layer 8 encode=82.336 ms execute=0.936 ms
ds4: Flash-MoE prefill layer=9 tokens=231 unique=188 refs=1386 sync=5.582 ms plan=0.330 ms stage/compute=70.821 ms misses=188
ds4: Flash-MoE hybrid prefill layer=9 ane_groups=0 ane_refs=0 gpu_i8_groups=0 gpu_i8_refs=0 fp32_groups=0 ane_min_refs=512 concurrent=1 ane_pipeline=1 output_queue=4 async_ane=0 gpu_overlap=0 finishes=0 waits=0
ds4: Flash-MoE overlap plan layer=9 exec_groups=188 planned_ane_groups=0 planned_ane_refs=0 planned_gpu_groups=188 planned_gpu_refs=1386 tail_gpu_groups=0 tail_gpu_refs=0 planned_ssd_groups=188 est_gpu=13418.0 est_ane=0.0 est_idle=100.00% wall=70.597 ms actual_ane_groups=0 actual_ane_refs=0 actual_gpu_groups=0 actual_gpu_refs=0 finishes=0 waits=0 overlap_gpu_groups=0
ds4: Flash-MoE async pread canceled queued=0 reading=0 ready=549 finished=0
ds4: gpu chunked prefill pos=8192 tokens=231 layer 9 encode=77.219 ms execute=0.948 ms
ds4: Flash-MoE prefill layer=10 tokens=231 unique=177 refs=1386 sync=14.586 ms plan=0.325 ms stage/compute=66.988 ms misses=177
ds4: Flash-MoE hybrid prefill layer=10 ane_groups=0 ane_refs=0 gpu_i8_groups=0 gpu_i8_refs=0 fp32_groups=0 ane_min_refs=512 concurrent=1 ane_pipeline=1 output_queue=4 async_ane=0 gpu_overlap=0 finishes=0 waits=0
ds4: Flash-MoE overlap plan layer=10 exec_groups=177 planned_ane_groups=0 planned_ane_refs=0 planned_gpu_groups=177 planned_gpu_refs=1386 tail_gpu_groups=0 tail_gpu_refs=0 planned_ssd_groups=177 est_gpu=12714.0 est_ane=0.0 est_idle=100.00% wall=66.780 ms actual_ane_groups=0 actual_ane_refs=0 actual_gpu_groups=0 actual_gpu_refs=0 finishes=0 waits=0 overlap_gpu_groups=0
ds4: Flash-MoE async pread canceled queued=0 reading=0 ready=567 finished=0
ds4: gpu chunked prefill pos=8192 tokens=231 layer 10 encode=82.843 ms execute=0.930 ms
ds4: Flash-MoE prefill layer=11 tokens=231 unique=181 refs=1386 sync=5.498 ms plan=0.309 ms stage/compute=69.229 ms misses=181
ds4: Flash-MoE hybrid prefill layer=11 ane_groups=0 ane_refs=0 gpu_i8_groups=0 gpu_i8_refs=0 fp32_groups=0 ane_min_refs=512 concurrent=1 ane_pipeline=1 output_queue=4 async_ane=0 gpu_overlap=0 finishes=0 waits=0
ds4: Flash-MoE overlap plan layer=11 exec_groups=181 planned_ane_groups=0 planned_ane_refs=0 planned_gpu_groups=181 planned_gpu_refs=1386 tail_gpu_groups=0 tail_gpu_refs=0 planned_ssd_groups=181 est_gpu=12970.0 est_ane=0.0 est_idle=100.00% wall=68.995 ms actual_ane_groups=0 actual_ane_refs=0 actual_gpu_groups=0 actual_gpu_refs=0 finishes=0 waits=0 overlap_gpu_groups=0
ds4: Flash-MoE async pread canceled queued=0 reading=0 ready=579 finished=0
ds4: gpu chunked prefill pos=8192 tokens=231 layer 11 encode=75.536 ms execute=0.955 ms
ds4: Flash-MoE prefill layer=12 tokens=231 unique=149 refs=1386 sync=14.635 ms plan=0.319 ms stage/compute=61.697 ms misses=149
ds4: Flash-MoE hybrid prefill layer=12 ane_groups=0 ane_refs=0 gpu_i8_groups=0 gpu_i8_refs=0 fp32_groups=0 ane_min_refs=512 concurrent=1 ane_pipeline=1 output_queue=4 async_ane=0 gpu_overlap=0 finishes=0 waits=0
ds4: Flash-MoE overlap plan layer=12 exec_groups=149 planned_ane_groups=0 planned_ane_refs=0 planned_gpu_groups=149 planned_gpu_refs=1386 tail_gpu_groups=0 tail_gpu_refs=0 planned_ssd_groups=149 est_gpu=10922.0 est_ane=0.0 est_idle=100.00% wall=61.496 ms actual_ane_groups=0 actual_ane_refs=0 actual_gpu_groups=0 actual_gpu_refs=0 finishes=0 waits=0 overlap_gpu_groups=0
ds4: Flash-MoE async pread canceled queued=0 reading=0 ready=595 finished=0
ds4: gpu chunked prefill pos=8192 tokens=231 layer 12 encode=77.686 ms execute=0.933 ms
ds4: Flash-MoE prefill layer=13 tokens=231 unique=168 refs=1386 sync=5.609 ms plan=0.348 ms stage/compute=64.761 ms misses=168
ds4: Flash-MoE hybrid prefill layer=13 ane_groups=0 ane_refs=0 gpu_i8_groups=0 gpu_i8_refs=0 fp32_groups=0 ane_min_refs=512 concurrent=1 ane_pipeline=1 output_queue=4 async_ane=0 gpu_overlap=0 finishes=0 waits=0
ds4: Flash-MoE overlap plan layer=13 exec_groups=168 planned_ane_groups=0 planned_ane_refs=0 planned_gpu_groups=168 planned_gpu_refs=1386 tail_gpu_groups=0 tail_gpu_refs=0 planned_ssd_groups=168 est_gpu=12138.0 est_ane=0.0 est_idle=100.00% wall=64.536 ms actual_ane_groups=0 actual_ane_refs=0 actual_gpu_groups=0 actual_gpu_refs=0 finishes=0 waits=0 overlap_gpu_groups=0
ds4: Flash-MoE async pread canceled queued=0 reading=2 ready=613 finished=2
ds4: gpu chunked prefill pos=8192 tokens=231 layer 13 encode=71.240 ms execute=0.957 ms
ds4: Flash-MoE prefill layer=14 tokens=231 unique=165 refs=1386 sync=14.557 ms plan=0.295 ms stage/compute=64.513 ms misses=165
ds4: Flash-MoE hybrid prefill layer=14 ane_groups=0 ane_refs=0 gpu_i8_groups=0 gpu_i8_refs=0 fp32_groups=0 ane_min_refs=512 concurrent=1 ane_pipeline=1 output_queue=4 async_ane=0 gpu_overlap=0 finishes=0 waits=0
ds4: Flash-MoE overlap plan layer=14 exec_groups=165 planned_ane_groups=0 planned_ane_refs=0 planned_gpu_groups=165 planned_gpu_refs=1386 tail_gpu_groups=0 tail_gpu_refs=0 planned_ssd_groups=165 est_gpu=11946.0 est_ane=0.0 est_idle=100.00% wall=64.318 ms actual_ane_groups=0 actual_ane_refs=0 actual_gpu_groups=0 actual_gpu_refs=0 finishes=0 waits=0 overlap_gpu_groups=0
ds4: Flash-MoE async pread canceled queued=0 reading=2 ready=625 finished=2
ds4: gpu chunked prefill pos=8192 tokens=231 layer 14 encode=80.394 ms execute=0.945 ms
ds4: Flash-MoE prefill layer=15 tokens=231 unique=158 refs=1386 sync=5.480 ms plan=0.318 ms stage/compute=62.320 ms misses=158
ds4: Flash-MoE hybrid prefill layer=15 ane_groups=0 ane_refs=0 gpu_i8_groups=0 gpu_i8_refs=0 fp32_groups=0 ane_min_refs=512 concurrent=1 ane_pipeline=1 output_queue=4 async_ane=0 gpu_overlap=0 finishes=0 waits=0
ds4: Flash-MoE overlap plan layer=15 exec_groups=158 planned_ane_groups=0 planned_ane_refs=0 planned_gpu_groups=158 planned_gpu_refs=1386 tail_gpu_groups=0 tail_gpu_refs=0 planned_ssd_groups=158 est_gpu=11498.0 est_ane=0.0 est_idle=100.00% wall=62.127 ms actual_ane_groups=0 actual_ane_refs=0 actual_gpu_groups=0 actual_gpu_refs=0 finishes=0 waits=0 overlap_gpu_groups=0
ds4: Flash-MoE async pread canceled queued=0 reading=2 ready=648 finished=2
ds4: gpu chunked prefill pos=8192 tokens=231 layer 15 encode=68.602 ms execute=0.957 ms
ds4: Flash-MoE prefill layer=16 tokens=231 unique=157 refs=1386 sync=14.669 ms plan=0.354 ms stage/compute=61.187 ms misses=157
ds4: Flash-MoE hybrid prefill layer=16 ane_groups=0 ane_refs=0 gpu_i8_groups=0 gpu_i8_refs=0 fp32_groups=0 ane_min_refs=512 concurrent=1 ane_pipeline=1 output_queue=4 async_ane=0 gpu_overlap=0 finishes=0 waits=0
ds4: Flash-MoE overlap plan layer=16 exec_groups=157 planned_ane_groups=0 planned_ane_refs=0 planned_gpu_groups=157 planned_gpu_refs=1386 tail_gpu_groups=0 tail_gpu_refs=0 planned_ssd_groups=157 est_gpu=11434.0 est_ane=0.0 est_idle=100.00% wall=60.976 ms actual_ane_groups=0 actual_ane_refs=0 actual_gpu_groups=0 actual_gpu_refs=0 finishes=0 waits=0 overlap_gpu_groups=0
ds4: Flash-MoE async pread canceled queued=0 reading=2 ready=668 finished=2
ds4: gpu chunked prefill pos=8192 tokens=231 layer 16 encode=77.226 ms execute=0.957 ms
ds4: Flash-MoE prefill layer=17 tokens=231 unique=166 refs=1386 sync=5.626 ms plan=0.387 ms stage/compute=62.875 ms misses=166
ds4: Flash-MoE hybrid prefill layer=17 ane_groups=0 ane_refs=0 gpu_i8_groups=0 gpu_i8_refs=0 fp32_groups=0 ane_min_refs=512 concurrent=1 ane_pipeline=1 output_queue=4 async_ane=0 gpu_overlap=0 finishes=0 waits=0
ds4: Flash-MoE overlap plan layer=17 exec_groups=166 planned_ane_groups=0 planned_ane_refs=0 planned_gpu_groups=166 planned_gpu_refs=1386 tail_gpu_groups=0 tail_gpu_refs=0 planned_ssd_groups=166 est_gpu=12010.0 est_ane=0.0 est_idle=100.00% wall=62.678 ms actual_ane_groups=0 actual_ane_refs=0 actual_gpu_groups=0 actual_gpu_refs=0 finishes=0 waits=0 overlap_gpu_groups=0
ds4: Flash-MoE async pread canceled queued=0 reading=2 ready=696 finished=2
ds4: gpu chunked prefill pos=8192 tokens=231 layer 17 encode=69.381 ms execute=0.982 ms
ds4: Flash-MoE prefill layer=18 tokens=231 unique=149 refs=1386 sync=14.581 ms plan=0.373 ms stage/compute=59.335 ms misses=149
ds4: Flash-MoE hybrid prefill layer=18 ane_groups=0 ane_refs=0 gpu_i8_groups=0 gpu_i8_refs=0 fp32_groups=0 ane_min_refs=512 concurrent=1 ane_pipeline=1 output_queue=4 async_ane=0 gpu_overlap=0 finishes=0 waits=0
ds4: Flash-MoE overlap plan layer=18 exec_groups=149 planned_ane_groups=0 planned_ane_refs=0 planned_gpu_groups=149 planned_gpu_refs=1386 tail_gpu_groups=0 tail_gpu_refs=0 planned_ssd_groups=149 est_gpu=10922.0 est_ane=0.0 est_idle=100.00% wall=59.137 ms actual_ane_groups=0 actual_ane_refs=0 actual_gpu_groups=0 actual_gpu_refs=0 finishes=0 waits=0 overlap_gpu_groups=0
ds4: Flash-MoE async pread canceled queued=0 reading=2 ready=720 finished=2
ds4: gpu chunked prefill pos=8192 tokens=231 layer 18 encode=75.273 ms execute=0.971 ms
ds4: Flash-MoE prefill layer=19 tokens=231 unique=191 refs=1386 sync=5.476 ms plan=0.329 ms stage/compute=73.449 ms misses=191
ds4: Flash-MoE hybrid prefill layer=19 ane_groups=0 ane_refs=0 gpu_i8_groups=0 gpu_i8_refs=0 fp32_groups=0 ane_min_refs=512 concurrent=1 ane_pipeline=1 output_queue=4 async_ane=0 gpu_overlap=0 finishes=0 waits=0
ds4: Flash-MoE overlap plan layer=19 exec_groups=191 planned_ane_groups=0 planned_ane_refs=0 planned_gpu_groups=191 planned_gpu_refs=1386 tail_gpu_groups=0 tail_gpu_refs=0 planned_ssd_groups=191 est_gpu=13610.0 est_ane=0.0 est_idle=100.00% wall=73.205 ms actual_ane_groups=0 actual_ane_refs=0 actual_gpu_groups=0 actual_gpu_refs=0 finishes=0 waits=0 overlap_gpu_groups=0
ds4: Flash-MoE async pread canceled queued=0 reading=2 ready=728 finished=2
ds4: gpu chunked prefill pos=8192 tokens=231 layer 19 encode=79.732 ms execute=0.936 ms
ds4: Flash-MoE prefill layer=20 tokens=231 unique=147 refs=1386 sync=14.630 ms plan=0.335 ms stage/compute=58.888 ms misses=147
ds4: Flash-MoE hybrid prefill layer=20 ane_groups=0 ane_refs=0 gpu_i8_groups=0 gpu_i8_refs=0 fp32_groups=0 ane_min_refs=512 concurrent=1 ane_pipeline=1 output_queue=4 async_ane=0 gpu_overlap=0 finishes=0 waits=0
ds4: Flash-MoE overlap plan layer=20 exec_groups=147 planned_ane_groups=0 planned_ane_refs=0 planned_gpu_groups=147 planned_gpu_refs=1386 tail_gpu_groups=0 tail_gpu_refs=0 planned_ssd_groups=147 est_gpu=10794.0 est_ane=0.0 est_idle=100.00% wall=58.711 ms actual_ane_groups=0 actual_ane_refs=0 actual_gpu_groups=0 actual_gpu_refs=0 finishes=0 waits=0 overlap_gpu_groups=0
ds4: Flash-MoE async pread canceled queued=0 reading=2 ready=747 finished=2
ds4: gpu chunked prefill pos=8192 tokens=231 layer 20 encode=74.840 ms execute=0.974 ms
ds4: Flash-MoE prefill layer=21 tokens=231 unique=162 refs=1386 sync=5.586 ms plan=0.263 ms stage/compute=63.053 ms misses=162
ds4: Flash-MoE hybrid prefill layer=21 ane_groups=0 ane_refs=0 gpu_i8_groups=0 gpu_i8_refs=0 fp32_groups=0 ane_min_refs=512 concurrent=1 ane_pipeline=1 output_queue=4 async_ane=0 gpu_overlap=0 finishes=0 waits=0
ds4: Flash-MoE overlap plan layer=21 exec_groups=162 planned_ane_groups=0 planned_ane_refs=0 planned_gpu_groups=162 planned_gpu_refs=1386 tail_gpu_groups=0 tail_gpu_refs=0 planned_ssd_groups=162 est_gpu=11754.0 est_ane=0.0 est_idle=100.00% wall=62.797 ms actual_ane_groups=0 actual_ane_refs=0 actual_gpu_groups=0 actual_gpu_refs=0 finishes=0 waits=0 overlap_gpu_groups=0
ds4: Flash-MoE async pread canceled queued=0 reading=2 ready=763 finished=2
ds4: gpu chunked prefill pos=8192 tokens=231 layer 21 encode=69.408 ms execute=0.956 ms
ds4: Flash-MoE prefill layer=22 tokens=231 unique=165 refs=1386 sync=14.545 ms plan=0.319 ms stage/compute=63.706 ms misses=165
ds4: Flash-MoE hybrid prefill layer=22 ane_groups=0 ane_refs=0 gpu_i8_groups=0 gpu_i8_refs=0 fp32_groups=0 ane_min_refs=512 concurrent=1 ane_pipeline=1 output_queue=4 async_ane=0 gpu_overlap=0 finishes=0 waits=0
ds4: Flash-MoE overlap plan layer=22 exec_groups=165 planned_ane_groups=0 planned_ane_refs=0 planned_gpu_groups=165 planned_gpu_refs=1386 tail_gpu_groups=0 tail_gpu_refs=0 planned_ssd_groups=165 est_gpu=11946.0 est_ane=0.0 est_idle=100.00% wall=63.512 ms actual_ane_groups=0 actual_ane_refs=0 actual_gpu_groups=0 actual_gpu_refs=0 finishes=0 waits=0 overlap_gpu_groups=0
ds4: Flash-MoE async pread canceled queued=0 reading=2 ready=780 finished=2
ds4: gpu chunked prefill pos=8192 tokens=231 layer 22 encode=79.512 ms execute=0.932 ms
ds4: Flash-MoE prefill layer=23 tokens=231 unique=184 refs=1386 sync=5.496 ms plan=0.309 ms stage/compute=71.046 ms misses=184
ds4: Flash-MoE hybrid prefill layer=23 ane_groups=0 ane_refs=0 gpu_i8_groups=0 gpu_i8_refs=0 fp32_groups=0 ane_min_refs=512 concurrent=1 ane_pipeline=1 output_queue=4 async_ane=0 gpu_overlap=0 finishes=0 waits=0
ds4: Flash-MoE overlap plan layer=23 exec_groups=184 planned_ane_groups=0 planned_ane_refs=0 planned_gpu_groups=184 planned_gpu_refs=1386 tail_gpu_groups=0 tail_gpu_refs=0 planned_ssd_groups=184 est_gpu=13162.0 est_ane=0.0 est_idle=100.00% wall=70.831 ms actual_ane_groups=0 actual_ane_refs=0 actual_gpu_groups=0 actual_gpu_refs=0 finishes=0 waits=0 overlap_gpu_groups=0
ds4: Flash-MoE async pread canceled queued=0 reading=2 ready=793 finished=2
ds4: gpu chunked prefill pos=8192 tokens=231 layer 23 encode=77.360 ms execute=0.945 ms
ds4: Flash-MoE prefill layer=24 tokens=231 unique=165 refs=1386 sync=14.579 ms plan=0.337 ms stage/compute=64.739 ms misses=165
ds4: Flash-MoE hybrid prefill layer=24 ane_groups=0 ane_refs=0 gpu_i8_groups=0 gpu_i8_refs=0 fp32_groups=0 ane_min_refs=512 concurrent=1 ane_pipeline=1 output_queue=4 async_ane=0 gpu_overlap=0 finishes=0 waits=0
ds4: Flash-MoE overlap plan layer=24 exec_groups=165 planned_ane_groups=0 planned_ane_refs=0 planned_gpu_groups=165 planned_gpu_refs=1386 tail_gpu_groups=0 tail_gpu_refs=0 planned_ssd_groups=165 est_gpu=11946.0 est_ane=0.0 est_idle=100.00% wall=64.534 ms actual_ane_groups=0 actual_ane_refs=0 actual_gpu_groups=0 actual_gpu_refs=0 finishes=0 waits=0 overlap_gpu_groups=0
ds4: Flash-MoE async pread canceled queued=0 reading=2 ready=805 finished=2
ds4: gpu chunked prefill pos=8192 tokens=231 layer 24 encode=80.656 ms execute=0.933 ms
ds4: Flash-MoE prefill layer=25 tokens=231 unique=184 refs=1386 sync=5.475 ms plan=0.321 ms stage/compute=69.923 ms misses=184
ds4: Flash-MoE hybrid prefill layer=25 ane_groups=0 ane_refs=0 gpu_i8_groups=0 gpu_i8_refs=0 fp32_groups=0 ane_min_refs=512 concurrent=1 ane_pipeline=1 output_queue=4 async_ane=0 gpu_overlap=0 finishes=0 waits=0
ds4: Flash-MoE overlap plan layer=25 exec_groups=184 planned_ane_groups=0 planned_ane_refs=0 planned_gpu_groups=184 planned_gpu_refs=1386 tail_gpu_groups=0 tail_gpu_refs=0 planned_ssd_groups=184 est_gpu=13162.0 est_ane=0.0 est_idle=100.00% wall=69.712 ms actual_ane_groups=0 actual_ane_refs=0 actual_gpu_groups=0 actual_gpu_refs=0 finishes=0 waits=0 overlap_gpu_groups=0
ds4: Flash-MoE async pread canceled queued=0 reading=2 ready=818 finished=2
ds4: gpu chunked prefill pos=8192 tokens=231 layer 25 encode=76.203 ms execute=1.030 ms
ds4: Flash-MoE prefill layer=26 tokens=231 unique=155 refs=1386 sync=14.680 ms plan=0.276 ms stage/compute=58.438 ms misses=155
ds4: Flash-MoE hybrid prefill layer=26 ane_groups=0 ane_refs=0 gpu_i8_groups=0 gpu_i8_refs=0 fp32_groups=0 ane_min_refs=512 concurrent=1 ane_pipeline=1 output_queue=4 async_ane=0 gpu_overlap=0 finishes=0 waits=0
ds4: Flash-MoE overlap plan layer=26 exec_groups=155 planned_ane_groups=0 planned_ane_refs=0 planned_gpu_groups=155 planned_gpu_refs=1386 tail_gpu_groups=0 tail_gpu_refs=0 planned_ssd_groups=155 est_gpu=11306.0 est_ane=0.0 est_idle=100.00% wall=58.254 ms actual_ane_groups=0 actual_ane_refs=0 actual_gpu_groups=0 actual_gpu_refs=0 finishes=0 waits=0 overlap_gpu_groups=0
ds4: Flash-MoE async pread canceled queued=0 reading=2 ready=834 finished=2
ds4: gpu chunked prefill pos=8192 tokens=231 layer 26 encode=74.861 ms execute=0.927 ms
ds4: Flash-MoE prefill layer=27 tokens=231 unique=175 refs=1386 sync=5.495 ms plan=0.312 ms stage/compute=65.660 ms misses=175
ds4: Flash-MoE hybrid prefill layer=27 ane_groups=0 ane_refs=0 gpu_i8_groups=0 gpu_i8_refs=0 fp32_groups=0 ane_min_refs=512 concurrent=1 ane_pipeline=1 output_queue=4 async_ane=0 gpu_overlap=0 finishes=0 waits=0
ds4: Flash-MoE overlap plan layer=27 exec_groups=175 planned_ane_groups=0 planned_ane_refs=0 planned_gpu_groups=175 planned_gpu_refs=1386 tail_gpu_groups=0 tail_gpu_refs=0 planned_ssd_groups=175 est_gpu=12586.0 est_ane=0.0 est_idle=100.00% wall=65.457 ms actual_ane_groups=0 actual_ane_refs=0 actual_gpu_groups=0 actual_gpu_refs=0 finishes=0 waits=0 overlap_gpu_groups=0
ds4: Flash-MoE async pread canceled queued=0 reading=2 ready=849 finished=2
ds4: gpu chunked prefill pos=8192 tokens=231 layer 27 encode=71.957 ms execute=0.960 ms
ds4: Flash-MoE prefill layer=28 tokens=231 unique=177 refs=1386 sync=14.572 ms plan=0.284 ms stage/compute=68.006 ms misses=177
ds4: Flash-MoE hybrid prefill layer=28 ane_groups=0 ane_refs=0 gpu_i8_groups=0 gpu_i8_refs=0 fp32_groups=0 ane_min_refs=512 concurrent=1 ane_pipeline=1 output_queue=4 async_ane=0 gpu_overlap=0 finishes=0 waits=0
ds4: Flash-MoE overlap plan layer=28 exec_groups=177 planned_ane_groups=0 planned_ane_refs=0 planned_gpu_groups=177 planned_gpu_refs=1386 tail_gpu_groups=0 tail_gpu_refs=0 planned_ssd_groups=177 est_gpu=12714.0 est_ane=0.0 est_idle=100.00% wall=67.799 ms actual_ane_groups=0 actual_ane_refs=0 actual_gpu_groups=0 actual_gpu_refs=0 finishes=0 waits=0 overlap_gpu_groups=0
ds4: Flash-MoE async pread canceled queued=0 reading=2 ready=860 finished=2
ds4: gpu chunked prefill pos=8192 tokens=231 layer 28 encode=83.905 ms execute=0.971 ms
ds4: Flash-MoE prefill layer=29 tokens=231 unique=159 refs=1386 sync=5.507 ms plan=0.365 ms stage/compute=64.448 ms misses=159
ds4: Flash-MoE hybrid prefill layer=29 ane_groups=0 ane_refs=0 gpu_i8_groups=0 gpu_i8_refs=0 fp32_groups=0 ane_min_refs=512 concurrent=1 ane_pipeline=1 output_queue=4 async_ane=0 gpu_overlap=0 finishes=0 waits=0
ds4: Flash-MoE overlap plan layer=29 exec_groups=159 planned_ane_groups=0 planned_ane_refs=0 planned_gpu_groups=159 planned_gpu_refs=1386 tail_gpu_groups=0 tail_gpu_refs=0 planned_ssd_groups=159 est_gpu=11562.0 est_ane=0.0 est_idle=100.00% wall=64.252 ms actual_ane_groups=0 actual_ane_refs=0 actual_gpu_groups=0 actual_gpu_refs=0 finishes=0 waits=0 overlap_gpu_groups=0
ds4: Flash-MoE async pread canceled queued=0 reading=2 ready=884 finished=2
ds4: gpu chunked prefill pos=8192 tokens=231 layer 29 encode=70.822 ms execute=0.960 ms
ds4: Flash-MoE prefill layer=30 tokens=231 unique=169 refs=1386 sync=14.862 ms plan=0.354 ms stage/compute=67.315 ms misses=169
ds4: Flash-MoE hybrid prefill layer=30 ane_groups=0 ane_refs=0 gpu_i8_groups=0 gpu_i8_refs=0 fp32_groups=0 ane_min_refs=512 concurrent=1 ane_pipeline=1 output_queue=4 async_ane=0 gpu_overlap=0 finishes=0 waits=0
ds4: Flash-MoE overlap plan layer=30 exec_groups=169 planned_ane_groups=0 planned_ane_refs=0 planned_gpu_groups=169 planned_gpu_refs=1386 tail_gpu_groups=0 tail_gpu_refs=0 planned_ssd_groups=169 est_gpu=12202.0 est_ane=0.0 est_idle=100.00% wall=67.105 ms actual_ane_groups=0 actual_ane_refs=0 actual_gpu_groups=0 actual_gpu_refs=0 finishes=0 waits=0 overlap_gpu_groups=0
ds4: Flash-MoE async pread canceled queued=0 reading=2 ready=901 finished=2
ds4: gpu chunked prefill pos=8192 tokens=231 layer 30 encode=83.488 ms execute=0.923 ms
ds4: Flash-MoE prefill layer=31 tokens=231 unique=168 refs=1386 sync=5.492 ms plan=0.317 ms stage/compute=65.231 ms misses=168
ds4: Flash-MoE hybrid prefill layer=31 ane_groups=0 ane_refs=0 gpu_i8_groups=0 gpu_i8_refs=0 fp32_groups=0 ane_min_refs=512 concurrent=1 ane_pipeline=1 output_queue=4 async_ane=0 gpu_overlap=0 finishes=0 waits=0
ds4: Flash-MoE overlap plan layer=31 exec_groups=168 planned_ane_groups=0 planned_ane_refs=0 planned_gpu_groups=168 planned_gpu_refs=1386 tail_gpu_groups=0 tail_gpu_refs=0 planned_ssd_groups=168 est_gpu=12138.0 est_ane=0.0 est_idle=100.00% wall=65.029 ms actual_ane_groups=0 actual_ane_refs=0 actual_gpu_groups=0 actual_gpu_refs=0 finishes=0 waits=0 overlap_gpu_groups=0
ds4: Flash-MoE async pread canceled queued=0 reading=2 ready=919 finished=2
ds4: gpu chunked prefill pos=8192 tokens=231 layer 31 encode=71.498 ms execute=0.926 ms
ds4: Flash-MoE prefill layer=32 tokens=231 unique=170 refs=1386 sync=14.581 ms plan=0.337 ms stage/compute=67.250 ms misses=170
ds4: Flash-MoE hybrid prefill layer=32 ane_groups=0 ane_refs=0 gpu_i8_groups=0 gpu_i8_refs=0 fp32_groups=0 ane_min_refs=512 concurrent=1 ane_pipeline=1 output_queue=4 async_ane=0 gpu_overlap=0 finishes=0 waits=0
ds4: Flash-MoE overlap plan layer=32 exec_groups=170 planned_ane_groups=0 planned_ane_refs=0 planned_gpu_groups=170 planned_gpu_refs=1386 tail_gpu_groups=0 tail_gpu_refs=0 planned_ssd_groups=170 est_gpu=12266.0 est_ane=0.0 est_idle=100.00% wall=67.048 ms actual_ane_groups=0 actual_ane_refs=0 actual_gpu_groups=0 actual_gpu_refs=0 finishes=0 waits=0 overlap_gpu_groups=0
ds4: Flash-MoE async pread canceled queued=0 reading=2 ready=934 finished=2
ds4: gpu chunked prefill pos=8192 tokens=231 layer 32 encode=83.107 ms execute=0.950 ms
ds4: Flash-MoE prefill layer=33 tokens=231 unique=160 refs=1386 sync=5.479 ms plan=0.307 ms stage/compute=65.868 ms misses=160
ds4: Flash-MoE hybrid prefill layer=33 ane_groups=0 ane_refs=0 gpu_i8_groups=0 gpu_i8_refs=0 fp32_groups=0 ane_min_refs=512 concurrent=1 ane_pipeline=1 output_queue=4 async_ane=0 gpu_overlap=0 finishes=0 waits=0
ds4: Flash-MoE overlap plan layer=33 exec_groups=160 planned_ane_groups=0 planned_ane_refs=0 planned_gpu_groups=160 planned_gpu_refs=1386 tail_gpu_groups=0 tail_gpu_refs=0 planned_ssd_groups=160 est_gpu=11626.0 est_ane=0.0 est_idle=100.00% wall=65.657 ms actual_ane_groups=0 actual_ane_refs=0 actual_gpu_groups=0 actual_gpu_refs=0 finishes=0 waits=0 overlap_gpu_groups=0
ds4: Flash-MoE async pread canceled queued=4 reading=3 ready=954 finished=3
ds4: gpu chunked prefill pos=8192 tokens=231 layer 33 encode=72.208 ms execute=0.962 ms
ds4: Flash-MoE prefill layer=34 tokens=231 unique=164 refs=1386 sync=14.605 ms plan=0.319 ms stage/compute=64.301 ms misses=164
ds4: Flash-MoE hybrid prefill layer=34 ane_groups=0 ane_refs=0 gpu_i8_groups=0 gpu_i8_refs=0 fp32_groups=0 ane_min_refs=512 concurrent=1 ane_pipeline=1 output_queue=4 async_ane=0 gpu_overlap=0 finishes=0 waits=0
ds4: Flash-MoE overlap plan layer=34 exec_groups=164 planned_ane_groups=0 planned_ane_refs=0 planned_gpu_groups=164 planned_gpu_refs=1386 tail_gpu_groups=0 tail_gpu_refs=0 planned_ssd_groups=164 est_gpu=11882.0 est_ane=0.0 est_idle=100.00% wall=64.104 ms actual_ane_groups=0 actual_ane_refs=0 actual_gpu_groups=0 actual_gpu_refs=0 finishes=0 waits=0 overlap_gpu_groups=0
ds4: Flash-MoE async pread canceled queued=4 reading=3 ready=974 finished=3
ds4: gpu chunked prefill pos=8192 tokens=231 layer 34 encode=80.197 ms execute=1.008 ms
ds4: Flash-MoE prefill layer=35 tokens=231 unique=170 refs=1386 sync=5.484 ms plan=0.281 ms stage/compute=65.540 ms misses=170
ds4: Flash-MoE hybrid prefill layer=35 ane_groups=0 ane_refs=0 gpu_i8_groups=0 gpu_i8_refs=0 fp32_groups=0 ane_min_refs=512 concurrent=1 ane_pipeline=1 output_queue=4 async_ane=0 gpu_overlap=0 finishes=0 waits=0
ds4: Flash-MoE overlap plan layer=35 exec_groups=170 planned_ane_groups=0 planned_ane_refs=0 planned_gpu_groups=170 planned_gpu_refs=1386 tail_gpu_groups=0 tail_gpu_refs=0 planned_ssd_groups=170 est_gpu=12266.0 est_ane=0.0 est_idle=100.00% wall=65.343 ms actual_ane_groups=0 actual_ane_refs=0 actual_gpu_groups=0 actual_gpu_refs=0 finishes=0 waits=0 overlap_gpu_groups=0
ds4: Flash-MoE async pread canceled queued=4 reading=3 ready=994 finished=3
ds4: gpu chunked prefill pos=8192 tokens=231 layer 35 encode=71.854 ms execute=0.953 ms
ds4: Flash-MoE prefill layer=36 tokens=231 unique=173 refs=1386 sync=14.627 ms plan=0.291 ms stage/compute=66.688 ms misses=173
ds4: Flash-MoE hybrid prefill layer=36 ane_groups=0 ane_refs=0 gpu_i8_groups=0 gpu_i8_refs=0 fp32_groups=0 ane_min_refs=512 concurrent=1 ane_pipeline=1 output_queue=4 async_ane=0 gpu_overlap=0 finishes=0 waits=0
ds4: Flash-MoE overlap plan layer=36 exec_groups=173 planned_ane_groups=0 planned_ane_refs=0 planned_gpu_groups=173 planned_gpu_refs=1386 tail_gpu_groups=0 tail_gpu_refs=0 planned_ssd_groups=173 est_gpu=12458.0 est_ane=0.0 est_idle=100.00% wall=66.484 ms actual_ane_groups=0 actual_ane_refs=0 actual_gpu_groups=0 actual_gpu_refs=0 finishes=0 waits=0 overlap_gpu_groups=0
ds4: Flash-MoE async pread canceled queued=4 reading=3 ready=1007 finished=3
ds4: gpu chunked prefill pos=8192 tokens=231 layer 36 encode=82.640 ms execute=0.943 ms
ds4: Flash-MoE prefill layer=37 tokens=231 unique=170 refs=1386 sync=5.525 ms plan=0.337 ms stage/compute=64.963 ms misses=170
ds4: Flash-MoE hybrid prefill layer=37 ane_groups=0 ane_refs=0 gpu_i8_groups=0 gpu_i8_refs=0 fp32_groups=0 ane_min_refs=512 concurrent=1 ane_pipeline=1 output_queue=4 async_ane=0 gpu_overlap=0 finishes=0 waits=0
ds4: Flash-MoE overlap plan layer=37 exec_groups=170 planned_ane_groups=0 planned_ane_refs=0 planned_gpu_groups=170 planned_gpu_refs=1386 tail_gpu_groups=0 tail_gpu_refs=0 planned_ssd_groups=170 est_gpu=12266.0 est_ane=0.0 est_idle=100.00% wall=64.755 ms actual_ane_groups=0 actual_ane_refs=0 actual_gpu_groups=0 actual_gpu_refs=0 finishes=0 waits=0 overlap_gpu_groups=0
ds4: Flash-MoE async pread canceled queued=4 reading=3 ready=1021 finished=3
ds4: gpu chunked prefill pos=8192 tokens=231 layer 37 encode=71.372 ms execute=0.952 ms
ds4: Flash-MoE prefill layer=38 tokens=231 unique=168 refs=1386 sync=14.661 ms plan=0.300 ms stage/compute=65.231 ms misses=168
ds4: Flash-MoE hybrid prefill layer=38 ane_groups=0 ane_refs=0 gpu_i8_groups=0 gpu_i8_refs=0 fp32_groups=0 ane_min_refs=512 concurrent=1 ane_pipeline=1 output_queue=4 async_ane=0 gpu_overlap=0 finishes=0 waits=0
ds4: Flash-MoE overlap plan layer=38 exec_groups=168 planned_ane_groups=0 planned_ane_refs=0 planned_gpu_groups=168 planned_gpu_refs=1386 tail_gpu_groups=0 tail_gpu_refs=0 planned_ssd_groups=168 est_gpu=12138.0 est_ane=0.0 est_idle=100.00% wall=65.016 ms actual_ane_groups=0 actual_ane_refs=0 actual_gpu_groups=0 actual_gpu_refs=0 finishes=0 waits=0 overlap_gpu_groups=0
ds4: Flash-MoE async pread canceled queued=4 reading=3 ready=1041 finished=3
ds4: gpu chunked prefill pos=8192 tokens=231 layer 38 encode=81.207 ms execute=1.023 ms
ds4: Flash-MoE prefill layer=39 tokens=231 unique=178 refs=1386 sync=5.540 ms plan=0.310 ms stage/compute=68.815 ms misses=178
ds4: Flash-MoE hybrid prefill layer=39 ane_groups=0 ane_refs=0 gpu_i8_groups=0 gpu_i8_refs=0 fp32_groups=0 ane_min_refs=512 concurrent=1 ane_pipeline=1 output_queue=4 async_ane=0 gpu_overlap=0 finishes=0 waits=0
ds4: Flash-MoE overlap plan layer=39 exec_groups=178 planned_ane_groups=0 planned_ane_refs=0 planned_gpu_groups=178 planned_gpu_refs=1386 tail_gpu_groups=0 tail_gpu_refs=0 planned_ssd_groups=178 est_gpu=12778.0 est_ane=0.0 est_idle=100.00% wall=68.595 ms actual_ane_groups=0 actual_ane_refs=0 actual_gpu_groups=0 actual_gpu_refs=0 finishes=0 waits=0 overlap_gpu_groups=0
ds4: Flash-MoE async pread canceled queued=4 reading=3 ready=1058 finished=3
ds4: gpu chunked prefill pos=8192 tokens=231 layer 39 encode=75.202 ms execute=0.917 ms
ds4: Flash-MoE prefill layer=40 tokens=231 unique=129 refs=1386 sync=14.642 ms plan=0.314 ms stage/compute=51.821 ms misses=129
ds4: Flash-MoE hybrid prefill layer=40 ane_groups=0 ane_refs=0 gpu_i8_groups=0 gpu_i8_refs=0 fp32_groups=0 ane_min_refs=512 concurrent=1 ane_pipeline=1 output_queue=4 async_ane=0 gpu_overlap=0 finishes=0 waits=0
ds4: Flash-MoE overlap plan layer=40 exec_groups=129 planned_ane_groups=0 planned_ane_refs=0 planned_gpu_groups=129 planned_gpu_refs=1386 tail_gpu_groups=0 tail_gpu_refs=0 planned_ssd_groups=129 est_gpu=9642.0 est_ane=0.0 est_idle=100.00% wall=51.657 ms actual_ane_groups=0 actual_ane_refs=0 actual_gpu_groups=0 actual_gpu_refs=0 finishes=0 waits=0 overlap_gpu_groups=0
ds4: Flash-MoE async pread canceled queued=4 reading=3 ready=1076 finished=3
ds4: gpu chunked prefill pos=8192 tokens=231 layer 40 encode=67.722 ms execute=0.937 ms
ds4: Flash-MoE prefill layer=41 tokens=231 unique=150 refs=1386 sync=5.527 ms plan=0.292 ms stage/compute=60.113 ms misses=150
ds4: Flash-MoE hybrid prefill layer=41 ane_groups=0 ane_refs=0 gpu_i8_groups=0 gpu_i8_refs=0 fp32_groups=0 ane_min_refs=512 concurrent=1 ane_pipeline=1 output_queue=4 async_ane=0 gpu_overlap=0 finishes=0 waits=0
ds4: Flash-MoE overlap plan layer=41 exec_groups=150 planned_ane_groups=0 planned_ane_refs=0 planned_gpu_groups=150 planned_gpu_refs=1386 tail_gpu_groups=0 tail_gpu_refs=0 planned_ssd_groups=150 est_gpu=10986.0 est_ane=0.0 est_idle=100.00% wall=59.928 ms actual_ane_groups=0 actual_ane_refs=0 actual_gpu_groups=0 actual_gpu_refs=0 finishes=0 waits=0 overlap_gpu_groups=0
ds4: Flash-MoE async pread canceled queued=5 reading=4 ready=1097 finished=4
ds4: gpu chunked prefill pos=8192 tokens=231 layer 41 encode=66.421 ms execute=0.940 ms
ds4: Flash-MoE prefill layer=42 tokens=231 unique=149 refs=1386 sync=14.598 ms plan=0.373 ms stage/compute=58.917 ms misses=149
ds4: Flash-MoE hybrid prefill layer=42 ane_groups=0 ane_refs=0 gpu_i8_groups=0 gpu_i8_refs=0 fp32_groups=0 ane_min_refs=512 concurrent=1 ane_pipeline=1 output_queue=4 async_ane=0 gpu_overlap=0 finishes=0 waits=0
ds4: Flash-MoE overlap plan layer=42 exec_groups=149 planned_ane_groups=0 planned_ane_refs=0 planned_gpu_groups=149 planned_gpu_refs=1386 tail_gpu_groups=0 tail_gpu_refs=0 planned_ssd_groups=149 est_gpu=10922.0 est_ane=0.0 est_idle=100.00% wall=58.734 ms actual_ane_groups=0 actual_ane_refs=0 actual_gpu_groups=0 actual_gpu_refs=0 finishes=0 waits=0 overlap_gpu_groups=0
ds4: Flash-MoE async pread canceled queued=5 reading=4 ready=1123 finished=4
ds4: gpu chunked prefill pos=8192 tokens=231 layer 42 encode=74.834 ms execute=0.921 ms
processing 8423 input tokens: 8423/8423 (100.0%) batch=67.63 t/s avg=286.67 t/s
ds4: gpu chunked prefill start=0 tokens=8423 chunk=4096 encode=28084.538 ms execute=874.493 ms read=0.010 ms total=28981.086 ms
ds4: prefill full: 8423 tokens in 29384.0 ms (286.7 t/s)
We
ds4: ----------------------------------------
ds4: prefill: 286.65 t/s, generation: 1.36 t/s
ds4: Flash-MoE cross-layer prefetch layers=126 experts_queued=6174 (avg=49.0/layer)
ds4: Flash-MoE slot-bank stats hits=0 misses=27417 hit-rate=0.0% resident-slots=258/4257 (6.1%, avg=6.0/layer min=6 max=6 of 99) installed=185064.75 MiB
ds4: Flash-MoE decode prefetch calls=43 loads=258 bytes=1741.50 MiB pread=125.493 ms upload=99.813 ms overlap-flushes=43
ds4: Flash-MoE prefill dedup refs=2173134 unique=27159 saved=2145975 (98.8%) reuse=80.02x
ds4: Flash-MoE prefill stage stats calls=27159 bytes=183323.25 MiB pread=5031.557 ms upload=3040.607 ms gate=949.856 ms up=931.015 ms down=1159.736 ms scatter=23.406 ms stage_rate=22710.55 MiB/s pread_rate=36434.70 MiB/s upload_rate=60291.66 MiB/s
ds4: Flash-MoE prefill pread issue stats span=28862.947 ms active=17.43% span_rate=6351.51 MiB/s issue_gap=702673.168 ms post_stage_gap=7600.880 ms same_layer_issue=687574.228 ms same_layer_post=6.375 ms cross_layer_issue=15098.940 ms cross_layer_post=7594.505 ms max_issue=425.308 ms max_post=167.708 ms issue_gaps=20715 post_gaps=141 issue_gt1=6338 issue_gt5=4194 issue_gt20=3934 post_gt1=125 post_gt5=111 post_gt20=66
ds4: Flash-MoE prefill pread bucket le16 calls=11614 refs=66335 bytes=78394.50 MiB pread=2344.880 ms issue_gap=258503.293 ms post_stage_gap=24.984 ms pread_rate=33432.20 MiB/s
ds4: Flash-MoE prefill pread bucket le32 calls=2983 refs=70876 bytes=20135.25 MiB pread=547.935 ms issue_gap=97722.568 ms post_stage_gap=24.487 ms pread_rate=36747.52 MiB/s
ds4: Flash-MoE prefill pread bucket le64 calls=3608 refs=169988 bytes=24354.00 MiB pread=598.647 ms issue_gap=114961.166 ms post_stage_gap=137.246 ms pread_rate=40681.74 MiB/s
ds4: Flash-MoE prefill pread bucket le128 calls=4113 refs=381701 bytes=27762.75 MiB pread=652.261 ms issue_gap=117941.648 ms post_stage_gap=263.832 ms pread_rate=42563.87 MiB/s
ds4: Flash-MoE prefill pread bucket le256 calls=2923 refs=520246 bytes=19730.25 MiB pread=483.371 ms issue_gap=65388.458 ms post_stage_gap=17.280 ms pread_rate=40818.03 MiB/s
ds4: Flash-MoE prefill pread bucket le512 calls=1335 refs=467587 bytes=9011.25 MiB pread=283.875 ms issue_gap=24714.544 ms post_stage_gap=500.703 ms pread_rate=31743.73 MiB/s
ds4: Flash-MoE prefill pread bucket gt512 calls=583 refs=496401 bytes=3935.25 MiB pread=120.588 ms issue_gap=23441.491 ms post_stage_gap=6632.348 ms pread_rate=32633.84 MiB/s
ds4: ANE prefill stats calls=492 ok=492 skipped_big_refs=0 compile_attempts=1 compile_failures=0 eval_calls=1998 eval_failures=0 write_failures=0 reopen_failures=0
ds4: ANE prefill timing dequant=5.010 ms input=0.275 ms ane_eval=7845.845 ms ane_eval_a=7845.845 ms ane_eval_b=0.000 ms ane_eval_c=0.000 ms ane_eval_d=0.000 ms ane_wall_est=7845.845 ms writeback=2.550 ms helper_avg=3.926849 ms ane_calls=1998 ane_call_avg=3.926849 ms
ds4: ANE prefill timing2 output_pack=2.413 ms measured_total=7856.093 ms
ds4: ANE prefill timing3 dequant_wait=374.151 ms post_wait=0.000 ms x_zero=12.016 ms x_copy=40.311 ms out_zero=130.758 ms out_f16_copy=74.311 ms output_convert=2.413 ms output_gpu_encode=2.413 ms output_chunks=492 output_elems=1796403200 output_convert_rate=744.469 Gelem/s
ds4: ANE prefill timing4 wait_predict=0.000 ms finish_join_ane=434.643 ms finish_join_post=0.000 ms wait_predict_calls=0 finish_calls=492
ds4: ANE prefill chunks refs=438575 padded_refs=511488 pad_util=85.74% le16=57 le64=124 le128=123 full=1511
ds4: ANE prefill batch_hist B256=1998 refs=438575 util=85.7%
