ds4: detected DS4 sidecar package: -m /Users/anemll/Models/flash/dsv4-iq2xxs-expert-major/dense/model-dense.gguf, --moe-sidecar /Users/anemll/Models/flash/dsv4-iq2xxs-expert-major, --moe-mode slot-bank
ds4: applied sidecar tuning profile [Apple M5 Max] from ds4_profile.json (51 env defaults set, 0 kept from environment)
ds4: warning: raw KV cap limits Metal prefill chunk (prefill_chunk=4096, raw_kv_rows=4096, raw_window=128, effective_chunk=3968; target raw cap for one chunk is 4352, also requires ctx >= that value)
ds4: context buffers 429.99 MiB (ctx=4096, backend=metal, prefill_chunk=4096, raw_kv_rows=4096, compressed_kv_rows=1026)
ds4: Flash-MoE sidecar loaded: /Users/anemll/Models/flash/dsv4-iq2xxs-expert-major (slot-bank=256, expert-record 6.75 MiB)
ds4: Flash-MoE expert mmap cache: off; expert reads: pread
ds4: Metal device Apple M5 Max, 128.00 GiB RAM, GPU working-set budget 107.52 GiB (raise with: sudo sysctl iogpu.wired_limit_mb=<MB>)
ds4: drift-patch flags hc_stable=on norm_unify=on kv_raw_f32=off rope_exp2_log2=off math_safe=off tensor_matmul=off
ds4: MXFP4 native library (MSL 4.1): repack=ok selected-repack=ok selected-plane-copy=ok scale-plane matmul=ok selected-matmul=ok decode2=pair/sum6 batch-decode2=pair/sum6 batch-strided=pair/sum6 hybrid-down=sum6 chunked-decode2=pair/sum6
ds4: DS4_MXFP4_NATIVE=1: native MXFP4 available (MPP 4.1 scale-plane matmul2d)
ds4: DSpark resident expert cache: ranges=9 bytes=9.56 GiB (persistent; debug opt-out requires DS4_DSPARK_ALLOW_NONRESIDENT=1)
ds4: DSpark sidecar Metal residency requested: buffers=9 bytes=9.56 GiB
ds4: DSpark draft package loaded: /Users/anemll/Models/DSv4-Flash-DSpark-draft (block=5 verify=5 active=5 scheduler=static conf=0.000 noise=128799 target_layers=40,41,42 markov_rank=256 records=81 mapped=10.12 GiB)
ds4: DSpark draft records: F32=41 F16=6 FP8_E4M3=25 MXFP4_NATIVE=9
ds4: DSpark draft inference enabled: MPP 4.1 FP8/MXFP4 draft kernels, fused routed-MoE per draft layer, persistent resident experts, greedy Markov head, strict_v1 verifier
ds4: Flash-MoE using mmap-backed dense/shared weights without full-model Metal residency warmup
ds4: Metal model views created in 0.324 ms, residency requested in 0.000 ms, warmup 0.000 ms (mapped 8393.67 MiB from offset 5.06 MiB)
ds4: Metal mapped mmaped model as 1 overlapping shared buffers
ds4: metal backend initialized for graph diagnostics
ds4: prefill routed-MoE (requested): mul_mm_id (grouped GPU / ALU)  [grouped path]
ds4: prefill quant scales (ANE env first): w_qscale=512 x_qscale=32 mid_qscale=32 w_scale=0.00195312 x_scale=0.03125 mid_scale=0.03125
ds4: prefill ctx-grow: on, block=16384 tokens
ds4: prefill chunk cap: 16384, graph_raw_cap=auto
ds4: Flash-MoE resident mixed slot-bank load: layers=43 slots=256 bytes=72.56 GiB (one dot per layer)
ds4: Flash-MoE resident prepare: ........................................... 72.56/72.56 GiB (43 layers)
ds4: Flash-MoE resident preload: ........................................... 72.56/72.56 GiB (43 layers)
ds4: Flash-MoE preloaded mixed slot bank: layers=43 slots=256 identity-mapped experts=256
ds4: Flash-MoE slot-bank Metal residency requested: buffers=43 bytes=72.56 GiB
ds4: Flash-MoE slot-bank pages touched: buffers=43 bytes=72.56 GiB
ds4: Flash-MoE slot banks allocated: layers=43 slots=256 gpu-bank=72.6GB Dense: 8.2GB Context: 0.4GB Total <<<< 81.2GB >>>>
ds4: Flash-MoE slot bank layout: mixed expert-major
ds4: warning: very large Flash-MoE slot bank can collapse decode throughput (slots=256, gpu-bank=72.56 GiB). The wired bank competes with the OS file cache that serves decode-miss reads of the sidecar; when the sidecar is larger than RAM, smaller banks decode faster. Compare --moe-slot-bank 32/48/64 or use --ssd-cache auto.
ds4: prefill compute: routed experts = ANE i8i8 (W8A8) | dense proj = Q8 direct-RHS NAX; K-quant dense = fused mul_mm_id batch
ds4: prefill I/O: io-split=4 async-pread=on pread-threads=4 readahead=12 bank-prefetch=3 slot-cache-topk=0 xlayer=auto<=6k-tok topk=128
ds4: decode  I/O: io-split=4 router-prefetch=off scratch-prefetch=off max-loads=0 layer-stride=1 miss-direct-slot-pread=on prefetch-direct-slot-pread=off did-modify=on shared-down=on reset-after-prefill=off realloc-after-prefill=off restore-after-prefill=off resident=slot-bank slots=256
ds4: Flash-MoE banked kernels using M5 simdgroup_matrix fast path (prefetch=3, banks=4)
ds4: WARNING: prefill chunk 4096 clamped to 3968 by raw-KV cap (raw_cap=4096, window=128). Set DS4_METAL_GRAPH_RAW_CAP >= 4224 (window + chunk) — or unset it to auto-size — to honor the chunk.
processing 19 input tokens: 0/19 (0.0%) batch=0.00 t/s avg=0.00 t/s
processing 19 input tokens: 0/19 (0.0%) batch=0.00 t/s avg=0.00 t/s
processing 19 input tokens: 0/19 (0.0%) batch=0.00 t/s avg=0.00 t/s
processing 19 input tokens: 1/19 (5.3%) batch=28.52 t/s avg=0.51 t/s
processing 19 input tokens: 1/19 (5.3%) batch=0.00 t/s avg=0.51 t/s
processing 19 input tokens: 2/19 (10.5%) batch=51.12 t/s avg=1.00 t/s
processing 19 input tokens: 2/19 (10.5%) batch=0.00 t/s avg=0.99 t/s
processing 19 input tokens: 3/19 (15.8%) batch=51.93 t/s avg=1.48 t/s
processing 19 input tokens: 3/19 (15.8%) batch=0.00 t/s avg=1.46 t/s
processing 19 input tokens: 3/19 (15.8%) batch=0.00 t/s avg=1.45 t/s
processing 19 input tokens: 4/19 (21.1%) batch=45.24 t/s avg=1.91 t/s
processing 19 input tokens: 4/19 (21.1%) batch=0.00 t/s avg=1.89 t/s
processing 19 input tokens: 5/19 (26.3%) batch=47.37 t/s avg=2.34 t/s
processing 19 input tokens: 5/19 (26.3%) batch=0.00 t/s avg=2.32 t/s
processing 19 input tokens: 6/19 (31.6%) batch=47.09 t/s avg=2.75 t/s
processing 19 input tokens: 6/19 (31.6%) batch=0.00 t/s avg=2.73 t/s
processing 19 input tokens: 7/19 (36.8%) batch=51.89 t/s avg=3.15 t/s
processing 19 input tokens: 7/19 (36.8%) batch=0.00 t/s avg=3.12 t/s
processing 19 input tokens: 7/19 (36.8%) batch=0.00 t/s avg=3.10 t/s
processing 19 input tokens: 8/19 (42.1%) batch=47.63 t/s avg=3.51 t/s
processing 19 input tokens: 8/19 (42.1%) batch=0.00 t/s avg=3.47 t/s
processing 19 input tokens: 9/19 (47.4%) batch=47.95 t/s avg=3.86 t/s
processing 19 input tokens: 9/19 (47.4%) batch=0.00 t/s avg=3.83 t/s
processing 19 input tokens: 10/19 (52.6%) batch=43.26 t/s avg=4.21 t/s
processing 19 input tokens: 10/19 (52.6%) batch=0.00 t/s avg=4.17 t/s
processing 19 input tokens: 11/19 (57.9%) batch=47.50 t/s avg=4.55 t/s
processing 19 input tokens: 11/19 (57.9%) batch=0.00 t/s avg=4.50 t/s
processing 19 input tokens: 11/19 (57.9%) batch=0.00 t/s avg=4.47 t/s
processing 19 input tokens: 12/19 (63.2%) batch=42.12 t/s avg=4.83 t/s
processing 19 input tokens: 12/19 (63.2%) batch=0.00 t/s avg=4.78 t/s
processing 19 input tokens: 13/19 (68.4%) batch=42.98 t/s avg=5.14 t/s
processing 19 input tokens: 13/19 (68.4%) batch=0.00 t/s avg=5.09 t/s
processing 19 input tokens: 14/19 (73.7%) batch=45.09 t/s avg=5.44 t/s
processing 19 input tokens: 14/19 (73.7%) batch=0.00 t/s avg=5.40 t/s
processing 19 input tokens: 15/19 (78.9%) batch=47.38 t/s avg=5.73 t/s
processing 19 input tokens: 15/19 (78.9%) batch=0.00 t/s avg=5.69 t/s
processing 19 input tokens: 15/19 (78.9%) batch=0.00 t/s avg=5.63 t/s
processing 19 input tokens: 16/19 (84.2%) batch=43.82 t/s avg=5.96 t/s
processing 19 input tokens: 16/19 (84.2%) batch=0.00 t/s avg=5.91 t/s
processing 19 input tokens: 17/19 (89.5%) batch=47.85 t/s avg=6.23 t/s
processing 19 input tokens: 17/19 (89.5%) batch=0.00 t/s avg=6.17 t/s
processing 19 input tokens: 18/19 (94.7%) batch=45.13 t/s avg=6.48 t/s
processing 19 input tokens: 18/19 (94.7%) batch=0.00 t/s avg=6.43 t/s
processing 19 input tokens: 19/19 (100.0%) batch=38.53 t/s avg=6.73 t/s
ds4: dspark draft FP8 rows5 kernel enabled
ds4: [mxfp4-native] two-dispatch plane decode arm engaged (dspark-strided, experts=6)
ds4: Flash-MoE mixed resident bank using fused GPU-selected decode path (slot id == expert id)
ds4: dspark row-routed grouped exact descriptor enabled (GPU route grouping; math fallback row-exact)
ds4: dspark row-routed grouped Q2 down materialization diagnostic enabled (unsafe shared-weight math)
ds4: dspark grouped-q2 compare call=1 tokens=1 dim=4096 mode=primary-unsafe exact=yes max=0 rms=0 first_token=0 first_slot=0 first_idx=0 first_delta=0 alt=0.010328317 primary=0.010328317 worst_token=0 worst_slot=0 worst_idx=0 worst_delta=0 alt=0.010328317 primary=0.010328317
ds4: dspark grouped-q2 compare call=2 tokens=1 dim=4096 mode=primary-unsafe exact=yes max=0 rms=0 first_token=0 first_slot=0 first_idx=0 first_delta=0 alt=-0.003254097 primary=-0.003254097 worst_token=0 worst_slot=0 worst_idx=0 worst_delta=0 alt=-0.003254097 primary=-0.003254097
ds4: dspark grouped-q2 compare call=3 tokens=1 dim=4096 mode=primary-unsafe exact=yes max=0 rms=0 first_token=0 first_slot=0 first_idx=0 first_delta=0 alt=0.033277113 primary=0.033277113 worst_token=0 worst_slot=0 worst_idx=0 worst_delta=0 alt=0.033277113 primary=0.033277113
ds4: dspark grouped-q2 compare call=4 tokens=1 dim=4096 mode=primary-unsafe exact=yes max=0 rms=0 first_token=0 first_slot=0 first_idx=0 first_delta=0 alt=-0.046145082 primary=-0.046145082 worst_token=0 worst_slot=0 worst_idx=0 worst_delta=0 alt=-0.046145082 primary=-0.046145082
ds4: dspark verifier strict_v1 active=5 prefixN=1
ds4: dspark verifier Q8 rows5 shared-exact kernel enabled
ds4: dspark verifier microbatch KV FP8/raw-store rows enabled
ds4: dspark hybrid FFN-pre verifier using exact F16 rows path
ds4: dspark hybrid row-router verifier using exact F16 logits rows path
ds4: dspark hybrid row-router verifier using exact selector rows path
ds4: routed MoE exact ordered expert-sum kernel enabled
ds4: dspark grouped-q2 compare call=44 tokens=5 dim=4096 mode=primary-unsafe exact=no max=4.4703484e-08 rms=1.7137457e-09 first_token=2 first_slot=5 first_idx=2 first_delta=7.4505806e-09 alt=0.089786589 primary=0.089786597 worst_token=2 worst_slot=5 worst_idx=1486 worst_delta=4.4703484e-08 alt=-0.22088684 primary=-0.2208868
ds4: dspark hybrid row-routed verifier using row-exact tiny batch path
ds4: dspark hybrid shared verifier using exact fused rows path
ds4: dspark hybrid shared verifier using exact shared-down+HC rows path
ds4: dspark grouped-q2 compare call=45 tokens=5 dim=4096 mode=primary-unsafe exact=yes max=0 rms=0 first_token=0 first_slot=0 first_idx=0 first_delta=0 alt=0.044004828 primary=0.044004828 worst_token=0 worst_slot=0 worst_idx=0 worst_delta=0 alt=0.044004828 primary=0.044004828
ds4: dspark hybrid attention verifier using exact F16 compressor rows path
ds4: dspark hybrid attention verifier using exact F16 indexer-compressor rows path
ds4: dspark hybrid verifier deferring plain attention heads to batch call
ds4: dspark hybrid verifier using rows-exact flash attention heads
ds4: dspark verifier using experimental varmap rows5 attention kernel
ds4: dspark grouped-q2 compare call=46 tokens=5 dim=4096 mode=primary-unsafe exact=no max=5.9604645e-08 rms=2.2016471e-09 first_token=1 first_slot=4 first_idx=0 first_delta=9.3132257e-09 alt=-0.030518841 primary=-0.03051885 worst_token=4 worst_slot=2 worst_idx=1631 worst_delta=5.9604645e-08 alt=-0.26149201 primary=-0.26149207
ds4: dspark grouped-q2 compare call=47 tokens=5 dim=4096 mode=primary-unsafe exact=no max=5.9604645e-08 rms=2.8837595e-09 first_token=0 first_slot=3 first_idx=0 first_delta=2.7939677e-09 alt=-0.0073456112 primary=-0.0073456084 worst_token=4 worst_slot=0 worst_idx=566 worst_delta=5.9604645e-08 alt=-0.29242882 primary=-0.29242876
ds4: dspark grouped-q2 compare call=48 tokens=5 dim=4096 mode=primary-unsafe exact=no max=5.9604645e-08 rms=4.3575792e-09 first_token=0 first_slot=0 first_idx=0 first_delta=1.4901161e-08 alt=-0.20181112 primary=-0.20181111 worst_token=0 worst_slot=0 worst_idx=864 worst_delta=5.9604645e-08 alt=-0.39312965 primary=-0.39312959
ds4: dspark grouped-q2 compare call=49 tokens=5 dim=4096 mode=primary-unsafe exact=no max=8.9406967e-08 rms=4.8272248e-09 first_token=0 first_slot=0 first_idx=0 first_delta=1.1175871e-08 alt=-0.036334272 primary=-0.036334261 worst_token=0 worst_slot=0 worst_idx=2484 worst_delta=8.9406967e-08 alt=-0.25548649 primary=-0.2554864
ds4: dspark grouped-q2 compare call=50 tokens=5 dim=4096 mode=primary-unsafe exact=no max=5.9604645e-08 rms=5.7710454e-09 first_token=0 first_slot=0 first_idx=1 first_delta=1.4901161e-08 alt=0.026188258 primary=0.026188243 worst_token=0 worst_slot=0 worst_idx=790 worst_delta=5.9604645e-08 alt=-0.38737476 primary=-0.38737482
ds4: dspark grouped-q2 compare call=51 tokens=5 dim=4096 mode=primary-unsafe exact=no max=5.9604645e-08 rms=5.8476011e-09 first_token=0 first_slot=0 first_idx=0 first_delta=7.4505806e-09 alt=0.005476214 primary=0.0054762065 worst_token=0 worst_slot=2 worst_idx=1687 worst_delta=5.9604645e-08 alt=0.20677686 primary=0.20677692
ds4: dspark grouped-q2 compare call=52 tokens=5 dim=4096 mode=primary-unsafe exact=no max=1.1920929e-07 rms=8.2056539e-09 first_token=0 first_slot=0 first_idx=0 first_delta=2.9802322e-08 alt=-0.38252789 primary=-0.38252792 worst_token=0 worst_slot=0 worst_idx=3774 worst_delta=1.1920929e-07 alt=-0.65830386 primary=-0.65830398
ds4: dspark grouped-q2 compare call=53 tokens=5 dim=4096 mode=primary-unsafe exact=no max=5.9604645e-08 rms=3.8820849e-09 first_token=0 first_slot=0 first_idx=0 first_delta=2.9802322e-08 alt=-0.18492055 primary=-0.18492052 worst_token=0 worst_slot=0 worst_idx=1330 worst_delta=5.9604645e-08 alt=-0.40827173 primary=-0.40827179
ds4: dspark grouped-q2 compare call=54 tokens=5 dim=4096 mode=primary-unsafe exact=no max=5.9604645e-08 rms=4.6696593e-09 first_token=0 first_slot=0 first_idx=0 first_delta=1.4901161e-08 alt=-0.067981467 primary=-0.067981482 worst_token=1 worst_slot=0 worst_idx=1651 worst_delta=5.9604645e-08 alt=-0.3662883 primary=-0.36628836
ds4: dspark grouped-q2 compare call=55 tokens=5 dim=4096 mode=primary-unsafe exact=no max=5.9604645e-08 rms=5.2689759e-09 first_token=0 first_slot=0 first_idx=0 first_delta=7.4505806e-09 alt=0.083308838 primary=0.083308831 worst_token=3 worst_slot=0 worst_idx=680 worst_delta=5.9604645e-08 alt=0.31959701 primary=0.31959695
ds4: dspark grouped-q2 compare call=56 tokens=5 dim=4096 mode=primary-unsafe exact=no max=5.9604645e-08 rms=6.4650041e-09 first_token=0 first_slot=0 first_idx=0 first_delta=1.4901161e-08 alt=-0.10448826 primary=-0.10448825 worst_token=0 worst_slot=0 worst_idx=3074 worst_delta=5.9604645e-08 alt=0.10505963 primary=0.10505969
ds4: dspark grouped-q2 compare call=57 tokens=5 dim=4096 mode=primary-unsafe exact=no max=5.9604645e-08 rms=5.8398038e-09 first_token=0 first_slot=0 first_idx=1 first_delta=1.4901161e-08 alt=-0.13874057 primary=-0.13874055 worst_token=1 worst_slot=0 worst_idx=1259 worst_delta=5.9604645e-08 alt=-0.19539708 primary=-0.19539714
ds4: dspark grouped-q2 compare call=58 tokens=5 dim=4096 mode=primary-unsafe exact=no max=1.1920929e-07 rms=7.9126314e-09 first_token=0 first_slot=0 first_idx=0 first_delta=1.4901161e-08 alt=-0.10132124 primary=-0.10132125 worst_token=0 worst_slot=0 worst_idx=2570 worst_delta=1.1920929e-07 alt=-0.72322571 primary=-0.72322583
ds4: dspark grouped-q2 compare call=59 tokens=5 dim=4096 mode=primary-unsafe exact=no max=5.9604645e-08 rms=5.9433605e-09 first_token=0 first_slot=0 first_idx=0 first_delta=3.7252903e-09 alt=0.031726491 primary=0.031726494 worst_token=0 worst_slot=0 worst_idx=793 worst_delta=5.9604645e-08 alt=0.28074497 primary=0.28074491
ds4: dspark grouped-q2 compare call=60 tokens=5 dim=4096 mode=primary-unsafe exact=no max=1.1920929e-07 rms=8.5898639e-09 first_token=0 first_slot=0 first_idx=0 first_delta=3.7252903e-09 alt=-0.058124173 primary=-0.05812417 worst_token=0 worst_slot=0 worst_idx=1519 worst_delta=1.1920929e-07 alt=0.43719625 primary=0.43719637
ds4: dspark grouped-q2 compare call=61 tokens=5 dim=4096 mode=primary-unsafe exact=no max=5.9604645e-08 rms=8.1227931e-09 first_token=0 first_slot=0 first_idx=0 first_delta=1.4901161e-08 alt=-0.01310323 primary=-0.013103215 worst_token=0 worst_slot=0 worst_idx=161 worst_delta=5.9604645e-08 alt=0.29337984 primary=0.29337978
ds4: dspark grouped-q2 compare call=62 tokens=5 dim=4096 mode=primary-unsafe exact=no max=1.7881393e-07 rms=1.2857658e-08 first_token=0 first_slot=0 first_idx=0 first_delta=7.4505806e-09 alt=-0.0098566301 primary=-0.0098566227 worst_token=2 worst_slot=0 worst_idx=841 worst_delta=1.7881393e-07 alt=0.65102881 primary=0.65102863
ds4: dspark grouped-q2 compare call=63 tokens=5 dim=4096 mode=primary-unsafe exact=no max=1.1920929e-07 rms=9.2330961e-09 first_token=0 first_slot=0 first_idx=0 first_delta=1.1175871e-08 alt=0.045889903 primary=0.045889892 worst_token=2 worst_slot=0 worst_idx=2555 worst_delta=1.1920929e-07 alt=-0.54867172 primary=-0.5486716
ds4: dspark grouped-q2 compare call=64 tokens=5 dim=4096 mode=primary-unsafe exact=no max=1.4901161e-07 rms=1.3992086e-08 first_token=0 first_slot=0 first_idx=0 first_delta=1.4901161e-08 alt=-0.0003773123 primary=-0.0003772974 worst_token=2 worst_slot=1 worst_idx=293 worst_delta=1.4901161e-07 alt=0.30385217 primary=0.30385202
ds4: dspark grouped-q2 compare call=65 tokens=5 dim=4096 mode=primary-unsafe exact=no max=1.1920929e-07 rms=8.9673895e-09 first_token=0 first_slot=1 first_idx=0 first_delta=7.4505806e-09 alt=-0.072967246 primary=-0.072967254 worst_token=0 worst_slot=1 worst_idx=1584 worst_delta=1.1920929e-07 alt=-0.50426614 primary=-0.50426602
ds4: dspark grouped-q2 compare call=66 tokens=5 dim=4096 mode=primary-unsafe exact=no max=2.3841858e-07 rms=1.6196196e-08 first_token=0 first_slot=2 first_idx=0 first_delta=1.4901161e-08 alt=-0.22047187 primary=-0.22047186 worst_token=1 worst_slot=0 worst_idx=3686 worst_delta=2.3841858e-07 alt=-1.1367505 primary=-1.1367502
ds4: dspark grouped-q2 compare call=67 tokens=5 dim=4096 mode=primary-unsafe exact=no max=1.1920929e-07 rms=7.5989828e-09 first_token=0 first_slot=4 first_idx=1 first_delta=1.8626451e-09 alt=-0.0019321069 primary=-0.0019321088 worst_token=3 worst_slot=0 worst_idx=133 worst_delta=1.1920929e-07 alt=-0.26358315 primary=-0.26358327
ds4: dspark grouped-q2 compare call=68 tokens=5 dim=4096 mode=primary-unsafe exact=no max=1.7881393e-07 rms=1.44717e-08 first_token=0 first_slot=0 first_idx=0 first_delta=1.4901161e-08 alt=-0.12979083 primary=-0.12979084 worst_token=4 worst_slot=0 worst_idx=1532 worst_delta=1.7881393e-07 alt=-0.27233618 primary=-0.27233601
ds4: dspark grouped-q2 compare call=69 tokens=5 dim=4096 mode=primary-unsafe exact=no max=1.4901161e-07 rms=1.3795469e-08 first_token=0 first_slot=0 first_idx=0 first_delta=1.4901161e-08 alt=-0.13669173 primary=-0.13669175 worst_token=1 worst_slot=0 worst_idx=1172 worst_delta=1.4901161e-07 alt=-0.34925902 primary=-0.34925917
ds4: dspark grouped-q2 compare call=70 tokens=5 dim=4096 mode=primary-unsafe exact=no max=2.3841858e-07 rms=1.2249444e-08 first_token=0 first_slot=1 first_idx=0 first_delta=3.7252903e-09 alt=0.0067374073 primary=0.006737411 worst_token=4 worst_slot=0 worst_idx=3136 worst_delta=2.3841858e-07 alt=-1.0365744 primary=-1.0365741
ds4: dspark grouped-q2 compare call=71 tokens=5 dim=4096 mode=primary-unsafe exact=no max=2.3841858e-07 rms=1.0908081e-08 first_token=0 first_slot=0 first_idx=1 first_delta=2.9802322e-08 alt=0.47570744 primary=0.47570747 worst_token=0 worst_slot=0 worst_idx=2350 worst_delta=2.3841858e-07 alt=-1.1077998 primary=-1.1077995
ds4: dspark grouped-q2 compare call=72 tokens=5 dim=4096 mode=primary-unsafe exact=no max=1.7881393e-07 rms=1.2533973e-08 first_token=0 first_slot=0 first_idx=0 first_delta=1.4901161e-08 alt=0.24011569 primary=0.2401157 worst_token=2 worst_slot=0 worst_idx=513 worst_delta=1.7881393e-07 alt=-0.84884661 primary=-0.84884644
ds4: dspark grouped-q2 compare call=73 tokens=5 dim=4096 mode=primary-unsafe exact=no max=1.7881393e-07 rms=1.0804514e-08 first_token=0 first_slot=0 first_idx=0 first_delta=1.4901161e-08 alt=-0.13890737 primary=-0.13890739 worst_token=0 worst_slot=0 worst_idx=2164 worst_delta=1.7881393e-07 alt=0.91564882 primary=0.91564864
ds4: dspark grouped-q2 compare call=74 tokens=5 dim=4096 mode=primary-unsafe exact=no max=3.5762787e-07 rms=2.3726891e-08 first_token=0 first_slot=0 first_idx=1 first_delta=1.4901161e-08 alt=-0.19934215 primary=-0.19934213 worst_token=0 worst_slot=0 worst_idx=1352 worst_delta=3.5762787e-07 alt=1.1971805 primary=1.1971802
ds4: dspark grouped-q2 compare call=75 tokens=5 dim=4096 mode=primary-unsafe exact=no max=2.3841858e-07 rms=1.4704373e-08 first_token=0 first_slot=0 first_idx=0 first_delta=1.4901161e-08 alt=0.085280389 primary=0.085280403 worst_token=4 worst_slot=0 worst_idx=3266 worst_delta=2.3841858e-07 alt=1.1943386 primary=1.1943383
ds4: dspark grouped-q2 compare call=76 tokens=5 dim=4096 mode=primary-unsafe exact=no max=1.7881393e-07 rms=1.3685781e-08 first_token=0 first_slot=1 first_idx=1 first_delta=1.4901161e-08 alt=0.066253081 primary=0.066253066 worst_token=3 worst_slot=0 worst_idx=784 worst_delta=1.7881393e-07 alt=0.33055323 primary=0.33055305
ds4: dspark grouped-q2 compare call=77 tokens=5 dim=4096 mode=primary-unsafe exact=no max=1.1920929e-07 rms=1.219712e-08 first_token=0 first_slot=0 first_idx=0 first_delta=1.4901161e-08 alt=0.16355573 primary=0.16355571 worst_token=1 worst_slot=0 worst_idx=611 worst_delta=1.1920929e-07 alt=-0.71605885 primary=-0.71605897
ds4: dspark grouped-q2 compare call=78 tokens=5 dim=4096 mode=primary-unsafe exact=no max=3.5762787e-07 rms=2.4897894e-08 first_token=0 first_slot=0 first_idx=0 first_delta=7.4505806e-08 alt=-0.019929901 primary=-0.019929975 worst_token=3 worst_slot=0 worst_idx=1866 worst_delta=3.5762787e-07 alt=1.4662352 primary=1.4662355
ds4: dspark grouped-q2 compare call=79 tokens=5 dim=4096 mode=primary-unsafe exact=no max=2.3841858e-07 rms=1.2697041e-08 first_token=0 first_slot=3 first_idx=0 first_delta=7.4505806e-09 alt=-0.078275852 primary=-0.078275859 worst_token=2 worst_slot=1 worst_idx=1318 worst_delta=2.3841858e-07 alt=1.2961364 primary=1.2961361
ds4: dspark grouped-q2 compare call=80 tokens=5 dim=4096 mode=primary-unsafe exact=no max=2.3841858e-07 rms=2.1727196e-08 first_token=0 first_slot=2 first_idx=0 first_delta=9.3132257e-09 alt=0.0079919025 primary=0.0079918932 worst_token=3 worst_slot=0 worst_idx=0 worst_delta=2.3841858e-07 alt=-1.3955059 primary=-1.3955061
ds4: dspark grouped-q2 compare call=81 tokens=5 dim=4096 mode=primary-unsafe exact=no max=2.3841858e-07 rms=1.5737793e-08 first_token=0 first_slot=4 first_idx=0 first_delta=3.7252903e-09 alt=0.051835991 primary=0.051835988 worst_token=3 worst_slot=0 worst_idx=1343 worst_delta=2.3841858e-07 alt=1.1279399 primary=1.1279402
ds4: dspark grouped-q2 compare call=82 tokens=5 dim=4096 mode=primary-unsafe exact=no max=2.3841858e-07 rms=2.0003673e-08 first_token=0 first_slot=4 first_idx=2 first_delta=7.4505806e-09 alt=0.065495089 primary=0.065495081 worst_token=1 worst_slot=0 worst_idx=255 worst_delta=2.3841858e-07 alt=1.0612056 primary=1.0612054
ds4: dspark grouped-q2 compare call=83 tokens=5 dim=4096 mode=primary-unsafe exact=no max=2.9802322e-07 rms=2.3656591e-08 first_token=0 first_slot=5 first_idx=1 first_delta=1.4901161e-08 alt=-0.1825138 primary=-0.18251379 worst_token=2 worst_slot=1 worst_idx=2385 worst_delta=2.9802322e-07 alt=-0.23057944 primary=-0.23057914
ds4: dspark grouped-q2 compare call=84 tokens=5 dim=4096 mode=primary-unsafe exact=no max=2.3841858e-07 rms=2.6322345e-08 first_token=0 first_slot=1 first_idx=0 first_delta=1.4901161e-08 alt=0.19676884 primary=0.19676882 worst_token=1 worst_slot=0 worst_idx=159 worst_delta=2.3841858e-07 alt=-0.52860272 primary=-0.52860296
ds4: dspark grouped-q2 compare call=85 tokens=5 dim=4096 mode=primary-unsafe exact=no max=1.2665987e-07 rms=1.6835685e-08 first_token=0 first_slot=2 first_idx=0 first_delta=1.4901161e-08 alt=0.12426613 primary=0.12426611 worst_token=2 worst_slot=1 worst_idx=3943 worst_delta=1.2665987e-07 alt=0.11721279 primary=0.11721291
ds4: dspark grouped-q2 compare call=86 tokens=5 dim=4096 mode=primary-unsafe exact=no max=4.7683716e-07 rms=3.2626904e-08 first_token=0 first_slot=4 first_idx=0 first_delta=3.7252903e-09 alt=-0.036948342 primary=-0.036948346 worst_token=2 worst_slot=0 worst_idx=16 worst_delta=4.7683716e-07 alt=-3.9225459 primary=-3.9225454
ds4: dspark grouped-q2 compare call=130 tokens=5 dim=4096 mode=primary-unsafe exact=yes max=0 rms=0 first_token=0 first_slot=0 first_idx=0 first_delta=0 alt=-0.018704824 primary=-0.018704824 worst_token=0 worst_slot=0 worst_idx=0 worst_delta=0 alt=-0.018704824 primary=-0.018704824
ds4: dspark grouped-q2 compare call=131 tokens=5 dim=4096 mode=primary-unsafe exact=no max=2.2351742e-08 rms=1.291052e-09 first_token=0 first_slot=4 first_idx=0 first_delta=3.7252903e-09 alt=0.04216478 primary=0.042164776 worst_token=1 worst_slot=4 worst_idx=695 worst_delta=2.2351742e-08 alt=-0.12428383 primary=-0.12428381
ds4: dspark grouped-q2 compare call=132 tokens=5 dim=4096 mode=primary-unsafe exact=no max=1.1920929e-07 rms=4.401707e-09 first_token=0 first_slot=3 first_idx=0 first_delta=1.8626451e-09 alt=0.030445356 primary=0.030445354 worst_token=1 worst_slot=1 worst_idx=601 worst_delta=1.1920929e-07 alt=0.39184016 primary=0.39184004
ds4: dspark grouped-q2 compare call=133 tokens=5 dim=4096 mode=primary-unsafe exact=no max=8.9406967e-08 rms=4.8004973e-09 first_token=0 first_slot=0 first_idx=0 first_delta=1.4901161e-08 alt=-0.10631862 primary=-0.10631861 worst_token=0 worst_slot=0 worst_idx=1418 worst_delta=8.9406967e-08 alt=-0.13580027 primary=-0.13580036
ds4: dspark grouped-q2 compare call=134 tokens=5 dim=4096 mode=primary-unsafe exact=no max=3.7252903e-08 rms=3.6740655e-09 first_token=0 first_slot=0 first_idx=0 first_delta=1.4901161e-08 alt=0.0073653534 primary=0.0073653683 worst_token=0 worst_slot=0 worst_idx=3628 worst_delta=3.7252903e-08 alt=0.12143817 primary=0.12143813
ds4: dspark grouped-q2 compare call=135 tokens=5 dim=4096 mode=primary-unsafe exact=no max=8.9406967e-08 rms=5.2474776e-09 first_token=0 first_slot=0 first_idx=0 first_delta=3.7252903e-09 alt=-0.041801296 primary=-0.0418013 worst_token=0 worst_slot=0 worst_idx=1522 worst_delta=8.9406967e-08 alt=-0.36038885 primary=-0.36038876
ds4: dspark grouped-q2 compare call=136 tokens=5 dim=4096 mode=primary-unsafe exact=no max=5.9604645e-08 rms=5.4287139e-09 first_token=0 first_slot=0 first_idx=1 first_delta=7.4505806e-09 alt=0.056813147 primary=0.056813139 worst_token=0 worst_slot=0 worst_idx=112 worst_delta=5.9604645e-08 alt=-0.61348242 primary=-0.61348236
ds4: dspark grouped-q2 compare call=137 tokens=5 dim=4096 mode=primary-unsafe exact=no max=8.9406967e-08 rms=7.4369395e-09 first_token=0 first_slot=0 first_idx=0 first_delta=1.4901161e-08 alt=0.11974253 primary=0.11974254 worst_token=0 worst_slot=0 worst_idx=346 worst_delta=8.9406967e-08 alt=0.39333689 primary=0.39333698
ds4: dspark grouped-q2 compare call=138 tokens=5 dim=4096 mode=primary-unsafe exact=no max=1.1920929e-07 rms=8.1240588e-09 first_token=0 first_slot=0 first_idx=0 first_delta=2.9802322e-08 alt=0.36658603 primary=0.366586 worst_token=0 worst_slot=0 worst_idx=814 worst_delta=1.1920929e-07 alt=-0.82935369 primary=-0.82935381
ds4: dspark grouped-q2 compare call=139 tokens=5 dim=4096 mode=primary-unsafe exact=no max=5.9604645e-08 rms=4.7032018e-09 first_token=0 first_slot=0 first_idx=0 first_delta=7.4505806e-09 alt=0.038154975 primary=0.038154982 worst_token=0 worst_slot=0 worst_idx=51 worst_delta=5.9604645e-08 alt=0.27727717 primary=0.27727711
ds4: dspark grouped-q2 compare call=140 tokens=5 dim=4096 mode=primary-unsafe exact=no max=5.9604645e-08 rms=3.950138e-09 first_token=0 first_slot=0 first_idx=0 first_delta=7.4505806e-09 alt=-0.065904774 primary=-0.065904766 worst_token=0 worst_slot=1 worst_idx=898 worst_delta=5.9604645e-08 alt=0.27092791 primary=0.27092797
ds4: dspark grouped-q2 compare call=141 tokens=5 dim=4096 mode=primary-unsafe exact=no max=5.9604645e-08 rms=5.0476734e-09 first_token=0 first_slot=0 first_idx=3 first_delta=3.7252903e-09 alt=-0.050558973 primary=-0.050558977 worst_token=2 worst_slot=0 worst_idx=15 worst_delta=5.9604645e-08 alt=-0.37738597 primary=-0.37738603
ds4: dspark grouped-q2 compare call=142 tokens=5 dim=4096 mode=primary-unsafe exact=no max=1.1920929e-07 rms=7.0132877e-09 first_token=0 first_slot=0 first_idx=0 first_delta=1.4901161e-08 alt=-0.16088292 primary=-0.16088293 worst_token=0 worst_slot=0 worst_idx=4042 worst_delta=1.1920929e-07 alt=0.51162231 primary=0.51162243
ds4: dspark grouped-q2 compare call=143 tokens=5 dim=4096 mode=primary-unsafe exact=no max=5.9604645e-08 rms=6.111176e-09 first_token=0 first_slot=0 first_idx=1 first_delta=3.7252903e-09 alt=-0.017104782 primary=-0.017104786 worst_token=1 worst_slot=0 worst_idx=161 worst_delta=5.9604645e-08 alt=0.36864454 primary=0.3686446
ds4: dspark grouped-q2 compare call=144 tokens=5 dim=4096 mode=primary-unsafe exact=no max=5.9604645e-08 rms=6.5786914e-09 first_token=0 first_slot=0 first_idx=0 first_delta=1.4901161e-08 alt=0.14032239 primary=0.1403224 worst_token=0 worst_slot=0 worst_idx=64 worst_delta=5.9604645e-08 alt=0.3706333 primary=0.37063324
ds4: dspark grouped-q2 compare call=145 tokens=5 dim=4096 mode=primary-unsafe exact=no max=8.9406967e-08 rms=5.5398286e-09 first_token=0 first_slot=1 first_idx=0 first_delta=1.4901161e-08 alt=0.017898083 primary=0.017898068 worst_token=4 worst_slot=0 worst_idx=4036 worst_delta=8.9406967e-08 alt=0.2897709 primary=0.28977099
ds4: dspark grouped-q2 compare call=146 tokens=5 dim=4096 mode=primary-unsafe exact=no max=1.1920929e-07 rms=7.9256601e-09 first_token=0 first_slot=0 first_idx=0 first_delta=1.4901161e-08 alt=-0.13889751 primary=-0.13889752 worst_token=2 worst_slot=1 worst_idx=1150 worst_delta=1.1920929e-07 alt=-0.51986849 primary=-0.51986861
ds4: dspark grouped-q2 compare call=147 tokens=5 dim=4096 mode=primary-unsafe exact=no max=8.9406967e-08 rms=7.9434237e-09 first_token=0 first_slot=0 first_idx=0 first_delta=7.4505806e-09 alt=0.062670119 primary=0.062670112 worst_token=3 worst_slot=0 worst_idx=935 worst_delta=8.9406967e-08 alt=-0.48166281 primary=-0.48166272
ds4: dspark grouped-q2 compare call=148 tokens=5 dim=4096 mode=primary-unsafe exact=no max=1.1920929e-07 rms=1.1149724e-08 first_token=0 first_slot=0 first_idx=0 first_delta=2.9802322e-08 alt=0.15731508 primary=0.15731511 worst_token=3 worst_slot=0 worst_idx=624 worst_delta=1.1920929e-07 alt=-0.61587584 primary=-0.61587596
ds4: dspark grouped-q2 compare call=149 tokens=5 dim=4096 mode=primary-unsafe exact=no max=1.1920929e-07 rms=6.2574173e-09 first_token=0 first_slot=0 first_idx=0 first_delta=1.4901161e-08 alt=0.1513532 primary=0.15135318 worst_token=2 worst_slot=0 worst_idx=1147 worst_delta=1.1920929e-07 alt=-0.72255564 primary=-0.72255576
ds4: dspark grouped-q2 compare call=150 tokens=5 dim=4096 mode=primary-unsafe exact=no max=2.3841858e-07 rms=1.5635218e-08 first_token=0 first_slot=0 first_idx=3 first_delta=5.9604645e-08 alt=-0.67314297 primary=-0.67314303 worst_token=2 worst_slot=0 worst_idx=3965 worst_delta=2.3841858e-07 alt=1.005199 primary=1.0051987
ds4: dspark grouped-q2 compare call=151 tokens=5 dim=4096 mode=primary-unsafe exact=no max=1.1920929e-07 rms=8.5584375e-09 first_token=0 first_slot=0 first_idx=2 first_delta=2.9802322e-08 alt=0.42516378 primary=0.42516375 worst_token=0 worst_slot=0 worst_idx=784 worst_delta=1.1920929e-07 alt=0.71567035 primary=0.71567023
ds4: dspark grouped-q2 compare call=152 tokens=5 dim=4096 mode=primary-unsafe exact=no max=1.7881393e-07 rms=1.5666048e-08 first_token=0 first_slot=0 first_idx=2 first_delta=2.2351742e-08 alt=-0.12233379 primary=-0.12233382 worst_token=1 worst_slot=0 worst_idx=1009 worst_delta=1.7881393e-07 alt=0.89520425 primary=0.89520442
ds4: dspark grouped-q2 compare call=153 tokens=5 dim=4096 mode=primary-unsafe exact=no max=6.3329935e-08 rms=6.8626402e-09 first_token=0 first_slot=0 first_idx=0 first_delta=7.4505806e-09 alt=-0.0077744946 primary=-0.0077744871 worst_token=1 worst_slot=0 worst_idx=1750 worst_delta=6.3329935e-08 alt=-0.0061249435 primary=-0.0061248802
ds4: dspark grouped-q2 compare call=154 tokens=5 dim=4096 mode=primary-unsafe exact=no max=1.1920929e-07 rms=1.1248123e-08 first_token=0 first_slot=1 first_idx=0 first_delta=1.4901161e-08 alt=0.086112157 primary=0.086112142 worst_token=1 worst_slot=0 worst_idx=1443 worst_delta=1.1920929e-07 alt=0.11606491 primary=0.11606479
ds4: dspark grouped-q2 compare call=155 tokens=5 dim=4096 mode=primary-unsafe exact=no max=1.1920929e-07 rms=1.2354527e-08 first_token=0 first_slot=0 first_idx=0 first_delta=5.9604645e-08 alt=-0.11747368 primary=-0.11747374 worst_token=0 worst_slot=0 worst_idx=19 worst_delta=1.1920929e-07 alt=0.55605328 primary=0.55605316
ds4: dspark grouped-q2 compare call=156 tokens=5 dim=4096 mode=primary-unsafe exact=no max=1.7881393e-07 rms=1.3460976e-08 first_token=0 first_slot=0 first_idx=0 first_delta=1.4901161e-08 alt=0.11907472 primary=0.1190747 worst_token=3 worst_slot=0 worst_idx=2148 worst_delta=1.7881393e-07 alt=-0.94379973 primary=-0.94379956
ds4: dspark grouped-q2 compare call=157 tokens=5 dim=4096 mode=primary-unsafe exact=no max=7.4505806e-08 rms=7.3439748e-09 first_token=0 first_slot=0 first_idx=0 first_delta=1.4901161e-08 alt=-0.13488021 primary=-0.1348802 worst_token=0 worst_slot=0 worst_idx=922 worst_delta=7.4505806e-08 alt=0.043677166 primary=0.043677241
ds4: dspark grouped-q2 compare call=158 tokens=5 dim=4096 mode=primary-unsafe exact=no max=2.3841858e-07 rms=1.6018593e-08 first_token=0 first_slot=0 first_idx=0 first_delta=5.9604645e-08 alt=0.17195734 primary=0.17195728 worst_token=0 worst_slot=0 worst_idx=2054 worst_delta=2.3841858e-07 alt=-0.96828932 primary=-0.96828955
ds4: dspark grouped-q2 compare call=159 tokens=5 dim=4096 mode=primary-unsafe exact=no max=1.1920929e-07 rms=1.0332576e-08 first_token=0 first_slot=0 first_idx=4 first_delta=2.2351742e-08 alt=0.060020361 primary=0.060020383 worst_token=0 worst_slot=0 worst_idx=2959 worst_delta=1.1920929e-07 alt=0.58881938 primary=0.5888195
ds4: dspark grouped-q2 compare call=160 tokens=5 dim=4096 mode=primary-unsafe exact=no max=2.3841858e-07 rms=1.9382535e-08 first_token=0 first_slot=0 first_idx=0 first_delta=4.4703484e-08 alt=0.23475493 primary=0.23475489 worst_token=0 worst_slot=0 worst_idx=2839 worst_delta=2.3841858e-07 alt=1.0585992 primary=1.0585995
ds4: dspark grouped-q2 compare call=161 tokens=5 dim=4096 mode=primary-unsafe exact=no max=2.3841858e-07 rms=1.4785821e-08 first_token=0 first_slot=0 first_idx=0 first_delta=1.4901161e-08 alt=-0.20293836 primary=-0.20293838 worst_token=3 worst_slot=0 worst_idx=1628 worst_delta=2.3841858e-07 alt=1.1059389 primary=1.1059387
ds4: dspark grouped-q2 compare call=162 tokens=5 dim=4096 mode=primary-unsafe exact=no max=2.3841858e-07 rms=1.6777458e-08 first_token=0 first_slot=0 first_idx=4 first_delta=4.4703484e-08 alt=-0.1381468 primary=-0.13814685 worst_token=0 worst_slot=0 worst_idx=1664 worst_delta=2.3841858e-07 alt=-1.1408439 primary=-1.1408441
ds4: dspark grouped-q2 compare call=163 tokens=5 dim=4096 mode=primary-unsafe exact=no max=1.7881393e-07 rms=1.3876269e-08 first_token=0 first_slot=0 first_idx=1 first_delta=1.4901161e-08 alt=-0.21825589 primary=-0.21825588 worst_token=2 worst_slot=1 worst_idx=522 worst_delta=1.7881393e-07 alt=-0.15878487 primary=-0.15878505
ds4: dspark grouped-q2 compare call=164 tokens=5 dim=4096 mode=primary-unsafe exact=no max=4.7683716e-07 rms=3.089712e-08 first_token=0 first_slot=0 first_idx=0 first_delta=1.1920929e-07 alt=0.47976941 primary=0.47976953 worst_token=0 worst_slot=0 worst_idx=90 worst_delta=4.7683716e-07 alt=-3.2261891 primary=-3.2261896
ds4: dspark grouped-q2 compare call=165 tokens=5 dim=4096 mode=primary-unsafe exact=no max=1.6391277e-07 rms=1.1418178e-08 first_token=0 first_slot=2 first_idx=0 first_delta=1.4901161e-08 alt=-0.18633038 primary=-0.18633039 worst_token=1 worst_slot=0 worst_idx=1896 worst_delta=1.6391277e-07 alt=-0.24153955 primary=-0.24153972
ds4: dspark grouped-q2 compare call=166 tokens=5 dim=4096 mode=primary-unsafe exact=no max=2.3841858e-07 rms=1.8195959e-08 first_token=0 first_slot=0 first_idx=1 first_delta=2.9802322e-08 alt=-0.36600754 primary=-0.36600757 worst_token=1 worst_slot=0 worst_idx=606 worst_delta=2.3841858e-07 alt=-2.1917417 primary=-2.1917415
ds4: dspark grouped-q2 compare call=167 tokens=5 dim=4096 mode=primary-unsafe exact=no max=3.5762787e-07 rms=1.9653553e-08 first_token=0 first_slot=0 first_idx=0 first_delta=1.4901161e-08 alt=-0.22929744 primary=-0.22929746 worst_token=3 worst_slot=0 worst_idx=78 worst_delta=3.5762787e-07 alt=1.1587185 primary=1.1587188
ds4: dspark grouped-q2 compare call=168 tokens=5 dim=4096 mode=primary-unsafe exact=no max=2.3841858e-07 rms=1.6375456e-08 first_token=0 first_slot=0 first_idx=0 first_delta=2.9802322e-08 alt=-0.34708336 primary=-0.34708333 worst_token=1 worst_slot=0 worst_idx=721 worst_delta=2.3841858e-07 alt=-1.1132224 primary=-1.1132221
ds4: dspark grouped-q2 compare call=169 tokens=5 dim=4096 mode=primary-unsafe exact=no max=7.1525574e-07 rms=2.9223342e-08 first_token=1 first_slot=5 first_idx=1 first_delta=1.4901161e-08 alt=0.095032208 primary=0.095032193 worst_token=4 worst_slot=0 worst_idx=3454 worst_delta=7.1525574e-07 alt=-0.50776219 primary=-0.50776148
ds4: dspark grouped-q2 compare call=170 tokens=5 dim=4096 mode=primary-unsafe exact=no max=2.3841858e-07 rms=2.6181974e-08 first_token=0 first_slot=0 first_idx=0 first_delta=4.4703484e-08 alt=-0.030658551 primary=-0.030658506 worst_token=0 worst_slot=0 worst_idx=1785 worst_delta=2.3841858e-07 alt=-1.3837757 primary=-1.3837755
ds4: dspark grouped-q2 compare call=171 tokens=5 dim=4096 mode=primary-unsafe exact=no max=4.7683716e-07 rms=2.9552121e-08 first_token=0 first_slot=1 first_idx=0 first_delta=4.4703484e-08 alt=0.18579467 primary=0.18579462 worst_token=3 worst_slot=0 worst_idx=1995 worst_delta=4.7683716e-07 alt=-2.1015601 primary=-2.1015596
ds4: dspark grouped-q2 compare call=172 tokens=5 dim=4096 mode=primary-unsafe exact=no max=4.7683716e-07 rms=2.6323718e-08 first_token=0 first_slot=3 first_idx=2 first_delta=1.4901161e-08 alt=0.11080961 primary=0.11080959 worst_token=2 worst_slot=0 worst_idx=3877 worst_delta=4.7683716e-07 alt=-2.0267315 primary=-2.026732
ds4: dspark grouped-q2 compare call=216 tokens=5 dim=4096 mode=primary-unsafe exact=no max=1.4901161e-08 rms=7.0740175e-10 first_token=0 first_slot=2 first_idx=1 first_delta=9.3132257e-10 alt=0.011486392 primary=0.011486392 worst_token=2 worst_slot=1 worst_idx=1067 worst_delta=1.4901161e-08 alt=0.093139604 primary=0.093139589
ds4: dspark grouped-q2 compare call=217 tokens=5 dim=4096 mode=primary-unsafe exact=no max=2.2351742e-08 rms=1.2120198e-09 first_token=0 first_slot=4 first_idx=2 first_delta=9.3132257e-10 alt=-0.011063556 primary=-0.011063555 worst_token=4 worst_slot=5 worst_idx=1558 worst_delta=2.2351742e-08 alt=0.10666081 primary=0.10666079
ds4: dspark grouped-q2 compare call=218 tokens=5 dim=4096 mode=primary-unsafe exact=no max=1.4901161e-08 rms=6.1034872e-10 first_token=0 first_slot=5 first_idx=0 first_delta=4.6566129e-10 alt=0.0040726606 primary=0.004072661 worst_token=3 worst_slot=0 worst_idx=94 worst_delta=1.4901161e-08 alt=-0.050544702 primary=-0.050544716
ds4: dspark grouped-q2 compare call=219 tokens=5 dim=4096 mode=primary-unsafe exact=no max=1.1920929e-07 rms=5.7717173e-09 first_token=0 first_slot=0 first_idx=0 first_delta=1.4901161e-08 alt=-0.12186024 primary=-0.12186023 worst_token=1 worst_slot=0 worst_idx=1663 worst_delta=1.1920929e-07 alt=-0.52931404 primary=-0.52931392
ds4: dspark grouped-q2 compare call=220 tokens=5 dim=4096 mode=primary-unsafe exact=no max=5.9604645e-08 rms=4.8228541e-09 first_token=0 first_slot=0 first_idx=1 first_delta=7.4505806e-09 alt=-0.035838559 primary=-0.035838567 worst_token=1 worst_slot=0 worst_idx=1181 worst_delta=5.9604645e-08 alt=-0.25082976 primary=-0.2508297
ds4: dspark grouped-q2 compare call=221 tokens=5 dim=4096 mode=primary-unsafe exact=no max=5.9604645e-08 rms=5.4679967e-09 first_token=0 first_slot=0 first_idx=0 first_delta=3.7252903e-09 alt=-0.001125291 primary=-0.0011252873 worst_token=0 worst_slot=0 worst_idx=3148 worst_delta=5.9604645e-08 alt=-0.52561337 primary=-0.52561331
ds4: dspark grouped-q2 compare call=222 tokens=5 dim=4096 mode=primary-unsafe exact=no max=8.9406967e-08 rms=5.7245919e-09 first_token=0 first_slot=0 first_idx=4 first_delta=1.4901161e-08 alt=0.13554485 primary=0.13554484 worst_token=3 worst_slot=0 worst_idx=1654 worst_delta=8.9406967e-08 alt=0.30805567 primary=0.30805558
ds4: dspark grouped-q2 compare call=223 tokens=5 dim=4096 mode=primary-unsafe exact=no max=1.0430813e-07 rms=8.0938074e-09 first_token=0 first_slot=0 first_idx=0 first_delta=1.4901161e-08 alt=0.13613343 primary=0.13613342 worst_token=4 worst_slot=0 worst_idx=2980 worst_delta=1.0430813e-07 alt=0.13281481 primary=0.13281491
ds4: dspark grouped-q2 compare call=224 tokens=5 dim=4096 mode=primary-unsafe exact=no max=1.1920929e-07 rms=9.5166159e-09 first_token=0 first_slot=0 first_idx=2 first_delta=1.4901161e-08 alt=0.063802436 primary=0.063802421 worst_token=1 worst_slot=1 worst_idx=1560 worst_delta=1.1920929e-07 alt=0.72541976 primary=0.72541964
ds4: dspark grouped-q2 compare call=225 tokens=5 dim=4096 mode=primary-unsafe exact=no max=5.9604645e-08 rms=5.1577214e-09 first_token=0 first_slot=1 first_idx=0 first_delta=3.7252903e-09 alt=0.062379394 primary=0.06237939 worst_token=1 worst_slot=0 worst_idx=173 worst_delta=5.9604645e-08 alt=-0.45351446 primary=-0.45351452
ds4: dspark grouped-q2 compare call=226 tokens=5 dim=4096 mode=primary-unsafe exact=no max=5.9604645e-08 rms=5.5082352e-09 first_token=0 first_slot=0 first_idx=1 first_delta=1.4901161e-08 alt=-0.048488379 primary=-0.048488393 worst_token=1 worst_slot=0 worst_idx=37 worst_delta=5.9604645e-08 alt=-0.29291368 primary=-0.29291362
ds4: dspark grouped-q2 compare call=227 tokens=5 dim=4096 mode=primary-unsafe exact=no max=5.9604645e-08 rms=5.9360743e-09 first_token=0 first_slot=0 first_idx=0 first_delta=7.4505806e-09 alt=0.11564928 primary=0.11564928 worst_token=1 worst_slot=0 worst_idx=373 worst_delta=5.9604645e-08 alt=0.25142521 primary=0.25142515
ds4: dspark grouped-q2 compare call=228 tokens=5 dim=4096 mode=primary-unsafe exact=no max=8.9406967e-08 rms=6.4006302e-09 first_token=0 first_slot=0 first_idx=0 first_delta=1.8626451e-08 alt=-0.050178256 primary=-0.050178237 worst_token=4 worst_slot=0 worst_idx=2977 worst_delta=8.9406967e-08 alt=0.30125311 primary=0.3012532
ds4: dspark grouped-q2 compare call=229 tokens=5 dim=4096 mode=primary-unsafe exact=no max=8.9406967e-08 rms=6.4518022e-09 first_token=0 first_slot=0 first_idx=0 first_delta=2.6077032e-08 alt=-0.037297755 primary=-0.037297729 worst_token=0 worst_slot=0 worst_idx=3789 worst_delta=8.9406967e-08 alt=-0.29457951 primary=-0.2945796
ds4: dspark grouped-q2 compare call=230 tokens=5 dim=4096 mode=primary-unsafe exact=no max=8.9406967e-08 rms=7.3201973e-09 first_token=0 first_slot=0 first_idx=0 first_delta=1.4901161e-08 alt=-0.2342501 primary=-0.23425008 worst_token=3 worst_slot=0 worst_idx=2683 worst_delta=8.9406967e-08 alt=0.39826891 primary=0.39826882
ds4: dspark grouped-q2 compare call=231 tokens=5 dim=4096 mode=primary-unsafe exact=no max=8.9406967e-08 rms=5.3289146e-09 first_token=0 first_slot=0 first_idx=0 first_delta=1.4901161e-08 alt=0.13637674 primary=0.13637675 worst_token=0 worst_slot=0 worst_idx=2126 worst_delta=8.9406967e-08 alt=-0.42826712 primary=-0.42826721
ds4: dspark grouped-q2 compare call=232 tokens=5 dim=4096 mode=primary-unsafe exact=no max=1.1920929e-07 rms=8.716377e-09 first_token=0 first_slot=0 first_idx=0 first_delta=2.2351742e-08 alt=-0.10365088 primary=-0.10365091 worst_token=0 worst_slot=0 worst_idx=1435 worst_delta=1.1920929e-07 alt=0.72200346 primary=0.72200334
ds4: dspark grouped-q2 compare call=233 tokens=5 dim=4096 mode=primary-unsafe exact=no max=1.1920929e-07 rms=8.6875351e-09 first_token=0 first_slot=0 first_idx=1 first_delta=2.9802322e-08 alt=-0.46543217 primary=-0.4654322 worst_token=3 worst_slot=0 worst_idx=3429 worst_delta=1.1920929e-07 alt=-1.1396309 primary=-1.1396308
ds4: dspark grouped-q2 compare call=234 tokens=5 dim=4096 mode=primary-unsafe exact=no max=1.7881393e-07 rms=1.2038545e-08 first_token=0 first_slot=0 first_idx=0 first_delta=2.9802322e-08 alt=-0.48288476 primary=-0.48288479 worst_token=0 worst_slot=0 worst_idx=4042 worst_delta=1.7881393e-07 alt=0.77604121 primary=0.77604103
ds4: dspark grouped-q2 compare call=235 tokens=5 dim=4096 mode=primary-unsafe exact=no max=1.1920929e-07 rms=1.0362953e-08 first_token=0 first_slot=0 first_idx=0 first_delta=5.9604645e-08 alt=-0.56563902 primary=-0.56563908 worst_token=0 worst_slot=0 worst_idx=18 worst_delta=1.1920929e-07 alt=0.56143355 primary=0.56143343
ds4: dspark grouped-q2 compare call=236 tokens=5 dim=4096 mode=primary-unsafe exact=no max=2.3841858e-07 rms=1.8041471e-08 first_token=0 first_slot=0 first_idx=3 first_delta=5.9604645e-08 alt=-0.22103897 primary=-0.22103903 worst_token=0 worst_slot=1 worst_idx=1394 worst_delta=2.3841858e-07 alt=-1.0006294 primary=-1.0006292
ds4: dspark grouped-q2 compare call=237 tokens=5 dim=4096 mode=primary-unsafe exact=no max=1.7881393e-07 rms=1.1641157e-08 first_token=0 first_slot=0 first_idx=0 first_delta=1.4901161e-08 alt=0.00088430941 primary=0.00088429451 worst_token=2 worst_slot=0 worst_idx=2299 worst_delta=1.7881393e-07 alt=-0.67382264 primary=-0.67382246
ds4: dspark grouped-q2 compare call=238 tokens=5 dim=4096 mode=primary-unsafe exact=no max=1.7881393e-07 rms=1.5546631e-08 first_token=0 first_slot=2 first_idx=3 first_delta=1.4901161e-08 alt=0.060702045 primary=0.06070203 worst_token=1 worst_slot=0 worst_idx=1290 worst_delta=1.7881393e-07 alt=-0.50539351 primary=-0.50539368
ds4: dspark grouped-q2 compare call=239 tokens=5 dim=4096 mode=primary-unsafe exact=no max=1.1920929e-07 rms=8.0530977e-09 first_token=0 first_slot=3 first_idx=0 first_delta=3.7252903e-09 alt=-0.010155952 primary=-0.010155955 worst_token=4 worst_slot=1 worst_idx=827 worst_delta=1.1920929e-07 alt=-0.67918444 primary=-0.67918432
ds4: dspark grouped-q2 compare call=240 tokens=5 dim=4096 mode=primary-unsafe exact=no max=1.4901161e-07 rms=1.4771326e-08 first_token=0 first_slot=0 first_idx=1 first_delta=2.9802322e-08 alt=-0.30683807 primary=-0.30683804 worst_token=0 worst_slot=1 worst_idx=1828 worst_delta=1.4901161e-07 alt=-0.45981336 primary=-0.45981321
ds4: dspark grouped-q2 compare call=241 tokens=5 dim=4096 mode=primary-unsafe exact=no max=2.3841858e-07 rms=1.3007271e-08 first_token=0 first_slot=0 first_idx=0 first_delta=1.4901161e-08 alt=0.039135605 primary=0.03913562 worst_token=0 worst_slot=0 worst_idx=3933 worst_delta=2.3841858e-07 alt=1.1769345 primary=1.1769347
ds4: dspark grouped-q2 compare call=242 tokens=5 dim=4096 mode=primary-unsafe exact=no max=1.1920929e-07 rms=9.5536237e-09 first_token=0 first_slot=4 first_idx=1 first_delta=3.7252903e-09 alt=-0.048772439 primary=-0.048772436 worst_token=2 worst_slot=0 worst_idx=60 worst_delta=1.1920929e-07 alt=0.70992637 primary=0.70992649
ds4: dspark grouped-q2 compare call=243 tokens=5 dim=4096 mode=primary-unsafe exact=no max=1.1920929e-07 rms=9.905567e-09 first_token=0 first_slot=0 first_idx=1 first_delta=7.4505806e-09 alt=-0.029810056 primary=-0.029810064 worst_token=0 worst_slot=0 worst_idx=110 worst_delta=1.1920929e-07 alt=0.61854339 primary=0.61854351
ds4: dspark grouped-q2 compare call=244 tokens=5 dim=4096 mode=primary-unsafe exact=no max=1.1920929e-07 rms=1.181672e-08 first_token=0 first_slot=0 first_idx=0 first_delta=3.7252903e-09 alt=-0.032314971 primary=-0.032314975 worst_token=1 worst_slot=0 worst_idx=1465 worst_delta=1.1920929e-07 alt=-0.73904014 primary=-0.73904002
ds4: dspark grouped-q2 compare call=245 tokens=5 dim=4096 mode=primary-unsafe exact=no max=1.7881393e-07 rms=1.1075834e-08 first_token=0 first_slot=2 first_idx=0 first_delta=1.4901161e-08 alt=-0.088343337 primary=-0.088343352 worst_token=2 worst_slot=0 worst_idx=1483 worst_delta=1.7881393e-07 alt=-0.40157014 primary=-0.40156996
ds4: dspark grouped-q2 compare call=246 tokens=5 dim=4096 mode=primary-unsafe exact=no max=2.9802322e-07 rms=2.0053552e-08 first_token=0 first_slot=0 first_idx=0 first_delta=5.9604645e-08 alt=-0.54900044 primary=-0.5490005 worst_token=0 worst_slot=0 worst_idx=237 worst_delta=2.9802322e-07 alt=0.59214514 primary=0.59214544
ds4: dspark grouped-q2 compare call=247 tokens=5 dim=4096 mode=primary-unsafe exact=no max=1.1920929e-07 rms=1.1826747e-08 first_token=0 first_slot=3 first_idx=0 first_delta=1.4901161e-08 alt=-0.12612472 primary=-0.12612474 worst_token=1 worst_slot=0 worst_idx=606 worst_delta=1.1920929e-07 alt=0.51952922 primary=0.5195291
ds4: dspark grouped-q2 compare call=248 tokens=5 dim=4096 mode=primary-unsafe exact=no max=1.7881393e-07 rms=1.5187563e-08 first_token=0 first_slot=0 first_idx=0 first_delta=5.9604645e-08 alt=0.29333127 primary=0.29333133 worst_token=0 worst_slot=0 worst_idx=2019 worst_delta=1.7881393e-07 alt=-0.90498137 primary=-0.90498155
ds4: dspark grouped-q2 compare call=249 tokens=5 dim=4096 mode=primary-unsafe exact=no max=1.1920929e-07 rms=1.0654054e-08 first_token=0 first_slot=1 first_idx=4 first_delta=7.4505806e-09 alt=0.05843747 primary=0.058437463 worst_token=3 worst_slot=0 worst_idx=86 worst_delta=1.1920929e-07 alt=-0.66771722 primary=-0.6677171
ds4: dspark grouped-q2 compare call=250 tokens=5 dim=4096 mode=primary-unsafe exact=no max=2.3841858e-07 rms=1.9830232e-08 first_token=0 first_slot=2 first_idx=1 first_delta=7.4505806e-09 alt=0.10645073 primary=0.10645072 worst_token=1 worst_slot=0 worst_idx=1474 worst_delta=2.3841858e-07 alt=-1.0811498 primary=-1.0811496
ds4: dspark grouped-q2 compare call=251 tokens=5 dim=4096 mode=primary-unsafe exact=no max=3.5762787e-07 rms=1.891193e-08 first_token=1 first_slot=1 first_idx=0 first_delta=2.9802322e-08 alt=-0.43852803 primary=-0.43852806 worst_token=2 worst_slot=0 worst_idx=1644 worst_delta=3.5762787e-07 alt=-1.0205861 primary=-1.0205858
ds4: dspark grouped-q2 compare call=252 tokens=5 dim=4096 mode=primary-unsafe exact=no max=1.7881393e-07 rms=1.8622517e-08 first_token=0 first_slot=1 first_idx=0 first_delta=1.4901161e-08 alt=-0.043742057 primary=-0.043742042 worst_token=3 worst_slot=2 worst_idx=2762 worst_delta=1.7881393e-07 alt=-0.6018216 primary=-0.60182142
ds4: dspark grouped-q2 compare call=253 tokens=5 dim=4096 mode=primary-unsafe exact=no max=2.3841858e-07 rms=1.60361e-08 first_token=0 first_slot=2 first_idx=3 first_delta=3.7252903e-09 alt=-0.050417971 primary=-0.050417975 worst_token=4 worst_slot=0 worst_idx=1951 worst_delta=2.3841858e-07 alt=1.2854595 primary=1.2854593
ds4: dspark grouped-q2 compare call=254 tokens=5 dim=4096 mode=primary-unsafe exact=no max=3.5762787e-07 rms=1.8844661e-08 first_token=0 first_slot=1 first_idx=1 first_delta=1.4901161e-08 alt=-0.052109282 primary=-0.052109297 worst_token=2 worst_slot=0 worst_idx=708 worst_delta=3.5762787e-07 alt=1.5249062 primary=1.5249058
ds4: dspark grouped-q2 compare call=255 tokens=5 dim=4096 mode=primary-unsafe exact=no max=3.5762787e-07 rms=2.2528617e-08 first_token=0 first_slot=5 first_idx=0 first_delta=1.4901161e-08 alt=-0.070429437 primary=-0.070429452 worst_token=1 worst_slot=0 worst_idx=772 worst_delta=3.5762787e-07 alt=-1.1296484 primary=-1.1296488
ds4: dspark grouped-q2 compare call=256 tokens=5 dim=4096 mode=primary-unsafe exact=no max=2.5331974e-07 rms=2.612907e-08 first_token=0 first_slot=0 first_idx=2 first_delta=4.4703484e-08 alt=0.2244368 primary=0.22443676 worst_token=2 worst_slot=0 worst_idx=2519 worst_delta=2.5331974e-07 alt=0.014577664 primary=0.014577411
ds4: dspark grouped-q2 compare call=257 tokens=5 dim=4096 mode=primary-unsafe exact=no max=2.3841858e-07 rms=1.9217197e-08 first_token=0 first_slot=0 first_idx=2 first_delta=1.4901161e-08 alt=-0.15690084 primary=-0.15690082 worst_token=2 worst_slot=0 worst_idx=181 worst_delta=2.3841858e-07 alt=-1.1629233 primary=-1.1629236
ds4: dspark grouped-q2 compare call=258 tokens=5 dim=4096 mode=primary-unsafe exact=no max=4.7683716e-07 rms=2.6544566e-08 first_token=1 first_slot=1 first_idx=1 first_delta=2.9802322e-08 alt=-0.34932443 primary=-0.34932441 worst_token=3 worst_slot=0 worst_idx=2181 worst_delta=4.7683716e-07 alt=2.0142832 primary=2.0142827
ds4: dspark grouped-q2 compare call=345 tokens=5 dim=4096 mode=primary-unsafe exact=no max=5.9604645e-08 rms=4.6435145e-09 first_token=0 first_slot=0 first_idx=0 first_delta=9.3132257e-10 alt=-0.0075233942 primary=-0.0075233933 worst_token=1 worst_slot=4 worst_idx=339 worst_delta=5.9604645e-08 alt=-0.34779388 primary=-0.34779382
ds4: dspark grouped-q2 compare call=346 tokens=5 dim=4096 mode=primary-unsafe exact=no max=4.4703484e-08 rms=3.2704188e-09 first_token=0 first_slot=0 first_idx=2 first_delta=1.8626451e-09 alt=-0.025144111 primary=-0.02514411 worst_token=3 worst_slot=1 worst_idx=1983 worst_delta=4.4703484e-08 alt=-0.16465074 primary=-0.16465069
ds4: dspark grouped-q2 compare call=347 tokens=5 dim=4096 mode=primary-unsafe exact=no max=4.4703484e-08 rms=4.5026001e-09 first_token=0 first_slot=0 first_idx=0 first_delta=7.4505806e-09 alt=0.074004352 primary=0.074004345 worst_token=1 worst_slot=2 worst_idx=1325 worst_delta=4.4703484e-08 alt=-0.16111133 primary=-0.16111128
ds4: dspark grouped-q2 compare call=348 tokens=5 dim=4096 mode=primary-unsafe exact=no max=1.1920929e-07 rms=6.591915e-09 first_token=0 first_slot=0 first_idx=0 first_delta=5.5879354e-09 alt=0.0040612835 primary=0.0040612891 worst_token=3 worst_slot=0 worst_idx=1124 worst_delta=1.1920929e-07 alt=-0.5468564 primary=-0.54685652
ds4: dspark grouped-q2 compare call=349 tokens=5 dim=4096 mode=primary-unsafe exact=no max=5.9604645e-08 rms=4.4565693e-09 first_token=0 first_slot=0 first_idx=0 first_delta=3.7252903e-09 alt=-0.052641481 primary=-0.052641477 worst_token=0 worst_slot=0 worst_idx=1353 worst_delta=5.9604645e-08 alt=-0.25210238 primary=-0.25210232
ds4: dspark grouped-q2 compare call=350 tokens=5 dim=4096 mode=primary-unsafe exact=no max=5.9604645e-08 rms=4.9970494e-09 first_token=0 first_slot=0 first_idx=1 first_delta=7.4505806e-09 alt=0.016316123 primary=0.016316131 worst_token=1 worst_slot=0 worst_idx=32 worst_delta=5.9604645e-08 alt=-0.33035308 primary=-0.33035314
ds4: dspark grouped-q2 compare call=351 tokens=5 dim=4096 mode=primary-unsafe exact=no max=5.9604645e-08 rms=5.2753335e-09 first_token=0 first_slot=0 first_idx=0 first_delta=3.7252903e-09 alt=0.030570768 primary=0.030570764 worst_token=0 worst_slot=1 worst_idx=1701 worst_delta=5.9604645e-08 alt=-0.40535325 primary=-0.40535331
ds4: dspark grouped-q2 compare call=352 tokens=5 dim=4096 mode=primary-unsafe exact=no max=8.9406967e-08 rms=7.293421e-09 first_token=0 first_slot=0 first_idx=0 first_delta=7.4505806e-09 alt=0.10169838 primary=0.10169838 worst_token=3 worst_slot=0 worst_idx=699 worst_delta=8.9406967e-08 alt=-0.11555202 primary=-0.11555211
ds4: dspark grouped-q2 compare call=353 tokens=5 dim=4096 mode=primary-unsafe exact=no max=1.1920929e-07 rms=8.2624263e-09 first_token=0 first_slot=0 first_idx=0 first_delta=7.4505806e-09 alt=0.027381618 primary=0.027381625 worst_token=0 worst_slot=0 worst_idx=1788 worst_delta=1.1920929e-07 alt=-0.63424569 primary=-0.63424581
ds4: dspark grouped-q2 compare call=354 tokens=5 dim=4096 mode=primary-unsafe exact=no max=1.1920929e-07 rms=6.8626695e-09 first_token=0 first_slot=0 first_idx=2 first_delta=1.1175871e-08 alt=-0.036565077 primary=-0.036565065 worst_token=3 worst_slot=0 worst_idx=2078 worst_delta=1.1920929e-07 alt=0.64277172 primary=0.6427716
ds4: dspark grouped-q2 compare call=355 tokens=5 dim=4096 mode=primary-unsafe exact=no max=5.9604645e-08 rms=4.324217e-09 first_token=0 first_slot=0 first_idx=0 first_delta=1.1175871e-08 alt=-0.040354818 primary=-0.040354807 worst_token=3 worst_slot=0 worst_idx=3705 worst_delta=5.9604645e-08 alt=0.29724044 primary=0.2972405
ds4: dspark grouped-q2 compare call=356 tokens=5 dim=4096 mode=primary-unsafe exact=no max=5.9604645e-08 rms=5.8116241e-09 first_token=0 first_slot=0 first_idx=1 first_delta=1.1175871e-08 alt=-0.014988579 primary=-0.01498859 worst_token=0 worst_slot=0 worst_idx=785 worst_delta=5.9604645e-08 alt=0.28056383 primary=0.28056377
ds4: dspark grouped-q2 compare call=357 tokens=5 dim=4096 mode=primary-unsafe exact=no max=1.1920929e-07 rms=7.7028925e-09 first_token=0 first_slot=0 first_idx=3 first_delta=7.4505806e-09 alt=0.0032947436 primary=0.0032947361 worst_token=0 worst_slot=0 worst_idx=186 worst_delta=1.1920929e-07 alt=0.87416011 primary=0.87415999
ds4: dspark grouped-q2 compare call=358 tokens=5 dim=4096 mode=primary-unsafe exact=no max=5.9604645e-08 rms=5.7940897e-09 first_token=0 first_slot=0 first_idx=5 first_delta=3.7252903e-09 alt=0.045796618 primary=0.045796614 worst_token=3 worst_slot=0 worst_idx=1632 worst_delta=5.9604645e-08 alt=-0.27788556 primary=-0.2778855
ds4: dspark grouped-q2 compare call=359 tokens=5 dim=4096 mode=primary-unsafe exact=no max=1.1920929e-07 rms=7.1482851e-09 first_token=0 first_slot=0 first_idx=1 first_delta=1.4901161e-08 alt=-0.23964287 primary=-0.23964289 worst_token=0 worst_slot=0 worst_idx=759 worst_delta=1.1920929e-07 alt=-0.53000975 primary=-0.53000987
ds4: dspark grouped-q2 compare call=360 tokens=5 dim=4096 mode=primary-unsafe exact=no max=8.9406967e-08 rms=6.7026749e-09 first_token=0 first_slot=0 first_idx=3 first_delta=1.1175871e-08 alt=0.0085933767 primary=0.0085933656 worst_token=1 worst_slot=0 worst_idx=384 worst_delta=8.9406967e-08 alt=-0.29033312 primary=-0.29033303
ds4: dspark grouped-q2 compare call=361 tokens=5 dim=4096 mode=primary-unsafe exact=no max=1.1920929e-07 rms=6.9936004e-09 first_token=0 first_slot=0 first_idx=0 first_delta=2.9802322e-08 alt=-0.31958327 primary=-0.3195833 worst_token=0 worst_slot=0 worst_idx=2441 worst_delta=1.1920929e-07 alt=0.53317785 primary=0.53317797
ds4: dspark grouped-q2 compare call=362 tokens=5 dim=4096 mode=primary-unsafe exact=no max=1.1920929e-07 rms=7.4004789e-09 first_token=0 first_slot=2 first_idx=0 first_delta=3.7252903e-09 alt=-0.04440904 primary=-0.044409037 worst_token=2 worst_slot=1 worst_idx=3214 worst_delta=1.1920929e-07 alt=0.50079584 primary=0.50079572
ds4: dspark grouped-q2 compare call=363 tokens=5 dim=4096 mode=primary-unsafe exact=no max=1.1920929e-07 rms=1.0296551e-08 first_token=0 first_slot=0 first_idx=1 first_delta=1.4901161e-08 alt=-0.17276509 primary=-0.17276511 worst_token=0 worst_slot=0 worst_idx=4056 worst_delta=1.1920929e-07 alt=-0.53747308 primary=-0.5374732
ds4: dspark grouped-q2 compare call=364 tokens=5 dim=4096 mode=primary-unsafe exact=no max=1.1920929e-07 rms=1.0273721e-08 first_token=0 first_slot=0 first_idx=0 first_delta=1.4901161e-08 alt=0.020664729 primary=0.020664714 worst_token=0 worst_slot=0 worst_idx=129 worst_delta=1.1920929e-07 alt=-0.023045331 primary=-0.02304545
ds4: dspark grouped-q2 compare call=365 tokens=5 dim=4096 mode=primary-unsafe exact=no max=2.3841858e-07 rms=1.7050489e-08 first_token=0 first_slot=0 first_idx=0 first_delta=2.9802322e-08 alt=-0.14374781 primary=-0.14374784 worst_token=2 worst_slot=0 worst_idx=1813 worst_delta=2.3841858e-07 alt=-1.1600597 primary=-1.1600599
ds4: dspark grouped-q2 compare call=366 tokens=5 dim=4096 mode=primary-unsafe exact=no max=1.7881393e-07 rms=1.1968626e-08 first_token=0 first_slot=0 first_idx=2 first_delta=4.4703484e-08 alt=0.085770398 primary=0.085770354 worst_token=1 worst_slot=0 worst_idx=2782 worst_delta=1.7881393e-07 alt=0.81837726 primary=0.81837708
ds4: dspark grouped-q2 compare call=367 tokens=5 dim=4096 mode=primary-unsafe exact=no max=2.3841858e-07 rms=1.8021112e-08 first_token=0 first_slot=1 first_idx=0 first_delta=2.9802322e-08 alt=-0.2172555 primary=-0.21725547 worst_token=3 worst_slot=0 worst_idx=1498 worst_delta=2.3841858e-07 alt=1.0551031 primary=1.0551028
ds4: dspark grouped-q2 compare call=368 tokens=5 dim=4096 mode=primary-unsafe exact=no max=1.1920929e-07 rms=1.0632089e-08 first_token=0 first_slot=0 first_idx=0 first_delta=1.4901161e-08 alt=0.23953202 primary=0.23953204 worst_token=0 worst_slot=0 worst_idx=44 worst_delta=1.1920929e-07 alt=0.54501486 primary=0.54501498
ds4: dspark grouped-q2 compare call=369 tokens=5 dim=4096 mode=primary-unsafe exact=no max=2.9802322e-07 rms=2.4392785e-08 first_token=0 first_slot=0 first_idx=2 first_delta=8.9406967e-08 alt=0.1114773 primary=0.11147739 worst_token=1 worst_slot=0 worst_idx=1252 worst_delta=2.9802322e-07 alt=0.7282424 primary=0.7282421
ds4: dspark grouped-q2 compare call=370 tokens=5 dim=4096 mode=primary-unsafe exact=no max=2.3841858e-07 rms=1.7446199e-08 first_token=0 first_slot=0 first_idx=0 first_delta=1.4901161e-08 alt=-0.014830172 primary=-0.014830187 worst_token=0 worst_slot=0 worst_idx=2200 worst_delta=2.3841858e-07 alt=-1.0398066 primary=-1.0398064
ds4: dspark grouped-q2 compare call=371 tokens=5 dim=4096 mode=primary-unsafe exact=no max=1.1920929e-07 rms=1.3409732e-08 first_token=0 first_slot=0 first_idx=3 first_delta=7.4505806e-09 alt=0.069384612 primary=0.06938462 worst_token=0 worst_slot=0 worst_idx=541 worst_delta=1.1920929e-07 alt=-0.51362193 primary=-0.51362181
ds4: dspark grouped-q2 compare call=372 tokens=5 dim=4096 mode=primary-unsafe exact=no max=1.1920929e-07 rms=1.0973324e-08 first_token=0 first_slot=0 first_idx=0 first_delta=2.9802322e-08 alt=-0.40159354 primary=-0.40159357 worst_token=0 worst_slot=0 worst_idx=2644 worst_delta=1.1920929e-07 alt=0.78770924 primary=0.78770912
ds4: dspark grouped-q2 compare call=373 tokens=5 dim=4096 mode=primary-unsafe exact=no max=3.5762787e-07 rms=1.9096486e-08 first_token=0 first_slot=0 first_idx=0 first_delta=7.4505806e-09 alt=0.043031007 primary=0.043031 worst_token=0 worst_slot=0 worst_idx=236 worst_delta=3.5762787e-07 alt=1.3703158 primary=1.3703161
ds4: dspark grouped-q2 compare call=374 tokens=5 dim=4096 mode=primary-unsafe exact=no max=1.1920929e-07 rms=1.0316582e-08 first_token=0 first_slot=0 first_idx=0 first_delta=5.9604645e-08 alt=-0.51711333 primary=-0.51711339 worst_token=0 worst_slot=0 worst_idx=1007 worst_delta=1.1920929e-07 alt=-0.61919945 primary=-0.61919934
ds4: dspark grouped-q2 compare call=375 tokens=5 dim=4096 mode=primary-unsafe exact=no max=1.3411045e-07 rms=1.2655303e-08 first_token=0 first_slot=0 first_idx=0 first_delta=1.4901161e-08 alt=0.11714025 primary=0.11714026 worst_token=1 worst_slot=0 worst_idx=273 worst_delta=1.3411045e-07 alt=-0.22800696 primary=-0.22800682
ds4: dspark grouped-q2 compare call=376 tokens=5 dim=4096 mode=primary-unsafe exact=no max=1.3411045e-07 rms=1.1473928e-08 first_token=0 first_slot=0 first_idx=0 first_delta=1.4901161e-08 alt=0.0098260054 primary=0.0098260203 worst_token=3 worst_slot=0 worst_idx=2559 worst_delta=1.3411045e-07 alt=0.15025899 primary=0.15025912
ds4: dspark grouped-q2 compare call=377 tokens=5 dim=4096 mode=primary-unsafe exact=no max=1.7881393e-07 rms=1.3228989e-08 first_token=0 first_slot=1 first_idx=0 first_delta=2.9802322e-08 alt=0.17548251 primary=0.17548254 worst_token=3 worst_slot=0 worst_idx=1490 worst_delta=1.7881393e-07 alt=0.14679801 primary=0.14679819
ds4: dspark grouped-q2 compare call=378 tokens=5 dim=4096 mode=primary-unsafe exact=no max=3.5762787e-07 rms=2.3170708e-08 first_token=0 first_slot=0 first_idx=0 first_delta=5.9604645e-08 alt=-0.55273581 primary=-0.55273575 worst_token=0 worst_slot=0 worst_idx=2591 worst_delta=3.5762787e-07 alt=-1.4547169 primary=-1.4547166
ds4: dspark grouped-q2 compare call=379 tokens=5 dim=4096 mode=primary-unsafe exact=no max=2.3841858e-07 rms=1.8804952e-08 first_token=0 first_slot=0 first_idx=0 first_delta=3.7252903e-08 alt=0.04118976 primary=0.041189723 worst_token=1 worst_slot=0 worst_idx=1860 worst_delta=2.3841858e-07 alt=-1.2310975 primary=-1.2310977
ds4: dspark grouped-q2 compare call=380 tokens=5 dim=4096 mode=primary-unsafe exact=no max=1.1920929e-07 rms=1.1543957e-08 first_token=0 first_slot=0 first_idx=0 first_delta=1.4901161e-08 alt=0.076394036 primary=0.076394022 worst_token=1 worst_slot=1 worst_idx=495 worst_delta=1.1920929e-07 alt=0.52793396 primary=0.52793407
ds4: dspark grouped-q2 compare call=381 tokens=5 dim=4096 mode=primary-unsafe exact=no max=1.1920929e-07 rms=1.7303496e-08 first_token=0 first_slot=0 first_idx=0 first_delta=1.4901161e-08 alt=0.017762214 primary=0.017762199 worst_token=0 worst_slot=0 worst_idx=2579 worst_delta=1.1920929e-07 alt=-0.577654 primary=-0.57765412
ds4: dspark grouped-q2 compare call=382 tokens=5 dim=4096 mode=primary-unsafe exact=no max=1.7881393e-07 rms=1.2292075e-08 first_token=0 first_slot=0 first_idx=0 first_delta=1.4901161e-08 alt=0.15507928 primary=0.15507926 worst_token=0 worst_slot=0 worst_idx=1492 worst_delta=1.7881393e-07 alt=-0.78137207 primary=-0.78137189
ds4: dspark grouped-q2 compare call=383 tokens=5 dim=4096 mode=primary-unsafe exact=no max=4.7683716e-07 rms=3.2546904e-08 first_token=0 first_slot=0 first_idx=0 first_delta=8.9406967e-08 alt=-0.33389652 primary=-0.33389643 worst_token=4 worst_slot=0 worst_idx=1716 worst_delta=4.7683716e-07 alt=-2.2250924 primary=-2.2250919
ds4: dspark grouped-q2 compare call=384 tokens=5 dim=4096 mode=primary-unsafe exact=no max=3.5762787e-07 rms=2.7847566e-08 first_token=0 first_slot=0 first_idx=3 first_delta=5.9604645e-08 alt=-0.20719218 primary=-0.20719212 worst_token=0 worst_slot=0 worst_idx=3431 worst_delta=3.5762787e-07 alt=-1.629393 primary=-1.6293926
ds4: dspark grouped-q2 compare call=385 tokens=5 dim=4096 mode=primary-unsafe exact=no max=2.3841858e-07 rms=2.1280702e-08 first_token=0 first_slot=0 first_idx=0 first_delta=1.1920929e-07 alt=-0.65535653 primary=-0.65535665 worst_token=0 worst_slot=0 worst_idx=2162 worst_delta=2.3841858e-07 alt=-1.1879203 primary=-1.1879201
ds4: dspark grouped-q2 compare call=386 tokens=5 dim=4096 mode=primary-unsafe exact=no max=4.7683716e-07 rms=3.5509906e-08 first_token=0 first_slot=0 first_idx=0 first_delta=5.9604645e-08 alt=-0.13067412 primary=-0.13067418 worst_token=2 worst_slot=0 worst_idx=42 worst_delta=4.7683716e-07 alt=2.3186312 primary=2.3186307
ds4: dspark grouped-q2 compare call=387 tokens=5 dim=4096 mode=primary-unsafe exact=no max=2.3841858e-07 rms=2.665154e-08 first_token=0 first_slot=0 first_idx=0 first_delta=2.9802322e-08 alt=-0.2738331 primary=-0.27383313 worst_token=0 worst_slot=0 worst_idx=2322 worst_delta=2.3841858e-07 alt=1.1953719 primary=1.1953721
ds4: dspark grouped-q2 compare call=431 tokens=5 dim=4096 mode=primary-unsafe exact=no max=8.1956387e-08 rms=5.3358553e-09 first_token=0 first_slot=0 first_idx=1 first_delta=4.6566129e-09 alt=0.011541426 primary=0.011541422 worst_token=2 worst_slot=4 worst_idx=1078 worst_delta=8.1956387e-08 alt=0.021029778 primary=0.021029696
ds4: dspark grouped-q2 compare call=432 tokens=5 dim=4096 mode=primary-unsafe exact=no max=2.9802322e-08 rms=2.9690814e-09 first_token=0 first_slot=0 first_idx=0 first_delta=4.6566129e-10 alt=0.0043953103 primary=0.0043953098 worst_token=0 worst_slot=2 worst_idx=1765 worst_delta=2.9802322e-08 alt=0.2772592 primary=0.27725923
ds4: dspark grouped-q2 compare call=433 tokens=5 dim=4096 mode=primary-unsafe exact=no max=5.9604645e-08 rms=4.0501074e-09 first_token=0 first_slot=0 first_idx=1 first_delta=4.6566129e-10 alt=-0.0073191063 primary=-0.0073191058 worst_token=0 worst_slot=3 worst_idx=121 worst_delta=5.9604645e-08 alt=0.29987639 primary=0.29987633
ds4: dspark grouped-q2 compare call=434 tokens=5 dim=4096 mode=primary-unsafe exact=no max=5.9604645e-08 rms=5.5717009e-09 first_token=0 first_slot=0 first_idx=0 first_delta=1.1175871e-08 alt=-0.041139048 primary=-0.041139036 worst_token=0 worst_slot=0 worst_idx=2246 worst_delta=5.9604645e-08 alt=-0.35751474 primary=-0.3575148
ds4: dspark grouped-q2 compare call=435 tokens=5 dim=4096 mode=primary-unsafe exact=no max=5.9604645e-08 rms=4.6941522e-09 first_token=0 first_slot=0 first_idx=0 first_delta=7.4505806e-09 alt=-0.124451 primary=-0.124451 worst_token=2 worst_slot=0 worst_idx=281 worst_delta=5.9604645e-08 alt=-0.15905416 primary=-0.1590541
ds4: dspark grouped-q2 compare call=436 tokens=5 dim=4096 mode=primary-unsafe exact=no max=8.9406967e-08 rms=6.1477299e-09 first_token=0 first_slot=0 first_idx=0 first_delta=1.4901161e-08 alt=0.06025742 primary=0.060257435 worst_token=3 worst_slot=0 worst_idx=1570 worst_delta=8.9406967e-08 alt=-0.29811174 primary=-0.29811183
ds4: dspark grouped-q2 compare call=437 tokens=5 dim=4096 mode=primary-unsafe exact=no max=5.9604645e-08 rms=5.3714078e-09 first_token=0 first_slot=0 first_idx=0 first_delta=7.4505806e-09 alt=-0.087272935 primary=-0.087272942 worst_token=0 worst_slot=0 worst_idx=1503 worst_delta=5.9604645e-08 alt=-0.32751441 primary=-0.32751435
ds4: dspark grouped-q2 compare call=438 tokens=5 dim=4096 mode=primary-unsafe exact=no max=1.1920929e-07 rms=7.7783389e-09 first_token=0 first_slot=0 first_idx=1 first_delta=3.7252903e-09 alt=0.031845767 primary=0.031845763 worst_token=3 worst_slot=0 worst_idx=89 worst_delta=1.1920929e-07 alt=-0.51430905 primary=-0.51430917
ds4: dspark grouped-q2 compare call=439 tokens=5 dim=4096 mode=primary-unsafe exact=no max=1.1920929e-07 rms=8.7257988e-09 first_token=0 first_slot=0 first_idx=0 first_delta=1.4901161e-08 alt=0.18309154 primary=0.18309155 worst_token=0 worst_slot=0 worst_idx=730 worst_delta=1.1920929e-07 alt=-0.81742823 primary=-0.81742811
ds4: dspark grouped-q2 compare call=440 tokens=5 dim=4096 mode=primary-unsafe exact=no max=8.9406967e-08 rms=5.8210152e-09 first_token=0 first_slot=0 first_idx=0 first_delta=3.7252903e-09 alt=-0.03921295 primary=-0.039212946 worst_token=1 worst_slot=0 worst_idx=2116 worst_delta=8.9406967e-08 alt=-0.26611039 primary=-0.26611048
ds4: dspark grouped-q2 compare call=441 tokens=5 dim=4096 mode=primary-unsafe exact=no max=5.9604645e-08 rms=5.4352833e-09 first_token=0 first_slot=0 first_idx=1 first_delta=7.4505806e-09 alt=-0.041403808 primary=-0.0414038 worst_token=0 worst_slot=0 worst_idx=1365 worst_delta=5.9604645e-08 alt=-0.34618479 primary=-0.34618485
ds4: dspark grouped-q2 compare call=442 tokens=5 dim=4096 mode=primary-unsafe exact=no max=8.9406967e-08 rms=5.7412612e-09 first_token=0 first_slot=0 first_idx=2 first_delta=7.4505806e-09 alt=0.078573994 primary=0.078574002 worst_token=3 worst_slot=0 worst_idx=3505 worst_delta=8.9406967e-08 alt=0.41596499 primary=0.4159649
ds4: dspark grouped-q2 compare call=443 tokens=5 dim=4096 mode=primary-unsafe exact=no max=1.2665987e-07 rms=9.4676587e-09 first_token=0 first_slot=0 first_idx=1 first_delta=1.4901161e-08 alt=0.24048927 primary=0.24048926 worst_token=1 worst_slot=0 worst_idx=1730 worst_delta=1.2665987e-07 alt=-0.045753226 primary=-0.045753352
ds4: dspark grouped-q2 compare call=444 tokens=5 dim=4096 mode=primary-unsafe exact=no max=8.9406967e-08 rms=5.6684457e-09 first_token=0 first_slot=0 first_idx=3 first_delta=3.7252903e-09 alt=-0.046523698 primary=-0.046523701 worst_token=1 worst_slot=1 worst_idx=2990 worst_delta=8.9406967e-08 alt=-0.3605715 primary=-0.36057159
ds4: dspark grouped-q2 compare call=445 tokens=5 dim=4096 mode=primary-unsafe exact=no max=5.9604645e-08 rms=7.8287536e-09 first_token=0 first_slot=0 first_idx=0 first_delta=1.4901161e-08 alt=-0.057341356 primary=-0.057341341 worst_token=0 worst_slot=0 worst_idx=393 worst_delta=5.9604645e-08 alt=0.36250198 primary=0.36250204
ds4: dspark grouped-q2 compare call=446 tokens=5 dim=4096 mode=primary-unsafe exact=no max=5.9604645e-08 rms=6.3787011e-09 first_token=0 first_slot=0 first_idx=0 first_delta=1.4901161e-08 alt=0.049393073 primary=0.049393088 worst_token=0 worst_slot=0 worst_idx=220 worst_delta=5.9604645e-08 alt=0.35020226 primary=0.35020232
ds4: dspark grouped-q2 compare call=447 tokens=5 dim=4096 mode=primary-unsafe exact=no max=1.1920929e-07 rms=7.5041466e-09 first_token=0 first_slot=0 first_idx=1 first_delta=1.1175871e-08 alt=-0.060501289 primary=-0.0605013 worst_token=2 worst_slot=0 worst_idx=2243 worst_delta=1.1920929e-07 alt=0.5740608 primary=0.57406092
ds4: dspark grouped-q2 compare call=448 tokens=5 dim=4096 mode=primary-unsafe exact=no max=1.1920929e-07 rms=9.0029122e-09 first_token=0 first_slot=0 first_idx=0 first_delta=2.9802322e-08 alt=-0.14177153 primary=-0.14177155 worst_token=3 worst_slot=0 worst_idx=2204 worst_delta=1.1920929e-07 alt=0.53853071 primary=0.53853083
ds4: dspark grouped-q2 compare call=449 tokens=5 dim=4096 mode=primary-unsafe exact=no max=1.7881393e-07 rms=1.1660412e-08 first_token=0 first_slot=0 first_idx=0 first_delta=2.9802322e-08 alt=0.4769654 primary=0.47696543 worst_token=3 worst_slot=1 worst_idx=1989 worst_delta=1.7881393e-07 alt=0.89029473 primary=0.89029455
ds4: dspark grouped-q2 compare call=450 tokens=5 dim=4096 mode=primary-unsafe exact=no max=8.9406967e-08 rms=8.5642649e-09 first_token=0 first_slot=0 first_idx=0 first_delta=3.7252903e-09 alt=0.050923493 primary=0.050923489 worst_token=0 worst_slot=1 worst_idx=1096 worst_delta=8.9406967e-08 alt=-0.30284765 primary=-0.30284774
ds4: dspark grouped-q2 compare call=451 tokens=5 dim=4096 mode=primary-unsafe exact=no max=2.3841858e-07 rms=1.6555616e-08 first_token=0 first_slot=0 first_idx=1 first_delta=1.1920929e-07 alt=-0.76515651 primary=-0.76515639 worst_token=0 worst_slot=0 worst_idx=2744 worst_delta=2.3841858e-07 alt=1.0544682 primary=1.0544679
ds4: dspark grouped-q2 compare call=452 tokens=5 dim=4096 mode=primary-unsafe exact=no max=1.1920929e-07 rms=1.1295676e-08 first_token=0 first_slot=0 first_idx=0 first_delta=5.9604645e-08 alt=-0.29895464 primary=-0.2989547 worst_token=0 worst_slot=0 worst_idx=138 worst_delta=1.1920929e-07 alt=-0.36407262 primary=-0.36407274
ds4: dspark grouped-q2 compare call=453 tokens=5 dim=4096 mode=primary-unsafe exact=no max=1.7881393e-07 rms=1.6847356e-08 first_token=0 first_slot=0 first_idx=1 first_delta=1.4901161e-08 alt=0.16992423 primary=0.16992424 worst_token=3 worst_slot=0 worst_idx=3001 worst_delta=1.7881393e-07 alt=0.28354377 primary=0.28354394
ds4: dspark grouped-q2 compare call=454 tokens=5 dim=4096 mode=primary-unsafe exact=no max=1.1920929e-07 rms=9.7138662e-09 first_token=0 first_slot=0 first_idx=0 first_delta=1.8626451e-08 alt=0.0032460801 primary=0.0032460988 worst_token=0 worst_slot=0 worst_idx=2221 worst_delta=1.1920929e-07 alt=-0.63232601 primary=-0.63232589
ds4: dspark grouped-q2 compare call=455 tokens=5 dim=4096 mode=primary-unsafe exact=no max=3.5762787e-07 rms=2.4661524e-08 first_token=0 first_slot=0 first_idx=0 first_delta=1.4901161e-07 alt=0.48826185 primary=0.488262 worst_token=2 worst_slot=0 worst_idx=1827 worst_delta=3.5762787e-07 alt=-1.7801577 primary=-1.7801573
ds4: dspark grouped-q2 compare call=456 tokens=5 dim=4096 mode=primary-unsafe exact=no max=2.3841858e-07 rms=1.769603e-08 first_token=0 first_slot=0 first_idx=0 first_delta=2.9802322e-08 alt=-0.30543336 primary=-0.30543339 worst_token=0 worst_slot=0 worst_idx=501 worst_delta=2.3841858e-07 alt=1.0223672 primary=1.0223675
ds4: dspark grouped-q2 compare call=457 tokens=5 dim=4096 mode=primary-unsafe exact=no max=2.3841858e-07 rms=1.5662632e-08 first_token=0 first_slot=0 first_idx=0 first_delta=5.9604645e-08 alt=0.0043414831 primary=0.0043414235 worst_token=1 worst_slot=0 worst_idx=3177 worst_delta=2.3841858e-07 alt=1.3806348 primary=1.3806345
ds4: dspark grouped-q2 compare call=458 tokens=5 dim=4096 mode=primary-unsafe exact=no max=8.9406967e-08 rms=9.9662278e-09 first_token=0 first_slot=0 first_idx=1 first_delta=1.4901161e-08 alt=-0.23933385 primary=-0.23933384 worst_token=0 worst_slot=0 worst_idx=2916 worst_delta=8.9406967e-08 alt=-0.36414817 primary=-0.36414826
ds4: dspark grouped-q2 compare call=459 tokens=5 dim=4096 mode=primary-unsafe exact=no max=2.3841858e-07 rms=1.8050077e-08 first_token=0 first_slot=0 first_idx=0 first_delta=1.4901161e-08 alt=0.06916137 primary=0.069161355 worst_token=0 worst_slot=0 worst_idx=2240 worst_delta=2.3841858e-07 alt=1.4517422 primary=1.4517424
ds4: dspark grouped-q2 compare call=460 tokens=5 dim=4096 mode=primary-unsafe exact=no max=1.1920929e-07 rms=9.8970663e-09 first_token=0 first_slot=0 first_idx=0 first_delta=1.4901161e-08 alt=-0.20571001 primary=-0.20571002 worst_token=2 worst_slot=0 worst_idx=1866 worst_delta=1.1920929e-07 alt=0.68144381 primary=0.68144393
ds4: dspark grouped-q2 compare call=461 tokens=5 dim=4096 mode=primary-unsafe exact=no max=2.3841858e-07 rms=1.1115925e-08 first_token=0 first_slot=0 first_idx=0 first_delta=1.4901161e-08 alt=0.090146124 primary=0.090146109 worst_token=0 worst_slot=0 worst_idx=1184 worst_delta=2.3841858e-07 alt=1.1924162 primary=1.192416
ds4: dspark grouped-q2 compare call=462 tokens=5 dim=4096 mode=primary-unsafe exact=no max=2.3841858e-07 rms=1.2827512e-08 first_token=0 first_slot=0 first_idx=1 first_delta=2.9802322e-08 alt=0.38395068 primary=0.38395071 worst_token=4 worst_slot=0 worst_idx=2162 worst_delta=2.3841858e-07 alt=1.0302837 primary=1.0302839
ds4: dspark grouped-q2 compare call=463 tokens=5 dim=4096 mode=primary-unsafe exact=no max=1.1920929e-07 rms=1.1549671e-08 first_token=0 first_slot=0 first_idx=0 first_delta=2.9802322e-08 alt=0.037271958 primary=0.037271988 worst_token=0 worst_slot=0 worst_idx=527 worst_delta=1.1920929e-07 alt=-0.60649884 primary=-0.60649872
ds4: dspark grouped-q2 compare call=464 tokens=5 dim=4096 mode=primary-unsafe exact=no max=3.5762787e-07 rms=2.2001347e-08 first_token=0 first_slot=0 first_idx=1 first_delta=5.9604645e-08 alt=0.68370402 primary=0.68370396 worst_token=1 worst_slot=0 worst_idx=3686 worst_delta=3.5762787e-07 alt=-1.0437622 primary=-1.0437618
ds4: dspark grouped-q2 compare call=465 tokens=5 dim=4096 mode=primary-unsafe exact=no max=2.3841858e-07 rms=1.5670269e-08 first_token=0 first_slot=0 first_idx=0 first_delta=2.9802322e-08 alt=0.066060871 primary=0.066060841 worst_token=0 worst_slot=0 worst_idx=1671 worst_delta=2.3841858e-07 alt=1.0542302 primary=1.0542305
ds4: dspark grouped-q2 compare call=466 tokens=5 dim=4096 mode=primary-unsafe exact=no max=1.4901161e-07 rms=1.6284726e-08 first_token=0 first_slot=0 first_idx=2 first_delta=7.4505806e-09 alt=-0.068677664 primary=-0.068677671 worst_token=3 worst_slot=0 worst_idx=1311 worst_delta=1.4901161e-07 alt=-0.14033341 primary=-0.14033356
ds4: dspark grouped-q2 compare call=467 tokens=5 dim=4096 mode=primary-unsafe exact=no max=2.3841858e-07 rms=1.7647984e-08 first_token=0 first_slot=0 first_idx=1 first_delta=5.9604645e-08 alt=-0.0033304319 primary=-0.0033303723 worst_token=3 worst_slot=0 worst_idx=1033 worst_delta=2.3841858e-07 alt=-1.0148571 primary=-1.0148568
ds4: dspark grouped-q2 compare call=468 tokens=5 dim=4096 mode=primary-unsafe exact=no max=8.9406967e-08 rms=7.2339632e-09 first_token=0 first_slot=0 first_idx=0 first_delta=3.7252903e-09 alt=0.032786328 primary=0.032786325 worst_token=4 worst_slot=0 worst_idx=1098 worst_delta=8.9406967e-08 alt=0.33429575 primary=0.33429566
ds4: dspark grouped-q2 compare call=469 tokens=5 dim=4096 mode=primary-unsafe exact=no max=4.7683716e-07 rms=3.0825131e-08 first_token=0 first_slot=0 first_idx=1 first_delta=1.1920929e-07 alt=0.6050092 primary=0.60500908 worst_token=0 worst_slot=0 worst_idx=4011 worst_delta=4.7683716e-07 alt=-0.024107695 primary=-0.024108171
ds4: dspark grouped-q2 compare call=470 tokens=5 dim=4096 mode=primary-unsafe exact=no max=3.5762787e-07 rms=2.739071e-08 first_token=0 first_slot=0 first_idx=2 first_delta=1.4901161e-08 alt=0.16456147 primary=0.16456145 worst_token=1 worst_slot=2 worst_idx=2494 worst_delta=3.5762787e-07 alt=-1.8517563 primary=-1.851756
ds4: dspark grouped-q2 compare call=471 tokens=5 dim=4096 mode=primary-unsafe exact=no max=2.3841858e-07 rms=2.2804215e-08 first_token=0 first_slot=0 first_idx=1 first_delta=2.9802322e-08 alt=-0.21532801 primary=-0.21532798 worst_token=1 worst_slot=0 worst_idx=3414 worst_delta=2.3841858e-07 alt=1.1413186 primary=1.1413188
ds4: dspark grouped-q2 compare call=472 tokens=5 dim=4096 mode=primary-unsafe exact=no max=3.5762787e-07 rms=3.1519875e-08 first_token=0 first_slot=0 first_idx=0 first_delta=2.9802322e-08 alt=0.49962255 primary=0.49962258 worst_token=0 worst_slot=0 worst_idx=316 worst_delta=3.5762787e-07 alt=-1.5287755 primary=-1.5287751
ds4: dspark grouped-q2 compare call=473 tokens=5 dim=4096 mode=primary-unsafe exact=no max=4.7683716e-07 rms=3.015052e-08 first_token=0 first_slot=0 first_idx=1 first_delta=5.9604645e-08 alt=-0.57602829 primary=-0.57602823 worst_token=4 worst_slot=0 worst_idx=1165 worst_delta=4.7683716e-07 alt=-2.0791597 primary=-2.0791602
ds4: dspark grouped-q2 compare call=517 tokens=5 dim=4096 mode=primary-unsafe exact=no max=2.2351742e-08 rms=6.9896022e-10 first_token=0 first_slot=5 first_idx=1 first_delta=1.8626451e-09 alt=-0.0052853487 primary=-0.0052853469 worst_token=2 worst_slot=4 worst_idx=3983 worst_delta=2.2351742e-08 alt=-0.075275242 primary=-0.075275265
ds4: dspark grouped-q2 compare call=518 tokens=5 dim=4096 mode=primary-unsafe exact=no max=2.9802322e-08 rms=1.1355986e-09 first_token=1 first_slot=5 first_idx=4 first_delta=4.6566129e-10 alt=-0.0002539237 primary=-0.00025392417 worst_token=3 worst_slot=0 worst_idx=1240 worst_delta=2.9802322e-08 alt=-0.14288184 primary=-0.14288187
ds4: dspark grouped-q2 compare call=519 tokens=5 dim=4096 mode=primary-unsafe exact=no max=1.4901161e-08 rms=6.3783029e-10 first_token=0 first_slot=5 first_idx=1 first_delta=1.8626451e-09 alt=-0.007852409 primary=-0.0078524109 worst_token=0 worst_slot=5 worst_idx=146 worst_delta=1.4901161e-08 alt=0.084382616 primary=0.084382601
ds4: dspark grouped-q2 compare call=520 tokens=5 dim=4096 mode=primary-unsafe exact=no max=5.9604645e-08 rms=5.3630798e-09 first_token=0 first_slot=0 first_idx=0 first_delta=1.4901161e-08 alt=0.19224536 primary=0.19224538 worst_token=0 worst_slot=0 worst_idx=3468 worst_delta=5.9604645e-08 alt=0.30692172 primary=0.30692178
ds4: dspark grouped-q2 compare call=521 tokens=5 dim=4096 mode=primary-unsafe exact=no max=4.4703484e-08 rms=3.7352192e-09 first_token=0 first_slot=0 first_idx=0 first_delta=3.7252903e-09 alt=-0.048942033 primary=-0.048942037 worst_token=0 worst_slot=0 worst_idx=3005 worst_delta=4.4703484e-08 alt=-0.037594467 primary=-0.037594512
ds4: dspark grouped-q2 compare call=522 tokens=5 dim=4096 mode=primary-unsafe exact=no max=7.4505806e-08 rms=5.1838627e-09 first_token=0 first_slot=0 first_idx=0 first_delta=1.4901161e-08 alt=-0.076490268 primary=-0.076490253 worst_token=1 worst_slot=0 worst_idx=1521 worst_delta=7.4505806e-08 alt=-0.12910895 primary=-0.12910903
ds4: dspark grouped-q2 compare call=523 tokens=5 dim=4096 mode=primary-unsafe exact=no max=5.9604645e-08 rms=4.4678274e-09 first_token=0 first_slot=1 first_idx=0 first_delta=7.4505806e-09 alt=0.039995752 primary=0.039995745 worst_token=3 worst_slot=1 worst_idx=708 worst_delta=5.9604645e-08 alt=0.25107843 primary=0.25107849
ds4: dspark grouped-q2 compare call=524 tokens=5 dim=4096 mode=primary-unsafe exact=no max=1.1920929e-07 rms=8.0953955e-09 first_token=0 first_slot=0 first_idx=4 first_delta=1.4901161e-08 alt=0.094532356 primary=0.094532341 worst_token=1 worst_slot=0 worst_idx=597 worst_delta=1.1920929e-07 alt=-0.76660442 primary=-0.7666043
ds4: dspark grouped-q2 compare call=525 tokens=5 dim=4096 mode=primary-unsafe exact=no max=1.1920929e-07 rms=8.8779553e-09 first_token=0 first_slot=0 first_idx=6 first_delta=1.4901161e-08 alt=0.024263106 primary=0.024263091 worst_token=2 worst_slot=0 worst_idx=554 worst_delta=1.1920929e-07 alt=0.44259369 primary=0.44259357
ds4: dspark grouped-q2 compare call=526 tokens=5 dim=4096 mode=primary-unsafe exact=no max=5.9604645e-08 rms=4.7028057e-09 first_token=0 first_slot=0 first_idx=0 first_delta=1.4901161e-08 alt=0.13391323 primary=0.13391322 worst_token=0 worst_slot=0 worst_idx=2219 worst_delta=5.9604645e-08 alt=-0.25272077 primary=-0.25272083
ds4: dspark grouped-q2 compare call=527 tokens=5 dim=4096 mode=primary-unsafe exact=no max=5.9604645e-08 rms=5.0160427e-09 first_token=0 first_slot=0 first_idx=0 first_delta=1.4901161e-08 alt=0.13968167 primary=0.13968165 worst_token=0 worst_slot=0 worst_idx=41 worst_delta=5.9604645e-08 alt=0.41569191 primary=0.41569197
ds4: dspark grouped-q2 compare call=528 tokens=5 dim=4096 mode=primary-unsafe exact=no max=5.9604645e-08 rms=6.0844969e-09 first_token=0 first_slot=0 first_idx=0 first_delta=7.4505806e-09 alt=-0.0050335005 primary=-0.005033493 worst_token=0 worst_slot=0 worst_idx=715 worst_delta=5.9604645e-08 alt=0.32259583 primary=0.32259589
ds4: dspark grouped-q2 compare call=529 tokens=5 dim=4096 mode=primary-unsafe exact=no max=8.9406967e-08 rms=7.6073343e-09 first_token=0 first_slot=0 first_idx=1 first_delta=1.4901161e-08 alt=-0.080831729 primary=-0.080831714 worst_token=0 worst_slot=0 worst_idx=1583 worst_delta=8.9406967e-08 alt=0.3804968 primary=0.38049671
ds4: dspark grouped-q2 compare call=530 tokens=5 dim=4096 mode=primary-unsafe exact=no max=8.9406967e-08 rms=5.5842855e-09 first_token=0 first_slot=0 first_idx=0 first_delta=7.4505806e-09 alt=-0.09161561 primary=-0.091615617 worst_token=2 worst_slot=0 worst_idx=2795 worst_delta=8.9406967e-08 alt=0.44954905 primary=0.44954896
ds4: dspark grouped-q2 compare call=531 tokens=5 dim=4096 mode=primary-unsafe exact=no max=1.0430813e-07 rms=7.4550703e-09 first_token=0 first_slot=0 first_idx=2 first_delta=3.7252903e-09 alt=0.046023324 primary=0.046023328 worst_token=2 worst_slot=0 worst_idx=2708 worst_delta=1.0430813e-07 alt=0.14585663 primary=0.14585674
ds4: dspark grouped-q2 compare call=532 tokens=5 dim=4096 mode=primary-unsafe exact=no max=7.4505806e-08 rms=6.3371917e-09 first_token=0 first_slot=0 first_idx=0 first_delta=1.1175871e-08 alt=0.037674241 primary=0.03767423 worst_token=1 worst_slot=0 worst_idx=1489 worst_delta=7.4505806e-08 alt=-0.22587691 primary=-0.22587684
ds4: dspark grouped-q2 compare call=533 tokens=5 dim=4096 mode=primary-unsafe exact=no max=1.1920929e-07 rms=7.5031608e-09 first_token=0 first_slot=0 first_idx=0 first_delta=1.1175871e-08 alt=0.04694999 primary=0.046949979 worst_token=3 worst_slot=0 worst_idx=4029 worst_delta=1.1920929e-07 alt=-0.58086872 primary=-0.58086884
ds4: dspark grouped-q2 compare call=534 tokens=5 dim=4096 mode=primary-unsafe exact=no max=1.1920929e-07 rms=8.2813525e-09 first_token=0 first_slot=0 first_idx=0 first_delta=1.4901161e-08 alt=-0.019857377 primary=-0.019857392 worst_token=1 worst_slot=1 worst_idx=2031 worst_delta=1.1920929e-07 alt=-0.50836635 primary=-0.50836647
ds4: dspark grouped-q2 compare call=535 tokens=5 dim=4096 mode=primary-unsafe exact=no max=1.1920929e-07 rms=1.1362502e-08 first_token=0 first_slot=0 first_idx=0 first_delta=1.4901161e-08 alt=0.085113019 primary=0.085113034 worst_token=3 worst_slot=0 worst_idx=251 worst_delta=1.1920929e-07 alt=-0.63490915 primary=-0.63490903
ds4: dspark grouped-q2 compare call=536 tokens=5 dim=4096 mode=primary-unsafe exact=no max=7.4505806e-08 rms=6.3578467e-09 first_token=0 first_slot=0 first_idx=0 first_delta=3.7252903e-09 alt=0.014525853 primary=0.014525857 worst_token=3 worst_slot=1 worst_idx=2968 worst_delta=7.4505806e-08 alt=0.027284473 primary=0.027284548
ds4: dspark grouped-q2 compare call=537 tokens=5 dim=4096 mode=primary-unsafe exact=no max=1.7881393e-07 rms=1.4933986e-08 first_token=0 first_slot=0 first_idx=0 first_delta=2.9802322e-08 alt=-0.19299549 primary=-0.19299552 worst_token=0 worst_slot=0 worst_idx=96 worst_delta=1.7881393e-07 alt=-0.83917326 primary=-0.83917344
ds4: dspark grouped-q2 compare call=538 tokens=5 dim=4096 mode=primary-unsafe exact=no max=2.3841858e-07 rms=1.211029e-08 first_token=0 first_slot=0 first_idx=2 first_delta=1.4901161e-08 alt=-0.079802319 primary=-0.079802305 worst_token=4 worst_slot=0 worst_idx=3000 worst_delta=2.3841858e-07 alt=-1.1705902 primary=-1.1705904
ds4: dspark grouped-q2 compare call=539 tokens=5 dim=4096 mode=primary-unsafe exact=no max=1.7881393e-07 rms=1.2716747e-08 first_token=0 first_slot=1 first_idx=0 first_delta=5.9604645e-08 alt=0.39303041 primary=0.39303046 worst_token=4 worst_slot=0 worst_idx=3574 worst_delta=1.7881393e-07 alt=-0.66643173 primary=-0.6664319
ds4: dspark grouped-q2 compare call=540 tokens=5 dim=4096 mode=primary-unsafe exact=no max=1.1920929e-07 rms=8.0990521e-09 first_token=0 first_slot=0 first_idx=0 first_delta=7.4505806e-09 alt=-0.096991211 primary=-0.096991204 worst_token=1 worst_slot=0 worst_idx=335 worst_delta=1.1920929e-07 alt=-0.57847786 primary=-0.57847798
ds4: dspark grouped-q2 compare call=541 tokens=5 dim=4096 mode=primary-unsafe exact=no max=2.3841858e-07 rms=1.5710841e-08 first_token=0 first_slot=0 first_idx=5 first_delta=5.9604645e-08 alt=0.4478116 primary=0.44781154 worst_token=0 worst_slot=0 worst_idx=185 worst_delta=2.3841858e-07 alt=-0.63294923 primary=-0.63294899
ds4: dspark grouped-q2 compare call=542 tokens=5 dim=4096 mode=primary-unsafe exact=no max=2.3841858e-07 rms=1.6425311e-08 first_token=0 first_slot=0 first_idx=1 first_delta=7.4505806e-09 alt=-0.0014943928 primary=-0.0014944002 worst_token=0 worst_slot=0 worst_idx=60 worst_delta=2.3841858e-07 alt=1.1616037 primary=1.1616039
ds4: dspark grouped-q2 compare call=543 tokens=5 dim=4096 mode=primary-unsafe exact=no max=1.4901161e-07 rms=1.2804518e-08 first_token=0 first_slot=0 first_idx=1 first_delta=2.9802322e-08 alt=-0.24209994 primary=-0.24209997 worst_token=4 worst_slot=0 worst_idx=1035 worst_delta=1.4901161e-07 alt=0.03461872 primary=0.034618571
ds4: dspark grouped-q2 compare call=544 tokens=5 dim=4096 mode=primary-unsafe exact=no max=1.7881393e-07 rms=9.0594785e-09 first_token=0 first_slot=0 first_idx=1 first_delta=2.9802322e-08 alt=0.3816734 primary=0.38167343 worst_token=4 worst_slot=0 worst_idx=2933 worst_delta=1.7881393e-07 alt=0.80701846 primary=0.80701864
ds4: dspark grouped-q2 compare call=545 tokens=5 dim=4096 mode=primary-unsafe exact=no max=2.3841858e-07 rms=1.6881787e-08 first_token=0 first_slot=0 first_idx=0 first_delta=4.4703484e-08 alt=0.088743627 primary=0.088743582 worst_token=0 worst_slot=0 worst_idx=1406 worst_delta=2.3841858e-07 alt=1.1332188 primary=1.1332185
ds4: dspark grouped-q2 compare call=546 tokens=5 dim=4096 mode=primary-unsafe exact=no max=1.1920929e-07 rms=9.644352e-09 first_token=0 first_slot=0 first_idx=0 first_delta=5.9604645e-08 alt=-0.55854064 primary=-0.55854058 worst_token=3 worst_slot=0 worst_idx=806 worst_delta=1.1920929e-07 alt=0.61258852 primary=0.61258841
ds4: dspark grouped-q2 compare call=547 tokens=5 dim=4096 mode=primary-unsafe exact=no max=2.3841858e-07 rms=1.861163e-08 first_token=0 first_slot=0 first_idx=1 first_delta=2.2351742e-08 alt=0.026252668 primary=0.026252691 worst_token=2 worst_slot=1 worst_idx=3122 worst_delta=2.3841858e-07 alt=1.0200117 primary=1.0200119
ds4: dspark grouped-q2 compare call=548 tokens=5 dim=4096 mode=primary-unsafe exact=no max=1.1920929e-07 rms=8.5965688e-09 first_token=0 first_slot=1 first_idx=0 first_delta=1.4901161e-08 alt=-0.22091025 primary=-0.22091024 worst_token=0 worst_slot=1 worst_idx=1830 worst_delta=1.1920929e-07 alt=-0.53226471 primary=-0.53226459
ds4: dspark grouped-q2 compare call=549 tokens=5 dim=4096 mode=primary-unsafe exact=no max=2.3841858e-07 rms=1.4238289e-08 first_token=0 first_slot=0 first_idx=1 first_delta=1.4901161e-08 alt=0.11995944 primary=0.11995942 worst_token=3 worst_slot=0 worst_idx=1047 worst_delta=2.3841858e-07 alt=-1.0204012 primary=-1.020401
ds4: dspark grouped-q2 compare call=550 tokens=5 dim=4096 mode=primary-unsafe exact=no max=2.3841858e-07 rms=1.6703135e-08 first_token=0 first_slot=0 first_idx=0 first_delta=2.9802322e-08 alt=-0.48837024 primary=-0.48837027 worst_token=0 worst_slot=0 worst_idx=846 worst_delta=2.3841858e-07 alt=-0.7578516 primary=-0.75785184
ds4: dspark grouped-q2 compare call=551 tokens=5 dim=4096 mode=primary-unsafe exact=no max=2.3841858e-07 rms=1.6240866e-08 first_token=0 first_slot=0 first_idx=0 first_delta=2.9802322e-08 alt=-0.010216609 primary=-0.010216579 worst_token=4 worst_slot=0 worst_idx=1565 worst_delta=2.3841858e-07 alt=-1.0441232 primary=-1.0441229
ds4: dspark grouped-q2 compare call=552 tokens=5 dim=4096 mode=primary-unsafe exact=no max=1.4901161e-07 rms=1.0967049e-08 first_token=0 first_slot=1 first_idx=2 first_delta=2.9802322e-08 alt=-0.24368826 primary=-0.24368823 worst_token=1 worst_slot=0 worst_idx=1174 worst_delta=1.4901161e-07 alt=-0.013244689 primary=-0.013244539
ds4: dspark grouped-q2 compare call=553 tokens=5 dim=4096 mode=primary-unsafe exact=no max=3.5762787e-07 rms=2.0601991e-08 first_token=0 first_slot=0 first_idx=2 first_delta=7.4505806e-09 alt=-0.033003643 primary=-0.033003636 worst_token=3 worst_slot=0 worst_idx=81 worst_delta=3.5762787e-07 alt=-0.7737962 primary=-0.77379656
ds4: dspark grouped-q2 compare call=554 tokens=5 dim=4096 mode=primary-unsafe exact=no max=1.7881393e-07 rms=9.5635517e-09 first_token=0 first_slot=0 first_idx=0 first_delta=1.8626451e-08 alt=0.040011663 primary=0.040011644 worst_token=4 worst_slot=0 worst_idx=2887 worst_delta=1.7881393e-07 alt=-0.53931743 primary=-0.53931761
ds4: dspark grouped-q2 compare call=555 tokens=5 dim=4096 mode=primary-unsafe exact=no max=4.7683716e-07 rms=2.2432427e-08 first_token=0 first_slot=0 first_idx=0 first_delta=2.3841858e-07 alt=0.63523948 primary=0.63523924 worst_token=0 worst_slot=0 worst_idx=64 worst_delta=4.7683716e-07 alt=-2.0541549 primary=-2.0541553
ds4: dspark grouped-q2 compare call=556 tokens=5 dim=4096 mode=primary-unsafe exact=no max=4.7683716e-07 rms=2.9870247e-08 first_token=0 first_slot=0 first_idx=0 first_delta=4.4703484e-08 alt=0.23547666 primary=0.23547661 worst_token=3 worst_slot=0 worst_idx=1278 worst_delta=4.7683716e-07 alt=2.0824752 primary=2.0824757
ds4: dspark grouped-q2 compare call=557 tokens=5 dim=4096 mode=primary-unsafe exact=no max=2.3841858e-07 rms=2.0312013e-08 first_token=0 first_slot=0 first_idx=0 first_delta=5.9604645e-08 alt=-0.70920122 primary=-0.70920116 worst_token=0 worst_slot=0 worst_idx=479 worst_delta=2.3841858e-07 alt=1.3146009 primary=1.3146007
ds4: dspark grouped-q2 compare call=558 tokens=5 dim=4096 mode=primary-unsafe exact=no max=4.7683716e-07 rms=2.5458512e-08 first_token=0 first_slot=0 first_idx=0 first_delta=5.9604645e-08 alt=0.39877212 primary=0.39877218 worst_token=0 worst_slot=0 worst_idx=620 worst_delta=4.7683716e-07 alt=-2.5191326 primary=-2.5191331
ds4: dspark grouped-q2 compare call=559 tokens=5 dim=4096 mode=primary-unsafe exact=no max=4.7683716e-07 rms=3.0285488e-08 first_token=0 first_slot=0 first_idx=2 first_delta=1.1920929e-07 alt=-1.9685425 primary=-1.9685426 worst_token=4 worst_slot=0 worst_idx=170 worst_delta=4.7683716e-07 alt=3.254663 primary=3.2546625
ds4: dspark grouped-q2 compare call=603 tokens=5 dim=4096 mode=primary-unsafe exact=no max=1.7881393e-07 rms=9.2904235e-09 first_token=0 first_slot=0 first_idx=1 first_delta=9.3132257e-10 alt=0.0014511766 primary=0.0014511757 worst_token=1 worst_slot=1 worst_idx=1030 worst_delta=1.7881393e-07 alt=0.51249319 primary=0.51249337
ds4: dspark grouped-q2 compare call=604 tokens=5 dim=4096 mode=primary-unsafe exact=no max=8.9406967e-08 rms=4.4880695e-09 first_token=0 first_slot=0 first_idx=0 first_delta=1.8626451e-09 alt=-0.018805305 primary=-0.018805303 worst_token=0 worst_slot=1 worst_idx=338 worst_delta=8.9406967e-08 alt=-0.15865523 primary=-0.15865532
ds4: dspark grouped-q2 compare call=605 tokens=5 dim=4096 mode=primary-unsafe exact=no max=7.4505806e-08 rms=5.146322e-09 first_token=0 first_slot=0 first_idx=0 first_delta=7.4505806e-09 alt=0.082345195 primary=0.082345203 worst_token=0 worst_slot=5 worst_idx=1985 worst_delta=7.4505806e-08 alt=-0.16625232 primary=-0.16625239
ds4: dspark grouped-q2 compare call=606 tokens=5 dim=4096 mode=primary-unsafe exact=no max=7.4505806e-08 rms=5.3931868e-09 first_token=0 first_slot=0 first_idx=0 first_delta=7.4505806e-09 alt=-0.064014144 primary=-0.064014152 worst_token=1 worst_slot=0 worst_idx=2973 worst_delta=7.4505806e-08 alt=0.24769391 primary=0.24769399
ds4: dspark grouped-q2 compare call=607 tokens=5 dim=4096 mode=primary-unsafe exact=no max=5.9604645e-08 rms=3.8048817e-09 first_token=0 first_slot=0 first_idx=1 first_delta=7.4505806e-09 alt=0.1238488 primary=0.12384881 worst_token=0 worst_slot=0 worst_idx=2328 worst_delta=5.9604645e-08 alt=0.3789798 primary=0.37897986
ds4: dspark grouped-q2 compare call=608 tokens=5 dim=4096 mode=primary-unsafe exact=no max=8.9406967e-08 rms=5.1519407e-09 first_token=0 first_slot=0 first_idx=0 first_delta=7.4505806e-09 alt=-0.032161009 primary=-0.032161016 worst_token=4 worst_slot=0 worst_idx=17 worst_delta=8.9406967e-08 alt=0.37954849 primary=0.37954858
ds4: dspark grouped-q2 compare call=609 tokens=5 dim=4096 mode=primary-unsafe exact=no max=1.3411045e-07 rms=9.5500194e-09 first_token=0 first_slot=0 first_idx=0 first_delta=7.4505806e-09 alt=-0.10089022 primary=-0.10089023 worst_token=4 worst_slot=0 worst_idx=52 worst_delta=1.3411045e-07 alt=0.05669006 primary=0.056690194
ds4: dspark grouped-q2 compare call=610 tokens=5 dim=4096 mode=primary-unsafe exact=no max=5.9604645e-08 rms=6.7420012e-09 first_token=0 first_slot=0 first_idx=0 first_delta=2.9802322e-08 alt=0.18821004 primary=0.18821001 worst_token=0 worst_slot=0 worst_idx=3657 worst_delta=5.9604645e-08 alt=0.15955545 primary=0.15955539
ds4: dspark grouped-q2 compare call=611 tokens=5 dim=4096 mode=primary-unsafe exact=no max=8.9406967e-08 rms=7.9107707e-09 first_token=0 first_slot=0 first_idx=4 first_delta=7.4505806e-09 alt=-0.11354841 primary=-0.11354842 worst_token=4 worst_slot=0 worst_idx=2468 worst_delta=8.9406967e-08 alt=0.36182868 primary=0.3618286
ds4: dspark grouped-q2 compare call=612 tokens=5 dim=4096 mode=primary-unsafe exact=no max=5.9604645e-08 rms=4.4624646e-09 first_token=0 first_slot=0 first_idx=1 first_delta=7.4505806e-09 alt=-0.048179425 primary=-0.048179418 worst_token=2 worst_slot=0 worst_idx=3417 worst_delta=5.9604645e-08 alt=-0.2706604 primary=-0.27066034
ds4: dspark grouped-q2 compare call=613 tokens=5 dim=4096 mode=primary-unsafe exact=no max=8.9406967e-08 rms=6.16286e-09 first_token=0 first_slot=0 first_idx=0 first_delta=7.4505806e-09 alt=-0.0012645125 primary=-0.0012645051 worst_token=0 worst_slot=0 worst_idx=655 worst_delta=8.9406967e-08 alt=-0.33209211 primary=-0.3320922
ds4: dspark grouped-q2 compare call=614 tokens=5 dim=4096 mode=primary-unsafe exact=no max=1.1920929e-07 rms=7.7550295e-09 first_token=0 first_slot=0 first_idx=0 first_delta=7.4505806e-09 alt=-0.04502479 primary=-0.045024797 worst_token=2 worst_slot=0 worst_idx=591 worst_delta=1.1920929e-07 alt=-0.44003856 primary=-0.44003844
ds4: dspark grouped-q2 compare call=615 tokens=5 dim=4096 mode=primary-unsafe exact=no max=1.1920929e-07 rms=7.077932e-09 first_token=0 first_slot=0 first_idx=0 first_delta=7.4505806e-09 alt=-0.029736241 primary=-0.029736249 worst_token=3 worst_slot=0 worst_idx=12 worst_delta=1.1920929e-07 alt=0.50277233 primary=0.50277245
ds4: dspark grouped-q2 compare call=616 tokens=5 dim=4096 mode=primary-unsafe exact=no max=8.9406967e-08 rms=6.5857777e-09 first_token=0 first_slot=0 first_idx=0 first_delta=7.4505806e-09 alt=0.054456942 primary=0.054456934 worst_token=4 worst_slot=0 worst_idx=2845 worst_delta=8.9406967e-08 alt=0.49664214 primary=0.49664205
ds4: dspark grouped-q2 compare call=617 tokens=5 dim=4096 mode=primary-unsafe exact=no max=5.9604645e-08 rms=6.6358581e-09 first_token=0 first_slot=0 first_idx=0 first_delta=2.9802322e-08 alt=-0.20131831 primary=-0.20131834 worst_token=0 worst_slot=0 worst_idx=238 worst_delta=5.9604645e-08 alt=-0.27359957 primary=-0.27359951
ds4: dspark grouped-q2 compare call=618 tokens=5 dim=4096 mode=primary-unsafe exact=no max=5.9604645e-08 rms=5.4703659e-09 first_token=0 first_slot=0 first_idx=0 first_delta=3.7252903e-09 alt=-0.031186927 primary=-0.031186931 worst_token=1 worst_slot=1 worst_idx=374 worst_delta=5.9604645e-08 alt=0.34122682 primary=0.34122688
ds4: dspark grouped-q2 compare call=619 tokens=5 dim=4096 mode=primary-unsafe exact=no max=1.0430813e-07 rms=8.7697032e-09 first_token=0 first_slot=0 first_idx=0 first_delta=7.4505806e-09 alt=0.019554392 primary=0.019554399 worst_token=3 worst_slot=0 worst_idx=3825 worst_delta=1.0430813e-07 alt=-0.15041846 primary=-0.15041836
ds4: dspark grouped-q2 compare call=620 tokens=5 dim=4096 mode=primary-unsafe exact=no max=1.1920929e-07 rms=1.0742345e-08 first_token=0 first_slot=2 first_idx=0 first_delta=1.8626451e-08 alt=-0.048807938 primary=-0.048807956 worst_token=2 worst_slot=0 worst_idx=989 worst_delta=1.1920929e-07 alt=-0.59349644 primary=-0.59349632
ds4: dspark grouped-q2 compare call=621 tokens=5 dim=4096 mode=primary-unsafe exact=no max=1.1920929e-07 rms=1.1921776e-08 first_token=0 first_slot=0 first_idx=2 first_delta=7.4505806e-09 alt=-0.10737064 primary=-0.10737063 worst_token=0 worst_slot=0 worst_idx=636 worst_delta=1.1920929e-07 alt=-0.59990549 primary=-0.59990537
ds4: dspark grouped-q2 compare call=622 tokens=5 dim=4096 mode=primary-unsafe exact=no max=1.1920929e-07 rms=9.6673185e-09 first_token=0 first_slot=0 first_idx=1 first_delta=2.9802322e-08 alt=0.45316878 primary=0.45316875 worst_token=0 worst_slot=0 worst_idx=607 worst_delta=1.1920929e-07 alt=-0.71827412 primary=-0.718274
ds4: dspark grouped-q2 compare call=623 tokens=5 dim=4096 mode=primary-unsafe exact=no max=2.3841858e-07 rms=2.1546381e-08 first_token=0 first_slot=0 first_idx=0 first_delta=5.9604645e-08 alt=0.53369361 primary=0.53369367 worst_token=1 worst_slot=0 worst_idx=257 worst_delta=2.3841858e-07 alt=-1.5182528 primary=-1.5182526
ds4: dspark grouped-q2 compare call=624 tokens=5 dim=4096 mode=primary-unsafe exact=no max=1.7881393e-07 rms=1.3649953e-08 first_token=0 first_slot=0 first_idx=0 first_delta=2.9802322e-08 alt=0.28303799 primary=0.28303796 worst_token=1 worst_slot=0 worst_idx=790 worst_delta=1.7881393e-07 alt=-0.50159776 primary=-0.50159758
ds4: dspark grouped-q2 compare call=625 tokens=5 dim=4096 mode=primary-unsafe exact=no max=4.7683716e-07 rms=1.8661511e-08 first_token=0 first_slot=0 first_idx=0 first_delta=2.2351742e-08 alt=0.049124256 primary=0.049124233 worst_token=2 worst_slot=0 worst_idx=401 worst_delta=4.7683716e-07 alt=1.1417606 primary=1.1417611
ds4: dspark grouped-q2 compare call=626 tokens=5 dim=4096 mode=primary-unsafe exact=no max=5.9604645e-08 rms=6.9479e-09 first_token=0 first_slot=0 first_idx=0 first_delta=1.4901161e-08 alt=0.15328389 primary=0.15328391 worst_token=0 worst_slot=0 worst_idx=995 worst_delta=5.9604645e-08 alt=-0.28229302 primary=-0.28229296
ds4: dspark grouped-q2 compare call=627 tokens=5 dim=4096 mode=primary-unsafe exact=no max=2.3841858e-07 rms=1.4837627e-08 first_token=0 first_slot=0 first_idx=0 first_delta=2.9802322e-08 alt=0.0025633276 primary=0.0025633574 worst_token=3 worst_slot=1 worst_idx=334 worst_delta=2.3841858e-07 alt=1.1777792 primary=1.1777794
ds4: dspark grouped-q2 compare call=628 tokens=5 dim=4096 mode=primary-unsafe exact=no max=1.1920929e-07 rms=1.1081156e-08 first_token=0 first_slot=0 first_idx=0 first_delta=1.1175871e-08 alt=0.0073657036 primary=0.0073656924 worst_token=0 worst_slot=1 worst_idx=2837 worst_delta=1.1920929e-07 alt=0.37417614 primary=0.37417603
ds4: dspark grouped-q2 compare call=629 tokens=5 dim=4096 mode=primary-unsafe exact=no max=2.3841858e-07 rms=1.9446382e-08 first_token=0 first_slot=0 first_idx=2 first_delta=5.9604645e-08 alt=0.013082929 primary=0.013082989 worst_token=0 worst_slot=0 worst_idx=406 worst_delta=2.3841858e-07 alt=-1.1265187 primary=-1.1265185
ds4: dspark grouped-q2 compare call=630 tokens=5 dim=4096 mode=primary-unsafe exact=no max=1.1920929e-07 rms=9.3602521e-09 first_token=0 first_slot=2 first_idx=2 first_delta=7.4505806e-09 alt=-0.035861798 primary=-0.035861805 worst_token=1 worst_slot=0 worst_idx=593 worst_delta=1.1920929e-07 alt=0.68739951 primary=0.68739939
ds4: dspark grouped-q2 compare call=631 tokens=5 dim=4096 mode=primary-unsafe exact=no max=1.1920929e-07 rms=1.5518486e-08 first_token=0 first_slot=0 first_idx=0 first_delta=2.2351742e-08 alt=0.09312892 primary=0.093128897 worst_token=0 worst_slot=0 worst_idx=4 worst_delta=1.1920929e-07 alt=-0.65242577 primary=-0.65242565
ds4: dspark grouped-q2 compare call=632 tokens=5 dim=4096 mode=primary-unsafe exact=no max=1.1920929e-07 rms=8.0376878e-09 first_token=0 first_slot=0 first_idx=0 first_delta=3.7252903e-08 alt=0.096147262 primary=0.096147224 worst_token=2 worst_slot=0 worst_idx=2584 worst_delta=1.1920929e-07 alt=-0.5301857 primary=-0.53018558
ds4: dspark grouped-q2 compare call=633 tokens=5 dim=4096 mode=primary-unsafe exact=no max=2.3841858e-07 rms=1.7545311e-08 first_token=0 first_slot=0 first_idx=0 first_delta=2.9802322e-08 alt=0.38717625 primary=0.38717628 worst_token=1 worst_slot=0 worst_idx=1373 worst_delta=2.3841858e-07 alt=-1.3297234 primary=-1.3297231
ds4: dspark grouped-q2 compare call=634 tokens=5 dim=4096 mode=primary-unsafe exact=no max=2.3841858e-07 rms=1.568837e-08 first_token=0 first_slot=0 first_idx=1 first_delta=5.9604645e-08 alt=0.57961255 primary=0.57961261 worst_token=0 worst_slot=0 worst_idx=1592 worst_delta=2.3841858e-07 alt=1.1099882 primary=1.1099885
ds4: dspark grouped-q2 compare call=635 tokens=5 dim=4096 mode=primary-unsafe exact=no max=2.3841858e-07 rms=1.6651265e-08 first_token=0 first_slot=0 first_idx=0 first_delta=5.9604645e-08 alt=-0.28273702 primary=-0.28273696 worst_token=0 worst_slot=0 worst_idx=384 worst_delta=2.3841858e-07 alt=0.73504066 primary=0.7350409
ds4: dspark grouped-q2 compare call=636 tokens=5 dim=4096 mode=primary-unsafe exact=no max=2.3841858e-07 rms=1.7700074e-08 first_token=0 first_slot=0 first_idx=1 first_delta=2.9802322e-08 alt=0.12704672 primary=0.12704675 worst_token=0 worst_slot=0 worst_idx=3625 worst_delta=2.3841858e-07 alt=-0.83783597 primary=-0.83783573
ds4: dspark grouped-q2 compare call=637 tokens=5 dim=4096 mode=primary-unsafe exact=no max=3.5762787e-07 rms=2.356658e-08 first_token=0 first_slot=0 first_idx=0 first_delta=5.9604645e-08 alt=-0.11036965 primary=-0.11036959 worst_token=4 worst_slot=0 worst_idx=2796 worst_delta=3.5762787e-07 alt=1.4958467 primary=1.4958471
ds4: dspark grouped-q2 compare call=638 tokens=5 dim=4096 mode=primary-unsafe exact=no max=2.3841858e-07 rms=1.2807502e-08 first_token=0 first_slot=0 first_idx=1 first_delta=1.4901161e-08 alt=-0.18613002 primary=-0.18613003 worst_token=3 worst_slot=0 worst_idx=929 worst_delta=2.3841858e-07 alt=-0.99271971 primary=-0.99271995
ds4: dspark grouped-q2 compare call=639 tokens=5 dim=4096 mode=primary-unsafe exact=no max=2.3841858e-07 rms=1.6882947e-08 first_token=0 first_slot=0 first_idx=0 first_delta=1.4901161e-08 alt=0.18958473 primary=0.18958475 worst_token=3 worst_slot=0 worst_idx=1789 worst_delta=2.3841858e-07 alt=1.3621135 primary=1.3621137
ds4: dspark grouped-q2 compare call=640 tokens=5 dim=4096 mode=primary-unsafe exact=no max=2.3841858e-07 rms=1.806276e-08 first_token=0 first_slot=0 first_idx=0 first_delta=2.9802322e-08 alt=0.36104807 primary=0.36104804 worst_token=1 worst_slot=0 worst_idx=720 worst_delta=2.3841858e-07 alt=-1.2009535 primary=-1.2009537
ds4: dspark grouped-q2 compare call=641 tokens=5 dim=4096 mode=primary-unsafe exact=no max=2.3841858e-07 rms=1.9409091e-08 first_token=0 first_slot=0 first_idx=0 first_delta=1.4901161e-08 alt=-0.029252306 primary=-0.029252321 worst_token=1 worst_slot=0 worst_idx=3880 worst_delta=2.3841858e-07 alt=1.0990456 primary=1.0990459
ds4: dspark grouped-q2 compare call=642 tokens=5 dim=4096 mode=primary-unsafe exact=no max=4.7683716e-07 rms=3.5590759e-08 first_token=0 first_slot=0 first_idx=1 first_delta=2.9802322e-08 alt=0.27662331 primary=0.27662334 worst_token=0 worst_slot=1 worst_idx=2209 worst_delta=4.7683716e-07 alt=-2.7395616 primary=-2.7395611
ds4: dspark grouped-q2 compare call=643 tokens=5 dim=4096 mode=primary-unsafe exact=no max=3.5762787e-07 rms=2.3662578e-08 first_token=0 first_slot=0 first_idx=0 first_delta=5.9604645e-08 alt=-0.16839293 primary=-0.16839287 worst_token=0 worst_slot=0 worst_idx=3305 worst_delta=3.5762787e-07 alt=-1.0231135 primary=-1.0231138
ds4: dspark grouped-q2 compare call=644 tokens=5 dim=4096 mode=primary-unsafe exact=no max=3.5762787e-07 rms=2.8660223e-08 first_token=0 first_slot=0 first_idx=0 first_delta=2.9802322e-08 alt=0.13465199 primary=0.13465196 worst_token=1 worst_slot=0 worst_idx=1619 worst_delta=3.5762787e-07 alt=1.6118109 primary=1.6118113
ds4: dspark grouped-q2 compare call=645 tokens=5 dim=4096 mode=primary-unsafe exact=no max=9.5367432e-07 rms=3.9288324e-08 first_token=0 first_slot=0 first_idx=0 first_delta=1.1920929e-07 alt=-1.4881088 primary=-1.4881089 worst_token=0 worst_slot=0 worst_idx=1176 worst_delta=9.5367432e-07 alt=6.6528492 primary=6.6528502
ds4: dspark grouped-q2 compare call=732 tokens=5 dim=4096 mode=primary-unsafe exact=no max=2.9802322e-08 rms=5.8267513e-10 first_token=0 first_slot=3 first_idx=3 first_delta=1.3969839e-09 alt=0.00076443935 primary=0.00076444075 worst_token=3 worst_slot=5 worst_idx=3845 worst_delta=2.9802322e-08 alt=0.1171626 primary=0.11716257
ds4: dspark grouped-q2 compare call=733 tokens=5 dim=4096 mode=primary-unsafe exact=no max=1.4901161e-08 rms=7.1423639e-10 first_token=2 first_slot=1 first_idx=0 first_delta=7.4505806e-09 alt=-0.03434971 primary=-0.034349717 worst_token=2 worst_slot=1 worst_idx=141 worst_delta=1.4901161e-08 alt=0.081356391 primary=0.081356376
ds4: dspark grouped-q2 compare call=734 tokens=5 dim=4096 mode=primary-unsafe exact=no max=2.9802322e-08 rms=1.3944739e-09 first_token=1 first_slot=5 first_idx=0 first_delta=7.4505806e-09 alt=-0.034165367 primary=-0.034165375 worst_token=2 worst_slot=3 worst_idx=314 worst_delta=2.9802322e-08 alt=0.078799456 primary=0.078799427
ds4: dspark grouped-q2 compare call=735 tokens=5 dim=4096 mode=primary-unsafe exact=no max=5.9604645e-08 rms=5.4682969e-09 first_token=0 first_slot=0 first_idx=0 first_delta=7.4505806e-09 alt=0.061422762 primary=0.061422754 worst_token=1 worst_slot=0 worst_idx=500 worst_delta=5.9604645e-08 alt=0.33394021 primary=0.33394027
ds4: dspark grouped-q2 compare call=736 tokens=5 dim=4096 mode=primary-unsafe exact=no max=8.9406967e-08 rms=4.4127035e-09 first_token=0 first_slot=0 first_idx=0 first_delta=7.4505806e-09 alt=0.060734488 primary=0.060734496 worst_token=1 worst_slot=0 worst_idx=1511 worst_delta=8.9406967e-08 alt=0.088446289 primary=0.088446379
ds4: dspark grouped-q2 compare call=737 tokens=5 dim=4096 mode=primary-unsafe exact=no max=5.9604645e-08 rms=4.6195989e-09 first_token=0 first_slot=0 first_idx=0 first_delta=7.4505806e-09 alt=0.015011042 primary=0.015011035 worst_token=0 worst_slot=0 worst_idx=250 worst_delta=5.9604645e-08 alt=-0.45782894 primary=-0.45782888
ds4: dspark grouped-q2 compare call=738 tokens=5 dim=4096 mode=primary-unsafe exact=no max=1.1920929e-07 rms=6.1523715e-09 first_token=0 first_slot=0 first_idx=0 first_delta=7.4505806e-08 alt=-0.00028215349 primary=-0.00028207898 worst_token=0 worst_slot=0 worst_idx=3347 worst_delta=1.1920929e-07 alt=-0.69324946 primary=-0.69324934
ds4: dspark grouped-q2 compare call=739 tokens=5 dim=4096 mode=primary-unsafe exact=no max=1.1920929e-07 rms=7.9275271e-09 first_token=0 first_slot=1 first_idx=2 first_delta=1.1175871e-08 alt=0.04382344 primary=0.043823451 worst_token=3 worst_slot=0 worst_idx=90 worst_delta=1.1920929e-07 alt=-0.7586894 primary=-0.75868952
ds4: dspark grouped-q2 compare call=740 tokens=5 dim=4096 mode=primary-unsafe exact=no max=1.1920929e-07 rms=7.4216464e-09 first_token=0 first_slot=0 first_idx=0 first_delta=2.9802322e-08 alt=0.21321668 primary=0.21321671 worst_token=3 worst_slot=0 worst_idx=2578 worst_delta=1.1920929e-07 alt=-0.66356087 primary=-0.66356075
ds4: dspark grouped-q2 compare call=741 tokens=5 dim=4096 mode=primary-unsafe exact=no max=5.9604645e-08 rms=4.706294e-09 first_token=0 first_slot=1 first_idx=3 first_delta=9.3132257e-10 alt=0.0060461648 primary=0.0060461657 worst_token=1 worst_slot=1 worst_idx=3446 worst_delta=5.9604645e-08 alt=0.32582623 primary=0.32582629
ds4: dspark grouped-q2 compare call=742 tokens=5 dim=4096 mode=primary-unsafe exact=no max=5.9604645e-08 rms=4.7133573e-09 first_token=0 first_slot=1 first_idx=0 first_delta=9.3132257e-10 alt=0.0071062688 primary=0.0071062697 worst_token=1 worst_slot=0 worst_idx=264 worst_delta=5.9604645e-08 alt=0.40554547 primary=0.40554541
ds4: dspark grouped-q2 compare call=743 tokens=5 dim=4096 mode=primary-unsafe exact=no max=1.1920929e-07 rms=9.0778327e-09 first_token=0 first_slot=0 first_idx=0 first_delta=2.9802322e-08 alt=0.27092534 primary=0.27092531 worst_token=0 worst_slot=0 worst_idx=236 worst_delta=1.1920929e-07 alt=0.54858506 primary=0.54858518
ds4: dspark grouped-q2 compare call=744 tokens=5 dim=4096 mode=primary-unsafe exact=no max=1.1920929e-07 rms=7.1634823e-09 first_token=0 first_slot=0 first_idx=2 first_delta=1.1175871e-08 alt=-0.061402116 primary=-0.061402127 worst_token=4 worst_slot=0 worst_idx=1061 worst_delta=1.1920929e-07 alt=0.60312301 primary=0.60312313
ds4: dspark grouped-q2 compare call=745 tokens=5 dim=4096 mode=primary-unsafe exact=no max=1.1920929e-07 rms=6.4302901e-09 first_token=0 first_slot=0 first_idx=0 first_delta=7.4505806e-09 alt=0.019338802 primary=0.019338809 worst_token=3 worst_slot=0 worst_idx=938 worst_delta=1.1920929e-07 alt=-0.52156031 primary=-0.52156043
ds4: dspark grouped-q2 compare call=746 tokens=5 dim=4096 mode=primary-unsafe exact=no max=5.9604645e-08 rms=6.1127445e-09 first_token=0 first_slot=0 first_idx=0 first_delta=1.8626451e-09 alt=0.020879064 primary=0.020879066 worst_token=0 worst_slot=0 worst_idx=117 worst_delta=5.9604645e-08 alt=-0.29215395 primary=-0.29215401
ds4: dspark grouped-q2 compare call=747 tokens=5 dim=4096 mode=primary-unsafe exact=no max=5.9604645e-08 rms=5.6775882e-09 first_token=0 first_slot=2 first_idx=1 first_delta=7.4505806e-09 alt=-0.014444571 primary=-0.014444564 worst_token=1 worst_slot=0 worst_idx=165 worst_delta=5.9604645e-08 alt=-0.30696148 primary=-0.30696142
ds4: dspark grouped-q2 compare call=748 tokens=5 dim=4096 mode=primary-unsafe exact=no max=7.4505806e-08 rms=7.6387501e-09 first_token=0 first_slot=0 first_idx=0 first_delta=9.3132257e-09 alt=0.004964808 primary=0.0049647987 worst_token=4 worst_slot=0 worst_idx=2849 worst_delta=7.4505806e-08 alt=0.20498681 primary=0.20498674
ds4: dspark grouped-q2 compare call=749 tokens=5 dim=4096 mode=primary-unsafe exact=no max=1.1920929e-07 rms=8.987894e-09 first_token=0 first_slot=0 first_idx=2 first_delta=4.4703484e-08 alt=0.21960214 primary=0.21960209 worst_token=0 worst_slot=0 worst_idx=1289 worst_delta=1.1920929e-07 alt=-0.71068597 primary=-0.71068585
ds4: dspark grouped-q2 compare call=750 tokens=5 dim=4096 mode=primary-unsafe exact=no max=1.4901161e-07 rms=1.236375e-08 first_token=0 first_slot=2 first_idx=1 first_delta=1.4901161e-08 alt=-0.041180223 primary=-0.041180238 worst_token=3 worst_slot=0 worst_idx=56 worst_delta=1.4901161e-07 alt=-0.14769408 primary=-0.14769423
ds4: dspark grouped-q2 compare call=751 tokens=5 dim=4096 mode=primary-unsafe exact=no max=8.9406967e-08 rms=4.828006e-09 first_token=0 first_slot=1 first_idx=0 first_delta=7.4505806e-09 alt=-0.080293827 primary=-0.080293834 worst_token=3 worst_slot=1 worst_idx=1491 worst_delta=8.9406967e-08 alt=0.038259864 primary=0.038259774
ds4: dspark grouped-q2 compare call=752 tokens=5 dim=4096 mode=primary-unsafe exact=no max=2.682209e-07 rms=1.9742435e-08 first_token=0 first_slot=0 first_idx=0 first_delta=2.9802322e-08 alt=0.35713258 primary=0.35713261 worst_token=0 worst_slot=0 worst_idx=3587 worst_delta=2.682209e-07 alt=0.49586159 primary=0.49586132
ds4: dspark grouped-q2 compare call=753 tokens=5 dim=4096 mode=primary-unsafe exact=no max=1.3411045e-07 rms=1.495382e-08 first_token=0 first_slot=0 first_idx=0 first_delta=1.4901161e-08 alt=0.094592668 primary=0.094592683 worst_token=2 worst_slot=0 worst_idx=135 worst_delta=1.3411045e-07 alt=0.047523454 primary=0.04752332
ds4: dspark grouped-q2 compare call=754 tokens=5 dim=4096 mode=primary-unsafe exact=no max=2.3841858e-07 rms=1.7894918e-08 first_token=0 first_slot=0 first_idx=1 first_delta=2.9802322e-08 alt=-0.23573849 primary=-0.23573852 worst_token=3 worst_slot=0 worst_idx=3089 worst_delta=2.3841858e-07 alt=2.0098002 primary=2.0098004
ds4: dspark grouped-q2 compare call=755 tokens=5 dim=4096 mode=primary-unsafe exact=no max=7.4505806e-08 rms=7.4432767e-09 first_token=0 first_slot=0 first_idx=1 first_delta=1.4901161e-08 alt=0.14932086 primary=0.14932087 worst_token=2 worst_slot=0 worst_idx=969 worst_delta=7.4505806e-08 alt=-0.0677609 primary=-0.067760825
ds4: dspark grouped-q2 compare call=756 tokens=5 dim=4096 mode=primary-unsafe exact=no max=1.4901161e-07 rms=1.6467073e-08 first_token=0 first_slot=0 first_idx=0 first_delta=1.4901161e-08 alt=-0.15263215 primary=-0.15263216 worst_token=2 worst_slot=0 worst_idx=3962 worst_delta=1.4901161e-07 alt=0.44710416 primary=0.44710401
ds4: dspark grouped-q2 compare call=757 tokens=5 dim=4096 mode=primary-unsafe exact=no max=1.4901161e-07 rms=1.1648954e-08 first_token=0 first_slot=0 first_idx=0 first_delta=5.9604645e-08 alt=-0.36709118 primary=-0.36709112 worst_token=0 worst_slot=0 worst_idx=1140 worst_delta=1.4901161e-07 alt=0.20693958 primary=0.20693973
ds4: dspark grouped-q2 compare call=758 tokens=5 dim=4096 mode=primary-unsafe exact=no max=2.3841858e-07 rms=1.6389089e-08 first_token=0 first_slot=0 first_idx=0 first_delta=5.9604645e-08 alt=-0.56881809 primary=-0.56881803 worst_token=3 worst_slot=0 worst_idx=1006 worst_delta=2.3841858e-07 alt=-1.1872911 primary=-1.1872909
ds4: dspark grouped-q2 compare call=759 tokens=5 dim=4096 mode=primary-unsafe exact=no max=8.9406967e-08 rms=6.4041288e-09 first_token=0 first_slot=0 first_idx=0 first_delta=1.4901161e-08 alt=0.046537369 primary=0.046537355 worst_token=3 worst_slot=0 worst_idx=1159 worst_delta=8.9406967e-08 alt=-0.35922647 primary=-0.35922638
ds4: dspark grouped-q2 compare call=760 tokens=5 dim=4096 mode=primary-unsafe exact=no max=1.7881393e-07 rms=1.6621991e-08 first_token=0 first_slot=0 first_idx=0 first_delta=5.9604645e-08 alt=0.21781278 primary=0.21781284 worst_token=3 worst_slot=1 worst_idx=2457 worst_delta=1.7881393e-07 alt=-0.66925365 primary=-0.66925347
ds4: dspark grouped-q2 compare call=761 tokens=5 dim=4096 mode=primary-unsafe exact=no max=1.7881393e-07 rms=1.0596739e-08 first_token=0 first_slot=2 first_idx=0 first_delta=7.4505806e-09 alt=0.087656975 primary=0.087656967 worst_token=3 worst_slot=1 worst_idx=3821 worst_delta=1.7881393e-07 alt=0.60297716 primary=0.60297698
ds4: dspark grouped-q2 compare call=762 tokens=5 dim=4096 mode=primary-unsafe exact=no max=1.4901161e-07 rms=1.6361529e-08 first_token=0 first_slot=0 first_idx=0 first_delta=7.4505806e-09 alt=-0.081670359 primary=-0.081670366 worst_token=3 worst_slot=0 worst_idx=484 worst_delta=1.4901161e-07 alt=0.34092408 primary=0.34092423
ds4: dspark grouped-q2 compare call=763 tokens=5 dim=4096 mode=primary-unsafe exact=no max=1.7881393e-07 rms=1.1167475e-08 first_token=0 first_slot=1 first_idx=0 first_delta=3.7252903e-09 alt=-0.014385754 primary=-0.014385758 worst_token=4 worst_slot=0 worst_idx=412 worst_delta=1.7881393e-07 alt=0.74324971 primary=0.74324954
ds4: dspark grouped-q2 compare call=764 tokens=5 dim=4096 mode=primary-unsafe exact=no max=2.3841858e-07 rms=1.6880362e-08 first_token=0 first_slot=0 first_idx=0 first_delta=4.4703484e-08 alt=0.16732578 primary=0.16732582 worst_token=4 worst_slot=0 worst_idx=1451 worst_delta=2.3841858e-07 alt=-0.83897889 primary=-0.83897913
ds4: dspark grouped-q2 compare call=765 tokens=5 dim=4096 mode=primary-unsafe exact=no max=2.3841858e-07 rms=1.7625769e-08 first_token=0 first_slot=0 first_idx=0 first_delta=2.9802322e-08 alt=-0.15142989 primary=-0.15142992 worst_token=0 worst_slot=0 worst_idx=347 worst_delta=2.3841858e-07 alt=-1.0312524 primary=-1.0312526
ds4: dspark grouped-q2 compare call=766 tokens=5 dim=4096 mode=primary-unsafe exact=no max=2.682209e-07 rms=1.929463e-08 first_token=0 first_slot=0 first_idx=1 first_delta=1.1920929e-07 alt=0.020047426 primary=0.020047307 worst_token=0 worst_slot=0 worst_idx=66 worst_delta=2.682209e-07 alt=-0.31186825 primary=-0.31186798
ds4: dspark grouped-q2 compare call=767 tokens=5 dim=4096 mode=primary-unsafe exact=no max=2.3841858e-07 rms=1.1620551e-08 first_token=0 first_slot=0 first_idx=0 first_delta=1.1920929e-07 alt=-0.32074946 primary=-0.32074934 worst_token=0 worst_slot=0 worst_idx=216 worst_delta=2.3841858e-07 alt=1.0225878 primary=1.022588
ds4: dspark grouped-q2 compare call=768 tokens=5 dim=4096 mode=primary-unsafe exact=no max=3.5762787e-07 rms=2.3341213e-08 first_token=0 first_slot=0 first_idx=0 first_delta=1.4901161e-08 alt=-0.20711505 primary=-0.20711507 worst_token=3 worst_slot=0 worst_idx=2396 worst_delta=3.5762787e-07 alt=-1.4897027 primary=-1.4897031
ds4: dspark grouped-q2 compare call=769 tokens=5 dim=4096 mode=primary-unsafe exact=no max=2.3841858e-07 rms=1.6516564e-08 first_token=0 first_slot=0 first_idx=0 first_delta=5.9604645e-08 alt=0.94633609 primary=0.94633603 worst_token=0 worst_slot=0 worst_idx=1752 worst_delta=2.3841858e-07 alt=-1.2527046 primary=-1.2527049
ds4: dspark grouped-q2 compare call=770 tokens=5 dim=4096 mode=primary-unsafe exact=no max=2.3841858e-07 rms=1.6713203e-08 first_token=0 first_slot=0 first_idx=1 first_delta=5.9604645e-08 alt=0.88237137 primary=0.88237131 worst_token=0 worst_slot=1 worst_idx=3752 worst_delta=2.3841858e-07 alt=1.1470592 primary=1.147059
ds4: dspark grouped-q2 compare call=771 tokens=5 dim=4096 mode=primary-unsafe exact=no max=3.5762787e-07 rms=2.2024855e-08 first_token=0 first_slot=0 first_idx=1 first_delta=8.9406967e-08 alt=0.11922857 primary=0.11922848 worst_token=0 worst_slot=0 worst_idx=1279 worst_delta=3.5762787e-07 alt=1.0593904 primary=1.0593908
ds4: dspark grouped-q2 compare call=772 tokens=5 dim=4096 mode=primary-unsafe exact=no max=2.9802322e-07 rms=2.4439441e-08 first_token=0 first_slot=0 first_idx=2 first_delta=2.9802322e-08 alt=-0.35192949 primary=-0.35192946 worst_token=2 worst_slot=0 worst_idx=120 worst_delta=2.9802322e-07 alt=-0.94526589 primary=-0.94526619
ds4: dspark grouped-q2 compare call=773 tokens=5 dim=4096 mode=primary-unsafe exact=no max=3.5762787e-07 rms=2.8948449e-08 first_token=0 first_slot=0 first_idx=0 first_delta=5.9604645e-08 alt=-0.56414074 primary=-0.56414068 worst_token=3 worst_slot=0 worst_idx=2093 worst_delta=3.5762787e-07 alt=-1.3823221 primary=-1.3823224
ds4: dspark grouped-q2 compare call=774 tokens=5 dim=4096 mode=primary-unsafe exact=no max=4.7683716e-07 rms=2.4481874e-08 first_token=0 first_slot=1 first_idx=0 first_delta=5.9604645e-08 alt=-0.72818434 primary=-0.72818428 worst_token=2 worst_slot=0 worst_idx=52 worst_delta=4.7683716e-07 alt=-0.30029202 primary=-0.30029249
ds4: dspark grouped-q2 compare call=818 tokens=5 dim=4096 mode=primary-unsafe exact=no max=5.9604645e-08 rms=3.9507588e-09 first_token=0 first_slot=0 first_idx=0 first_delta=9.3132257e-10 alt=0.0026389793 primary=0.0026389784 worst_token=0 worst_slot=1 worst_idx=775 worst_delta=5.9604645e-08 alt=0.33184189 primary=0.33184183
ds4: dspark grouped-q2 compare call=819 tokens=5 dim=4096 mode=primary-unsafe exact=no max=4.4703484e-08 rms=3.3373178e-09 first_token=0 first_slot=0 first_idx=0 first_delta=3.7252903e-09 alt=-0.0021829829 primary=-0.0021829866 worst_token=0 worst_slot=4 worst_idx=449 worst_delta=4.4703484e-08 alt=0.14300832 primary=0.14300828
ds4: dspark grouped-q2 compare call=820 tokens=5 dim=4096 mode=primary-unsafe exact=no max=2.9802322e-08 rms=2.7403588e-09 first_token=0 first_slot=0 first_idx=0 first_delta=1.8626451e-09 alt=0.0024624057 primary=0.0024624076 worst_token=0 worst_slot=1 worst_idx=1 worst_delta=2.9802322e-08 alt=0.12653497 primary=0.12653494
ds4: dspark grouped-q2 compare call=821 tokens=5 dim=4096 mode=primary-unsafe exact=no max=1.3038516e-07 rms=7.0367263e-09 first_token=0 first_slot=0 first_idx=3 first_delta=1.8626451e-09 alt=-0.030929459 primary=-0.030929457 worst_token=0 worst_slot=1 worst_idx=3482 worst_delta=1.3038516e-07 alt=0.059946854 primary=0.059946723
ds4: dspark grouped-q2 compare call=822 tokens=5 dim=4096 mode=primary-unsafe exact=no max=1.7881393e-07 rms=7.3758768e-09 first_token=0 first_slot=0 first_idx=0 first_delta=3.7252903e-09 alt=-0.013904352 primary=-0.013904348 worst_token=2 worst_slot=0 worst_idx=1101 worst_delta=1.7881393e-07 alt=0.49288982 primary=0.49289
ds4: dspark grouped-q2 compare call=823 tokens=5 dim=4096 mode=primary-unsafe exact=no max=4.4703484e-08 rms=3.6320953e-09 first_token=0 first_slot=0 first_idx=1 first_delta=7.4505806e-09 alt=-0.11795007 primary=-0.11795007 worst_token=0 worst_slot=0 worst_idx=2642 worst_delta=4.4703484e-08 alt=-0.22346875 primary=-0.22346871
ds4: dspark grouped-q2 compare call=824 tokens=5 dim=4096 mode=primary-unsafe exact=no max=1.1920929e-07 rms=6.8188086e-09 first_token=0 first_slot=0 first_idx=0 first_delta=1.4901161e-08 alt=-0.13911469 primary=-0.13911468 worst_token=0 worst_slot=0 worst_idx=1280 worst_delta=1.1920929e-07 alt=-0.56845796 primary=-0.56845784
ds4: dspark grouped-q2 compare call=825 tokens=5 dim=4096 mode=primary-unsafe exact=no max=1.1920929e-07 rms=6.0516183e-09 first_token=0 first_slot=0 first_idx=1 first_delta=5.5879354e-09 alt=0.0027319752 primary=0.0027319808 worst_token=2 worst_slot=0 worst_idx=3045 worst_delta=1.1920929e-07 alt=0.6270858 primary=0.62708569
ds4: dspark grouped-q2 compare call=826 tokens=5 dim=4096 mode=primary-unsafe exact=no max=1.1920929e-07 rms=6.226168e-09 first_token=0 first_slot=0 first_idx=0 first_delta=7.4505806e-09 alt=-0.063415855 primary=-0.063415863 worst_token=3 worst_slot=0 worst_idx=4009 worst_delta=1.1920929e-07 alt=-0.56604695 primary=-0.56604683
ds4: dspark grouped-q2 compare call=827 tokens=5 dim=4096 mode=primary-unsafe exact=no max=1.1920929e-07 rms=7.0034809e-09 first_token=0 first_slot=0 first_idx=0 first_delta=1.4901161e-08 alt=-0.036238626 primary=-0.036238611 worst_token=2 worst_slot=0 worst_idx=154 worst_delta=1.1920929e-07 alt=-0.32407886 primary=-0.32407898
ds4: dspark grouped-q2 compare call=828 tokens=5 dim=4096 mode=primary-unsafe exact=no max=5.9604645e-08 rms=4.0713979e-09 first_token=0 first_slot=1 first_idx=0 first_delta=1.8626451e-09 alt=-0.030768985 primary=-0.030768987 worst_token=3 worst_slot=0 worst_idx=126 worst_delta=5.9604645e-08 alt=0.34332019 primary=0.34332025
ds4: dspark grouped-q2 compare call=829 tokens=5 dim=4096 mode=primary-unsafe exact=no max=1.7881393e-07 rms=8.9234948e-09 first_token=0 first_slot=0 first_idx=1 first_delta=2.9802322e-08 alt=-0.24394211 primary=-0.24394214 worst_token=2 worst_slot=0 worst_idx=314 worst_delta=1.7881393e-07 alt=0.76610947 primary=0.76610965
ds4: dspark grouped-q2 compare call=830 tokens=5 dim=4096 mode=primary-unsafe exact=no max=2.3841858e-07 rms=7.6371345e-09 first_token=0 first_slot=0 first_idx=0 first_delta=2.9802322e-08 alt=-0.39309919 primary=-0.39309916 worst_token=3 worst_slot=0 worst_idx=3024 worst_delta=2.3841858e-07 alt=-1.1572959 primary=-1.1572962
ds4: dspark grouped-q2 compare call=831 tokens=5 dim=4096 mode=primary-unsafe exact=no max=8.9406967e-08 rms=6.3524297e-09 first_token=0 first_slot=0 first_idx=0 first_delta=7.4505806e-09 alt=-0.033881895 primary=-0.033881903 worst_token=3 worst_slot=0 worst_idx=3591 worst_delta=8.9406967e-08 alt=0.39549339 primary=0.3954933
ds4: dspark grouped-q2 compare call=832 tokens=5 dim=4096 mode=primary-unsafe exact=no max=8.9406967e-08 rms=6.0332574e-09 first_token=0 first_slot=0 first_idx=0 first_delta=7.4505806e-09 alt=0.015341915 primary=0.015341923 worst_token=2 worst_slot=0 worst_idx=1324 worst_delta=8.9406967e-08 alt=0.26346326 primary=0.26346317
ds4: dspark grouped-q2 compare call=833 tokens=5 dim=4096 mode=primary-unsafe exact=no max=5.9604645e-08 rms=5.407367e-09 first_token=0 first_slot=0 first_idx=0 first_delta=3.7252903e-09 alt=-0.057644092 primary=-0.057644095 worst_token=0 worst_slot=0 worst_idx=642 worst_delta=5.9604645e-08 alt=-0.13542455 primary=-0.13542449
ds4: dspark grouped-q2 compare call=834 tokens=5 dim=4096 mode=primary-unsafe exact=no max=5.9604645e-08 rms=7.0117134e-09 first_token=0 first_slot=0 first_idx=0 first_delta=7.4505806e-09 alt=0.092577904 primary=0.092577912 worst_token=0 worst_slot=0 worst_idx=44 worst_delta=5.9604645e-08 alt=-0.28398871 primary=-0.28398865
ds4: dspark grouped-q2 compare call=835 tokens=5 dim=4096 mode=primary-unsafe exact=no max=8.9406967e-08 rms=8.0254265e-09 first_token=0 first_slot=0 first_idx=0 first_delta=1.4901161e-08 alt=-0.24381869 primary=-0.24381867 worst_token=0 worst_slot=0 worst_idx=1049 worst_delta=8.9406967e-08 alt=0.42929289 primary=0.4292928
ds4: dspark grouped-q2 compare call=836 tokens=5 dim=4096 mode=primary-unsafe exact=no max=2.3841858e-07 rms=1.3101413e-08 first_token=0 first_slot=0 first_idx=0 first_delta=7.4505806e-09 alt=-0.02235046 primary=-0.022350453 worst_token=2 worst_slot=0 worst_idx=1741 worst_delta=2.3841858e-07 alt=1.0737689 primary=1.0737691
ds4: dspark grouped-q2 compare call=837 tokens=5 dim=4096 mode=primary-unsafe exact=no max=1.1920929e-07 rms=7.7244424e-09 first_token=0 first_slot=0 first_idx=0 first_delta=2.9802322e-08 alt=0.012187738 primary=0.012187708 worst_token=4 worst_slot=0 worst_idx=847 worst_delta=1.1920929e-07 alt=-0.57222855 primary=-0.57222843
ds4: dspark grouped-q2 compare call=838 tokens=5 dim=4096 mode=primary-unsafe exact=no max=1.4901161e-07 rms=1.2794512e-08 first_token=0 first_slot=2 first_idx=3 first_delta=2.9802322e-08 alt=0.07952676 primary=0.07952673 worst_token=1 worst_slot=0 worst_idx=3188 worst_delta=1.4901161e-07 alt=-0.30231819 primary=-0.30231833
ds4: dspark grouped-q2 compare call=839 tokens=5 dim=4096 mode=primary-unsafe exact=no max=1.1920929e-07 rms=1.0920605e-08 first_token=0 first_slot=1 first_idx=0 first_delta=2.9802322e-08 alt=-0.29083851 primary=-0.29083848 worst_token=1 worst_slot=0 worst_idx=676 worst_delta=1.1920929e-07 alt=-0.34720081 primary=-0.34720069
ds4: dspark grouped-q2 compare call=840 tokens=5 dim=4096 mode=primary-unsafe exact=no max=2.9802322e-07 rms=1.9943556e-08 first_token=0 first_slot=0 first_idx=1 first_delta=1.1920929e-07 alt=-1.0186691 primary=-1.018669 worst_token=2 worst_slot=0 worst_idx=54 worst_delta=2.9802322e-07 alt=0.80241573 primary=0.80241603
ds4: dspark grouped-q2 compare call=841 tokens=5 dim=4096 mode=primary-unsafe exact=no max=1.1920929e-07 rms=7.7897209e-09 first_token=0 first_slot=0 first_idx=0 first_delta=7.4505806e-09 alt=-0.078843541 primary=-0.078843549 worst_token=2 worst_slot=0 worst_idx=1077 worst_delta=1.1920929e-07 alt=0.51109624 primary=0.51109636
ds4: dspark grouped-q2 compare call=842 tokens=5 dim=4096 mode=primary-unsafe exact=no max=1.7881393e-07 rms=1.599313e-08 first_token=0 first_slot=0 first_idx=3 first_delta=2.9802322e-08 alt=0.25624004 primary=0.25624001 worst_token=0 worst_slot=1 worst_idx=2785 worst_delta=1.7881393e-07 alt=-0.7957015 primary=-0.79570168
ds4: dspark grouped-q2 compare call=843 tokens=5 dim=4096 mode=primary-unsafe exact=no max=1.1920929e-07 rms=1.047581e-08 first_token=0 first_slot=0 first_idx=0 first_delta=2.9802322e-08 alt=-0.074424773 primary=-0.074424744 worst_token=0 worst_slot=0 worst_idx=621 worst_delta=1.1920929e-07 alt=0.59540403 primary=0.59540391
ds4: dspark grouped-q2 compare call=844 tokens=5 dim=4096 mode=primary-unsafe exact=no max=1.1920929e-07 rms=1.2795773e-08 first_token=0 first_slot=0 first_idx=0 first_delta=1.4901161e-08 alt=-0.095445216 primary=-0.095445231 worst_token=0 worst_slot=1 worst_idx=1681 worst_delta=1.1920929e-07 alt=0.59610248 primary=0.5961026
ds4: dspark grouped-q2 compare call=845 tokens=5 dim=4096 mode=primary-unsafe exact=no max=1.1920929e-07 rms=8.0289242e-09 first_token=0 first_slot=0 first_idx=0 first_delta=1.4901161e-08 alt=0.06891413 primary=0.068914145 worst_token=4 worst_slot=0 worst_idx=3435 worst_delta=1.1920929e-07 alt=0.51556575 primary=0.51556563
ds4: dspark grouped-q2 compare call=846 tokens=5 dim=4096 mode=primary-unsafe exact=no max=2.3841858e-07 rms=1.6624455e-08 first_token=0 first_slot=0 first_idx=0 first_delta=2.9802322e-08 alt=0.10057744 primary=0.10057741 worst_token=2 worst_slot=0 worst_idx=657 worst_delta=2.3841858e-07 alt=-1.0662335 primary=-1.0662338
ds4: dspark grouped-q2 compare call=847 tokens=5 dim=4096 mode=primary-unsafe exact=no max=1.7881393e-07 rms=1.1201159e-08 first_token=0 first_slot=0 first_idx=0 first_delta=1.4901161e-08 alt=0.20980534 primary=0.20980535 worst_token=0 worst_slot=0 worst_idx=921 worst_delta=1.7881393e-07 alt=-0.78528082 primary=-0.785281
ds4: dspark grouped-q2 compare call=848 tokens=5 dim=4096 mode=primary-unsafe exact=no max=2.3841858e-07 rms=1.5569938e-08 first_token=0 first_slot=0 first_idx=1 first_delta=1.4901161e-08 alt=0.080089703 primary=0.080089688 worst_token=1 worst_slot=1 worst_idx=1334 worst_delta=2.3841858e-07 alt=1.169831 primary=1.1698313
ds4: dspark grouped-q2 compare call=849 tokens=5 dim=4096 mode=primary-unsafe exact=no max=2.3841858e-07 rms=1.1178964e-08 first_token=0 first_slot=0 first_idx=1 first_delta=2.9802322e-08 alt=0.26722166 primary=0.26722169 worst_token=2 worst_slot=0 worst_idx=1017 worst_delta=2.3841858e-07 alt=-1.2102392 primary=-1.2102394
ds4: dspark grouped-q2 compare call=850 tokens=5 dim=4096 mode=primary-unsafe exact=no max=1.7881393e-07 rms=1.2889505e-08 first_token=0 first_slot=1 first_idx=1 first_delta=2.9802322e-08 alt=-0.16003525 primary=-0.16003522 worst_token=3 worst_slot=0 worst_idx=1008 worst_delta=1.7881393e-07 alt=0.98455542 primary=0.98455524
ds4: dspark grouped-q2 compare call=851 tokens=5 dim=4096 mode=primary-unsafe exact=no max=2.3841858e-07 rms=1.5758896e-08 first_token=0 first_slot=0 first_idx=0 first_delta=1.4901161e-08 alt=-0.17760943 primary=-0.17760944 worst_token=3 worst_slot=0 worst_idx=1128 worst_delta=2.3841858e-07 alt=1.1268926 primary=1.1268928
ds4: dspark grouped-q2 compare call=852 tokens=5 dim=4096 mode=primary-unsafe exact=no max=2.3841858e-07 rms=2.0055577e-08 first_token=0 first_slot=0 first_idx=2 first_delta=5.9604645e-08 alt=0.58560032 primary=0.58560038 worst_token=0 worst_slot=0 worst_idx=1824 worst_delta=2.3841858e-07 alt=1.0178115 primary=1.0178113
ds4: dspark grouped-q2 compare call=853 tokens=5 dim=4096 mode=primary-unsafe exact=no max=1.4901161e-07 rms=7.7105611e-09 first_token=0 first_slot=0 first_idx=2 first_delta=7.4505806e-09 alt=-0.076596469 primary=-0.076596476 worst_token=2 worst_slot=0 worst_idx=3516 worst_delta=1.4901161e-07 alt=-0.066536613 primary=-0.066536762
ds4: dspark grouped-q2 compare call=854 tokens=5 dim=4096 mode=primary-unsafe exact=no max=4.7683716e-07 rms=2.2828591e-08 first_token=0 first_slot=0 first_idx=0 first_delta=5.9604645e-08 alt=0.45718619 primary=0.45718613 worst_token=2 worst_slot=0 worst_idx=2420 worst_delta=4.7683716e-07 alt=-2.9055219 primary=-2.9055223
ds4: dspark grouped-q2 compare call=855 tokens=5 dim=4096 mode=primary-unsafe exact=no max=2.3841858e-07 rms=1.0022371e-08 first_token=0 first_slot=2 first_idx=0 first_delta=5.5879354e-09 alt=-0.028873861 primary=-0.028873855 worst_token=4 worst_slot=0 worst_idx=2003 worst_delta=2.3841858e-07 alt=-1.3831244 primary=-1.3831241
ds4: dspark grouped-q2 compare call=856 tokens=5 dim=4096 mode=primary-unsafe exact=no max=2.3841858e-07 rms=1.2860274e-08 first_token=0 first_slot=0 first_idx=0 first_delta=1.8626451e-08 alt=-0.062385503 primary=-0.062385485 worst_token=3 worst_slot=0 worst_idx=2703 worst_delta=2.3841858e-07 alt=0.96064568 primary=0.96064591
ds4: dspark grouped-q2 compare call=857 tokens=5 dim=4096 mode=primary-unsafe exact=no max=2.3841858e-07 rms=1.7858918e-08 first_token=0 first_slot=0 first_idx=3 first_delta=2.9802322e-08 alt=-0.10553351 primary=-0.10553348 worst_token=0 worst_slot=0 worst_idx=161 worst_delta=2.3841858e-07 alt=-0.87936199 primary=-0.87936223
ds4: dspark grouped-q2 compare call=858 tokens=5 dim=4096 mode=primary-unsafe exact=no max=3.5762787e-07 rms=2.1770985e-08 first_token=0 first_slot=0 first_idx=0 first_delta=8.9406967e-08 alt=-0.38319343 primary=-0.38319334 worst_token=1 worst_slot=0 worst_idx=2892 worst_delta=3.5762787e-07 alt=1.4994493 primary=1.4994496
ds4: dspark grouped-q2 compare call=859 tokens=5 dim=4096 mode=primary-unsafe exact=no max=2.9802322e-07 rms=2.0104892e-08 first_token=0 first_slot=0 first_idx=1 first_delta=4.4703484e-08 alt=-0.14561425 primary=-0.14561421 worst_token=1 worst_slot=0 worst_idx=3047 worst_delta=2.9802322e-07 alt=0.98809779 primary=0.98809808
ds4: dspark grouped-q2 compare call=860 tokens=5 dim=4096 mode=primary-unsafe exact=no max=1.9073486e-06 rms=4.2696939e-08 first_token=0 first_slot=0 first_idx=1 first_delta=8.9406967e-08 alt=0.056210071 primary=0.05621016 worst_token=3 worst_slot=0 worst_idx=2739 worst_delta=1.9073486e-06 alt=19.569885 primary=19.569883
ds4: dspark grouped-q2 compare call=904 tokens=5 dim=4096 mode=primary-unsafe exact=no max=1.4901161e-08 rms=5.9321054e-10 first_token=0 first_slot=1 first_idx=0 first_delta=9.3132257e-10 alt=0.0038480936 primary=0.0038480926 worst_token=0 worst_slot=1 worst_idx=240 worst_delta=1.4901161e-08 alt=0.080213308 primary=0.080213293
ds4: dspark grouped-q2 compare call=905 tokens=5 dim=4096 mode=primary-unsafe exact=no max=1.4901161e-08 rms=7.4699913e-10 first_token=1 first_slot=4 first_idx=3 first_delta=7.4505806e-09 alt=-0.078327231 primary=-0.078327239 worst_token=1 worst_slot=4 worst_idx=640 worst_delta=1.4901161e-08 alt=0.081805937 primary=0.081805952
ds4: dspark grouped-q2 compare call=906 tokens=5 dim=4096 mode=primary-unsafe exact=no max=2.9802322e-08 rms=1.4244474e-09 first_token=1 first_slot=0 first_idx=0 first_delta=6.519258e-09 alt=0.010210305 primary=0.010210298 worst_token=2 worst_slot=3 worst_idx=424 worst_delta=2.9802322e-08 alt=0.12542856 primary=0.12542859
ds4: dspark grouped-q2 compare call=907 tokens=5 dim=4096 mode=primary-unsafe exact=no max=5.9604645e-08 rms=4.8284847e-09 first_token=0 first_slot=1 first_idx=0 first_delta=7.4505806e-09 alt=-0.069773965 primary=-0.069773957 worst_token=1 worst_slot=0 worst_idx=1989 worst_delta=5.9604645e-08 alt=-0.26548547 primary=-0.26548541
ds4: dspark grouped-q2 compare call=908 tokens=5 dim=4096 mode=primary-unsafe exact=no max=8.9406967e-08 rms=5.083971e-09 first_token=0 first_slot=0 first_idx=1 first_delta=3.7252903e-09 alt=-0.030280903 primary=-0.030280907 worst_token=3 worst_slot=0 worst_idx=1756 worst_delta=8.9406967e-08 alt=-0.36582294 primary=-0.36582303
ds4: dspark grouped-q2 compare call=909 tokens=5 dim=4096 mode=primary-unsafe exact=no max=5.9604645e-08 rms=3.6917365e-09 first_token=0 first_slot=1 first_idx=0 first_delta=1.3038516e-08 alt=0.015567688 primary=0.015567701 worst_token=3 worst_slot=0 worst_idx=349 worst_delta=5.9604645e-08 alt=-0.28912574 primary=-0.28912568
ds4: dspark grouped-q2 compare call=910 tokens=5 dim=4096 mode=primary-unsafe exact=no max=5.9604645e-08 rms=5.0289941e-09 first_token=0 first_slot=1 first_idx=0 first_delta=7.4505806e-09 alt=-0.034356758 primary=-0.034356751 worst_token=4 worst_slot=2 worst_idx=3680 worst_delta=5.9604645e-08 alt=-0.27576542 primary=-0.27576548
ds4: dspark grouped-q2 compare call=911 tokens=5 dim=4096 mode=primary-unsafe exact=no max=1.1920929e-07 rms=8.4234646e-09 first_token=0 first_slot=0 first_idx=0 first_delta=2.9802322e-08 alt=0.10440505 primary=0.10440508 worst_token=0 worst_slot=0 worst_idx=141 worst_delta=1.1920929e-07 alt=-0.53880978 primary=-0.53880966
ds4: dspark grouped-q2 compare call=912 tokens=5 dim=4096 mode=primary-unsafe exact=no max=1.1920929e-07 rms=7.699561e-09 first_token=0 first_slot=1 first_idx=0 first_delta=2.9802322e-08 alt=0.40064415 primary=0.40064412 worst_token=3 worst_slot=0 worst_idx=545 worst_delta=1.1920929e-07 alt=0.40349728 primary=0.4034974
ds4: dspark grouped-q2 compare call=913 tokens=5 dim=4096 mode=primary-unsafe exact=no max=5.9604645e-08 rms=5.5681442e-09 first_token=0 first_slot=0 first_idx=0 first_delta=1.4901161e-08 alt=0.091623187 primary=0.091623172 worst_token=2 worst_slot=0 worst_idx=91 worst_delta=5.9604645e-08 alt=-0.27972662 primary=-0.27972668
ds4: dspark grouped-q2 compare call=914 tokens=5 dim=4096 mode=primary-unsafe exact=no max=4.4703484e-08 rms=3.7604111e-09 first_token=0 first_slot=2 first_idx=1 first_delta=3.7252903e-09 alt=-0.0075823311 primary=-0.0075823348 worst_token=1 worst_slot=0 worst_idx=390 worst_delta=4.4703484e-08 alt=-0.15543427 primary=-0.15543422
ds4: dspark grouped-q2 compare call=915 tokens=5 dim=4096 mode=primary-unsafe exact=no max=8.9406967e-08 rms=6.4241084e-09 first_token=0 first_slot=0 first_idx=1 first_delta=2.9802322e-08 alt=-0.26538545 primary=-0.26538548 worst_token=0 worst_slot=0 worst_idx=737 worst_delta=8.9406967e-08 alt=0.30041498 primary=0.30041489
ds4: dspark grouped-q2 compare call=916 tokens=5 dim=4096 mode=primary-unsafe exact=no max=8.9406967e-08 rms=7.8138953e-09 first_token=0 first_slot=0 first_idx=1 first_delta=2.9802322e-08 alt=0.10533056 primary=0.10533059 worst_token=2 worst_slot=0 worst_idx=2262 worst_delta=8.9406967e-08 alt=0.39821976 primary=0.39821985
ds4: dspark grouped-q2 compare call=917 tokens=5 dim=4096 mode=primary-unsafe exact=no max=1.1920929e-07 rms=7.1702875e-09 first_token=0 first_slot=0 first_idx=0 first_delta=1.4901161e-08 alt=0.18556118 primary=0.18556117 worst_token=0 worst_slot=0 worst_idx=2894 worst_delta=1.1920929e-07 alt=0.62466395 primary=0.62466383
ds4: dspark grouped-q2 compare call=918 tokens=5 dim=4096 mode=primary-unsafe exact=no max=1.1920929e-07 rms=7.0645334e-09 first_token=0 first_slot=0 first_idx=0 first_delta=2.2351742e-08 alt=-0.0077563003 primary=-0.0077563226 worst_token=1 worst_slot=0 worst_idx=2255 worst_delta=1.1920929e-07 alt=-0.70329773 primary=-0.70329785
ds4: dspark grouped-q2 compare call=919 tokens=5 dim=4096 mode=primary-unsafe exact=no max=8.9406967e-08 rms=7.3641004e-09 first_token=0 first_slot=0 first_idx=1 first_delta=3.7252903e-09 alt=0.058171887 primary=0.058171891 worst_token=0 worst_slot=0 worst_idx=336 worst_delta=8.9406967e-08 alt=0.27119496 primary=0.27119488
ds4: dspark grouped-q2 compare call=920 tokens=5 dim=4096 mode=primary-unsafe exact=no max=5.9604645e-08 rms=7.1344952e-09 first_token=0 first_slot=0 first_idx=1 first_delta=7.4505806e-09 alt=-0.012149118 primary=-0.01214911 worst_token=0 worst_slot=0 worst_idx=830 worst_delta=5.9604645e-08 alt=-0.31451517 primary=-0.31451523
ds4: dspark grouped-q2 compare call=921 tokens=5 dim=4096 mode=primary-unsafe exact=no max=1.1920929e-07 rms=8.371563e-09 first_token=0 first_slot=0 first_idx=1 first_delta=7.4505806e-09 alt=0.061324827 primary=0.061324835 worst_token=4 worst_slot=0 worst_idx=1581 worst_delta=1.1920929e-07 alt=-0.46898836 primary=-0.46898848
ds4: dspark grouped-q2 compare call=922 tokens=5 dim=4096 mode=primary-unsafe exact=no max=1.7881393e-07 rms=1.2379242e-08 first_token=0 first_slot=0 first_idx=0 first_delta=1.4901161e-08 alt=0.074574701 primary=0.074574716 worst_token=3 worst_slot=0 worst_idx=1781 worst_delta=1.7881393e-07 alt=0.84691364 primary=0.84691346
ds4: dspark grouped-q2 compare call=923 tokens=5 dim=4096 mode=primary-unsafe exact=no max=1.1920929e-07 rms=5.5002012e-09 first_token=0 first_slot=1 first_idx=0 first_delta=7.4505806e-09 alt=-0.12479327 primary=-0.12479326 worst_token=3 worst_slot=2 worst_idx=2564 worst_delta=1.1920929e-07 alt=-0.60590148 primary=-0.60590136
ds4: dspark grouped-q2 compare call=924 tokens=5 dim=4096 mode=primary-unsafe exact=no max=2.3841858e-07 rms=1.6674301e-08 first_token=0 first_slot=0 first_idx=0 first_delta=7.4505806e-09 alt=-0.10708195 primary=-0.10708194 worst_token=2 worst_slot=0 worst_idx=761 worst_delta=2.3841858e-07 alt=1.1620221 primary=1.1620224
ds4: dspark grouped-q2 compare call=925 tokens=5 dim=4096 mode=primary-unsafe exact=no max=1.7881393e-07 rms=1.3371996e-08 first_token=0 first_slot=0 first_idx=0 first_delta=2.9802322e-08 alt=-0.0006980598 primary=-0.0006980896 worst_token=0 worst_slot=0 worst_idx=1827 worst_delta=1.7881393e-07 alt=-0.63308507 primary=-0.63308525
ds4: dspark grouped-q2 compare call=926 tokens=5 dim=4096 mode=primary-unsafe exact=no max=2.9802322e-07 rms=1.7710782e-08 first_token=0 first_slot=0 first_idx=0 first_delta=5.9604645e-08 alt=0.35542557 primary=0.35542551 worst_token=0 worst_slot=0 worst_idx=3955 worst_delta=2.9802322e-07 alt=0.82825792 primary=0.82825822
ds4: dspark grouped-q2 compare call=927 tokens=5 dim=4096 mode=primary-unsafe exact=no max=8.9406967e-08 rms=8.6487795e-09 first_token=0 first_slot=0 first_idx=2 first_delta=1.4901161e-08 alt=-0.032245137 primary=-0.032245122 worst_token=4 worst_slot=1 worst_idx=1894 worst_delta=8.9406967e-08 alt=0.40462717 primary=0.40462726
ds4: dspark grouped-q2 compare call=928 tokens=5 dim=4096 mode=primary-unsafe exact=no max=1.1920929e-07 rms=1.3083571e-08 first_token=0 first_slot=0 first_idx=0 first_delta=2.9802322e-08 alt=-0.18757829 primary=-0.18757832 worst_token=0 worst_slot=0 worst_idx=6 worst_delta=1.1920929e-07 alt=-0.67134827 primary=-0.67134839
ds4: dspark grouped-q2 compare call=929 tokens=5 dim=4096 mode=primary-unsafe exact=no max=1.1920929e-07 rms=1.1642044e-08 first_token=0 first_slot=0 first_idx=3 first_delta=1.4901161e-08 alt=-0.2472907 primary=-0.24729069 worst_token=0 worst_slot=0 worst_idx=1080 worst_delta=1.1920929e-07 alt=0.50797844 primary=0.50797832
ds4: dspark grouped-q2 compare call=930 tokens=5 dim=4096 mode=primary-unsafe exact=no max=1.1920929e-07 rms=1.4402151e-08 first_token=0 first_slot=0 first_idx=0 first_delta=2.2351742e-08 alt=-0.11688385 primary=-0.11688383 worst_token=1 worst_slot=0 worst_idx=2082 worst_delta=1.1920929e-07 alt=-0.55854189 primary=-0.55854201
ds4: dspark grouped-q2 compare call=931 tokens=5 dim=4096 mode=primary-unsafe exact=no max=1.1920929e-07 rms=9.8060289e-09 first_token=0 first_slot=0 first_idx=0 first_delta=2.9802322e-08 alt=0.06308189 primary=0.06308192 worst_token=4 worst_slot=0 worst_idx=993 worst_delta=1.1920929e-07 alt=0.52526653 primary=0.52526665
ds4: dspark grouped-q2 compare call=932 tokens=5 dim=4096 mode=primary-unsafe exact=no max=1.7881393e-07 rms=1.810883e-08 first_token=0 first_slot=0 first_idx=0 first_delta=2.9802322e-08 alt=0.030978575 primary=0.030978546 worst_token=4 worst_slot=0 worst_idx=2945 worst_delta=1.7881393e-07 alt=-0.68953818 primary=-0.68953836
ds4: dspark grouped-q2 compare call=933 tokens=5 dim=4096 mode=primary-unsafe exact=no max=1.1920929e-07 rms=1.0958237e-08 first_token=0 first_slot=1 first_idx=1 first_delta=1.4901161e-08 alt=0.0079936385 primary=0.0079936534 worst_token=2 worst_slot=0 worst_idx=85 worst_delta=1.1920929e-07 alt=-1.0962067 primary=-1.0962065
ds4: dspark grouped-q2 compare call=934 tokens=5 dim=4096 mode=primary-unsafe exact=no max=1.7881393e-07 rms=1.4532449e-08 first_token=0 first_slot=1 first_idx=4 first_delta=2.9802322e-08 alt=-0.27096298 primary=-0.27096295 worst_token=3 worst_slot=0 worst_idx=1934 worst_delta=1.7881393e-07 alt=0.76744533 primary=0.7674455
ds4: dspark grouped-q2 compare call=935 tokens=5 dim=4096 mode=primary-unsafe exact=no max=1.1920929e-07 rms=1.1487268e-08 first_token=0 first_slot=1 first_idx=0 first_delta=1.4901161e-08 alt=0.11220846 primary=0.11220847 worst_token=2 worst_slot=0 worst_idx=389 worst_delta=1.1920929e-07 alt=0.71676171 primary=0.71676183
ds4: dspark grouped-q2 compare call=936 tokens=5 dim=4096 mode=primary-unsafe exact=no max=2.3841858e-07 rms=1.8525164e-08 first_token=0 first_slot=0 first_idx=1 first_delta=2.9802322e-08 alt=0.099087484 primary=0.099087514 worst_token=0 worst_slot=0 worst_idx=585 worst_delta=2.3841858e-07 alt=-1.189173 primary=-1.1891727
ds4: dspark grouped-q2 compare call=937 tokens=5 dim=4096 mode=primary-unsafe exact=no max=1.7881393e-07 rms=1.5674019e-08 first_token=0 first_slot=0 first_idx=0 first_delta=2.9802322e-08 alt=-0.20294556 primary=-0.20294553 worst_token=2 worst_slot=0 worst_idx=2167 worst_delta=1.7881393e-07 alt=-0.8464126 primary=-0.84641278
ds4: dspark grouped-q2 compare call=938 tokens=5 dim=4096 mode=primary-unsafe exact=no max=2.9802322e-07 rms=1.8654575e-08 first_token=0 first_slot=0 first_idx=0 first_delta=1.4901161e-08 alt=0.10272531 primary=0.10272533 worst_token=1 worst_slot=0 worst_idx=1180 worst_delta=2.9802322e-07 alt=-0.77625728 primary=-0.77625698
ds4: dspark grouped-q2 compare call=939 tokens=5 dim=4096 mode=primary-unsafe exact=no max=2.3841858e-07 rms=1.047485e-08 first_token=1 first_slot=0 first_idx=0 first_delta=1.4901161e-08 alt=0.010921985 primary=0.01092197 worst_token=3 worst_slot=0 worst_idx=1714 worst_delta=2.3841858e-07 alt=-1.1626709 primary=-1.1626706
ds4: dspark grouped-q2 compare call=940 tokens=5 dim=4096 mode=primary-unsafe exact=no max=2.3841858e-07 rms=2.192545e-08 first_token=0 first_slot=0 first_idx=0 first_delta=5.9604645e-08 alt=-0.50669777 primary=-0.50669783 worst_token=0 worst_slot=0 worst_idx=417 worst_delta=2.3841858e-07 alt=1.4412515 primary=1.4412513
ds4: dspark grouped-q2 compare call=941 tokens=5 dim=4096 mode=primary-unsafe exact=no max=1.7881393e-07 rms=1.4186408e-08 first_token=0 first_slot=1 first_idx=0 first_delta=2.2351742e-08 alt=0.065312475 primary=0.065312453 worst_token=0 worst_slot=1 worst_idx=3482 worst_delta=1.7881393e-07 alt=0.63513333 primary=0.6351335
ds4: dspark grouped-q2 compare call=942 tokens=5 dim=4096 mode=primary-unsafe exact=no max=1.4901161e-07 rms=1.634692e-08 first_token=0 first_slot=0 first_idx=5 first_delta=2.9802322e-08 alt=-0.42270637 primary=-0.4227064 worst_token=0 worst_slot=1 worst_idx=1087 worst_delta=1.4901161e-07 alt=-0.11188707 primary=-0.11188692
ds4: dspark grouped-q2 compare call=943 tokens=5 dim=4096 mode=primary-unsafe exact=no max=3.5762787e-07 rms=2.1036584e-08 first_token=0 first_slot=1 first_idx=0 first_delta=1.4901161e-08 alt=0.12155059 primary=0.12155057 worst_token=4 worst_slot=0 worst_idx=820 worst_delta=3.5762787e-07 alt=-0.67665958 primary=-0.67665994
ds4: dspark grouped-q2 compare call=944 tokens=5 dim=4096 mode=primary-unsafe exact=no max=2.3841858e-07 rms=2.2441753e-08 first_token=0 first_slot=0 first_idx=1 first_delta=1.4901161e-08 alt=-0.079261839 primary=-0.079261824 worst_token=2 worst_slot=0 worst_idx=2617 worst_delta=2.3841858e-07 alt=1.5425804 primary=1.5425806
ds4: dspark grouped-q2 compare call=945 tokens=5 dim=4096 mode=primary-unsafe exact=no max=2.9802322e-07 rms=2.0301547e-08 first_token=0 first_slot=1 first_idx=0 first_delta=2.9802322e-08 alt=-0.13347182 primary=-0.13347179 worst_token=1 worst_slot=0 worst_idx=3180 worst_delta=2.9802322e-07 alt=-0.67797816 primary=-0.67797846
ds4: dspark grouped-q2 compare call=946 tokens=5 dim=4096 mode=primary-unsafe exact=no max=4.7683716e-07 rms=3.2000962e-08 first_token=0 first_slot=4 first_idx=1 first_delta=2.9802322e-08 alt=-0.21687435 primary=-0.21687438 worst_token=2 worst_slot=1 worst_idx=2018 worst_delta=4.7683716e-07 alt=4.4513683 primary=4.4513688
ds4: dspark grouped-q2 compare call=990 tokens=5 dim=4096 mode=primary-unsafe exact=no max=1.4901161e-08 rms=6.3971595e-10 first_token=0 first_slot=1 first_idx=1 first_delta=1.3969839e-09 alt=-0.002387478 primary=-0.0023874766 worst_token=0 worst_slot=1 worst_idx=209 worst_delta=1.4901161e-08 alt=-0.068522349 primary=-0.068522364
ds4: dspark grouped-q2 compare call=991 tokens=5 dim=4096 mode=primary-unsafe exact=no max=1.4901161e-08 rms=5.9799959e-10 first_token=1 first_slot=1 first_idx=3 first_delta=2.7939677e-09 alt=0.0019709673 primary=0.0019709645 worst_token=4 worst_slot=5 worst_idx=696 worst_delta=1.4901161e-08 alt=-0.086021319 primary=-0.086021334
ds4: dspark grouped-q2 compare call=992 tokens=5 dim=4096 mode=primary-unsafe exact=no max=1.4901161e-08 rms=5.8497662e-10 first_token=0 first_slot=5 first_idx=0 first_delta=1.8626451e-09 alt=0.016726334 primary=0.016726336 worst_token=0 worst_slot=5 worst_idx=1634 worst_delta=1.4901161e-08 alt=0.080964923 primary=0.080964908
ds4: dspark grouped-q2 compare call=993 tokens=5 dim=4096 mode=primary-unsafe exact=no max=5.9604645e-08 rms=4.8409285e-09 first_token=0 first_slot=0 first_idx=1 first_delta=7.4505806e-09 alt=-0.029679753 primary=-0.029679745 worst_token=0 worst_slot=1 worst_idx=2078 worst_delta=5.9604645e-08 alt=-0.3341614 primary=-0.33416134
ds4: dspark grouped-q2 compare call=994 tokens=5 dim=4096 mode=primary-unsafe exact=no max=5.9604645e-08 rms=4.9252256e-09 first_token=0 first_slot=0 first_idx=0 first_delta=7.4505806e-09 alt=-0.078237653 primary=-0.078237645 worst_token=1 worst_slot=0 worst_idx=2910 worst_delta=5.9604645e-08 alt=-0.29405326 primary=-0.29405332
ds4: dspark grouped-q2 compare call=995 tokens=5 dim=4096 mode=primary-unsafe exact=no max=5.9604645e-08 rms=4.0452512e-09 first_token=0 first_slot=0 first_idx=0 first_delta=7.4505806e-09 alt=-0.042474005 primary=-0.042474013 worst_token=0 worst_slot=0 worst_idx=2062 worst_delta=5.9604645e-08 alt=-0.26669759 primary=-0.26669765
ds4: dspark grouped-q2 compare call=996 tokens=5 dim=4096 mode=primary-unsafe exact=no max=5.9604645e-08 rms=4.6755888e-09 first_token=0 first_slot=1 first_idx=2 first_delta=1.4901161e-08 alt=-0.044922695 primary=-0.044922709 worst_token=2 worst_slot=0 worst_idx=1473 worst_delta=5.9604645e-08 alt=-0.29633468 primary=-0.29633462
ds4: dspark grouped-q2 compare call=997 tokens=5 dim=4096 mode=primary-unsafe exact=no max=1.1920929e-07 rms=6.6878618e-09 first_token=0 first_slot=0 first_idx=3 first_delta=2.2351742e-08 alt=0.088797502 primary=0.088797525 worst_token=4 worst_slot=1 worst_idx=494 worst_delta=1.1920929e-07 alt=-0.89965987 primary=-0.89965975
ds4: dspark grouped-q2 compare call=998 tokens=5 dim=4096 mode=primary-unsafe exact=no max=1.1920929e-07 rms=7.5263431e-09 first_token=0 first_slot=0 first_idx=0 first_delta=3.7252903e-09 alt=-0.059843104 primary=-0.059843108 worst_token=3 worst_slot=0 worst_idx=3325 worst_delta=1.1920929e-07 alt=0.52788925 primary=0.52788913
ds4: dspark grouped-q2 compare call=999 tokens=5 dim=4096 mode=primary-unsafe exact=no max=6.7055225e-08 rms=4.6140518e-09 first_token=0 first_slot=1 first_idx=2 first_delta=7.4505806e-09 alt=-0.047950365 primary=-0.047950372 worst_token=3 worst_slot=0 worst_idx=1672 worst_delta=6.7055225e-08 alt=0.11294963 primary=0.11294957
ds4: dspark grouped-q2 compare call=1000 tokens=5 dim=4096 mode=primary-unsafe exact=no max=5.9604645e-08 rms=4.0451145e-09 first_token=0 first_slot=0 first_idx=0 first_delta=7.4505806e-09 alt=-0.024047155 primary=-0.024047147 worst_token=1 worst_slot=0 worst_idx=128 worst_delta=5.9604645e-08 alt=0.21546879 primary=0.21546873
ds4: dspark grouped-q2 compare call=1001 tokens=5 dim=4096 mode=primary-unsafe exact=no max=5.9604645e-08 rms=4.1693058e-09 first_token=0 first_slot=0 first_idx=0 first_delta=3.7252903e-09 alt=-0.047996297 primary=-0.047996301 worst_token=0 worst_slot=0 worst_idx=3430 worst_delta=5.9604645e-08 alt=0.26438987 primary=0.26438993
ds4: dspark grouped-q2 compare call=1002 tokens=5 dim=4096 mode=primary-unsafe exact=no max=1.1920929e-07 rms=7.4898017e-09 first_token=0 first_slot=0 first_idx=0 first_delta=5.9604645e-08 alt=-0.4727248 primary=-0.47272474 worst_token=0 worst_slot=0 worst_idx=175 worst_delta=1.1920929e-07 alt=0.34627384 primary=0.34627396
ds4: dspark grouped-q2 compare call=1003 tokens=5 dim=4096 mode=primary-unsafe exact=no max=1.1920929e-07 rms=6.3055321e-09 first_token=0 first_slot=0 first_idx=4 first_delta=5.9604645e-08 alt=-0.50519967 primary=-0.50519973 worst_token=0 worst_slot=0 worst_idx=2363 worst_delta=1.1920929e-07 alt=0.52800357 primary=0.52800345
ds4: dspark grouped-q2 compare call=1004 tokens=5 dim=4096 mode=primary-unsafe exact=no max=1.1920929e-07 rms=6.7059012e-09 first_token=0 first_slot=0 first_idx=0 first_delta=7.4505806e-09 alt=0.064165615 primary=0.064165607 worst_token=1 worst_slot=0 worst_idx=21 worst_delta=1.1920929e-07 alt=-0.63044727 primary=-0.63044715
ds4: dspark grouped-q2 compare call=1005 tokens=5 dim=4096 mode=primary-unsafe exact=no max=1.1920929e-07 rms=7.4737185e-09 first_token=0 first_slot=0 first_idx=2 first_delta=7.4505806e-09 alt=0.035752635 primary=0.035752643 worst_token=0 worst_slot=0 worst_idx=230 worst_delta=1.1920929e-07 alt=0.65184259 primary=0.65184271
ds4: dspark grouped-q2 compare call=1006 tokens=5 dim=4096 mode=primary-unsafe exact=no max=6.7055225e-08 rms=7.7476461e-09 first_token=0 first_slot=0 first_idx=0 first_delta=1.4901161e-08 alt=-0.068779528 primary=-0.068779543 worst_token=4 worst_slot=0 worst_idx=1183 worst_delta=6.7055225e-08 alt=-0.060150824 primary=-0.060150892
ds4: dspark grouped-q2 compare call=1007 tokens=5 dim=4096 mode=primary-unsafe exact=no max=1.1920929e-07 rms=7.4522486e-09 first_token=0 first_slot=0 first_idx=0 first_delta=1.4901161e-08 alt=0.047106329 primary=0.047106314 worst_token=2 worst_slot=0 worst_idx=626 worst_delta=1.1920929e-07 alt=-0.53379524 primary=-0.53379536
ds4: dspark grouped-q2 compare call=1008 tokens=5 dim=4096 mode=primary-unsafe exact=no max=1.7881393e-07 rms=1.225375e-08 first_token=0 first_slot=0 first_idx=1 first_delta=2.9802322e-08 alt=0.36363494 primary=0.36363497 worst_token=0 worst_slot=0 worst_idx=401 worst_delta=1.7881393e-07 alt=0.86240911 primary=0.86240894
ds4: dspark grouped-q2 compare call=1009 tokens=5 dim=4096 mode=primary-unsafe exact=no max=1.1920929e-07 rms=5.4514464e-09 first_token=0 first_slot=2 first_idx=0 first_delta=7.4505806e-09 alt=-0.07071957 primary=-0.070719577 worst_token=1 worst_slot=0 worst_idx=754 worst_delta=1.1920929e-07 alt=-0.51620638 primary=-0.5162065
ds4: dspark grouped-q2 compare call=1010 tokens=5 dim=4096 mode=primary-unsafe exact=no max=1.1920929e-07 rms=1.1254375e-08 first_token=0 first_slot=2 first_idx=1 first_delta=1.1175871e-08 alt=0.021758951 primary=0.02175894 worst_token=1 worst_slot=0 worst_idx=0 worst_delta=1.1920929e-07 alt=-0.66534317 primary=-0.66534328
ds4: dspark grouped-q2 compare call=1011 tokens=5 dim=4096 mode=primary-unsafe exact=no max=1.7881393e-07 rms=1.2054602e-08 first_token=0 first_slot=0 first_idx=0 first_delta=2.9802322e-08 alt=0.34746596 primary=0.34746593 worst_token=4 worst_slot=0 worst_idx=241 worst_delta=1.7881393e-07 alt=0.53414965 primary=0.53414983
ds4: dspark grouped-q2 compare call=1012 tokens=5 dim=4096 mode=primary-unsafe exact=no max=1.7881393e-07 rms=1.1678859e-08 first_token=0 first_slot=3 first_idx=2 first_delta=2.9802322e-08 alt=-0.028563309 primary=-0.02856328 worst_token=3 worst_slot=0 worst_idx=473 worst_delta=1.7881393e-07 alt=0.60767436 primary=0.60767418
ds4: dspark grouped-q2 compare call=1013 tokens=5 dim=4096 mode=primary-unsafe exact=no max=1.1920929e-07 rms=9.6883426e-09 first_token=0 first_slot=0 first_idx=0 first_delta=1.4901161e-08 alt=0.24118923 primary=0.24118921 worst_token=0 worst_slot=0 worst_idx=643 worst_delta=1.1920929e-07 alt=0.27719778 primary=0.2771979
ds4: dspark grouped-q2 compare call=1014 tokens=5 dim=4096 mode=primary-unsafe exact=no max=2.3841858e-07 rms=1.6600646e-08 first_token=0 first_slot=0 first_idx=1 first_delta=7.4505806e-09 alt=-0.061642192 primary=-0.061642185 worst_token=1 worst_slot=0 worst_idx=82 worst_delta=2.3841858e-07 alt=-1.0730083 primary=-1.0730081
ds4: dspark grouped-q2 compare call=1015 tokens=5 dim=4096 mode=primary-unsafe exact=no max=2.3841858e-07 rms=1.2924348e-08 first_token=0 first_slot=0 first_idx=0 first_delta=2.2351742e-08 alt=0.0050835907 primary=0.0050835684 worst_token=1 worst_slot=0 worst_idx=3171 worst_delta=2.3841858e-07 alt=-1.081917 primary=-1.0819168
ds4: dspark grouped-q2 compare call=1016 tokens=5 dim=4096 mode=primary-unsafe exact=no max=1.1920929e-07 rms=1.2251668e-08 first_token=0 first_slot=0 first_idx=1 first_delta=2.9802322e-08 alt=-0.081611603 primary=-0.081611633 worst_token=0 worst_slot=0 worst_idx=2997 worst_delta=1.1920929e-07 alt=-0.51413071 primary=-0.51413083
ds4: dspark grouped-q2 compare call=1017 tokens=5 dim=4096 mode=primary-unsafe exact=no max=1.1920929e-07 rms=8.2493843e-09 first_token=0 first_slot=0 first_idx=1 first_delta=2.9802322e-08 alt=-0.24678582 primary=-0.24678579 worst_token=0 worst_slot=0 worst_idx=336 worst_delta=1.1920929e-07 alt=0.72603297 primary=0.72603309
ds4: dspark grouped-q2 compare call=1018 tokens=5 dim=4096 mode=primary-unsafe exact=no max=2.3841858e-07 rms=1.5334733e-08 first_token=0 first_slot=0 first_idx=1 first_delta=4.4703484e-08 alt=0.10693134 primary=0.10693138 worst_token=1 worst_slot=0 worst_idx=1345 worst_delta=2.3841858e-07 alt=1.2418885 primary=1.2418883
ds4: dspark grouped-q2 compare call=1019 tokens=5 dim=4096 mode=primary-unsafe exact=no max=8.9406967e-08 rms=7.9692359e-09 first_token=0 first_slot=0 first_idx=1 first_delta=1.4901161e-08 alt=-0.22040406 primary=-0.22040404 worst_token=4 worst_slot=0 worst_idx=283 worst_delta=8.9406967e-08 alt=-0.32222009 primary=-0.32222018
ds4: dspark grouped-q2 compare call=1020 tokens=5 dim=4096 mode=primary-unsafe exact=no max=1.7881393e-07 rms=1.4857967e-08 first_token=0 first_slot=0 first_idx=0 first_delta=1.4901161e-08 alt=0.21185826 primary=0.21185827 worst_token=1 worst_slot=0 worst_idx=2066 worst_delta=1.7881393e-07 alt=-0.71895343 primary=-0.71895361
ds4: dspark grouped-q2 compare call=1021 tokens=5 dim=4096 mode=primary-unsafe exact=no max=1.7881393e-07 rms=9.9440456e-09 first_token=0 first_slot=0 first_idx=0 first_delta=4.4703484e-08 alt=0.2466203 primary=0.24662034 worst_token=2 worst_slot=0 worst_idx=1669 worst_delta=1.7881393e-07 alt=0.47255546 primary=0.47255564
ds4: dspark grouped-q2 compare call=1022 tokens=5 dim=4096 mode=primary-unsafe exact=no max=2.3841858e-07 rms=1.52603e-08 first_token=0 first_slot=0 first_idx=0 first_delta=1.4901161e-08 alt=-0.2044459 primary=-0.20444591 worst_token=4 worst_slot=0 worst_idx=1588 worst_delta=2.3841858e-07 alt=-1.1754024 primary=-1.1754026
ds4: dspark grouped-q2 compare call=1023 tokens=5 dim=4096 mode=primary-unsafe exact=no max=2.3841858e-07 rms=1.8929892e-08 first_token=0 first_slot=0 first_idx=1 first_delta=5.9604645e-08 alt=0.60416961 primary=0.60416967 worst_token=0 worst_slot=0 worst_idx=2018 worst_delta=2.3841858e-07 alt=1.0381198 primary=1.0381196
ds4: dspark grouped-q2 compare call=1024 tokens=5 dim=4096 mode=primary-unsafe exact=no max=2.2351742e-07 rms=1.3635009e-08 first_token=0 first_slot=0 first_idx=2 first_delta=2.9802322e-08 alt=-0.23221919 primary=-0.23221916 worst_token=1 worst_slot=0 worst_idx=3402 worst_delta=2.2351742e-07 alt=0.23718758 primary=0.23718736
ds4: dspark grouped-q2 compare call=1025 tokens=5 dim=4096 mode=primary-unsafe exact=no max=1.7881393e-07 rms=1.1475069e-08 first_token=0 first_slot=0 first_idx=1 first_delta=3.7252903e-08 alt=0.063729346 primary=0.063729383 worst_token=0 worst_slot=0 worst_idx=926 worst_delta=1.7881393e-07 alt=0.91079468 primary=0.9107945
ds4: dspark grouped-q2 compare call=1026 tokens=5 dim=4096 mode=primary-unsafe exact=no max=2.3841858e-07 rms=1.6617774e-08 first_token=0 first_slot=0 first_idx=0 first_delta=2.9802322e-08 alt=-0.23375669 primary=-0.23375666 worst_token=0 worst_slot=0 worst_idx=931 worst_delta=2.3841858e-07 alt=-1.0212204 primary=-1.0212207
ds4: dspark grouped-q2 compare call=1027 tokens=5 dim=4096 mode=primary-unsafe exact=no max=2.3841858e-07 rms=1.182149e-08 first_token=0 first_slot=0 first_idx=3 first_delta=5.9604645e-08 alt=0.37932551 primary=0.37932557 worst_token=0 worst_slot=0 worst_idx=2792 worst_delta=2.3841858e-07 alt=1.2094474 primary=1.2094471
ds4: dspark grouped-q2 compare call=1028 tokens=5 dim=4096 mode=primary-unsafe exact=no max=2.9802322e-07 rms=1.5456337e-08 first_token=0 first_slot=3 first_idx=0 first_delta=7.4505806e-09 alt=-0.092777692 primary=-0.092777699 worst_token=1 worst_slot=0 worst_idx=1012 worst_delta=2.9802322e-07 alt=-0.96387917 primary=-0.96387887
ds4: dspark grouped-q2 compare call=1029 tokens=5 dim=4096 mode=primary-unsafe exact=no max=2.3841858e-07 rms=1.2511959e-08 first_token=0 first_slot=0 first_idx=1 first_delta=2.9802322e-08 alt=-0.25085622 primary=-0.25085619 worst_token=0 worst_slot=0 worst_idx=177 worst_delta=2.3841858e-07 alt=0.91083086 primary=0.91083062
ds4: dspark grouped-q2 compare call=1030 tokens=5 dim=4096 mode=primary-unsafe exact=no max=7.1525574e-07 rms=2.8140352e-08 first_token=0 first_slot=0 first_idx=0 first_delta=5.9604645e-08 alt=-0.50434184 primary=-0.5043419 worst_token=1 worst_slot=0 worst_idx=1336 worst_delta=7.1525574e-07 alt=-3.0886891 primary=-3.0886898
ds4: dspark grouped-q2 compare call=1031 tokens=5 dim=4096 mode=primary-unsafe exact=no max=4.7683716e-07 rms=3.3623849e-08 first_token=0 first_slot=0 first_idx=2 first_delta=2.9802322e-08 alt=0.24657351 primary=0.24657354 worst_token=1 worst_slot=1 worst_idx=908 worst_delta=4.7683716e-07 alt=-3.2290955 primary=-3.229095
ds4: dspark grouped-q2 compare call=1032 tokens=5 dim=4096 mode=primary-unsafe exact=no max=1.9073486e-06 rms=7.3471853e-08 first_token=0 first_slot=0 first_idx=0 first_delta=5.9604645e-08 alt=-0.28800398 primary=-0.28800392 worst_token=1 worst_slot=0 worst_idx=1210 worst_delta=1.9073486e-06 alt=9.035368 primary=9.0353699
ds4: dspark grouped-q2 compare call=1076 tokens=5 dim=4096 mode=primary-unsafe exact=no max=4.4703484e-08 rms=1.3955025e-09 first_token=1 first_slot=3 first_idx=0 first_delta=2.7939677e-09 alt=0.0086401189 primary=0.0086401217 worst_token=2 worst_slot=2 worst_idx=2299 worst_delta=4.4703484e-08 alt=-0.15458831 primary=-0.15458836
ds4: dspark grouped-q2 compare call=1077 tokens=5 dim=4096 mode=primary-unsafe exact=no max=2.2351742e-08 rms=1.1737659e-09 first_token=1 first_slot=0 first_idx=2 first_delta=3.7252903e-09 alt=0.0066382065 primary=0.0066382103 worst_token=1 worst_slot=0 worst_idx=577 worst_delta=2.2351742e-08 alt=-0.02089861 primary=-0.020898633
ds4: dspark grouped-q2 compare call=1078 tokens=5 dim=4096 mode=primary-unsafe exact=no max=2.9802322e-08 rms=9.5569785e-10 first_token=3 first_slot=2 first_idx=0 first_delta=3.7252903e-09 alt=-0.013720477 primary=-0.013720481 worst_token=3 worst_slot=2 worst_idx=3801 worst_delta=2.9802322e-08 alt=0.14799646 primary=0.14799643
ds4: dspark grouped-q2 compare call=1079 tokens=5 dim=4096 mode=primary-unsafe exact=no max=7.4505806e-08 rms=4.9773976e-09 first_token=0 first_slot=0 first_idx=2 first_delta=1.3038516e-08 alt=-0.022534227 primary=-0.022534214 worst_token=2 worst_slot=0 worst_idx=532 worst_delta=7.4505806e-08 alt=0.10226341 primary=0.10226348
ds4: dspark grouped-q2 compare call=1080 tokens=5 dim=4096 mode=primary-unsafe exact=no max=8.9406967e-08 rms=4.6461479e-09 first_token=0 first_slot=0 first_idx=1 first_delta=1.4901161e-08 alt=-0.11594129 primary=-0.11594131 worst_token=1 worst_slot=0 worst_idx=1834 worst_delta=8.9406967e-08 alt=-0.43644625 primary=-0.43644634
ds4: dspark grouped-q2 compare call=1081 tokens=5 dim=4096 mode=primary-unsafe exact=no max=2.9802322e-08 rms=2.6449343e-09 first_token=0 first_slot=0 first_idx=0 first_delta=3.7252903e-09 alt=0.049353618 primary=0.049353622 worst_token=0 worst_slot=0 worst_idx=423 worst_delta=2.9802322e-08 alt=0.15961123 primary=0.1596112
ds4: dspark grouped-q2 compare call=1082 tokens=5 dim=4096 mode=primary-unsafe exact=no max=5.9604645e-08 rms=4.7316284e-09 first_token=0 first_slot=0 first_idx=1 first_delta=7.4505806e-09 alt=-0.059929699 primary=-0.059929706 worst_token=0 worst_slot=1 worst_idx=1353 worst_delta=5.9604645e-08 alt=0.29120189 primary=0.29120195
ds4: dspark grouped-q2 compare call=1083 tokens=5 dim=4096 mode=primary-unsafe exact=no max=1.0430813e-07 rms=5.5468186e-09 first_token=0 first_slot=0 first_idx=0 first_delta=2.2351742e-08 alt=0.014515892 primary=0.014515914 worst_token=0 worst_slot=0 worst_idx=270 worst_delta=1.0430813e-07 alt=0.237911 primary=0.23791111
ds4: dspark grouped-q2 compare call=1084 tokens=5 dim=4096 mode=primary-unsafe exact=no max=8.9406967e-08 rms=6.9274537e-09 first_token=0 first_slot=0 first_idx=2 first_delta=3.7252903e-09 alt=-0.051634669 primary=-0.051634666 worst_token=0 worst_slot=0 worst_idx=1480 worst_delta=8.9406967e-08 alt=-0.37309369 primary=-0.37309361
ds4: dspark grouped-q2 compare call=1085 tokens=5 dim=4096 mode=primary-unsafe exact=no max=1.1920929e-07 rms=4.9614406e-09 first_token=0 first_slot=0 first_idx=1 first_delta=7.4505806e-09 alt=0.068948604 primary=0.068948597 worst_token=2 worst_slot=0 worst_idx=3607 worst_delta=1.1920929e-07 alt=0.64656079 primary=0.64656091
ds4: dspark grouped-q2 compare call=1086 tokens=5 dim=4096 mode=primary-unsafe exact=no max=4.4703484e-08 rms=3.7437458e-09 first_token=0 first_slot=0 first_idx=0 first_delta=1.8626451e-09 alt=0.01422674 primary=0.014226742 worst_token=0 worst_slot=1 worst_idx=1365 worst_delta=4.4703484e-08 alt=-0.18309355 primary=-0.18309359
ds4: dspark grouped-q2 compare call=1087 tokens=5 dim=4096 mode=primary-unsafe exact=no max=1.1920929e-07 rms=5.9596013e-09 first_token=0 first_slot=0 first_idx=0 first_delta=3.7252903e-09 alt=-0.014536293 primary=-0.014536289 worst_token=2 worst_slot=0 worst_idx=636 worst_delta=1.1920929e-07 alt=-0.50616658 primary=-0.5061667
ds4: dspark grouped-q2 compare call=1088 tokens=5 dim=4096 mode=primary-unsafe exact=no max=1.1920929e-07 rms=6.2229262e-09 first_token=0 first_slot=0 first_idx=0 first_delta=1.4901161e-08 alt=-0.13806483 primary=-0.13806485 worst_token=1 worst_slot=0 worst_idx=1078 worst_delta=1.1920929e-07 alt=-0.52788234 primary=-0.52788246
ds4: dspark grouped-q2 compare call=1089 tokens=5 dim=4096 mode=primary-unsafe exact=no max=1.1920929e-07 rms=6.607157e-09 first_token=0 first_slot=0 first_idx=1 first_delta=2.9802322e-08 alt=0.20964831 primary=0.20964834 worst_token=1 worst_slot=0 worst_idx=1739 worst_delta=1.1920929e-07 alt=-0.72068727 primary=-0.72068715
ds4: dspark grouped-q2 compare call=1090 tokens=5 dim=4096 mode=primary-unsafe exact=no max=7.4505806e-08 rms=5.9430989e-09 first_token=0 first_slot=0 first_idx=0 first_delta=1.1175871e-08 alt=0.03301765 primary=0.033017639 worst_token=3 worst_slot=0 worst_idx=2958 worst_delta=7.4505806e-08 alt=-0.22663726 primary=-0.22663718
ds4: dspark grouped-q2 compare call=1091 tokens=5 dim=4096 mode=primary-unsafe exact=no max=1.1920929e-07 rms=8.8849053e-09 first_token=0 first_slot=0 first_idx=0 first_delta=3.7252903e-09 alt=-0.030527078 primary=-0.030527081 worst_token=0 worst_slot=0 worst_idx=96 worst_delta=1.1920929e-07 alt=0.17991906 primary=0.17991894
ds4: dspark grouped-q2 compare call=1092 tokens=5 dim=4096 mode=primary-unsafe exact=no max=1.1920929e-07 rms=6.8276251e-09 first_token=0 first_slot=0 first_idx=0 first_delta=2.2351742e-08 alt=0.07656616 primary=0.076566182 worst_token=2 worst_slot=0 worst_idx=488 worst_delta=1.1920929e-07 alt=-0.79883194 primary=-0.79883206
ds4: dspark grouped-q2 compare call=1093 tokens=5 dim=4096 mode=primary-unsafe exact=no max=1.1920929e-07 rms=8.9379526e-09 first_token=0 first_slot=0 first_idx=1 first_delta=3.7252903e-09 alt=0.026040904 primary=0.026040908 worst_token=3 worst_slot=0 worst_idx=805 worst_delta=1.1920929e-07 alt=0.54232061 primary=0.54232073
ds4: dspark grouped-q2 compare call=1094 tokens=5 dim=4096 mode=primary-unsafe exact=no max=1.1920929e-07 rms=1.2181564e-08 first_token=0 first_slot=0 first_idx=1 first_delta=4.4703484e-08 alt=0.21799192 primary=0.21799187 worst_token=0 worst_slot=0 worst_idx=41 worst_delta=1.1920929e-07 alt=-0.58714336 primary=-0.58714348
ds4: dspark grouped-q2 compare call=1095 tokens=5 dim=4096 mode=primary-unsafe exact=no max=8.9406967e-08 rms=6.9837833e-09 first_token=0 first_slot=0 first_idx=0 first_delta=7.4505806e-09 alt=0.064740762 primary=0.064740755 worst_token=2 worst_slot=0 worst_idx=585 worst_delta=8.9406967e-08 alt=-0.35952392 primary=-0.35952401
ds4: dspark grouped-q2 compare call=1096 tokens=5 dim=4096 mode=primary-unsafe exact=no max=1.1920929e-07 rms=1.3034835e-08 first_token=0 first_slot=0 first_idx=1 first_delta=2.9802322e-08 alt=0.16278681 primary=0.16278678 worst_token=0 worst_slot=0 worst_idx=125 worst_delta=1.1920929e-07 alt=0.6489042 primary=0.64890409
ds4: dspark grouped-q2 compare call=1097 tokens=5 dim=4096 mode=primary-unsafe exact=no max=1.1920929e-07 rms=1.1168972e-08 first_token=0 first_slot=0 first_idx=3 first_delta=1.4901161e-08 alt=0.078872442 primary=0.078872457 worst_token=0 worst_slot=0 worst_idx=236 worst_delta=1.1920929e-07 alt=0.51612961 primary=0.51612973
ds4: dspark grouped-q2 compare call=1098 tokens=5 dim=4096 mode=primary-unsafe exact=no max=1.1920929e-07 rms=1.3606844e-08 first_token=0 first_slot=0 first_idx=1 first_delta=2.9802322e-08 alt=-0.21884422 primary=-0.21884419 worst_token=0 worst_slot=0 worst_idx=438 worst_delta=1.1920929e-07 alt=-0.25529057 primary=-0.25529069
ds4: dspark grouped-q2 compare call=1099 tokens=5 dim=4096 mode=primary-unsafe exact=no max=8.9406967e-08 rms=8.7405496e-09 first_token=0 first_slot=0 first_idx=1 first_delta=1.4901161e-08 alt=0.080165498 primary=0.080165483 worst_token=1 worst_slot=0 worst_idx=3060 worst_delta=8.9406967e-08 alt=-0.26651987 primary=-0.26651996
ds4: dspark grouped-q2 compare call=1100 tokens=5 dim=4096 mode=primary-unsafe exact=no max=1.1920929e-07 rms=1.3227083e-08 first_token=0 first_slot=0 first_idx=1 first_delta=2.9802322e-08 alt=0.33013737 primary=0.3301374 worst_token=0 worst_slot=0 worst_idx=279 worst_delta=1.1920929e-07 alt=-0.56825888 primary=-0.568259
ds4: dspark grouped-q2 compare call=1101 tokens=5 dim=4096 mode=primary-unsafe exact=no max=1.7881393e-07 rms=1.2581429e-08 first_token=0 first_slot=0 first_idx=0 first_delta=2.9802322e-08 alt=-0.35111859 primary=-0.35111862 worst_token=0 worst_slot=0 worst_idx=1957 worst_delta=1.7881393e-07 alt=0.65234387 primary=0.65234369
ds4: dspark grouped-q2 compare call=1102 tokens=5 dim=4096 mode=primary-unsafe exact=no max=1.6391277e-07 rms=1.4721993e-08 first_token=0 first_slot=0 first_idx=0 first_delta=2.9802322e-08 alt=0.029605776 primary=0.029605806 worst_token=1 worst_slot=0 worst_idx=1118 worst_delta=1.6391277e-07 alt=-0.21009734 primary=-0.21009751
ds4: dspark grouped-q2 compare call=1103 tokens=5 dim=4096 mode=primary-unsafe exact=no max=1.1920929e-07 rms=9.3393417e-09 first_token=0 first_slot=0 first_idx=0 first_delta=2.9802322e-08 alt=0.3286581 primary=0.32865807 worst_token=0 worst_slot=0 worst_idx=122 worst_delta=1.1920929e-07 alt=-0.82676101 primary=-0.82676089
ds4: dspark grouped-q2 compare call=1104 tokens=5 dim=4096 mode=primary-unsafe exact=no max=2.3841858e-07 rms=1.7356637e-08 first_token=0 first_slot=0 first_idx=1 first_delta=2.9802322e-08 alt=-0.19312854 primary=-0.19312851 worst_token=2 worst_slot=0 worst_idx=672 worst_delta=2.3841858e-07 alt=1.1388717 primary=1.1388719
ds4: dspark grouped-q2 compare call=1105 tokens=5 dim=4096 mode=primary-unsafe exact=no max=1.1920929e-07 rms=1.1027177e-08 first_token=0 first_slot=0 first_idx=0 first_delta=5.9604645e-08 alt=-0.068892449 primary=-0.068892509 worst_token=0 worst_slot=0 worst_idx=54 worst_delta=1.1920929e-07 alt=0.50840986 primary=0.50840974
ds4: dspark grouped-q2 compare call=1106 tokens=5 dim=4096 mode=primary-unsafe exact=no max=1.1920929e-07 rms=1.3485203e-08 first_token=0 first_slot=0 first_idx=0 first_delta=1.4901161e-08 alt=-0.069364429 primary=-0.069364414 worst_token=0 worst_slot=0 worst_idx=648 worst_delta=1.1920929e-07 alt=-0.47049442 primary=-0.4704943
ds4: dspark grouped-q2 compare call=1107 tokens=5 dim=4096 mode=primary-unsafe exact=no max=1.1920929e-07 rms=1.1651068e-08 first_token=0 first_slot=0 first_idx=3 first_delta=3.7252903e-08 alt=-0.065225415 primary=-0.065225452 worst_token=0 worst_slot=0 worst_idx=329 worst_delta=1.1920929e-07 alt=0.40931451 primary=0.40931439
ds4: dspark grouped-q2 compare call=1108 tokens=5 dim=4096 mode=primary-unsafe exact=no max=2.3841858e-07 rms=1.7232313e-08 first_token=0 first_slot=0 first_idx=0 first_delta=5.9604645e-08 alt=0.29552209 primary=0.29552203 worst_token=2 worst_slot=0 worst_idx=520 worst_delta=2.3841858e-07 alt=-1.2369857 primary=-1.2369854
ds4: dspark grouped-q2 compare call=1109 tokens=5 dim=4096 mode=primary-unsafe exact=no max=1.7881393e-07 rms=1.6685402e-08 first_token=0 first_slot=0 first_idx=0 first_delta=2.9802322e-08 alt=0.080685958 primary=0.080685928 worst_token=0 worst_slot=0 worst_idx=1562 worst_delta=1.7881393e-07 alt=0.86230797 primary=0.86230779
ds4: dspark grouped-q2 compare call=1110 tokens=5 dim=4096 mode=primary-unsafe exact=no max=2.3841858e-07 rms=1.6132947e-08 first_token=0 first_slot=0 first_idx=0 first_delta=2.9802322e-08 alt=-0.024585158 primary=-0.024585187 worst_token=0 worst_slot=0 worst_idx=2678 worst_delta=2.3841858e-07 alt=-1.1559772 primary=-1.1559775
ds4: dspark grouped-q2 compare call=1111 tokens=5 dim=4096 mode=primary-unsafe exact=no max=2.3841858e-07 rms=1.3762728e-08 first_token=0 first_slot=0 first_idx=0 first_delta=5.9604645e-08 alt=0.45740777 primary=0.45740783 worst_token=0 worst_slot=0 worst_idx=773 worst_delta=2.3841858e-07 alt=1.2628567 primary=1.2628565
ds4: dspark grouped-q2 compare call=1112 tokens=5 dim=4096 mode=primary-unsafe exact=no max=1.4901161e-07 rms=1.6615356e-08 first_token=0 first_slot=0 first_idx=0 first_delta=2.9802322e-08 alt=0.039191663 primary=0.039191633 worst_token=0 worst_slot=0 worst_idx=361 worst_delta=1.4901161e-07 alt=0.36149016 primary=0.36149001
ds4: dspark grouped-q2 compare call=1113 tokens=5 dim=4096 mode=primary-unsafe exact=no max=3.5762787e-07 rms=1.8688876e-08 first_token=0 first_slot=0 first_idx=1 first_delta=2.9802322e-08 alt=-0.49903861 primary=-0.49903864 worst_token=1 worst_slot=0 worst_idx=2598 worst_delta=3.5762787e-07 alt=-1.0363826 primary=-1.0363822
ds4: dspark grouped-q2 compare call=1114 tokens=5 dim=4096 mode=primary-unsafe exact=no max=1.6391277e-07 rms=1.566873e-08 first_token=0 first_slot=0 first_idx=0 first_delta=1.4901161e-08 alt=0.13112962 primary=0.13112964 worst_token=1 worst_slot=0 worst_idx=2009 worst_delta=1.6391277e-07 alt=-0.065805599 primary=-0.065805763
ds4: dspark grouped-q2 compare call=1115 tokens=5 dim=4096 mode=primary-unsafe exact=no max=1.4901161e-07 rms=1.3653068e-08 first_token=0 first_slot=0 first_idx=0 first_delta=5.9604645e-08 alt=-0.31323776 primary=-0.3132377 worst_token=4 worst_slot=0 worst_idx=2339 worst_delta=1.4901161e-07 alt=-0.24827155 primary=-0.24827141
ds4: dspark grouped-q2 compare call=1116 tokens=5 dim=4096 mode=primary-unsafe exact=no max=2.3841858e-07 rms=1.9363965e-08 first_token=0 first_slot=0 first_idx=1 first_delta=2.2351742e-08 alt=0.10361681 primary=0.10361683 worst_token=2 worst_slot=0 worst_idx=2092 worst_delta=2.3841858e-07 alt=1.3053937 primary=1.3053935
ds4: dspark grouped-q2 compare call=1117 tokens=5 dim=4096 mode=primary-unsafe exact=no max=3.5762787e-07 rms=2.172183e-08 first_token=0 first_slot=0 first_idx=1 first_delta=5.9604645e-08 alt=0.96871442 primary=0.96871436 worst_token=1 worst_slot=0 worst_idx=3768 worst_delta=3.5762787e-07 alt=-1.5197674 primary=-1.5197678
ds4: dspark grouped-q2 compare call=1118 tokens=5 dim=4096 mode=primary-unsafe exact=no max=4.7683716e-07 rms=2.6417602e-08 first_token=0 first_slot=0 first_idx=0 first_delta=5.9604645e-08 alt=0.20581251 primary=0.20581245 worst_token=0 worst_slot=0 worst_idx=38 worst_delta=4.7683716e-07 alt=-2.9484134 primary=-2.9484138
ds4: dspark grouped-q2 compare call=1162 tokens=5 dim=4096 mode=primary-unsafe exact=no max=6.7055225e-08 rms=2.3282924e-09 first_token=2 first_slot=4 first_idx=0 first_delta=1.4901161e-08 alt=0.10566361 primary=0.10566359 worst_token=2 worst_slot=4 worst_idx=2027 worst_delta=6.7055225e-08 alt=0.0091002509 primary=0.0091001838
ds4: dspark grouped-q2 compare call=1163 tokens=5 dim=4096 mode=primary-unsafe exact=no max=2.9802322e-08 rms=1.2700404e-09 first_token=2 first_slot=1 first_idx=0 first_delta=5.5879354e-09 alt=0.013501102 primary=0.013501097 worst_token=2 worst_slot=1 worst_idx=56 worst_delta=2.9802322e-08 alt=0.2349804 primary=0.23498043
ds4: dspark grouped-q2 compare call=1164 tokens=5 dim=4096 mode=primary-unsafe exact=no max=2.9802322e-08 rms=1.4651385e-09 first_token=0 first_slot=4 first_idx=0 first_delta=3.7252903e-09 alt=-0.01114222 primary=-0.011142224 worst_token=4 worst_slot=5 worst_idx=1750 worst_delta=2.9802322e-08 alt=-0.1253987 primary=-0.12539873
ds4: dspark grouped-q2 compare call=1165 tokens=5 dim=4096 mode=primary-unsafe exact=no max=5.9604645e-08 rms=4.6747202e-09 first_token=0 first_slot=0 first_idx=1 first_delta=3.7252903e-09 alt=-0.011044316 primary=-0.011044312 worst_token=4 worst_slot=0 worst_idx=136 worst_delta=5.9604645e-08 alt=0.12643686 primary=0.12643692
ds4: dspark grouped-q2 compare call=1166 tokens=5 dim=4096 mode=primary-unsafe exact=no max=1.1920929e-07 rms=4.2769135e-09 first_token=0 first_slot=0 first_idx=0 first_delta=1.4901161e-08 alt=0.15891582 primary=0.1589158 worst_token=4 worst_slot=0 worst_idx=2255 worst_delta=1.1920929e-07 alt=-0.55200523 primary=-0.55200535
ds4: dspark grouped-q2 compare call=1167 tokens=5 dim=4096 mode=primary-unsafe exact=no max=5.9604645e-08 rms=3.22983e-09 first_token=0 first_slot=1 first_idx=1 first_delta=9.3132257e-10 alt=0.0090159755 primary=0.0090159765 worst_token=3 worst_slot=0 worst_idx=657 worst_delta=5.9604645e-08 alt=0.27203763 primary=0.27203757
ds4: dspark grouped-q2 compare call=1168 tokens=5 dim=4096 mode=primary-unsafe exact=no max=5.9604645e-08 rms=4.3174042e-09 first_token=0 first_slot=1 first_idx=0 first_delta=3.7252903e-09 alt=-0.013879795 primary=-0.013879798 worst_token=0 worst_slot=2 worst_idx=390 worst_delta=5.9604645e-08 alt=-0.36897683 primary=-0.36897689
ds4: dspark grouped-q2 compare call=1169 tokens=5 dim=4096 mode=primary-unsafe exact=no max=1.1920929e-07 rms=6.0655929e-09 first_token=0 first_slot=0 first_idx=0 first_delta=2.9802322e-08 alt=-0.26097065 primary=-0.26097062 worst_token=2 worst_slot=0 worst_idx=734 worst_delta=1.1920929e-07 alt=-0.48017019 primary=-0.48017031
ds4: dspark grouped-q2 compare call=1170 tokens=5 dim=4096 mode=primary-unsafe exact=no max=1.0430813e-07 rms=8.0962019e-09 first_token=0 first_slot=0 first_idx=2 first_delta=1.4901161e-08 alt=0.093441904 primary=0.093441918 worst_token=0 worst_slot=1 worst_idx=956 worst_delta=1.0430813e-07 alt=-0.060046494 primary=-0.060046598
ds4: dspark grouped-q2 compare call=1171 tokens=5 dim=4096 mode=primary-unsafe exact=no max=4.4703484e-08 rms=3.6287948e-09 first_token=0 first_slot=3 first_idx=0 first_delta=2.7939677e-09 alt=0.01327154 primary=0.013271543 worst_token=1 worst_slot=2 worst_idx=3480 worst_delta=4.4703484e-08 alt=0.18847124 primary=0.1884712
ds4: dspark grouped-q2 compare call=1172 tokens=5 dim=4096 mode=primary-unsafe exact=no max=4.4703484e-08 rms=3.2312002e-09 first_token=0 first_slot=1 first_idx=2 first_delta=3.7252903e-09 alt=0.05405831 primary=0.054058313 worst_token=0 worst_slot=1 worst_idx=4056 worst_delta=4.4703484e-08 alt=0.19494314 primary=0.1949431
ds4: dspark grouped-q2 compare call=1173 tokens=5 dim=4096 mode=primary-unsafe exact=no max=8.9406967e-08 rms=4.5787396e-09 first_token=1 first_slot=0 first_idx=0 first_delta=3.7252903e-09 alt=-0.006342547 primary=-0.0063425433 worst_token=3 worst_slot=0 worst_idx=2533 worst_delta=8.9406967e-08 alt=-0.20981193 primary=-0.20981184
ds4: dspark grouped-q2 compare call=1174 tokens=5 dim=4096 mode=primary-unsafe exact=no max=8.9406967e-08 rms=5.4491434e-09 first_token=1 first_slot=0 first_idx=2 first_delta=7.4505806e-09 alt=0.065417819 primary=0.065417826 worst_token=3 worst_slot=0 worst_idx=2567 worst_delta=8.9406967e-08 alt=0.32570904 primary=0.32570913
ds4: dspark grouped-q2 compare call=1175 tokens=5 dim=4096 mode=primary-unsafe exact=no max=5.9604645e-08 rms=5.3975566e-09 first_token=0 first_slot=4 first_idx=0 first_delta=1.8626451e-09 alt=0.016116219 primary=0.016116221 worst_token=1 worst_slot=0 worst_idx=2605 worst_delta=5.9604645e-08 alt=0.28375405 primary=0.28375411
ds4: dspark grouped-q2 compare call=1176 tokens=5 dim=4096 mode=primary-unsafe exact=no max=7.2643161e-08 rms=5.2539626e-09 first_token=1 first_slot=1 first_idx=1 first_delta=2.7939677e-09 alt=0.0052913679 primary=0.0052913707 worst_token=2 worst_slot=0 worst_idx=3915 worst_delta=7.2643161e-08 alt=-0.026006548 primary=-0.02600662
ds4: dspark grouped-q2 compare call=1177 tokens=5 dim=4096 mode=primary-unsafe exact=no max=5.9604645e-08 rms=5.5235669e-09 first_token=1 first_slot=0 first_idx=2 first_delta=1.4901161e-08 alt=-0.21149446 primary=-0.21149448 worst_token=1 worst_slot=0 worst_idx=2518 worst_delta=5.9604645e-08 alt=-0.39137954 primary=-0.39137959
ds4: dspark grouped-q2 compare call=1178 tokens=5 dim=4096 mode=primary-unsafe exact=no max=7.4505806e-08 rms=6.9083197e-09 first_token=0 first_slot=0 first_idx=0 first_delta=1.4901161e-08 alt=0.0081691444 primary=0.0081691593 worst_token=0 worst_slot=0 worst_idx=164 worst_delta=7.4505806e-08 alt=0.059826177 primary=0.059826102
ds4: dspark grouped-q2 compare call=1179 tokens=5 dim=4096 mode=primary-unsafe exact=no max=1.1920929e-07 rms=6.9850832e-09 first_token=1 first_slot=0 first_idx=1 first_delta=7.4505806e-09 alt=0.059408247 primary=0.059408255 worst_token=2 worst_slot=0 worst_idx=2119 worst_delta=1.1920929e-07 alt=-0.31450206 primary=-0.31450218
ds4: dspark grouped-q2 compare call=1180 tokens=5 dim=4096 mode=primary-unsafe exact=no max=1.4901161e-07 rms=1.1498562e-08 first_token=0 first_slot=0 first_idx=2 first_delta=1.4901161e-08 alt=-0.20140703 primary=-0.20140702 worst_token=0 worst_slot=0 worst_idx=162 worst_delta=1.4901161e-07 alt=0.25009111 primary=0.25009096
ds4: dspark grouped-q2 compare call=1181 tokens=5 dim=4096 mode=primary-unsafe exact=no max=1.7881393e-07 rms=7.8463174e-09 first_token=0 first_slot=0 first_idx=0 first_delta=2.9802322e-08 alt=-0.43586364 primary=-0.43586361 worst_token=0 worst_slot=0 worst_idx=2750 worst_delta=1.7881393e-07 alt=-0.60817611 primary=-0.60817629
ds4: dspark grouped-q2 compare call=1182 tokens=5 dim=4096 mode=primary-unsafe exact=no max=1.1920929e-07 rms=1.2777226e-08 first_token=0 first_slot=3 first_idx=0 first_delta=7.4505806e-09 alt=0.10269006 primary=0.10269007 worst_token=1 worst_slot=1 worst_idx=1637 worst_delta=1.1920929e-07 alt=-0.53986859 primary=-0.53986847
ds4: dspark grouped-q2 compare call=1183 tokens=5 dim=4096 mode=primary-unsafe exact=no max=1.7881393e-07 rms=1.1262637e-08 first_token=1 first_slot=1 first_idx=0 first_delta=1.4901161e-08 alt=0.19584733 primary=0.19584735 worst_token=2 worst_slot=0 worst_idx=306 worst_delta=1.7881393e-07 alt=0.8213464 primary=0.82134622
ds4: dspark grouped-q2 compare call=1184 tokens=5 dim=4096 mode=primary-unsafe exact=no max=1.1920929e-07 rms=1.3205271e-08 first_token=0 first_slot=1 first_idx=0 first_delta=1.4901161e-08 alt=0.21232767 primary=0.21232769 worst_token=1 worst_slot=0 worst_idx=1115 worst_delta=1.1920929e-07 alt=-0.52614582 primary=-0.5261457
ds4: dspark grouped-q2 compare call=1185 tokens=5 dim=4096 mode=primary-unsafe exact=no max=8.9406967e-08 rms=8.528283e-09 first_token=1 first_slot=0 first_idx=0 first_delta=1.4901161e-08 alt=-0.18373065 primary=-0.18373063 worst_token=3 worst_slot=0 worst_idx=1717 worst_delta=8.9406967e-08 alt=-0.30268291 primary=-0.302683
ds4: dspark grouped-q2 compare call=1186 tokens=5 dim=4096 mode=primary-unsafe exact=no max=2.3841858e-07 rms=1.603361e-08 first_token=0 first_slot=4 first_idx=0 first_delta=1.4901161e-08 alt=-0.11298153 primary=-0.11298151 worst_token=3 worst_slot=0 worst_idx=547 worst_delta=2.3841858e-07 alt=-1.160902 primary=-1.1609018
ds4: dspark grouped-q2 compare call=1187 tokens=5 dim=4096 mode=primary-unsafe exact=no max=1.4901161e-07 rms=1.1479971e-08 first_token=0 first_slot=1 first_idx=1 first_delta=1.4901161e-08 alt=0.027223118 primary=0.027223133 worst_token=3 worst_slot=0 worst_idx=572 worst_delta=1.4901161e-07 alt=-0.22117072 primary=-0.22117057
ds4: dspark grouped-q2 compare call=1188 tokens=5 dim=4096 mode=primary-unsafe exact=no max=1.7881393e-07 rms=1.183537e-08 first_token=1 first_slot=0 first_idx=0 first_delta=1.4901161e-08 alt=-0.18013689 primary=-0.18013687 worst_token=3 worst_slot=0 worst_idx=1735 worst_delta=1.7881393e-07 alt=-0.51046294 primary=-0.51046312
ds4: dspark grouped-q2 compare call=1189 tokens=5 dim=4096 mode=primary-unsafe exact=no max=8.9406967e-08 rms=7.2735307e-09 first_token=1 first_slot=0 first_idx=2 first_delta=7.4505806e-09 alt=-0.089279279 primary=-0.089279272 worst_token=2 worst_slot=0 worst_idx=2949 worst_delta=8.9406967e-08 alt=-0.35182315 primary=-0.35182306
ds4: dspark grouped-q2 compare call=1190 tokens=5 dim=4096 mode=primary-unsafe exact=no max=1.2665987e-07 rms=1.470137e-08 first_token=0 first_slot=1 first_idx=1 first_delta=7.4505806e-09 alt=0.03037107 primary=0.030371062 worst_token=1 worst_slot=1 worst_idx=622 worst_delta=1.2665987e-07 alt=0.027085789 primary=0.027085662
ds4: dspark grouped-q2 compare call=1191 tokens=5 dim=4096 mode=primary-unsafe exact=no max=1.1920929e-07 rms=1.074513e-08 first_token=0 first_slot=4 first_idx=0 first_delta=7.4505806e-09 alt=-0.024679527 primary=-0.024679534 worst_token=1 worst_slot=1 worst_idx=969 worst_delta=1.1920929e-07 alt=-0.5410794 primary=-0.54107928
ds4: dspark grouped-q2 compare call=1192 tokens=5 dim=4096 mode=primary-unsafe exact=no max=2.3841858e-07 rms=1.4920584e-08 first_token=0 first_slot=1 first_idx=0 first_delta=5.9604645e-08 alt=0.12879524 primary=0.1287953 worst_token=0 worst_slot=1 worst_idx=1064 worst_delta=2.3841858e-07 alt=0.58996397 primary=0.58996373
ds4: dspark grouped-q2 compare call=1193 tokens=5 dim=4096 mode=primary-unsafe exact=no max=1.1920929e-07 rms=1.0253606e-08 first_token=0 first_slot=5 first_idx=0 first_delta=3.7252903e-09 alt=0.025946518 primary=0.025946515 worst_token=1 worst_slot=0 worst_idx=4001 worst_delta=1.1920929e-07 alt=0.52005637 primary=0.52005625
ds4: dspark grouped-q2 compare call=1194 tokens=5 dim=4096 mode=primary-unsafe exact=no max=2.3841858e-07 rms=1.6324028e-08 first_token=0 first_slot=4 first_idx=0 first_delta=1.4901161e-08 alt=0.04561232 primary=0.045612305 worst_token=2 worst_slot=0 worst_idx=195 worst_delta=2.3841858e-07 alt=-0.90884292 primary=-0.90884268
ds4: dspark grouped-q2 compare call=1195 tokens=5 dim=4096 mode=primary-unsafe exact=no max=2.3841858e-07 rms=1.6184728e-08 first_token=0 first_slot=3 first_idx=0 first_delta=7.4505806e-09 alt=0.051735349 primary=0.051735342 worst_token=3 worst_slot=0 worst_idx=2771 worst_delta=2.3841858e-07 alt=1.4493928 primary=1.4493926
ds4: dspark grouped-q2 compare call=1196 tokens=5 dim=4096 mode=primary-unsafe exact=no max=1.7881393e-07 rms=1.3167992e-08 first_token=0 first_slot=1 first_idx=0 first_delta=1.4901161e-08 alt=0.16218618 primary=0.16218619 worst_token=2 worst_slot=1 worst_idx=2135 worst_delta=1.7881393e-07 alt=-0.51455534 primary=-0.51455516
ds4: dspark grouped-q2 compare call=1197 tokens=5 dim=4096 mode=primary-unsafe exact=no max=2.3841858e-07 rms=8.9567482e-09 first_token=1 first_slot=1 first_idx=0 first_delta=7.4505806e-09 alt=0.072699703 primary=0.072699696 worst_token=4 worst_slot=0 worst_idx=3851 worst_delta=2.3841858e-07 alt=-1.0109673 primary=-1.0109675
ds4: dspark grouped-q2 compare call=1198 tokens=5 dim=4096 mode=primary-unsafe exact=no max=2.3841858e-07 rms=1.4440117e-08 first_token=0 first_slot=4 first_idx=0 first_delta=7.4505806e-09 alt=-0.033275392 primary=-0.033275399 worst_token=3 worst_slot=0 worst_idx=3222 worst_delta=2.3841858e-07 alt=-0.77432907 primary=-0.7743293
ds4: dspark grouped-q2 compare call=1199 tokens=5 dim=4096 mode=primary-unsafe exact=no max=2.3841858e-07 rms=1.5261412e-08 first_token=0 first_slot=0 first_idx=1 first_delta=1.4901161e-08 alt=-0.064267531 primary=-0.064267546 worst_token=3 worst_slot=1 worst_idx=834 worst_delta=2.3841858e-07 alt=1.0026383 primary=1.0026381
ds4: dspark grouped-q2 compare call=1200 tokens=5 dim=4096 mode=primary-unsafe exact=no max=1.7881393e-07 rms=1.4638813e-08 first_token=0 first_slot=2 first_idx=0 first_delta=7.4505806e-09 alt=-0.038371589 primary=-0.038371582 worst_token=3 worst_slot=0 worst_idx=2373 worst_delta=1.7881393e-07 alt=0.81184918 primary=0.81184936
ds4: dspark grouped-q2 compare call=1201 tokens=5 dim=4096 mode=primary-unsafe exact=no max=2.3841858e-07 rms=1.3950265e-08 first_token=1 first_slot=0 first_idx=3 first_delta=5.9604645e-08 alt=-0.18969038 primary=-0.18969032 worst_token=4 worst_slot=0 worst_idx=2380 worst_delta=2.3841858e-07 alt=-1.2606704 primary=-1.2606702
ds4: dspark grouped-q2 compare call=1202 tokens=5 dim=4096 mode=primary-unsafe exact=no max=2.3841858e-07 rms=1.9359925e-08 first_token=0 first_slot=2 first_idx=0 first_delta=1.4901161e-08 alt=0.21939313 primary=0.21939315 worst_token=1 worst_slot=0 worst_idx=314 worst_delta=2.3841858e-07 alt=-1.0720949 primary=-1.0720952
ds4: dspark grouped-q2 compare call=1203 tokens=5 dim=4096 mode=primary-unsafe exact=no max=2.3841858e-07 rms=2.0481526e-08 first_token=1 first_slot=0 first_idx=0 first_delta=8.9406967e-08 alt=-0.21722229 primary=-0.21722238 worst_token=1 worst_slot=0 worst_idx=2278 worst_delta=2.3841858e-07 alt=-1.2389865 primary=-1.2389863
ds4: dspark grouped-q2 compare call=1204 tokens=5 dim=4096 mode=primary-unsafe exact=no max=4.7683716e-07 rms=2.9078365e-08 first_token=1 first_slot=0 first_idx=1 first_delta=5.9604645e-08 alt=-0.3447566 primary=-0.34475666 worst_token=2 worst_slot=0 worst_idx=2018 worst_delta=4.7683716e-07 alt=3.5435362 primary=3.5435357
ds4: dspark grouped-q2 compare call=1291 tokens=5 dim=4096 mode=primary-unsafe exact=yes max=0 rms=0 first_token=0 first_slot=0 first_idx=0 first_delta=0 alt=-0.034779247 primary=-0.034779247 worst_token=0 worst_slot=0 worst_idx=0 worst_delta=0 alt=-0.034779247 primary=-0.034779247
ds4: dspark grouped-q2 compare call=1292 tokens=5 dim=4096 mode=primary-unsafe exact=no max=2.9802322e-08 rms=1.443491e-09 first_token=0 first_slot=5 first_idx=0 first_delta=3.7252903e-09 alt=-0.018456269 primary=-0.018456265 worst_token=3 worst_slot=2 worst_idx=313 worst_delta=2.9802322e-08 alt=-0.1549294 primary=-0.15492937
ds4: dspark grouped-q2 compare call=1293 tokens=5 dim=4096 mode=primary-unsafe exact=yes max=0 rms=0 first_token=0 first_slot=0 first_idx=0 first_delta=0 alt=-0.073231734 primary=-0.073231734 worst_token=0 worst_slot=0 worst_idx=0 worst_delta=0 alt=-0.073231734 primary=-0.073231734
ds4: ----------------------------------------
ds4: prefill: 6.28 t/s, generation: 25.46 t/s (160 tokens in 6.284s)
ds4: dspark acceptance: 68.0% (123/181 draft tokens)
ds4: dspark acceptance by position: 1=30/37 2=28/36 3=27/36 4=21/36 5=17/36
ds4: dspark avg scheduled: 4.89 draft tokens/block (37 blocks)
