ds4: context buffers 881.95 MiB (ctx=10000, backend=metal, prefill_chunk=1024, raw_kv_rows=8704, compressed_kv_rows=2502)
ds4: Flash-MoE sidecar loaded: /Users/anemll/Models/flash/dsv4-iq2xxs-expert-major (slot-bank=96, expert-record 6.75 MiB)
ds4: Metal device Apple M5 Max, 128.00 GiB RAM
ds4: Flash-MoE using mmap-backed dense/shared weights without full-model Metal residency warmup
ds4: Metal model views created in 0.252 ms, residency requested in 0.001 ms, warmup 0.000 ms (mapped 8393.67 MiB from offset 5.06 MiB)
ds4: Metal mapped mmaped model as 1 overlapping shared buffers
ds4: metal backend initialized for graph diagnostics
ds4: prefill routed-MoE (requested): mul_mm_id (grouped GPU / ALU)  [grouped path]
ds4: prefill quant scales (ANE env first): w_qscale=512 x_qscale=32 mid_qscale=32 w_scale=0.00195312 x_scale=0.03125 mid_scale=0.03125
ds4: prefill ctx-grow: on, block=2048 tokens
ds4: prefill chunk cap: 1024, graph_raw_cap=8704
ds4: Flash-MoE slot banks allocated: layers=43 slots=96 gpu-bank=27864.00 MiB
ds4: prefill compute: routed experts = ANE i8i8 (W8A8) | dense proj = fp16-NAX (half x half)
ds4: prefill I/O: io-split=4 async-pread=on pread-threads=4 readahead=12 bank-prefetch=3 xlayer=auto<=6k-tok topk=48
ds4: decode  I/O: io-split=4 temporal-prefetch=on slots=96
ds4: Flash-MoE banked kernels using M5 simdgroup_matrix fast path (prefetch=3, banks=4)
ds4: prefill chunk cap EFFECTIVE=1024 tokens (DS4_METAL_PREFILL_CHUNK=1024) (resident-NAX tiles this by scratch_cap; that tile gates the sync bridge)
ds4: ANE i8w-i8x-tiled-fused cached async prefill B=256 H=4096 I=2048 w_scale=0.00195312 x_scale=0.03125 mid_scale=0.03125
processing 8423 input tokens: 0/8423 (0.0%) batch=0.00 t/s avg=0.00 t/s
ds4: Flash-MoE prefill layer=0 tokens=1024 unique=256 refs=6144 sync=31.223 ms plan=0.509 ms stage/compute=153.372 ms misses=256
ds4: Flash-MoE hybrid prefill layer=0 ane_groups=0 ane_refs=0 gpu_i8_groups=0 gpu_i8_refs=0 fp32_groups=0 ane_min_refs=512 concurrent=1 ane_pipeline=1 output_queue=4 async_ane=0 gpu_overlap=0 finishes=0 waits=0
ds4: Flash-MoE overlap plan layer=0 exec_groups=256 planned_ane_groups=0 planned_ane_refs=0 planned_gpu_groups=256 planned_gpu_refs=6144 tail_gpu_groups=0 tail_gpu_refs=0 planned_ssd_groups=256 est_gpu=22528.0 est_ane=0.0 est_idle=100.00% wall=152.150 ms actual_ane_groups=0 actual_ane_refs=0 actual_gpu_groups=0 actual_gpu_refs=0 finishes=0 waits=0 overlap_gpu_groups=0
ds4: gpu chunked prefill pos=0 tokens=1024 layer 0 encode=187.023 ms execute=5.251 ms
ds4: Flash-MoE prefill layer=1 tokens=1024 unique=256 refs=6144 sync=12.233 ms plan=0.322 ms stage/compute=146.797 ms misses=256
ds4: Flash-MoE hybrid prefill layer=1 ane_groups=0 ane_refs=0 gpu_i8_groups=0 gpu_i8_refs=0 fp32_groups=0 ane_min_refs=512 concurrent=1 ane_pipeline=1 output_queue=4 async_ane=0 gpu_overlap=0 finishes=0 waits=0
ds4: Flash-MoE overlap plan layer=1 exec_groups=256 planned_ane_groups=0 planned_ane_refs=0 planned_gpu_groups=256 planned_gpu_refs=6144 tail_gpu_groups=0 tail_gpu_refs=0 planned_ssd_groups=256 est_gpu=22528.0 est_ane=0.0 est_idle=100.00% wall=146.403 ms actual_ane_groups=0 actual_ane_refs=0 actual_gpu_groups=0 actual_gpu_refs=0 finishes=0 waits=0 overlap_gpu_groups=0
ds4: gpu chunked prefill pos=0 tokens=1024 layer 1 encode=159.910 ms execute=2.617 ms
ds4: Flash-MoE prefill layer=2 tokens=1024 unique=256 refs=6144 sync=22.077 ms plan=0.352 ms stage/compute=147.940 ms misses=256
ds4: Flash-MoE hybrid prefill layer=2 ane_groups=0 ane_refs=0 gpu_i8_groups=0 gpu_i8_refs=0 fp32_groups=0 ane_min_refs=512 concurrent=1 ane_pipeline=1 output_queue=4 async_ane=0 gpu_overlap=0 finishes=0 waits=0
ds4: Flash-MoE overlap plan layer=2 exec_groups=256 planned_ane_groups=0 planned_ane_refs=0 planned_gpu_groups=256 planned_gpu_refs=6144 tail_gpu_groups=0 tail_gpu_refs=0 planned_ssd_groups=256 est_gpu=22528.0 est_ane=0.0 est_idle=100.00% wall=147.534 ms actual_ane_groups=0 actual_ane_refs=0 actual_gpu_groups=0 actual_gpu_refs=0 finishes=0 waits=0 overlap_gpu_groups=0
ds4: gpu chunked prefill pos=0 tokens=1024 layer 2 encode=171.579 ms execute=2.606 ms
ds4: Flash-MoE prefill layer=3 tokens=1024 unique=232 refs=6144 sync=14.708 ms plan=0.297 ms stage/compute=118.945 ms misses=232
ds4: Flash-MoE hybrid prefill layer=3 ane_groups=1 ane_refs=716 gpu_i8_groups=0 gpu_i8_refs=0 fp32_groups=0 ane_min_refs=512 concurrent=1 ane_pipeline=1 output_queue=4 async_ane=1 gpu_overlap=231 finishes=1 waits=2
ds4: Flash-MoE overlap plan layer=3 exec_groups=232 planned_ane_groups=1 planned_ane_refs=716 planned_gpu_groups=231 planned_gpu_refs=5428 tail_gpu_groups=0 tail_gpu_refs=0 planned_ssd_groups=232 est_gpu=20212.0 est_ane=167.8 est_idle=99.17% wall=118.581 ms actual_ane_groups=1 actual_ane_refs=716 actual_gpu_groups=0 actual_gpu_refs=0 finishes=1 waits=2 overlap_gpu_groups=231
ds4: Flash-MoE async pread canceled queued=0 reading=0 ready=5 finished=0
ds4: gpu chunked prefill pos=0 tokens=1024 layer 3 encode=134.896 ms execute=2.733 ms
ds4: Flash-MoE prefill layer=4 tokens=1024 unique=201 refs=6144 sync=20.313 ms plan=0.299 ms stage/compute=104.917 ms misses=201
ds4: Flash-MoE hybrid prefill layer=4 ane_groups=1 ane_refs=521 gpu_i8_groups=0 gpu_i8_refs=0 fp32_groups=0 ane_min_refs=512 concurrent=1 ane_pipeline=1 output_queue=4 async_ane=1 gpu_overlap=200 finishes=1 waits=2
ds4: Flash-MoE overlap plan layer=4 exec_groups=201 planned_ane_groups=1 planned_ane_refs=521 planned_gpu_groups=200 planned_gpu_refs=5623 tail_gpu_groups=0 tail_gpu_refs=0 planned_ssd_groups=201 est_gpu=18423.0 est_ane=167.8 est_idle=99.09% wall=104.568 ms actual_ane_groups=1 actual_ane_refs=521 actual_gpu_groups=0 actual_gpu_refs=0 finishes=1 waits=2 overlap_gpu_groups=200
ds4: Flash-MoE async pread canceled queued=0 reading=0 ready=18 finished=0
ds4: gpu chunked prefill pos=0 tokens=1024 layer 4 encode=126.326 ms execute=2.606 ms
ds4: Flash-MoE prefill layer=5 tokens=1024 unique=229 refs=6144 sync=14.658 ms plan=0.304 ms stage/compute=115.084 ms misses=229
ds4: Flash-MoE hybrid prefill layer=5 ane_groups=1 ane_refs=844 gpu_i8_groups=0 gpu_i8_refs=0 fp32_groups=0 ane_min_refs=512 concurrent=1 ane_pipeline=1 output_queue=4 async_ane=1 gpu_overlap=228 finishes=1 waits=2
ds4: Flash-MoE overlap plan layer=5 exec_groups=229 planned_ane_groups=1 planned_ane_refs=844 planned_gpu_groups=228 planned_gpu_refs=5300 tail_gpu_groups=0 tail_gpu_refs=0 planned_ssd_groups=229 est_gpu=19892.0 est_ane=170.3 est_idle=99.14% wall=114.722 ms actual_ane_groups=1 actual_ane_refs=844 actual_gpu_groups=0 actual_gpu_refs=0 finishes=1 waits=2 overlap_gpu_groups=228
ds4: Flash-MoE async pread canceled queued=0 reading=0 ready=25 finished=0
ds4: gpu chunked prefill pos=0 tokens=1024 layer 5 encode=130.589 ms execute=2.765 ms
ds4: Flash-MoE prefill layer=6 tokens=1024 unique=219 refs=6144 sync=20.956 ms plan=0.343 ms stage/compute=112.649 ms misses=219
ds4: Flash-MoE hybrid prefill layer=6 ane_groups=1 ane_refs=584 gpu_i8_groups=0 gpu_i8_refs=0 fp32_groups=0 ane_min_refs=512 concurrent=1 ane_pipeline=1 output_queue=4 async_ane=1 gpu_overlap=218 finishes=1 waits=2
ds4: Flash-MoE overlap plan layer=6 exec_groups=219 planned_ane_groups=1 planned_ane_refs=584 planned_gpu_groups=218 planned_gpu_refs=5560 tail_gpu_groups=0 tail_gpu_refs=0 planned_ssd_groups=219 est_gpu=19512.0 est_ane=167.8 est_idle=99.14% wall=112.298 ms actual_ane_groups=1 actual_ane_refs=584 actual_gpu_groups=0 actual_gpu_refs=0 finishes=1 waits=2 overlap_gpu_groups=218
ds4: Flash-MoE async pread canceled queued=0 reading=0 ready=32 finished=0
ds4: gpu chunked prefill pos=0 tokens=1024 layer 6 encode=134.611 ms execute=2.532 ms
ds4: Flash-MoE prefill layer=7 tokens=1024 unique=218 refs=6144 sync=14.359 ms plan=0.335 ms stage/compute=102.692 ms misses=218
ds4: Flash-MoE hybrid prefill layer=7 ane_groups=2 ane_refs=1539 gpu_i8_groups=0 gpu_i8_refs=0 fp32_groups=0 ane_min_refs=512 concurrent=1 ane_pipeline=1 output_queue=4 async_ane=2 gpu_overlap=216 finishes=2 waits=4
ds4: Flash-MoE overlap plan layer=7 exec_groups=218 planned_ane_groups=2 planned_ane_refs=1539 planned_gpu_groups=216 planned_gpu_refs=4605 tail_gpu_groups=0 tail_gpu_refs=0 planned_ssd_groups=218 est_gpu=18429.0 est_ane=338.1 est_idle=98.17% wall=102.342 ms actual_ane_groups=2 actual_ane_refs=1539 actual_gpu_groups=0 actual_gpu_refs=0 finishes=2 waits=4 overlap_gpu_groups=216
ds4: Flash-MoE async pread canceled queued=0 reading=0 ready=37 finished=0
ds4: gpu chunked prefill pos=0 tokens=1024 layer 7 encode=117.931 ms execute=2.707 ms
ds4: Flash-MoE prefill layer=8 tokens=1024 unique=210 refs=6144 sync=20.404 ms plan=0.341 ms stage/compute=102.054 ms misses=210
ds4: Flash-MoE hybrid prefill layer=8 ane_groups=2 ane_refs=1418 gpu_i8_groups=0 gpu_i8_refs=0 fp32_groups=0 ane_min_refs=512 concurrent=1 ane_pipeline=1 output_queue=4 async_ane=2 gpu_overlap=208 finishes=2 waits=4
ds4: Flash-MoE overlap plan layer=8 exec_groups=210 planned_ane_groups=2 planned_ane_refs=1418 planned_gpu_groups=208 planned_gpu_refs=4726 tail_gpu_groups=0 tail_gpu_refs=0 planned_ssd_groups=210 est_gpu=18038.0 est_ane=335.5 est_idle=98.14% wall=101.705 ms actual_ane_groups=2 actual_ane_refs=1418 actual_gpu_groups=0 actual_gpu_refs=0 finishes=2 waits=4 overlap_gpu_groups=208
ds4: Flash-MoE async pread canceled queued=0 reading=0 ready=46 finished=0
ds4: gpu chunked prefill pos=0 tokens=1024 layer 8 encode=123.468 ms execute=2.553 ms
ds4: Flash-MoE prefill layer=9 tokens=1024 unique=234 refs=6144 sync=14.468 ms plan=0.376 ms stage/compute=113.803 ms misses=234
ds4: Flash-MoE hybrid prefill layer=9 ane_groups=1 ane_refs=633 gpu_i8_groups=0 gpu_i8_refs=0 fp32_groups=0 ane_min_refs=512 concurrent=1 ane_pipeline=1 output_queue=4 async_ane=1 gpu_overlap=233 finishes=1 waits=2
ds4: Flash-MoE overlap plan layer=9 exec_groups=234 planned_ane_groups=1 planned_ane_refs=633 planned_gpu_groups=233 planned_gpu_refs=5511 tail_gpu_groups=0 tail_gpu_refs=0 planned_ssd_groups=234 est_gpu=20423.0 est_ane=167.8 est_idle=99.18% wall=113.440 ms actual_ane_groups=1 actual_ane_refs=633 actual_gpu_groups=0 actual_gpu_refs=0 finishes=1 waits=2 overlap_gpu_groups=233
ds4: Flash-MoE async pread canceled queued=0 reading=0 ready=50 finished=0
ds4: gpu chunked prefill pos=0 tokens=1024 layer 9 encode=129.180 ms execute=2.522 ms
ds4: Flash-MoE prefill layer=10 tokens=1024 unique=211 refs=6144 sync=20.570 ms plan=0.304 ms stage/compute=110.285 ms misses=211
ds4: Flash-MoE hybrid prefill layer=10 ane_groups=0 ane_refs=0 gpu_i8_groups=0 gpu_i8_refs=0 fp32_groups=0 ane_min_refs=512 concurrent=1 ane_pipeline=1 output_queue=4 async_ane=0 gpu_overlap=0 finishes=0 waits=0
ds4: Flash-MoE overlap plan layer=10 exec_groups=211 planned_ane_groups=0 planned_ane_refs=0 planned_gpu_groups=211 planned_gpu_refs=6144 tail_gpu_groups=0 tail_gpu_refs=0 planned_ssd_groups=211 est_gpu=19648.0 est_ane=0.0 est_idle=100.00% wall=109.936 ms actual_ane_groups=0 actual_ane_refs=0 actual_gpu_groups=0 actual_gpu_refs=0 finishes=0 waits=0 overlap_gpu_groups=0
ds4: Flash-MoE async pread canceled queued=0 reading=0 ready=59 finished=0
ds4: gpu chunked prefill pos=0 tokens=1024 layer 10 encode=131.873 ms execute=2.545 ms
ds4: Flash-MoE prefill layer=11 tokens=1024 unique=227 refs=6144 sync=14.513 ms plan=0.279 ms stage/compute=109.159 ms misses=227
ds4: Flash-MoE hybrid prefill layer=11 ane_groups=1 ane_refs=697 gpu_i8_groups=0 gpu_i8_refs=0 fp32_groups=0 ane_min_refs=512 concurrent=1 ane_pipeline=1 output_queue=4 async_ane=1 gpu_overlap=226 finishes=1 waits=2
ds4: Flash-MoE overlap plan layer=11 exec_groups=227 planned_ane_groups=1 planned_ane_refs=697 planned_gpu_groups=226 planned_gpu_refs=5447 tail_gpu_groups=0 tail_gpu_refs=0 planned_ssd_groups=227 est_gpu=19911.0 est_ane=167.8 est_idle=99.16% wall=108.793 ms actual_ane_groups=1 actual_ane_refs=697 actual_gpu_groups=0 actual_gpu_refs=0 finishes=1 waits=2 overlap_gpu_groups=226
ds4: Flash-MoE async pread canceled queued=0 reading=0 ready=66 finished=0
ds4: gpu chunked prefill pos=0 tokens=1024 layer 11 encode=124.416 ms execute=2.520 ms
ds4: Flash-MoE prefill layer=12 tokens=1024 unique=195 refs=6144 sync=20.256 ms plan=0.378 ms stage/compute=98.436 ms misses=195
ds4: Flash-MoE hybrid prefill layer=12 ane_groups=1 ane_refs=542 gpu_i8_groups=0 gpu_i8_refs=0 fp32_groups=0 ane_min_refs=512 concurrent=1 ane_pipeline=1 output_queue=4 async_ane=1 gpu_overlap=194 finishes=1 waits=2
ds4: Flash-MoE overlap plan layer=12 exec_groups=195 planned_ane_groups=1 planned_ane_refs=542 planned_gpu_groups=194 planned_gpu_refs=5602 tail_gpu_groups=0 tail_gpu_refs=0 planned_ssd_groups=195 est_gpu=18018.0 est_ane=167.8 est_idle=99.07% wall=98.108 ms actual_ane_groups=1 actual_ane_refs=542 actual_gpu_groups=0 actual_gpu_refs=0 finishes=1 waits=2 overlap_gpu_groups=194
ds4: Flash-MoE async pread canceled queued=0 reading=0 ready=78 finished=0
ds4: gpu chunked prefill pos=0 tokens=1024 layer 12 encode=119.738 ms execute=2.534 ms
ds4: Flash-MoE prefill layer=13 tokens=1024 unique=209 refs=6144 sync=14.850 ms plan=0.343 ms stage/compute=100.243 ms misses=209
ds4: Flash-MoE hybrid prefill layer=13 ane_groups=2 ane_refs=1201 gpu_i8_groups=0 gpu_i8_refs=0 fp32_groups=0 ane_min_refs=512 concurrent=1 ane_pipeline=1 output_queue=4 async_ane=2 gpu_overlap=207 finishes=2 waits=4
ds4: Flash-MoE overlap plan layer=13 exec_groups=209 planned_ane_groups=2 planned_ane_refs=1201 planned_gpu_groups=207 planned_gpu_refs=4943 tail_gpu_groups=0 tail_gpu_refs=0 planned_ssd_groups=209 est_gpu=18191.0 est_ane=335.5 est_idle=98.16% wall=99.895 ms actual_ane_groups=2 actual_ane_refs=1201 actual_gpu_groups=0 actual_gpu_refs=0 finishes=2 waits=4 overlap_gpu_groups=207
ds4: Flash-MoE async pread canceled queued=0 reading=0 ready=84 finished=0
ds4: gpu chunked prefill pos=0 tokens=1024 layer 13 encode=116.559 ms execute=2.538 ms
ds4: Flash-MoE prefill layer=14 tokens=1024 unique=200 refs=6144 sync=20.407 ms plan=0.265 ms stage/compute=98.353 ms misses=200
ds4: Flash-MoE hybrid prefill layer=14 ane_groups=1 ane_refs=541 gpu_i8_groups=0 gpu_i8_refs=0 fp32_groups=0 ane_min_refs=512 concurrent=1 ane_pipeline=1 output_queue=4 async_ane=1 gpu_overlap=199 finishes=1 waits=2
ds4: Flash-MoE overlap plan layer=14 exec_groups=200 planned_ane_groups=1 planned_ane_refs=541 planned_gpu_groups=199 planned_gpu_refs=5603 tail_gpu_groups=0 tail_gpu_refs=0 planned_ssd_groups=200 est_gpu=18339.0 est_ane=167.8 est_idle=99.09% wall=98.014 ms actual_ane_groups=1 actual_ane_refs=541 actual_gpu_groups=0 actual_gpu_refs=0 finishes=1 waits=2 overlap_gpu_groups=199
ds4: Flash-MoE async pread canceled queued=0 reading=0 ready=98 finished=0
ds4: gpu chunked prefill pos=0 tokens=1024 layer 14 encode=119.618 ms execute=2.558 ms
ds4: Flash-MoE prefill layer=15 tokens=1024 unique=204 refs=6144 sync=14.510 ms plan=0.281 ms stage/compute=105.520 ms misses=204
ds4: Flash-MoE hybrid prefill layer=15 ane_groups=0 ane_refs=0 gpu_i8_groups=0 gpu_i8_refs=0 fp32_groups=0 ane_min_refs=512 concurrent=1 ane_pipeline=1 output_queue=4 async_ane=0 gpu_overlap=0 finishes=0 waits=0
ds4: Flash-MoE overlap plan layer=15 exec_groups=204 planned_ane_groups=0 planned_ane_refs=0 planned_gpu_groups=204 planned_gpu_refs=6144 tail_gpu_groups=0 tail_gpu_refs=0 planned_ssd_groups=204 est_gpu=19200.0 est_ane=0.0 est_idle=100.00% wall=105.188 ms actual_ane_groups=0 actual_ane_refs=0 actual_gpu_groups=0 actual_gpu_refs=0 finishes=0 waits=0 overlap_gpu_groups=0
ds4: Flash-MoE async pread canceled queued=0 reading=0 ready=108 finished=0
ds4: gpu chunked prefill pos=0 tokens=1024 layer 15 encode=120.808 ms execute=2.574 ms
ds4: Flash-MoE prefill layer=16 tokens=1024 unique=201 refs=6144 sync=20.444 ms plan=0.317 ms stage/compute=106.168 ms misses=201
ds4: Flash-MoE hybrid prefill layer=16 ane_groups=0 ane_refs=0 gpu_i8_groups=0 gpu_i8_refs=0 fp32_groups=0 ane_min_refs=512 concurrent=1 ane_pipeline=1 output_queue=4 async_ane=0 gpu_overlap=0 finishes=0 waits=0
ds4: Flash-MoE overlap plan layer=16 exec_groups=201 planned_ane_groups=0 planned_ane_refs=0 planned_gpu_groups=201 planned_gpu_refs=6144 tail_gpu_groups=0 tail_gpu_refs=0 planned_ssd_groups=201 est_gpu=19008.0 est_ane=0.0 est_idle=100.00% wall=105.829 ms actual_ane_groups=0 actual_ane_refs=0 actual_gpu_groups=0 actual_gpu_refs=0 finishes=0 waits=0 overlap_gpu_groups=0
ds4: Flash-MoE async pread canceled queued=0 reading=0 ready=116 finished=0
ds4: gpu chunked prefill pos=0 tokens=1024 layer 16 encode=127.609 ms execute=2.557 ms
ds4: Flash-MoE prefill layer=17 tokens=1024 unique=207 refs=6144 sync=14.503 ms plan=0.381 ms stage/compute=106.053 ms misses=207
ds4: Flash-MoE hybrid prefill layer=17 ane_groups=1 ane_refs=669 gpu_i8_groups=0 gpu_i8_refs=0 fp32_groups=0 ane_min_refs=512 concurrent=1 ane_pipeline=1 output_queue=4 async_ane=1 gpu_overlap=206 finishes=1 waits=2
ds4: Flash-MoE overlap plan layer=17 exec_groups=207 planned_ane_groups=1 planned_ane_refs=669 planned_gpu_groups=206 planned_gpu_refs=5475 tail_gpu_groups=0 tail_gpu_refs=0 planned_ssd_groups=207 est_gpu=18659.0 est_ane=167.8 est_idle=99.10% wall=105.715 ms actual_ane_groups=1 actual_ane_refs=669 actual_gpu_groups=0 actual_gpu_refs=0 finishes=1 waits=2 overlap_gpu_groups=206
ds4: Flash-MoE async pread canceled queued=0 reading=0 ready=121 finished=0
ds4: gpu chunked prefill pos=0 tokens=1024 layer 17 encode=121.437 ms execute=2.555 ms
ds4: Flash-MoE prefill layer=18 tokens=1024 unique=192 refs=6144 sync=20.427 ms plan=0.303 ms stage/compute=100.328 ms misses=192
ds4: Flash-MoE hybrid prefill layer=18 ane_groups=1 ane_refs=680 gpu_i8_groups=0 gpu_i8_refs=0 fp32_groups=0 ane_min_refs=512 concurrent=1 ane_pipeline=1 output_queue=4 async_ane=1 gpu_overlap=191 finishes=1 waits=2
ds4: Flash-MoE overlap plan layer=18 exec_groups=192 planned_ane_groups=1 planned_ane_refs=680 planned_gpu_groups=191 planned_gpu_refs=5464 tail_gpu_groups=0 tail_gpu_refs=0 planned_ssd_groups=192 est_gpu=17688.0 est_ane=167.8 est_idle=99.05% wall=99.998 ms actual_ane_groups=1 actual_ane_refs=680 actual_gpu_groups=0 actual_gpu_refs=0 finishes=1 waits=2 overlap_gpu_groups=191
ds4: Flash-MoE async pread canceled queued=0 reading=0 ready=136 finished=0
ds4: gpu chunked prefill pos=0 tokens=1024 layer 18 encode=121.689 ms execute=2.585 ms
ds4: Flash-MoE prefill layer=19 tokens=1024 unique=218 refs=6144 sync=14.552 ms plan=0.356 ms stage/compute=114.026 ms misses=218
ds4: Flash-MoE hybrid prefill layer=19 ane_groups=0 ane_refs=0 gpu_i8_groups=0 gpu_i8_refs=0 fp32_groups=0 ane_min_refs=512 concurrent=1 ane_pipeline=1 output_queue=4 async_ane=0 gpu_overlap=0 finishes=0 waits=0
ds4: Flash-MoE overlap plan layer=19 exec_groups=218 planned_ane_groups=0 planned_ane_refs=0 planned_gpu_groups=218 planned_gpu_refs=6144 tail_gpu_groups=0 tail_gpu_refs=0 planned_ssd_groups=218 est_gpu=20096.0 est_ane=0.0 est_idle=100.00% wall=113.681 ms actual_ane_groups=0 actual_ane_refs=0 actual_gpu_groups=0 actual_gpu_refs=0 finishes=0 waits=0 overlap_gpu_groups=0
ds4: Flash-MoE async pread canceled queued=0 reading=0 ready=144 finished=0
ds4: gpu chunked prefill pos=0 tokens=1024 layer 19 encode=129.579 ms execute=2.603 ms
ds4: Flash-MoE prefill layer=20 tokens=1024 unique=207 refs=6144 sync=20.309 ms plan=0.320 ms stage/compute=108.943 ms misses=207
ds4: Flash-MoE hybrid prefill layer=20 ane_groups=0 ane_refs=0 gpu_i8_groups=0 gpu_i8_refs=0 fp32_groups=0 ane_min_refs=512 concurrent=1 ane_pipeline=1 output_queue=4 async_ane=0 gpu_overlap=0 finishes=0 waits=0
ds4: Flash-MoE overlap plan layer=20 exec_groups=207 planned_ane_groups=0 planned_ane_refs=0 planned_gpu_groups=207 planned_gpu_refs=6144 tail_gpu_groups=0 tail_gpu_refs=0 planned_ssd_groups=207 est_gpu=19392.0 est_ane=0.0 est_idle=100.00% wall=108.598 ms actual_ane_groups=0 actual_ane_refs=0 actual_gpu_groups=0 actual_gpu_refs=0 finishes=0 waits=0 overlap_gpu_groups=0
ds4: Flash-MoE async pread canceled queued=0 reading=0 ready=151 finished=0
ds4: gpu chunked prefill pos=0 tokens=1024 layer 20 encode=130.153 ms execute=2.628 ms
ds4: Flash-MoE prefill layer=21 tokens=1024 unique=201 refs=6144 sync=14.578 ms plan=0.360 ms stage/compute=106.425 ms misses=201
ds4: Flash-MoE hybrid prefill layer=21 ane_groups=0 ane_refs=0 gpu_i8_groups=0 gpu_i8_refs=0 fp32_groups=0 ane_min_refs=512 concurrent=1 ane_pipeline=1 output_queue=4 async_ane=0 gpu_overlap=0 finishes=0 waits=0
ds4: Flash-MoE overlap plan layer=21 exec_groups=201 planned_ane_groups=0 planned_ane_refs=0 planned_gpu_groups=201 planned_gpu_refs=6144 tail_gpu_groups=0 tail_gpu_refs=0 planned_ssd_groups=201 est_gpu=19008.0 est_ane=0.0 est_idle=100.00% wall=106.096 ms actual_ane_groups=0 actual_ane_refs=0 actual_gpu_groups=0 actual_gpu_refs=0 finishes=0 waits=0 overlap_gpu_groups=0
ds4: Flash-MoE async pread canceled queued=0 reading=0 ready=166 finished=0
ds4: gpu chunked prefill pos=0 tokens=1024 layer 21 encode=121.913 ms execute=2.579 ms
ds4: Flash-MoE prefill layer=22 tokens=1024 unique=219 refs=6144 sync=20.390 ms plan=0.309 ms stage/compute=109.899 ms misses=219
ds4: Flash-MoE hybrid prefill layer=22 ane_groups=1 ane_refs=678 gpu_i8_groups=0 gpu_i8_refs=0 fp32_groups=0 ane_min_refs=512 concurrent=1 ane_pipeline=1 output_queue=4 async_ane=1 gpu_overlap=218 finishes=1 waits=2
ds4: Flash-MoE overlap plan layer=22 exec_groups=219 planned_ane_groups=1 planned_ane_refs=678 planned_gpu_groups=218 planned_gpu_refs=5466 tail_gpu_groups=0 tail_gpu_refs=0 planned_ssd_groups=219 est_gpu=19418.0 est_ane=167.8 est_idle=99.14% wall=109.537 ms actual_ane_groups=1 actual_ane_refs=678 actual_gpu_groups=0 actual_gpu_refs=0 finishes=1 waits=2 overlap_gpu_groups=218
ds4: Flash-MoE async pread canceled queued=0 reading=0 ready=172 finished=0
ds4: gpu chunked prefill pos=0 tokens=1024 layer 22 encode=131.248 ms execute=2.519 ms
ds4: Flash-MoE prefill layer=23 tokens=1024 unique=218 refs=6144 sync=14.505 ms plan=0.305 ms stage/compute=113.017 ms misses=218
ds4: Flash-MoE hybrid prefill layer=23 ane_groups=0 ane_refs=0 gpu_i8_groups=0 gpu_i8_refs=0 fp32_groups=0 ane_min_refs=512 concurrent=1 ane_pipeline=1 output_queue=4 async_ane=0 gpu_overlap=0 finishes=0 waits=0
ds4: Flash-MoE overlap plan layer=23 exec_groups=218 planned_ane_groups=0 planned_ane_refs=0 planned_gpu_groups=218 planned_gpu_refs=6144 tail_gpu_groups=0 tail_gpu_refs=0 planned_ssd_groups=218 est_gpu=20096.0 est_ane=0.0 est_idle=100.00% wall=112.670 ms actual_ane_groups=0 actual_ane_refs=0 actual_gpu_groups=0 actual_gpu_refs=0 finishes=0 waits=0 overlap_gpu_groups=0
ds4: Flash-MoE async pread canceled queued=0 reading=0 ready=178 finished=0
ds4: gpu chunked prefill pos=0 tokens=1024 layer 23 encode=128.365 ms execute=2.537 ms
ds4: Flash-MoE prefill layer=24 tokens=1024 unique=194 refs=6144 sync=20.819 ms plan=0.305 ms stage/compute=101.609 ms misses=194
ds4: Flash-MoE hybrid prefill layer=24 ane_groups=1 ane_refs=634 gpu_i8_groups=0 gpu_i8_refs=0 fp32_groups=0 ane_min_refs=512 concurrent=1 ane_pipeline=1 output_queue=4 async_ane=1 gpu_overlap=193 finishes=1 waits=2
ds4: Flash-MoE overlap plan layer=24 exec_groups=194 planned_ane_groups=1 planned_ane_refs=634 planned_gpu_groups=193 planned_gpu_refs=5510 tail_gpu_groups=0 tail_gpu_refs=0 planned_ssd_groups=194 est_gpu=17862.0 est_ane=167.8 est_idle=99.06% wall=101.277 ms actual_ane_groups=1 actual_ane_refs=634 actual_gpu_groups=0 actual_gpu_refs=0 finishes=1 waits=2 overlap_gpu_groups=193
ds4: Flash-MoE async pread canceled queued=0 reading=0 ready=183 finished=0
ds4: gpu chunked prefill pos=0 tokens=1024 layer 24 encode=123.434 ms execute=2.508 ms
ds4: Flash-MoE prefill layer=25 tokens=1024 unique=217 refs=6144 sync=14.375 ms plan=0.301 ms stage/compute=110.041 ms misses=217
ds4: Flash-MoE hybrid prefill layer=25 ane_groups=1 ane_refs=766 gpu_i8_groups=0 gpu_i8_refs=0 fp32_groups=0 ane_min_refs=512 concurrent=1 ane_pipeline=1 output_queue=4 async_ane=1 gpu_overlap=216 finishes=1 waits=2
ds4: Flash-MoE overlap plan layer=25 exec_groups=217 planned_ane_groups=1 planned_ane_refs=766 planned_gpu_groups=216 planned_gpu_refs=5378 tail_gpu_groups=0 tail_gpu_refs=0 planned_ssd_groups=217 est_gpu=19202.0 est_ane=167.8 est_idle=99.13% wall=109.695 ms actual_ane_groups=1 actual_ane_refs=766 actual_gpu_groups=0 actual_gpu_refs=0 finishes=1 waits=2 overlap_gpu_groups=216
ds4: Flash-MoE async pread canceled queued=0 reading=0 ready=191 finished=0
ds4: gpu chunked prefill pos=0 tokens=1024 layer 25 encode=125.237 ms execute=2.652 ms
ds4: Flash-MoE prefill layer=26 tokens=1024 unique=194 refs=6144 sync=20.159 ms plan=0.310 ms stage/compute=96.740 ms misses=194
ds4: Flash-MoE hybrid prefill layer=26 ane_groups=2 ane_refs=1577 gpu_i8_groups=0 gpu_i8_refs=0 fp32_groups=0 ane_min_refs=512 concurrent=1 ane_pipeline=1 output_queue=4 async_ane=2 gpu_overlap=192 finishes=2 waits=4
ds4: Flash-MoE overlap plan layer=26 exec_groups=194 planned_ane_groups=2 planned_ane_refs=1577 planned_gpu_groups=192 planned_gpu_refs=4567 tail_gpu_groups=0 tail_gpu_refs=0 planned_ssd_groups=194 est_gpu=16855.0 est_ane=338.1 est_idle=97.99% wall=96.404 ms actual_ane_groups=2 actual_ane_refs=1577 actual_gpu_groups=0 actual_gpu_refs=0 finishes=2 waits=4 overlap_gpu_groups=192
ds4: Flash-MoE async pread canceled queued=0 reading=0 ready=202 finished=0
ds4: gpu chunked prefill pos=0 tokens=1024 layer 26 encode=117.910 ms execute=2.756 ms
ds4: Flash-MoE prefill layer=27 tokens=1024 unique=222 refs=6144 sync=14.489 ms plan=0.302 ms stage/compute=110.543 ms misses=222
ds4: Flash-MoE hybrid prefill layer=27 ane_groups=1 ane_refs=947 gpu_i8_groups=0 gpu_i8_refs=0 fp32_groups=0 ane_min_refs=512 concurrent=1 ane_pipeline=1 output_queue=4 async_ane=1 gpu_overlap=221 finishes=1 waits=2
ds4: Flash-MoE overlap plan layer=27 exec_groups=222 planned_ane_groups=1 planned_ane_refs=947 planned_gpu_groups=221 planned_gpu_refs=5197 tail_gpu_groups=0 tail_gpu_refs=0 planned_ssd_groups=222 est_gpu=19341.0 est_ane=170.3 est_idle=99.12% wall=110.187 ms actual_ane_groups=1 actual_ane_refs=947 actual_gpu_groups=0 actual_gpu_refs=0 finishes=1 waits=2 overlap_gpu_groups=221
ds4: Flash-MoE async pread canceled queued=0 reading=0 ready=208 finished=0
ds4: gpu chunked prefill pos=0 tokens=1024 layer 27 encode=125.846 ms execute=2.786 ms
ds4: Flash-MoE prefill layer=28 tokens=1024 unique=209 refs=6144 sync=20.435 ms plan=0.324 ms stage/compute=105.455 ms misses=209
ds4: Flash-MoE hybrid prefill layer=28 ane_groups=2 ane_refs=1506 gpu_i8_groups=0 gpu_i8_refs=0 fp32_groups=0 ane_min_refs=512 concurrent=1 ane_pipeline=1 output_queue=4 async_ane=2 gpu_overlap=207 finishes=2 waits=4
ds4: Flash-MoE overlap plan layer=28 exec_groups=209 planned_ane_groups=2 planned_ane_refs=1506 planned_gpu_groups=207 planned_gpu_refs=4638 tail_gpu_groups=0 tail_gpu_refs=0 planned_ssd_groups=209 est_gpu=17886.0 est_ane=338.1 est_idle=98.11% wall=105.107 ms actual_ane_groups=2 actual_ane_refs=1506 actual_gpu_groups=0 actual_gpu_refs=0 finishes=2 waits=4 overlap_gpu_groups=207
ds4: Flash-MoE async pread canceled queued=0 reading=0 ready=218 finished=0
ds4: gpu chunked prefill pos=0 tokens=1024 layer 28 encode=126.888 ms execute=2.619 ms
ds4: Flash-MoE prefill layer=29 tokens=1024 unique=205 refs=6144 sync=14.346 ms plan=0.299 ms stage/compute=102.568 ms misses=205
ds4: Flash-MoE hybrid prefill layer=29 ane_groups=2 ane_refs=1423 gpu_i8_groups=0 gpu_i8_refs=0 fp32_groups=0 ane_min_refs=512 concurrent=1 ane_pipeline=1 output_queue=4 async_ane=2 gpu_overlap=203 finishes=2 waits=4
ds4: Flash-MoE overlap plan layer=29 exec_groups=205 planned_ane_groups=2 planned_ane_refs=1423 planned_gpu_groups=203 planned_gpu_refs=4721 tail_gpu_groups=0 tail_gpu_refs=0 planned_ssd_groups=205 est_gpu=17713.0 est_ane=338.1 est_idle=98.09% wall=102.230 ms actual_ane_groups=2 actual_ane_refs=1423 actual_gpu_groups=0 actual_gpu_refs=0 finishes=2 waits=4 overlap_gpu_groups=203
ds4: Flash-MoE async pread canceled queued=0 reading=0 ready=227 finished=0
ds4: gpu chunked prefill pos=0 tokens=1024 layer 29 encode=117.756 ms execute=2.562 ms
ds4: Flash-MoE prefill layer=30 tokens=1024 unique=207 refs=6144 sync=20.189 ms plan=0.314 ms stage/compute=106.898 ms misses=207
ds4: Flash-MoE hybrid prefill layer=30 ane_groups=0 ane_refs=0 gpu_i8_groups=0 gpu_i8_refs=0 fp32_groups=0 ane_min_refs=512 concurrent=1 ane_pipeline=1 output_queue=4 async_ane=0 gpu_overlap=0 finishes=0 waits=0
ds4: Flash-MoE overlap plan layer=30 exec_groups=207 planned_ane_groups=0 planned_ane_refs=0 planned_gpu_groups=207 planned_gpu_refs=6144 tail_gpu_groups=0 tail_gpu_refs=0 planned_ssd_groups=207 est_gpu=19392.0 est_ane=0.0 est_idle=100.00% wall=106.563 ms actual_ane_groups=0 actual_ane_refs=0 actual_gpu_groups=0 actual_gpu_refs=0 finishes=0 waits=0 overlap_gpu_groups=0
ds4: Flash-MoE async pread canceled queued=0 reading=0 ready=235 finished=0
ds4: gpu chunked prefill pos=0 tokens=1024 layer 30 encode=127.986 ms execute=2.613 ms
ds4: Flash-MoE prefill layer=31 tokens=1024 unique=222 refs=6144 sync=14.332 ms plan=0.299 ms stage/compute=112.084 ms misses=222
ds4: Flash-MoE hybrid prefill layer=31 ane_groups=1 ane_refs=552 gpu_i8_groups=0 gpu_i8_refs=0 fp32_groups=0 ane_min_refs=512 concurrent=1 ane_pipeline=1 output_queue=4 async_ane=1 gpu_overlap=221 finishes=1 waits=2
ds4: Flash-MoE overlap plan layer=31 exec_groups=222 planned_ane_groups=1 planned_ane_refs=552 planned_gpu_groups=221 planned_gpu_refs=5592 tail_gpu_groups=0 tail_gpu_refs=0 planned_ssd_groups=222 est_gpu=19736.0 est_ane=167.8 est_idle=99.15% wall=111.729 ms actual_ane_groups=1 actual_ane_refs=552 actual_gpu_groups=0 actual_gpu_refs=0 finishes=1 waits=2 overlap_gpu_groups=221
ds4: Flash-MoE async pread canceled queued=0 reading=0 ready=242 finished=0
ds4: gpu chunked prefill pos=0 tokens=1024 layer 31 encode=127.278 ms execute=2.713 ms
ds4: Flash-MoE prefill layer=32 tokens=1024 unique=208 refs=6144 sync=20.254 ms plan=0.322 ms stage/compute=105.405 ms misses=208
ds4: Flash-MoE hybrid prefill layer=32 ane_groups=1 ane_refs=546 gpu_i8_groups=0 gpu_i8_refs=0 fp32_groups=0 ane_min_refs=512 concurrent=1 ane_pipeline=1 output_queue=4 async_ane=1 gpu_overlap=207 finishes=1 waits=2
ds4: Flash-MoE overlap plan layer=32 exec_groups=208 planned_ane_groups=1 planned_ane_refs=546 planned_gpu_groups=207 planned_gpu_refs=5598 tail_gpu_groups=0 tail_gpu_refs=0 planned_ssd_groups=208 est_gpu=18846.0 est_ane=167.8 est_idle=99.11% wall=105.075 ms actual_ane_groups=1 actual_ane_refs=546 actual_gpu_groups=0 actual_gpu_refs=0 finishes=1 waits=2 overlap_gpu_groups=207
ds4: Flash-MoE async pread canceled queued=0 reading=0 ready=248 finished=0
ds4: gpu chunked prefill pos=0 tokens=1024 layer 32 encode=126.670 ms execute=2.542 ms
ds4: Flash-MoE prefill layer=33 tokens=1024 unique=219 refs=6144 sync=14.555 ms plan=0.314 ms stage/compute=107.566 ms misses=219
ds4: Flash-MoE hybrid prefill layer=33 ane_groups=1 ane_refs=893 gpu_i8_groups=0 gpu_i8_refs=0 fp32_groups=0 ane_min_refs=512 concurrent=1 ane_pipeline=1 output_queue=4 async_ane=1 gpu_overlap=218 finishes=1 waits=2
ds4: Flash-MoE overlap plan layer=33 exec_groups=219 planned_ane_groups=1 planned_ane_refs=893 planned_gpu_groups=218 planned_gpu_refs=5251 tail_gpu_groups=0 tail_gpu_refs=0 planned_ssd_groups=219 est_gpu=19203.0 est_ane=170.3 est_idle=99.11% wall=107.212 ms actual_ane_groups=1 actual_ane_refs=893 actual_gpu_groups=0 actual_gpu_refs=0 finishes=1 waits=2 overlap_gpu_groups=218
ds4: Flash-MoE async pread canceled queued=0 reading=0 ready=256 finished=0
ds4: gpu chunked prefill pos=0 tokens=1024 layer 33 encode=122.962 ms execute=2.619 ms
ds4: Flash-MoE prefill layer=34 tokens=1024 unique=203 refs=6144 sync=20.329 ms plan=0.293 ms stage/compute=101.858 ms misses=203
ds4: Flash-MoE hybrid prefill layer=34 ane_groups=1 ane_refs=982 gpu_i8_groups=0 gpu_i8_refs=0 fp32_groups=0 ane_min_refs=512 concurrent=1 ane_pipeline=1 output_queue=4 async_ane=1 gpu_overlap=202 finishes=1 waits=2
ds4: Flash-MoE overlap plan layer=34 exec_groups=203 planned_ane_groups=1 planned_ane_refs=982 planned_gpu_groups=202 planned_gpu_refs=5162 tail_gpu_groups=0 tail_gpu_refs=0 planned_ssd_groups=203 est_gpu=18090.0 est_ane=170.3 est_idle=99.06% wall=101.523 ms actual_ane_groups=1 actual_ane_refs=982 actual_gpu_groups=0 actual_gpu_refs=0 finishes=1 waits=2 overlap_gpu_groups=202
ds4: Flash-MoE async pread canceled queued=0 reading=0 ready=265 finished=0
ds4: gpu chunked prefill pos=0 tokens=1024 layer 34 encode=123.089 ms execute=2.713 ms
ds4: Flash-MoE prefill layer=35 tokens=1024 unique=220 refs=6144 sync=14.528 ms plan=0.359 ms stage/compute=112.623 ms misses=220
ds4: Flash-MoE hybrid prefill layer=35 ane_groups=0 ane_refs=0 gpu_i8_groups=0 gpu_i8_refs=0 fp32_groups=0 ane_min_refs=512 concurrent=1 ane_pipeline=1 output_queue=4 async_ane=0 gpu_overlap=0 finishes=0 waits=0
ds4: Flash-MoE overlap plan layer=35 exec_groups=220 planned_ane_groups=0 planned_ane_refs=0 planned_gpu_groups=220 planned_gpu_refs=6144 tail_gpu_groups=0 tail_gpu_refs=0 planned_ssd_groups=220 est_gpu=20224.0 est_ane=0.0 est_idle=100.00% wall=112.275 ms actual_ane_groups=0 actual_ane_refs=0 actual_gpu_groups=0 actual_gpu_refs=0 finishes=0 waits=0 overlap_gpu_groups=0
ds4: Flash-MoE async pread canceled queued=0 reading=0 ready=268 finished=0
ds4: gpu chunked prefill pos=0 tokens=1024 layer 35 encode=128.003 ms execute=2.479 ms
ds4: Flash-MoE prefill layer=36 tokens=1024 unique=209 refs=6144 sync=20.374 ms plan=0.315 ms stage/compute=100.403 ms misses=209
ds4: Flash-MoE hybrid prefill layer=36 ane_groups=2 ane_refs=1580 gpu_i8_groups=0 gpu_i8_refs=0 fp32_groups=0 ane_min_refs=512 concurrent=1 ane_pipeline=1 output_queue=4 async_ane=2 gpu_overlap=207 finishes=2 waits=4
ds4: Flash-MoE overlap plan layer=36 exec_groups=209 planned_ane_groups=2 planned_ane_refs=1580 planned_gpu_groups=207 planned_gpu_refs=4564 tail_gpu_groups=0 tail_gpu_refs=0 planned_ssd_groups=209 est_gpu=17812.0 est_ane=338.1 est_idle=98.10% wall=100.063 ms actual_ane_groups=2 actual_ane_refs=1580 actual_gpu_groups=0 actual_gpu_refs=0 finishes=2 waits=4 overlap_gpu_groups=207
ds4: Flash-MoE async pread canceled queued=0 reading=0 ready=276 finished=0
ds4: gpu chunked prefill pos=0 tokens=1024 layer 36 encode=121.739 ms execute=2.635 ms
ds4: Flash-MoE prefill layer=37 tokens=1024 unique=216 refs=6144 sync=14.498 ms plan=0.314 ms stage/compute=107.982 ms misses=216
ds4: Flash-MoE hybrid prefill layer=37 ane_groups=1 ane_refs=856 gpu_i8_groups=0 gpu_i8_refs=0 fp32_groups=0 ane_min_refs=512 concurrent=1 ane_pipeline=1 output_queue=4 async_ane=1 gpu_overlap=215 finishes=1 waits=2
ds4: Flash-MoE overlap plan layer=37 exec_groups=216 planned_ane_groups=1 planned_ane_refs=856 planned_gpu_groups=215 planned_gpu_refs=5288 tail_gpu_groups=0 tail_gpu_refs=0 planned_ssd_groups=216 est_gpu=19048.0 est_ane=170.3 est_idle=99.11% wall=107.635 ms actual_ane_groups=1 actual_ane_refs=856 actual_gpu_groups=0 actual_gpu_refs=0 finishes=1 waits=2 overlap_gpu_groups=215
ds4: Flash-MoE async pread canceled queued=0 reading=0 ready=286 finished=0
ds4: gpu chunked prefill pos=0 tokens=1024 layer 37 encode=123.309 ms execute=2.608 ms
ds4: Flash-MoE prefill layer=38 tokens=1024 unique=204 refs=6144 sync=20.292 ms plan=0.299 ms stage/compute=99.240 ms misses=204
ds4: Flash-MoE hybrid prefill layer=38 ane_groups=2 ane_refs=1498 gpu_i8_groups=0 gpu_i8_refs=0 fp32_groups=0 ane_min_refs=512 concurrent=1 ane_pipeline=1 output_queue=4 async_ane=2 gpu_overlap=202 finishes=2 waits=4
ds4: Flash-MoE overlap plan layer=38 exec_groups=204 planned_ane_groups=2 planned_ane_refs=1498 planned_gpu_groups=202 planned_gpu_refs=4646 tail_gpu_groups=0 tail_gpu_refs=0 planned_ssd_groups=204 est_gpu=17574.0 est_ane=338.1 est_idle=98.08% wall=98.903 ms actual_ane_groups=2 actual_ane_refs=1498 actual_gpu_groups=0 actual_gpu_refs=0 finishes=2 waits=4 overlap_gpu_groups=202
ds4: Flash-MoE async pread canceled queued=0 reading=0 ready=295 finished=0
ds4: gpu chunked prefill pos=0 tokens=1024 layer 38 encode=120.463 ms execute=2.587 ms
ds4: Flash-MoE prefill layer=39 tokens=1024 unique=215 refs=6144 sync=14.685 ms plan=0.349 ms stage/compute=107.763 ms misses=215
ds4: Flash-MoE hybrid prefill layer=39 ane_groups=2 ane_refs=1129 gpu_i8_groups=0 gpu_i8_refs=0 fp32_groups=0 ane_min_refs=512 concurrent=1 ane_pipeline=1 output_queue=4 async_ane=2 gpu_overlap=213 finishes=2 waits=4
ds4: Flash-MoE overlap plan layer=39 exec_groups=215 planned_ane_groups=2 planned_ane_refs=1129 planned_gpu_groups=213 planned_gpu_refs=5015 tail_gpu_groups=0 tail_gpu_refs=0 planned_ssd_groups=215 est_gpu=18647.0 est_ane=335.5 est_idle=98.20% wall=107.420 ms actual_ane_groups=2 actual_ane_refs=1129 actual_gpu_groups=0 actual_gpu_refs=0 finishes=2 waits=4 overlap_gpu_groups=213
ds4: Flash-MoE async pread canceled queued=0 reading=0 ready=302 finished=0
ds4: gpu chunked prefill pos=0 tokens=1024 layer 39 encode=123.365 ms execute=2.550 ms
ds4: Flash-MoE prefill layer=40 tokens=1024 unique=190 refs=6144 sync=20.194 ms plan=0.310 ms stage/compute=94.271 ms misses=190
ds4: Flash-MoE hybrid prefill layer=40 ane_groups=1 ane_refs=1012 gpu_i8_groups=0 gpu_i8_refs=0 fp32_groups=0 ane_min_refs=512 concurrent=1 ane_pipeline=1 output_queue=4 async_ane=1 gpu_overlap=189 finishes=1 waits=2
ds4: Flash-MoE overlap plan layer=40 exec_groups=190 planned_ane_groups=1 planned_ane_refs=1012 planned_gpu_groups=189 planned_gpu_refs=5132 tail_gpu_groups=0 tail_gpu_refs=0 planned_ssd_groups=190 est_gpu=17228.0 est_ane=170.3 est_idle=99.01% wall=93.954 ms actual_ane_groups=1 actual_ane_refs=1012 actual_gpu_groups=0 actual_gpu_refs=0 finishes=1 waits=2 overlap_gpu_groups=189
ds4: Flash-MoE async pread canceled queued=0 reading=0 ready=314 finished=0
ds4: gpu chunked prefill pos=0 tokens=1024 layer 40 encode=115.384 ms execute=2.729 ms
ds4: Flash-MoE prefill layer=41 tokens=1024 unique=200 refs=6144 sync=14.459 ms plan=0.355 ms stage/compute=99.270 ms misses=200
ds4: Flash-MoE hybrid prefill layer=41 ane_groups=1 ane_refs=929 gpu_i8_groups=0 gpu_i8_refs=0 fp32_groups=0 ane_min_refs=512 concurrent=1 ane_pipeline=1 output_queue=4 async_ane=1 gpu_overlap=199 finishes=1 waits=2
ds4: Flash-MoE overlap plan layer=41 exec_groups=200 planned_ane_groups=1 planned_ane_refs=929 planned_gpu_groups=199 planned_gpu_refs=5215 tail_gpu_groups=0 tail_gpu_refs=0 planned_ssd_groups=200 est_gpu=17951.0 est_ane=170.3 est_idle=99.05% wall=98.938 ms actual_ane_groups=1 actual_ane_refs=929 actual_gpu_groups=0 actual_gpu_refs=0 finishes=1 waits=2 overlap_gpu_groups=199
ds4: Flash-MoE async pread canceled queued=0 reading=0 ready=320 finished=0
ds4: gpu chunked prefill pos=0 tokens=1024 layer 41 encode=114.539 ms execute=2.588 ms
ds4: Flash-MoE prefill layer=42 tokens=1024 unique=205 refs=6144 sync=20.204 ms plan=0.328 ms stage/compute=100.187 ms misses=205
ds4: Flash-MoE hybrid prefill layer=42 ane_groups=2 ane_refs=1196 gpu_i8_groups=0 gpu_i8_refs=0 fp32_groups=0 ane_min_refs=512 concurrent=1 ane_pipeline=1 output_queue=4 async_ane=2 gpu_overlap=203 finishes=2 waits=4
ds4: Flash-MoE overlap plan layer=42 exec_groups=205 planned_ane_groups=2 planned_ane_refs=1196 planned_gpu_groups=203 planned_gpu_refs=4948 tail_gpu_groups=0 tail_gpu_refs=0 planned_ssd_groups=205 est_gpu=17940.0 est_ane=335.5 est_idle=98.13% wall=99.853 ms actual_ane_groups=2 actual_ane_refs=1196 actual_gpu_groups=0 actual_gpu_refs=0 finishes=2 waits=4 overlap_gpu_groups=203
ds4: Flash-MoE async pread canceled queued=0 reading=0 ready=327 finished=0
ds4: gpu chunked prefill pos=0 tokens=1024 layer 42 encode=121.307 ms execute=2.458 ms
processing 8423 input tokens: 1024/8423 (12.2%) batch=182.43 t/s avg=173.62 t/s
ds4: Flash-MoE prefill layer=0 tokens=1024 unique=256 refs=6144 sync=12.122 ms plan=0.384 ms stage/compute=148.011 ms misses=256
ds4: Flash-MoE hybrid prefill layer=0 ane_groups=0 ane_refs=0 gpu_i8_groups=0 gpu_i8_refs=0 fp32_groups=0 ane_min_refs=512 concurrent=1 ane_pipeline=1 output_queue=4 async_ane=0 gpu_overlap=0 finishes=0 waits=0
ds4: Flash-MoE overlap plan layer=0 exec_groups=256 planned_ane_groups=0 planned_ane_refs=0 planned_gpu_groups=256 planned_gpu_refs=6144 tail_gpu_groups=0 tail_gpu_refs=0 planned_ssd_groups=256 est_gpu=22528.0 est_ane=0.0 est_idle=100.00% wall=147.622 ms actual_ane_groups=0 actual_ane_refs=0 actual_gpu_groups=0 actual_gpu_refs=0 finishes=0 waits=0 overlap_gpu_groups=0
ds4: Flash-MoE async pread canceled queued=0 reading=0 ready=327 finished=0
ds4: gpu chunked prefill pos=1024 tokens=1024 layer 0 encode=160.898 ms execute=2.749 ms
ds4: Flash-MoE prefill layer=1 tokens=1024 unique=256 refs=6144 sync=12.504 ms plan=0.325 ms stage/compute=147.910 ms misses=256
ds4: Flash-MoE hybrid prefill layer=1 ane_groups=0 ane_refs=0 gpu_i8_groups=0 gpu_i8_refs=0 fp32_groups=0 ane_min_refs=512 concurrent=1 ane_pipeline=1 output_queue=4 async_ane=0 gpu_overlap=0 finishes=0 waits=0
ds4: Flash-MoE overlap plan layer=1 exec_groups=256 planned_ane_groups=0 planned_ane_refs=0 planned_gpu_groups=256 planned_gpu_refs=6144 tail_gpu_groups=0 tail_gpu_refs=0 planned_ssd_groups=256 est_gpu=22528.0 est_ane=0.0 est_idle=100.00% wall=147.512 ms actual_ane_groups=0 actual_ane_refs=0 actual_gpu_groups=0 actual_gpu_refs=0 finishes=0 waits=0 overlap_gpu_groups=0
ds4: Flash-MoE async pread canceled queued=0 reading=0 ready=327 finished=0
ds4: gpu chunked prefill pos=1024 tokens=1024 layer 1 encode=161.246 ms execute=2.794 ms
ds4: Flash-MoE prefill layer=2 tokens=1024 unique=256 refs=6144 sync=23.341 ms plan=0.364 ms stage/compute=145.672 ms misses=256
ds4: Flash-MoE hybrid prefill layer=2 ane_groups=0 ane_refs=0 gpu_i8_groups=0 gpu_i8_refs=0 fp32_groups=0 ane_min_refs=512 concurrent=1 ane_pipeline=1 output_queue=4 async_ane=0 gpu_overlap=0 finishes=0 waits=0
ds4: Flash-MoE overlap plan layer=2 exec_groups=256 planned_ane_groups=0 planned_ane_refs=0 planned_gpu_groups=256 planned_gpu_refs=6144 tail_gpu_groups=0 tail_gpu_refs=0 planned_ssd_groups=256 est_gpu=22528.0 est_ane=0.0 est_idle=100.00% wall=145.285 ms actual_ane_groups=0 actual_ane_refs=0 actual_gpu_groups=0 actual_gpu_refs=0 finishes=0 waits=0 overlap_gpu_groups=0
ds4: Flash-MoE async pread canceled queued=0 reading=0 ready=327 finished=0
ds4: gpu chunked prefill pos=1024 tokens=1024 layer 2 encode=170.404 ms execute=2.617 ms
ds4: Flash-MoE prefill layer=3 tokens=1024 unique=231 refs=6144 sync=14.531 ms plan=0.394 ms stage/compute=121.739 ms misses=231
ds4: Flash-MoE hybrid prefill layer=3 ane_groups=1 ane_refs=535 gpu_i8_groups=0 gpu_i8_refs=0 fp32_groups=0 ane_min_refs=512 concurrent=1 ane_pipeline=1 output_queue=4 async_ane=1 gpu_overlap=230 finishes=1 waits=2
ds4: Flash-MoE overlap plan layer=3 exec_groups=231 planned_ane_groups=1 planned_ane_refs=535 planned_gpu_groups=230 planned_gpu_refs=5609 tail_gpu_groups=0 tail_gpu_refs=0 planned_ssd_groups=231 est_gpu=20329.0 est_ane=167.8 est_idle=99.17% wall=121.371 ms actual_ane_groups=1 actual_ane_refs=535 actual_gpu_groups=0 actual_gpu_refs=0 finishes=1 waits=2 overlap_gpu_groups=230
ds4: Flash-MoE async pread canceled queued=0 reading=0 ready=332 finished=0
ds4: gpu chunked prefill pos=1024 tokens=1024 layer 3 encode=137.207 ms execute=2.541 ms
ds4: Flash-MoE prefill layer=4 tokens=1024 unique=220 refs=6144 sync=23.702 ms plan=0.323 ms stage/compute=115.210 ms misses=220
ds4: Flash-MoE hybrid prefill layer=4 ane_groups=0 ane_refs=0 gpu_i8_groups=0 gpu_i8_refs=0 fp32_groups=0 ane_min_refs=512 concurrent=1 ane_pipeline=1 output_queue=4 async_ane=0 gpu_overlap=0 finishes=0 waits=0
ds4: Flash-MoE overlap plan layer=4 exec_groups=220 planned_ane_groups=0 planned_ane_refs=0 planned_gpu_groups=220 planned_gpu_refs=6144 tail_gpu_groups=0 tail_gpu_refs=0 planned_ssd_groups=220 est_gpu=20224.0 est_ane=0.0 est_idle=100.00% wall=114.864 ms actual_ane_groups=0 actual_ane_refs=0 actual_gpu_groups=0 actual_gpu_refs=0 finishes=0 waits=0 overlap_gpu_groups=0
ds4: Flash-MoE async pread canceled queued=0 reading=0 ready=341 finished=0
ds4: gpu chunked prefill pos=1024 tokens=1024 layer 4 encode=140.129 ms execute=2.597 ms
ds4: Flash-MoE prefill layer=5 tokens=1024 unique=235 refs=6144 sync=14.591 ms plan=0.335 ms stage/compute=120.714 ms misses=235
ds4: Flash-MoE hybrid prefill layer=5 ane_groups=1 ane_refs=734 gpu_i8_groups=0 gpu_i8_refs=0 fp32_groups=0 ane_min_refs=512 concurrent=1 ane_pipeline=1 output_queue=4 async_ane=1 gpu_overlap=234 finishes=1 waits=2
ds4: Flash-MoE overlap plan layer=5 exec_groups=235 planned_ane_groups=1 planned_ane_refs=734 planned_gpu_groups=234 planned_gpu_refs=5410 tail_gpu_groups=0 tail_gpu_refs=0 planned_ssd_groups=235 est_gpu=20386.0 est_ane=167.8 est_idle=99.18% wall=120.345 ms actual_ane_groups=1 actual_ane_refs=734 actual_gpu_groups=0 actual_gpu_refs=0 finishes=1 waits=2 overlap_gpu_groups=234
ds4: Flash-MoE async pread canceled queued=0 reading=0 ready=346 finished=0
ds4: gpu chunked prefill pos=1024 tokens=1024 layer 5 encode=136.214 ms execute=2.597 ms
ds4: Flash-MoE prefill layer=6 tokens=1024 unique=228 refs=6144 sync=23.451 ms plan=0.338 ms stage/compute=119.722 ms misses=228
ds4: Flash-MoE hybrid prefill layer=6 ane_groups=1 ane_refs=518 gpu_i8_groups=0 gpu_i8_refs=0 fp32_groups=0 ane_min_refs=512 concurrent=1 ane_pipeline=1 output_queue=4 async_ane=1 gpu_overlap=227 finishes=1 waits=2
ds4: Flash-MoE overlap plan layer=6 exec_groups=228 planned_ane_groups=1 planned_ane_refs=518 planned_gpu_groups=227 planned_gpu_refs=5626 tail_gpu_groups=0 tail_gpu_refs=0 planned_ssd_groups=228 est_gpu=20154.0 est_ane=167.8 est_idle=99.17% wall=119.337 ms actual_ane_groups=1 actual_ane_refs=518 actual_gpu_groups=0 actual_gpu_refs=0 finishes=1 waits=2 overlap_gpu_groups=227
ds4: Flash-MoE async pread canceled queued=0 reading=0 ready=351 finished=0
ds4: gpu chunked prefill pos=1024 tokens=1024 layer 6 encode=144.310 ms execute=2.541 ms
ds4: Flash-MoE prefill layer=7 tokens=1024 unique=227 refs=6144 sync=14.547 ms plan=0.338 ms stage/compute=113.154 ms misses=227
ds4: Flash-MoE hybrid prefill layer=7 ane_groups=2 ane_refs=1100 gpu_i8_groups=0 gpu_i8_refs=0 fp32_groups=0 ane_min_refs=512 concurrent=1 ane_pipeline=1 output_queue=4 async_ane=2 gpu_overlap=225 finishes=2 waits=4
ds4: Flash-MoE overlap plan layer=7 exec_groups=227 planned_ane_groups=2 planned_ane_refs=1100 planned_gpu_groups=225 planned_gpu_refs=5044 tail_gpu_groups=0 tail_gpu_refs=0 planned_ssd_groups=227 est_gpu=19444.0 est_ane=335.5 est_idle=98.27% wall=112.805 ms actual_ane_groups=2 actual_ane_refs=1100 actual_gpu_groups=0 actual_gpu_refs=0 finishes=2 waits=4 overlap_gpu_groups=225
ds4: Flash-MoE async pread canceled queued=0 reading=0 ready=357 finished=0
ds4: gpu chunked prefill pos=1024 tokens=1024 layer 7 encode=128.538 ms execute=2.671 ms
ds4: Flash-MoE prefill layer=8 tokens=1024 unique=230 refs=6144 sync=23.224 ms plan=0.440 ms stage/compute=117.983 ms misses=230
ds4: Flash-MoE hybrid prefill layer=8 ane_groups=1 ane_refs=583 gpu_i8_groups=0 gpu_i8_refs=0 fp32_groups=0 ane_min_refs=512 concurrent=1 ane_pipeline=1 output_queue=4 async_ane=1 gpu_overlap=229 finishes=1 waits=2
ds4: Flash-MoE overlap plan layer=8 exec_groups=230 planned_ane_groups=1 planned_ane_refs=583 planned_gpu_groups=229 planned_gpu_refs=5561 tail_gpu_groups=0 tail_gpu_refs=0 planned_ssd_groups=230 est_gpu=20217.0 est_ane=167.8 est_idle=99.17% wall=117.624 ms actual_ane_groups=1 actual_ane_refs=583 actual_gpu_groups=0 actual_gpu_refs=0 finishes=1 waits=2 overlap_gpu_groups=229
ds4: Flash-MoE async pread canceled queued=0 reading=0 ready=362 finished=0
ds4: gpu chunked prefill pos=1024 tokens=1024 layer 8 encode=142.314 ms execute=2.610 ms
ds4: Flash-MoE prefill layer=9 tokens=1024 unique=240 refs=6144 sync=14.526 ms plan=0.284 ms stage/compute=120.339 ms misses=240
ds4: Flash-MoE hybrid prefill layer=9 ane_groups=1 ane_refs=533 gpu_i8_groups=0 gpu_i8_refs=0 fp32_groups=0 ane_min_refs=512 concurrent=1 ane_pipeline=1 output_queue=4 async_ane=1 gpu_overlap=239 finishes=1 waits=2
ds4: Flash-MoE overlap plan layer=9 exec_groups=240 planned_ane_groups=1 planned_ane_refs=533 planned_gpu_groups=239 planned_gpu_refs=5611 tail_gpu_groups=0 tail_gpu_refs=0 planned_ssd_groups=240 est_gpu=20907.0 est_ane=167.8 est_idle=99.20% wall=119.963 ms actual_ane_groups=1 actual_ane_refs=533 actual_gpu_groups=0 actual_gpu_refs=0 finishes=1 waits=2 overlap_gpu_groups=239
ds4: Flash-MoE async pread canceled queued=0 reading=0 ready=367 finished=0
ds4: gpu chunked prefill pos=1024 tokens=1024 layer 9 encode=135.662 ms execute=2.542 ms
ds4: Flash-MoE prefill layer=10 tokens=1024 unique=226 refs=6144 sync=23.271 ms plan=0.401 ms stage/compute=119.992 ms misses=226
ds4: Flash-MoE hybrid prefill layer=10 ane_groups=0 ane_refs=0 gpu_i8_groups=0 gpu_i8_refs=0 fp32_groups=0 ane_min_refs=512 concurrent=1 ane_pipeline=1 output_queue=4 async_ane=0 gpu_overlap=0 finishes=0 waits=0
ds4: Flash-MoE overlap plan layer=10 exec_groups=226 planned_ane_groups=0 planned_ane_refs=0 planned_gpu_groups=226 planned_gpu_refs=6144 tail_gpu_groups=0 tail_gpu_refs=0 planned_ssd_groups=226 est_gpu=20608.0 est_ane=0.0 est_idle=100.00% wall=119.616 ms actual_ane_groups=0 actual_ane_refs=0 actual_gpu_groups=0 actual_gpu_refs=0 finishes=0 waits=0 overlap_gpu_groups=0
ds4: Flash-MoE async pread canceled queued=0 reading=0 ready=373 finished=0
ds4: gpu chunked prefill pos=1024 tokens=1024 layer 10 encode=144.422 ms execute=2.527 ms
ds4: Flash-MoE prefill layer=11 tokens=1024 unique=232 refs=6144 sync=14.516 ms plan=0.312 ms stage/compute=121.190 ms misses=232
ds4: Flash-MoE hybrid prefill layer=11 ane_groups=0 ane_refs=0 gpu_i8_groups=0 gpu_i8_refs=0 fp32_groups=0 ane_min_refs=512 concurrent=1 ane_pipeline=1 output_queue=4 async_ane=0 gpu_overlap=0 finishes=0 waits=0
ds4: Flash-MoE overlap plan layer=11 exec_groups=232 planned_ane_groups=0 planned_ane_refs=0 planned_gpu_groups=232 planned_gpu_refs=6144 tail_gpu_groups=0 tail_gpu_refs=0 planned_ssd_groups=232 est_gpu=20992.0 est_ane=0.0 est_idle=100.00% wall=120.835 ms actual_ane_groups=0 actual_ane_refs=0 actual_gpu_groups=0 actual_gpu_refs=0 finishes=0 waits=0 overlap_gpu_groups=0
ds4: Flash-MoE async pread canceled queued=0 reading=0 ready=378 finished=0
ds4: gpu chunked prefill pos=1024 tokens=1024 layer 11 encode=136.467 ms execute=2.583 ms
ds4: Flash-MoE prefill layer=12 tokens=1024 unique=208 refs=6144 sync=23.244 ms plan=0.367 ms stage/compute=108.593 ms misses=208
ds4: Flash-MoE hybrid prefill layer=12 ane_groups=0 ane_refs=0 gpu_i8_groups=0 gpu_i8_refs=0 fp32_groups=0 ane_min_refs=512 concurrent=1 ane_pipeline=1 output_queue=4 async_ane=0 gpu_overlap=0 finishes=0 waits=0
ds4: Flash-MoE overlap plan layer=12 exec_groups=208 planned_ane_groups=0 planned_ane_refs=0 planned_gpu_groups=208 planned_gpu_refs=6144 tail_gpu_groups=0 tail_gpu_refs=0 planned_ssd_groups=208 est_gpu=19456.0 est_ane=0.0 est_idle=100.00% wall=108.260 ms actual_ane_groups=0 actual_ane_refs=0 actual_gpu_groups=0 actual_gpu_refs=0 finishes=0 waits=0 overlap_gpu_groups=0
ds4: Flash-MoE async pread canceled queued=0 reading=0 ready=389 finished=0
ds4: gpu chunked prefill pos=1024 tokens=1024 layer 12 encode=132.903 ms execute=2.587 ms
ds4: Flash-MoE prefill layer=13 tokens=1024 unique=215 refs=6144 sync=14.584 ms plan=0.323 ms stage/compute=110.686 ms misses=215
ds4: Flash-MoE hybrid prefill layer=13 ane_groups=0 ane_refs=0 gpu_i8_groups=0 gpu_i8_refs=0 fp32_groups=0 ane_min_refs=512 concurrent=1 ane_pipeline=1 output_queue=4 async_ane=0 gpu_overlap=0 finishes=0 waits=0
ds4: Flash-MoE overlap plan layer=13 exec_groups=215 planned_ane_groups=0 planned_ane_refs=0 planned_gpu_groups=215 planned_gpu_refs=6144 tail_gpu_groups=0 tail_gpu_refs=0 planned_ssd_groups=215 est_gpu=19904.0 est_ane=0.0 est_idle=100.00% wall=110.335 ms actual_ane_groups=0 actual_ane_refs=0 actual_gpu_groups=0 actual_gpu_refs=0 finishes=0 waits=0 overlap_gpu_groups=0
ds4: Flash-MoE async pread canceled queued=0 reading=0 ready=395 finished=0
ds4: gpu chunked prefill pos=1024 tokens=1024 layer 13 encode=126.294 ms execute=2.612 ms
ds4: Flash-MoE prefill layer=14 tokens=1024 unique=207 refs=6144 sync=23.242 ms plan=0.303 ms stage/compute=105.897 ms misses=207
ds4: Flash-MoE hybrid prefill layer=14 ane_groups=0 ane_refs=0 gpu_i8_groups=0 gpu_i8_refs=0 fp32_groups=0 ane_min_refs=512 concurrent=1 ane_pipeline=1 output_queue=4 async_ane=0 gpu_overlap=0 finishes=0 waits=0
ds4: Flash-MoE overlap plan layer=14 exec_groups=207 planned_ane_groups=0 planned_ane_refs=0 planned_gpu_groups=207 planned_gpu_refs=6144 tail_gpu_groups=0 tail_gpu_refs=0 planned_ssd_groups=207 est_gpu=19392.0 est_ane=0.0 est_idle=100.00% wall=105.551 ms actual_ane_groups=0 actual_ane_refs=0 actual_gpu_groups=0 actual_gpu_refs=0 finishes=0 waits=0 overlap_gpu_groups=0
ds4: Flash-MoE async pread canceled queued=0 reading=0 ready=408 finished=0
ds4: gpu chunked prefill pos=1024 tokens=1024 layer 14 encode=130.157 ms execute=2.604 ms
ds4: Flash-MoE prefill layer=15 tokens=1024 unique=212 refs=6144 sync=14.552 ms plan=0.295 ms stage/compute=111.732 ms misses=212
ds4: Flash-MoE hybrid prefill layer=15 ane_groups=0 ane_refs=0 gpu_i8_groups=0 gpu_i8_refs=0 fp32_groups=0 ane_min_refs=512 concurrent=1 ane_pipeline=1 output_queue=4 async_ane=0 gpu_overlap=0 finishes=0 waits=0
ds4: Flash-MoE overlap plan layer=15 exec_groups=212 planned_ane_groups=0 planned_ane_refs=0 planned_gpu_groups=212 planned_gpu_refs=6144 tail_gpu_groups=0 tail_gpu_refs=0 planned_ssd_groups=212 est_gpu=19712.0 est_ane=0.0 est_idle=100.00% wall=111.375 ms actual_ane_groups=0 actual_ane_refs=0 actual_gpu_groups=0 actual_gpu_refs=0 finishes=0 waits=0 overlap_gpu_groups=0
ds4: Flash-MoE async pread canceled queued=0 reading=0 ready=414 finished=0
ds4: gpu chunked prefill pos=1024 tokens=1024 layer 15 encode=127.128 ms execute=2.593 ms
ds4: Flash-MoE prefill layer=16 tokens=1024 unique=211 refs=6144 sync=23.327 ms plan=0.333 ms stage/compute=111.295 ms misses=211
ds4: Flash-MoE hybrid prefill layer=16 ane_groups=0 ane_refs=0 gpu_i8_groups=0 gpu_i8_refs=0 fp32_groups=0 ane_min_refs=512 concurrent=1 ane_pipeline=1 output_queue=4 async_ane=0 gpu_overlap=0 finishes=0 waits=0
ds4: Flash-MoE overlap plan layer=16 exec_groups=211 planned_ane_groups=0 planned_ane_refs=0 planned_gpu_groups=211 planned_gpu_refs=6144 tail_gpu_groups=0 tail_gpu_refs=0 planned_ssd_groups=211 est_gpu=19648.0 est_ane=0.0 est_idle=100.00% wall=110.951 ms actual_ane_groups=0 actual_ane_refs=0 actual_gpu_groups=0 actual_gpu_refs=0 finishes=0 waits=0 overlap_gpu_groups=0
ds4: Flash-MoE async pread canceled queued=0 reading=0 ready=425 finished=0
ds4: gpu chunked prefill pos=1024 tokens=1024 layer 16 encode=135.639 ms execute=2.581 ms
ds4: Flash-MoE prefill layer=17 tokens=1024 unique=209 refs=6144 sync=14.497 ms plan=0.308 ms stage/compute=111.079 ms misses=209
ds4: Flash-MoE hybrid prefill layer=17 ane_groups=0 ane_refs=0 gpu_i8_groups=0 gpu_i8_refs=0 fp32_groups=0 ane_min_refs=512 concurrent=1 ane_pipeline=1 output_queue=4 async_ane=0 gpu_overlap=0 finishes=0 waits=0
ds4: Flash-MoE overlap plan layer=17 exec_groups=209 planned_ane_groups=0 planned_ane_refs=0 planned_gpu_groups=209 planned_gpu_refs=6144 tail_gpu_groups=0 tail_gpu_refs=0 planned_ssd_groups=209 est_gpu=19520.0 est_ane=0.0 est_idle=100.00% wall=110.700 ms actual_ane_groups=0 actual_ane_refs=0 actual_gpu_groups=0 actual_gpu_refs=0 finishes=0 waits=0 overlap_gpu_groups=0
ds4: Flash-MoE async pread canceled queued=0 reading=0 ready=432 finished=0
ds4: gpu chunked prefill pos=1024 tokens=1024 layer 17 encode=126.443 ms execute=2.589 ms
ds4: Flash-MoE prefill layer=18 tokens=1024 unique=211 refs=6144 sync=23.270 ms plan=0.354 ms stage/compute=107.572 ms misses=211
ds4: Flash-MoE hybrid prefill layer=18 ane_groups=0 ane_refs=0 gpu_i8_groups=0 gpu_i8_refs=0 fp32_groups=0 ane_min_refs=512 concurrent=1 ane_pipeline=1 output_queue=4 async_ane=0 gpu_overlap=0 finishes=0 waits=0
ds4: Flash-MoE overlap plan layer=18 exec_groups=211 planned_ane_groups=0 planned_ane_refs=0 planned_gpu_groups=211 planned_gpu_refs=6144 tail_gpu_groups=0 tail_gpu_refs=0 planned_ssd_groups=211 est_gpu=19648.0 est_ane=0.0 est_idle=100.00% wall=107.248 ms actual_ane_groups=0 actual_ane_refs=0 actual_gpu_groups=0 actual_gpu_refs=0 finishes=0 waits=0 overlap_gpu_groups=0
ds4: Flash-MoE async pread canceled queued=0 reading=0 ready=440 finished=0
ds4: gpu chunked prefill pos=1024 tokens=1024 layer 18 encode=131.865 ms execute=2.591 ms
ds4: Flash-MoE prefill layer=19 tokens=1024 unique=232 refs=6144 sync=14.475 ms plan=0.356 ms stage/compute=123.849 ms misses=232
ds4: Flash-MoE hybrid prefill layer=19 ane_groups=0 ane_refs=0 gpu_i8_groups=0 gpu_i8_refs=0 fp32_groups=0 ane_min_refs=512 concurrent=1 ane_pipeline=1 output_queue=4 async_ane=0 gpu_overlap=0 finishes=0 waits=0
ds4: Flash-MoE overlap plan layer=19 exec_groups=232 planned_ane_groups=0 planned_ane_refs=0 planned_gpu_groups=232 planned_gpu_refs=6144 tail_gpu_groups=0 tail_gpu_refs=0 planned_ssd_groups=232 est_gpu=20992.0 est_ane=0.0 est_idle=100.00% wall=123.482 ms actual_ane_groups=0 actual_ane_refs=0 actual_gpu_groups=0 actual_gpu_refs=0 finishes=0 waits=0 overlap_gpu_groups=0
ds4: Flash-MoE async pread canceled queued=0 reading=0 ready=444 finished=0
ds4: gpu chunked prefill pos=1024 tokens=1024 layer 19 encode=139.166 ms execute=2.569 ms
ds4: Flash-MoE prefill layer=20 tokens=1024 unique=193 refs=6144 sync=23.126 ms plan=0.326 ms stage/compute=98.963 ms misses=193
ds4: Flash-MoE hybrid prefill layer=20 ane_groups=2 ane_refs=1204 gpu_i8_groups=0 gpu_i8_refs=0 fp32_groups=0 ane_min_refs=512 concurrent=1 ane_pipeline=1 output_queue=4 async_ane=2 gpu_overlap=191 finishes=2 waits=4
ds4: Flash-MoE overlap plan layer=20 exec_groups=193 planned_ane_groups=2 planned_ane_refs=1204 planned_gpu_groups=191 planned_gpu_refs=4940 tail_gpu_groups=0 tail_gpu_refs=0 planned_ssd_groups=193 est_gpu=17164.0 est_ane=335.5 est_idle=98.05% wall=98.604 ms actual_ane_groups=2 actual_ane_refs=1204 actual_gpu_groups=0 actual_gpu_refs=0 finishes=2 waits=4 overlap_gpu_groups=191
ds4: Flash-MoE async pread canceled queued=0 reading=0 ready=457 finished=0
ds4: gpu chunked prefill pos=1024 tokens=1024 layer 20 encode=123.163 ms execute=2.805 ms
ds4: Flash-MoE prefill layer=21 tokens=1024 unique=216 refs=6144 sync=14.688 ms plan=0.297 ms stage/compute=115.284 ms misses=216
ds4: Flash-MoE hybrid prefill layer=21 ane_groups=0 ane_refs=0 gpu_i8_groups=0 gpu_i8_refs=0 fp32_groups=0 ane_min_refs=512 concurrent=1 ane_pipeline=1 output_queue=4 async_ane=0 gpu_overlap=0 finishes=0 waits=0
ds4: Flash-MoE overlap plan layer=21 exec_groups=216 planned_ane_groups=0 planned_ane_refs=0 planned_gpu_groups=216 planned_gpu_refs=6144 tail_gpu_groups=0 tail_gpu_refs=0 planned_ssd_groups=216 est_gpu=19968.0 est_ane=0.0 est_idle=100.00% wall=114.930 ms actual_ane_groups=0 actual_ane_refs=0 actual_gpu_groups=0 actual_gpu_refs=0 finishes=0 waits=0 overlap_gpu_groups=0
ds4: Flash-MoE async pread canceled queued=0 reading=0 ready=470 finished=0
ds4: gpu chunked prefill pos=1024 tokens=1024 layer 21 encode=130.755 ms execute=2.584 ms
ds4: Flash-MoE prefill layer=22 tokens=1024 unique=217 refs=6144 sync=23.121 ms plan=0.329 ms stage/compute=113.705 ms misses=217
ds4: Flash-MoE hybrid prefill layer=22 ane_groups=0 ane_refs=0 gpu_i8_groups=0 gpu_i8_refs=0 fp32_groups=0 ane_min_refs=512 concurrent=1 ane_pipeline=1 output_queue=4 async_ane=0 gpu_overlap=0 finishes=0 waits=0
ds4: Flash-MoE overlap plan layer=22 exec_groups=217 planned_ane_groups=0 planned_ane_refs=0 planned_gpu_groups=217 planned_gpu_refs=6144 tail_gpu_groups=0 tail_gpu_refs=0 planned_ssd_groups=217 est_gpu=20032.0 est_ane=0.0 est_idle=100.00% wall=113.328 ms actual_ane_groups=0 actual_ane_refs=0 actual_gpu_groups=0 actual_gpu_refs=0 finishes=0 waits=0 overlap_gpu_groups=0
ds4: Flash-MoE async pread canceled queued=0 reading=0 ready=477 finished=0
ds4: gpu chunked prefill pos=1024 tokens=1024 layer 22 encode=137.911 ms execute=2.571 ms
ds4: Flash-MoE prefill layer=23 tokens=1024 unique=226 refs=6144 sync=14.568 ms plan=0.320 ms stage/compute=119.278 ms misses=226
ds4: Flash-MoE hybrid prefill layer=23 ane_groups=0 ane_refs=0 gpu_i8_groups=0 gpu_i8_refs=0 fp32_groups=0 ane_min_refs=512 concurrent=1 ane_pipeline=1 output_queue=4 async_ane=0 gpu_overlap=0 finishes=0 waits=0
ds4: Flash-MoE overlap plan layer=23 exec_groups=226 planned_ane_groups=0 planned_ane_refs=0 planned_gpu_groups=226 planned_gpu_refs=6144 tail_gpu_groups=0 tail_gpu_refs=0 planned_ssd_groups=226 est_gpu=20608.0 est_ane=0.0 est_idle=100.00% wall=118.926 ms actual_ane_groups=0 actual_ane_refs=0 actual_gpu_groups=0 actual_gpu_refs=0 finishes=0 waits=0 overlap_gpu_groups=0
ds4: Flash-MoE async pread canceled queued=0 reading=0 ready=483 finished=0
ds4: gpu chunked prefill pos=1024 tokens=1024 layer 23 encode=134.702 ms execute=2.630 ms
ds4: Flash-MoE prefill layer=24 tokens=1024 unique=209 refs=6144 sync=23.192 ms plan=0.350 ms stage/compute=109.718 ms misses=209
ds4: Flash-MoE hybrid prefill layer=24 ane_groups=1 ane_refs=609 gpu_i8_groups=0 gpu_i8_refs=0 fp32_groups=0 ane_min_refs=512 concurrent=1 ane_pipeline=1 output_queue=4 async_ane=1 gpu_overlap=208 finishes=1 waits=2
ds4: Flash-MoE overlap plan layer=24 exec_groups=209 planned_ane_groups=1 planned_ane_refs=609 planned_gpu_groups=208 planned_gpu_refs=5535 tail_gpu_groups=0 tail_gpu_refs=0 planned_ssd_groups=209 est_gpu=18847.0 est_ane=167.8 est_idle=99.11% wall=109.377 ms actual_ane_groups=1 actual_ane_refs=609 actual_gpu_groups=0 actual_gpu_refs=0 finishes=1 waits=2 overlap_gpu_groups=208
ds4: Flash-MoE async pread canceled queued=0 reading=0 ready=488 finished=0
ds4: gpu chunked prefill pos=1024 tokens=1024 layer 24 encode=133.929 ms execute=2.558 ms
ds4: Flash-MoE prefill layer=25 tokens=1024 unique=212 refs=6144 sync=14.584 ms plan=0.303 ms stage/compute=114.765 ms misses=212
ds4: Flash-MoE hybrid prefill layer=25 ane_groups=0 ane_refs=0 gpu_i8_groups=0 gpu_i8_refs=0 fp32_groups=0 ane_min_refs=512 concurrent=1 ane_pipeline=1 output_queue=4 async_ane=0 gpu_overlap=0 finishes=0 waits=0
ds4: Flash-MoE overlap plan layer=25 exec_groups=212 planned_ane_groups=0 planned_ane_refs=0 planned_gpu_groups=212 planned_gpu_refs=6144 tail_gpu_groups=0 tail_gpu_refs=0 planned_ssd_groups=212 est_gpu=19712.0 est_ane=0.0 est_idle=100.00% wall=114.384 ms actual_ane_groups=0 actual_ane_refs=0 actual_gpu_groups=0 actual_gpu_refs=0 finishes=0 waits=0 overlap_gpu_groups=0
ds4: Flash-MoE async pread canceled queued=0 reading=0 ready=496 finished=0
ds4: gpu chunked prefill pos=1024 tokens=1024 layer 25 encode=130.162 ms execute=2.594 ms
ds4: Flash-MoE prefill layer=26 tokens=1024 unique=215 refs=6144 sync=23.193 ms plan=0.306 ms stage/compute=113.517 ms misses=215
ds4: Flash-MoE hybrid prefill layer=26 ane_groups=0 ane_refs=0 gpu_i8_groups=0 gpu_i8_refs=0 fp32_groups=0 ane_min_refs=512 concurrent=1 ane_pipeline=1 output_queue=4 async_ane=0 gpu_overlap=0 finishes=0 waits=0
ds4: Flash-MoE overlap plan layer=26 exec_groups=215 planned_ane_groups=0 planned_ane_refs=0 planned_gpu_groups=215 planned_gpu_refs=6144 tail_gpu_groups=0 tail_gpu_refs=0 planned_ssd_groups=215 est_gpu=19904.0 est_ane=0.0 est_idle=100.00% wall=113.163 ms actual_ane_groups=0 actual_ane_refs=0 actual_gpu_groups=0 actual_gpu_refs=0 finishes=0 waits=0 overlap_gpu_groups=0
ds4: Flash-MoE async pread canceled queued=0 reading=0 ready=500 finished=0
ds4: gpu chunked prefill pos=1024 tokens=1024 layer 26 encode=137.793 ms execute=2.579 ms
ds4: Flash-MoE prefill layer=27 tokens=1024 unique=227 refs=6144 sync=14.461 ms plan=0.358 ms stage/compute=121.190 ms misses=227
ds4: Flash-MoE hybrid prefill layer=27 ane_groups=0 ane_refs=0 gpu_i8_groups=0 gpu_i8_refs=0 fp32_groups=0 ane_min_refs=512 concurrent=1 ane_pipeline=1 output_queue=4 async_ane=0 gpu_overlap=0 finishes=0 waits=0
ds4: Flash-MoE overlap plan layer=27 exec_groups=227 planned_ane_groups=0 planned_ane_refs=0 planned_gpu_groups=227 planned_gpu_refs=6144 tail_gpu_groups=0 tail_gpu_refs=0 planned_ssd_groups=227 est_gpu=20672.0 est_ane=0.0 est_idle=100.00% wall=120.842 ms actual_ane_groups=0 actual_ane_refs=0 actual_gpu_groups=0 actual_gpu_refs=0 finishes=0 waits=0 overlap_gpu_groups=0
ds4: Flash-MoE async pread canceled queued=0 reading=0 ready=502 finished=0
ds4: gpu chunked prefill pos=1024 tokens=1024 layer 27 encode=136.478 ms execute=2.592 ms
ds4: Flash-MoE prefill layer=28 tokens=1024 unique=222 refs=6144 sync=23.287 ms plan=0.342 ms stage/compute=118.994 ms misses=222
ds4: Flash-MoE hybrid prefill layer=28 ane_groups=0 ane_refs=0 gpu_i8_groups=0 gpu_i8_refs=0 fp32_groups=0 ane_min_refs=512 concurrent=1 ane_pipeline=1 output_queue=4 async_ane=0 gpu_overlap=0 finishes=0 waits=0
ds4: Flash-MoE overlap plan layer=28 exec_groups=222 planned_ane_groups=0 planned_ane_refs=0 planned_gpu_groups=222 planned_gpu_refs=6144 tail_gpu_groups=0 tail_gpu_refs=0 planned_ssd_groups=222 est_gpu=20352.0 est_ane=0.0 est_idle=100.00% wall=118.622 ms actual_ane_groups=0 actual_ane_refs=0 actual_gpu_groups=0 actual_gpu_refs=0 finishes=0 waits=0 overlap_gpu_groups=0
ds4: Flash-MoE async pread canceled queued=0 reading=0 ready=513 finished=0
ds4: gpu chunked prefill pos=1024 tokens=1024 layer 28 encode=143.395 ms execute=2.580 ms
ds4: Flash-MoE prefill layer=29 tokens=1024 unique=217 refs=6144 sync=14.450 ms plan=0.327 ms stage/compute=115.522 ms misses=217
ds4: Flash-MoE hybrid prefill layer=29 ane_groups=0 ane_refs=0 gpu_i8_groups=0 gpu_i8_refs=0 fp32_groups=0 ane_min_refs=512 concurrent=1 ane_pipeline=1 output_queue=4 async_ane=0 gpu_overlap=0 finishes=0 waits=0
ds4: Flash-MoE overlap plan layer=29 exec_groups=217 planned_ane_groups=0 planned_ane_refs=0 planned_gpu_groups=217 planned_gpu_refs=6144 tail_gpu_groups=0 tail_gpu_refs=0 planned_ssd_groups=217 est_gpu=20032.0 est_ane=0.0 est_idle=100.00% wall=115.172 ms actual_ane_groups=0 actual_ane_refs=0 actual_gpu_groups=0 actual_gpu_refs=0 finishes=0 waits=0 overlap_gpu_groups=0
ds4: Flash-MoE async pread canceled queued=0 reading=0 ready=521 finished=0
ds4: gpu chunked prefill pos=1024 tokens=1024 layer 29 encode=130.796 ms execute=2.576 ms
ds4: Flash-MoE prefill layer=30 tokens=1024 unique=209 refs=6144 sync=23.214 ms plan=0.293 ms stage/compute=113.704 ms misses=209
ds4: Flash-MoE hybrid prefill layer=30 ane_groups=0 ane_refs=0 gpu_i8_groups=0 gpu_i8_refs=0 fp32_groups=0 ane_min_refs=512 concurrent=1 ane_pipeline=1 output_queue=4 async_ane=0 gpu_overlap=0 finishes=0 waits=0
ds4: Flash-MoE overlap plan layer=30 exec_groups=209 planned_ane_groups=0 planned_ane_refs=0 planned_gpu_groups=209 planned_gpu_refs=6144 tail_gpu_groups=0 tail_gpu_refs=0 planned_ssd_groups=209 est_gpu=19520.0 est_ane=0.0 est_idle=100.00% wall=113.327 ms actual_ane_groups=0 actual_ane_refs=0 actual_gpu_groups=0 actual_gpu_refs=0 finishes=0 waits=0 overlap_gpu_groups=0
ds4: Flash-MoE async pread canceled queued=0 reading=0 ready=535 finished=0
ds4: gpu chunked prefill pos=1024 tokens=1024 layer 30 encode=137.923 ms execute=2.582 ms
ds4: Flash-MoE prefill layer=31 tokens=1024 unique=219 refs=6144 sync=14.450 ms plan=0.330 ms stage/compute=113.386 ms misses=219
ds4: Flash-MoE hybrid prefill layer=31 ane_groups=0 ane_refs=0 gpu_i8_groups=0 gpu_i8_refs=0 fp32_groups=0 ane_min_refs=512 concurrent=1 ane_pipeline=1 output_queue=4 async_ane=0 gpu_overlap=0 finishes=0 waits=0
ds4: Flash-MoE overlap plan layer=31 exec_groups=219 planned_ane_groups=0 planned_ane_refs=0 planned_gpu_groups=219 planned_gpu_refs=6144 tail_gpu_groups=0 tail_gpu_refs=0 planned_ssd_groups=219 est_gpu=20160.0 est_ane=0.0 est_idle=100.00% wall=113.012 ms actual_ane_groups=0 actual_ane_refs=0 actual_gpu_groups=0 actual_gpu_refs=0 finishes=0 waits=0 overlap_gpu_groups=0
ds4: Flash-MoE async pread canceled queued=0 reading=0 ready=539 finished=0
ds4: gpu chunked prefill pos=1024 tokens=1024 layer 31 encode=128.689 ms execute=2.580 ms
ds4: Flash-MoE prefill layer=32 tokens=1024 unique=210 refs=6144 sync=23.135 ms plan=0.306 ms stage/compute=113.952 ms misses=210
ds4: Flash-MoE hybrid prefill layer=32 ane_groups=0 ane_refs=0 gpu_i8_groups=0 gpu_i8_refs=0 fp32_groups=0 ane_min_refs=512 concurrent=1 ane_pipeline=1 output_queue=4 async_ane=0 gpu_overlap=0 finishes=0 waits=0
ds4: Flash-MoE overlap plan layer=32 exec_groups=210 planned_ane_groups=0 planned_ane_refs=0 planned_gpu_groups=210 planned_gpu_refs=6144 tail_gpu_groups=0 tail_gpu_refs=0 planned_ssd_groups=210 est_gpu=19584.0 est_ane=0.0 est_idle=100.00% wall=113.627 ms actual_ane_groups=0 actual_ane_refs=0 actual_gpu_groups=0 actual_gpu_refs=0 finishes=0 waits=0 overlap_gpu_groups=0
ds4: Flash-MoE async pread canceled queued=0 reading=0 ready=546 finished=0
ds4: gpu chunked prefill pos=1024 tokens=1024 layer 32 encode=138.118 ms execute=2.581 ms
ds4: Flash-MoE prefill layer=33 tokens=1024 unique=202 refs=6144 sync=14.791 ms plan=0.360 ms stage/compute=110.312 ms misses=202
ds4: Flash-MoE hybrid prefill layer=33 ane_groups=0 ane_refs=0 gpu_i8_groups=0 gpu_i8_refs=0 fp32_groups=0 ane_min_refs=512 concurrent=1 ane_pipeline=1 output_queue=4 async_ane=0 gpu_overlap=0 finishes=0 waits=0
ds4: Flash-MoE overlap plan layer=33 exec_groups=202 planned_ane_groups=0 planned_ane_refs=0 planned_gpu_groups=202 planned_gpu_refs=6144 tail_gpu_groups=0 tail_gpu_refs=0 planned_ssd_groups=202 est_gpu=19072.0 est_ane=0.0 est_idle=100.00% wall=109.967 ms actual_ane_groups=0 actual_ane_refs=0 actual_gpu_groups=0 actual_gpu_refs=0 finishes=0 waits=0 overlap_gpu_groups=0
ds4: Flash-MoE async pread canceled queued=0 reading=0 ready=557 finished=0
ds4: gpu chunked prefill pos=1024 tokens=1024 layer 33 encode=125.985 ms execute=2.618 ms
ds4: Flash-MoE prefill layer=34 tokens=1024 unique=215 refs=6144 sync=23.157 ms plan=0.345 ms stage/compute=110.671 ms misses=215
ds4: Flash-MoE hybrid prefill layer=34 ane_groups=0 ane_refs=0 gpu_i8_groups=0 gpu_i8_refs=0 fp32_groups=0 ane_min_refs=512 concurrent=1 ane_pipeline=1 output_queue=4 async_ane=0 gpu_overlap=0 finishes=0 waits=0
ds4: Flash-MoE overlap plan layer=34 exec_groups=215 planned_ane_groups=0 planned_ane_refs=0 planned_gpu_groups=215 planned_gpu_refs=6144 tail_gpu_groups=0 tail_gpu_refs=0 planned_ssd_groups=215 est_gpu=19904.0 est_ane=0.0 est_idle=100.00% wall=110.301 ms actual_ane_groups=0 actual_ane_refs=0 actual_gpu_groups=0 actual_gpu_refs=0 finishes=0 waits=0 overlap_gpu_groups=0
ds4: Flash-MoE async pread canceled queued=0 reading=0 ready=564 finished=0
ds4: gpu chunked prefill pos=1024 tokens=1024 layer 34 encode=134.865 ms execute=2.580 ms
ds4: Flash-MoE prefill layer=35 tokens=1024 unique=216 refs=6144 sync=14.451 ms plan=0.408 ms stage/compute=112.033 ms misses=216
ds4: Flash-MoE hybrid prefill layer=35 ane_groups=0 ane_refs=0 gpu_i8_groups=0 gpu_i8_refs=0 fp32_groups=0 ane_min_refs=512 concurrent=1 ane_pipeline=1 output_queue=4 async_ane=0 gpu_overlap=0 finishes=0 waits=0
ds4: Flash-MoE overlap plan layer=35 exec_groups=216 planned_ane_groups=0 planned_ane_refs=0 planned_gpu_groups=216 planned_gpu_refs=6144 tail_gpu_groups=0 tail_gpu_refs=0 planned_ssd_groups=216 est_gpu=19968.0 est_ane=0.0 est_idle=100.00% wall=111.663 ms actual_ane_groups=0 actual_ane_refs=0 actual_gpu_groups=0 actual_gpu_refs=0 finishes=0 waits=0 overlap_gpu_groups=0
ds4: Flash-MoE async pread canceled queued=0 reading=0 ready=572 finished=0
ds4: gpu chunked prefill pos=1024 tokens=1024 layer 35 encode=127.416 ms execute=2.584 ms
ds4: Flash-MoE prefill layer=36 tokens=1024 unique=219 refs=6144 sync=23.662 ms plan=0.286 ms stage/compute=111.893 ms misses=219
ds4: Flash-MoE hybrid prefill layer=36 ane_groups=0 ane_refs=0 gpu_i8_groups=0 gpu_i8_refs=0 fp32_groups=0 ane_min_refs=512 concurrent=1 ane_pipeline=1 output_queue=4 async_ane=0 gpu_overlap=0 finishes=0 waits=0
ds4: Flash-MoE overlap plan layer=36 exec_groups=219 planned_ane_groups=0 planned_ane_refs=0 planned_gpu_groups=219 planned_gpu_refs=6144 tail_gpu_groups=0 tail_gpu_refs=0 planned_ssd_groups=219 est_gpu=20160.0 est_ane=0.0 est_idle=100.00% wall=111.531 ms actual_ane_groups=0 actual_ane_refs=0 actual_gpu_groups=0 actual_gpu_refs=0 finishes=0 waits=0 overlap_gpu_groups=0
ds4: Flash-MoE async pread canceled queued=0 reading=0 ready=584 finished=0
ds4: gpu chunked prefill pos=1024 tokens=1024 layer 36 encode=136.563 ms execute=2.586 ms
ds4: Flash-MoE prefill layer=37 tokens=1024 unique=207 refs=6144 sync=14.482 ms plan=0.301 ms stage/compute=106.190 ms misses=207
ds4: Flash-MoE hybrid prefill layer=37 ane_groups=1 ane_refs=531 gpu_i8_groups=0 gpu_i8_refs=0 fp32_groups=0 ane_min_refs=512 concurrent=1 ane_pipeline=1 output_queue=4 async_ane=1 gpu_overlap=206 finishes=1 waits=2
ds4: Flash-MoE overlap plan layer=37 exec_groups=207 planned_ane_groups=1 planned_ane_refs=531 planned_gpu_groups=206 planned_gpu_refs=5613 tail_gpu_groups=0 tail_gpu_refs=0 planned_ssd_groups=207 est_gpu=18797.0 est_ane=167.8 est_idle=99.11% wall=105.845 ms actual_ane_groups=1 actual_ane_refs=531 actual_gpu_groups=0 actual_gpu_refs=0 finishes=1 waits=2 overlap_gpu_groups=206
ds4: Flash-MoE async pread canceled queued=0 reading=0 ready=595 finished=0
ds4: gpu chunked prefill pos=1024 tokens=1024 layer 37 encode=121.476 ms execute=3.034 ms
ds4: Flash-MoE prefill layer=38 tokens=1024 unique=206 refs=6144 sync=23.563 ms plan=0.320 ms stage/compute=108.335 ms misses=206
ds4: Flash-MoE hybrid prefill layer=38 ane_groups=0 ane_refs=0 gpu_i8_groups=0 gpu_i8_refs=0 fp32_groups=0 ane_min_refs=512 concurrent=1 ane_pipeline=1 output_queue=4 async_ane=0 gpu_overlap=0 finishes=0 waits=0
ds4: Flash-MoE overlap plan layer=38 exec_groups=206 planned_ane_groups=0 planned_ane_refs=0 planned_gpu_groups=206 planned_gpu_refs=6144 tail_gpu_groups=0 tail_gpu_refs=0 planned_ssd_groups=206 est_gpu=19328.0 est_ane=0.0 est_idle=100.00% wall=107.984 ms actual_ane_groups=0 actual_ane_refs=0 actual_gpu_groups=0 actual_gpu_refs=0 finishes=0 waits=0 overlap_gpu_groups=0
ds4: Flash-MoE async pread canceled queued=0 reading=0 ready=605 finished=0
ds4: gpu chunked prefill pos=1024 tokens=1024 layer 38 encode=133.503 ms execute=2.580 ms
ds4: Flash-MoE prefill layer=39 tokens=1024 unique=222 refs=6144 sync=14.717 ms plan=0.273 ms stage/compute=116.980 ms misses=222
ds4: Flash-MoE hybrid prefill layer=39 ane_groups=0 ane_refs=0 gpu_i8_groups=0 gpu_i8_refs=0 fp32_groups=0 ane_min_refs=512 concurrent=1 ane_pipeline=1 output_queue=4 async_ane=0 gpu_overlap=0 finishes=0 waits=0
ds4: Flash-MoE overlap plan layer=39 exec_groups=222 planned_ane_groups=0 planned_ane_refs=0 planned_gpu_groups=222 planned_gpu_refs=6144 tail_gpu_groups=0 tail_gpu_refs=0 planned_ssd_groups=222 est_gpu=20352.0 est_ane=0.0 est_idle=100.00% wall=116.612 ms actual_ane_groups=0 actual_ane_refs=0 actual_gpu_groups=0 actual_gpu_refs=0 finishes=0 waits=0 overlap_gpu_groups=0
ds4: Flash-MoE async pread canceled queued=0 reading=0 ready=611 finished=0
ds4: gpu chunked prefill pos=1024 tokens=1024 layer 39 encode=132.533 ms execute=2.566 ms
ds4: Flash-MoE prefill layer=40 tokens=1024 unique=184 refs=6144 sync=23.310 ms plan=0.334 ms stage/compute=97.355 ms misses=184
ds4: Flash-MoE hybrid prefill layer=40 ane_groups=1 ane_refs=940 gpu_i8_groups=0 gpu_i8_refs=0 fp32_groups=0 ane_min_refs=512 concurrent=1 ane_pipeline=1 output_queue=4 async_ane=1 gpu_overlap=183 finishes=1 waits=2
ds4: Flash-MoE overlap plan layer=40 exec_groups=184 planned_ane_groups=1 planned_ane_refs=940 planned_gpu_groups=183 planned_gpu_refs=5204 tail_gpu_groups=0 tail_gpu_refs=0 planned_ssd_groups=184 est_gpu=16916.0 est_ane=170.3 est_idle=98.99% wall=97.035 ms actual_ane_groups=1 actual_ane_refs=940 actual_gpu_groups=0 actual_gpu_refs=0 finishes=1 waits=2 overlap_gpu_groups=183
ds4: Flash-MoE async pread canceled queued=0 reading=0 ready=625 finished=0
ds4: gpu chunked prefill pos=1024 tokens=1024 layer 40 encode=121.686 ms execute=2.588 ms
ds4: Flash-MoE prefill layer=41 tokens=1024 unique=195 refs=6144 sync=14.495 ms plan=0.313 ms stage/compute=103.833 ms misses=195
ds4: Flash-MoE hybrid prefill layer=41 ane_groups=1 ane_refs=637 gpu_i8_groups=0 gpu_i8_refs=0 fp32_groups=0 ane_min_refs=512 concurrent=1 ane_pipeline=1 output_queue=4 async_ane=1 gpu_overlap=194 finishes=1 waits=2
ds4: Flash-MoE overlap plan layer=41 exec_groups=195 planned_ane_groups=1 planned_ane_refs=637 planned_gpu_groups=194 planned_gpu_refs=5507 tail_gpu_groups=0 tail_gpu_refs=0 planned_ssd_groups=195 est_gpu=17923.0 est_ane=167.8 est_idle=99.06% wall=103.502 ms actual_ane_groups=1 actual_ane_refs=637 actual_gpu_groups=0 actual_gpu_refs=0 finishes=1 waits=2 overlap_gpu_groups=194
ds4: Flash-MoE async pread canceled queued=0 reading=0 ready=638 finished=0
ds4: gpu chunked prefill pos=1024 tokens=1024 layer 41 encode=119.156 ms execute=2.567 ms
ds4: Flash-MoE prefill layer=42 tokens=1024 unique=207 refs=6144 sync=23.098 ms plan=0.297 ms stage/compute=110.830 ms misses=207
ds4: Flash-MoE hybrid prefill layer=42 ane_groups=1 ane_refs=648 gpu_i8_groups=0 gpu_i8_refs=0 fp32_groups=0 ane_min_refs=512 concurrent=1 ane_pipeline=1 output_queue=4 async_ane=1 gpu_overlap=206 finishes=1 waits=2
ds4: Flash-MoE overlap plan layer=42 exec_groups=207 planned_ane_groups=1 planned_ane_refs=648 planned_gpu_groups=206 planned_gpu_refs=5496 tail_gpu_groups=0 tail_gpu_refs=0 planned_ssd_groups=207 est_gpu=18680.0 est_ane=167.8 est_idle=99.10% wall=110.489 ms actual_ane_groups=1 actual_ane_refs=648 actual_gpu_groups=0 actual_gpu_refs=0 finishes=1 waits=2 overlap_gpu_groups=206
ds4: Flash-MoE async pread canceled queued=0 reading=0 ready=648 finished=0
ds4: gpu chunked prefill pos=1024 tokens=1024 layer 42 encode=134.936 ms execute=2.423 ms
processing 8423 input tokens: 2048/8423 (24.3%) batch=172.55 t/s avg=173.08 t/s
ds4: Flash-MoE prefill layer=0 tokens=1024 unique=256 refs=6144 sync=12.072 ms plan=0.325 ms stage/compute=148.586 ms misses=256
ds4: Flash-MoE hybrid prefill layer=0 ane_groups=0 ane_refs=0 gpu_i8_groups=0 gpu_i8_refs=0 fp32_groups=0 ane_min_refs=512 concurrent=1 ane_pipeline=1 output_queue=4 async_ane=0 gpu_overlap=0 finishes=0 waits=0
ds4: Flash-MoE overlap plan layer=0 exec_groups=256 planned_ane_groups=0 planned_ane_refs=0 planned_gpu_groups=256 planned_gpu_refs=6144 tail_gpu_groups=0 tail_gpu_refs=0 planned_ssd_groups=256 est_gpu=22528.0 est_ane=0.0 est_idle=100.00% wall=148.217 ms actual_ane_groups=0 actual_ane_refs=0 actual_gpu_groups=0 actual_gpu_refs=0 finishes=0 waits=0 overlap_gpu_groups=0
ds4: Flash-MoE async pread canceled queued=0 reading=0 ready=648 finished=0
ds4: gpu chunked prefill pos=2048 tokens=1024 layer 0 encode=161.348 ms execute=2.620 ms
ds4: Flash-MoE prefill layer=1 tokens=1024 unique=256 refs=6144 sync=12.423 ms plan=0.323 ms stage/compute=147.211 ms misses=256
ds4: Flash-MoE hybrid prefill layer=1 ane_groups=0 ane_refs=0 gpu_i8_groups=0 gpu_i8_refs=0 fp32_groups=0 ane_min_refs=512 concurrent=1 ane_pipeline=1 output_queue=4 async_ane=0 gpu_overlap=0 finishes=0 waits=0
ds4: Flash-MoE overlap plan layer=1 exec_groups=256 planned_ane_groups=0 planned_ane_refs=0 planned_gpu_groups=256 planned_gpu_refs=6144 tail_gpu_groups=0 tail_gpu_refs=0 planned_ssd_groups=256 est_gpu=22528.0 est_ane=0.0 est_idle=100.00% wall=146.819 ms actual_ane_groups=0 actual_ane_refs=0 actual_gpu_groups=0 actual_gpu_refs=0 finishes=0 waits=0 overlap_gpu_groups=0
ds4: Flash-MoE async pread canceled queued=0 reading=0 ready=648 finished=0
ds4: gpu chunked prefill pos=2048 tokens=1024 layer 1 encode=160.456 ms execute=2.637 ms
ds4: Flash-MoE prefill layer=2 tokens=1024 unique=256 refs=6144 sync=37.267 ms plan=0.313 ms stage/compute=149.576 ms misses=256
ds4: Flash-MoE hybrid prefill layer=2 ane_groups=0 ane_refs=0 gpu_i8_groups=0 gpu_i8_refs=0 fp32_groups=0 ane_min_refs=512 concurrent=1 ane_pipeline=1 output_queue=4 async_ane=0 gpu_overlap=0 finishes=0 waits=0
ds4: Flash-MoE overlap plan layer=2 exec_groups=256 planned_ane_groups=0 planned_ane_refs=0 planned_gpu_groups=256 planned_gpu_refs=6144 tail_gpu_groups=0 tail_gpu_refs=0 planned_ssd_groups=256 est_gpu=22528.0 est_ane=0.0 est_idle=100.00% wall=149.160 ms actual_ane_groups=0 actual_ane_refs=0 actual_gpu_groups=0 actual_gpu_refs=0 finishes=0 waits=0 overlap_gpu_groups=0
ds4: Flash-MoE async pread canceled queued=0 reading=0 ready=648 finished=0
ds4: gpu chunked prefill pos=2048 tokens=1024 layer 2 encode=187.674 ms execute=2.605 ms
ds4: Flash-MoE prefill layer=3 tokens=1024 unique=235 refs=6144 sync=14.532 ms plan=0.333 ms stage/compute=125.620 ms misses=235
ds4: Flash-MoE hybrid prefill layer=3 ane_groups=0 ane_refs=0 gpu_i8_groups=0 gpu_i8_refs=0 fp32_groups=0 ane_min_refs=512 concurrent=1 ane_pipeline=1 output_queue=4 async_ane=0 gpu_overlap=0 finishes=0 waits=0
ds4: Flash-MoE overlap plan layer=3 exec_groups=235 planned_ane_groups=0 planned_ane_refs=0 planned_gpu_groups=235 planned_gpu_refs=6144 tail_gpu_groups=0 tail_gpu_refs=0 planned_ssd_groups=235 est_gpu=21184.0 est_ane=0.0 est_idle=100.00% wall=125.251 ms actual_ane_groups=0 actual_ane_refs=0 actual_gpu_groups=0 actual_gpu_refs=0 finishes=0 waits=0 overlap_gpu_groups=0
ds4: Flash-MoE async pread canceled queued=0 reading=0 ready=654 finished=0
ds4: gpu chunked prefill pos=2048 tokens=1024 layer 3 encode=141.009 ms execute=2.587 ms
ds4: Flash-MoE prefill layer=4 tokens=1024 unique=220 refs=6144 sync=37.428 ms plan=0.321 ms stage/compute=119.915 ms misses=220
ds4: Flash-MoE hybrid prefill layer=4 ane_groups=0 ane_refs=0 gpu_i8_groups=0 gpu_i8_refs=0 fp32_groups=0 ane_min_refs=512 concurrent=1 ane_pipeline=1 output_queue=4 async_ane=0 gpu_overlap=0 finishes=0 waits=0
ds4: Flash-MoE overlap plan layer=4 exec_groups=220 planned_ane_groups=0 planned_ane_refs=0 planned_gpu_groups=220 planned_gpu_refs=6144 tail_gpu_groups=0 tail_gpu_refs=0 planned_ssd_groups=220 est_gpu=20224.0 est_ane=0.0 est_idle=100.00% wall=119.538 ms actual_ane_groups=0 actual_ane_refs=0 actual_gpu_groups=0 actual_gpu_refs=0 finishes=0 waits=0 overlap_gpu_groups=0
ds4: Flash-MoE async pread canceled queued=0 reading=0 ready=661 finished=0
ds4: gpu chunked prefill pos=2048 tokens=1024 layer 4 encode=157.922 ms execute=2.588 ms
ds4: Flash-MoE prefill layer=5 tokens=1024 unique=239 refs=6144 sync=14.559 ms plan=0.292 ms stage/compute=122.679 ms misses=239
ds4: Flash-MoE hybrid prefill layer=5 ane_groups=1 ane_refs=642 gpu_i8_groups=0 gpu_i8_refs=0 fp32_groups=0 ane_min_refs=512 concurrent=1 ane_pipeline=1 output_queue=4 async_ane=1 gpu_overlap=238 finishes=1 waits=2
ds4: Flash-MoE overlap plan layer=5 exec_groups=239 planned_ane_groups=1 planned_ane_refs=642 planned_gpu_groups=238 planned_gpu_refs=5502 tail_gpu_groups=0 tail_gpu_refs=0 planned_ssd_groups=239 est_gpu=20734.0 est_ane=167.8 est_idle=99.19% wall=122.305 ms actual_ane_groups=1 actual_ane_refs=642 actual_gpu_groups=0 actual_gpu_refs=0 finishes=1 waits=2 overlap_gpu_groups=238
ds4: Flash-MoE async pread canceled queued=0 reading=0 ready=665 finished=0
ds4: gpu chunked prefill pos=2048 tokens=1024 layer 5 encode=138.124 ms execute=2.581 ms
ds4: Flash-MoE prefill layer=6 tokens=1024 unique=228 refs=6144 sync=37.059 ms plan=0.363 ms stage/compute=120.538 ms misses=228
ds4: Flash-MoE hybrid prefill layer=6 ane_groups=0 ane_refs=0 gpu_i8_groups=0 gpu_i8_refs=0 fp32_groups=0 ane_min_refs=512 concurrent=1 ane_pipeline=1 output_queue=4 async_ane=0 gpu_overlap=0 finishes=0 waits=0
ds4: Flash-MoE overlap plan layer=6 exec_groups=228 planned_ane_groups=0 planned_ane_refs=0 planned_gpu_groups=228 planned_gpu_refs=6144 tail_gpu_groups=0 tail_gpu_refs=0 planned_ssd_groups=228 est_gpu=20736.0 est_ane=0.0 est_idle=100.00% wall=120.162 ms actual_ane_groups=0 actual_ane_refs=0 actual_gpu_groups=0 actual_gpu_refs=0 finishes=0 waits=0 overlap_gpu_groups=0
ds4: Flash-MoE async pread canceled queued=0 reading=0 ready=670 finished=0
ds4: gpu chunked prefill pos=2048 tokens=1024 layer 6 encode=158.233 ms execute=2.571 ms
ds4: Flash-MoE prefill layer=7 tokens=1024 unique=234 refs=6144 sync=14.563 ms plan=0.331 ms stage/compute=119.992 ms misses=234
ds4: Flash-MoE hybrid prefill layer=7 ane_groups=0 ane_refs=0 gpu_i8_groups=0 gpu_i8_refs=0 fp32_groups=0 ane_min_refs=512 concurrent=1 ane_pipeline=1 output_queue=4 async_ane=0 gpu_overlap=0 finishes=0 waits=0
ds4: Flash-MoE overlap plan layer=7 exec_groups=234 planned_ane_groups=0 planned_ane_refs=0 planned_gpu_groups=234 planned_gpu_refs=6144 tail_gpu_groups=0 tail_gpu_refs=0 planned_ssd_groups=234 est_gpu=21120.0 est_ane=0.0 est_idle=100.00% wall=119.609 ms actual_ane_groups=0 actual_ane_refs=0 actual_gpu_groups=0 actual_gpu_refs=0 finishes=0 waits=0 overlap_gpu_groups=0
ds4: Flash-MoE async pread canceled queued=0 reading=0 ready=673 finished=0
ds4: gpu chunked prefill pos=2048 tokens=1024 layer 7 encode=135.455 ms execute=2.570 ms
ds4: Flash-MoE prefill layer=8 tokens=1024 unique=230 refs=6144 sync=37.089 ms plan=0.311 ms stage/compute=119.380 ms misses=230
ds4: Flash-MoE hybrid prefill layer=8 ane_groups=1 ane_refs=563 gpu_i8_groups=0 gpu_i8_refs=0 fp32_groups=0 ane_min_refs=512 concurrent=1 ane_pipeline=1 output_queue=4 async_ane=1 gpu_overlap=229 finishes=1 waits=2
ds4: Flash-MoE overlap plan layer=8 exec_groups=230 planned_ane_groups=1 planned_ane_refs=563 planned_gpu_groups=229 planned_gpu_refs=5581 tail_gpu_groups=0 tail_gpu_refs=0 planned_ssd_groups=230 est_gpu=20237.0 est_ane=167.8 est_idle=99.17% wall=119.016 ms actual_ane_groups=1 actual_ane_refs=563 actual_gpu_groups=0 actual_gpu_refs=0 finishes=1 waits=2 overlap_gpu_groups=229
ds4: Flash-MoE async pread canceled queued=0 reading=0 ready=680 finished=0
ds4: gpu chunked prefill pos=2048 tokens=1024 layer 8 encode=157.037 ms execute=2.566 ms
ds4: Flash-MoE prefill layer=9 tokens=1024 unique=240 refs=6144 sync=14.520 ms plan=0.320 ms stage/compute=123.608 ms misses=240
ds4: Flash-MoE hybrid prefill layer=9 ane_groups=0 ane_refs=0 gpu_i8_groups=0 gpu_i8_refs=0 fp32_groups=0 ane_min_refs=512 concurrent=1 ane_pipeline=1 output_queue=4 async_ane=0 gpu_overlap=0 finishes=0 waits=0
ds4: Flash-MoE overlap plan layer=9 exec_groups=240 planned_ane_groups=0 planned_ane_refs=0 planned_gpu_groups=240 planned_gpu_refs=6144 tail_gpu_groups=0 tail_gpu_refs=0 planned_ssd_groups=240 est_gpu=21504.0 est_ane=0.0 est_idle=100.00% wall=123.227 ms actual_ane_groups=0 actual_ane_refs=0 actual_gpu_groups=0 actual_gpu_refs=0 finishes=0 waits=0 overlap_gpu_groups=0
ds4: Flash-MoE async pread canceled queued=0 reading=0 ready=684 finished=0
ds4: gpu chunked prefill pos=2048 tokens=1024 layer 9 encode=138.963 ms execute=2.582 ms
ds4: Flash-MoE prefill layer=10 tokens=1024 unique=226 refs=6144 sync=37.315 ms plan=0.340 ms stage/compute=120.545 ms misses=226
ds4: Flash-MoE hybrid prefill layer=10 ane_groups=0 ane_refs=0 gpu_i8_groups=0 gpu_i8_refs=0 fp32_groups=0 ane_min_refs=512 concurrent=1 ane_pipeline=1 output_queue=4 async_ane=0 gpu_overlap=0 finishes=0 waits=0
ds4: Flash-MoE overlap plan layer=10 exec_groups=226 planned_ane_groups=0 planned_ane_refs=0 planned_gpu_groups=226 planned_gpu_refs=6144 tail_gpu_groups=0 tail_gpu_refs=0 planned_ssd_groups=226 est_gpu=20608.0 est_ane=0.0 est_idle=100.00% wall=120.182 ms actual_ane_groups=0 actual_ane_refs=0 actual_gpu_groups=0 actual_gpu_refs=0 finishes=0 waits=0 overlap_gpu_groups=0
ds4: Flash-MoE async pread canceled queued=0 reading=0 ready=690 finished=0
ds4: gpu chunked prefill pos=2048 tokens=1024 layer 10 encode=158.464 ms execute=2.620 ms
ds4: Flash-MoE prefill layer=11 tokens=1024 unique=236 refs=6144 sync=14.569 ms plan=0.324 ms stage/compute=121.735 ms misses=236
ds4: Flash-MoE hybrid prefill layer=11 ane_groups=0 ane_refs=0 gpu_i8_groups=0 gpu_i8_refs=0 fp32_groups=0 ane_min_refs=512 concurrent=1 ane_pipeline=1 output_queue=4 async_ane=0 gpu_overlap=0 finishes=0 waits=0
ds4: Flash-MoE overlap plan layer=11 exec_groups=236 planned_ane_groups=0 planned_ane_refs=0 planned_gpu_groups=236 planned_gpu_refs=6144 tail_gpu_groups=0 tail_gpu_refs=0 planned_ssd_groups=236 est_gpu=21248.0 est_ane=0.0 est_idle=100.00% wall=121.365 ms actual_ane_groups=0 actual_ane_refs=0 actual_gpu_groups=0 actual_gpu_refs=0 finishes=0 waits=0 overlap_gpu_groups=0
ds4: Flash-MoE async pread canceled queued=0 reading=0 ready=695 finished=0
ds4: gpu chunked prefill pos=2048 tokens=1024 layer 11 encode=137.160 ms execute=2.568 ms
ds4: Flash-MoE prefill layer=12 tokens=1024 unique=210 refs=6144 sync=37.334 ms plan=0.395 ms stage/compute=111.621 ms misses=210
ds4: Flash-MoE hybrid prefill layer=12 ane_groups=0 ane_refs=0 gpu_i8_groups=0 gpu_i8_refs=0 fp32_groups=0 ane_min_refs=512 concurrent=1 ane_pipeline=1 output_queue=4 async_ane=0 gpu_overlap=0 finishes=0 waits=0
ds4: Flash-MoE overlap plan layer=12 exec_groups=210 planned_ane_groups=0 planned_ane_refs=0 planned_gpu_groups=210 planned_gpu_refs=6144 tail_gpu_groups=0 tail_gpu_refs=0 planned_ssd_groups=210 est_gpu=19584.0 est_ane=0.0 est_idle=100.00% wall=111.271 ms actual_ane_groups=0 actual_ane_refs=0 actual_gpu_groups=0 actual_gpu_refs=0 finishes=0 waits=0 overlap_gpu_groups=0
ds4: Flash-MoE async pread canceled queued=0 reading=0 ready=705 finished=0
ds4: gpu chunked prefill pos=2048 tokens=1024 layer 12 encode=149.647 ms execute=2.573 ms
ds4: Flash-MoE prefill layer=13 tokens=1024 unique=214 refs=6144 sync=14.520 ms plan=0.361 ms stage/compute=112.046 ms misses=214
ds4: Flash-MoE hybrid prefill layer=13 ane_groups=0 ane_refs=0 gpu_i8_groups=0 gpu_i8_refs=0 fp32_groups=0 ane_min_refs=512 concurrent=1 ane_pipeline=1 output_queue=4 async_ane=0 gpu_overlap=0 finishes=0 waits=0
ds4: Flash-MoE overlap plan layer=13 exec_groups=214 planned_ane_groups=0 planned_ane_refs=0 planned_gpu_groups=214 planned_gpu_refs=6144 tail_gpu_groups=0 tail_gpu_refs=0 planned_ssd_groups=214 est_gpu=19840.0 est_ane=0.0 est_idle=100.00% wall=111.691 ms actual_ane_groups=0 actual_ane_refs=0 actual_gpu_groups=0 actual_gpu_refs=0 finishes=0 waits=0 overlap_gpu_groups=0
ds4: Flash-MoE async pread canceled queued=0 reading=0 ready=711 finished=0
ds4: gpu chunked prefill pos=2048 tokens=1024 layer 13 encode=127.489 ms execute=2.729 ms
ds4: Flash-MoE prefill layer=14 tokens=1024 unique=214 refs=6144 sync=37.191 ms plan=0.323 ms stage/compute=114.525 ms misses=214
ds4: Flash-MoE hybrid prefill layer=14 ane_groups=0 ane_refs=0 gpu_i8_groups=0 gpu_i8_refs=0 fp32_groups=0 ane_min_refs=512 concurrent=1 ane_pipeline=1 output_queue=4 async_ane=0 gpu_overlap=0 finishes=0 waits=0
ds4: Flash-MoE overlap plan layer=14 exec_groups=214 planned_ane_groups=0 planned_ane_refs=0 planned_gpu_groups=214 planned_gpu_refs=6144 tail_gpu_groups=0 tail_gpu_refs=0 planned_ssd_groups=214 est_gpu=19840.0 est_ane=0.0 est_idle=100.00% wall=114.156 ms actual_ane_groups=0 actual_ane_refs=0 actual_gpu_groups=0 actual_gpu_refs=0 finishes=0 waits=0 overlap_gpu_groups=0
ds4: Flash-MoE async pread canceled queued=0 reading=0 ready=721 finished=0
ds4: gpu chunked prefill pos=2048 tokens=1024 layer 14 encode=152.301 ms execute=2.585 ms
ds4: Flash-MoE prefill layer=15 tokens=1024 unique=209 refs=6144 sync=14.593 ms plan=0.338 ms stage/compute=107.843 ms misses=209
ds4: Flash-MoE hybrid prefill layer=15 ane_groups=0 ane_refs=0 gpu_i8_groups=0 gpu_i8_refs=0 fp32_groups=0 ane_min_refs=512 concurrent=1 ane_pipeline=1 output_queue=4 async_ane=0 gpu_overlap=0 finishes=0 waits=0
ds4: Flash-MoE overlap plan layer=15 exec_groups=209 planned_ane_groups=0 planned_ane_refs=0 planned_gpu_groups=209 planned_gpu_refs=6144 tail_gpu_groups=0 tail_gpu_refs=0 planned_ssd_groups=209 est_gpu=19520.0 est_ane=0.0 est_idle=100.00% wall=107.500 ms actual_ane_groups=0 actual_ane_refs=0 actual_gpu_groups=0 actual_gpu_refs=0 finishes=0 waits=0 overlap_gpu_groups=0
ds4: Flash-MoE async pread canceled queued=0 reading=0 ready=726 finished=0
ds4: gpu chunked prefill pos=2048 tokens=1024 layer 15 encode=123.295 ms execute=2.621 ms
ds4: Flash-MoE prefill layer=16 tokens=1024 unique=206 refs=6144 sync=37.008 ms plan=0.350 ms stage/compute=113.059 ms misses=206
ds4: Flash-MoE hybrid prefill layer=16 ane_groups=0 ane_refs=0 gpu_i8_groups=0 gpu_i8_refs=0 fp32_groups=0 ane_min_refs=512 concurrent=1 ane_pipeline=1 output_queue=4 async_ane=0 gpu_overlap=0 finishes=0 waits=0
ds4: Flash-MoE overlap plan layer=16 exec_groups=206 planned_ane_groups=0 planned_ane_refs=0 planned_gpu_groups=206 planned_gpu_refs=6144 tail_gpu_groups=0 tail_gpu_refs=0 planned_ssd_groups=206 est_gpu=19328.0 est_ane=0.0 est_idle=100.00% wall=112.710 ms actual_ane_groups=0 actual_ane_refs=0 actual_gpu_groups=0 actual_gpu_refs=0 finishes=0 waits=0 overlap_gpu_groups=0
ds4: Flash-MoE async pread canceled queued=0 reading=0 ready=738 finished=0
ds4: gpu chunked prefill pos=2048 tokens=1024 layer 16 encode=150.761 ms execute=2.602 ms
ds4: Flash-MoE prefill layer=17 tokens=1024 unique=218 refs=6144 sync=14.672 ms plan=0.291 ms stage/compute=112.549 ms misses=218
ds4: Flash-MoE hybrid prefill layer=17 ane_groups=0 ane_refs=0 gpu_i8_groups=0 gpu_i8_refs=0 fp32_groups=0 ane_min_refs=512 concurrent=1 ane_pipeline=1 output_queue=4 async_ane=0 gpu_overlap=0 finishes=0 waits=0
ds4: Flash-MoE overlap plan layer=17 exec_groups=218 planned_ane_groups=0 planned_ane_refs=0 planned_gpu_groups=218 planned_gpu_refs=6144 tail_gpu_groups=0 tail_gpu_refs=0 planned_ssd_groups=218 est_gpu=20096.0 est_ane=0.0 est_idle=100.00% wall=112.196 ms actual_ane_groups=0 actual_ane_refs=0 actual_gpu_groups=0 actual_gpu_refs=0 finishes=0 waits=0 overlap_gpu_groups=0
ds4: Flash-MoE async pread canceled queued=0 reading=0 ready=745 finished=0
ds4: gpu chunked prefill pos=2048 tokens=1024 layer 17 encode=127.996 ms execute=2.567 ms
ds4: Flash-MoE prefill layer=18 tokens=1024 unique=211 refs=6144 sync=37.076 ms plan=0.307 ms stage/compute=107.908 ms misses=211
ds4: Flash-MoE hybrid prefill layer=18 ane_groups=0 ane_refs=0 gpu_i8_groups=0 gpu_i8_refs=0 fp32_groups=0 ane_min_refs=512 concurrent=1 ane_pipeline=1 output_queue=4 async_ane=0 gpu_overlap=0 finishes=0 waits=0
ds4: Flash-MoE overlap plan layer=18 exec_groups=211 planned_ane_groups=0 planned_ane_refs=0 planned_gpu_groups=211 planned_gpu_refs=6144 tail_gpu_groups=0 tail_gpu_refs=0 planned_ssd_groups=211 est_gpu=19648.0 est_ane=0.0 est_idle=100.00% wall=107.543 ms actual_ane_groups=0 actual_ane_refs=0 actual_gpu_groups=0 actual_gpu_refs=0 finishes=0 waits=0 overlap_gpu_groups=0
ds4: Flash-MoE async pread canceled queued=0 reading=0 ready=754 finished=0
ds4: gpu chunked prefill pos=2048 tokens=1024 layer 18 encode=145.560 ms execute=2.631 ms
ds4: Flash-MoE prefill layer=19 tokens=1024 unique=231 refs=6144 sync=14.415 ms plan=0.293 ms stage/compute=123.335 ms misses=231
ds4: Flash-MoE hybrid prefill layer=19 ane_groups=0 ane_refs=0 gpu_i8_groups=0 gpu_i8_refs=0 fp32_groups=0 ane_min_refs=512 concurrent=1 ane_pipeline=1 output_queue=4 async_ane=0 gpu_overlap=0 finishes=0 waits=0
ds4: Flash-MoE overlap plan layer=19 exec_groups=231 planned_ane_groups=0 planned_ane_refs=0 planned_gpu_groups=231 planned_gpu_refs=6144 tail_gpu_groups=0 tail_gpu_refs=0 planned_ssd_groups=231 est_gpu=20928.0 est_ane=0.0 est_idle=100.00% wall=122.975 ms actual_ane_groups=0 actual_ane_refs=0 actual_gpu_groups=0 actual_gpu_refs=0 finishes=0 waits=0 overlap_gpu_groups=0
ds4: Flash-MoE async pread canceled queued=0 reading=0 ready=757 finished=0
ds4: gpu chunked prefill pos=2048 tokens=1024 layer 19 encode=138.519 ms execute=2.577 ms
ds4: Flash-MoE prefill layer=20 tokens=1024 unique=196 refs=6144 sync=36.899 ms plan=0.333 ms stage/compute=101.962 ms misses=196
ds4: Flash-MoE hybrid prefill layer=20 ane_groups=1 ane_refs=546 gpu_i8_groups=0 gpu_i8_refs=0 fp32_groups=0 ane_min_refs=512 concurrent=1 ane_pipeline=1 output_queue=4 async_ane=1 gpu_overlap=195 finishes=1 waits=2
ds4: Flash-MoE overlap plan layer=20 exec_groups=196 planned_ane_groups=1 planned_ane_refs=546 planned_gpu_groups=195 planned_gpu_refs=5598 tail_gpu_groups=0 tail_gpu_refs=0 planned_ssd_groups=196 est_gpu=18078.0 est_ane=167.8 est_idle=99.07% wall=101.640 ms actual_ane_groups=1 actual_ane_refs=546 actual_gpu_groups=0 actual_gpu_refs=0 finishes=1 waits=2 overlap_gpu_groups=195
ds4: Flash-MoE async pread canceled queued=0 reading=0 ready=769 finished=0
ds4: gpu chunked prefill pos=2048 tokens=1024 layer 20 encode=139.493 ms execute=2.597 ms
ds4: Flash-MoE prefill layer=21 tokens=1024 unique=213 refs=6144 sync=14.454 ms plan=0.327 ms stage/compute=113.706 ms misses=213
ds4: Flash-MoE hybrid prefill layer=21 ane_groups=0 ane_refs=0 gpu_i8_groups=0 gpu_i8_refs=0 fp32_groups=0 ane_min_refs=512 concurrent=1 ane_pipeline=1 output_queue=4 async_ane=0 gpu_overlap=0 finishes=0 waits=0
ds4: Flash-MoE overlap plan layer=21 exec_groups=213 planned_ane_groups=0 planned_ane_refs=0 planned_gpu_groups=213 planned_gpu_refs=6144 tail_gpu_groups=0 tail_gpu_refs=0 planned_ssd_groups=213 est_gpu=19776.0 est_ane=0.0 est_idle=100.00% wall=113.355 ms actual_ane_groups=0 actual_ane_refs=0 actual_gpu_groups=0 actual_gpu_refs=0 finishes=0 waits=0 overlap_gpu_groups=0
ds4: Flash-MoE async pread canceled queued=0 reading=0 ready=776 finished=0
ds4: gpu chunked prefill pos=2048 tokens=1024 layer 21 encode=128.981 ms execute=2.568 ms
ds4: Flash-MoE prefill layer=22 tokens=1024 unique=209 refs=6144 sync=37.441 ms plan=0.358 ms stage/compute=109.747 ms misses=209
ds4: Flash-MoE hybrid prefill layer=22 ane_groups=0 ane_refs=0 gpu_i8_groups=0 gpu_i8_refs=0 fp32_groups=0 ane_min_refs=512 concurrent=1 ane_pipeline=1 output_queue=4 async_ane=0 gpu_overlap=0 finishes=0 waits=0
ds4: Flash-MoE overlap plan layer=22 exec_groups=209 planned_ane_groups=0 planned_ane_refs=0 planned_gpu_groups=209 planned_gpu_refs=6144 tail_gpu_groups=0 tail_gpu_refs=0 planned_ssd_groups=209 est_gpu=19520.0 est_ane=0.0 est_idle=100.00% wall=109.381 ms actual_ane_groups=0 actual_ane_refs=0 actual_gpu_groups=0 actual_gpu_refs=0 finishes=0 waits=0 overlap_gpu_groups=0
ds4: Flash-MoE async pread canceled queued=0 reading=0 ready=783 finished=0
ds4: gpu chunked prefill pos=2048 tokens=1024 layer 22 encode=147.805 ms execute=2.576 ms
ds4: Flash-MoE prefill layer=23 tokens=1024 unique=223 refs=6144 sync=14.452 ms plan=0.334 ms stage/compute=118.531 ms misses=223
ds4: Flash-MoE hybrid prefill layer=23 ane_groups=0 ane_refs=0 gpu_i8_groups=0 gpu_i8_refs=0 fp32_groups=0 ane_min_refs=512 concurrent=1 ane_pipeline=1 output_queue=4 async_ane=0 gpu_overlap=0 finishes=0 waits=0
ds4: Flash-MoE overlap plan layer=23 exec_groups=223 planned_ane_groups=0 planned_ane_refs=0 planned_gpu_groups=223 planned_gpu_refs=6144 tail_gpu_groups=0 tail_gpu_refs=0 planned_ssd_groups=223 est_gpu=20416.0 est_ane=0.0 est_idle=100.00% wall=118.170 ms actual_ane_groups=0 actual_ane_refs=0 actual_gpu_groups=0 actual_gpu_refs=0 finishes=0 waits=0 overlap_gpu_groups=0
ds4: Flash-MoE async pread canceled queued=0 reading=0 ready=789 finished=0
ds4: gpu chunked prefill pos=2048 tokens=1024 layer 23 encode=133.844 ms execute=2.607 ms
ds4: Flash-MoE prefill layer=24 tokens=1024 unique=212 refs=6144 sync=37.092 ms plan=0.408 ms stage/compute=111.746 ms misses=212
ds4: Flash-MoE hybrid prefill layer=24 ane_groups=0 ane_refs=0 gpu_i8_groups=0 gpu_i8_refs=0 fp32_groups=0 ane_min_refs=512 concurrent=1 ane_pipeline=1 output_queue=4 async_ane=0 gpu_overlap=0 finishes=0 waits=0
ds4: Flash-MoE overlap plan layer=24 exec_groups=212 planned_ane_groups=0 planned_ane_refs=0 planned_gpu_groups=212 planned_gpu_refs=6144 tail_gpu_groups=0 tail_gpu_refs=0 planned_ssd_groups=212 est_gpu=19712.0 est_ane=0.0 est_idle=100.00% wall=111.404 ms actual_ane_groups=0 actual_ane_refs=0 actual_gpu_groups=0 actual_gpu_refs=0 finishes=0 waits=0 overlap_gpu_groups=0
ds4: Flash-MoE async pread canceled queued=0 reading=0 ready=793 finished=0
ds4: gpu chunked prefill pos=2048 tokens=1024 layer 24 encode=149.508 ms execute=2.569 ms
ds4: Flash-MoE prefill layer=25 tokens=1024 unique=214 refs=6144 sync=14.460 ms plan=0.301 ms stage/compute=114.714 ms misses=214
ds4: Flash-MoE hybrid prefill layer=25 ane_groups=0 ane_refs=0 gpu_i8_groups=0 gpu_i8_refs=0 fp32_groups=0 ane_min_refs=512 concurrent=1 ane_pipeline=1 output_queue=4 async_ane=0 gpu_overlap=0 finishes=0 waits=0
ds4: Flash-MoE overlap plan layer=25 exec_groups=214 planned_ane_groups=0 planned_ane_refs=0 planned_gpu_groups=214 planned_gpu_refs=6144 tail_gpu_groups=0 tail_gpu_refs=0 planned_ssd_groups=214 est_gpu=19840.0 est_ane=0.0 est_idle=100.00% wall=114.363 ms actual_ane_groups=0 actual_ane_refs=0 actual_gpu_groups=0 actual_gpu_refs=0 finishes=0 waits=0 overlap_gpu_groups=0
ds4: Flash-MoE async pread canceled queued=0 reading=0 ready=802 finished=0
ds4: gpu chunked prefill pos=2048 tokens=1024 layer 25 encode=129.983 ms execute=2.600 ms
ds4: Flash-MoE prefill layer=26 tokens=1024 unique=208 refs=6144 sync=36.849 ms plan=0.300 ms stage/compute=108.657 ms misses=208
ds4: Flash-MoE hybrid prefill layer=26 ane_groups=0 ane_refs=0 gpu_i8_groups=0 gpu_i8_refs=0 fp32_groups=0 ane_min_refs=512 concurrent=1 ane_pipeline=1 output_queue=4 async_ane=0 gpu_overlap=0 finishes=0 waits=0
ds4: Flash-MoE overlap plan layer=26 exec_groups=208 planned_ane_groups=0 planned_ane_refs=0 planned_gpu_groups=208 planned_gpu_refs=6144 tail_gpu_groups=0 tail_gpu_refs=0 planned_ssd_groups=208 est_gpu=19456.0 est_ane=0.0 est_idle=100.00% wall=108.321 ms actual_ane_groups=0 actual_ane_refs=0 actual_gpu_groups=0 actual_gpu_refs=0 finishes=0 waits=0 overlap_gpu_groups=0
ds4: Flash-MoE async pread canceled queued=0 reading=0 ready=807 finished=0
ds4: gpu chunked prefill pos=2048 tokens=1024 layer 26 encode=146.105 ms execute=2.592 ms
ds4: Flash-MoE prefill layer=27 tokens=1024 unique=223 refs=6144 sync=14.470 ms plan=0.332 ms stage/compute=118.029 ms misses=223
ds4: Flash-MoE hybrid prefill layer=27 ane_groups=0 ane_refs=0 gpu_i8_groups=0 gpu_i8_refs=0 fp32_groups=0 ane_min_refs=512 concurrent=1 ane_pipeline=1 output_queue=4 async_ane=0 gpu_overlap=0 finishes=0 waits=0
ds4: Flash-MoE overlap plan layer=27 exec_groups=223 planned_ane_groups=0 planned_ane_refs=0 planned_gpu_groups=223 planned_gpu_refs=6144 tail_gpu_groups=0 tail_gpu_refs=0 planned_ssd_groups=223 est_gpu=20416.0 est_ane=0.0 est_idle=100.00% wall=117.668 ms actual_ane_groups=0 actual_ane_refs=0 actual_gpu_groups=0 actual_gpu_refs=0 finishes=0 waits=0 overlap_gpu_groups=0
ds4: Flash-MoE async pread canceled queued=0 reading=0 ready=812 finished=0
ds4: gpu chunked prefill pos=2048 tokens=1024 layer 27 encode=133.324 ms execute=2.568 ms
ds4: Flash-MoE prefill layer=28 tokens=1024 unique=211 refs=6144 sync=36.870 ms plan=0.299 ms stage/compute=115.197 ms misses=211
ds4: Flash-MoE hybrid prefill layer=28 ane_groups=0 ane_refs=0 gpu_i8_groups=0 gpu_i8_refs=0 fp32_groups=0 ane_min_refs=512 concurrent=1 ane_pipeline=1 output_queue=4 async_ane=0 gpu_overlap=0 finishes=0 waits=0
ds4: Flash-MoE overlap plan layer=28 exec_groups=211 planned_ane_groups=0 planned_ane_refs=0 planned_gpu_groups=211 planned_gpu_refs=6144 tail_gpu_groups=0 tail_gpu_refs=0 planned_ssd_groups=211 est_gpu=19648.0 est_ane=0.0 est_idle=100.00% wall=114.865 ms actual_ane_groups=0 actual_ane_refs=0 actual_gpu_groups=0 actual_gpu_refs=0 finishes=0 waits=0 overlap_gpu_groups=0
ds4: Flash-MoE async pread canceled queued=0 reading=0 ready=825 finished=0
ds4: gpu chunked prefill pos=2048 tokens=1024 layer 28 encode=152.621 ms execute=2.642 ms
ds4: Flash-MoE prefill layer=29 tokens=1024 unique=212 refs=6144 sync=14.667 ms plan=0.336 ms stage/compute=113.066 ms misses=212
ds4: Flash-MoE hybrid prefill layer=29 ane_groups=0 ane_refs=0 gpu_i8_groups=0 gpu_i8_refs=0 fp32_groups=0 ane_min_refs=512 concurrent=1 ane_pipeline=1 output_queue=4 async_ane=0 gpu_overlap=0 finishes=0 waits=0
ds4: Flash-MoE overlap plan layer=29 exec_groups=212 planned_ane_groups=0 planned_ane_refs=0 planned_gpu_groups=212 planned_gpu_refs=6144 tail_gpu_groups=0 tail_gpu_refs=0 planned_ssd_groups=212 est_gpu=19712.0 est_ane=0.0 est_idle=100.00% wall=112.727 ms actual_ane_groups=0 actual_ane_refs=0 actual_gpu_groups=0 actual_gpu_refs=0 finishes=0 waits=0 overlap_gpu_groups=0
ds4: Flash-MoE async pread canceled queued=0 reading=0 ready=837 finished=0
ds4: gpu chunked prefill pos=2048 tokens=1024 layer 29 encode=128.634 ms execute=2.613 ms
ds4: Flash-MoE prefill layer=30 tokens=1024 unique=216 refs=6144 sync=36.835 ms plan=0.327 ms stage/compute=113.165 ms misses=216
ds4: Flash-MoE hybrid prefill layer=30 ane_groups=0 ane_refs=0 gpu_i8_groups=0 gpu_i8_refs=0 fp32_groups=0 ane_min_refs=512 concurrent=1 ane_pipeline=1 output_queue=4 async_ane=0 gpu_overlap=0 finishes=0 waits=0
ds4: Flash-MoE overlap plan layer=30 exec_groups=216 planned_ane_groups=0 planned_ane_refs=0 planned_gpu_groups=216 planned_gpu_refs=6144 tail_gpu_groups=0 tail_gpu_refs=0 planned_ssd_groups=216 est_gpu=19968.0 est_ane=0.0 est_idle=100.00% wall=112.826 ms actual_ane_groups=0 actual_ane_refs=0 actual_gpu_groups=0 actual_gpu_refs=0 finishes=0 waits=0 overlap_gpu_groups=0
ds4: Flash-MoE async pread canceled queued=0 reading=0 ready=845 finished=0
ds4: gpu chunked prefill pos=2048 tokens=1024 layer 30 encode=150.587 ms execute=2.583 ms
ds4: Flash-MoE prefill layer=31 tokens=1024 unique=209 refs=6144 sync=14.445 ms plan=0.316 ms stage/compute=110.268 ms misses=209
ds4: Flash-MoE hybrid prefill layer=31 ane_groups=0 ane_refs=0 gpu_i8_groups=0 gpu_i8_refs=0 fp32_groups=0 ane_min_refs=512 concurrent=1 ane_pipeline=1 output_queue=4 async_ane=0 gpu_overlap=0 finishes=0 waits=0
ds4: Flash-MoE overlap plan layer=31 exec_groups=209 planned_ane_groups=0 planned_ane_refs=0 planned_gpu_groups=209 planned_gpu_refs=6144 tail_gpu_groups=0 tail_gpu_refs=0 planned_ssd_groups=209 est_gpu=19520.0 est_ane=0.0 est_idle=100.00% wall=109.912 ms actual_ane_groups=0 actual_ane_refs=0 actual_gpu_groups=0 actual_gpu_refs=0 finishes=0 waits=0 overlap_gpu_groups=0
ds4: Flash-MoE async pread canceled queued=0 reading=0 ready=853 finished=0
ds4: gpu chunked prefill pos=2048 tokens=1024 layer 31 encode=125.544 ms execute=2.569 ms
ds4: Flash-MoE prefill layer=32 tokens=1024 unique=210 refs=6144 sync=36.880 ms plan=0.339 ms stage/compute=113.560 ms misses=210
ds4: Flash-MoE hybrid prefill layer=32 ane_groups=0 ane_refs=0 gpu_i8_groups=0 gpu_i8_refs=0 fp32_groups=0 ane_min_refs=512 concurrent=1 ane_pipeline=1 output_queue=4 async_ane=0 gpu_overlap=0 finishes=0 waits=0
ds4: Flash-MoE overlap plan layer=32 exec_groups=210 planned_ane_groups=0 planned_ane_refs=0 planned_gpu_groups=210 planned_gpu_refs=6144 tail_gpu_groups=0 tail_gpu_refs=0 planned_ssd_groups=210 est_gpu=19584.0 est_ane=0.0 est_idle=100.00% wall=113.196 ms actual_ane_groups=0 actual_ane_refs=0 actual_gpu_groups=0 actual_gpu_refs=0 finishes=0 waits=0 overlap_gpu_groups=0
ds4: Flash-MoE async pread canceled queued=0 reading=0 ready=861 finished=0
ds4: gpu chunked prefill pos=2048 tokens=1024 layer 32 encode=151.053 ms execute=2.585 ms
ds4: Flash-MoE prefill layer=33 tokens=1024 unique=202 refs=6144 sync=14.451 ms plan=0.320 ms stage/compute=109.693 ms misses=202
ds4: Flash-MoE hybrid prefill layer=33 ane_groups=0 ane_refs=0 gpu_i8_groups=0 gpu_i8_refs=0 fp32_groups=0 ane_min_refs=512 concurrent=1 ane_pipeline=1 output_queue=4 async_ane=0 gpu_overlap=0 finishes=0 waits=0
ds4: Flash-MoE overlap plan layer=33 exec_groups=202 planned_ane_groups=0 planned_ane_refs=0 planned_gpu_groups=202 planned_gpu_refs=6144 tail_gpu_groups=0 tail_gpu_refs=0 planned_ssd_groups=202 est_gpu=19072.0 est_ane=0.0 est_idle=100.00% wall=109.325 ms actual_ane_groups=0 actual_ane_refs=0 actual_gpu_groups=0 actual_gpu_refs=0 finishes=0 waits=0 overlap_gpu_groups=0
ds4: Flash-MoE async pread canceled queued=0 reading=0 ready=873 finished=0
ds4: gpu chunked prefill pos=2048 tokens=1024 layer 33 encode=124.953 ms execute=2.577 ms
ds4: Flash-MoE prefill layer=34 tokens=1024 unique=207 refs=6144 sync=37.285 ms plan=0.312 ms stage/compute=109.929 ms misses=207
ds4: Flash-MoE hybrid prefill layer=34 ane_groups=0 ane_refs=0 gpu_i8_groups=0 gpu_i8_refs=0 fp32_groups=0 ane_min_refs=512 concurrent=1 ane_pipeline=1 output_queue=4 async_ane=0 gpu_overlap=0 finishes=0 waits=0
ds4: Flash-MoE overlap plan layer=34 exec_groups=207 planned_ane_groups=0 planned_ane_refs=0 planned_gpu_groups=207 planned_gpu_refs=6144 tail_gpu_groups=0 tail_gpu_refs=0 planned_ssd_groups=207 est_gpu=19392.0 est_ane=0.0 est_idle=100.00% wall=109.579 ms actual_ane_groups=0 actual_ane_refs=0 actual_gpu_groups=0 actual_gpu_refs=0 finishes=0 waits=0 overlap_gpu_groups=0
ds4: Flash-MoE async pread canceled queued=0 reading=0 ready=882 finished=0
ds4: gpu chunked prefill pos=2048 tokens=1024 layer 34 encode=147.807 ms execute=2.602 ms
ds4: Flash-MoE prefill layer=35 tokens=1024 unique=215 refs=6144 sync=14.394 ms plan=0.344 ms stage/compute=112.325 ms misses=215
ds4: Flash-MoE hybrid prefill layer=35 ane_groups=0 ane_refs=0 gpu_i8_groups=0 gpu_i8_refs=0 fp32_groups=0 ane_min_refs=512 concurrent=1 ane_pipeline=1 output_queue=4 async_ane=0 gpu_overlap=0 finishes=0 waits=0
ds4: Flash-MoE overlap plan layer=35 exec_groups=215 planned_ane_groups=0 planned_ane_refs=0 planned_gpu_groups=215 planned_gpu_refs=6144 tail_gpu_groups=0 tail_gpu_refs=0 planned_ssd_groups=215 est_gpu=19904.0 est_ane=0.0 est_idle=100.00% wall=111.939 ms actual_ane_groups=0 actual_ane_refs=0 actual_gpu_groups=0 actual_gpu_refs=0 finishes=0 waits=0 overlap_gpu_groups=0
ds4: Flash-MoE async pread canceled queued=0 reading=0 ready=891 finished=0
ds4: gpu chunked prefill pos=2048 tokens=1024 layer 35 encode=127.600 ms execute=2.571 ms
ds4: Flash-MoE prefill layer=36 tokens=1024 unique=214 refs=6144 sync=37.160 ms plan=0.335 ms stage/compute=109.062 ms misses=214
ds4: Flash-MoE hybrid prefill layer=36 ane_groups=0 ane_refs=0 gpu_i8_groups=0 gpu_i8_refs=0 fp32_groups=0 ane_min_refs=512 concurrent=1 ane_pipeline=1 output_queue=4 async_ane=0 gpu_overlap=0 finishes=0 waits=0
ds4: Flash-MoE overlap plan layer=36 exec_groups=214 planned_ane_groups=0 planned_ane_refs=0 planned_gpu_groups=214 planned_gpu_refs=6144 tail_gpu_groups=0 tail_gpu_refs=0 planned_ssd_groups=214 est_gpu=19840.0 est_ane=0.0 est_idle=100.00% wall=108.711 ms actual_ane_groups=0 actual_ane_refs=0 actual_gpu_groups=0 actual_gpu_refs=0 finishes=0 waits=0 overlap_gpu_groups=0
ds4: Flash-MoE async pread canceled queued=0 reading=0 ready=899 finished=0
ds4: gpu chunked prefill pos=2048 tokens=1024 layer 36 encode=146.827 ms execute=2.642 ms
ds4: Flash-MoE prefill layer=37 tokens=1024 unique=210 refs=6144 sync=14.469 ms plan=0.343 ms stage/compute=107.563 ms misses=210
ds4: Flash-MoE hybrid prefill layer=37 ane_groups=1 ane_refs=554 gpu_i8_groups=0 gpu_i8_refs=0 fp32_groups=0 ane_min_refs=512 concurrent=1 ane_pipeline=1 output_queue=4 async_ane=1 gpu_overlap=209 finishes=1 waits=2
ds4: Flash-MoE overlap plan layer=37 exec_groups=210 planned_ane_groups=1 planned_ane_refs=554 planned_gpu_groups=209 planned_gpu_refs=5590 tail_gpu_groups=0 tail_gpu_refs=0 planned_ssd_groups=210 est_gpu=18966.0 est_ane=167.8 est_idle=99.12% wall=107.217 ms actual_ane_groups=1 actual_ane_refs=554 actual_gpu_groups=0 actual_gpu_refs=0 finishes=1 waits=2 overlap_gpu_groups=209
ds4: Flash-MoE async pread canceled queued=0 reading=0 ready=910 finished=0
ds4: gpu chunked prefill pos=2048 tokens=1024 layer 37 encode=122.888 ms execute=2.604 ms
ds4: Flash-MoE prefill layer=38 tokens=1024 unique=212 refs=6144 sync=36.839 ms plan=0.286 ms stage/compute=109.669 ms misses=212
ds4: Flash-MoE hybrid prefill layer=38 ane_groups=0 ane_refs=0 gpu_i8_groups=0 gpu_i8_refs=0 fp32_groups=0 ane_min_refs=512 concurrent=1 ane_pipeline=1 output_queue=4 async_ane=0 gpu_overlap=0 finishes=0 waits=0
ds4: Flash-MoE overlap plan layer=38 exec_groups=212 planned_ane_groups=0 planned_ane_refs=0 planned_gpu_groups=212 planned_gpu_refs=6144 tail_gpu_groups=0 tail_gpu_refs=0 planned_ssd_groups=212 est_gpu=19712.0 est_ane=0.0 est_idle=100.00% wall=109.316 ms actual_ane_groups=0 actual_ane_refs=0 actual_gpu_groups=0 actual_gpu_refs=0 finishes=0 waits=0 overlap_gpu_groups=0
ds4: Flash-MoE async pread canceled queued=0 reading=0 ready=918 finished=0
ds4: gpu chunked prefill pos=2048 tokens=1024 layer 38 encode=147.049 ms execute=2.563 ms
ds4: Flash-MoE prefill layer=39 tokens=1024 unique=215 refs=6144 sync=14.570 ms plan=0.293 ms stage/compute=112.499 ms misses=215
ds4: Flash-MoE hybrid prefill layer=39 ane_groups=0 ane_refs=0 gpu_i8_groups=0 gpu_i8_refs=0 fp32_groups=0 ane_min_refs=512 concurrent=1 ane_pipeline=1 output_queue=4 async_ane=0 gpu_overlap=0 finishes=0 waits=0
ds4: Flash-MoE overlap plan layer=39 exec_groups=215 planned_ane_groups=0 planned_ane_refs=0 planned_gpu_groups=215 planned_gpu_refs=6144 tail_gpu_groups=0 tail_gpu_refs=0 planned_ssd_groups=215 est_gpu=19904.0 est_ane=0.0 est_idle=100.00% wall=112.145 ms actual_ane_groups=0 actual_ane_refs=0 actual_gpu_groups=0 actual_gpu_refs=0 finishes=0 waits=0 overlap_gpu_groups=0
ds4: Flash-MoE async pread canceled queued=0 reading=0 ready=928 finished=0
ds4: gpu chunked prefill pos=2048 tokens=1024 layer 39 encode=127.863 ms execute=2.561 ms
ds4: Flash-MoE prefill layer=40 tokens=1024 unique=177 refs=6144 sync=36.870 ms plan=0.360 ms stage/compute=93.963 ms misses=177
ds4: Flash-MoE hybrid prefill layer=40 ane_groups=1 ane_refs=940 gpu_i8_groups=0 gpu_i8_refs=0 fp32_groups=0 ane_min_refs=512 concurrent=1 ane_pipeline=1 output_queue=4 async_ane=1 gpu_overlap=176 finishes=1 waits=2
ds4: Flash-MoE overlap plan layer=40 exec_groups=177 planned_ane_groups=1 planned_ane_refs=940 planned_gpu_groups=176 planned_gpu_refs=5204 tail_gpu_groups=0 tail_gpu_refs=0 planned_ssd_groups=177 est_gpu=16468.0 est_ane=170.3 est_idle=98.97% wall=93.637 ms actual_ane_groups=1 actual_ane_refs=940 actual_gpu_groups=0 actual_gpu_refs=0 finishes=1 waits=2 overlap_gpu_groups=176
ds4: Flash-MoE async pread canceled queued=0 reading=0 ready=940 finished=0
ds4: gpu chunked prefill pos=2048 tokens=1024 layer 40 encode=131.460 ms execute=2.654 ms
ds4: Flash-MoE prefill layer=41 tokens=1024 unique=181 refs=6144 sync=14.578 ms plan=0.308 ms stage/compute=98.808 ms misses=181
ds4: Flash-MoE hybrid prefill layer=41 ane_groups=1 ane_refs=565 gpu_i8_groups=0 gpu_i8_refs=0 fp32_groups=0 ane_min_refs=512 concurrent=1 ane_pipeline=1 output_queue=4 async_ane=1 gpu_overlap=180 finishes=1 waits=2
ds4: Flash-MoE overlap plan layer=41 exec_groups=181 planned_ane_groups=1 planned_ane_refs=565 planned_gpu_groups=180 planned_gpu_refs=5579 tail_gpu_groups=0 tail_gpu_refs=0 planned_ssd_groups=181 est_gpu=17099.0 est_ane=167.8 est_idle=99.02% wall=98.485 ms actual_ane_groups=1 actual_ane_refs=565 actual_gpu_groups=0 actual_gpu_refs=0 finishes=1 waits=2 overlap_gpu_groups=180
ds4: Flash-MoE async pread canceled queued=0 reading=0 ready=955 finished=0
ds4: gpu chunked prefill pos=2048 tokens=1024 layer 41 encode=114.212 ms execute=2.578 ms
ds4: Flash-MoE prefill layer=42 tokens=1024 unique=196 refs=6144 sync=37.210 ms plan=0.377 ms stage/compute=106.767 ms misses=196
ds4: Flash-MoE hybrid prefill layer=42 ane_groups=1 ane_refs=621 gpu_i8_groups=0 gpu_i8_refs=0 fp32_groups=0 ane_min_refs=512 concurrent=1 ane_pipeline=1 output_queue=4 async_ane=1 gpu_overlap=195 finishes=1 waits=2
ds4: Flash-MoE overlap plan layer=42 exec_groups=196 planned_ane_groups=1 planned_ane_refs=621 planned_gpu_groups=195 planned_gpu_refs=5523 tail_gpu_groups=0 tail_gpu_refs=0 planned_ssd_groups=196 est_gpu=18003.0 est_ane=167.8 est_idle=99.07% wall=106.414 ms actual_ane_groups=1 actual_ane_refs=621 actual_gpu_groups=0 actual_gpu_refs=0 finishes=1 waits=2 overlap_gpu_groups=195
ds4: Flash-MoE async pread canceled queued=0 reading=0 ready=969 finished=0
ds4: gpu chunked prefill pos=2048 tokens=1024 layer 42 encode=144.626 ms execute=2.482 ms
processing 8423 input tokens: 3072/8423 (36.5%) batch=164.77 t/s avg=170.22 t/s
ds4: Flash-MoE prefill layer=0 tokens=1024 unique=256 refs=6144 sync=12.077 ms plan=0.303 ms stage/compute=147.646 ms misses=256
ds4: Flash-MoE hybrid prefill layer=0 ane_groups=0 ane_refs=0 gpu_i8_groups=0 gpu_i8_refs=0 fp32_groups=0 ane_min_refs=512 concurrent=1 ane_pipeline=1 output_queue=4 async_ane=0 gpu_overlap=0 finishes=0 waits=0
ds4: Flash-MoE overlap plan layer=0 exec_groups=256 planned_ane_groups=0 planned_ane_refs=0 planned_gpu_groups=256 planned_gpu_refs=6144 tail_gpu_groups=0 tail_gpu_refs=0 planned_ssd_groups=256 est_gpu=22528.0 est_ane=0.0 est_idle=100.00% wall=147.269 ms actual_ane_groups=0 actual_ane_refs=0 actual_gpu_groups=0 actual_gpu_refs=0 finishes=0 waits=0 overlap_gpu_groups=0
ds4: Flash-MoE async pread canceled queued=0 reading=0 ready=969 finished=0
ds4: gpu chunked prefill pos=3072 tokens=1024 layer 0 encode=160.404 ms execute=2.681 ms
ds4: Flash-MoE prefill layer=1 tokens=1024 unique=256 refs=6144 sync=12.511 ms plan=0.295 ms stage/compute=146.827 ms misses=256
ds4: Flash-MoE hybrid prefill layer=1 ane_groups=0 ane_refs=0 gpu_i8_groups=0 gpu_i8_refs=0 fp32_groups=0 ane_min_refs=512 concurrent=1 ane_pipeline=1 output_queue=4 async_ane=0 gpu_overlap=0 finishes=0 waits=0
ds4: Flash-MoE overlap plan layer=1 exec_groups=256 planned_ane_groups=0 planned_ane_refs=0 planned_gpu_groups=256 planned_gpu_refs=6144 tail_gpu_groups=0 tail_gpu_refs=0 planned_ssd_groups=256 est_gpu=22528.0 est_ane=0.0 est_idle=100.00% wall=146.433 ms actual_ane_groups=0 actual_ane_refs=0 actual_gpu_groups=0 actual_gpu_refs=0 finishes=0 waits=0 overlap_gpu_groups=0
ds4: Flash-MoE async pread canceled queued=0 reading=0 ready=969 finished=0
ds4: gpu chunked prefill pos=3072 tokens=1024 layer 1 encode=160.156 ms execute=2.624 ms
ds4: Flash-MoE prefill layer=2 tokens=1024 unique=256 refs=6144 sync=37.642 ms plan=0.319 ms stage/compute=148.095 ms misses=256
ds4: Flash-MoE hybrid prefill layer=2 ane_groups=0 ane_refs=0 gpu_i8_groups=0 gpu_i8_refs=0 fp32_groups=0 ane_min_refs=512 concurrent=1 ane_pipeline=1 output_queue=4 async_ane=0 gpu_overlap=0 finishes=0 waits=0
ds4: Flash-MoE overlap plan layer=2 exec_groups=256 planned_ane_groups=0 planned_ane_refs=0 planned_gpu_groups=256 planned_gpu_refs=6144 tail_gpu_groups=0 tail_gpu_refs=0 planned_ssd_groups=256 est_gpu=22528.0 est_ane=0.0 est_idle=100.00% wall=147.688 ms actual_ane_groups=0 actual_ane_refs=0 actual_gpu_groups=0 actual_gpu_refs=0 finishes=0 waits=0 overlap_gpu_groups=0
ds4: Flash-MoE async pread canceled queued=0 reading=0 ready=969 finished=0
ds4: gpu chunked prefill pos=3072 tokens=1024 layer 2 encode=186.319 ms execute=2.629 ms
ds4: Flash-MoE prefill layer=3 tokens=1024 unique=234 refs=6144 sync=14.596 ms plan=0.314 ms stage/compute=125.187 ms misses=234
ds4: Flash-MoE hybrid prefill layer=3 ane_groups=0 ane_refs=0 gpu_i8_groups=0 gpu_i8_refs=0 fp32_groups=0 ane_min_refs=512 concurrent=1 ane_pipeline=1 output_queue=4 async_ane=0 gpu_overlap=0 finishes=0 waits=0
ds4: Flash-MoE overlap plan layer=3 exec_groups=234 planned_ane_groups=0 planned_ane_refs=0 planned_gpu_groups=234 planned_gpu_refs=6144 tail_gpu_groups=0 tail_gpu_refs=0 planned_ssd_groups=234 est_gpu=21120.0 est_ane=0.0 est_idle=100.00% wall=124.810 ms actual_ane_groups=0 actual_ane_refs=0 actual_gpu_groups=0 actual_gpu_refs=0 finishes=0 waits=0 overlap_gpu_groups=0
ds4: Flash-MoE async pread canceled queued=0 reading=0 ready=975 finished=0
ds4: gpu chunked prefill pos=3072 tokens=1024 layer 3 encode=140.694 ms execute=2.570 ms
ds4: Flash-MoE prefill layer=4 tokens=1024 unique=222 refs=6144 sync=38.404 ms plan=0.359 ms stage/compute=116.098 ms misses=222
ds4: Flash-MoE hybrid prefill layer=4 ane_groups=0 ane_refs=0 gpu_i8_groups=0 gpu_i8_refs=0 fp32_groups=0 ane_min_refs=512 concurrent=1 ane_pipeline=1 output_queue=4 async_ane=0 gpu_overlap=0 finishes=0 waits=0
ds4: Flash-MoE overlap plan layer=4 exec_groups=222 planned_ane_groups=0 planned_ane_refs=0 planned_gpu_groups=222 planned_gpu_refs=6144 tail_gpu_groups=0 tail_gpu_refs=0 planned_ssd_groups=222 est_gpu=20352.0 est_ane=0.0 est_idle=100.00% wall=115.745 ms actual_ane_groups=0 actual_ane_refs=0 actual_gpu_groups=0 actual_gpu_refs=0 finishes=0 waits=0 overlap_gpu_groups=0
ds4: Flash-MoE async pread canceled queued=0 reading=0 ready=981 finished=0
ds4: gpu chunked prefill pos=3072 tokens=1024 layer 4 encode=155.129 ms execute=2.567 ms
ds4: Flash-MoE prefill layer=5 tokens=1024 unique=240 refs=6144 sync=14.583 ms plan=0.356 ms stage/compute=122.383 ms misses=240
ds4: Flash-MoE hybrid prefill layer=5 ane_groups=1 ane_refs=571 gpu_i8_groups=0 gpu_i8_refs=0 fp32_groups=0 ane_min_refs=512 concurrent=1 ane_pipeline=1 output_queue=4 async_ane=1 gpu_overlap=239 finishes=1 waits=2
ds4: Flash-MoE overlap plan layer=5 exec_groups=240 planned_ane_groups=1 planned_ane_refs=571 planned_gpu_groups=239 planned_gpu_refs=5573 tail_gpu_groups=0 tail_gpu_refs=0 planned_ssd_groups=240 est_gpu=20869.0 est_ane=167.8 est_idle=99.20% wall=122.012 ms actual_ane_groups=1 actual_ane_refs=571 actual_gpu_groups=0 actual_gpu_refs=0 finishes=1 waits=2 overlap_gpu_groups=239
ds4: Flash-MoE async pread canceled queued=0 reading=0 ready=984 finished=0
ds4: gpu chunked prefill pos=3072 tokens=1024 layer 5 encode=137.826 ms execute=2.594 ms
ds4: Flash-MoE prefill layer=6 tokens=1024 unique=223 refs=6144 sync=38.298 ms plan=0.325 ms stage/compute=120.411 ms misses=223
ds4: Flash-MoE hybrid prefill layer=6 ane_groups=0 ane_refs=0 gpu_i8_groups=0 gpu_i8_refs=0 fp32_groups=0 ane_min_refs=512 concurrent=1 ane_pipeline=1 output_queue=4 async_ane=0 gpu_overlap=0 finishes=0 waits=0
ds4: Flash-MoE overlap plan layer=6 exec_groups=223 planned_ane_groups=0 planned_ane_refs=0 planned_gpu_groups=223 planned_gpu_refs=6144 tail_gpu_groups=0 tail_gpu_refs=0 planned_ssd_groups=223 est_gpu=20416.0 est_ane=0.0 est_idle=100.00% wall=120.046 ms actual_ane_groups=0 actual_ane_refs=0 actual_gpu_groups=0 actual_gpu_refs=0 finishes=0 waits=0 overlap_gpu_groups=0
ds4: Flash-MoE async pread canceled queued=0 reading=0 ready=988 finished=0
ds4: gpu chunked prefill pos=3072 tokens=1024 layer 6 encode=159.305 ms execute=2.573 ms
ds4: Flash-MoE prefill layer=7 tokens=1024 unique=230 refs=6144 sync=14.565 ms plan=0.326 ms stage/compute=116.819 ms misses=230
ds4: Flash-MoE hybrid prefill layer=7 ane_groups=0 ane_refs=0 gpu_i8_groups=0 gpu_i8_refs=0 fp32_groups=0 ane_min_refs=512 concurrent=1 ane_pipeline=1 output_queue=4 async_ane=0 gpu_overlap=0 finishes=0 waits=0
ds4: Flash-MoE overlap plan layer=7 exec_groups=230 planned_ane_groups=0 planned_ane_refs=0 planned_gpu_groups=230 planned_gpu_refs=6144 tail_gpu_groups=0 tail_gpu_refs=0 planned_ssd_groups=230 est_gpu=20864.0 est_ane=0.0 est_idle=100.00% wall=116.442 ms actual_ane_groups=0 actual_ane_refs=0 actual_gpu_groups=0 actual_gpu_refs=0 finishes=0 waits=0 overlap_gpu_groups=0
ds4: Flash-MoE async pread canceled queued=0 reading=0 ready=992 finished=0
ds4: gpu chunked prefill pos=3072 tokens=1024 layer 7 encode=132.210 ms execute=2.589 ms
ds4: Flash-MoE prefill layer=8 tokens=1024 unique=222 refs=6144 sync=38.266 ms plan=0.343 ms stage/compute=116.490 ms misses=222
ds4: Flash-MoE hybrid prefill layer=8 ane_groups=1 ane_refs=520 gpu_i8_groups=0 gpu_i8_refs=0 fp32_groups=0 ane_min_refs=512 concurrent=1 ane_pipeline=1 output_queue=4 async_ane=1 gpu_overlap=221 finishes=1 waits=2
ds4: Flash-MoE overlap plan layer=8 exec_groups=222 planned_ane_groups=1 planned_ane_refs=520 planned_gpu_groups=221 planned_gpu_refs=5624 tail_gpu_groups=0 tail_gpu_refs=0 planned_ssd_groups=222 est_gpu=19768.0 est_ane=167.8 est_idle=99.15% wall=116.117 ms actual_ane_groups=1 actual_ane_refs=520 actual_gpu_groups=0 actual_gpu_refs=0 finishes=1 waits=2 overlap_gpu_groups=221
ds4: Flash-MoE async pread canceled queued=0 reading=0 ready=998 finished=0
ds4: gpu chunked prefill pos=3072 tokens=1024 layer 8 encode=155.385 ms execute=2.619 ms
ds4: Flash-MoE prefill layer=9 tokens=1024 unique=230 refs=6144 sync=14.550 ms plan=0.370 ms stage/compute=121.530 ms misses=230
ds4: Flash-MoE hybrid prefill layer=9 ane_groups=0 ane_refs=0 gpu_i8_groups=0 gpu_i8_refs=0 fp32_groups=0 ane_min_refs=512 concurrent=1 ane_pipeline=1 output_queue=4 async_ane=0 gpu_overlap=0 finishes=0 waits=0
ds4: Flash-MoE overlap plan layer=9 exec_groups=230 planned_ane_groups=0 planned_ane_refs=0 planned_gpu_groups=230 planned_gpu_refs=6144 tail_gpu_groups=0 tail_gpu_refs=0 planned_ssd_groups=230 est_gpu=20864.0 est_ane=0.0 est_idle=100.00% wall=121.155 ms actual_ane_groups=0 actual_ane_refs=0 actual_gpu_groups=0 actual_gpu_refs=0 finishes=0 waits=0 overlap_gpu_groups=0
ds4: Flash-MoE async pread canceled queued=0 reading=0 ready=1002 finished=0
ds4: gpu chunked prefill pos=3072 tokens=1024 layer 9 encode=136.955 ms execute=2.567 ms
ds4: Flash-MoE prefill layer=10 tokens=1024 unique=222 refs=6144 sync=38.071 ms plan=0.273 ms stage/compute=118.027 ms misses=222
ds4: Flash-MoE hybrid prefill layer=10 ane_groups=0 ane_refs=0 gpu_i8_groups=0 gpu_i8_refs=0 fp32_groups=0 ane_min_refs=512 concurrent=1 ane_pipeline=1 output_queue=4 async_ane=0 gpu_overlap=0 finishes=0 waits=0
ds4: Flash-MoE overlap plan layer=10 exec_groups=222 planned_ane_groups=0 planned_ane_refs=0 planned_gpu_groups=222 planned_gpu_refs=6144 tail_gpu_groups=0 tail_gpu_refs=0 planned_ssd_groups=222 est_gpu=20352.0 est_ane=0.0 est_idle=100.00% wall=117.668 ms actual_ane_groups=0 actual_ane_refs=0 actual_gpu_groups=0 actual_gpu_refs=0 finishes=0 waits=0 overlap_gpu_groups=0
ds4: Flash-MoE async pread canceled queued=0 reading=0 ready=1011 finished=0
ds4: gpu chunked prefill pos=3072 tokens=1024 layer 10 encode=156.660 ms execute=2.584 ms
ds4: Flash-MoE prefill layer=11 tokens=1024 unique=235 refs=6144 sync=14.539 ms plan=0.440 ms stage/compute=127.480 ms misses=235
ds4: Flash-MoE hybrid prefill layer=11 ane_groups=0 ane_refs=0 gpu_i8_groups=0 gpu_i8_refs=0 fp32_groups=0 ane_min_refs=512 concurrent=1 ane_pipeline=1 output_queue=4 async_ane=0 gpu_overlap=0 finishes=0 waits=0
ds4: Flash-MoE overlap plan layer=11 exec_groups=235 planned_ane_groups=0 planned_ane_refs=0 planned_gpu_groups=235 planned_gpu_refs=6144 tail_gpu_groups=0 tail_gpu_refs=0 planned_ssd_groups=235 est_gpu=21184.0 est_ane=0.0 est_idle=100.00% wall=127.102 ms actual_ane_groups=0 actual_ane_refs=0 actual_gpu_groups=0 actual_gpu_refs=0 finishes=0 waits=0 overlap_gpu_groups=0
ds4: Flash-MoE async pread canceled queued=0 reading=0 ready=1015 finished=0
ds4: gpu chunked prefill pos=3072 tokens=1024 layer 11 encode=143.051 ms execute=2.579 ms
ds4: Flash-MoE prefill layer=12 tokens=1024 unique=204 refs=6144 sync=38.158 ms plan=0.306 ms stage/compute=109.349 ms misses=204
ds4: Flash-MoE hybrid prefill layer=12 ane_groups=0 ane_refs=0 gpu_i8_groups=0 gpu_i8_refs=0 fp32_groups=0 ane_min_refs=512 concurrent=1 ane_pipeline=1 output_queue=4 async_ane=0 gpu_overlap=0 finishes=0 waits=0
ds4: Flash-MoE overlap plan layer=12 exec_groups=204 planned_ane_groups=0 planned_ane_refs=0 planned_gpu_groups=204 planned_gpu_refs=6144 tail_gpu_groups=0 tail_gpu_refs=0 planned_ssd_groups=204 est_gpu=19200.0 est_ane=0.0 est_idle=100.00% wall=109.002 ms actual_ane_groups=0 actual_ane_refs=0 actual_gpu_groups=0 actual_gpu_refs=0 finishes=0 waits=0 overlap_gpu_groups=0
ds4: Flash-MoE async pread canceled queued=0 reading=0 ready=1023 finished=0
ds4: gpu chunked prefill pos=3072 tokens=1024 layer 12 encode=148.083 ms execute=2.589 ms
ds4: Flash-MoE prefill layer=13 tokens=1024 unique=218 refs=6144 sync=14.544 ms plan=0.292 ms stage/compute=113.203 ms misses=218
ds4: Flash-MoE hybrid prefill layer=13 ane_groups=0 ane_refs=0 gpu_i8_groups=0 gpu_i8_refs=0 fp32_groups=0 ane_min_refs=512 concurrent=1 ane_pipeline=1 output_queue=4 async_ane=0 gpu_overlap=0 finishes=0 waits=0
ds4: Flash-MoE overlap plan layer=13 exec_groups=218 planned_ane_groups=0 planned_ane_refs=0 planned_gpu_groups=218 planned_gpu_refs=6144 tail_gpu_groups=0 tail_gpu_refs=0 planned_ssd_groups=218 est_gpu=20096.0 est_ane=0.0 est_idle=100.00% wall=112.850 ms actual_ane_groups=0 actual_ane_refs=0 actual_gpu_groups=0 actual_gpu_refs=0 finishes=0 waits=0 overlap_gpu_groups=0
ds4: Flash-MoE async pread canceled queued=0 reading=0 ready=1032 finished=0
ds4: gpu chunked prefill pos=3072 tokens=1024 layer 13 encode=128.568 ms execute=2.633 ms
ds4: Flash-MoE prefill layer=14 tokens=1024 unique=215 refs=6144 sync=37.776 ms plan=0.290 ms stage/compute=111.765 ms misses=215
ds4: Flash-MoE hybrid prefill layer=14 ane_groups=0 ane_refs=0 gpu_i8_groups=0 gpu_i8_refs=0 fp32_groups=0 ane_min_refs=512 concurrent=1 ane_pipeline=1 output_queue=4 async_ane=0 gpu_overlap=0 finishes=0 waits=0
ds4: Flash-MoE overlap plan layer=14 exec_groups=215 planned_ane_groups=0 planned_ane_refs=0 planned_gpu_groups=215 planned_gpu_refs=6144 tail_gpu_groups=0 tail_gpu_refs=0 planned_ssd_groups=215 est_gpu=19904.0 est_ane=0.0 est_idle=100.00% wall=111.415 ms actual_ane_groups=0 actual_ane_refs=0 actual_gpu_groups=0 actual_gpu_refs=0 finishes=0 waits=0 overlap_gpu_groups=0
ds4: Flash-MoE async pread canceled queued=0 reading=0 ready=1043 finished=0
ds4: gpu chunked prefill pos=3072 tokens=1024 layer 14 encode=150.129 ms execute=2.575 ms
ds4: Flash-MoE prefill layer=15 tokens=1024 unique=207 refs=6144 sync=14.599 ms plan=0.361 ms stage/compute=107.039 ms misses=207
ds4: Flash-MoE hybrid prefill layer=15 ane_groups=0 ane_refs=0 gpu_i8_groups=0 gpu_i8_refs=0 fp32_groups=0 ane_min_refs=512 concurrent=1 ane_pipeline=1 output_queue=4 async_ane=0 gpu_overlap=0 finishes=0 waits=0
ds4: Flash-MoE overlap plan layer=15 exec_groups=207 planned_ane_groups=0 planned_ane_refs=0 planned_gpu_groups=207 planned_gpu_refs=6144 tail_gpu_groups=0 tail_gpu_refs=0 planned_ssd_groups=207 est_gpu=19392.0 est_ane=0.0 est_idle=100.00% wall=106.676 ms actual_ane_groups=0 actual_ane_refs=0 actual_gpu_groups=0 actual_gpu_refs=0 finishes=0 waits=0 overlap_gpu_groups=0
ds4: Flash-MoE async pread canceled queued=0 reading=0 ready=1050 finished=0
ds4: gpu chunked prefill pos=3072 tokens=1024 layer 15 encode=122.687 ms execute=2.606 ms
ds4: Flash-MoE prefill layer=16 tokens=1024 unique=208 refs=6144 sync=37.688 ms plan=0.310 ms stage/compute=108.734 ms misses=208
ds4: Flash-MoE hybrid prefill layer=16 ane_groups=0 ane_refs=0 gpu_i8_groups=0 gpu_i8_refs=0 fp32_groups=0 ane_min_refs=512 concurrent=1 ane_pipeline=1 output_queue=4 async_ane=0 gpu_overlap=0 finishes=0 waits=0
ds4: Flash-MoE overlap plan layer=16 exec_groups=208 planned_ane_groups=0 planned_ane_refs=0 planned_gpu_groups=208 planned_gpu_refs=6144 tail_gpu_groups=0 tail_gpu_refs=0 planned_ssd_groups=208 est_gpu=19456.0 est_ane=0.0 est_idle=100.00% wall=108.371 ms actual_ane_groups=0 actual_ane_refs=0 actual_gpu_groups=0 actual_gpu_refs=0 finishes=0 waits=0 overlap_gpu_groups=0
ds4: Flash-MoE async pread canceled queued=0 reading=0 ready=1063 finished=0
ds4: gpu chunked prefill pos=3072 tokens=1024 layer 16 encode=147.044 ms execute=2.575 ms
ds4: Flash-MoE prefill layer=17 tokens=1024 unique=217 refs=6144 sync=14.640 ms plan=0.292 ms stage/compute=114.129 ms misses=217
ds4: Flash-MoE hybrid prefill layer=17 ane_groups=0 ane_refs=0 gpu_i8_groups=0 gpu_i8_refs=0 fp32_groups=0 ane_min_refs=512 concurrent=1 ane_pipeline=1 output_queue=4 async_ane=0 gpu_overlap=0 finishes=0 waits=0
ds4: Flash-MoE overlap plan layer=17 exec_groups=217 planned_ane_groups=0 planned_ane_refs=0 planned_gpu_groups=217 planned_gpu_refs=6144 tail_gpu_groups=0 tail_gpu_refs=0 planned_ssd_groups=217 est_gpu=20032.0 est_ane=0.0 est_idle=100.00% wall=113.754 ms actual_ane_groups=0 actual_ane_refs=0 actual_gpu_groups=0 actual_gpu_refs=0 finishes=0 waits=0 overlap_gpu_groups=0
ds4: Flash-MoE async pread canceled queued=0 reading=0 ready=1072 finished=0
ds4: gpu chunked prefill pos=3072 tokens=1024 layer 17 encode=129.628 ms execute=2.688 ms
ds4: Flash-MoE prefill layer=18 tokens=1024 unique=202 refs=6144 sync=37.703 ms plan=0.323 ms stage/compute=105.467 ms misses=202
ds4: Flash-MoE hybrid prefill layer=18 ane_groups=0 ane_refs=0 gpu_i8_groups=0 gpu_i8_refs=0 fp32_groups=0 ane_min_refs=512 concurrent=1 ane_pipeline=1 output_queue=4 async_ane=0 gpu_overlap=0 finishes=0 waits=0
ds4: Flash-MoE overlap plan layer=18 exec_groups=202 planned_ane_groups=0 planned_ane_refs=0 planned_gpu_groups=202 planned_gpu_refs=6144 tail_gpu_groups=0 tail_gpu_refs=0 planned_ssd_groups=202 est_gpu=19072.0 est_ane=0.0 est_idle=100.00% wall=105.118 ms actual_ane_groups=0 actual_ane_refs=0 actual_gpu_groups=0 actual_gpu_refs=0 finishes=0 waits=0 overlap_gpu_groups=0
ds4: Flash-MoE async pread canceled queued=0 reading=0 ready=1083 finished=0
ds4: gpu chunked prefill pos=3072 tokens=1024 layer 18 encode=143.773 ms execute=2.619 ms
ds4: Flash-MoE prefill layer=19 tokens=1024 unique=228 refs=6144 sync=14.469 ms plan=0.302 ms stage/compute=122.495 ms misses=228
ds4: Flash-MoE hybrid prefill layer=19 ane_groups=0 ane_refs=0 gpu_i8_groups=0 gpu_i8_refs=0 fp32_groups=0 ane_min_refs=512 concurrent=1 ane_pipeline=1 output_queue=4 async_ane=0 gpu_overlap=0 finishes=0 waits=0
ds4: Flash-MoE overlap plan layer=19 exec_groups=228 planned_ane_groups=0 planned_ane_refs=0 planned_gpu_groups=228 planned_gpu_refs=6144 tail_gpu_groups=0 tail_gpu_refs=0 planned_ssd_groups=228 est_gpu=20736.0 est_ane=0.0 est_idle=100.00% wall=122.112 ms actual_ane_groups=0 actual_ane_refs=0 actual_gpu_groups=0 actual_gpu_refs=0 finishes=0 waits=0 overlap_gpu_groups=0
ds4: Flash-MoE async pread canceled queued=0 reading=0 ready=1088 finished=0
ds4: gpu chunked prefill pos=3072 tokens=1024 layer 19 encode=137.790 ms execute=2.602 ms
ds4: Flash-MoE prefill layer=20 tokens=1024 unique=188 refs=6144 sync=37.490 ms plan=0.288 ms stage/compute=101.014 ms misses=188
ds4: Flash-MoE hybrid prefill layer=20 ane_groups=0 ane_refs=0 gpu_i8_groups=0 gpu_i8_refs=0 fp32_groups=0 ane_min_refs=512 concurrent=1 ane_pipeline=1 output_queue=4 async_ane=0 gpu_overlap=0 finishes=0 waits=0
ds4: Flash-MoE overlap plan layer=20 exec_groups=188 planned_ane_groups=0 planned_ane_refs=0 planned_gpu_groups=188 planned_gpu_refs=6144 tail_gpu_groups=0 tail_gpu_refs=0 planned_ssd_groups=188 est_gpu=18176.0 est_ane=0.0 est_idle=100.00% wall=100.667 ms actual_ane_groups=0 actual_ane_refs=0 actual_gpu_groups=0 actual_gpu_refs=0 finishes=0 waits=0 overlap_gpu_groups=0
ds4: Flash-MoE async pread canceled queued=0 reading=0 ready=1103 finished=0
ds4: gpu chunked prefill pos=3072 tokens=1024 layer 20 encode=139.053 ms execute=2.629 ms
ds4: Flash-MoE prefill layer=21 tokens=1024 unique=206 refs=6144 sync=14.660 ms plan=0.340 ms stage/compute=110.977 ms misses=206
ds4: Flash-MoE hybrid prefill layer=21 ane_groups=0 ane_refs=0 gpu_i8_groups=0 gpu_i8_refs=0 fp32_groups=0 ane_min_refs=512 concurrent=1 ane_pipeline=1 output_queue=4 async_ane=0 gpu_overlap=0 finishes=0 waits=0
ds4: Flash-MoE overlap plan layer=21 exec_groups=206 planned_ane_groups=0 planned_ane_refs=0 planned_gpu_groups=206 planned_gpu_refs=6144 tail_gpu_groups=0 tail_gpu_refs=0 planned_ssd_groups=206 est_gpu=19328.0 est_ane=0.0 est_idle=100.00% wall=110.602 ms actual_ane_groups=0 actual_ane_refs=0 actual_gpu_groups=0 actual_gpu_refs=0 finishes=0 waits=0 overlap_gpu_groups=0
ds4: Flash-MoE async pread canceled queued=0 reading=0 ready=1109 finished=0
ds4: gpu chunked prefill pos=3072 tokens=1024 layer 21 encode=126.560 ms execute=2.588 ms
ds4: Flash-MoE prefill layer=22 tokens=1024 unique=210 refs=6144 sync=37.956 ms plan=0.328 ms stage/compute=111.276 ms misses=210
ds4: Flash-MoE hybrid prefill layer=22 ane_groups=0 ane_refs=0 gpu_i8_groups=0 gpu_i8_refs=0 fp32_groups=0 ane_min_refs=512 concurrent=1 ane_pipeline=1 output_queue=4 async_ane=0 gpu_overlap=0 finishes=0 waits=0
ds4: Flash-MoE overlap plan layer=22 exec_groups=210 planned_ane_groups=0 planned_ane_refs=0 planned_gpu_groups=210 planned_gpu_refs=6144 tail_gpu_groups=0 tail_gpu_refs=0 planned_ssd_groups=210 est_gpu=19584.0 est_ane=0.0 est_idle=100.00% wall=110.905 ms actual_ane_groups=0 actual_ane_refs=0 actual_gpu_groups=0 actual_gpu_refs=0 finishes=0 waits=0 overlap_gpu_groups=0
ds4: Flash-MoE async pread canceled queued=0 reading=0 ready=1117 finished=0
ds4: gpu chunked prefill pos=3072 tokens=1024 layer 22 encode=149.837 ms execute=2.620 ms
ds4: Flash-MoE prefill layer=23 tokens=1024 unique=217 refs=6144 sync=15.001 ms plan=0.324 ms stage/compute=117.227 ms misses=217
ds4: Flash-MoE hybrid prefill layer=23 ane_groups=0 ane_refs=0 gpu_i8_groups=0 gpu_i8_refs=0 fp32_groups=0 ane_min_refs=512 concurrent=1 ane_pipeline=1 output_queue=4 async_ane=0 gpu_overlap=0 finishes=0 waits=0
ds4: Flash-MoE overlap plan layer=23 exec_groups=217 planned_ane_groups=0 planned_ane_refs=0 planned_gpu_groups=217 planned_gpu_refs=6144 tail_gpu_groups=0 tail_gpu_refs=0 planned_ssd_groups=217 est_gpu=20032.0 est_ane=0.0 est_idle=100.00% wall=116.857 ms actual_ane_groups=0 actual_ane_refs=0 actual_gpu_groups=0 actual_gpu_refs=0 finishes=0 waits=0 overlap_gpu_groups=0
ds4: Flash-MoE async pread canceled queued=0 reading=0 ready=1127 finished=0
ds4: gpu chunked prefill pos=3072 tokens=1024 layer 23 encode=133.076 ms execute=2.591 ms
ds4: Flash-MoE prefill layer=24 tokens=1024 unique=205 refs=6144 sync=37.942 ms plan=0.293 ms stage/compute=108.113 ms misses=205
ds4: Flash-MoE hybrid prefill layer=24 ane_groups=0 ane_refs=0 gpu_i8_groups=0 gpu_i8_refs=0 fp32_groups=0 ane_min_refs=512 concurrent=1 ane_pipeline=1 output_queue=4 async_ane=0 gpu_overlap=0 finishes=0 waits=0
ds4: Flash-MoE overlap plan layer=24 exec_groups=205 planned_ane_groups=0 planned_ane_refs=0 planned_gpu_groups=205 planned_gpu_refs=6144 tail_gpu_groups=0 tail_gpu_refs=0 planned_ssd_groups=205 est_gpu=19264.0 est_ane=0.0 est_idle=100.00% wall=107.771 ms actual_ane_groups=0 actual_ane_refs=0 actual_gpu_groups=0 actual_gpu_refs=0 finishes=0 waits=0 overlap_gpu_groups=0
ds4: Flash-MoE async pread canceled queued=0 reading=0 ready=1131 finished=0
ds4: gpu chunked prefill pos=3072 tokens=1024 layer 24 encode=146.625 ms execute=2.574 ms
ds4: Flash-MoE prefill layer=25 tokens=1024 unique=221 refs=6144 sync=14.468 ms plan=0.285 ms stage/compute=118.125 ms misses=221
ds4: Flash-MoE hybrid prefill layer=25 ane_groups=0 ane_refs=0 gpu_i8_groups=0 gpu_i8_refs=0 fp32_groups=0 ane_min_refs=512 concurrent=1 ane_pipeline=1 output_queue=4 async_ane=0 gpu_overlap=0 finishes=0 waits=0
ds4: Flash-MoE overlap plan layer=25 exec_groups=221 planned_ane_groups=0 planned_ane_refs=0 planned_gpu_groups=221 planned_gpu_refs=6144 tail_gpu_groups=0 tail_gpu_refs=0 planned_ssd_groups=221 est_gpu=20288.0 est_ane=0.0 est_idle=100.00% wall=117.752 ms actual_ane_groups=0 actual_ane_refs=0 actual_gpu_groups=0 actual_gpu_refs=0 finishes=0 waits=0 overlap_gpu_groups=0
ds4: Flash-MoE async pread canceled queued=0 reading=0 ready=1138 finished=0
ds4: gpu chunked prefill pos=3072 tokens=1024 layer 25 encode=133.438 ms execute=2.581 ms
ds4: Flash-MoE prefill layer=26 tokens=1024 unique=209 refs=6144 sync=37.594 ms plan=0.336 ms stage/compute=111.252 ms misses=209
ds4: Flash-MoE hybrid prefill layer=26 ane_groups=0 ane_refs=0 gpu_i8_groups=0 gpu_i8_refs=0 fp32_groups=0 ane_min_refs=512 concurrent=1 ane_pipeline=1 output_queue=4 async_ane=0 gpu_overlap=0 finishes=0 waits=0
ds4: Flash-MoE overlap plan layer=26 exec_groups=209 planned_ane_groups=0 planned_ane_refs=0 planned_gpu_groups=209 planned_gpu_refs=6144 tail_gpu_groups=0 tail_gpu_refs=0 planned_ssd_groups=209 est_gpu=19520.0 est_ane=0.0 est_idle=100.00% wall=110.880 ms actual_ane_groups=0 actual_ane_refs=0 actual_gpu_groups=0 actual_gpu_refs=0 finishes=0 waits=0 overlap_gpu_groups=0
ds4: Flash-MoE async pread canceled queued=0 reading=0 ready=1145 finished=0
ds4: gpu chunked prefill pos=3072 tokens=1024 layer 26 encode=149.467 ms execute=2.571 ms
ds4: Flash-MoE prefill layer=27 tokens=1024 unique=219 refs=6144 sync=14.496 ms plan=0.337 ms stage/compute=116.663 ms misses=219
ds4: Flash-MoE hybrid prefill layer=27 ane_groups=0 ane_refs=0 gpu_i8_groups=0 gpu_i8_refs=0 fp32_groups=0 ane_min_refs=512 concurrent=1 ane_pipeline=1 output_queue=4 async_ane=0 gpu_overlap=0 finishes=0 waits=0
ds4: Flash-MoE overlap plan layer=27 exec_groups=219 planned_ane_groups=0 planned_ane_refs=0 planned_gpu_groups=219 planned_gpu_refs=6144 tail_gpu_groups=0 tail_gpu_refs=0 planned_ssd_groups=219 est_gpu=20160.0 est_ane=0.0 est_idle=100.00% wall=116.304 ms actual_ane_groups=0 actual_ane_refs=0 actual_gpu_groups=0 actual_gpu_refs=0 finishes=0 waits=0 overlap_gpu_groups=0
ds4: Flash-MoE async pread canceled queued=0 reading=0 ready=1148 finished=0
ds4: gpu chunked prefill pos=3072 tokens=1024 layer 27 encode=132.023 ms execute=2.563 ms
ds4: Flash-MoE prefill layer=28 tokens=1024 unique=211 refs=6144 sync=37.544 ms plan=0.342 ms stage/compute=114.265 ms misses=211
ds4: Flash-MoE hybrid prefill layer=28 ane_groups=0 ane_refs=0 gpu_i8_groups=0 gpu_i8_refs=0 fp32_groups=0 ane_min_refs=512 concurrent=1 ane_pipeline=1 output_queue=4 async_ane=0 gpu_overlap=0 finishes=0 waits=0
ds4: Flash-MoE overlap plan layer=28 exec_groups=211 planned_ane_groups=0 planned_ane_refs=0 planned_gpu_groups=211 planned_gpu_refs=6144 tail_gpu_groups=0 tail_gpu_refs=0 planned_ssd_groups=211 est_gpu=19648.0 est_ane=0.0 est_idle=100.00% wall=113.912 ms actual_ane_groups=0 actual_ane_refs=0 actual_gpu_groups=0 actual_gpu_refs=0 finishes=0 waits=0 overlap_gpu_groups=0
ds4: Flash-MoE async pread canceled queued=0 reading=0 ready=1156 finished=0
ds4: gpu chunked prefill pos=3072 tokens=1024 layer 28 encode=152.427 ms execute=2.703 ms
ds4: Flash-MoE prefill layer=29 tokens=1024 unique=207 refs=6144 sync=14.672 ms plan=0.340 ms stage/compute=111.524 ms misses=207
ds4: Flash-MoE hybrid prefill layer=29 ane_groups=0 ane_refs=0 gpu_i8_groups=0 gpu_i8_refs=0 fp32_groups=0 ane_min_refs=512 concurrent=1 ane_pipeline=1 output_queue=4 async_ane=0 gpu_overlap=0 finishes=0 waits=0
ds4: Flash-MoE overlap plan layer=29 exec_groups=207 planned_ane_groups=0 planned_ane_refs=0 planned_gpu_groups=207 planned_gpu_refs=6144 tail_gpu_groups=0 tail_gpu_refs=0 planned_ssd_groups=207 est_gpu=19392.0 est_ane=0.0 est_idle=100.00% wall=111.197 ms actual_ane_groups=0 actual_ane_refs=0 actual_gpu_groups=0 actual_gpu_refs=0 finishes=0 waits=0 overlap_gpu_groups=0
ds4: Flash-MoE async pread canceled queued=0 reading=0 ready=1169 finished=0
ds4: gpu chunked prefill pos=3072 tokens=1024 layer 29 encode=127.258 ms execute=2.576 ms
ds4: Flash-MoE prefill layer=30 tokens=1024 unique=212 refs=6144 sync=37.565 ms plan=0.360 ms stage/compute=113.020 ms misses=212
ds4: Flash-MoE hybrid prefill layer=30 ane_groups=0 ane_refs=0 gpu_i8_groups=0 gpu_i8_refs=0 fp32_groups=0 ane_min_refs=512 concurrent=1 ane_pipeline=1 output_queue=4 async_ane=0 gpu_overlap=0 finishes=0 waits=0
ds4: Flash-MoE overlap plan layer=30 exec_groups=212 planned_ane_groups=0 planned_ane_refs=0 planned_gpu_groups=212 planned_gpu_refs=6144 tail_gpu_groups=0 tail_gpu_refs=0 planned_ssd_groups=212 est_gpu=19712.0 est_ane=0.0 est_idle=100.00% wall=112.640 ms actual_ane_groups=0 actual_ane_refs=0 actual_gpu_groups=0 actual_gpu_refs=0 finishes=0 waits=0 overlap_gpu_groups=0
ds4: Flash-MoE async pread canceled queued=0 reading=0 ready=1180 finished=0
ds4: gpu chunked prefill pos=3072 tokens=1024 layer 30 encode=151.215 ms execute=2.628 ms
ds4: Flash-MoE prefill layer=31 tokens=1024 unique=206 refs=6144 sync=14.494 ms plan=0.366 ms stage/compute=110.563 ms misses=206
ds4: Flash-MoE hybrid prefill layer=31 ane_groups=0 ane_refs=0 gpu_i8_groups=0 gpu_i8_refs=0 fp32_groups=0 ane_min_refs=512 concurrent=1 ane_pipeline=1 output_queue=4 async_ane=0 gpu_overlap=0 finishes=0 waits=0
ds4: Flash-MoE overlap plan layer=31 exec_groups=206 planned_ane_groups=0 planned_ane_refs=0 planned_gpu_groups=206 planned_gpu_refs=6144 tail_gpu_groups=0 tail_gpu_refs=0 planned_ssd_groups=206 est_gpu=19328.0 est_ane=0.0 est_idle=100.00% wall=110.208 ms actual_ane_groups=0 actual_ane_refs=0 actual_gpu_groups=0 actual_gpu_refs=0 finishes=0 waits=0 overlap_gpu_groups=0
ds4: Flash-MoE async pread canceled queued=0 reading=0 ready=1189 finished=0
ds4: gpu chunked prefill pos=3072 tokens=1024 layer 31 encode=125.948 ms execute=2.695 ms
ds4: Flash-MoE prefill layer=32 tokens=1024 unique=214 refs=6144 sync=37.510 ms plan=0.310 ms stage/compute=113.716 ms misses=214
ds4: Flash-MoE hybrid prefill layer=32 ane_groups=0 ane_refs=0 gpu_i8_groups=0 gpu_i8_refs=0 fp32_groups=0 ane_min_refs=512 concurrent=1 ane_pipeline=1 output_queue=4 async_ane=0 gpu_overlap=0 finishes=0 waits=0
ds4: Flash-MoE overlap plan layer=32 exec_groups=214 planned_ane_groups=0 planned_ane_refs=0 planned_gpu_groups=214 planned_gpu_refs=6144 tail_gpu_groups=0 tail_gpu_refs=0 planned_ssd_groups=214 est_gpu=19840.0 est_ane=0.0 est_idle=100.00% wall=113.351 ms actual_ane_groups=0 actual_ane_refs=0 actual_gpu_groups=0 actual_gpu_refs=0 finishes=0 waits=0 overlap_gpu_groups=0
ds4: Flash-MoE async pread canceled queued=0 reading=0 ready=1194 finished=0
ds4: gpu chunked prefill pos=3072 tokens=1024 layer 32 encode=151.851 ms execute=2.615 ms
ds4: Flash-MoE prefill layer=33 tokens=1024 unique=202 refs=6144 sync=14.408 ms plan=0.305 ms stage/compute=108.127 ms misses=202
ds4: Flash-MoE hybrid prefill layer=33 ane_groups=0 ane_refs=0 gpu_i8_groups=0 gpu_i8_refs=0 fp32_groups=0 ane_min_refs=512 concurrent=1 ane_pipeline=1 output_queue=4 async_ane=0 gpu_overlap=0 finishes=0 waits=0
ds4: Flash-MoE overlap plan layer=33 exec_groups=202 planned_ane_groups=0 planned_ane_refs=0 planned_gpu_groups=202 planned_gpu_refs=6144 tail_gpu_groups=0 tail_gpu_refs=0 planned_ssd_groups=202 est_gpu=19072.0 est_ane=0.0 est_idle=100.00% wall=107.786 ms actual_ane_groups=0 actual_ane_refs=0 actual_gpu_groups=0 actual_gpu_refs=0 finishes=0 waits=0 overlap_gpu_groups=0
ds4: Flash-MoE async pread canceled queued=0 reading=0 ready=1207 finished=0
ds4: gpu chunked prefill pos=3072 tokens=1024 layer 33 encode=123.389 ms execute=2.578 ms
ds4: Flash-MoE prefill layer=34 tokens=1024 unique=207 refs=6144 sync=38.083 ms plan=0.334 ms stage/compute=110.927 ms misses=207
ds4: Flash-MoE hybrid prefill layer=34 ane_groups=0 ane_refs=0 gpu_i8_groups=0 gpu_i8_refs=0 fp32_groups=0 ane_min_refs=512 concurrent=1 ane_pipeline=1 output_queue=4 async_ane=0 gpu_overlap=0 finishes=0 waits=0
ds4: Flash-MoE overlap plan layer=34 exec_groups=207 planned_ane_groups=0 planned_ane_refs=0 planned_gpu_groups=207 planned_gpu_refs=6144 tail_gpu_groups=0 tail_gpu_refs=0 planned_ssd_groups=207 est_gpu=19392.0 est_ane=0.0 est_idle=100.00% wall=110.601 ms actual_ane_groups=0 actual_ane_refs=0 actual_gpu_groups=0 actual_gpu_refs=0 finishes=0 waits=0 overlap_gpu_groups=0
ds4: Flash-MoE async pread canceled queued=0 reading=0 ready=1214 finished=0
ds4: gpu chunked prefill pos=3072 tokens=1024 layer 34 encode=149.609 ms execute=2.586 ms
ds4: Flash-MoE prefill layer=35 tokens=1024 unique=215 refs=6144 sync=14.427 ms plan=0.356 ms stage/compute=111.141 ms misses=215
ds4: Flash-MoE hybrid prefill layer=35 ane_groups=0 ane_refs=0 gpu_i8_groups=0 gpu_i8_refs=0 fp32_groups=0 ane_min_refs=512 concurrent=1 ane_pipeline=1 output_queue=4 async_ane=0 gpu_overlap=0 finishes=0 waits=0
ds4: Flash-MoE overlap plan layer=35 exec_groups=215 planned_ane_groups=0 planned_ane_refs=0 planned_gpu_groups=215 planned_gpu_refs=6144 tail_gpu_groups=0 tail_gpu_refs=0 planned_ssd_groups=215 est_gpu=19904.0 est_ane=0.0 est_idle=100.00% wall=110.783 ms actual_ane_groups=0 actual_ane_refs=0 actual_gpu_groups=0 actual_gpu_refs=0 finishes=0 waits=0 overlap_gpu_groups=0
ds4: Flash-MoE async pread canceled queued=0 reading=0 ready=1225 finished=0
ds4: gpu chunked prefill pos=3072 tokens=1024 layer 35 encode=126.481 ms execute=2.560 ms
ds4: Flash-MoE prefill layer=36 tokens=1024 unique=221 refs=6144 sync=37.812 ms plan=0.285 ms stage/compute=112.130 ms misses=221
ds4: Flash-MoE hybrid prefill layer=36 ane_groups=0 ane_refs=0 gpu_i8_groups=0 gpu_i8_refs=0 fp32_groups=0 ane_min_refs=512 concurrent=1 ane_pipeline=1 output_queue=4 async_ane=0 gpu_overlap=0 finishes=0 waits=0
ds4: Flash-MoE overlap plan layer=36 exec_groups=221 planned_ane_groups=0 planned_ane_refs=0 planned_gpu_groups=221 planned_gpu_refs=6144 tail_gpu_groups=0 tail_gpu_refs=0 planned_ssd_groups=221 est_gpu=20288.0 est_ane=0.0 est_idle=100.00% wall=111.746 ms actual_ane_groups=0 actual_ane_refs=0 actual_gpu_groups=0 actual_gpu_refs=0 finishes=0 waits=0 overlap_gpu_groups=0
ds4: Flash-MoE async pread canceled queued=0 reading=0 ready=1235 finished=0
ds4: gpu chunked prefill pos=3072 tokens=1024 layer 36 encode=150.490 ms execute=2.594 ms
ds4: Flash-MoE prefill layer=37 tokens=1024 unique=217 refs=6144 sync=14.502 ms plan=0.336 ms stage/compute=110.212 ms misses=217
ds4: Flash-MoE hybrid prefill layer=37 ane_groups=1 ane_refs=572 gpu_i8_groups=0 gpu_i8_refs=0 fp32_groups=0 ane_min_refs=512 concurrent=1 ane_pipeline=1 output_queue=4 async_ane=1 gpu_overlap=216 finishes=1 waits=2
ds4: Flash-MoE overlap plan layer=37 exec_groups=217 planned_ane_groups=1 planned_ane_refs=572 planned_gpu_groups=216 planned_gpu_refs=5572 tail_gpu_groups=0 tail_gpu_refs=0 planned_ssd_groups=217 est_gpu=19396.0 est_ane=167.8 est_idle=99.14% wall=109.845 ms actual_ane_groups=1 actual_ane_refs=572 actual_gpu_groups=0 actual_gpu_refs=0 finishes=1 waits=2 overlap_gpu_groups=216
ds4: Flash-MoE async pread canceled queued=0 reading=0 ready=1242 finished=0
ds4: gpu chunked prefill pos=3072 tokens=1024 layer 37 encode=125.539 ms execute=2.728 ms
ds4: Flash-MoE prefill layer=38 tokens=1024 unique=211 refs=6144 sync=37.535 ms plan=0.361 ms stage/compute=111.185 ms misses=211
ds4: Flash-MoE hybrid prefill layer=38 ane_groups=0 ane_refs=0 gpu_i8_groups=0 gpu_i8_refs=0 fp32_groups=0 ane_min_refs=512 concurrent=1 ane_pipeline=1 output_queue=4 async_ane=0 gpu_overlap=0 finishes=0 waits=0
ds4: Flash-MoE overlap plan layer=38 exec_groups=211 planned_ane_groups=0 planned_ane_refs=0 planned_gpu_groups=211 planned_gpu_refs=6144 tail_gpu_groups=0 tail_gpu_refs=0 planned_ssd_groups=211 est_gpu=19648.0 est_ane=0.0 est_idle=100.00% wall=110.834 ms actual_ane_groups=0 actual_ane_refs=0 actual_gpu_groups=0 actual_gpu_refs=0 finishes=0 waits=0 overlap_gpu_groups=0
ds4: Flash-MoE async pread canceled queued=0 reading=0 ready=1254 finished=0
ds4: gpu chunked prefill pos=3072 tokens=1024 layer 38 encode=149.375 ms execute=2.596 ms
ds4: Flash-MoE prefill layer=39 tokens=1024 unique=219 refs=6144 sync=14.518 ms plan=0.317 ms stage/compute=112.611 ms misses=219
ds4: Flash-MoE hybrid prefill layer=39 ane_groups=0 ane_refs=0 gpu_i8_groups=0 gpu_i8_refs=0 fp32_groups=0 ane_min_refs=512 concurrent=1 ane_pipeline=1 output_queue=4 async_ane=0 gpu_overlap=0 finishes=0 waits=0
ds4: Flash-MoE overlap plan layer=39 exec_groups=219 planned_ane_groups=0 planned_ane_refs=0 planned_gpu_groups=219 planned_gpu_refs=6144 tail_gpu_groups=0 tail_gpu_refs=0 planned_ssd_groups=219 est_gpu=20160.0 est_ane=0.0 est_idle=100.00% wall=112.249 ms actual_ane_groups=0 actual_ane_refs=0 actual_gpu_groups=0 actual_gpu_refs=0 finishes=0 waits=0 overlap_gpu_groups=0
ds4: Flash-MoE async pread canceled queued=0 reading=0 ready=1261 finished=0
ds4: gpu chunked prefill pos=3072 tokens=1024 layer 39 encode=127.943 ms execute=2.565 ms
ds4: Flash-MoE prefill layer=40 tokens=1024 unique=163 refs=6144 sync=37.572 ms plan=0.319 ms stage/compute=88.094 ms misses=163
ds4: Flash-MoE hybrid prefill layer=40 ane_groups=1 ane_refs=919 gpu_i8_groups=0 gpu_i8_refs=0 fp32_groups=0 ane_min_refs=512 concurrent=1 ane_pipeline=1 output_queue=4 async_ane=1 gpu_overlap=162 finishes=1 waits=2
ds4: Flash-MoE overlap plan layer=40 exec_groups=163 planned_ane_groups=1 planned_ane_refs=919 planned_gpu_groups=162 planned_gpu_refs=5225 tail_gpu_groups=0 tail_gpu_refs=0 planned_ssd_groups=163 est_gpu=15593.0 est_ane=170.3 est_idle=98.91% wall=87.804 ms actual_ane_groups=1 actual_ane_refs=919 actual_gpu_groups=0 actual_gpu_refs=0 finishes=1 waits=2 overlap_gpu_groups=162
ds4: Flash-MoE async pread canceled queued=0 reading=0 ready=1275 finished=0
ds4: gpu chunked prefill pos=3072 tokens=1024 layer 40 encode=126.235 ms execute=2.642 ms
ds4: Flash-MoE prefill layer=41 tokens=1024 unique=185 refs=6144 sync=14.438 ms plan=0.343 ms stage/compute=101.818 ms misses=185
ds4: Flash-MoE hybrid prefill layer=41 ane_groups=0 ane_refs=0 gpu_i8_groups=0 gpu_i8_refs=0 fp32_groups=0 ane_min_refs=512 concurrent=1 ane_pipeline=1 output_queue=4 async_ane=0 gpu_overlap=0 finishes=0 waits=0
ds4: Flash-MoE overlap plan layer=41 exec_groups=185 planned_ane_groups=0 planned_ane_refs=0 planned_gpu_groups=185 planned_gpu_refs=6144 tail_gpu_groups=0 tail_gpu_refs=0 planned_ssd_groups=185 est_gpu=17984.0 est_ane=0.0 est_idle=100.00% wall=101.492 ms actual_ane_groups=0 actual_ane_refs=0 actual_gpu_groups=0 actual_gpu_refs=0 finishes=0 waits=0 overlap_gpu_groups=0
ds4: Flash-MoE async pread canceled queued=0 reading=0 ready=1286 finished=0
ds4: gpu chunked prefill pos=3072 tokens=1024 layer 41 encode=117.104 ms execute=2.644 ms
ds4: Flash-MoE prefill layer=42 tokens=1024 unique=200 refs=6144 sync=38.292 ms plan=0.308 ms stage/compute=106.813 ms misses=200
ds4: Flash-MoE hybrid prefill layer=42 ane_groups=1 ane_refs=594 gpu_i8_groups=0 gpu_i8_refs=0 fp32_groups=0 ane_min_refs=512 concurrent=1 ane_pipeline=1 output_queue=4 async_ane=1 gpu_overlap=199 finishes=1 waits=2
ds4: Flash-MoE overlap plan layer=42 exec_groups=200 planned_ane_groups=1 planned_ane_refs=594 planned_gpu_groups=199 planned_gpu_refs=5550 tail_gpu_groups=0 tail_gpu_refs=0 planned_ssd_groups=200 est_gpu=18286.0 est_ane=167.8 est_idle=99.08% wall=106.469 ms actual_ane_groups=1 actual_ane_refs=594 actual_gpu_groups=0 actual_gpu_refs=0 finishes=1 waits=2 overlap_gpu_groups=199
ds4: Flash-MoE async pread canceled queued=0 reading=0 ready=1299 finished=0
ds4: gpu chunked prefill pos=3072 tokens=1024 layer 42 encode=145.697 ms execute=2.439 ms
processing 8423 input tokens: 4096/8423 (48.6%) batch=164.96 t/s avg=168.88 t/s
ds4: Flash-MoE prefill layer=0 tokens=1024 unique=256 refs=6144 sync=12.077 ms plan=0.366 ms stage/compute=148.051 ms misses=256
ds4: Flash-MoE hybrid prefill layer=0 ane_groups=0 ane_refs=0 gpu_i8_groups=0 gpu_i8_refs=0 fp32_groups=0 ane_min_refs=512 concurrent=1 ane_pipeline=1 output_queue=4 async_ane=0 gpu_overlap=0 finishes=0 waits=0
ds4: Flash-MoE overlap plan layer=0 exec_groups=256 planned_ane_groups=0 planned_ane_refs=0 planned_gpu_groups=256 planned_gpu_refs=6144 tail_gpu_groups=0 tail_gpu_refs=0 planned_ssd_groups=256 est_gpu=22528.0 est_ane=0.0 est_idle=100.00% wall=147.660 ms actual_ane_groups=0 actual_ane_refs=0 actual_gpu_groups=0 actual_gpu_refs=0 finishes=0 waits=0 overlap_gpu_groups=0
ds4: Flash-MoE async pread canceled queued=0 reading=0 ready=1299 finished=0
ds4: gpu chunked prefill pos=4096 tokens=1024 layer 0 encode=160.907 ms execute=2.626 ms
ds4: Flash-MoE prefill layer=1 tokens=1024 unique=256 refs=6144 sync=12.730 ms plan=0.366 ms stage/compute=148.955 ms misses=256
ds4: Flash-MoE hybrid prefill layer=1 ane_groups=0 ane_refs=0 gpu_i8_groups=0 gpu_i8_refs=0 fp32_groups=0 ane_min_refs=512 concurrent=1 ane_pipeline=1 output_queue=4 async_ane=0 gpu_overlap=0 finishes=0 waits=0
ds4: Flash-MoE overlap plan layer=1 exec_groups=256 planned_ane_groups=0 planned_ane_refs=0 planned_gpu_groups=256 planned_gpu_refs=6144 tail_gpu_groups=0 tail_gpu_refs=0 planned_ssd_groups=256 est_gpu=22528.0 est_ane=0.0 est_idle=100.00% wall=148.547 ms actual_ane_groups=0 actual_ane_refs=0 actual_gpu_groups=0 actual_gpu_refs=0 finishes=0 waits=0 overlap_gpu_groups=0
ds4: Flash-MoE async pread canceled queued=0 reading=0 ready=1299 finished=0
ds4: gpu chunked prefill pos=4096 tokens=1024 layer 1 encode=162.561 ms execute=2.625 ms
ds4: Flash-MoE prefill layer=2 tokens=1024 unique=256 refs=6144 sync=38.861 ms plan=0.326 ms stage/compute=148.075 ms misses=256
ds4: Flash-MoE hybrid prefill layer=2 ane_groups=0 ane_refs=0 gpu_i8_groups=0 gpu_i8_refs=0 fp32_groups=0 ane_min_refs=512 concurrent=1 ane_pipeline=1 output_queue=4 async_ane=0 gpu_overlap=0 finishes=0 waits=0
ds4: Flash-MoE overlap plan layer=2 exec_groups=256 planned_ane_groups=0 planned_ane_refs=0 planned_gpu_groups=256 planned_gpu_refs=6144 tail_gpu_groups=0 tail_gpu_refs=0 planned_ssd_groups=256 est_gpu=22528.0 est_ane=0.0 est_idle=100.00% wall=147.690 ms actual_ane_groups=0 actual_ane_refs=0 actual_gpu_groups=0 actual_gpu_refs=0 finishes=0 waits=0 overlap_gpu_groups=0
ds4: Flash-MoE async pread canceled queued=0 reading=0 ready=1299 finished=0
ds4: gpu chunked prefill pos=4096 tokens=1024 layer 2 encode=187.594 ms execute=2.614 ms
ds4: Flash-MoE prefill layer=3 tokens=1024 unique=236 refs=6144 sync=14.587 ms plan=0.317 ms stage/compute=128.606 ms misses=236
ds4: Flash-MoE hybrid prefill layer=3 ane_groups=0 ane_refs=0 gpu_i8_groups=0 gpu_i8_refs=0 fp32_groups=0 ane_min_refs=512 concurrent=1 ane_pipeline=1 output_queue=4 async_ane=0 gpu_overlap=0 finishes=0 waits=0
ds4: Flash-MoE overlap plan layer=3 exec_groups=236 planned_ane_groups=0 planned_ane_refs=0 planned_gpu_groups=236 planned_gpu_refs=6144 tail_gpu_groups=0 tail_gpu_refs=0 planned_ssd_groups=236 est_gpu=21248.0 est_ane=0.0 est_idle=100.00% wall=128.250 ms actual_ane_groups=0 actual_ane_refs=0 actual_gpu_groups=0 actual_gpu_refs=0 finishes=0 waits=0 overlap_gpu_groups=0
ds4: Flash-MoE async pread canceled queued=0 reading=0 ready=1304 finished=0
ds4: gpu chunked prefill pos=4096 tokens=1024 layer 3 encode=144.092 ms execute=2.664 ms
ds4: Flash-MoE prefill layer=4 tokens=1024 unique=221 refs=6144 sync=38.791 ms plan=0.304 ms stage/compute=116.883 ms misses=221
ds4: Flash-MoE hybrid prefill layer=4 ane_groups=0 ane_refs=0 gpu_i8_groups=0 gpu_i8_refs=0 fp32_groups=0 ane_min_refs=512 concurrent=1 ane_pipeline=1 output_queue=4 async_ane=0 gpu_overlap=0 finishes=0 waits=0
ds4: Flash-MoE overlap plan layer=4 exec_groups=221 planned_ane_groups=0 planned_ane_refs=0 planned_gpu_groups=221 planned_gpu_refs=6144 tail_gpu_groups=0 tail_gpu_refs=0 planned_ssd_groups=221 est_gpu=20288.0 est_ane=0.0 est_idle=100.00% wall=116.529 ms actual_ane_groups=0 actual_ane_refs=0 actual_gpu_groups=0 actual_gpu_refs=0 finishes=0 waits=0 overlap_gpu_groups=0
ds4: Flash-MoE async pread canceled queued=0 reading=0 ready=1313 finished=0
ds4: gpu chunked prefill pos=4096 tokens=1024 layer 4 encode=156.425 ms execute=2.633 ms
ds4: Flash-MoE prefill layer=5 tokens=1024 unique=239 refs=6144 sync=15.258 ms plan=0.329 ms stage/compute=122.876 ms misses=239
ds4: Flash-MoE hybrid prefill layer=5 ane_groups=1 ane_refs=532 gpu_i8_groups=0 gpu_i8_refs=0 fp32_groups=0 ane_min_refs=512 concurrent=1 ane_pipeline=1 output_queue=4 async_ane=1 gpu_overlap=238 finishes=1 waits=2
ds4: Flash-MoE overlap plan layer=5 exec_groups=239 planned_ane_groups=1 planned_ane_refs=532 planned_gpu_groups=238 planned_gpu_refs=5612 tail_gpu_groups=0 tail_gpu_refs=0 planned_ssd_groups=239 est_gpu=20844.0 est_ane=167.8 est_idle=99.20% wall=122.504 ms actual_ane_groups=1 actual_ane_refs=532 actual_gpu_groups=0 actual_gpu_refs=0 finishes=1 waits=2 overlap_gpu_groups=238
ds4: Flash-MoE async pread canceled queued=0 reading=0 ready=1315 finished=0
ds4: gpu chunked prefill pos=4096 tokens=1024 layer 5 encode=139.080 ms execute=2.584 ms
ds4: Flash-MoE prefill layer=6 tokens=1024 unique=224 refs=6144 sync=38.756 ms plan=0.364 ms stage/compute=120.549 ms misses=224
ds4: Flash-MoE hybrid prefill layer=6 ane_groups=0 ane_refs=0 gpu_i8_groups=0 gpu_i8_refs=0 fp32_groups=0 ane_min_refs=512 concurrent=1 ane_pipeline=1 output_queue=4 async_ane=0 gpu_overlap=0 finishes=0 waits=0
ds4: Flash-MoE overlap plan layer=6 exec_groups=224 planned_ane_groups=0 planned_ane_refs=0 planned_gpu_groups=224 planned_gpu_refs=6144 tail_gpu_groups=0 tail_gpu_refs=0 planned_ssd_groups=224 est_gpu=20480.0 est_ane=0.0 est_idle=100.00% wall=120.189 ms actual_ane_groups=0 actual_ane_refs=0 actual_gpu_groups=0 actual_gpu_refs=0 finishes=0 waits=0 overlap_gpu_groups=0
ds4: Flash-MoE async pread canceled queued=0 reading=0 ready=1319 finished=0
ds4: gpu chunked prefill pos=4096 tokens=1024 layer 6 encode=160.206 ms execute=2.583 ms
ds4: Flash-MoE prefill layer=7 tokens=1024 unique=226 refs=6144 sync=14.537 ms plan=0.317 ms stage/compute=115.618 ms misses=226
ds4: Flash-MoE hybrid prefill layer=7 ane_groups=0 ane_refs=0 gpu_i8_groups=0 gpu_i8_refs=0 fp32_groups=0 ane_min_refs=512 concurrent=1 ane_pipeline=1 output_queue=4 async_ane=0 gpu_overlap=0 finishes=0 waits=0
ds4: Flash-MoE overlap plan layer=7 exec_groups=226 planned_ane_groups=0 planned_ane_refs=0 planned_gpu_groups=226 planned_gpu_refs=6144 tail_gpu_groups=0 tail_gpu_refs=0 planned_ssd_groups=226 est_gpu=20608.0 est_ane=0.0 est_idle=100.00% wall=115.252 ms actual_ane_groups=0 actual_ane_refs=0 actual_gpu_groups=0 actual_gpu_refs=0 finishes=0 waits=0 overlap_gpu_groups=0
ds4: Flash-MoE async pread canceled queued=0 reading=0 ready=1323 finished=0
ds4: gpu chunked prefill pos=4096 tokens=1024 layer 7 encode=130.999 ms execute=2.596 ms
ds4: Flash-MoE prefill layer=8 tokens=1024 unique=219 refs=6144 sync=39.094 ms plan=0.353 ms stage/compute=116.951 ms misses=219
ds4: Flash-MoE hybrid prefill layer=8 ane_groups=0 ane_refs=0 gpu_i8_groups=0 gpu_i8_refs=0 fp32_groups=0 ane_min_refs=512 concurrent=1 ane_pipeline=1 output_queue=4 async_ane=0 gpu_overlap=0 finishes=0 waits=0
ds4: Flash-MoE overlap plan layer=8 exec_groups=219 planned_ane_groups=0 planned_ane_refs=0 planned_gpu_groups=219 planned_gpu_refs=6144 tail_gpu_groups=0 tail_gpu_refs=0 planned_ssd_groups=219 est_gpu=20160.0 est_ane=0.0 est_idle=100.00% wall=116.589 ms actual_ane_groups=0 actual_ane_refs=0 actual_gpu_groups=0 actual_gpu_refs=0 finishes=0 waits=0 overlap_gpu_groups=0
ds4: Flash-MoE async pread canceled queued=0 reading=0 ready=1329 finished=0
ds4: gpu chunked prefill pos=4096 tokens=1024 layer 8 encode=156.701 ms execute=2.579 ms
ds4: Flash-MoE prefill layer=9 tokens=1024 unique=225 refs=6144 sync=14.528 ms plan=0.291 ms stage/compute=119.374 ms misses=225
ds4: Flash-MoE hybrid prefill layer=9 ane_groups=0 ane_refs=0 gpu_i8_groups=0 gpu_i8_refs=0 fp32_groups=0 ane_min_refs=512 concurrent=1 ane_pipeline=1 output_queue=4 async_ane=0 gpu_overlap=0 finishes=0 waits=0
ds4: Flash-MoE overlap plan layer=9 exec_groups=225 planned_ane_groups=0 planned_ane_refs=0 planned_gpu_groups=225 planned_gpu_refs=6144 tail_gpu_groups=0 tail_gpu_refs=0 planned_ssd_groups=225 est_gpu=20544.0 est_ane=0.0 est_idle=100.00% wall=119.000 ms actual_ane_groups=0 actual_ane_refs=0 actual_gpu_groups=0 actual_gpu_refs=0 finishes=0 waits=0 overlap_gpu_groups=0
ds4: Flash-MoE async pread canceled queued=0 reading=0 ready=1335 finished=0
ds4: gpu chunked prefill pos=4096 tokens=1024 layer 9 encode=134.691 ms execute=2.567 ms
ds4: Flash-MoE prefill layer=10 tokens=1024 unique=226 refs=6144 sync=39.250 ms plan=0.339 ms stage/compute=118.389 ms misses=226
ds4: Flash-MoE hybrid prefill layer=10 ane_groups=0 ane_refs=0 gpu_i8_groups=0 gpu_i8_refs=0 fp32_groups=0 ane_min_refs=512 concurrent=1 ane_pipeline=1 output_queue=4 async_ane=0 gpu_overlap=0 finishes=0 waits=0
ds4: Flash-MoE overlap plan layer=10 exec_groups=226 planned_ane_groups=0 planned_ane_refs=0 planned_gpu_groups=226 planned_gpu_refs=6144 tail_gpu_groups=0 tail_gpu_refs=0 planned_ssd_groups=226 est_gpu=20608.0 est_ane=0.0 est_idle=100.00% wall=118.025 ms actual_ane_groups=0 actual_ane_refs=0 actual_gpu_groups=0 actual_gpu_refs=0 finishes=0 waits=0 overlap_gpu_groups=0
ds4: Flash-MoE async pread canceled queued=0 reading=0 ready=1343 finished=0
ds4: gpu chunked prefill pos=4096 tokens=1024 layer 10 encode=158.247 ms execute=2.583 ms
ds4: Flash-MoE prefill layer=11 tokens=1024 unique=235 refs=6144 sync=14.578 ms plan=0.308 ms stage/compute=119.294 ms misses=235
ds4: Flash-MoE hybrid prefill layer=11 ane_groups=0 ane_refs=0 gpu_i8_groups=0 gpu_i8_refs=0 fp32_groups=0 ane_min_refs=512 concurrent=1 ane_pipeline=1 output_queue=4 async_ane=0 gpu_overlap=0 finishes=0 waits=0
ds4: Flash-MoE overlap plan layer=11 exec_groups=235 planned_ane_groups=0 planned_ane_refs=0 planned_gpu_groups=235 planned_gpu_refs=6144 tail_gpu_groups=0 tail_gpu_refs=0 planned_ssd_groups=235 est_gpu=21184.0 est_ane=0.0 est_idle=100.00% wall=118.910 ms actual_ane_groups=0 actual_ane_refs=0 actual_gpu_groups=0 actual_gpu_refs=0 finishes=0 waits=0 overlap_gpu_groups=0
ds4: Flash-MoE async pread canceled queued=0 reading=0 ready=1348 finished=0
ds4: gpu chunked prefill pos=4096 tokens=1024 layer 11 encode=134.748 ms execute=2.620 ms
ds4: Flash-MoE prefill layer=12 tokens=1024 unique=206 refs=6144 sync=39.535 ms plan=0.282 ms stage/compute=109.910 ms misses=206
ds4: Flash-MoE hybrid prefill layer=12 ane_groups=0 ane_refs=0 gpu_i8_groups=0 gpu_i8_refs=0 fp32_groups=0 ane_min_refs=512 concurrent=1 ane_pipeline=1 output_queue=4 async_ane=0 gpu_overlap=0 finishes=0 waits=0
ds4: Flash-MoE overlap plan layer=12 exec_groups=206 planned_ane_groups=0 planned_ane_refs=0 planned_gpu_groups=206 planned_gpu_refs=6144 tail_gpu_groups=0 tail_gpu_refs=0 planned_ssd_groups=206 est_gpu=19328.0 est_ane=0.0 est_idle=100.00% wall=109.552 ms actual_ane_groups=0 actual_ane_refs=0 actual_gpu_groups=0 actual_gpu_refs=0 finishes=0 waits=0 overlap_gpu_groups=0
ds4: Flash-MoE async pread canceled queued=0 reading=0 ready=1354 finished=0
ds4: gpu chunked prefill pos=4096 tokens=1024 layer 12 encode=150.016 ms execute=2.596 ms
ds4: Flash-MoE prefill layer=13 tokens=1024 unique=222 refs=6144 sync=14.553 ms plan=0.286 ms stage/compute=114.130 ms misses=222
ds4: Flash-MoE hybrid prefill layer=13 ane_groups=0 ane_refs=0 gpu_i8_groups=0 gpu_i8_refs=0 fp32_groups=0 ane_min_refs=512 concurrent=1 ane_pipeline=1 output_queue=4 async_ane=0 gpu_overlap=0 finishes=0 waits=0
ds4: Flash-MoE overlap plan layer=13 exec_groups=222 planned_ane_groups=0 planned_ane_refs=0 planned_gpu_groups=222 planned_gpu_refs=6144 tail_gpu_groups=0 tail_gpu_refs=0 planned_ssd_groups=222 est_gpu=20352.0 est_ane=0.0 est_idle=100.00% wall=113.770 ms actual_ane_groups=0 actual_ane_refs=0 actual_gpu_groups=0 actual_gpu_refs=0 finishes=0 waits=0 overlap_gpu_groups=0
ds4: Flash-MoE async pread canceled queued=0 reading=0 ready=1361 finished=0
ds4: gpu chunked prefill pos=4096 tokens=1024 layer 13 encode=129.525 ms execute=2.657 ms
ds4: Flash-MoE prefill layer=14 tokens=1024 unique=217 refs=6144 sync=39.034 ms plan=0.312 ms stage/compute=114.150 ms misses=217
ds4: Flash-MoE hybrid prefill layer=14 ane_groups=0 ane_refs=0 gpu_i8_groups=0 gpu_i8_refs=0 fp32_groups=0 ane_min_refs=512 concurrent=1 ane_pipeline=1 output_queue=4 async_ane=0 gpu_overlap=0 finishes=0 waits=0
ds4: Flash-MoE overlap plan layer=14 exec_groups=217 planned_ane_groups=0 planned_ane_refs=0 planned_gpu_groups=217 planned_gpu_refs=6144 tail_gpu_groups=0 tail_gpu_refs=0 planned_ssd_groups=217 est_gpu=20032.0 est_ane=0.0 est_idle=100.00% wall=113.780 ms actual_ane_groups=0 actual_ane_refs=0 actual_gpu_groups=0 actual_gpu_refs=0 finishes=0 waits=0 overlap_gpu_groups=0
ds4: Flash-MoE async pread canceled queued=0 reading=0 ready=1373 finished=0
ds4: gpu chunked prefill pos=4096 tokens=1024 layer 14 encode=153.770 ms execute=2.596 ms
ds4: Flash-MoE prefill layer=15 tokens=1024 unique=210 refs=6144 sync=14.518 ms plan=0.288 ms stage/compute=107.344 ms misses=210
ds4: Flash-MoE hybrid prefill layer=15 ane_groups=0 ane_refs=0 gpu_i8_groups=0 gpu_i8_refs=0 fp32_groups=0 ane_min_refs=512 concurrent=1 ane_pipeline=1 output_queue=4 async_ane=0 gpu_overlap=0 finishes=0 waits=0
ds4: Flash-MoE overlap plan layer=15 exec_groups=210 planned_ane_groups=0 planned_ane_refs=0 planned_gpu_groups=210 planned_gpu_refs=6144 tail_gpu_groups=0 tail_gpu_refs=0 planned_ssd_groups=210 est_gpu=19584.0 est_ane=0.0 est_idle=100.00% wall=107.000 ms actual_ane_groups=0 actual_ane_refs=0 actual_gpu_groups=0 actual_gpu_refs=0 finishes=0 waits=0 overlap_gpu_groups=0
ds4: Flash-MoE async pread canceled queued=0 reading=0 ready=1378 finished=0
ds4: gpu chunked prefill pos=4096 tokens=1024 layer 15 encode=122.659 ms execute=2.567 ms
ds4: Flash-MoE prefill layer=16 tokens=1024 unique=207 refs=6144 sync=38.737 ms plan=0.464 ms stage/compute=111.235 ms misses=207
ds4: Flash-MoE hybrid prefill layer=16 ane_groups=0 ane_refs=0 gpu_i8_groups=0 gpu_i8_refs=0 fp32_groups=0 ane_min_refs=512 concurrent=1 ane_pipeline=1 output_queue=4 async_ane=0 gpu_overlap=0 finishes=0 waits=0
ds4: Flash-MoE overlap plan layer=16 exec_groups=207 planned_ane_groups=0 planned_ane_refs=0 planned_gpu_groups=207 planned_gpu_refs=6144 tail_gpu_groups=0 tail_gpu_refs=0 planned_ssd_groups=207 est_gpu=19392.0 est_ane=0.0 est_idle=100.00% wall=110.884 ms actual_ane_groups=0 actual_ane_refs=0 actual_gpu_groups=0 actual_gpu_refs=0 finishes=0 waits=0 overlap_gpu_groups=0
ds4: Flash-MoE async pread canceled queued=0 reading=0 ready=1391 finished=0
ds4: gpu chunked prefill pos=4096 tokens=1024 layer 16 encode=150.695 ms execute=2.655 ms
ds4: Flash-MoE prefill layer=17 tokens=1024 unique=220 refs=6144 sync=14.583 ms plan=0.333 ms stage/compute=113.853 ms misses=220
ds4: Flash-MoE hybrid prefill layer=17 ane_groups=0 ane_refs=0 gpu_i8_groups=0 gpu_i8_refs=0 fp32_groups=0 ane_min_refs=512 concurrent=1 ane_pipeline=1 output_queue=4 async_ane=0 gpu_overlap=0 finishes=0 waits=0
ds4: Flash-MoE overlap plan layer=17 exec_groups=220 planned_ane_groups=0 planned_ane_refs=0 planned_gpu_groups=220 planned_gpu_refs=6144 tail_gpu_groups=0 tail_gpu_refs=0 planned_ssd_groups=220 est_gpu=20224.0 est_ane=0.0 est_idle=100.00% wall=113.486 ms actual_ane_groups=0 actual_ane_refs=0 actual_gpu_groups=0 actual_gpu_refs=0 finishes=0 waits=0 overlap_gpu_groups=0
ds4: Flash-MoE async pread canceled queued=0 reading=0 ready=1399 finished=0
ds4: gpu chunked prefill pos=4096 tokens=1024 layer 17 encode=129.296 ms execute=2.618 ms
ds4: Flash-MoE prefill layer=18 tokens=1024 unique=200 refs=6144 sync=38.665 ms plan=0.339 ms stage/compute=105.658 ms misses=200
ds4: Flash-MoE hybrid prefill layer=18 ane_groups=0 ane_refs=0 gpu_i8_groups=0 gpu_i8_refs=0 fp32_groups=0 ane_min_refs=512 concurrent=1 ane_pipeline=1 output_queue=4 async_ane=0 gpu_overlap=0 finishes=0 waits=0
ds4: Flash-MoE overlap plan layer=18 exec_groups=200 planned_ane_groups=0 planned_ane_refs=0 planned_gpu_groups=200 planned_gpu_refs=6144 tail_gpu_groups=0 tail_gpu_refs=0 planned_ssd_groups=200 est_gpu=18944.0 est_ane=0.0 est_idle=100.00% wall=105.343 ms actual_ane_groups=0 actual_ane_refs=0 actual_gpu_groups=0 actual_gpu_refs=0 finishes=0 waits=0 overlap_gpu_groups=0
ds4: Flash-MoE async pread canceled queued=0 reading=0 ready=1408 finished=0
ds4: gpu chunked prefill pos=4096 tokens=1024 layer 18 encode=144.961 ms execute=2.576 ms
ds4: Flash-MoE prefill layer=19 tokens=1024 unique=227 refs=6144 sync=14.469 ms plan=0.365 ms stage/compute=123.282 ms misses=227
ds4: Flash-MoE hybrid prefill layer=19 ane_groups=0 ane_refs=0 gpu_i8_groups=0 gpu_i8_refs=0 fp32_groups=0 ane_min_refs=512 concurrent=1 ane_pipeline=1 output_queue=4 async_ane=0 gpu_overlap=0 finishes=0 waits=0
ds4: Flash-MoE overlap plan layer=19 exec_groups=227 planned_ane_groups=0 planned_ane_refs=0 planned_gpu_groups=227 planned_gpu_refs=6144 tail_gpu_groups=0 tail_gpu_refs=0 planned_ssd_groups=227 est_gpu=20672.0 est_ane=0.0 est_idle=100.00% wall=122.929 ms actual_ane_groups=0 actual_ane_refs=0 actual_gpu_groups=0 actual_gpu_refs=0 finishes=0 waits=0 overlap_gpu_groups=0
ds4: Flash-MoE async pread canceled queued=0 reading=0 ready=1412 finished=0
ds4: gpu chunked prefill pos=4096 tokens=1024 layer 19 encode=138.622 ms execute=2.597 ms
ds4: Flash-MoE prefill layer=20 tokens=1024 unique=195 refs=6144 sync=39.004 ms plan=0.335 ms stage/compute=105.327 ms misses=195
ds4: Flash-MoE hybrid prefill layer=20 ane_groups=0 ane_refs=0 gpu_i8_groups=0 gpu_i8_refs=0 fp32_groups=0 ane_min_refs=512 concurrent=1 ane_pipeline=1 output_queue=4 async_ane=0 gpu_overlap=0 finishes=0 waits=0
ds4: Flash-MoE overlap plan layer=20 exec_groups=195 planned_ane_groups=0 planned_ane_refs=0 planned_gpu_groups=195 planned_gpu_refs=6144 tail_gpu_groups=0 tail_gpu_refs=0 planned_ssd_groups=195 est_gpu=18624.0 est_ane=0.0 est_idle=100.00% wall=104.995 ms actual_ane_groups=0 actual_ane_refs=0 actual_gpu_groups=0 actual_gpu_refs=0 finishes=0 waits=0 overlap_gpu_groups=0
ds4: Flash-MoE async pread canceled queued=0 reading=0 ready=1426 finished=0
ds4: gpu chunked prefill pos=4096 tokens=1024 layer 20 encode=144.932 ms execute=2.614 ms
ds4: Flash-MoE prefill layer=21 tokens=1024 unique=203 refs=6144 sync=14.476 ms plan=0.330 ms stage/compute=110.277 ms misses=203
ds4: Flash-MoE hybrid prefill layer=21 ane_groups=0 ane_refs=0 gpu_i8_groups=0 gpu_i8_refs=0 fp32_groups=0 ane_min_refs=512 concurrent=1 ane_pipeline=1 output_queue=4 async_ane=0 gpu_overlap=0 finishes=0 waits=0
ds4: Flash-MoE overlap plan layer=21 exec_groups=203 planned_ane_groups=0 planned_ane_refs=0 planned_gpu_groups=203 planned_gpu_refs=6144 tail_gpu_groups=0 tail_gpu_refs=0 planned_ssd_groups=203 est_gpu=19136.0 est_ane=0.0 est_idle=100.00% wall=109.944 ms actual_ane_groups=0 actual_ane_refs=0 actual_gpu_groups=0 actual_gpu_refs=0 finishes=0 waits=0 overlap_gpu_groups=0
ds4: Flash-MoE async pread canceled queued=0 reading=0 ready=1433 finished=0
ds4: gpu chunked prefill pos=4096 tokens=1024 layer 21 encode=125.582 ms execute=2.626 ms
ds4: Flash-MoE prefill layer=22 tokens=1024 unique=201 refs=6144 sync=38.543 ms plan=0.375 ms stage/compute=106.913 ms misses=201
ds4: Flash-MoE hybrid prefill layer=22 ane_groups=0 ane_refs=0 gpu_i8_groups=0 gpu_i8_refs=0 fp32_groups=0 ane_min_refs=512 concurrent=1 ane_pipeline=1 output_queue=4 async_ane=0 gpu_overlap=0 finishes=0 waits=0
ds4: Flash-MoE overlap plan layer=22 exec_groups=201 planned_ane_groups=0 planned_ane_refs=0 planned_gpu_groups=201 planned_gpu_refs=6144 tail_gpu_groups=0 tail_gpu_refs=0 planned_ssd_groups=201 est_gpu=19008.0 est_ane=0.0 est_idle=100.00% wall=106.578 ms actual_ane_groups=0 actual_ane_refs=0 actual_gpu_groups=0 actual_gpu_refs=0 finishes=0 waits=0 overlap_gpu_groups=0
ds4: Flash-MoE async pread canceled queued=0 reading=0 ready=1441 finished=0
ds4: gpu chunked prefill pos=4096 tokens=1024 layer 22 encode=146.115 ms execute=2.586 ms
ds4: Flash-MoE prefill layer=23 tokens=1024 unique=216 refs=6144 sync=14.471 ms plan=0.408 ms stage/compute=115.574 ms misses=216
ds4: Flash-MoE hybrid prefill layer=23 ane_groups=0 ane_refs=0 gpu_i8_groups=0 gpu_i8_refs=0 fp32_groups=0 ane_min_refs=512 concurrent=1 ane_pipeline=1 output_queue=4 async_ane=0 gpu_overlap=0 finishes=0 waits=0
ds4: Flash-MoE overlap plan layer=23 exec_groups=216 planned_ane_groups=0 planned_ane_refs=0 planned_gpu_groups=216 planned_gpu_refs=6144 tail_gpu_groups=0 tail_gpu_refs=0 planned_ssd_groups=216 est_gpu=19968.0 est_ane=0.0 est_idle=100.00% wall=115.217 ms actual_ane_groups=0 actual_ane_refs=0 actual_gpu_groups=0 actual_gpu_refs=0 finishes=0 waits=0 overlap_gpu_groups=0
ds4: Flash-MoE async pread canceled queued=0 reading=0 ready=1448 finished=0
ds4: gpu chunked prefill pos=4096 tokens=1024 layer 23 encode=131.026 ms execute=2.620 ms
ds4: Flash-MoE prefill layer=24 tokens=1024 unique=208 refs=6144 sync=39.061 ms plan=0.344 ms stage/compute=108.623 ms misses=208
ds4: Flash-MoE hybrid prefill layer=24 ane_groups=0 ane_refs=0 gpu_i8_groups=0 gpu_i8_refs=0 fp32_groups=0 ane_min_refs=512 concurrent=1 ane_pipeline=1 output_queue=4 async_ane=0 gpu_overlap=0 finishes=0 waits=0
ds4: Flash-MoE overlap plan layer=24 exec_groups=208 planned_ane_groups=0 planned_ane_refs=0 planned_gpu_groups=208 planned_gpu_refs=6144 tail_gpu_groups=0 tail_gpu_refs=0 planned_ssd_groups=208 est_gpu=19456.0 est_ane=0.0 est_idle=100.00% wall=108.267 ms actual_ane_groups=0 actual_ane_refs=0 actual_gpu_groups=0 actual_gpu_refs=0 finishes=0 waits=0 overlap_gpu_groups=0
ds4: Flash-MoE async pread canceled queued=0 reading=0 ready=1451 finished=0
ds4: gpu chunked prefill pos=4096 tokens=1024 layer 24 encode=148.320 ms execute=2.589 ms
ds4: Flash-MoE prefill layer=25 tokens=1024 unique=220 refs=6144 sync=14.452 ms plan=0.315 ms stage/compute=117.812 ms misses=220
ds4: Flash-MoE hybrid prefill layer=25 ane_groups=0 ane_refs=0 gpu_i8_groups=0 gpu_i8_refs=0 fp32_groups=0 ane_min_refs=512 concurrent=1 ane_pipeline=1 output_queue=4 async_ane=0 gpu_overlap=0 finishes=0 waits=0
ds4: Flash-MoE overlap plan layer=25 exec_groups=220 planned_ane_groups=0 planned_ane_refs=0 planned_gpu_groups=220 planned_gpu_refs=6144 tail_gpu_groups=0 tail_gpu_refs=0 planned_ssd_groups=220 est_gpu=20224.0 est_ane=0.0 est_idle=100.00% wall=117.450 ms actual_ane_groups=0 actual_ane_refs=0 actual_gpu_groups=0 actual_gpu_refs=0 finishes=0 waits=0 overlap_gpu_groups=0
ds4: Flash-MoE async pread canceled queued=0 reading=0 ready=1461 finished=0
ds4: gpu chunked prefill pos=4096 tokens=1024 layer 25 encode=133.126 ms execute=2.553 ms
ds4: Flash-MoE prefill layer=26 tokens=1024 unique=204 refs=6144 sync=39.129 ms plan=0.363 ms stage/compute=107.070 ms misses=204
ds4: Flash-MoE hybrid prefill layer=26 ane_groups=0 ane_refs=0 gpu_i8_groups=0 gpu_i8_refs=0 fp32_groups=0 ane_min_refs=512 concurrent=1 ane_pipeline=1 output_queue=4 async_ane=0 gpu_overlap=0 finishes=0 waits=0
ds4: Flash-MoE overlap plan layer=26 exec_groups=204 planned_ane_groups=0 planned_ane_refs=0 planned_gpu_groups=204 planned_gpu_refs=6144 tail_gpu_groups=0 tail_gpu_refs=0 planned_ssd_groups=204 est_gpu=19200.0 est_ane=0.0 est_idle=100.00% wall=106.727 ms actual_ane_groups=0 actual_ane_refs=0 actual_gpu_groups=0 actual_gpu_refs=0 finishes=0 waits=0 overlap_gpu_groups=0
ds4: Flash-MoE async pread canceled queued=0 reading=0 ready=1471 finished=0
ds4: gpu chunked prefill pos=4096 tokens=1024 layer 26 encode=146.843 ms execute=2.565 ms
ds4: Flash-MoE prefill layer=27 tokens=1024 unique=216 refs=6144 sync=14.447 ms plan=0.279 ms stage/compute=115.410 ms misses=216
ds4: Flash-MoE hybrid prefill layer=27 ane_groups=0 ane_refs=0 gpu_i8_groups=0 gpu_i8_refs=0 fp32_groups=0 ane_min_refs=512 concurrent=1 ane_pipeline=1 output_queue=4 async_ane=0 gpu_overlap=0 finishes=0 waits=0
ds4: Flash-MoE overlap plan layer=27 exec_groups=216 planned_ane_groups=0 planned_ane_refs=0 planned_gpu_groups=216 planned_gpu_refs=6144 tail_gpu_groups=0 tail_gpu_refs=0 planned_ssd_groups=216 est_gpu=19968.0 est_ane=0.0 est_idle=100.00% wall=115.061 ms actual_ane_groups=0 actual_ane_refs=0 actual_gpu_groups=0 actual_gpu_refs=0 finishes=0 waits=0 overlap_gpu_groups=0
ds4: Flash-MoE async pread canceled queued=0 reading=0 ready=1475 finished=0
ds4: gpu chunked prefill pos=4096 tokens=1024 layer 27 encode=130.647 ms execute=2.571 ms
ds4: Flash-MoE prefill layer=28 tokens=1024 unique=212 refs=6144 sync=38.593 ms plan=0.315 ms stage/compute=114.018 ms misses=212
ds4: Flash-MoE hybrid prefill layer=28 ane_groups=0 ane_refs=0 gpu_i8_groups=0 gpu_i8_refs=0 fp32_groups=0 ane_min_refs=512 concurrent=1 ane_pipeline=1 output_queue=4 async_ane=0 gpu_overlap=0 finishes=0 waits=0
ds4: Flash-MoE overlap plan layer=28 exec_groups=212 planned_ane_groups=0 planned_ane_refs=0 planned_gpu_groups=212 planned_gpu_refs=6144 tail_gpu_groups=0 tail_gpu_refs=0 planned_ssd_groups=212 est_gpu=19712.0 est_ane=0.0 est_idle=100.00% wall=113.666 ms actual_ane_groups=0 actual_ane_refs=0 actual_gpu_groups=0 actual_gpu_refs=0 finishes=0 waits=0 overlap_gpu_groups=0
ds4: Flash-MoE async pread canceled queued=0 reading=0 ready=1482 finished=0
ds4: gpu chunked prefill pos=4096 tokens=1024 layer 28 encode=153.205 ms execute=2.602 ms
ds4: Flash-MoE prefill layer=29 tokens=1024 unique=205 refs=6144 sync=14.468 ms plan=0.291 ms stage/compute=110.396 ms misses=205
ds4: Flash-MoE hybrid prefill layer=29 ane_groups=0 ane_refs=0 gpu_i8_groups=0 gpu_i8_refs=0 fp32_groups=0 ane_min_refs=512 concurrent=1 ane_pipeline=1 output_queue=4 async_ane=0 gpu_overlap=0 finishes=0 waits=0
ds4: Flash-MoE overlap plan layer=29 exec_groups=205 planned_ane_groups=0 planned_ane_refs=0 planned_gpu_groups=205 planned_gpu_refs=6144 tail_gpu_groups=0 tail_gpu_refs=0 planned_ssd_groups=205 est_gpu=19264.0 est_ane=0.0 est_idle=100.00% wall=110.043 ms actual_ane_groups=0 actual_ane_refs=0 actual_gpu_groups=0 actual_gpu_refs=0 finishes=0 waits=0 overlap_gpu_groups=0
ds4: Flash-MoE async pread canceled queued=0 reading=0 ready=1494 finished=0
ds4: gpu chunked prefill pos=4096 tokens=1024 layer 29 encode=125.672 ms execute=2.564 ms
ds4: Flash-MoE prefill layer=30 tokens=1024 unique=215 refs=6144 sync=38.536 ms plan=0.365 ms stage/compute=113.243 ms misses=215
ds4: Flash-MoE hybrid prefill layer=30 ane_groups=0 ane_refs=0 gpu_i8_groups=0 gpu_i8_refs=0 fp32_groups=0 ane_min_refs=512 concurrent=1 ane_pipeline=1 output_queue=4 async_ane=0 gpu_overlap=0 finishes=0 waits=0
ds4: Flash-MoE overlap plan layer=30 exec_groups=215 planned_ane_groups=0 planned_ane_refs=0 planned_gpu_groups=215 planned_gpu_refs=6144 tail_gpu_groups=0 tail_gpu_refs=0 planned_ssd_groups=215 est_gpu=19904.0 est_ane=0.0 est_idle=100.00% wall=112.862 ms actual_ane_groups=0 actual_ane_refs=0 actual_gpu_groups=0 actual_gpu_refs=0 finishes=0 waits=0 overlap_gpu_groups=0
ds4: Flash-MoE async pread canceled queued=0 reading=0 ready=1505 finished=0
ds4: gpu chunked prefill pos=4096 tokens=1024 layer 30 encode=152.410 ms execute=2.708 ms
ds4: Flash-MoE prefill layer=31 tokens=1024 unique=217 refs=6144 sync=14.555 ms plan=0.310 ms stage/compute=111.545 ms misses=217
ds4: Flash-MoE hybrid prefill layer=31 ane_groups=0 ane_refs=0 gpu_i8_groups=0 gpu_i8_refs=0 fp32_groups=0 ane_min_refs=512 concurrent=1 ane_pipeline=1 output_queue=4 async_ane=0 gpu_overlap=0 finishes=0 waits=0
ds4: Flash-MoE overlap plan layer=31 exec_groups=217 planned_ane_groups=0 planned_ane_refs=0 planned_gpu_groups=217 planned_gpu_refs=6144 tail_gpu_groups=0 tail_gpu_refs=0 planned_ssd_groups=217 est_gpu=20032.0 est_ane=0.0 est_idle=100.00% wall=111.180 ms actual_ane_groups=0 actual_ane_refs=0 actual_gpu_groups=0 actual_gpu_refs=0 finishes=0 waits=0 overlap_gpu_groups=0
ds4: Flash-MoE async pread canceled queued=0 reading=0 ready=1512 finished=0
ds4: gpu chunked prefill pos=4096 tokens=1024 layer 31 encode=126.949 ms execute=2.591 ms
ds4: Flash-MoE prefill layer=32 tokens=1024 unique=217 refs=6144 sync=38.609 ms plan=0.339 ms stage/compute=115.051 ms misses=217
ds4: Flash-MoE hybrid prefill layer=32 ane_groups=0 ane_refs=0 gpu_i8_groups=0 gpu_i8_refs=0 fp32_groups=0 ane_min_refs=512 concurrent=1 ane_pipeline=1 output_queue=4 async_ane=0 gpu_overlap=0 finishes=0 waits=0
ds4: Flash-MoE overlap plan layer=32 exec_groups=217 planned_ane_groups=0 planned_ane_refs=0 planned_gpu_groups=217 planned_gpu_refs=6144 tail_gpu_groups=0 tail_gpu_refs=0 planned_ssd_groups=217 est_gpu=20032.0 est_ane=0.0 est_idle=100.00% wall=114.657 ms actual_ane_groups=0 actual_ane_refs=0 actual_gpu_groups=0 actual_gpu_refs=0 finishes=0 waits=0 overlap_gpu_groups=0
ds4: Flash-MoE async pread canceled queued=0 reading=0 ready=1516 finished=0
ds4: gpu chunked prefill pos=4096 tokens=1024 layer 32 encode=154.364 ms execute=2.603 ms
ds4: Flash-MoE prefill layer=33 tokens=1024 unique=197 refs=6144 sync=14.684 ms plan=0.325 ms stage/compute=107.040 ms misses=197
ds4: Flash-MoE hybrid prefill layer=33 ane_groups=0 ane_refs=0 gpu_i8_groups=0 gpu_i8_refs=0 fp32_groups=0 ane_min_refs=512 concurrent=1 ane_pipeline=1 output_queue=4 async_ane=0 gpu_overlap=0 finishes=0 waits=0
ds4: Flash-MoE overlap plan layer=33 exec_groups=197 planned_ane_groups=0 planned_ane_refs=0 planned_gpu_groups=197 planned_gpu_refs=6144 tail_gpu_groups=0 tail_gpu_refs=0 planned_ssd_groups=197 est_gpu=18752.0 est_ane=0.0 est_idle=100.00% wall=106.708 ms actual_ane_groups=0 actual_ane_refs=0 actual_gpu_groups=0 actual_gpu_refs=0 finishes=0 waits=0 overlap_gpu_groups=0
ds4: Flash-MoE async pread canceled queued=0 reading=0 ready=1530 finished=0
ds4: gpu chunked prefill pos=4096 tokens=1024 layer 33 encode=122.575 ms execute=2.564 ms
ds4: Flash-MoE prefill layer=34 tokens=1024 unique=208 refs=6144 sync=38.603 ms plan=0.340 ms stage/compute=107.255 ms misses=208
ds4: Flash-MoE hybrid prefill layer=34 ane_groups=0 ane_refs=0 gpu_i8_groups=0 gpu_i8_refs=0 fp32_groups=0 ane_min_refs=512 concurrent=1 ane_pipeline=1 output_queue=4 async_ane=0 gpu_overlap=0 finishes=0 waits=0
ds4: Flash-MoE overlap plan layer=34 exec_groups=208 planned_ane_groups=0 planned_ane_refs=0 planned_gpu_groups=208 planned_gpu_refs=6144 tail_gpu_groups=0 tail_gpu_refs=0 planned_ssd_groups=208 est_gpu=19456.0 est_ane=0.0 est_idle=100.00% wall=106.911 ms actual_ane_groups=0 actual_ane_refs=0 actual_gpu_groups=0 actual_gpu_refs=0 finishes=0 waits=0 overlap_gpu_groups=0
ds4: Flash-MoE async pread canceled queued=0 reading=0 ready=1540 finished=0
ds4: gpu chunked prefill pos=4096 tokens=1024 layer 34 encode=146.472 ms execute=2.652 ms
ds4: Flash-MoE prefill layer=35 tokens=1024 unique=207 refs=6144 sync=14.491 ms plan=0.368 ms stage/compute=110.529 ms misses=207
ds4: Flash-MoE hybrid prefill layer=35 ane_groups=0 ane_refs=0 gpu_i8_groups=0 gpu_i8_refs=0 fp32_groups=0 ane_min_refs=512 concurrent=1 ane_pipeline=1 output_queue=4 async_ane=0 gpu_overlap=0 finishes=0 waits=0
ds4: Flash-MoE overlap plan layer=35 exec_groups=207 planned_ane_groups=0 planned_ane_refs=0 planned_gpu_groups=207 planned_gpu_refs=6144 tail_gpu_groups=0 tail_gpu_refs=0 planned_ssd_groups=207 est_gpu=19392.0 est_ane=0.0 est_idle=100.00% wall=110.199 ms actual_ane_groups=0 actual_ane_refs=0 actual_gpu_groups=0 actual_gpu_refs=0 finishes=0 waits=0 overlap_gpu_groups=0
ds4: Flash-MoE async pread canceled queued=0 reading=0 ready=1551 finished=0
ds4: gpu chunked prefill pos=4096 tokens=1024 layer 35 encode=125.885 ms execute=2.571 ms
ds4: Flash-MoE prefill layer=36 tokens=1024 unique=214 refs=6144 sync=39.380 ms plan=0.322 ms stage/compute=108.867 ms misses=214
ds4: Flash-MoE hybrid prefill layer=36 ane_groups=0 ane_refs=0 gpu_i8_groups=0 gpu_i8_refs=0 fp32_groups=0 ane_min_refs=512 concurrent=1 ane_pipeline=1 output_queue=4 async_ane=0 gpu_overlap=0 finishes=0 waits=0
ds4: Flash-MoE overlap plan layer=36 exec_groups=214 planned_ane_groups=0 planned_ane_refs=0 planned_gpu_groups=214 planned_gpu_refs=6144 tail_gpu_groups=0 tail_gpu_refs=0 planned_ssd_groups=214 est_gpu=19840.0 est_ane=0.0 est_idle=100.00% wall=108.505 ms actual_ane_groups=0 actual_ane_refs=0 actual_gpu_groups=0 actual_gpu_refs=0 finishes=0 waits=0 overlap_gpu_groups=0
ds4: Flash-MoE async pread canceled queued=0 reading=0 ready=1562 finished=0
ds4: gpu chunked prefill pos=4096 tokens=1024 layer 36 encode=148.843 ms execute=2.587 ms
ds4: Flash-MoE prefill layer=37 tokens=1024 unique=210 refs=6144 sync=14.443 ms plan=0.311 ms stage/compute=107.462 ms misses=210
ds4: Flash-MoE hybrid prefill layer=37 ane_groups=1 ane_refs=569 gpu_i8_groups=0 gpu_i8_refs=0 fp32_groups=0 ane_min_refs=512 concurrent=1 ane_pipeline=1 output_queue=4 async_ane=1 gpu_overlap=209 finishes=1 waits=2
ds4: Flash-MoE overlap plan layer=37 exec_groups=210 planned_ane_groups=1 planned_ane_refs=569 planned_gpu_groups=209 planned_gpu_refs=5575 tail_gpu_groups=0 tail_gpu_refs=0 planned_ssd_groups=210 est_gpu=18951.0 est_ane=167.8 est_idle=99.11% wall=107.122 ms actual_ane_groups=1 actual_ane_refs=569 actual_gpu_groups=0 actual_gpu_refs=0 finishes=1 waits=2 overlap_gpu_groups=209
ds4: Flash-MoE async pread canceled queued=0 reading=0 ready=1570 finished=0
ds4: gpu chunked prefill pos=4096 tokens=1024 layer 37 encode=122.721 ms execute=2.645 ms
ds4: Flash-MoE prefill layer=38 tokens=1024 unique=216 refs=6144 sync=38.627 ms plan=0.355 ms stage/compute=112.865 ms misses=216
ds4: Flash-MoE hybrid prefill layer=38 ane_groups=0 ane_refs=0 gpu_i8_groups=0 gpu_i8_refs=0 fp32_groups=0 ane_min_refs=512 concurrent=1 ane_pipeline=1 output_queue=4 async_ane=0 gpu_overlap=0 finishes=0 waits=0
ds4: Flash-MoE overlap plan layer=38 exec_groups=216 planned_ane_groups=0 planned_ane_refs=0 planned_gpu_groups=216 planned_gpu_refs=6144 tail_gpu_groups=0 tail_gpu_refs=0 planned_ssd_groups=216 est_gpu=19968.0 est_ane=0.0 est_idle=100.00% wall=112.516 ms actual_ane_groups=0 actual_ane_refs=0 actual_gpu_groups=0 actual_gpu_refs=0 finishes=0 waits=0 overlap_gpu_groups=0
ds4: Flash-MoE async pread canceled queued=0 reading=0 ready=1582 finished=0
ds4: gpu chunked prefill pos=4096 tokens=1024 layer 38 encode=152.114 ms execute=2.589 ms
ds4: Flash-MoE prefill layer=39 tokens=1024 unique=219 refs=6144 sync=14.532 ms plan=0.309 ms stage/compute=113.086 ms misses=219
ds4: Flash-MoE hybrid prefill layer=39 ane_groups=0 ane_refs=0 gpu_i8_groups=0 gpu_i8_refs=0 fp32_groups=0 ane_min_refs=512 concurrent=1 ane_pipeline=1 output_queue=4 async_ane=0 gpu_overlap=0 finishes=0 waits=0
ds4: Flash-MoE overlap plan layer=39 exec_groups=219 planned_ane_groups=0 planned_ane_refs=0 planned_gpu_groups=219 planned_gpu_refs=6144 tail_gpu_groups=0 tail_gpu_refs=0 planned_ssd_groups=219 est_gpu=20160.0 est_ane=0.0 est_idle=100.00% wall=112.743 ms actual_ane_groups=0 actual_ane_refs=0 actual_gpu_groups=0 actual_gpu_refs=0 finishes=0 waits=0 overlap_gpu_groups=0
ds4: Flash-MoE async pread canceled queued=0 reading=0 ready=1591 finished=0
ds4: gpu chunked prefill pos=4096 tokens=1024 layer 39 encode=128.487 ms execute=2.597 ms
ds4: Flash-MoE prefill layer=40 tokens=1024 unique=166 refs=6144 sync=38.540 ms plan=0.355 ms stage/compute=89.270 ms misses=166
ds4: Flash-MoE hybrid prefill layer=40 ane_groups=1 ane_refs=876 gpu_i8_groups=0 gpu_i8_refs=0 fp32_groups=0 ane_min_refs=512 concurrent=1 ane_pipeline=1 output_queue=4 async_ane=1 gpu_overlap=165 finishes=1 waits=2
ds4: Flash-MoE overlap plan layer=40 exec_groups=166 planned_ane_groups=1 planned_ane_refs=876 planned_gpu_groups=165 planned_gpu_refs=5268 tail_gpu_groups=0 tail_gpu_refs=0 planned_ssd_groups=166 est_gpu=15828.0 est_ane=170.3 est_idle=98.92% wall=88.951 ms actual_ane_groups=1 actual_ane_refs=876 actual_gpu_groups=0 actual_gpu_refs=0 finishes=1 waits=2 overlap_gpu_groups=165
ds4: Flash-MoE async pread canceled queued=0 reading=0 ready=1608 finished=0
ds4: gpu chunked prefill pos=4096 tokens=1024 layer 40 encode=128.433 ms execute=2.599 ms
ds4: Flash-MoE prefill layer=41 tokens=1024 unique=180 refs=6144 sync=14.505 ms plan=0.341 ms stage/compute=100.914 ms misses=180
ds4: Flash-MoE hybrid prefill layer=41 ane_groups=0 ane_refs=0 gpu_i8_groups=0 gpu_i8_refs=0 fp32_groups=0 ane_min_refs=512 concurrent=1 ane_pipeline=1 output_queue=4 async_ane=0 gpu_overlap=0 finishes=0 waits=0
ds4: Flash-MoE overlap plan layer=41 exec_groups=180 planned_ane_groups=0 planned_ane_refs=0 planned_gpu_groups=180 planned_gpu_refs=6144 tail_gpu_groups=0 tail_gpu_refs=0 planned_ssd_groups=180 est_gpu=17664.0 est_ane=0.0 est_idle=100.00% wall=100.599 ms actual_ane_groups=0 actual_ane_refs=0 actual_gpu_groups=0 actual_gpu_refs=0 finishes=0 waits=0 overlap_gpu_groups=0
ds4: Flash-MoE async pread canceled queued=0 reading=0 ready=1621 finished=0
ds4: gpu chunked prefill pos=4096 tokens=1024 layer 41 encode=116.309 ms execute=2.623 ms
ds4: Flash-MoE prefill layer=42 tokens=1024 unique=195 refs=6144 sync=38.550 ms plan=0.369 ms stage/compute=106.836 ms misses=195
ds4: Flash-MoE hybrid prefill layer=42 ane_groups=1 ane_refs=566 gpu_i8_groups=0 gpu_i8_refs=0 fp32_groups=0 ane_min_refs=512 concurrent=1 ane_pipeline=1 output_queue=4 async_ane=1 gpu_overlap=194 finishes=1 waits=2
ds4: Flash-MoE overlap plan layer=42 exec_groups=195 planned_ane_groups=1 planned_ane_refs=566 planned_gpu_groups=194 planned_gpu_refs=5578 tail_gpu_groups=0 tail_gpu_refs=0 planned_ssd_groups=195 est_gpu=17994.0 est_ane=167.8 est_idle=99.07% wall=106.491 ms actual_ane_groups=1 actual_ane_refs=566 actual_gpu_groups=0 actual_gpu_refs=0 finishes=1 waits=2 overlap_gpu_groups=194
ds4: Flash-MoE async pread canceled queued=0 reading=0 ready=1633 finished=0
ds4: gpu chunked prefill pos=4096 tokens=1024 layer 42 encode=146.021 ms execute=2.462 ms
processing 8423 input tokens: 5120/8423 (60.8%) batch=164.68 t/s avg=168.02 t/s
ds4: Flash-MoE prefill layer=0 tokens=1024 unique=256 refs=6144 sync=12.158 ms plan=0.343 ms stage/compute=147.891 ms misses=256
ds4: Flash-MoE hybrid prefill layer=0 ane_groups=0 ane_refs=0 gpu_i8_groups=0 gpu_i8_refs=0 fp32_groups=0 ane_min_refs=512 concurrent=1 ane_pipeline=1 output_queue=4 async_ane=0 gpu_overlap=0 finishes=0 waits=0
ds4: Flash-MoE overlap plan layer=0 exec_groups=256 planned_ane_groups=0 planned_ane_refs=0 planned_gpu_groups=256 planned_gpu_refs=6144 tail_gpu_groups=0 tail_gpu_refs=0 planned_ssd_groups=256 est_gpu=22528.0 est_ane=0.0 est_idle=100.00% wall=147.479 ms actual_ane_groups=0 actual_ane_refs=0 actual_gpu_groups=0 actual_gpu_refs=0 finishes=0 waits=0 overlap_gpu_groups=0
ds4: Flash-MoE async pread canceled queued=0 reading=0 ready=1633 finished=0
ds4: gpu chunked prefill pos=5120 tokens=1024 layer 0 encode=160.823 ms execute=2.640 ms
ds4: Flash-MoE prefill layer=1 tokens=1024 unique=256 refs=6144 sync=12.567 ms plan=0.321 ms stage/compute=145.921 ms misses=256
ds4: Flash-MoE hybrid prefill layer=1 ane_groups=0 ane_refs=0 gpu_i8_groups=0 gpu_i8_refs=0 fp32_groups=0 ane_min_refs=512 concurrent=1 ane_pipeline=1 output_queue=4 async_ane=0 gpu_overlap=0 finishes=0 waits=0
ds4: Flash-MoE overlap plan layer=1 exec_groups=256 planned_ane_groups=0 planned_ane_refs=0 planned_gpu_groups=256 planned_gpu_refs=6144 tail_gpu_groups=0 tail_gpu_refs=0 planned_ssd_groups=256 est_gpu=22528.0 est_ane=0.0 est_idle=100.00% wall=145.531 ms actual_ane_groups=0 actual_ane_refs=0 actual_gpu_groups=0 actual_gpu_refs=0 finishes=0 waits=0 overlap_gpu_groups=0
ds4: Flash-MoE async pread canceled queued=0 reading=0 ready=1633 finished=0
ds4: gpu chunked prefill pos=5120 tokens=1024 layer 1 encode=159.357 ms execute=2.622 ms
ds4: Flash-MoE prefill layer=2 tokens=1024 unique=256 refs=6144 sync=39.584 ms plan=0.326 ms stage/compute=146.868 ms misses=256
ds4: Flash-MoE hybrid prefill layer=2 ane_groups=0 ane_refs=0 gpu_i8_groups=0 gpu_i8_refs=0 fp32_groups=0 ane_min_refs=512 concurrent=1 ane_pipeline=1 output_queue=4 async_ane=0 gpu_overlap=0 finishes=0 waits=0
ds4: Flash-MoE overlap plan layer=2 exec_groups=256 planned_ane_groups=0 planned_ane_refs=0 planned_gpu_groups=256 planned_gpu_refs=6144 tail_gpu_groups=0 tail_gpu_refs=0 planned_ssd_groups=256 est_gpu=22528.0 est_ane=0.0 est_idle=100.00% wall=146.442 ms actual_ane_groups=0 actual_ane_refs=0 actual_gpu_groups=0 actual_gpu_refs=0 finishes=0 waits=0 overlap_gpu_groups=0
ds4: Flash-MoE async pread canceled queued=0 reading=0 ready=1633 finished=0
ds4: gpu chunked prefill pos=5120 tokens=1024 layer 2 encode=187.093 ms execute=2.643 ms
ds4: Flash-MoE prefill layer=3 tokens=1024 unique=236 refs=6144 sync=14.601 ms plan=0.345 ms stage/compute=125.844 ms misses=236
ds4: Flash-MoE hybrid prefill layer=3 ane_groups=0 ane_refs=0 gpu_i8_groups=0 gpu_i8_refs=0 fp32_groups=0 ane_min_refs=512 concurrent=1 ane_pipeline=1 output_queue=4 async_ane=0 gpu_overlap=0 finishes=0 waits=0
ds4: Flash-MoE overlap plan layer=3 exec_groups=236 planned_ane_groups=0 planned_ane_refs=0 planned_gpu_groups=236 planned_gpu_refs=6144 tail_gpu_groups=0 tail_gpu_refs=0 planned_ssd_groups=236 est_gpu=21248.0 est_ane=0.0 est_idle=100.00% wall=125.478 ms actual_ane_groups=0 actual_ane_refs=0 actual_gpu_groups=0 actual_gpu_refs=0 finishes=0 waits=0 overlap_gpu_groups=0
ds4: Flash-MoE async pread canceled queued=0 reading=0 ready=1638 finished=0
ds4: gpu chunked prefill pos=5120 tokens=1024 layer 3 encode=141.353 ms execute=2.582 ms
ds4: Flash-MoE prefill layer=4 tokens=1024 unique=218 refs=6144 sync=39.457 ms plan=0.325 ms stage/compute=117.816 ms misses=218
ds4: Flash-MoE hybrid prefill layer=4 ane_groups=0 ane_refs=0 gpu_i8_groups=0 gpu_i8_refs=0 fp32_groups=0 ane_min_refs=512 concurrent=1 ane_pipeline=1 output_queue=4 async_ane=0 gpu_overlap=0 finishes=0 waits=0
ds4: Flash-MoE overlap plan layer=4 exec_groups=218 planned_ane_groups=0 planned_ane_refs=0 planned_gpu_groups=218 planned_gpu_refs=6144 tail_gpu_groups=0 tail_gpu_refs=0 planned_ssd_groups=218 est_gpu=20096.0 est_ane=0.0 est_idle=100.00% wall=117.424 ms actual_ane_groups=0 actual_ane_refs=0 actual_gpu_groups=0 actual_gpu_refs=0 finishes=0 waits=0 overlap_gpu_groups=0
ds4: Flash-MoE async pread canceled queued=0 reading=0 ready=1648 finished=0
ds4: gpu chunked prefill pos=5120 tokens=1024 layer 4 encode=157.909 ms execute=2.598 ms
ds4: Flash-MoE prefill layer=5 tokens=1024 unique=241 refs=6144 sync=14.575 ms plan=0.329 ms stage/compute=125.760 ms misses=241
ds4: Flash-MoE hybrid prefill layer=5 ane_groups=1 ane_refs=530 gpu_i8_groups=0 gpu_i8_refs=0 fp32_groups=0 ane_min_refs=512 concurrent=1 ane_pipeline=1 output_queue=4 async_ane=1 gpu_overlap=240 finishes=1 waits=2
ds4: Flash-MoE overlap plan layer=5 exec_groups=241 planned_ane_groups=1 planned_ane_refs=530 planned_gpu_groups=240 planned_gpu_refs=5614 tail_gpu_groups=0 tail_gpu_refs=0 planned_ssd_groups=241 est_gpu=20974.0 est_ane=167.8 est_idle=99.20% wall=125.378 ms actual_ane_groups=1 actual_ane_refs=530 actual_gpu_groups=0 actual_gpu_refs=0 finishes=1 waits=2 overlap_gpu_groups=240
ds4: Flash-MoE async pread canceled queued=0 reading=0 ready=1651 finished=0
ds4: gpu chunked prefill pos=5120 tokens=1024 layer 5 encode=141.197 ms execute=2.541 ms
ds4: Flash-MoE prefill layer=6 tokens=1024 unique=223 refs=6144 sync=40.120 ms plan=0.340 ms stage/compute=119.673 ms misses=223
ds4: Flash-MoE hybrid prefill layer=6 ane_groups=0 ane_refs=0 gpu_i8_groups=0 gpu_i8_refs=0 fp32_groups=0 ane_min_refs=512 concurrent=1 ane_pipeline=1 output_queue=4 async_ane=0 gpu_overlap=0 finishes=0 waits=0
ds4: Flash-MoE overlap plan layer=6 exec_groups=223 planned_ane_groups=0 planned_ane_refs=0 planned_gpu_groups=223 planned_gpu_refs=6144 tail_gpu_groups=0 tail_gpu_refs=0 planned_ssd_groups=223 est_gpu=20416.0 est_ane=0.0 est_idle=100.00% wall=119.283 ms actual_ane_groups=0 actual_ane_refs=0 actual_gpu_groups=0 actual_gpu_refs=0 finishes=0 waits=0 overlap_gpu_groups=0
ds4: Flash-MoE async pread canceled queued=0 reading=0 ready=1655 finished=0
ds4: gpu chunked prefill pos=5120 tokens=1024 layer 6 encode=160.411 ms execute=2.576 ms
ds4: Flash-MoE prefill layer=7 tokens=1024 unique=220 refs=6144 sync=14.552 ms plan=0.337 ms stage/compute=114.680 ms misses=220
ds4: Flash-MoE hybrid prefill layer=7 ane_groups=0 ane_refs=0 gpu_i8_groups=0 gpu_i8_refs=0 fp32_groups=0 ane_min_refs=512 concurrent=1 ane_pipeline=1 output_queue=4 async_ane=0 gpu_overlap=0 finishes=0 waits=0
ds4: Flash-MoE overlap plan layer=7 exec_groups=220 planned_ane_groups=0 planned_ane_refs=0 planned_gpu_groups=220 planned_gpu_refs=6144 tail_gpu_groups=0 tail_gpu_refs=0 planned_ssd_groups=220 est_gpu=20224.0 est_ane=0.0 est_idle=100.00% wall=114.322 ms actual_ane_groups=0 actual_ane_refs=0 actual_gpu_groups=0 actual_gpu_refs=0 finishes=0 waits=0 overlap_gpu_groups=0
ds4: Flash-MoE async pread canceled queued=0 reading=0 ready=1660 finished=0
ds4: gpu chunked prefill pos=5120 tokens=1024 layer 7 encode=130.134 ms execute=2.577 ms
ds4: Flash-MoE prefill layer=8 tokens=1024 unique=220 refs=6144 sync=39.395 ms plan=0.313 ms stage/compute=115.136 ms misses=220
ds4: Flash-MoE hybrid prefill layer=8 ane_groups=0 ane_refs=0 gpu_i8_groups=0 gpu_i8_refs=0 fp32_groups=0 ane_min_refs=512 concurrent=1 ane_pipeline=1 output_queue=4 async_ane=0 gpu_overlap=0 finishes=0 waits=0
ds4: Flash-MoE overlap plan layer=8 exec_groups=220 planned_ane_groups=0 planned_ane_refs=0 planned_gpu_groups=220 planned_gpu_refs=6144 tail_gpu_groups=0 tail_gpu_refs=0 planned_ssd_groups=220 est_gpu=20224.0 est_ane=0.0 est_idle=100.00% wall=114.783 ms actual_ane_groups=0 actual_ane_refs=0 actual_gpu_groups=0 actual_gpu_refs=0 finishes=0 waits=0 overlap_gpu_groups=0
ds4: Flash-MoE async pread canceled queued=0 reading=0 ready=1663 finished=0
ds4: gpu chunked prefill pos=5120 tokens=1024 layer 8 encode=155.147 ms execute=2.613 ms
ds4: Flash-MoE prefill layer=9 tokens=1024 unique=230 refs=6144 sync=14.597 ms plan=0.367 ms stage/compute=121.729 ms misses=230
ds4: Flash-MoE hybrid prefill layer=9 ane_groups=0 ane_refs=0 gpu_i8_groups=0 gpu_i8_refs=0 fp32_groups=0 ane_min_refs=512 concurrent=1 ane_pipeline=1 output_queue=4 async_ane=0 gpu_overlap=0 finishes=0 waits=0
ds4: Flash-MoE overlap plan layer=9 exec_groups=230 planned_ane_groups=0 planned_ane_refs=0 planned_gpu_groups=230 planned_gpu_refs=6144 tail_gpu_groups=0 tail_gpu_refs=0 planned_ssd_groups=230 est_gpu=20864.0 est_ane=0.0 est_idle=100.00% wall=121.353 ms actual_ane_groups=0 actual_ane_refs=0 actual_gpu_groups=0 actual_gpu_refs=0 finishes=0 waits=0 overlap_gpu_groups=0
ds4: Flash-MoE async pread canceled queued=0 reading=0 ready=1667 finished=0
ds4: gpu chunked prefill pos=5120 tokens=1024 layer 9 encode=137.212 ms execute=2.586 ms
ds4: Flash-MoE prefill layer=10 tokens=1024 unique=225 refs=6144 sync=39.463 ms plan=0.318 ms stage/compute=118.271 ms misses=225
ds4: Flash-MoE hybrid prefill layer=10 ane_groups=0 ane_refs=0 gpu_i8_groups=0 gpu_i8_refs=0 fp32_groups=0 ane_min_refs=512 concurrent=1 ane_pipeline=1 output_queue=4 async_ane=0 gpu_overlap=0 finishes=0 waits=0
ds4: Flash-MoE overlap plan layer=10 exec_groups=225 planned_ane_groups=0 planned_ane_refs=0 planned_gpu_groups=225 planned_gpu_refs=6144 tail_gpu_groups=0 tail_gpu_refs=0 planned_ssd_groups=225 est_gpu=20544.0 est_ane=0.0 est_idle=100.00% wall=117.899 ms actual_ane_groups=0 actual_ane_refs=0 actual_gpu_groups=0 actual_gpu_refs=0 finishes=0 waits=0 overlap_gpu_groups=0
ds4: Flash-MoE async pread canceled queued=0 reading=0 ready=1677 finished=0
ds4: gpu chunked prefill pos=5120 tokens=1024 layer 10 encode=158.349 ms execute=2.560 ms
ds4: Flash-MoE prefill layer=11 tokens=1024 unique=231 refs=6144 sync=14.562 ms plan=0.321 ms stage/compute=118.856 ms misses=231
ds4: Flash-MoE hybrid prefill layer=11 ane_groups=0 ane_refs=0 gpu_i8_groups=0 gpu_i8_refs=0 fp32_groups=0 ane_min_refs=512 concurrent=1 ane_pipeline=1 output_queue=4 async_ane=0 gpu_overlap=0 finishes=0 waits=0
ds4: Flash-MoE overlap plan layer=11 exec_groups=231 planned_ane_groups=0 planned_ane_refs=0 planned_gpu_groups=231 planned_gpu_refs=6144 tail_gpu_groups=0 tail_gpu_refs=0 planned_ssd_groups=231 est_gpu=20928.0 est_ane=0.0 est_idle=100.00% wall=118.476 ms actual_ane_groups=0 actual_ane_refs=0 actual_gpu_groups=0 actual_gpu_refs=0 finishes=0 waits=0 overlap_gpu_groups=0
ds4: Flash-MoE async pread canceled queued=0 reading=0 ready=1683 finished=0
ds4: gpu chunked prefill pos=5120 tokens=1024 layer 11 encode=134.245 ms execute=2.590 ms
ds4: Flash-MoE prefill layer=12 tokens=1024 unique=205 refs=6144 sync=39.775 ms plan=0.295 ms stage/compute=109.663 ms misses=205
ds4: Flash-MoE hybrid prefill layer=12 ane_groups=0 ane_refs=0 gpu_i8_groups=0 gpu_i8_refs=0 fp32_groups=0 ane_min_refs=512 concurrent=1 ane_pipeline=1 output_queue=4 async_ane=0 gpu_overlap=0 finishes=0 waits=0
ds4: Flash-MoE overlap plan layer=12 exec_groups=205 planned_ane_groups=0 planned_ane_refs=0 planned_gpu_groups=205 planned_gpu_refs=6144 tail_gpu_groups=0 tail_gpu_refs=0 planned_ssd_groups=205 est_gpu=19264.0 est_ane=0.0 est_idle=100.00% wall=109.317 ms actual_ane_groups=0 actual_ane_refs=0 actual_gpu_groups=0 actual_gpu_refs=0 finishes=0 waits=0 overlap_gpu_groups=0
ds4: Flash-MoE async pread canceled queued=0 reading=0 ready=1692 finished=0
ds4: gpu chunked prefill pos=5120 tokens=1024 layer 12 encode=150.002 ms execute=2.622 ms
ds4: Flash-MoE prefill layer=13 tokens=1024 unique=221 refs=6144 sync=14.720 ms plan=0.337 ms stage/compute=110.855 ms misses=221
ds4: Flash-MoE hybrid prefill layer=13 ane_groups=0 ane_refs=0 gpu_i8_groups=0 gpu_i8_refs=0 fp32_groups=0 ane_min_refs=512 concurrent=1 ane_pipeline=1 output_queue=4 async_ane=0 gpu_overlap=0 finishes=0 waits=0
ds4: Flash-MoE overlap plan layer=13 exec_groups=221 planned_ane_groups=0 planned_ane_refs=0 planned_gpu_groups=221 planned_gpu_refs=6144 tail_gpu_groups=0 tail_gpu_refs=0 planned_ssd_groups=221 est_gpu=20288.0 est_ane=0.0 est_idle=100.00% wall=110.501 ms actual_ane_groups=0 actual_ane_refs=0 actual_gpu_groups=0 actual_gpu_refs=0 finishes=0 waits=0 overlap_gpu_groups=0
ds4: Flash-MoE async pread canceled queued=0 reading=0 ready=1697 finished=0
ds4: gpu chunked prefill pos=5120 tokens=1024 layer 13 encode=126.437 ms execute=2.582 ms
ds4: Flash-MoE prefill layer=14 tokens=1024 unique=214 refs=6144 sync=39.782 ms plan=0.354 ms stage/compute=109.098 ms misses=214
ds4: Flash-MoE hybrid prefill layer=14 ane_groups=0 ane_refs=0 gpu_i8_groups=0 gpu_i8_refs=0 fp32_groups=0 ane_min_refs=512 concurrent=1 ane_pipeline=1 output_queue=4 async_ane=0 gpu_overlap=0 finishes=0 waits=0
ds4: Flash-MoE overlap plan layer=14 exec_groups=214 planned_ane_groups=0 planned_ane_refs=0 planned_gpu_groups=214 planned_gpu_refs=6144 tail_gpu_groups=0 tail_gpu_refs=0 planned_ssd_groups=214 est_gpu=19840.0 est_ane=0.0 est_idle=100.00% wall=108.748 ms actual_ane_groups=0 actual_ane_refs=0 actual_gpu_groups=0 actual_gpu_refs=0 finishes=0 waits=0 overlap_gpu_groups=0
ds4: Flash-MoE async pread canceled queued=0 reading=0 ready=1707 finished=0
ds4: gpu chunked prefill pos=5120 tokens=1024 layer 14 encode=149.559 ms execute=2.629 ms
ds4: Flash-MoE prefill layer=15 tokens=1024 unique=207 refs=6144 sync=14.555 ms plan=0.348 ms stage/compute=104.905 ms misses=207
ds4: Flash-MoE hybrid prefill layer=15 ane_groups=0 ane_refs=0 gpu_i8_groups=0 gpu_i8_refs=0 fp32_groups=0 ane_min_refs=512 concurrent=1 ane_pipeline=1 output_queue=4 async_ane=0 gpu_overlap=0 finishes=0 waits=0
ds4: Flash-MoE overlap plan layer=15 exec_groups=207 planned_ane_groups=0 planned_ane_refs=0 planned_gpu_groups=207 planned_gpu_refs=6144 tail_gpu_groups=0 tail_gpu_refs=0 planned_ssd_groups=207 est_gpu=19392.0 est_ane=0.0 est_idle=100.00% wall=104.545 ms actual_ane_groups=0 actual_ane_refs=0 actual_gpu_groups=0 actual_gpu_refs=0 finishes=0 waits=0 overlap_gpu_groups=0
ds4: Flash-MoE async pread canceled queued=0 reading=0 ready=1713 finished=0
ds4: gpu chunked prefill pos=5120 tokens=1024 layer 15 encode=120.357 ms execute=2.578 ms
ds4: Flash-MoE prefill layer=16 tokens=1024 unique=207 refs=6144 sync=39.453 ms plan=0.309 ms stage/compute=109.980 ms misses=207
ds4: Flash-MoE hybrid prefill layer=16 ane_groups=0 ane_refs=0 gpu_i8_groups=0 gpu_i8_refs=0 fp32_groups=0 ane_min_refs=512 concurrent=1 ane_pipeline=1 output_queue=4 async_ane=0 gpu_overlap=0 finishes=0 waits=0
ds4: Flash-MoE overlap plan layer=16 exec_groups=207 planned_ane_groups=0 planned_ane_refs=0 planned_gpu_groups=207 planned_gpu_refs=6144 tail_gpu_groups=0 tail_gpu_refs=0 planned_ssd_groups=207 est_gpu=19392.0 est_ane=0.0 est_idle=100.00% wall=109.642 ms actual_ane_groups=0 actual_ane_refs=0 actual_gpu_groups=0 actual_gpu_refs=0 finishes=0 waits=0 overlap_gpu_groups=0
ds4: Flash-MoE async pread canceled queued=0 reading=0 ready=1722 finished=0
ds4: gpu chunked prefill pos=5120 tokens=1024 layer 16 encode=150.011 ms execute=2.571 ms
ds4: Flash-MoE prefill layer=17 tokens=1024 unique=218 refs=6144 sync=14.524 ms plan=0.316 ms stage/compute=113.103 ms misses=218
ds4: Flash-MoE hybrid prefill layer=17 ane_groups=0 ane_refs=0 gpu_i8_groups=0 gpu_i8_refs=0 fp32_groups=0 ane_min_refs=512 concurrent=1 ane_pipeline=1 output_queue=4 async_ane=0 gpu_overlap=0 finishes=0 waits=0
ds4: Flash-MoE overlap plan layer=17 exec_groups=218 planned_ane_groups=0 planned_ane_refs=0 planned_gpu_groups=218 planned_gpu_refs=6144 tail_gpu_groups=0 tail_gpu_refs=0 planned_ssd_groups=218 est_gpu=20096.0 est_ane=0.0 est_idle=100.00% wall=112.755 ms actual_ane_groups=0 actual_ane_refs=0 actual_gpu_groups=0 actual_gpu_refs=0 finishes=0 waits=0 overlap_gpu_groups=0
ds4: Flash-MoE async pread canceled queued=0 reading=0 ready=1730 finished=0
ds4: gpu chunked prefill pos=5120 tokens=1024 layer 17 encode=128.487 ms execute=2.592 ms
ds4: Flash-MoE prefill layer=18 tokens=1024 unique=202 refs=6144 sync=39.348 ms plan=0.291 ms stage/compute=105.754 ms misses=202
ds4: Flash-MoE hybrid prefill layer=18 ane_groups=0 ane_refs=0 gpu_i8_groups=0 gpu_i8_refs=0 fp32_groups=0 ane_min_refs=512 concurrent=1 ane_pipeline=1 output_queue=4 async_ane=0 gpu_overlap=0 finishes=0 waits=0
ds4: Flash-MoE overlap plan layer=18 exec_groups=202 planned_ane_groups=0 planned_ane_refs=0 planned_gpu_groups=202 planned_gpu_refs=6144 tail_gpu_groups=0 tail_gpu_refs=0 planned_ssd_groups=202 est_gpu=19072.0 est_ane=0.0 est_idle=100.00% wall=105.398 ms actual_ane_groups=0 actual_ane_refs=0 actual_gpu_groups=0 actual_gpu_refs=0 finishes=0 waits=0 overlap_gpu_groups=0
ds4: Flash-MoE async pread canceled queued=0 reading=0 ready=1743 finished=0
ds4: gpu chunked prefill pos=5120 tokens=1024 layer 18 encode=145.662 ms execute=2.624 ms
ds4: Flash-MoE prefill layer=19 tokens=1024 unique=228 refs=6144 sync=14.634 ms plan=0.309 ms stage/compute=122.973 ms misses=228
ds4: Flash-MoE hybrid prefill layer=19 ane_groups=0 ane_refs=0 gpu_i8_groups=0 gpu_i8_refs=0 fp32_groups=0 ane_min_refs=512 concurrent=1 ane_pipeline=1 output_queue=4 async_ane=0 gpu_overlap=0 finishes=0 waits=0
ds4: Flash-MoE overlap plan layer=19 exec_groups=228 planned_ane_groups=0 planned_ane_refs=0 planned_gpu_groups=228 planned_gpu_refs=6144 tail_gpu_groups=0 tail_gpu_refs=0 planned_ssd_groups=228 est_gpu=20736.0 est_ane=0.0 est_idle=100.00% wall=122.567 ms actual_ane_groups=0 actual_ane_refs=0 actual_gpu_groups=0 actual_gpu_refs=0 finishes=0 waits=0 overlap_gpu_groups=0
ds4: Flash-MoE async pread canceled queued=0 reading=0 ready=1746 finished=0
ds4: gpu chunked prefill pos=5120 tokens=1024 layer 19 encode=138.459 ms execute=2.579 ms
ds4: Flash-MoE prefill layer=20 tokens=1024 unique=192 refs=6144 sync=39.556 ms plan=0.310 ms stage/compute=102.922 ms misses=192
ds4: Flash-MoE hybrid prefill layer=20 ane_groups=0 ane_refs=0 gpu_i8_groups=0 gpu_i8_refs=0 fp32_groups=0 ane_min_refs=512 concurrent=1 ane_pipeline=1 output_queue=4 async_ane=0 gpu_overlap=0 finishes=0 waits=0
ds4: Flash-MoE overlap plan layer=20 exec_groups=192 planned_ane_groups=0 planned_ane_refs=0 planned_gpu_groups=192 planned_gpu_refs=6144 tail_gpu_groups=0 tail_gpu_refs=0 planned_ssd_groups=192 est_gpu=18432.0 est_ane=0.0 est_idle=100.00% wall=102.596 ms actual_ane_groups=0 actual_ane_refs=0 actual_gpu_groups=0 actual_gpu_refs=0 finishes=0 waits=0 overlap_gpu_groups=0
ds4: Flash-MoE async pread canceled queued=0 reading=0 ready=1758 finished=0
ds4: gpu chunked prefill pos=5120 tokens=1024 layer 20 encode=143.098 ms execute=2.596 ms
ds4: Flash-MoE prefill layer=21 tokens=1024 unique=207 refs=6144 sync=14.461 ms plan=0.332 ms stage/compute=111.317 ms misses=207
ds4: Flash-MoE hybrid prefill layer=21 ane_groups=0 ane_refs=0 gpu_i8_groups=0 gpu_i8_refs=0 fp32_groups=0 ane_min_refs=512 concurrent=1 ane_pipeline=1 output_queue=4 async_ane=0 gpu_overlap=0 finishes=0 waits=0
ds4: Flash-MoE overlap plan layer=21 exec_groups=207 planned_ane_groups=0 planned_ane_refs=0 planned_gpu_groups=207 planned_gpu_refs=6144 tail_gpu_groups=0 tail_gpu_refs=0 planned_ssd_groups=207 est_gpu=19392.0 est_ane=0.0 est_idle=100.00% wall=110.980 ms actual_ane_groups=0 actual_ane_refs=0 actual_gpu_groups=0 actual_gpu_refs=0 finishes=0 waits=0 overlap_gpu_groups=0
ds4: Flash-MoE async pread canceled queued=0 reading=0 ready=1767 finished=0
ds4: gpu chunked prefill pos=5120 tokens=1024 layer 21 encode=126.691 ms execute=2.613 ms
ds4: Flash-MoE prefill layer=22 tokens=1024 unique=209 refs=6144 sync=39.353 ms plan=0.328 ms stage/compute=108.394 ms misses=209
ds4: Flash-MoE hybrid prefill layer=22 ane_groups=0 ane_refs=0 gpu_i8_groups=0 gpu_i8_refs=0 fp32_groups=0 ane_min_refs=512 concurrent=1 ane_pipeline=1 output_queue=4 async_ane=0 gpu_overlap=0 finishes=0 waits=0
ds4: Flash-MoE overlap plan layer=22 exec_groups=209 planned_ane_groups=0 planned_ane_refs=0 planned_gpu_groups=209 planned_gpu_refs=6144 tail_gpu_groups=0 tail_gpu_refs=0 planned_ssd_groups=209 est_gpu=19520.0 est_ane=0.0 est_idle=100.00% wall=108.063 ms actual_ane_groups=0 actual_ane_refs=0 actual_gpu_groups=0 actual_gpu_refs=0 finishes=0 waits=0 overlap_gpu_groups=0
ds4: Flash-MoE async pread canceled queued=0 reading=0 ready=1775 finished=0
ds4: gpu chunked prefill pos=5120 tokens=1024 layer 22 encode=148.351 ms execute=2.752 ms
ds4: Flash-MoE prefill layer=23 tokens=1024 unique=220 refs=6144 sync=14.481 ms plan=0.298 ms stage/compute=118.202 ms misses=220
ds4: Flash-MoE hybrid prefill layer=23 ane_groups=0 ane_refs=0 gpu_i8_groups=0 gpu_i8_refs=0 fp32_groups=0 ane_min_refs=512 concurrent=1 ane_pipeline=1 output_queue=4 async_ane=0 gpu_overlap=0 finishes=0 waits=0
ds4: Flash-MoE overlap plan layer=23 exec_groups=220 planned_ane_groups=0 planned_ane_refs=0 planned_gpu_groups=220 planned_gpu_refs=6144 tail_gpu_groups=0 tail_gpu_refs=0 planned_ssd_groups=220 est_gpu=20224.0 est_ane=0.0 est_idle=100.00% wall=117.860 ms actual_ane_groups=0 actual_ane_refs=0 actual_gpu_groups=0 actual_gpu_refs=0 finishes=0 waits=0 overlap_gpu_groups=0
ds4: Flash-MoE async pread canceled queued=0 reading=0 ready=1781 finished=0
ds4: gpu chunked prefill pos=5120 tokens=1024 layer 23 encode=133.477 ms execute=2.565 ms
ds4: Flash-MoE prefill layer=24 tokens=1024 unique=211 refs=6144 sync=39.437 ms plan=0.290 ms stage/compute=113.149 ms misses=211
ds4: Flash-MoE hybrid prefill layer=24 ane_groups=0 ane_refs=0 gpu_i8_groups=0 gpu_i8_refs=0 fp32_groups=0 ane_min_refs=512 concurrent=1 ane_pipeline=1 output_queue=4 async_ane=0 gpu_overlap=0 finishes=0 waits=0
ds4: Flash-MoE overlap plan layer=24 exec_groups=211 planned_ane_groups=0 planned_ane_refs=0 planned_gpu_groups=211 planned_gpu_refs=6144 tail_gpu_groups=0 tail_gpu_refs=0 planned_ssd_groups=211 est_gpu=19648.0 est_ane=0.0 est_idle=100.00% wall=112.723 ms actual_ane_groups=0 actual_ane_refs=0 actual_gpu_groups=0 actual_gpu_refs=0 finishes=0 waits=0 overlap_gpu_groups=0
ds4: Flash-MoE async pread canceled queued=0 reading=0 ready=1787 finished=0
ds4: gpu chunked prefill pos=5120 tokens=1024 layer 24 encode=153.169 ms execute=2.597 ms
ds4: Flash-MoE prefill layer=25 tokens=1024 unique=223 refs=6144 sync=14.441 ms plan=0.277 ms stage/compute=118.085 ms misses=223
ds4: Flash-MoE hybrid prefill layer=25 ane_groups=0 ane_refs=0 gpu_i8_groups=0 gpu_i8_refs=0 fp32_groups=0 ane_min_refs=512 concurrent=1 ane_pipeline=1 output_queue=4 async_ane=0 gpu_overlap=0 finishes=0 waits=0
ds4: Flash-MoE overlap plan layer=25 exec_groups=223 planned_ane_groups=0 planned_ane_refs=0 planned_gpu_groups=223 planned_gpu_refs=6144 tail_gpu_groups=0 tail_gpu_refs=0 planned_ssd_groups=223 est_gpu=20416.0 est_ane=0.0 est_idle=100.00% wall=117.719 ms actual_ane_groups=0 actual_ane_refs=0 actual_gpu_groups=0 actual_gpu_refs=0 finishes=0 waits=0 overlap_gpu_groups=0
ds4: Flash-MoE async pread canceled queued=0 reading=0 ready=1793 finished=0
ds4: gpu chunked prefill pos=5120 tokens=1024 layer 25 encode=133.302 ms execute=2.621 ms
ds4: Flash-MoE prefill layer=26 tokens=1024 unique=211 refs=6144 sync=39.812 ms plan=0.307 ms stage/compute=109.283 ms misses=211
ds4: Flash-MoE hybrid prefill layer=26 ane_groups=0 ane_refs=0 gpu_i8_groups=0 gpu_i8_refs=0 fp32_groups=0 ane_min_refs=512 concurrent=1 ane_pipeline=1 output_queue=4 async_ane=0 gpu_overlap=0 finishes=0 waits=0
ds4: Flash-MoE overlap plan layer=26 exec_groups=211 planned_ane_groups=0 planned_ane_refs=0 planned_gpu_groups=211 planned_gpu_refs=6144 tail_gpu_groups=0 tail_gpu_refs=0 planned_ssd_groups=211 est_gpu=19648.0 est_ane=0.0 est_idle=100.00% wall=108.946 ms actual_ane_groups=0 actual_ane_refs=0 actual_gpu_groups=0 actual_gpu_refs=0 finishes=0 waits=0 overlap_gpu_groups=0
ds4: Flash-MoE async pread canceled queued=0 reading=0 ready=1801 finished=0
ds4: gpu chunked prefill pos=5120 tokens=1024 layer 26 encode=149.753 ms execute=2.589 ms
ds4: Flash-MoE prefill layer=27 tokens=1024 unique=221 refs=6144 sync=14.417 ms plan=0.314 ms stage/compute=116.010 ms misses=221
ds4: Flash-MoE hybrid prefill layer=27 ane_groups=0 ane_refs=0 gpu_i8_groups=0 gpu_i8_refs=0 fp32_groups=0 ane_min_refs=512 concurrent=1 ane_pipeline=1 output_queue=4 async_ane=0 gpu_overlap=0 finishes=0 waits=0
ds4: Flash-MoE overlap plan layer=27 exec_groups=221 planned_ane_groups=0 planned_ane_refs=0 planned_gpu_groups=221 planned_gpu_refs=6144 tail_gpu_groups=0 tail_gpu_refs=0 planned_ssd_groups=221 est_gpu=20288.0 est_ane=0.0 est_idle=100.00% wall=115.652 ms actual_ane_groups=0 actual_ane_refs=0 actual_gpu_groups=0 actual_gpu_refs=0 finishes=0 waits=0 overlap_gpu_groups=0
ds4: Flash-MoE async pread canceled queued=0 reading=0 ready=1805 finished=0
ds4: gpu chunked prefill pos=5120 tokens=1024 layer 27 encode=131.233 ms execute=2.675 ms
ds4: Flash-MoE prefill layer=28 tokens=1024 unique=209 refs=6144 sync=39.843 ms plan=0.342 ms stage/compute=112.574 ms misses=209
ds4: Flash-MoE hybrid prefill layer=28 ane_groups=0 ane_refs=0 gpu_i8_groups=0 gpu_i8_refs=0 fp32_groups=0 ane_min_refs=512 concurrent=1 ane_pipeline=1 output_queue=4 async_ane=0 gpu_overlap=0 finishes=0 waits=0
ds4: Flash-MoE overlap plan layer=28 exec_groups=209 planned_ane_groups=0 planned_ane_refs=0 planned_gpu_groups=209 planned_gpu_refs=6144 tail_gpu_groups=0 tail_gpu_refs=0 planned_ssd_groups=209 est_gpu=19520.0 est_ane=0.0 est_idle=100.00% wall=112.237 ms actual_ane_groups=0 actual_ane_refs=0 actual_gpu_groups=0 actual_gpu_refs=0 finishes=0 waits=0 overlap_gpu_groups=0
ds4: Flash-MoE async pread canceled queued=0 reading=0 ready=1813 finished=0
ds4: gpu chunked prefill pos=5120 tokens=1024 layer 28 encode=153.130 ms execute=2.568 ms
ds4: Flash-MoE prefill layer=29 tokens=1024 unique=210 refs=6144 sync=14.481 ms plan=0.336 ms stage/compute=111.142 ms misses=210
ds4: Flash-MoE hybrid prefill layer=29 ane_groups=0 ane_refs=0 gpu_i8_groups=0 gpu_i8_refs=0 fp32_groups=0 ane_min_refs=512 concurrent=1 ane_pipeline=1 output_queue=4 async_ane=0 gpu_overlap=0 finishes=0 waits=0
ds4: Flash-MoE overlap plan layer=29 exec_groups=210 planned_ane_groups=0 planned_ane_refs=0 planned_gpu_groups=210 planned_gpu_refs=6144 tail_gpu_groups=0 tail_gpu_refs=0 planned_ssd_groups=210 est_gpu=19584.0 est_ane=0.0 est_idle=100.00% wall=110.805 ms actual_ane_groups=0 actual_ane_refs=0 actual_gpu_groups=0 actual_gpu_refs=0 finishes=0 waits=0 overlap_gpu_groups=0
ds4: Flash-MoE async pread canceled queued=0 reading=0 ready=1825 finished=0
ds4: gpu chunked prefill pos=5120 tokens=1024 layer 29 encode=126.443 ms execute=2.600 ms
ds4: Flash-MoE prefill layer=30 tokens=1024 unique=214 refs=6144 sync=39.358 ms plan=0.325 ms stage/compute=113.297 ms misses=214
ds4: Flash-MoE hybrid prefill layer=30 ane_groups=0 ane_refs=0 gpu_i8_groups=0 gpu_i8_refs=0 fp32_groups=0 ane_min_refs=512 concurrent=1 ane_pipeline=1 output_queue=4 async_ane=0 gpu_overlap=0 finishes=0 waits=0
ds4: Flash-MoE overlap plan layer=30 exec_groups=214 planned_ane_groups=0 planned_ane_refs=0 planned_gpu_groups=214 planned_gpu_refs=6144 tail_gpu_groups=0 tail_gpu_refs=0 planned_ssd_groups=214 est_gpu=19840.0 est_ane=0.0 est_idle=100.00% wall=112.927 ms actual_ane_groups=0 actual_ane_refs=0 actual_gpu_groups=0 actual_gpu_refs=0 finishes=0 waits=0 overlap_gpu_groups=0
ds4: Flash-MoE async pread canceled queued=0 reading=0 ready=1838 finished=0
ds4: gpu chunked prefill pos=5120 tokens=1024 layer 30 encode=153.276 ms execute=2.612 ms
ds4: Flash-MoE prefill layer=31 tokens=1024 unique=211 refs=6144 sync=14.459 ms plan=0.290 ms stage/compute=111.475 ms misses=211
ds4: Flash-MoE hybrid prefill layer=31 ane_groups=0 ane_refs=0 gpu_i8_groups=0 gpu_i8_refs=0 fp32_groups=0 ane_min_refs=512 concurrent=1 ane_pipeline=1 output_queue=4 async_ane=0 gpu_overlap=0 finishes=0 waits=0
ds4: Flash-MoE overlap plan layer=31 exec_groups=211 planned_ane_groups=0 planned_ane_refs=0 planned_gpu_groups=211 planned_gpu_refs=6144 tail_gpu_groups=0 tail_gpu_refs=0 planned_ssd_groups=211 est_gpu=19648.0 est_ane=0.0 est_idle=100.00% wall=111.136 ms actual_ane_groups=0 actual_ane_refs=0 actual_gpu_groups=0 actual_gpu_refs=0 finishes=0 waits=0 overlap_gpu_groups=0
ds4: Flash-MoE async pread canceled queued=0 reading=0 ready=1846 finished=0
ds4: gpu chunked prefill pos=5120 tokens=1024 layer 31 encode=126.721 ms execute=2.575 ms
ds4: Flash-MoE prefill layer=32 tokens=1024 unique=219 refs=6144 sync=39.291 ms plan=0.356 ms stage/compute=112.930 ms misses=219
ds4: Flash-MoE hybrid prefill layer=32 ane_groups=0 ane_refs=0 gpu_i8_groups=0 gpu_i8_refs=0 fp32_groups=0 ane_min_refs=512 concurrent=1 ane_pipeline=1 output_queue=4 async_ane=0 gpu_overlap=0 finishes=0 waits=0
ds4: Flash-MoE overlap plan layer=32 exec_groups=219 planned_ane_groups=0 planned_ane_refs=0 planned_gpu_groups=219 planned_gpu_refs=6144 tail_gpu_groups=0 tail_gpu_refs=0 planned_ssd_groups=219 est_gpu=20160.0 est_ane=0.0 est_idle=100.00% wall=112.566 ms actual_ane_groups=0 actual_ane_refs=0 actual_gpu_groups=0 actual_gpu_refs=0 finishes=0 waits=0 overlap_gpu_groups=0
ds4: Flash-MoE async pread canceled queued=0 reading=0 ready=1852 finished=0
ds4: gpu chunked prefill pos=5120 tokens=1024 layer 32 encode=152.979 ms execute=2.731 ms
ds4: Flash-MoE prefill layer=33 tokens=1024 unique=211 refs=6144 sync=14.467 ms plan=0.337 ms stage/compute=111.403 ms misses=211
ds4: Flash-MoE hybrid prefill layer=33 ane_groups=0 ane_refs=0 gpu_i8_groups=0 gpu_i8_refs=0 fp32_groups=0 ane_min_refs=512 concurrent=1 ane_pipeline=1 output_queue=4 async_ane=0 gpu_overlap=0 finishes=0 waits=0
ds4: Flash-MoE overlap plan layer=33 exec_groups=211 planned_ane_groups=0 planned_ane_refs=0 planned_gpu_groups=211 planned_gpu_refs=6144 tail_gpu_groups=0 tail_gpu_refs=0 planned_ssd_groups=211 est_gpu=19648.0 est_ane=0.0 est_idle=100.00% wall=111.064 ms actual_ane_groups=0 actual_ane_refs=0 actual_gpu_groups=0 actual_gpu_refs=0 finishes=0 waits=0 overlap_gpu_groups=0
ds4: Flash-MoE async pread canceled queued=0 reading=0 ready=1863 finished=0
ds4: gpu chunked prefill pos=5120 tokens=1024 layer 33 encode=126.742 ms execute=2.616 ms
ds4: Flash-MoE prefill layer=34 tokens=1024 unique=209 refs=6144 sync=39.291 ms plan=0.281 ms stage/compute=111.646 ms misses=209
ds4: Flash-MoE hybrid prefill layer=34 ane_groups=0 ane_refs=0 gpu_i8_groups=0 gpu_i8_refs=0 fp32_groups=0 ane_min_refs=512 concurrent=1 ane_pipeline=1 output_queue=4 async_ane=0 gpu_overlap=0 finishes=0 waits=0
ds4: Flash-MoE overlap plan layer=34 exec_groups=209 planned_ane_groups=0 planned_ane_refs=0 planned_gpu_groups=209 planned_gpu_refs=6144 tail_gpu_groups=0 tail_gpu_refs=0 planned_ssd_groups=209 est_gpu=19520.0 est_ane=0.0 est_idle=100.00% wall=111.269 ms actual_ane_groups=0 actual_ane_refs=0 actual_gpu_groups=0 actual_gpu_refs=0 finishes=0 waits=0 overlap_gpu_groups=0
ds4: Flash-MoE async pread canceled queued=0 reading=0 ready=1870 finished=0
ds4: gpu chunked prefill pos=5120 tokens=1024 layer 34 encode=151.500 ms execute=2.554 ms
ds4: Flash-MoE prefill layer=35 tokens=1024 unique=210 refs=6144 sync=14.605 ms plan=0.325 ms stage/compute=111.872 ms misses=210
ds4: Flash-MoE hybrid prefill layer=35 ane_groups=0 ane_refs=0 gpu_i8_groups=0 gpu_i8_refs=0 fp32_groups=0 ane_min_refs=512 concurrent=1 ane_pipeline=1 output_queue=4 async_ane=0 gpu_overlap=0 finishes=0 waits=0
ds4: Flash-MoE overlap plan layer=35 exec_groups=210 planned_ane_groups=0 planned_ane_refs=0 planned_gpu_groups=210 planned_gpu_refs=6144 tail_gpu_groups=0 tail_gpu_refs=0 planned_ssd_groups=210 est_gpu=19584.0 est_ane=0.0 est_idle=100.00% wall=111.521 ms actual_ane_groups=0 actual_ane_refs=0 actual_gpu_groups=0 actual_gpu_refs=0 finishes=0 waits=0 overlap_gpu_groups=0
ds4: Flash-MoE async pread canceled queued=0 reading=0 ready=1878 finished=0
ds4: gpu chunked prefill pos=5120 tokens=1024 layer 35 encode=127.350 ms execute=2.578 ms
ds4: Flash-MoE prefill layer=36 tokens=1024 unique=217 refs=6144 sync=39.843 ms plan=0.354 ms stage/compute=109.556 ms misses=217
ds4: Flash-MoE hybrid prefill layer=36 ane_groups=0 ane_refs=0 gpu_i8_groups=0 gpu_i8_refs=0 fp32_groups=0 ane_min_refs=512 concurrent=1 ane_pipeline=1 output_queue=4 async_ane=0 gpu_overlap=0 finishes=0 waits=0
ds4: Flash-MoE overlap plan layer=36 exec_groups=217 planned_ane_groups=0 planned_ane_refs=0 planned_gpu_groups=217 planned_gpu_refs=6144 tail_gpu_groups=0 tail_gpu_refs=0 planned_ssd_groups=217 est_gpu=20032.0 est_ane=0.0 est_idle=100.00% wall=109.191 ms actual_ane_groups=0 actual_ane_refs=0 actual_gpu_groups=0 actual_gpu_refs=0 finishes=0 waits=0 overlap_gpu_groups=0
ds4: Flash-MoE async pread canceled queued=0 reading=0 ready=1888 finished=0
ds4: gpu chunked prefill pos=5120 tokens=1024 layer 36 encode=150.019 ms execute=2.559 ms
ds4: Flash-MoE prefill layer=37 tokens=1024 unique=216 refs=6144 sync=14.445 ms plan=0.359 ms stage/compute=110.005 ms misses=216
ds4: Flash-MoE hybrid prefill layer=37 ane_groups=1 ane_refs=586 gpu_i8_groups=0 gpu_i8_refs=0 fp32_groups=0 ane_min_refs=512 concurrent=1 ane_pipeline=1 output_queue=4 async_ane=1 gpu_overlap=215 finishes=1 waits=2
ds4: Flash-MoE overlap plan layer=37 exec_groups=216 planned_ane_groups=1 planned_ane_refs=586 planned_gpu_groups=215 planned_gpu_refs=5558 tail_gpu_groups=0 tail_gpu_refs=0 planned_ssd_groups=216 est_gpu=19318.0 est_ane=167.8 est_idle=99.13% wall=109.635 ms actual_ane_groups=1 actual_ane_refs=586 actual_gpu_groups=0 actual_gpu_refs=0 finishes=1 waits=2 overlap_gpu_groups=215
ds4: Flash-MoE async pread canceled queued=0 reading=0 ready=1896 finished=0
ds4: gpu chunked prefill pos=5120 tokens=1024 layer 37 encode=125.389 ms execute=2.734 ms
ds4: Flash-MoE prefill layer=38 tokens=1024 unique=219 refs=6144 sync=39.426 ms plan=0.299 ms stage/compute=113.421 ms misses=219
ds4: Flash-MoE hybrid prefill layer=38 ane_groups=0 ane_refs=0 gpu_i8_groups=0 gpu_i8_refs=0 fp32_groups=0 ane_min_refs=512 concurrent=1 ane_pipeline=1 output_queue=4 async_ane=0 gpu_overlap=0 finishes=0 waits=0
ds4: Flash-MoE overlap plan layer=38 exec_groups=219 planned_ane_groups=0 planned_ane_refs=0 planned_gpu_groups=219 planned_gpu_refs=6144 tail_gpu_groups=0 tail_gpu_refs=0 planned_ssd_groups=219 est_gpu=20160.0 est_ane=0.0 est_idle=100.00% wall=113.064 ms actual_ane_groups=0 actual_ane_refs=0 actual_gpu_groups=0 actual_gpu_refs=0 finishes=0 waits=0 overlap_gpu_groups=0
ds4: Flash-MoE async pread canceled queued=0 reading=0 ready=1904 finished=0
ds4: gpu chunked prefill pos=5120 tokens=1024 layer 38 encode=153.410 ms execute=2.607 ms
ds4: Flash-MoE prefill layer=39 tokens=1024 unique=220 refs=6144 sync=14.449 ms plan=0.309 ms stage/compute=114.093 ms misses=220
ds4: Flash-MoE hybrid prefill layer=39 ane_groups=0 ane_refs=0 gpu_i8_groups=0 gpu_i8_refs=0 fp32_groups=0 ane_min_refs=512 concurrent=1 ane_pipeline=1 output_queue=4 async_ane=0 gpu_overlap=0 finishes=0 waits=0
ds4: Flash-MoE overlap plan layer=39 exec_groups=220 planned_ane_groups=0 planned_ane_refs=0 planned_gpu_groups=220 planned_gpu_refs=6144 tail_gpu_groups=0 tail_gpu_refs=0 planned_ssd_groups=220 est_gpu=20224.0 est_ane=0.0 est_idle=100.00% wall=113.728 ms actual_ane_groups=0 actual_ane_refs=0 actual_gpu_groups=0 actual_gpu_refs=0 finishes=0 waits=0 overlap_gpu_groups=0
ds4: Flash-MoE async pread canceled queued=0 reading=0 ready=1912 finished=0
ds4: gpu chunked prefill pos=5120 tokens=1024 layer 39 encode=129.387 ms execute=2.564 ms
ds4: Flash-MoE prefill layer=40 tokens=1024 unique=164 refs=6144 sync=39.406 ms plan=0.330 ms stage/compute=88.872 ms misses=164
ds4: Flash-MoE hybrid prefill layer=40 ane_groups=1 ane_refs=877 gpu_i8_groups=0 gpu_i8_refs=0 fp32_groups=0 ane_min_refs=512 concurrent=1 ane_pipeline=1 output_queue=4 async_ane=1 gpu_overlap=163 finishes=1 waits=2
ds4: Flash-MoE overlap plan layer=40 exec_groups=164 planned_ane_groups=1 planned_ane_refs=877 planned_gpu_groups=163 planned_gpu_refs=5267 tail_gpu_groups=0 tail_gpu_refs=0 planned_ssd_groups=164 est_gpu=15699.0 est_ane=170.3 est_idle=98.91% wall=88.574 ms actual_ane_groups=1 actual_ane_refs=877 actual_gpu_groups=0 actual_gpu_refs=0 finishes=1 waits=2 overlap_gpu_groups=163
ds4: Flash-MoE async pread canceled queued=0 reading=0 ready=1928 finished=0
ds4: gpu chunked prefill pos=5120 tokens=1024 layer 40 encode=128.865 ms execute=2.631 ms
ds4: Flash-MoE prefill layer=41 tokens=1024 unique=184 refs=6144 sync=14.537 ms plan=0.360 ms stage/compute=100.652 ms misses=184
ds4: Flash-MoE hybrid prefill layer=41 ane_groups=0 ane_refs=0 gpu_i8_groups=0 gpu_i8_refs=0 fp32_groups=0 ane_min_refs=512 concurrent=1 ane_pipeline=1 output_queue=4 async_ane=0 gpu_overlap=0 finishes=0 waits=0
ds4: Flash-MoE overlap plan layer=41 exec_groups=184 planned_ane_groups=0 planned_ane_refs=0 planned_gpu_groups=184 planned_gpu_refs=6144 tail_gpu_groups=0 tail_gpu_refs=0 planned_ssd_groups=184 est_gpu=17920.0 est_ane=0.0 est_idle=100.00% wall=100.327 ms actual_ane_groups=0 actual_ane_refs=0 actual_gpu_groups=0 actual_gpu_refs=0 finishes=0 waits=0 overlap_gpu_groups=0
ds4: Flash-MoE async pread canceled queued=0 reading=0 ready=1940 finished=0
ds4: gpu chunked prefill pos=5120 tokens=1024 layer 41 encode=116.073 ms execute=2.574 ms
ds4: Flash-MoE prefill layer=42 tokens=1024 unique=193 refs=6144 sync=39.250 ms plan=0.290 ms stage/compute=103.038 ms misses=193
ds4: Flash-MoE hybrid prefill layer=42 ane_groups=1 ane_refs=564 gpu_i8_groups=0 gpu_i8_refs=0 fp32_groups=0 ane_min_refs=512 concurrent=1 ane_pipeline=1 output_queue=4 async_ane=1 gpu_overlap=192 finishes=1 waits=2
ds4: Flash-MoE overlap plan layer=42 exec_groups=193 planned_ane_groups=1 planned_ane_refs=564 planned_gpu_groups=192 planned_gpu_refs=5580 tail_gpu_groups=0 tail_gpu_refs=0 planned_ssd_groups=193 est_gpu=17868.0 est_ane=167.8 est_idle=99.06% wall=102.695 ms actual_ane_groups=1 actual_ane_refs=564 actual_gpu_groups=0 actual_gpu_refs=0 finishes=1 waits=2 overlap_gpu_groups=192
ds4: Flash-MoE async pread canceled queued=0 reading=0 ready=1953 finished=0
ds4: gpu chunked prefill pos=5120 tokens=1024 layer 42 encode=142.846 ms execute=2.418 ms
processing 8423 input tokens: 6144/8423 (72.9%) batch=164.36 t/s avg=167.40 t/s
ds4: Flash-MoE prefill layer=0 tokens=1024 unique=256 refs=6144 sync=12.104 ms plan=0.341 ms stage/compute=148.100 ms misses=256
ds4: Flash-MoE hybrid prefill layer=0 ane_groups=0 ane_refs=0 gpu_i8_groups=0 gpu_i8_refs=0 fp32_groups=0 ane_min_refs=512 concurrent=1 ane_pipeline=1 output_queue=4 async_ane=0 gpu_overlap=0 finishes=0 waits=0
ds4: Flash-MoE overlap plan layer=0 exec_groups=256 planned_ane_groups=0 planned_ane_refs=0 planned_gpu_groups=256 planned_gpu_refs=6144 tail_gpu_groups=0 tail_gpu_refs=0 planned_ssd_groups=256 est_gpu=22528.0 est_ane=0.0 est_idle=100.00% wall=147.713 ms actual_ane_groups=0 actual_ane_refs=0 actual_gpu_groups=0 actual_gpu_refs=0 finishes=0 waits=0 overlap_gpu_groups=0
ds4: Flash-MoE async pread canceled queued=0 reading=0 ready=1953 finished=0
ds4: gpu chunked prefill pos=6144 tokens=1024 layer 0 encode=160.918 ms execute=2.642 ms
ds4: Flash-MoE prefill layer=1 tokens=1024 unique=256 refs=6144 sync=12.452 ms plan=0.267 ms stage/compute=147.503 ms misses=256
ds4: Flash-MoE hybrid prefill layer=1 ane_groups=0 ane_refs=0 gpu_i8_groups=0 gpu_i8_refs=0 fp32_groups=0 ane_min_refs=512 concurrent=1 ane_pipeline=1 output_queue=4 async_ane=0 gpu_overlap=0 finishes=0 waits=0
ds4: Flash-MoE overlap plan layer=1 exec_groups=256 planned_ane_groups=0 planned_ane_refs=0 planned_gpu_groups=256 planned_gpu_refs=6144 tail_gpu_groups=0 tail_gpu_refs=0 planned_ssd_groups=256 est_gpu=22528.0 est_ane=0.0 est_idle=100.00% wall=147.115 ms actual_ane_groups=0 actual_ane_refs=0 actual_gpu_groups=0 actual_gpu_refs=0 finishes=0 waits=0 overlap_gpu_groups=0
ds4: Flash-MoE async pread canceled queued=0 reading=0 ready=1953 finished=0
ds4: gpu chunked prefill pos=6144 tokens=1024 layer 1 encode=160.728 ms execute=2.644 ms
ds4: Flash-MoE prefill layer=2 tokens=1024 unique=256 refs=6144 sync=40.196 ms plan=0.313 ms stage/compute=147.236 ms misses=256
ds4: Flash-MoE hybrid prefill layer=2 ane_groups=0 ane_refs=0 gpu_i8_groups=0 gpu_i8_refs=0 fp32_groups=0 ane_min_refs=512 concurrent=1 ane_pipeline=1 output_queue=4 async_ane=0 gpu_overlap=0 finishes=0 waits=0
ds4: Flash-MoE overlap plan layer=2 exec_groups=256 planned_ane_groups=0 planned_ane_refs=0 planned_gpu_groups=256 planned_gpu_refs=6144 tail_gpu_groups=0 tail_gpu_refs=0 planned_ssd_groups=256 est_gpu=22528.0 est_ane=0.0 est_idle=100.00% wall=146.826 ms actual_ane_groups=0 actual_ane_refs=0 actual_gpu_groups=0 actual_gpu_refs=0 finishes=0 waits=0 overlap_gpu_groups=0
ds4: Flash-MoE async pread canceled queued=0 reading=0 ready=1953 finished=0
ds4: gpu chunked prefill pos=6144 tokens=1024 layer 2 encode=188.058 ms execute=2.707 ms
ds4: Flash-MoE prefill layer=3 tokens=1024 unique=238 refs=6144 sync=14.557 ms plan=0.339 ms stage/compute=130.667 ms misses=238
ds4: Flash-MoE hybrid prefill layer=3 ane_groups=0 ane_refs=0 gpu_i8_groups=0 gpu_i8_refs=0 fp32_groups=0 ane_min_refs=512 concurrent=1 ane_pipeline=1 output_queue=4 async_ane=0 gpu_overlap=0 finishes=0 waits=0
ds4: Flash-MoE overlap plan layer=3 exec_groups=238 planned_ane_groups=0 planned_ane_refs=0 planned_gpu_groups=238 planned_gpu_refs=6144 tail_gpu_groups=0 tail_gpu_refs=0 planned_ssd_groups=238 est_gpu=21376.0 est_ane=0.0 est_idle=100.00% wall=130.268 ms actual_ane_groups=0 actual_ane_refs=0 actual_gpu_groups=0 actual_gpu_refs=0 finishes=0 waits=0 overlap_gpu_groups=0
ds4: Flash-MoE async pread canceled queued=0 reading=0 ready=1958 finished=0
ds4: gpu chunked prefill pos=6144 tokens=1024 layer 3 encode=146.136 ms execute=2.580 ms
ds4: Flash-MoE prefill layer=4 tokens=1024 unique=217 refs=6144 sync=40.128 ms plan=0.314 ms stage/compute=117.122 ms misses=217
ds4: Flash-MoE hybrid prefill layer=4 ane_groups=0 ane_refs=0 gpu_i8_groups=0 gpu_i8_refs=0 fp32_groups=0 ane_min_refs=512 concurrent=1 ane_pipeline=1 output_queue=4 async_ane=0 gpu_overlap=0 finishes=0 waits=0
ds4: Flash-MoE overlap plan layer=4 exec_groups=217 planned_ane_groups=0 planned_ane_refs=0 planned_gpu_groups=217 planned_gpu_refs=6144 tail_gpu_groups=0 tail_gpu_refs=0 planned_ssd_groups=217 est_gpu=20032.0 est_ane=0.0 est_idle=100.00% wall=116.777 ms actual_ane_groups=0 actual_ane_refs=0 actual_gpu_groups=0 actual_gpu_refs=0 finishes=0 waits=0 overlap_gpu_groups=0
ds4: Flash-MoE async pread canceled queued=0 reading=0 ready=1968 finished=0
ds4: gpu chunked prefill pos=6144 tokens=1024 layer 4 encode=157.859 ms execute=2.683 ms
ds4: Flash-MoE prefill layer=5 tokens=1024 unique=240 refs=6144 sync=14.700 ms plan=0.305 ms stage/compute=126.513 ms misses=240
ds4: Flash-MoE hybrid prefill layer=5 ane_groups=0 ane_refs=0 gpu_i8_groups=0 gpu_i8_refs=0 fp32_groups=0 ane_min_refs=512 concurrent=1 ane_pipeline=1 output_queue=4 async_ane=0 gpu_overlap=0 finishes=0 waits=0
ds4: Flash-MoE overlap plan layer=5 exec_groups=240 planned_ane_groups=0 planned_ane_refs=0 planned_gpu_groups=240 planned_gpu_refs=6144 tail_gpu_groups=0 tail_gpu_refs=0 planned_ssd_groups=240 est_gpu=21504.0 est_ane=0.0 est_idle=100.00% wall=126.147 ms actual_ane_groups=0 actual_ane_refs=0 actual_gpu_groups=0 actual_gpu_refs=0 finishes=0 waits=0 overlap_gpu_groups=0
ds4: Flash-MoE async pread canceled queued=0 reading=0 ready=1970 finished=0
ds4: gpu chunked prefill pos=6144 tokens=1024 layer 5 encode=142.165 ms execute=2.567 ms
ds4: Flash-MoE prefill layer=6 tokens=1024 unique=217 refs=6144 sync=40.121 ms plan=0.323 ms stage/compute=120.386 ms misses=217
ds4: Flash-MoE hybrid prefill layer=6 ane_groups=0 ane_refs=0 gpu_i8_groups=0 gpu_i8_refs=0 fp32_groups=0 ane_min_refs=512 concurrent=1 ane_pipeline=1 output_queue=4 async_ane=0 gpu_overlap=0 finishes=0 waits=0
ds4: Flash-MoE overlap plan layer=6 exec_groups=217 planned_ane_groups=0 planned_ane_refs=0 planned_gpu_groups=217 planned_gpu_refs=6144 tail_gpu_groups=0 tail_gpu_refs=0 planned_ssd_groups=217 est_gpu=20032.0 est_ane=0.0 est_idle=100.00% wall=120.004 ms actual_ane_groups=0 actual_ane_refs=0 actual_gpu_groups=0 actual_gpu_refs=0 finishes=0 waits=0 overlap_gpu_groups=0
ds4: Flash-MoE async pread canceled queued=0 reading=0 ready=1975 finished=0
ds4: gpu chunked prefill pos=6144 tokens=1024 layer 6 encode=161.096 ms execute=2.568 ms
ds4: Flash-MoE prefill layer=7 tokens=1024 unique=222 refs=6144 sync=14.534 ms plan=0.343 ms stage/compute=114.930 ms misses=222
ds4: Flash-MoE hybrid prefill layer=7 ane_groups=0 ane_refs=0 gpu_i8_groups=0 gpu_i8_refs=0 fp32_groups=0 ane_min_refs=512 concurrent=1 ane_pipeline=1 output_queue=4 async_ane=0 gpu_overlap=0 finishes=0 waits=0
ds4: Flash-MoE overlap plan layer=7 exec_groups=222 planned_ane_groups=0 planned_ane_refs=0 planned_gpu_groups=222 planned_gpu_refs=6144 tail_gpu_groups=0 tail_gpu_refs=0 planned_ssd_groups=222 est_gpu=20352.0 est_ane=0.0 est_idle=100.00% wall=114.562 ms actual_ane_groups=0 actual_ane_refs=0 actual_gpu_groups=0 actual_gpu_refs=0 finishes=0 waits=0 overlap_gpu_groups=0
ds4: Flash-MoE async pread canceled queued=0 reading=0 ready=1980 finished=0
ds4: gpu chunked prefill pos=6144 tokens=1024 layer 7 encode=130.384 ms execute=2.572 ms
ds4: Flash-MoE prefill layer=8 tokens=1024 unique=222 refs=6144 sync=40.233 ms plan=0.311 ms stage/compute=118.815 ms misses=222
ds4: Flash-MoE hybrid prefill layer=8 ane_groups=0 ane_refs=0 gpu_i8_groups=0 gpu_i8_refs=0 fp32_groups=0 ane_min_refs=512 concurrent=1 ane_pipeline=1 output_queue=4 async_ane=0 gpu_overlap=0 finishes=0 waits=0
ds4: Flash-MoE overlap plan layer=8 exec_groups=222 planned_ane_groups=0 planned_ane_refs=0 planned_gpu_groups=222 planned_gpu_refs=6144 tail_gpu_groups=0 tail_gpu_refs=0 planned_ssd_groups=222 est_gpu=20352.0 est_ane=0.0 est_idle=100.00% wall=118.434 ms actual_ane_groups=0 actual_ane_refs=0 actual_gpu_groups=0 actual_gpu_refs=0 finishes=0 waits=0 overlap_gpu_groups=0
ds4: Flash-MoE async pread canceled queued=0 reading=0 ready=1985 finished=0
ds4: gpu chunked prefill pos=6144 tokens=1024 layer 8 encode=159.646 ms execute=2.563 ms
ds4: Flash-MoE prefill layer=9 tokens=1024 unique=229 refs=6144 sync=14.514 ms plan=0.308 ms stage/compute=122.625 ms misses=229
ds4: Flash-MoE hybrid prefill layer=9 ane_groups=0 ane_refs=0 gpu_i8_groups=0 gpu_i8_refs=0 fp32_groups=0 ane_min_refs=512 concurrent=1 ane_pipeline=1 output_queue=4 async_ane=0 gpu_overlap=0 finishes=0 waits=0
ds4: Flash-MoE overlap plan layer=9 exec_groups=229 planned_ane_groups=0 planned_ane_refs=0 planned_gpu_groups=229 planned_gpu_refs=6144 tail_gpu_groups=0 tail_gpu_refs=0 planned_ssd_groups=229 est_gpu=20800.0 est_ane=0.0 est_idle=100.00% wall=122.256 ms actual_ane_groups=0 actual_ane_refs=0 actual_gpu_groups=0 actual_gpu_refs=0 finishes=0 waits=0 overlap_gpu_groups=0
ds4: Flash-MoE async pread canceled queued=0 reading=0 ready=1990 finished=0
ds4: gpu chunked prefill pos=6144 tokens=1024 layer 9 encode=137.990 ms execute=2.579 ms
ds4: Flash-MoE prefill layer=10 tokens=1024 unique=221 refs=6144 sync=40.117 ms plan=0.371 ms stage/compute=118.087 ms misses=221
ds4: Flash-MoE hybrid prefill layer=10 ane_groups=0 ane_refs=0 gpu_i8_groups=0 gpu_i8_refs=0 fp32_groups=0 ane_min_refs=512 concurrent=1 ane_pipeline=1 output_queue=4 async_ane=0 gpu_overlap=0 finishes=0 waits=0
ds4: Flash-MoE overlap plan layer=10 exec_groups=221 planned_ane_groups=0 planned_ane_refs=0 planned_gpu_groups=221 planned_gpu_refs=6144 tail_gpu_groups=0 tail_gpu_refs=0 planned_ssd_groups=221 est_gpu=20288.0 est_ane=0.0 est_idle=100.00% wall=117.686 ms actual_ane_groups=0 actual_ane_refs=0 actual_gpu_groups=0 actual_gpu_refs=0 finishes=0 waits=0 overlap_gpu_groups=0
ds4: Flash-MoE async pread canceled queued=0 reading=0 ready=2001 finished=0
ds4: gpu chunked prefill pos=6144 tokens=1024 layer 10 encode=158.850 ms execute=2.582 ms
ds4: Flash-MoE prefill layer=11 tokens=1024 unique=234 refs=6144 sync=14.544 ms plan=0.293 ms stage/compute=118.858 ms misses=234
ds4: Flash-MoE hybrid prefill layer=11 ane_groups=0 ane_refs=0 gpu_i8_groups=0 gpu_i8_refs=0 fp32_groups=0 ane_min_refs=512 concurrent=1 ane_pipeline=1 output_queue=4 async_ane=0 gpu_overlap=0 finishes=0 waits=0
ds4: Flash-MoE overlap plan layer=11 exec_groups=234 planned_ane_groups=0 planned_ane_refs=0 planned_gpu_groups=234 planned_gpu_refs=6144 tail_gpu_groups=0 tail_gpu_refs=0 planned_ssd_groups=234 est_gpu=21120.0 est_ane=0.0 est_idle=100.00% wall=118.481 ms actual_ane_groups=0 actual_ane_refs=0 actual_gpu_groups=0 actual_gpu_refs=0 finishes=0 waits=0 overlap_gpu_groups=0
ds4: Flash-MoE async pread canceled queued=0 reading=0 ready=2006 finished=0
ds4: gpu chunked prefill pos=6144 tokens=1024 layer 11 encode=134.252 ms execute=2.565 ms
ds4: Flash-MoE prefill layer=12 tokens=1024 unique=200 refs=6144 sync=40.071 ms plan=0.344 ms stage/compute=106.566 ms misses=200
ds4: Flash-MoE hybrid prefill layer=12 ane_groups=0 ane_refs=0 gpu_i8_groups=0 gpu_i8_refs=0 fp32_groups=0 ane_min_refs=512 concurrent=1 ane_pipeline=1 output_queue=4 async_ane=0 gpu_overlap=0 finishes=0 waits=0
ds4: Flash-MoE overlap plan layer=12 exec_groups=200 planned_ane_groups=0 planned_ane_refs=0 planned_gpu_groups=200 planned_gpu_refs=6144 tail_gpu_groups=0 tail_gpu_refs=0 planned_ssd_groups=200 est_gpu=18944.0 est_ane=0.0 est_idle=100.00% wall=106.231 ms actual_ane_groups=0 actual_ane_refs=0 actual_gpu_groups=0 actual_gpu_refs=0 finishes=0 waits=0 overlap_gpu_groups=0
ds4: Flash-MoE async pread canceled queued=0 reading=0 ready=2014 finished=0
ds4: gpu chunked prefill pos=6144 tokens=1024 layer 12 encode=147.243 ms execute=2.578 ms
ds4: Flash-MoE prefill layer=13 tokens=1024 unique=215 refs=6144 sync=14.738 ms plan=0.282 ms stage/compute=109.589 ms misses=215
ds4: Flash-MoE hybrid prefill layer=13 ane_groups=0 ane_refs=0 gpu_i8_groups=0 gpu_i8_refs=0 fp32_groups=0 ane_min_refs=512 concurrent=1 ane_pipeline=1 output_queue=4 async_ane=0 gpu_overlap=0 finishes=0 waits=0
ds4: Flash-MoE overlap plan layer=13 exec_groups=215 planned_ane_groups=0 planned_ane_refs=0 planned_gpu_groups=215 planned_gpu_refs=6144 tail_gpu_groups=0 tail_gpu_refs=0 planned_ssd_groups=215 est_gpu=19904.0 est_ane=0.0 est_idle=100.00% wall=109.239 ms actual_ane_groups=0 actual_ane_refs=0 actual_gpu_groups=0 actual_gpu_refs=0 finishes=0 waits=0 overlap_gpu_groups=0
ds4: Flash-MoE async pread canceled queued=0 reading=0 ready=2020 finished=0
ds4: gpu chunked prefill pos=6144 tokens=1024 layer 13 encode=125.154 ms execute=2.604 ms
ds4: Flash-MoE prefill layer=14 tokens=1024 unique=217 refs=6144 sync=40.125 ms plan=0.344 ms stage/compute=111.319 ms misses=217
ds4: Flash-MoE hybrid prefill layer=14 ane_groups=0 ane_refs=0 gpu_i8_groups=0 gpu_i8_refs=0 fp32_groups=0 ane_min_refs=512 concurrent=1 ane_pipeline=1 output_queue=4 async_ane=0 gpu_overlap=0 finishes=0 waits=0
ds4: Flash-MoE overlap plan layer=14 exec_groups=217 planned_ane_groups=0 planned_ane_refs=0 planned_gpu_groups=217 planned_gpu_refs=6144 tail_gpu_groups=0 tail_gpu_refs=0 planned_ssd_groups=217 est_gpu=20032.0 est_ane=0.0 est_idle=100.00% wall=110.956 ms actual_ane_groups=0 actual_ane_refs=0 actual_gpu_groups=0 actual_gpu_refs=0 finishes=0 waits=0 overlap_gpu_groups=0
ds4: Flash-MoE async pread canceled queued=0 reading=0 ready=2029 finished=0
ds4: gpu chunked prefill pos=6144 tokens=1024 layer 14 encode=152.049 ms execute=2.612 ms
ds4: Flash-MoE prefill layer=15 tokens=1024 unique=208 refs=6144 sync=14.597 ms plan=0.287 ms stage/compute=105.288 ms misses=208
ds4: Flash-MoE hybrid prefill layer=15 ane_groups=0 ane_refs=0 gpu_i8_groups=0 gpu_i8_refs=0 fp32_groups=0 ane_min_refs=512 concurrent=1 ane_pipeline=1 output_queue=4 async_ane=0 gpu_overlap=0 finishes=0 waits=0
ds4: Flash-MoE overlap plan layer=15 exec_groups=208 planned_ane_groups=0 planned_ane_refs=0 planned_gpu_groups=208 planned_gpu_refs=6144 tail_gpu_groups=0 tail_gpu_refs=0 planned_ssd_groups=208 est_gpu=19456.0 est_ane=0.0 est_idle=100.00% wall=104.946 ms actual_ane_groups=0 actual_ane_refs=0 actual_gpu_groups=0 actual_gpu_refs=0 finishes=0 waits=0 overlap_gpu_groups=0
ds4: Flash-MoE async pread canceled queued=0 reading=0 ready=2035 finished=0
ds4: gpu chunked prefill pos=6144 tokens=1024 layer 15 encode=120.688 ms execute=2.567 ms
ds4: Flash-MoE prefill layer=16 tokens=1024 unique=200 refs=6144 sync=40.103 ms plan=0.359 ms stage/compute=106.738 ms misses=200
ds4: Flash-MoE hybrid prefill layer=16 ane_groups=0 ane_refs=0 gpu_i8_groups=0 gpu_i8_refs=0 fp32_groups=0 ane_min_refs=512 concurrent=1 ane_pipeline=1 output_queue=4 async_ane=0 gpu_overlap=0 finishes=0 waits=0
ds4: Flash-MoE overlap plan layer=16 exec_groups=200 planned_ane_groups=0 planned_ane_refs=0 planned_gpu_groups=200 planned_gpu_refs=6144 tail_gpu_groups=0 tail_gpu_refs=0 planned_ssd_groups=200 est_gpu=18944.0 est_ane=0.0 est_idle=100.00% wall=106.386 ms actual_ane_groups=0 actual_ane_refs=0 actual_gpu_groups=0 actual_gpu_refs=0 finishes=0 waits=0 overlap_gpu_groups=0
ds4: Flash-MoE async pread canceled queued=0 reading=0 ready=2049 finished=0
ds4: gpu chunked prefill pos=6144 tokens=1024 layer 16 encode=147.475 ms execute=2.585 ms
ds4: Flash-MoE prefill layer=17 tokens=1024 unique=217 refs=6144 sync=14.568 ms plan=0.321 ms stage/compute=113.549 ms misses=217
ds4: Flash-MoE hybrid prefill layer=17 ane_groups=0 ane_refs=0 gpu_i8_groups=0 gpu_i8_refs=0 fp32_groups=0 ane_min_refs=512 concurrent=1 ane_pipeline=1 output_queue=4 async_ane=0 gpu_overlap=0 finishes=0 waits=0
ds4: Flash-MoE overlap plan layer=17 exec_groups=217 planned_ane_groups=0 planned_ane_refs=0 planned_gpu_groups=217 planned_gpu_refs=6144 tail_gpu_groups=0 tail_gpu_refs=0 planned_ssd_groups=217 est_gpu=20032.0 est_ane=0.0 est_idle=100.00% wall=113.194 ms actual_ane_groups=0 actual_ane_refs=0 actual_gpu_groups=0 actual_gpu_refs=0 finishes=0 waits=0 overlap_gpu_groups=0
ds4: Flash-MoE async pread canceled queued=0 reading=0 ready=2057 finished=0
ds4: gpu chunked prefill pos=6144 tokens=1024 layer 17 encode=128.953 ms execute=2.610 ms
ds4: Flash-MoE prefill layer=18 tokens=1024 unique=201 refs=6144 sync=40.692 ms plan=0.281 ms stage/compute=104.129 ms misses=201
ds4: Flash-MoE hybrid prefill layer=18 ane_groups=0 ane_refs=0 gpu_i8_groups=0 gpu_i8_refs=0 fp32_groups=0 ane_min_refs=512 concurrent=1 ane_pipeline=1 output_queue=4 async_ane=0 gpu_overlap=0 finishes=0 waits=0
ds4: Flash-MoE overlap plan layer=18 exec_groups=201 planned_ane_groups=0 planned_ane_refs=0 planned_gpu_groups=201 planned_gpu_refs=6144 tail_gpu_groups=0 tail_gpu_refs=0 planned_ssd_groups=201 est_gpu=19008.0 est_ane=0.0 est_idle=100.00% wall=103.784 ms actual_ane_groups=0 actual_ane_refs=0 actual_gpu_groups=0 actual_gpu_refs=0 finishes=0 waits=0 overlap_gpu_groups=0
ds4: Flash-MoE async pread canceled queued=0 reading=0 ready=2069 finished=0
ds4: gpu chunked prefill pos=6144 tokens=1024 layer 18 encode=145.366 ms execute=2.583 ms
ds4: Flash-MoE prefill layer=19 tokens=1024 unique=226 refs=6144 sync=14.469 ms plan=0.343 ms stage/compute=122.070 ms misses=226
ds4: Flash-MoE hybrid prefill layer=19 ane_groups=0 ane_refs=0 gpu_i8_groups=0 gpu_i8_refs=0 fp32_groups=0 ane_min_refs=512 concurrent=1 ane_pipeline=1 output_queue=4 async_ane=0 gpu_overlap=0 finishes=0 waits=0
ds4: Flash-MoE overlap plan layer=19 exec_groups=226 planned_ane_groups=0 planned_ane_refs=0 planned_gpu_groups=226 planned_gpu_refs=6144 tail_gpu_groups=0 tail_gpu_refs=0 planned_ssd_groups=226 est_gpu=20608.0 est_ane=0.0 est_idle=100.00% wall=121.706 ms actual_ane_groups=0 actual_ane_refs=0 actual_gpu_groups=0 actual_gpu_refs=0 finishes=0 waits=0 overlap_gpu_groups=0
ds4: Flash-MoE async pread canceled queued=0 reading=0 ready=2073 finished=0
ds4: gpu chunked prefill pos=6144 tokens=1024 layer 19 encode=137.463 ms execute=2.568 ms
ds4: Flash-MoE prefill layer=20 tokens=1024 unique=201 refs=6144 sync=40.465 ms plan=0.329 ms stage/compute=105.340 ms misses=201
ds4: Flash-MoE hybrid prefill layer=20 ane_groups=0 ane_refs=0 gpu_i8_groups=0 gpu_i8_refs=0 fp32_groups=0 ane_min_refs=512 concurrent=1 ane_pipeline=1 output_queue=4 async_ane=0 gpu_overlap=0 finishes=0 waits=0
ds4: Flash-MoE overlap plan layer=20 exec_groups=201 planned_ane_groups=0 planned_ane_refs=0 planned_gpu_groups=201 planned_gpu_refs=6144 tail_gpu_groups=0 tail_gpu_refs=0 planned_ssd_groups=201 est_gpu=19008.0 est_ane=0.0 est_idle=100.00% wall=105.003 ms actual_ane_groups=0 actual_ane_refs=0 actual_gpu_groups=0 actual_gpu_refs=0 finishes=0 waits=0 overlap_gpu_groups=0
ds4: Flash-MoE async pread canceled queued=0 reading=0 ready=2084 finished=0
ds4: gpu chunked prefill pos=6144 tokens=1024 layer 20 encode=146.396 ms execute=2.591 ms
ds4: Flash-MoE prefill layer=21 tokens=1024 unique=204 refs=6144 sync=14.502 ms plan=0.365 ms stage/compute=109.453 ms misses=204
ds4: Flash-MoE hybrid prefill layer=21 ane_groups=0 ane_refs=0 gpu_i8_groups=0 gpu_i8_refs=0 fp32_groups=0 ane_min_refs=512 concurrent=1 ane_pipeline=1 output_queue=4 async_ane=0 gpu_overlap=0 finishes=0 waits=0
ds4: Flash-MoE overlap plan layer=21 exec_groups=204 planned_ane_groups=0 planned_ane_refs=0 planned_gpu_groups=204 planned_gpu_refs=6144 tail_gpu_groups=0 tail_gpu_refs=0 planned_ssd_groups=204 est_gpu=19200.0 est_ane=0.0 est_idle=100.00% wall=109.117 ms actual_ane_groups=0 actual_ane_refs=0 actual_gpu_groups=0 actual_gpu_refs=0 finishes=0 waits=0 overlap_gpu_groups=0
ds4: Flash-MoE async pread canceled queued=0 reading=0 ready=2091 finished=0
ds4: gpu chunked prefill pos=6144 tokens=1024 layer 21 encode=124.820 ms execute=2.573 ms
ds4: Flash-MoE prefill layer=22 tokens=1024 unique=205 refs=6144 sync=39.998 ms plan=0.369 ms stage/compute=107.987 ms misses=205
ds4: Flash-MoE hybrid prefill layer=22 ane_groups=0 ane_refs=0 gpu_i8_groups=0 gpu_i8_refs=0 fp32_groups=0 ane_min_refs=512 concurrent=1 ane_pipeline=1 output_queue=4 async_ane=0 gpu_overlap=0 finishes=0 waits=0
ds4: Flash-MoE overlap plan layer=22 exec_groups=205 planned_ane_groups=0 planned_ane_refs=0 planned_gpu_groups=205 planned_gpu_refs=6144 tail_gpu_groups=0 tail_gpu_refs=0 planned_ssd_groups=205 est_gpu=19264.0 est_ane=0.0 est_idle=100.00% wall=107.646 ms actual_ane_groups=0 actual_ane_refs=0 actual_gpu_groups=0 actual_gpu_refs=0 finishes=0 waits=0 overlap_gpu_groups=0
ds4: Flash-MoE async pread canceled queued=0 reading=0 ready=2099 finished=0
ds4: gpu chunked prefill pos=6144 tokens=1024 layer 22 encode=148.634 ms execute=2.598 ms
ds4: Flash-MoE prefill layer=23 tokens=1024 unique=221 refs=6144 sync=14.670 ms plan=0.355 ms stage/compute=120.215 ms misses=221
ds4: Flash-MoE hybrid prefill layer=23 ane_groups=0 ane_refs=0 gpu_i8_groups=0 gpu_i8_refs=0 fp32_groups=0 ane_min_refs=512 concurrent=1 ane_pipeline=1 output_queue=4 async_ane=0 gpu_overlap=0 finishes=0 waits=0
ds4: Flash-MoE overlap plan layer=23 exec_groups=221 planned_ane_groups=0 planned_ane_refs=0 planned_gpu_groups=221 planned_gpu_refs=6144 tail_gpu_groups=0 tail_gpu_refs=0 planned_ssd_groups=221 est_gpu=20288.0 est_ane=0.0 est_idle=100.00% wall=119.854 ms actual_ane_groups=0 actual_ane_refs=0 actual_gpu_groups=0 actual_gpu_refs=0 finishes=0 waits=0 overlap_gpu_groups=0
ds4: Flash-MoE async pread canceled queued=0 reading=0 ready=2104 finished=0
ds4: gpu chunked prefill pos=6144 tokens=1024 layer 23 encode=135.742 ms execute=2.579 ms
ds4: Flash-MoE prefill layer=24 tokens=1024 unique=209 refs=6144 sync=39.992 ms plan=0.305 ms stage/compute=112.252 ms misses=209
ds4: Flash-MoE hybrid prefill layer=24 ane_groups=0 ane_refs=0 gpu_i8_groups=0 gpu_i8_refs=0 fp32_groups=0 ane_min_refs=512 concurrent=1 ane_pipeline=1 output_queue=4 async_ane=0 gpu_overlap=0 finishes=0 waits=0
ds4: Flash-MoE overlap plan layer=24 exec_groups=209 planned_ane_groups=0 planned_ane_refs=0 planned_gpu_groups=209 planned_gpu_refs=6144 tail_gpu_groups=0 tail_gpu_refs=0 planned_ssd_groups=209 est_gpu=19520.0 est_ane=0.0 est_idle=100.00% wall=111.893 ms actual_ane_groups=0 actual_ane_refs=0 actual_gpu_groups=0 actual_gpu_refs=0 finishes=0 waits=0 overlap_gpu_groups=0
ds4: Flash-MoE async pread canceled queued=0 reading=0 ready=2109 finished=0
ds4: gpu chunked prefill pos=6144 tokens=1024 layer 24 encode=152.811 ms execute=2.579 ms
ds4: Flash-MoE prefill layer=25 tokens=1024 unique=219 refs=6144 sync=14.836 ms plan=0.400 ms stage/compute=118.181 ms misses=219
ds4: Flash-MoE hybrid prefill layer=25 ane_groups=0 ane_refs=0 gpu_i8_groups=0 gpu_i8_refs=0 fp32_groups=0 ane_min_refs=512 concurrent=1 ane_pipeline=1 output_queue=4 async_ane=0 gpu_overlap=0 finishes=0 waits=0
ds4: Flash-MoE overlap plan layer=25 exec_groups=219 planned_ane_groups=0 planned_ane_refs=0 planned_gpu_groups=219 planned_gpu_refs=6144 tail_gpu_groups=0 tail_gpu_refs=0 planned_ssd_groups=219 est_gpu=20160.0 est_ane=0.0 est_idle=100.00% wall=117.836 ms actual_ane_groups=0 actual_ane_refs=0 actual_gpu_groups=0 actual_gpu_refs=0 finishes=0 waits=0 overlap_gpu_groups=0
ds4: Flash-MoE async pread canceled queued=0 reading=0 ready=2120 finished=0
ds4: gpu chunked prefill pos=6144 tokens=1024 layer 25 encode=133.947 ms execute=2.630 ms
ds4: Flash-MoE prefill layer=26 tokens=1024 unique=210 refs=6144 sync=39.935 ms plan=0.337 ms stage/compute=109.188 ms misses=210
ds4: Flash-MoE hybrid prefill layer=26 ane_groups=0 ane_refs=0 gpu_i8_groups=0 gpu_i8_refs=0 fp32_groups=0 ane_min_refs=512 concurrent=1 ane_pipeline=1 output_queue=4 async_ane=0 gpu_overlap=0 finishes=0 waits=0
ds4: Flash-MoE overlap plan layer=26 exec_groups=210 planned_ane_groups=0 planned_ane_refs=0 planned_gpu_groups=210 planned_gpu_refs=6144 tail_gpu_groups=0 tail_gpu_refs=0 planned_ssd_groups=210 est_gpu=19584.0 est_ane=0.0 est_idle=100.00% wall=108.847 ms actual_ane_groups=0 actual_ane_refs=0 actual_gpu_groups=0 actual_gpu_refs=0 finishes=0 waits=0 overlap_gpu_groups=0
ds4: Flash-MoE async pread canceled queued=0 reading=0 ready=2129 finished=0
ds4: gpu chunked prefill pos=6144 tokens=1024 layer 26 encode=149.782 ms execute=2.565 ms
ds4: Flash-MoE prefill layer=27 tokens=1024 unique=215 refs=6144 sync=14.583 ms plan=0.290 ms stage/compute=115.071 ms misses=215
ds4: Flash-MoE hybrid prefill layer=27 ane_groups=0 ane_refs=0 gpu_i8_groups=0 gpu_i8_refs=0 fp32_groups=0 ane_min_refs=512 concurrent=1 ane_pipeline=1 output_queue=4 async_ane=0 gpu_overlap=0 finishes=0 waits=0
ds4: Flash-MoE overlap plan layer=27 exec_groups=215 planned_ane_groups=0 planned_ane_refs=0 planned_gpu_groups=215 planned_gpu_refs=6144 tail_gpu_groups=0 tail_gpu_refs=0 planned_ssd_groups=215 est_gpu=19904.0 est_ane=0.0 est_idle=100.00% wall=114.721 ms actual_ane_groups=0 actual_ane_refs=0 actual_gpu_groups=0 actual_gpu_refs=0 finishes=0 waits=0 overlap_gpu_groups=0
ds4: Flash-MoE async pread canceled queued=0 reading=0 ready=2134 finished=0
ds4: gpu chunked prefill pos=6144 tokens=1024 layer 27 encode=130.491 ms execute=2.586 ms
ds4: Flash-MoE prefill layer=28 tokens=1024 unique=214 refs=6144 sync=39.969 ms plan=0.330 ms stage/compute=112.117 ms misses=214
ds4: Flash-MoE hybrid prefill layer=28 ane_groups=0 ane_refs=0 gpu_i8_groups=0 gpu_i8_refs=0 fp32_groups=0 ane_min_refs=512 concurrent=1 ane_pipeline=1 output_queue=4 async_ane=0 gpu_overlap=0 finishes=0 waits=0
ds4: Flash-MoE overlap plan layer=28 exec_groups=214 planned_ane_groups=0 planned_ane_refs=0 planned_gpu_groups=214 planned_gpu_refs=6144 tail_gpu_groups=0 tail_gpu_refs=0 planned_ssd_groups=214 est_gpu=19840.0 est_ane=0.0 est_idle=100.00% wall=111.768 ms actual_ane_groups=0 actual_ane_refs=0 actual_gpu_groups=0 actual_gpu_refs=0 finishes=0 waits=0 overlap_gpu_groups=0
ds4: Flash-MoE async pread canceled queued=0 reading=0 ready=2142 finished=0
ds4: gpu chunked prefill pos=6144 tokens=1024 layer 28 encode=152.680 ms execute=2.566 ms
ds4: Flash-MoE prefill layer=29 tokens=1024 unique=208 refs=6144 sync=14.450 ms plan=0.333 ms stage/compute=112.091 ms misses=208
ds4: Flash-MoE hybrid prefill layer=29 ane_groups=0 ane_refs=0 gpu_i8_groups=0 gpu_i8_refs=0 fp32_groups=0 ane_min_refs=512 concurrent=1 ane_pipeline=1 output_queue=4 async_ane=0 gpu_overlap=0 finishes=0 waits=0
ds4: Flash-MoE overlap plan layer=29 exec_groups=208 planned_ane_groups=0 planned_ane_refs=0 planned_gpu_groups=208 planned_gpu_refs=6144 tail_gpu_groups=0 tail_gpu_refs=0 planned_ssd_groups=208 est_gpu=19456.0 est_ane=0.0 est_idle=100.00% wall=111.730 ms actual_ane_groups=0 actual_ane_refs=0 actual_gpu_groups=0 actual_gpu_refs=0 finishes=0 waits=0 overlap_gpu_groups=0
ds4: Flash-MoE async pread canceled queued=0 reading=0 ready=2154 finished=0
ds4: gpu chunked prefill pos=6144 tokens=1024 layer 29 encode=127.417 ms execute=2.582 ms
ds4: Flash-MoE prefill layer=30 tokens=1024 unique=211 refs=6144 sync=40.338 ms plan=0.337 ms stage/compute=113.828 ms misses=211
ds4: Flash-MoE hybrid prefill layer=30 ane_groups=0 ane_refs=0 gpu_i8_groups=0 gpu_i8_refs=0 fp32_groups=0 ane_min_refs=512 concurrent=1 ane_pipeline=1 output_queue=4 async_ane=0 gpu_overlap=0 finishes=0 waits=0
ds4: Flash-MoE overlap plan layer=30 exec_groups=211 planned_ane_groups=0 planned_ane_refs=0 planned_gpu_groups=211 planned_gpu_refs=6144 tail_gpu_groups=0 tail_gpu_refs=0 planned_ssd_groups=211 est_gpu=19648.0 est_ane=0.0 est_idle=100.00% wall=113.485 ms actual_ane_groups=0 actual_ane_refs=0 actual_gpu_groups=0 actual_gpu_refs=0 finishes=0 waits=0 overlap_gpu_groups=0
ds4: Flash-MoE async pread canceled queued=0 reading=0 ready=2167 finished=0
ds4: gpu chunked prefill pos=6144 tokens=1024 layer 30 encode=154.777 ms execute=2.588 ms
ds4: Flash-MoE prefill layer=31 tokens=1024 unique=212 refs=6144 sync=14.599 ms plan=0.330 ms stage/compute=111.267 ms misses=212
ds4: Flash-MoE hybrid prefill layer=31 ane_groups=0 ane_refs=0 gpu_i8_groups=0 gpu_i8_refs=0 fp32_groups=0 ane_min_refs=512 concurrent=1 ane_pipeline=1 output_queue=4 async_ane=0 gpu_overlap=0 finishes=0 waits=0
ds4: Flash-MoE overlap plan layer=31 exec_groups=212 planned_ane_groups=0 planned_ane_refs=0 planned_gpu_groups=212 planned_gpu_refs=6144 tail_gpu_groups=0 tail_gpu_refs=0 planned_ssd_groups=212 est_gpu=19712.0 est_ane=0.0 est_idle=100.00% wall=110.891 ms actual_ane_groups=0 actual_ane_refs=0 actual_gpu_groups=0 actual_gpu_refs=0 finishes=0 waits=0 overlap_gpu_groups=0
ds4: Flash-MoE async pread canceled queued=0 reading=0 ready=2176 finished=0
ds4: gpu chunked prefill pos=6144 tokens=1024 layer 31 encode=126.766 ms execute=2.620 ms
ds4: Flash-MoE prefill layer=32 tokens=1024 unique=218 refs=6144 sync=40.279 ms plan=0.299 ms stage/compute=113.832 ms misses=218
ds4: Flash-MoE hybrid prefill layer=32 ane_groups=0 ane_refs=0 gpu_i8_groups=0 gpu_i8_refs=0 fp32_groups=0 ane_min_refs=512 concurrent=1 ane_pipeline=1 output_queue=4 async_ane=0 gpu_overlap=0 finishes=0 waits=0
ds4: Flash-MoE overlap plan layer=32 exec_groups=218 planned_ane_groups=0 planned_ane_refs=0 planned_gpu_groups=218 planned_gpu_refs=6144 tail_gpu_groups=0 tail_gpu_refs=0 planned_ssd_groups=218 est_gpu=20096.0 est_ane=0.0 est_idle=100.00% wall=113.471 ms actual_ane_groups=0 actual_ane_refs=0 actual_gpu_groups=0 actual_gpu_refs=0 finishes=0 waits=0 overlap_gpu_groups=0
ds4: Flash-MoE async pread canceled queued=0 reading=0 ready=2183 finished=0
ds4: gpu chunked prefill pos=6144 tokens=1024 layer 32 encode=154.726 ms execute=2.571 ms
ds4: Flash-MoE prefill layer=33 tokens=1024 unique=204 refs=6144 sync=14.486 ms plan=0.309 ms stage/compute=109.691 ms misses=204
ds4: Flash-MoE hybrid prefill layer=33 ane_groups=0 ane_refs=0 gpu_i8_groups=0 gpu_i8_refs=0 fp32_groups=0 ane_min_refs=512 concurrent=1 ane_pipeline=1 output_queue=4 async_ane=0 gpu_overlap=0 finishes=0 waits=0
ds4: Flash-MoE overlap plan layer=33 exec_groups=204 planned_ane_groups=0 planned_ane_refs=0 planned_gpu_groups=204 planned_gpu_refs=6144 tail_gpu_groups=0 tail_gpu_refs=0 planned_ssd_groups=204 est_gpu=19200.0 est_ane=0.0 est_idle=100.00% wall=109.349 ms actual_ane_groups=0 actual_ane_refs=0 actual_gpu_groups=0 actual_gpu_refs=0 finishes=0 waits=0 overlap_gpu_groups=0
ds4: Flash-MoE async pread canceled queued=0 reading=0 ready=2197 finished=0
ds4: gpu chunked prefill pos=6144 tokens=1024 layer 33 encode=125.057 ms execute=2.571 ms
ds4: Flash-MoE prefill layer=34 tokens=1024 unique=209 refs=6144 sync=40.609 ms plan=0.340 ms stage/compute=108.835 ms misses=209
ds4: Flash-MoE hybrid prefill layer=34 ane_groups=0 ane_refs=0 gpu_i8_groups=0 gpu_i8_refs=0 fp32_groups=0 ane_min_refs=512 concurrent=1 ane_pipeline=1 output_queue=4 async_ane=0 gpu_overlap=0 finishes=0 waits=0
ds4: Flash-MoE overlap plan layer=34 exec_groups=209 planned_ane_groups=0 planned_ane_refs=0 planned_gpu_groups=209 planned_gpu_refs=6144 tail_gpu_groups=0 tail_gpu_refs=0 planned_ssd_groups=209 est_gpu=19520.0 est_ane=0.0 est_idle=100.00% wall=108.480 ms actual_ane_groups=0 actual_ane_refs=0 actual_gpu_groups=0 actual_gpu_refs=0 finishes=0 waits=0 overlap_gpu_groups=0
ds4: Flash-MoE async pread canceled queued=0 reading=0 ready=2205 finished=0
ds4: gpu chunked prefill pos=6144 tokens=1024 layer 34 encode=150.088 ms execute=2.627 ms
ds4: Flash-MoE prefill layer=35 tokens=1024 unique=213 refs=6144 sync=14.466 ms plan=0.328 ms stage/compute=110.787 ms misses=213
ds4: Flash-MoE hybrid prefill layer=35 ane_groups=0 ane_refs=0 gpu_i8_groups=0 gpu_i8_refs=0 fp32_groups=0 ane_min_refs=512 concurrent=1 ane_pipeline=1 output_queue=4 async_ane=0 gpu_overlap=0 finishes=0 waits=0
ds4: Flash-MoE overlap plan layer=35 exec_groups=213 planned_ane_groups=0 planned_ane_refs=0 planned_gpu_groups=213 planned_gpu_refs=6144 tail_gpu_groups=0 tail_gpu_refs=0 planned_ssd_groups=213 est_gpu=19776.0 est_ane=0.0 est_idle=100.00% wall=110.444 ms actual_ane_groups=0 actual_ane_refs=0 actual_gpu_groups=0 actual_gpu_refs=0 finishes=0 waits=0 overlap_gpu_groups=0
ds4: Flash-MoE async pread canceled queued=0 reading=0 ready=2214 finished=0
ds4: gpu chunked prefill pos=6144 tokens=1024 layer 35 encode=126.115 ms execute=2.590 ms
ds4: Flash-MoE prefill layer=36 tokens=1024 unique=209 refs=6144 sync=40.090 ms plan=0.275 ms stage/compute=106.563 ms misses=209
ds4: Flash-MoE hybrid prefill layer=36 ane_groups=0 ane_refs=0 gpu_i8_groups=0 gpu_i8_refs=0 fp32_groups=0 ane_min_refs=512 concurrent=1 ane_pipeline=1 output_queue=4 async_ane=0 gpu_overlap=0 finishes=0 waits=0
ds4: Flash-MoE overlap plan layer=36 exec_groups=209 planned_ane_groups=0 planned_ane_refs=0 planned_gpu_groups=209 planned_gpu_refs=6144 tail_gpu_groups=0 tail_gpu_refs=0 planned_ssd_groups=209 est_gpu=19520.0 est_ane=0.0 est_idle=100.00% wall=106.192 ms actual_ane_groups=0 actual_ane_refs=0 actual_gpu_groups=0 actual_gpu_refs=0 finishes=0 waits=0 overlap_gpu_groups=0
ds4: Flash-MoE async pread canceled queued=0 reading=0 ready=2224 finished=0
ds4: gpu chunked prefill pos=6144 tokens=1024 layer 36 encode=147.210 ms execute=2.572 ms
ds4: Flash-MoE prefill layer=37 tokens=1024 unique=207 refs=6144 sync=14.575 ms plan=0.295 ms stage/compute=104.955 ms misses=207
ds4: Flash-MoE hybrid prefill layer=37 ane_groups=1 ane_refs=584 gpu_i8_groups=0 gpu_i8_refs=0 fp32_groups=0 ane_min_refs=512 concurrent=1 ane_pipeline=1 output_queue=4 async_ane=1 gpu_overlap=206 finishes=1 waits=2
ds4: Flash-MoE overlap plan layer=37 exec_groups=207 planned_ane_groups=1 planned_ane_refs=584 planned_gpu_groups=206 planned_gpu_refs=5560 tail_gpu_groups=0 tail_gpu_refs=0 planned_ssd_groups=207 est_gpu=18744.0 est_ane=167.8 est_idle=99.11% wall=104.608 ms actual_ane_groups=1 actual_ane_refs=584 actual_gpu_groups=0 actual_gpu_refs=0 finishes=1 waits=2 overlap_gpu_groups=206
ds4: Flash-MoE async pread canceled queued=0 reading=0 ready=2232 finished=0
ds4: gpu chunked prefill pos=6144 tokens=1024 layer 37 encode=120.445 ms execute=2.703 ms
ds4: Flash-MoE prefill layer=38 tokens=1024 unique=220 refs=6144 sync=40.002 ms plan=0.336 ms stage/compute=116.857 ms misses=220
ds4: Flash-MoE hybrid prefill layer=38 ane_groups=0 ane_refs=0 gpu_i8_groups=0 gpu_i8_refs=0 fp32_groups=0 ane_min_refs=512 concurrent=1 ane_pipeline=1 output_queue=4 async_ane=0 gpu_overlap=0 finishes=0 waits=0
ds4: Flash-MoE overlap plan layer=38 exec_groups=220 planned_ane_groups=0 planned_ane_refs=0 planned_gpu_groups=220 planned_gpu_refs=6144 tail_gpu_groups=0 tail_gpu_refs=0 planned_ssd_groups=220 est_gpu=20224.0 est_ane=0.0 est_idle=100.00% wall=116.463 ms actual_ane_groups=0 actual_ane_refs=0 actual_gpu_groups=0 actual_gpu_refs=0 finishes=0 waits=0 overlap_gpu_groups=0
ds4: Flash-MoE async pread canceled queued=0 reading=0 ready=2243 finished=0
ds4: gpu chunked prefill pos=6144 tokens=1024 layer 38 encode=157.459 ms execute=2.581 ms
ds4: Flash-MoE prefill layer=39 tokens=1024 unique=224 refs=6144 sync=14.471 ms plan=0.366 ms stage/compute=115.687 ms misses=224
ds4: Flash-MoE hybrid prefill layer=39 ane_groups=0 ane_refs=0 gpu_i8_groups=0 gpu_i8_refs=0 fp32_groups=0 ane_min_refs=512 concurrent=1 ane_pipeline=1 output_queue=4 async_ane=0 gpu_overlap=0 finishes=0 waits=0
ds4: Flash-MoE overlap plan layer=39 exec_groups=224 planned_ane_groups=0 planned_ane_refs=0 planned_gpu_groups=224 planned_gpu_refs=6144 tail_gpu_groups=0 tail_gpu_refs=0 planned_ssd_groups=224 est_gpu=20480.0 est_ane=0.0 est_idle=100.00% wall=115.325 ms actual_ane_groups=0 actual_ane_refs=0 actual_gpu_groups=0 actual_gpu_refs=0 finishes=0 waits=0 overlap_gpu_groups=0
ds4: Flash-MoE async pread canceled queued=0 reading=0 ready=2250 finished=0
ds4: gpu chunked prefill pos=6144 tokens=1024 layer 39 encode=131.041 ms execute=2.573 ms
ds4: Flash-MoE prefill layer=40 tokens=1024 unique=164 refs=6144 sync=40.048 ms plan=0.347 ms stage/compute=88.176 ms misses=164
ds4: Flash-MoE hybrid prefill layer=40 ane_groups=1 ane_refs=835 gpu_i8_groups=0 gpu_i8_refs=0 fp32_groups=0 ane_min_refs=512 concurrent=1 ane_pipeline=1 output_queue=4 async_ane=1 gpu_overlap=163 finishes=1 waits=2
ds4: Flash-MoE overlap plan layer=40 exec_groups=164 planned_ane_groups=1 planned_ane_refs=835 planned_gpu_groups=163 planned_gpu_refs=5309 tail_gpu_groups=0 tail_gpu_refs=0 planned_ssd_groups=164 est_gpu=15741.0 est_ane=170.3 est_idle=98.92% wall=87.880 ms actual_ane_groups=1 actual_ane_refs=835 actual_gpu_groups=0 actual_gpu_refs=0 finishes=1 waits=2 overlap_gpu_groups=163
ds4: Flash-MoE async pread canceled queued=0 reading=0 ready=2268 finished=0
ds4: gpu chunked prefill pos=6144 tokens=1024 layer 40 encode=128.822 ms execute=2.623 ms
ds4: Flash-MoE prefill layer=41 tokens=1024 unique=180 refs=6144 sync=14.513 ms plan=0.324 ms stage/compute=99.517 ms misses=180
ds4: Flash-MoE hybrid prefill layer=41 ane_groups=0 ane_refs=0 gpu_i8_groups=0 gpu_i8_refs=0 fp32_groups=0 ane_min_refs=512 concurrent=1 ane_pipeline=1 output_queue=4 async_ane=0 gpu_overlap=0 finishes=0 waits=0
ds4: Flash-MoE overlap plan layer=41 exec_groups=180 planned_ane_groups=0 planned_ane_refs=0 planned_gpu_groups=180 planned_gpu_refs=6144 tail_gpu_groups=0 tail_gpu_refs=0 planned_ssd_groups=180 est_gpu=17664.0 est_ane=0.0 est_idle=100.00% wall=99.177 ms actual_ane_groups=0 actual_ane_refs=0 actual_gpu_groups=0 actual_gpu_refs=0 finishes=0 waits=0 overlap_gpu_groups=0
ds4: Flash-MoE async pread canceled queued=0 reading=0 ready=2284 finished=0
ds4: gpu chunked prefill pos=6144 tokens=1024 layer 41 encode=114.891 ms execute=2.573 ms
ds4: Flash-MoE prefill layer=42 tokens=1024 unique=194 refs=6144 sync=40.573 ms plan=0.304 ms stage/compute=103.359 ms misses=194
ds4: Flash-MoE hybrid prefill layer=42 ane_groups=1 ane_refs=544 gpu_i8_groups=0 gpu_i8_refs=0 fp32_groups=0 ane_min_refs=512 concurrent=1 ane_pipeline=1 output_queue=4 async_ane=1 gpu_overlap=193 finishes=1 waits=2
ds4: Flash-MoE overlap plan layer=42 exec_groups=194 planned_ane_groups=1 planned_ane_refs=544 planned_gpu_groups=193 planned_gpu_refs=5600 tail_gpu_groups=0 tail_gpu_refs=0 planned_ssd_groups=194 est_gpu=17952.0 est_ane=167.8 est_idle=99.07% wall=103.027 ms actual_ane_groups=1 actual_ane_refs=544 actual_gpu_groups=0 actual_gpu_refs=0 finishes=1 waits=2 overlap_gpu_groups=193
ds4: Flash-MoE async pread canceled queued=0 reading=0 ready=2295 finished=0
ds4: gpu chunked prefill pos=6144 tokens=1024 layer 42 encode=144.530 ms execute=2.404 ms
processing 8423 input tokens: 7168/8423 (85.1%) batch=164.06 t/s avg=166.91 t/s
ds4: Flash-MoE prefill layer=0 tokens=1024 unique=256 refs=6144 sync=12.099 ms plan=0.270 ms stage/compute=146.409 ms misses=256
ds4: Flash-MoE hybrid prefill layer=0 ane_groups=0 ane_refs=0 gpu_i8_groups=0 gpu_i8_refs=0 fp32_groups=0 ane_min_refs=512 concurrent=1 ane_pipeline=1 output_queue=4 async_ane=0 gpu_overlap=0 finishes=0 waits=0
ds4: Flash-MoE overlap plan layer=0 exec_groups=256 planned_ane_groups=0 planned_ane_refs=0 planned_gpu_groups=256 planned_gpu_refs=6144 tail_gpu_groups=0 tail_gpu_refs=0 planned_ssd_groups=256 est_gpu=22528.0 est_ane=0.0 est_idle=100.00% wall=146.026 ms actual_ane_groups=0 actual_ane_refs=0 actual_gpu_groups=0 actual_gpu_refs=0 finishes=0 waits=0 overlap_gpu_groups=0
ds4: Flash-MoE async pread canceled queued=0 reading=0 ready=2295 finished=0
ds4: gpu chunked prefill pos=7168 tokens=1024 layer 0 encode=159.181 ms execute=2.670 ms
ds4: Flash-MoE prefill layer=1 tokens=1024 unique=256 refs=6144 sync=12.591 ms plan=0.249 ms stage/compute=147.661 ms misses=256
ds4: Flash-MoE hybrid prefill layer=1 ane_groups=0 ane_refs=0 gpu_i8_groups=0 gpu_i8_refs=0 fp32_groups=0 ane_min_refs=512 concurrent=1 ane_pipeline=1 output_queue=4 async_ane=0 gpu_overlap=0 finishes=0 waits=0
ds4: Flash-MoE overlap plan layer=1 exec_groups=256 planned_ane_groups=0 planned_ane_refs=0 planned_gpu_groups=256 planned_gpu_refs=6144 tail_gpu_groups=0 tail_gpu_refs=0 planned_ssd_groups=256 est_gpu=22528.0 est_ane=0.0 est_idle=100.00% wall=147.263 ms actual_ane_groups=0 actual_ane_refs=0 actual_gpu_groups=0 actual_gpu_refs=0 finishes=0 waits=0 overlap_gpu_groups=0
ds4: Flash-MoE async pread canceled queued=0 reading=0 ready=2295 finished=0
ds4: gpu chunked prefill pos=7168 tokens=1024 layer 1 encode=161.097 ms execute=2.711 ms
ds4: Flash-MoE prefill layer=2 tokens=1024 unique=256 refs=6144 sync=40.891 ms plan=0.277 ms stage/compute=146.847 ms misses=256
ds4: Flash-MoE hybrid prefill layer=2 ane_groups=0 ane_refs=0 gpu_i8_groups=0 gpu_i8_refs=0 fp32_groups=0 ane_min_refs=512 concurrent=1 ane_pipeline=1 output_queue=4 async_ane=0 gpu_overlap=0 finishes=0 waits=0
ds4: Flash-MoE overlap plan layer=2 exec_groups=256 planned_ane_groups=0 planned_ane_refs=0 planned_gpu_groups=256 planned_gpu_refs=6144 tail_gpu_groups=0 tail_gpu_refs=0 planned_ssd_groups=256 est_gpu=22528.0 est_ane=0.0 est_idle=100.00% wall=146.454 ms actual_ane_groups=0 actual_ane_refs=0 actual_gpu_groups=0 actual_gpu_refs=0 finishes=0 waits=0 overlap_gpu_groups=0
ds4: Flash-MoE async pread canceled queued=0 reading=0 ready=2295 finished=0
ds4: gpu chunked prefill pos=7168 tokens=1024 layer 2 encode=188.488 ms execute=2.605 ms
ds4: Flash-MoE prefill layer=3 tokens=1024 unique=238 refs=6144 sync=14.569 ms plan=0.353 ms stage/compute=126.552 ms misses=238
ds4: Flash-MoE hybrid prefill layer=3 ane_groups=0 ane_refs=0 gpu_i8_groups=0 gpu_i8_refs=0 fp32_groups=0 ane_min_refs=512 concurrent=1 ane_pipeline=1 output_queue=4 async_ane=0 gpu_overlap=0 finishes=0 waits=0
ds4: Flash-MoE overlap plan layer=3 exec_groups=238 planned_ane_groups=0 planned_ane_refs=0 planned_gpu_groups=238 planned_gpu_refs=6144 tail_gpu_groups=0 tail_gpu_refs=0 planned_ssd_groups=238 est_gpu=21376.0 est_ane=0.0 est_idle=100.00% wall=126.157 ms actual_ane_groups=0 actual_ane_refs=0 actual_gpu_groups=0 actual_gpu_refs=0 finishes=0 waits=0 overlap_gpu_groups=0
ds4: Flash-MoE async pread canceled queued=0 reading=0 ready=2300 finished=0
ds4: gpu chunked prefill pos=7168 tokens=1024 layer 3 encode=142.043 ms execute=2.587 ms
ds4: Flash-MoE prefill layer=4 tokens=1024 unique=218 refs=6144 sync=41.119 ms plan=0.297 ms stage/compute=114.756 ms misses=218
ds4: Flash-MoE hybrid prefill layer=4 ane_groups=0 ane_refs=0 gpu_i8_groups=0 gpu_i8_refs=0 fp32_groups=0 ane_min_refs=512 concurrent=1 ane_pipeline=1 output_queue=4 async_ane=0 gpu_overlap=0 finishes=0 waits=0
ds4: Flash-MoE overlap plan layer=4 exec_groups=218 planned_ane_groups=0 planned_ane_refs=0 planned_gpu_groups=218 planned_gpu_refs=6144 tail_gpu_groups=0 tail_gpu_refs=0 planned_ssd_groups=218 est_gpu=20096.0 est_ane=0.0 est_idle=100.00% wall=114.404 ms actual_ane_groups=0 actual_ane_refs=0 actual_gpu_groups=0 actual_gpu_refs=0 finishes=0 waits=0 overlap_gpu_groups=0
ds4: Flash-MoE async pread canceled queued=0 reading=0 ready=2309 finished=0
ds4: gpu chunked prefill pos=7168 tokens=1024 layer 4 encode=156.481 ms execute=2.594 ms
ds4: Flash-MoE prefill layer=5 tokens=1024 unique=242 refs=6144 sync=14.541 ms plan=0.291 ms stage/compute=124.066 ms misses=242
ds4: Flash-MoE hybrid prefill layer=5 ane_groups=0 ane_refs=0 gpu_i8_groups=0 gpu_i8_refs=0 fp32_groups=0 ane_min_refs=512 concurrent=1 ane_pipeline=1 output_queue=4 async_ane=0 gpu_overlap=0 finishes=0 waits=0
ds4: Flash-MoE overlap plan layer=5 exec_groups=242 planned_ane_groups=0 planned_ane_refs=0 planned_gpu_groups=242 planned_gpu_refs=6144 tail_gpu_groups=0 tail_gpu_refs=0 planned_ssd_groups=242 est_gpu=21632.0 est_ane=0.0 est_idle=100.00% wall=123.691 ms actual_ane_groups=0 actual_ane_refs=0 actual_gpu_groups=0 actual_gpu_refs=0 finishes=0 waits=0 overlap_gpu_groups=0
ds4: Flash-MoE async pread canceled queued=0 reading=0 ready=2312 finished=0
ds4: gpu chunked prefill pos=7168 tokens=1024 layer 5 encode=139.453 ms execute=2.594 ms
ds4: Flash-MoE prefill layer=6 tokens=1024 unique=225 refs=6144 sync=41.141 ms plan=0.355 ms stage/compute=119.243 ms misses=225
ds4: Flash-MoE hybrid prefill layer=6 ane_groups=0 ane_refs=0 gpu_i8_groups=0 gpu_i8_refs=0 fp32_groups=0 ane_min_refs=512 concurrent=1 ane_pipeline=1 output_queue=4 async_ane=0 gpu_overlap=0 finishes=0 waits=0
ds4: Flash-MoE overlap plan layer=6 exec_groups=225 planned_ane_groups=0 planned_ane_refs=0 planned_gpu_groups=225 planned_gpu_refs=6144 tail_gpu_groups=0 tail_gpu_refs=0 planned_ssd_groups=225 est_gpu=20544.0 est_ane=0.0 est_idle=100.00% wall=118.898 ms actual_ane_groups=0 actual_ane_refs=0 actual_gpu_groups=0 actual_gpu_refs=0 finishes=0 waits=0 overlap_gpu_groups=0
ds4: Flash-MoE async pread canceled queued=0 reading=0 ready=2316 finished=0
ds4: gpu chunked prefill pos=7168 tokens=1024 layer 6 encode=161.052 ms execute=2.570 ms
ds4: Flash-MoE prefill layer=7 tokens=1024 unique=222 refs=6144 sync=14.534 ms plan=0.296 ms stage/compute=112.918 ms misses=222
ds4: Flash-MoE hybrid prefill layer=7 ane_groups=0 ane_refs=0 gpu_i8_groups=0 gpu_i8_refs=0 fp32_groups=0 ane_min_refs=512 concurrent=1 ane_pipeline=1 output_queue=4 async_ane=0 gpu_overlap=0 finishes=0 waits=0
ds4: Flash-MoE overlap plan layer=7 exec_groups=222 planned_ane_groups=0 planned_ane_refs=0 planned_gpu_groups=222 planned_gpu_refs=6144 tail_gpu_groups=0 tail_gpu_refs=0 planned_ssd_groups=222 est_gpu=20352.0 est_ane=0.0 est_idle=100.00% wall=112.563 ms actual_ane_groups=0 actual_ane_refs=0 actual_gpu_groups=0 actual_gpu_refs=0 finishes=0 waits=0 overlap_gpu_groups=0
ds4: Flash-MoE async pread canceled queued=0 reading=0 ready=2322 finished=0
ds4: gpu chunked prefill pos=7168 tokens=1024 layer 7 encode=128.256 ms execute=2.582 ms
ds4: Flash-MoE prefill layer=8 tokens=1024 unique=218 refs=6144 sync=41.564 ms plan=0.306 ms stage/compute=114.570 ms misses=218
ds4: Flash-MoE hybrid prefill layer=8 ane_groups=0 ane_refs=0 gpu_i8_groups=0 gpu_i8_refs=0 fp32_groups=0 ane_min_refs=512 concurrent=1 ane_pipeline=1 output_queue=4 async_ane=0 gpu_overlap=0 finishes=0 waits=0
ds4: Flash-MoE overlap plan layer=8 exec_groups=218 planned_ane_groups=0 planned_ane_refs=0 planned_gpu_groups=218 planned_gpu_refs=6144 tail_gpu_groups=0 tail_gpu_refs=0 planned_ssd_groups=218 est_gpu=20096.0 est_ane=0.0 est_idle=100.00% wall=114.223 ms actual_ane_groups=0 actual_ane_refs=0 actual_gpu_groups=0 actual_gpu_refs=0 finishes=0 waits=0 overlap_gpu_groups=0
ds4: Flash-MoE async pread canceled queued=0 reading=0 ready=2329 finished=0
ds4: gpu chunked prefill pos=7168 tokens=1024 layer 8 encode=156.719 ms execute=2.595 ms
ds4: Flash-MoE prefill layer=9 tokens=1024 unique=232 refs=6144 sync=14.522 ms plan=0.399 ms stage/compute=119.807 ms misses=232
ds4: Flash-MoE hybrid prefill layer=9 ane_groups=0 ane_refs=0 gpu_i8_groups=0 gpu_i8_refs=0 fp32_groups=0 ane_min_refs=512 concurrent=1 ane_pipeline=1 output_queue=4 async_ane=0 gpu_overlap=0 finishes=0 waits=0
ds4: Flash-MoE overlap plan layer=9 exec_groups=232 planned_ane_groups=0 planned_ane_refs=0 planned_gpu_groups=232 planned_gpu_refs=6144 tail_gpu_groups=0 tail_gpu_refs=0 planned_ssd_groups=232 est_gpu=20992.0 est_ane=0.0 est_idle=100.00% wall=119.407 ms actual_ane_groups=0 actual_ane_refs=0 actual_gpu_groups=0 actual_gpu_refs=0 finishes=0 waits=0 overlap_gpu_groups=0
ds4: Flash-MoE async pread canceled queued=0 reading=0 ready=2331 finished=0
ds4: gpu chunked prefill pos=7168 tokens=1024 layer 9 encode=135.319 ms execute=2.577 ms
ds4: Flash-MoE prefill layer=10 tokens=1024 unique=223 refs=6144 sync=41.362 ms plan=0.280 ms stage/compute=115.748 ms misses=223
ds4: Flash-MoE hybrid prefill layer=10 ane_groups=0 ane_refs=0 gpu_i8_groups=0 gpu_i8_refs=0 fp32_groups=0 ane_min_refs=512 concurrent=1 ane_pipeline=1 output_queue=4 async_ane=0 gpu_overlap=0 finishes=0 waits=0
ds4: Flash-MoE overlap plan layer=10 exec_groups=223 planned_ane_groups=0 planned_ane_refs=0 planned_gpu_groups=223 planned_gpu_refs=6144 tail_gpu_groups=0 tail_gpu_refs=0 planned_ssd_groups=223 est_gpu=20416.0 est_ane=0.0 est_idle=100.00% wall=115.372 ms actual_ane_groups=0 actual_ane_refs=0 actual_gpu_groups=0 actual_gpu_refs=0 finishes=0 waits=0 overlap_gpu_groups=0
ds4: Flash-MoE async pread canceled queued=0 reading=0 ready=2339 finished=0
ds4: gpu chunked prefill pos=7168 tokens=1024 layer 10 encode=157.655 ms execute=2.562 ms
ds4: Flash-MoE prefill layer=11 tokens=1024 unique=233 refs=6144 sync=14.443 ms plan=0.285 ms stage/compute=116.044 ms misses=233
ds4: Flash-MoE hybrid prefill layer=11 ane_groups=0 ane_refs=0 gpu_i8_groups=0 gpu_i8_refs=0 fp32_groups=0 ane_min_refs=512 concurrent=1 ane_pipeline=1 output_queue=4 async_ane=0 gpu_overlap=0 finishes=0 waits=0
ds4: Flash-MoE overlap plan layer=11 exec_groups=233 planned_ane_groups=0 planned_ane_refs=0 planned_gpu_groups=233 planned_gpu_refs=6144 tail_gpu_groups=0 tail_gpu_refs=0 planned_ssd_groups=233 est_gpu=21056.0 est_ane=0.0 est_idle=100.00% wall=115.663 ms actual_ane_groups=0 actual_ane_refs=0 actual_gpu_groups=0 actual_gpu_refs=0 finishes=0 waits=0 overlap_gpu_groups=0
ds4: Flash-MoE async pread canceled queued=0 reading=0 ready=2344 finished=0
ds4: gpu chunked prefill pos=7168 tokens=1024 layer 11 encode=131.303 ms execute=2.570 ms
ds4: Flash-MoE prefill layer=12 tokens=1024 unique=196 refs=6144 sync=41.304 ms plan=0.365 ms stage/compute=105.688 ms misses=196
ds4: Flash-MoE hybrid prefill layer=12 ane_groups=0 ane_refs=0 gpu_i8_groups=0 gpu_i8_refs=0 fp32_groups=0 ane_min_refs=512 concurrent=1 ane_pipeline=1 output_queue=4 async_ane=0 gpu_overlap=0 finishes=0 waits=0
ds4: Flash-MoE overlap plan layer=12 exec_groups=196 planned_ane_groups=0 planned_ane_refs=0 planned_gpu_groups=196 planned_gpu_refs=6144 tail_gpu_groups=0 tail_gpu_refs=0 planned_ssd_groups=196 est_gpu=18688.0 est_ane=0.0 est_idle=100.00% wall=105.347 ms actual_ane_groups=0 actual_ane_refs=0 actual_gpu_groups=0 actual_gpu_refs=0 finishes=0 waits=0 overlap_gpu_groups=0
ds4: Flash-MoE async pread canceled queued=0 reading=0 ready=2358 finished=0
ds4: gpu chunked prefill pos=7168 tokens=1024 layer 12 encode=147.609 ms execute=2.588 ms
ds4: Flash-MoE prefill layer=13 tokens=1024 unique=218 refs=6144 sync=14.525 ms plan=0.262 ms stage/compute=108.571 ms misses=218
ds4: Flash-MoE hybrid prefill layer=13 ane_groups=0 ane_refs=0 gpu_i8_groups=0 gpu_i8_refs=0 fp32_groups=0 ane_min_refs=512 concurrent=1 ane_pipeline=1 output_queue=4 async_ane=0 gpu_overlap=0 finishes=0 waits=0
ds4: Flash-MoE overlap plan layer=13 exec_groups=218 planned_ane_groups=0 planned_ane_refs=0 planned_gpu_groups=218 planned_gpu_refs=6144 tail_gpu_groups=0 tail_gpu_refs=0 planned_ssd_groups=218 est_gpu=20096.0 est_ane=0.0 est_idle=100.00% wall=108.211 ms actual_ane_groups=0 actual_ane_refs=0 actual_gpu_groups=0 actual_gpu_refs=0 finishes=0 waits=0 overlap_gpu_groups=0
ds4: Flash-MoE async pread canceled queued=0 reading=0 ready=2364 finished=0
ds4: gpu chunked prefill pos=7168 tokens=1024 layer 13 encode=123.921 ms execute=2.670 ms
ds4: Flash-MoE prefill layer=14 tokens=1024 unique=220 refs=6144 sync=40.875 ms plan=0.276 ms stage/compute=110.202 ms misses=220
ds4: Flash-MoE hybrid prefill layer=14 ane_groups=0 ane_refs=0 gpu_i8_groups=0 gpu_i8_refs=0 fp32_groups=0 ane_min_refs=512 concurrent=1 ane_pipeline=1 output_queue=4 async_ane=0 gpu_overlap=0 finishes=0 waits=0
ds4: Flash-MoE overlap plan layer=14 exec_groups=220 planned_ane_groups=0 planned_ane_refs=0 planned_gpu_groups=220 planned_gpu_refs=6144 tail_gpu_groups=0 tail_gpu_refs=0 planned_ssd_groups=220 est_gpu=20224.0 est_ane=0.0 est_idle=100.00% wall=109.835 ms actual_ane_groups=0 actual_ane_refs=0 actual_gpu_groups=0 actual_gpu_refs=0 finishes=0 waits=0 overlap_gpu_groups=0
ds4: Flash-MoE async pread canceled queued=0 reading=0 ready=2370 finished=0
ds4: gpu chunked prefill pos=7168 tokens=1024 layer 14 encode=151.638 ms execute=2.612 ms
ds4: Flash-MoE prefill layer=15 tokens=1024 unique=207 refs=6144 sync=14.538 ms plan=0.285 ms stage/compute=104.203 ms misses=207
ds4: Flash-MoE hybrid prefill layer=15 ane_groups=0 ane_refs=0 gpu_i8_groups=0 gpu_i8_refs=0 fp32_groups=0 ane_min_refs=512 concurrent=1 ane_pipeline=1 output_queue=4 async_ane=0 gpu_overlap=0 finishes=0 waits=0
ds4: Flash-MoE overlap plan layer=15 exec_groups=207 planned_ane_groups=0 planned_ane_refs=0 planned_gpu_groups=207 planned_gpu_refs=6144 tail_gpu_groups=0 tail_gpu_refs=0 planned_ssd_groups=207 est_gpu=19392.0 est_ane=0.0 est_idle=100.00% wall=103.832 ms actual_ane_groups=0 actual_ane_refs=0 actual_gpu_groups=0 actual_gpu_refs=0 finishes=0 waits=0 overlap_gpu_groups=0
ds4: Flash-MoE async pread canceled queued=0 reading=0 ready=2377 finished=0
ds4: gpu chunked prefill pos=7168 tokens=1024 layer 15 encode=119.563 ms execute=2.584 ms
ds4: Flash-MoE prefill layer=16 tokens=1024 unique=202 refs=6144 sync=41.423 ms plan=0.373 ms stage/compute=105.130 ms misses=202
ds4: Flash-MoE hybrid prefill layer=16 ane_groups=0 ane_refs=0 gpu_i8_groups=0 gpu_i8_refs=0 fp32_groups=0 ane_min_refs=512 concurrent=1 ane_pipeline=1 output_queue=4 async_ane=0 gpu_overlap=0 finishes=0 waits=0
ds4: Flash-MoE overlap plan layer=16 exec_groups=202 planned_ane_groups=0 planned_ane_refs=0 planned_gpu_groups=202 planned_gpu_refs=6144 tail_gpu_groups=0 tail_gpu_refs=0 planned_ssd_groups=202 est_gpu=19072.0 est_ane=0.0 est_idle=100.00% wall=104.794 ms actual_ane_groups=0 actual_ane_refs=0 actual_gpu_groups=0 actual_gpu_refs=0 finishes=0 waits=0 overlap_gpu_groups=0
ds4: Flash-MoE async pread canceled queued=0 reading=0 ready=2389 finished=0
ds4: gpu chunked prefill pos=7168 tokens=1024 layer 16 encode=147.199 ms execute=2.574 ms
ds4: Flash-MoE prefill layer=17 tokens=1024 unique=212 refs=6144 sync=14.498 ms plan=0.313 ms stage/compute=107.923 ms misses=212
ds4: Flash-MoE hybrid prefill layer=17 ane_groups=0 ane_refs=0 gpu_i8_groups=0 gpu_i8_refs=0 fp32_groups=0 ane_min_refs=512 concurrent=1 ane_pipeline=1 output_queue=4 async_ane=0 gpu_overlap=0 finishes=0 waits=0
ds4: Flash-MoE overlap plan layer=17 exec_groups=212 planned_ane_groups=0 planned_ane_refs=0 planned_gpu_groups=212 planned_gpu_refs=6144 tail_gpu_groups=0 tail_gpu_refs=0 planned_ssd_groups=212 est_gpu=19712.0 est_ane=0.0 est_idle=100.00% wall=107.586 ms actual_ane_groups=0 actual_ane_refs=0 actual_gpu_groups=0 actual_gpu_refs=0 finishes=0 waits=0 overlap_gpu_groups=0
ds4: Flash-MoE async pread canceled queued=0 reading=0 ready=2402 finished=0
ds4: gpu chunked prefill pos=7168 tokens=1024 layer 17 encode=123.245 ms execute=2.710 ms
ds4: Flash-MoE prefill layer=18 tokens=1024 unique=195 refs=6144 sync=40.914 ms plan=0.284 ms stage/compute=100.260 ms misses=195
ds4: Flash-MoE hybrid prefill layer=18 ane_groups=0 ane_refs=0 gpu_i8_groups=0 gpu_i8_refs=0 fp32_groups=0 ane_min_refs=512 concurrent=1 ane_pipeline=1 output_queue=4 async_ane=0 gpu_overlap=0 finishes=0 waits=0
ds4: Flash-MoE overlap plan layer=18 exec_groups=195 planned_ane_groups=0 planned_ane_refs=0 planned_gpu_groups=195 planned_gpu_refs=6144 tail_gpu_groups=0 tail_gpu_refs=0 planned_ssd_groups=195 est_gpu=18624.0 est_ane=0.0 est_idle=100.00% wall=99.935 ms actual_ane_groups=0 actual_ane_refs=0 actual_gpu_groups=0 actual_gpu_refs=0 finishes=0 waits=0 overlap_gpu_groups=0
ds4: Flash-MoE async pread canceled queued=0 reading=0 ready=2420 finished=0
ds4: gpu chunked prefill pos=7168 tokens=1024 layer 18 encode=141.727 ms execute=2.562 ms
ds4: Flash-MoE prefill layer=19 tokens=1024 unique=225 refs=6144 sync=14.496 ms plan=0.278 ms stage/compute=119.545 ms misses=225
ds4: Flash-MoE hybrid prefill layer=19 ane_groups=0 ane_refs=0 gpu_i8_groups=0 gpu_i8_refs=0 fp32_groups=0 ane_min_refs=512 concurrent=1 ane_pipeline=1 output_queue=4 async_ane=0 gpu_overlap=0 finishes=0 waits=0
ds4: Flash-MoE overlap plan layer=19 exec_groups=225 planned_ane_groups=0 planned_ane_refs=0 planned_gpu_groups=225 planned_gpu_refs=6144 tail_gpu_groups=0 tail_gpu_refs=0 planned_ssd_groups=225 est_gpu=20544.0 est_ane=0.0 est_idle=100.00% wall=119.197 ms actual_ane_groups=0 actual_ane_refs=0 actual_gpu_groups=0 actual_gpu_refs=0 finishes=0 waits=0 overlap_gpu_groups=0
ds4: Flash-MoE async pread canceled queued=0 reading=0 ready=2423 finished=0
ds4: gpu chunked prefill pos=7168 tokens=1024 layer 19 encode=134.832 ms execute=2.652 ms
ds4: Flash-MoE prefill layer=20 tokens=1024 unique=198 refs=6144 sync=40.869 ms plan=0.264 ms stage/compute=103.081 ms misses=198
ds4: Flash-MoE hybrid prefill layer=20 ane_groups=0 ane_refs=0 gpu_i8_groups=0 gpu_i8_refs=0 fp32_groups=0 ane_min_refs=512 concurrent=1 ane_pipeline=1 output_queue=4 async_ane=0 gpu_overlap=0 finishes=0 waits=0
ds4: Flash-MoE overlap plan layer=20 exec_groups=198 planned_ane_groups=0 planned_ane_refs=0 planned_gpu_groups=198 planned_gpu_refs=6144 tail_gpu_groups=0 tail_gpu_refs=0 planned_ssd_groups=198 est_gpu=18816.0 est_ane=0.0 est_idle=100.00% wall=102.712 ms actual_ane_groups=0 actual_ane_refs=0 actual_gpu_groups=0 actual_gpu_refs=0 finishes=0 waits=0 overlap_gpu_groups=0
ds4: Flash-MoE async pread canceled queued=0 reading=0 ready=2440 finished=0
ds4: gpu chunked prefill pos=7168 tokens=1024 layer 20 encode=144.486 ms execute=2.592 ms
ds4: Flash-MoE prefill layer=21 tokens=1024 unique=209 refs=6144 sync=14.413 ms plan=0.279 ms stage/compute=109.561 ms misses=209
ds4: Flash-MoE hybrid prefill layer=21 ane_groups=0 ane_refs=0 gpu_i8_groups=0 gpu_i8_refs=0 fp32_groups=0 ane_min_refs=512 concurrent=1 ane_pipeline=1 output_queue=4 async_ane=0 gpu_overlap=0 finishes=0 waits=0
ds4: Flash-MoE overlap plan layer=21 exec_groups=209 planned_ane_groups=0 planned_ane_refs=0 planned_gpu_groups=209 planned_gpu_refs=6144 tail_gpu_groups=0 tail_gpu_refs=0 planned_ssd_groups=209 est_gpu=19520.0 est_ane=0.0 est_idle=100.00% wall=109.188 ms actual_ane_groups=0 actual_ane_refs=0 actual_gpu_groups=0 actual_gpu_refs=0 finishes=0 waits=0 overlap_gpu_groups=0
ds4: Flash-MoE async pread canceled queued=0 reading=0 ready=2450 finished=0
ds4: gpu chunked prefill pos=7168 tokens=1024 layer 21 encode=124.851 ms execute=2.584 ms
ds4: Flash-MoE prefill layer=22 tokens=1024 unique=208 refs=6144 sync=40.865 ms plan=0.356 ms stage/compute=110.700 ms misses=208
ds4: Flash-MoE hybrid prefill layer=22 ane_groups=0 ane_refs=0 gpu_i8_groups=0 gpu_i8_refs=0 fp32_groups=0 ane_min_refs=512 concurrent=1 ane_pipeline=1 output_queue=4 async_ane=0 gpu_overlap=0 finishes=0 waits=0
ds4: Flash-MoE overlap plan layer=22 exec_groups=208 planned_ane_groups=0 planned_ane_refs=0 planned_gpu_groups=208 planned_gpu_refs=6144 tail_gpu_groups=0 tail_gpu_refs=0 planned_ssd_groups=208 est_gpu=19456.0 est_ane=0.0 est_idle=100.00% wall=110.343 ms actual_ane_groups=0 actual_ane_refs=0 actual_gpu_groups=0 actual_gpu_refs=0 finishes=0 waits=0 overlap_gpu_groups=0
ds4: Flash-MoE async pread canceled queued=0 reading=0 ready=2457 finished=0
ds4: gpu chunked prefill pos=7168 tokens=1024 layer 22 encode=152.193 ms execute=2.656 ms
ds4: Flash-MoE prefill layer=23 tokens=1024 unique=215 refs=6144 sync=14.375 ms plan=0.338 ms stage/compute=114.394 ms misses=215
ds4: Flash-MoE hybrid prefill layer=23 ane_groups=0 ane_refs=0 gpu_i8_groups=0 gpu_i8_refs=0 fp32_groups=0 ane_min_refs=512 concurrent=1 ane_pipeline=1 output_queue=4 async_ane=0 gpu_overlap=0 finishes=0 waits=0
ds4: Flash-MoE overlap plan layer=23 exec_groups=215 planned_ane_groups=0 planned_ane_refs=0 planned_gpu_groups=215 planned_gpu_refs=6144 tail_gpu_groups=0 tail_gpu_refs=0 planned_ssd_groups=215 est_gpu=19904.0 est_ane=0.0 est_idle=100.00% wall=114.049 ms actual_ane_groups=0 actual_ane_refs=0 actual_gpu_groups=0 actual_gpu_refs=0 finishes=0 waits=0 overlap_gpu_groups=0
ds4: Flash-MoE async pread canceled queued=0 reading=0 ready=2463 finished=0
ds4: gpu chunked prefill pos=7168 tokens=1024 layer 23 encode=129.635 ms execute=2.585 ms
ds4: Flash-MoE prefill layer=24 tokens=1024 unique=208 refs=6144 sync=40.767 ms plan=0.297 ms stage/compute=114.379 ms misses=208
ds4: Flash-MoE hybrid prefill layer=24 ane_groups=0 ane_refs=0 gpu_i8_groups=0 gpu_i8_refs=0 fp32_groups=0 ane_min_refs=512 concurrent=1 ane_pipeline=1 output_queue=4 async_ane=0 gpu_overlap=0 finishes=0 waits=0
ds4: Flash-MoE overlap plan layer=24 exec_groups=208 planned_ane_groups=0 planned_ane_refs=0 planned_gpu_groups=208 planned_gpu_refs=6144 tail_gpu_groups=0 tail_gpu_refs=0 planned_ssd_groups=208 est_gpu=19456.0 est_ane=0.0 est_idle=100.00% wall=114.026 ms actual_ane_groups=0 actual_ane_refs=0 actual_gpu_groups=0 actual_gpu_refs=0 finishes=0 waits=0 overlap_gpu_groups=0
ds4: Flash-MoE async pread canceled queued=0 reading=0 ready=2468 finished=0
ds4: gpu chunked prefill pos=7168 tokens=1024 layer 24 encode=155.699 ms execute=2.699 ms
ds4: Flash-MoE prefill layer=25 tokens=1024 unique=223 refs=6144 sync=14.431 ms plan=0.305 ms stage/compute=117.652 ms misses=223
ds4: Flash-MoE hybrid prefill layer=25 ane_groups=0 ane_refs=0 gpu_i8_groups=0 gpu_i8_refs=0 fp32_groups=0 ane_min_refs=512 concurrent=1 ane_pipeline=1 output_queue=4 async_ane=0 gpu_overlap=0 finishes=0 waits=0
ds4: Flash-MoE overlap plan layer=25 exec_groups=223 planned_ane_groups=0 planned_ane_refs=0 planned_gpu_groups=223 planned_gpu_refs=6144 tail_gpu_groups=0 tail_gpu_refs=0 planned_ssd_groups=223 est_gpu=20416.0 est_ane=0.0 est_idle=100.00% wall=117.253 ms actual_ane_groups=0 actual_ane_refs=0 actual_gpu_groups=0 actual_gpu_refs=0 finishes=0 waits=0 overlap_gpu_groups=0
ds4: Flash-MoE async pread canceled queued=0 reading=0 ready=2477 finished=0
ds4: gpu chunked prefill pos=7168 tokens=1024 layer 25 encode=132.949 ms execute=2.574 ms
ds4: Flash-MoE prefill layer=26 tokens=1024 unique=207 refs=6144 sync=40.760 ms plan=0.297 ms stage/compute=106.371 ms misses=207
ds4: Flash-MoE hybrid prefill layer=26 ane_groups=0 ane_refs=0 gpu_i8_groups=0 gpu_i8_refs=0 fp32_groups=0 ane_min_refs=512 concurrent=1 ane_pipeline=1 output_queue=4 async_ane=0 gpu_overlap=0 finishes=0 waits=0
ds4: Flash-MoE overlap plan layer=26 exec_groups=207 planned_ane_groups=0 planned_ane_refs=0 planned_gpu_groups=207 planned_gpu_refs=6144 tail_gpu_groups=0 tail_gpu_refs=0 planned_ssd_groups=207 est_gpu=19392.0 est_ane=0.0 est_idle=100.00% wall=106.029 ms actual_ane_groups=0 actual_ane_refs=0 actual_gpu_groups=0 actual_gpu_refs=0 finishes=0 waits=0 overlap_gpu_groups=0
ds4: Flash-MoE async pread canceled queued=0 reading=0 ready=2484 finished=0
ds4: gpu chunked prefill pos=7168 tokens=1024 layer 26 encode=147.702 ms execute=2.565 ms
ds4: Flash-MoE prefill layer=27 tokens=1024 unique=217 refs=6144 sync=14.513 ms plan=0.280 ms stage/compute=113.975 ms misses=217
ds4: Flash-MoE hybrid prefill layer=27 ane_groups=0 ane_refs=0 gpu_i8_groups=0 gpu_i8_refs=0 fp32_groups=0 ane_min_refs=512 concurrent=1 ane_pipeline=1 output_queue=4 async_ane=0 gpu_overlap=0 finishes=0 waits=0
ds4: Flash-MoE overlap plan layer=27 exec_groups=217 planned_ane_groups=0 planned_ane_refs=0 planned_gpu_groups=217 planned_gpu_refs=6144 tail_gpu_groups=0 tail_gpu_refs=0 planned_ssd_groups=217 est_gpu=20032.0 est_ane=0.0 est_idle=100.00% wall=113.628 ms actual_ane_groups=0 actual_ane_refs=0 actual_gpu_groups=0 actual_gpu_refs=0 finishes=0 waits=0 overlap_gpu_groups=0
ds4: Flash-MoE async pread canceled queued=0 reading=0 ready=2489 finished=0
ds4: gpu chunked prefill pos=7168 tokens=1024 layer 27 encode=129.370 ms execute=2.574 ms
ds4: Flash-MoE prefill layer=28 tokens=1024 unique=213 refs=6144 sync=40.786 ms plan=0.340 ms stage/compute=112.074 ms misses=213
ds4: Flash-MoE hybrid prefill layer=28 ane_groups=0 ane_refs=0 gpu_i8_groups=0 gpu_i8_refs=0 fp32_groups=0 ane_min_refs=512 concurrent=1 ane_pipeline=1 output_queue=4 async_ane=0 gpu_overlap=0 finishes=0 waits=0
ds4: Flash-MoE overlap plan layer=28 exec_groups=213 planned_ane_groups=0 planned_ane_refs=0 planned_gpu_groups=213 planned_gpu_refs=6144 tail_gpu_groups=0 tail_gpu_refs=0 planned_ssd_groups=213 est_gpu=19776.0 est_ane=0.0 est_idle=100.00% wall=111.710 ms actual_ane_groups=0 actual_ane_refs=0 actual_gpu_groups=0 actual_gpu_refs=0 finishes=0 waits=0 overlap_gpu_groups=0
ds4: Flash-MoE async pread canceled queued=0 reading=0 ready=2497 finished=0
ds4: gpu chunked prefill pos=7168 tokens=1024 layer 28 encode=153.468 ms execute=2.629 ms
ds4: Flash-MoE prefill layer=29 tokens=1024 unique=212 refs=6144 sync=14.435 ms plan=0.325 ms stage/compute=109.118 ms misses=212
ds4: Flash-MoE hybrid prefill layer=29 ane_groups=0 ane_refs=0 gpu_i8_groups=0 gpu_i8_refs=0 fp32_groups=0 ane_min_refs=512 concurrent=1 ane_pipeline=1 output_queue=4 async_ane=0 gpu_overlap=0 finishes=0 waits=0
ds4: Flash-MoE overlap plan layer=29 exec_groups=212 planned_ane_groups=0 planned_ane_refs=0 planned_gpu_groups=212 planned_gpu_refs=6144 tail_gpu_groups=0 tail_gpu_refs=0 planned_ssd_groups=212 est_gpu=19712.0 est_ane=0.0 est_idle=100.00% wall=108.781 ms actual_ane_groups=0 actual_ane_refs=0 actual_gpu_groups=0 actual_gpu_refs=0 finishes=0 waits=0 overlap_gpu_groups=0
ds4: Flash-MoE async pread canceled queued=0 reading=0 ready=2507 finished=0
ds4: gpu chunked prefill pos=7168 tokens=1024 layer 29 encode=124.412 ms execute=2.602 ms
ds4: Flash-MoE prefill layer=30 tokens=1024 unique=211 refs=6144 sync=41.015 ms plan=0.351 ms stage/compute=111.725 ms misses=211
ds4: Flash-MoE hybrid prefill layer=30 ane_groups=0 ane_refs=0 gpu_i8_groups=0 gpu_i8_refs=0 fp32_groups=0 ane_min_refs=512 concurrent=1 ane_pipeline=1 output_queue=4 async_ane=0 gpu_overlap=0 finishes=0 waits=0
ds4: Flash-MoE overlap plan layer=30 exec_groups=211 planned_ane_groups=0 planned_ane_refs=0 planned_gpu_groups=211 planned_gpu_refs=6144 tail_gpu_groups=0 tail_gpu_refs=0 planned_ssd_groups=211 est_gpu=19648.0 est_ane=0.0 est_idle=100.00% wall=111.379 ms actual_ane_groups=0 actual_ane_refs=0 actual_gpu_groups=0 actual_gpu_refs=0 finishes=0 waits=0 overlap_gpu_groups=0
ds4: Flash-MoE async pread canceled queued=0 reading=0 ready=2516 finished=0
ds4: gpu chunked prefill pos=7168 tokens=1024 layer 30 encode=153.363 ms execute=2.583 ms
ds4: Flash-MoE prefill layer=31 tokens=1024 unique=208 refs=6144 sync=14.535 ms plan=0.307 ms stage/compute=108.303 ms misses=208
ds4: Flash-MoE hybrid prefill layer=31 ane_groups=0 ane_refs=0 gpu_i8_groups=0 gpu_i8_refs=0 fp32_groups=0 ane_min_refs=512 concurrent=1 ane_pipeline=1 output_queue=4 async_ane=0 gpu_overlap=0 finishes=0 waits=0
ds4: Flash-MoE overlap plan layer=31 exec_groups=208 planned_ane_groups=0 planned_ane_refs=0 planned_gpu_groups=208 planned_gpu_refs=6144 tail_gpu_groups=0 tail_gpu_refs=0 planned_ssd_groups=208 est_gpu=19456.0 est_ane=0.0 est_idle=100.00% wall=107.946 ms actual_ane_groups=0 actual_ane_refs=0 actual_gpu_groups=0 actual_gpu_refs=0 finishes=0 waits=0 overlap_gpu_groups=0
ds4: Flash-MoE async pread canceled queued=0 reading=0 ready=2526 finished=0
ds4: gpu chunked prefill pos=7168 tokens=1024 layer 31 encode=123.690 ms execute=2.568 ms
ds4: Flash-MoE prefill layer=32 tokens=1024 unique=214 refs=6144 sync=41.412 ms plan=0.357 ms stage/compute=111.706 ms misses=214
ds4: Flash-MoE hybrid prefill layer=32 ane_groups=0 ane_refs=0 gpu_i8_groups=0 gpu_i8_refs=0 fp32_groups=0 ane_min_refs=512 concurrent=1 ane_pipeline=1 output_queue=4 async_ane=0 gpu_overlap=0 finishes=0 waits=0
ds4: Flash-MoE overlap plan layer=32 exec_groups=214 planned_ane_groups=0 planned_ane_refs=0 planned_gpu_groups=214 planned_gpu_refs=6144 tail_gpu_groups=0 tail_gpu_refs=0 planned_ssd_groups=214 est_gpu=19840.0 est_ane=0.0 est_idle=100.00% wall=111.357 ms actual_ane_groups=0 actual_ane_refs=0 actual_gpu_groups=0 actual_gpu_refs=0 finishes=0 waits=0 overlap_gpu_groups=0
ds4: Flash-MoE async pread canceled queued=0 reading=0 ready=2535 finished=0
ds4: gpu chunked prefill pos=7168 tokens=1024 layer 32 encode=153.748 ms execute=2.598 ms
ds4: Flash-MoE prefill layer=33 tokens=1024 unique=209 refs=6144 sync=14.390 ms plan=0.319 ms stage/compute=108.740 ms misses=209
ds4: Flash-MoE hybrid prefill layer=33 ane_groups=0 ane_refs=0 gpu_i8_groups=0 gpu_i8_refs=0 fp32_groups=0 ane_min_refs=512 concurrent=1 ane_pipeline=1 output_queue=4 async_ane=0 gpu_overlap=0 finishes=0 waits=0
ds4: Flash-MoE overlap plan layer=33 exec_groups=209 planned_ane_groups=0 planned_ane_refs=0 planned_gpu_groups=209 planned_gpu_refs=6144 tail_gpu_groups=0 tail_gpu_refs=0 planned_ssd_groups=209 est_gpu=19520.0 est_ane=0.0 est_idle=100.00% wall=108.392 ms actual_ane_groups=0 actual_ane_refs=0 actual_gpu_groups=0 actual_gpu_refs=0 finishes=0 waits=0 overlap_gpu_groups=0
ds4: Flash-MoE async pread canceled queued=0 reading=0 ready=2545 finished=0
ds4: gpu chunked prefill pos=7168 tokens=1024 layer 33 encode=123.930 ms execute=2.620 ms
ds4: Flash-MoE prefill layer=34 tokens=1024 unique=207 refs=6144 sync=41.563 ms plan=0.302 ms stage/compute=106.689 ms misses=207
ds4: Flash-MoE hybrid prefill layer=34 ane_groups=0 ane_refs=0 gpu_i8_groups=0 gpu_i8_refs=0 fp32_groups=0 ane_min_refs=512 concurrent=1 ane_pipeline=1 output_queue=4 async_ane=0 gpu_overlap=0 finishes=0 waits=0
ds4: Flash-MoE overlap plan layer=34 exec_groups=207 planned_ane_groups=0 planned_ane_refs=0 planned_gpu_groups=207 planned_gpu_refs=6144 tail_gpu_groups=0 tail_gpu_refs=0 planned_ssd_groups=207 est_gpu=19392.0 est_ane=0.0 est_idle=100.00% wall=106.341 ms actual_ane_groups=0 actual_ane_refs=0 actual_gpu_groups=0 actual_gpu_refs=0 finishes=0 waits=0 overlap_gpu_groups=0
ds4: Flash-MoE async pread canceled queued=0 reading=0 ready=2553 finished=0
ds4: gpu chunked prefill pos=7168 tokens=1024 layer 34 encode=148.889 ms execute=2.564 ms
ds4: Flash-MoE prefill layer=35 tokens=1024 unique=213 refs=6144 sync=14.416 ms plan=0.329 ms stage/compute=110.275 ms misses=213
ds4: Flash-MoE hybrid prefill layer=35 ane_groups=0 ane_refs=0 gpu_i8_groups=0 gpu_i8_refs=0 fp32_groups=0 ane_min_refs=512 concurrent=1 ane_pipeline=1 output_queue=4 async_ane=0 gpu_overlap=0 finishes=0 waits=0
ds4: Flash-MoE overlap plan layer=35 exec_groups=213 planned_ane_groups=0 planned_ane_refs=0 planned_gpu_groups=213 planned_gpu_refs=6144 tail_gpu_groups=0 tail_gpu_refs=0 planned_ssd_groups=213 est_gpu=19776.0 est_ane=0.0 est_idle=100.00% wall=109.925 ms actual_ane_groups=0 actual_ane_refs=0 actual_gpu_groups=0 actual_gpu_refs=0 finishes=0 waits=0 overlap_gpu_groups=0
ds4: Flash-MoE async pread canceled queued=0 reading=0 ready=2564 finished=0
ds4: gpu chunked prefill pos=7168 tokens=1024 layer 35 encode=125.560 ms execute=2.573 ms
ds4: Flash-MoE prefill layer=36 tokens=1024 unique=214 refs=6144 sync=40.757 ms plan=0.308 ms stage/compute=109.342 ms misses=214
ds4: Flash-MoE hybrid prefill layer=36 ane_groups=0 ane_refs=0 gpu_i8_groups=0 gpu_i8_refs=0 fp32_groups=0 ane_min_refs=512 concurrent=1 ane_pipeline=1 output_queue=4 async_ane=0 gpu_overlap=0 finishes=0 waits=0
ds4: Flash-MoE overlap plan layer=36 exec_groups=214 planned_ane_groups=0 planned_ane_refs=0 planned_gpu_groups=214 planned_gpu_refs=6144 tail_gpu_groups=0 tail_gpu_refs=0 planned_ssd_groups=214 est_gpu=19840.0 est_ane=0.0 est_idle=100.00% wall=108.993 ms actual_ane_groups=0 actual_ane_refs=0 actual_gpu_groups=0 actual_gpu_refs=0 finishes=0 waits=0 overlap_gpu_groups=0
ds4: Flash-MoE async pread canceled queued=0 reading=0 ready=2573 finished=0
ds4: gpu chunked prefill pos=7168 tokens=1024 layer 36 encode=150.679 ms execute=2.575 ms
ds4: Flash-MoE prefill layer=37 tokens=1024 unique=209 refs=6144 sync=14.564 ms plan=0.353 ms stage/compute=106.014 ms misses=209
ds4: Flash-MoE hybrid prefill layer=37 ane_groups=1 ane_refs=576 gpu_i8_groups=0 gpu_i8_refs=0 fp32_groups=0 ane_min_refs=512 concurrent=1 ane_pipeline=1 output_queue=4 async_ane=1 gpu_overlap=208 finishes=1 waits=2
ds4: Flash-MoE overlap plan layer=37 exec_groups=209 planned_ane_groups=1 planned_ane_refs=576 planned_gpu_groups=208 planned_gpu_refs=5568 tail_gpu_groups=0 tail_gpu_refs=0 planned_ssd_groups=209 est_gpu=18880.0 est_ane=167.8 est_idle=99.11% wall=105.665 ms actual_ane_groups=1 actual_ane_refs=576 actual_gpu_groups=0 actual_gpu_refs=0 finishes=1 waits=2 overlap_gpu_groups=208
ds4: Flash-MoE async pread canceled queued=0 reading=0 ready=2580 finished=0
ds4: gpu chunked prefill pos=7168 tokens=1024 layer 37 encode=121.471 ms execute=2.688 ms
ds4: Flash-MoE prefill layer=38 tokens=1024 unique=221 refs=6144 sync=40.767 ms plan=0.344 ms stage/compute=113.893 ms misses=221
ds4: Flash-MoE hybrid prefill layer=38 ane_groups=0 ane_refs=0 gpu_i8_groups=0 gpu_i8_refs=0 fp32_groups=0 ane_min_refs=512 concurrent=1 ane_pipeline=1 output_queue=4 async_ane=0 gpu_overlap=0 finishes=0 waits=0
ds4: Flash-MoE overlap plan layer=38 exec_groups=221 planned_ane_groups=0 planned_ane_refs=0 planned_gpu_groups=221 planned_gpu_refs=6144 tail_gpu_groups=0 tail_gpu_refs=0 planned_ssd_groups=221 est_gpu=20288.0 est_ane=0.0 est_idle=100.00% wall=113.536 ms actual_ane_groups=0 actual_ane_refs=0 actual_gpu_groups=0 actual_gpu_refs=0 finishes=0 waits=0 overlap_gpu_groups=0
ds4: Flash-MoE async pread canceled queued=0 reading=0 ready=2589 finished=0
ds4: gpu chunked prefill pos=7168 tokens=1024 layer 38 encode=155.301 ms execute=2.591 ms
ds4: Flash-MoE prefill layer=39 tokens=1024 unique=216 refs=6144 sync=14.421 ms plan=0.307 ms stage/compute=112.286 ms misses=216
ds4: Flash-MoE hybrid prefill layer=39 ane_groups=0 ane_refs=0 gpu_i8_groups=0 gpu_i8_refs=0 fp32_groups=0 ane_min_refs=512 concurrent=1 ane_pipeline=1 output_queue=4 async_ane=0 gpu_overlap=0 finishes=0 waits=0
ds4: Flash-MoE overlap plan layer=39 exec_groups=216 planned_ane_groups=0 planned_ane_refs=0 planned_gpu_groups=216 planned_gpu_refs=6144 tail_gpu_groups=0 tail_gpu_refs=0 planned_ssd_groups=216 est_gpu=19968.0 est_ane=0.0 est_idle=100.00% wall=111.944 ms actual_ane_groups=0 actual_ane_refs=0 actual_gpu_groups=0 actual_gpu_refs=0 finishes=0 waits=0 overlap_gpu_groups=0
ds4: Flash-MoE async pread canceled queued=0 reading=0 ready=2597 finished=0
ds4: gpu chunked prefill pos=7168 tokens=1024 layer 39 encode=127.547 ms execute=2.579 ms
ds4: Flash-MoE prefill layer=40 tokens=1024 unique=160 refs=6144 sync=40.689 ms plan=0.338 ms stage/compute=86.687 ms misses=160
ds4: Flash-MoE hybrid prefill layer=40 ane_groups=1 ane_refs=835 gpu_i8_groups=0 gpu_i8_refs=0 fp32_groups=0 ane_min_refs=512 concurrent=1 ane_pipeline=1 output_queue=4 async_ane=1 gpu_overlap=159 finishes=1 waits=2
ds4: Flash-MoE overlap plan layer=40 exec_groups=160 planned_ane_groups=1 planned_ane_refs=835 planned_gpu_groups=159 planned_gpu_refs=5309 tail_gpu_groups=0 tail_gpu_refs=0 planned_ssd_groups=160 est_gpu=15485.0 est_ane=170.3 est_idle=98.90% wall=86.382 ms actual_ane_groups=1 actual_ane_refs=835 actual_gpu_groups=0 actual_gpu_refs=0 finishes=1 waits=2 overlap_gpu_groups=159
ds4: Flash-MoE async pread canceled queued=0 reading=0 ready=2615 finished=0
ds4: gpu chunked prefill pos=7168 tokens=1024 layer 40 encode=127.979 ms execute=2.614 ms
ds4: Flash-MoE prefill layer=41 tokens=1024 unique=180 refs=6144 sync=14.421 ms plan=0.324 ms stage/compute=99.443 ms misses=180
ds4: Flash-MoE hybrid prefill layer=41 ane_groups=0 ane_refs=0 gpu_i8_groups=0 gpu_i8_refs=0 fp32_groups=0 ane_min_refs=512 concurrent=1 ane_pipeline=1 output_queue=4 async_ane=0 gpu_overlap=0 finishes=0 waits=0
ds4: Flash-MoE overlap plan layer=41 exec_groups=180 planned_ane_groups=0 planned_ane_refs=0 planned_gpu_groups=180 planned_gpu_refs=6144 tail_gpu_groups=0 tail_gpu_refs=0 planned_ssd_groups=180 est_gpu=17664.0 est_ane=0.0 est_idle=100.00% wall=99.133 ms actual_ane_groups=0 actual_ane_refs=0 actual_gpu_groups=0 actual_gpu_refs=0 finishes=0 waits=0 overlap_gpu_groups=0
ds4: Flash-MoE async pread canceled queued=0 reading=0 ready=2630 finished=0
ds4: gpu chunked prefill pos=7168 tokens=1024 layer 41 encode=114.770 ms execute=2.638 ms
ds4: Flash-MoE prefill layer=42 tokens=1024 unique=197 refs=6144 sync=40.820 ms plan=0.332 ms stage/compute=104.201 ms misses=197
ds4: Flash-MoE hybrid prefill layer=42 ane_groups=1 ane_refs=541 gpu_i8_groups=0 gpu_i8_refs=0 fp32_groups=0 ane_min_refs=512 concurrent=1 ane_pipeline=1 output_queue=4 async_ane=1 gpu_overlap=196 finishes=1 waits=2
ds4: Flash-MoE overlap plan layer=42 exec_groups=197 planned_ane_groups=1 planned_ane_refs=541 planned_gpu_groups=196 planned_gpu_refs=5603 tail_gpu_groups=0 tail_gpu_refs=0 planned_ssd_groups=197 est_gpu=18147.0 est_ane=167.8 est_idle=99.08% wall=103.875 ms actual_ane_groups=1 actual_ane_refs=541 actual_gpu_groups=0 actual_gpu_refs=0 finishes=1 waits=2 overlap_gpu_groups=196
ds4: Flash-MoE async pread canceled queued=0 reading=0 ready=2643 finished=0
ds4: gpu chunked prefill pos=7168 tokens=1024 layer 42 encode=145.626 ms execute=2.410 ms
processing 8423 input tokens: 8192/8423 (97.3%) batch=165.46 t/s avg=166.73 t/s
ds4: Flash-MoE prefill layer=0 tokens=231 unique=251 refs=1386 sync=4.949 ms plan=0.395 ms stage/compute=88.938 ms misses=251
ds4: Flash-MoE hybrid prefill layer=0 ane_groups=0 ane_refs=0 gpu_i8_groups=0 gpu_i8_refs=0 fp32_groups=0 ane_min_refs=512 concurrent=1 ane_pipeline=1 output_queue=4 async_ane=0 gpu_overlap=0 finishes=0 waits=0
ds4: Flash-MoE overlap plan layer=0 exec_groups=251 planned_ane_groups=0 planned_ane_refs=0 planned_gpu_groups=251 planned_gpu_refs=1386 tail_gpu_groups=0 tail_gpu_refs=0 planned_ssd_groups=251 est_gpu=17450.0 est_ane=0.0 est_idle=100.00% wall=88.630 ms actual_ane_groups=0 actual_ane_refs=0 actual_gpu_groups=0 actual_gpu_refs=0 finishes=0 waits=0 overlap_gpu_groups=0
ds4: Flash-MoE async pread canceled queued=0 reading=0 ready=2643 finished=0
ds4: gpu chunked prefill pos=8192 tokens=231 layer 0 encode=94.660 ms execute=1.077 ms
ds4: Flash-MoE prefill layer=1 tokens=231 unique=254 refs=1386 sync=4.655 ms plan=0.331 ms stage/compute=89.024 ms misses=254
ds4: Flash-MoE hybrid prefill layer=1 ane_groups=0 ane_refs=0 gpu_i8_groups=0 gpu_i8_refs=0 fp32_groups=0 ane_min_refs=512 concurrent=1 ane_pipeline=1 output_queue=4 async_ane=0 gpu_overlap=0 finishes=0 waits=0
ds4: Flash-MoE overlap plan layer=1 exec_groups=254 planned_ane_groups=0 planned_ane_refs=0 planned_gpu_groups=254 planned_gpu_refs=1386 tail_gpu_groups=0 tail_gpu_refs=0 planned_ssd_groups=254 est_gpu=17642.0 est_ane=0.0 est_idle=100.00% wall=88.708 ms actual_ane_groups=0 actual_ane_refs=0 actual_gpu_groups=0 actual_gpu_refs=0 finishes=0 waits=0 overlap_gpu_groups=0
ds4: Flash-MoE async pread canceled queued=0 reading=0 ready=2643 finished=0
ds4: gpu chunked prefill pos=8192 tokens=231 layer 1 encode=94.253 ms execute=0.928 ms
ds4: Flash-MoE prefill layer=2 tokens=231 unique=252 refs=1386 sync=14.750 ms plan=0.278 ms stage/compute=87.709 ms misses=252
ds4: Flash-MoE hybrid prefill layer=2 ane_groups=0 ane_refs=0 gpu_i8_groups=0 gpu_i8_refs=0 fp32_groups=0 ane_min_refs=512 concurrent=1 ane_pipeline=1 output_queue=4 async_ane=0 gpu_overlap=0 finishes=0 waits=0
ds4: Flash-MoE overlap plan layer=2 exec_groups=252 planned_ane_groups=0 planned_ane_refs=0 planned_gpu_groups=252 planned_gpu_refs=1386 tail_gpu_groups=0 tail_gpu_refs=0 planned_ssd_groups=252 est_gpu=17514.0 est_ane=0.0 est_idle=100.00% wall=87.424 ms actual_ane_groups=0 actual_ane_refs=0 actual_gpu_groups=0 actual_gpu_refs=0 finishes=0 waits=0 overlap_gpu_groups=0
ds4: Flash-MoE async pread canceled queued=0 reading=0 ready=2643 finished=0
ds4: gpu chunked prefill pos=8192 tokens=231 layer 2 encode=104.104 ms execute=0.935 ms
ds4: Flash-MoE prefill layer=3 tokens=231 unique=192 refs=1386 sync=5.589 ms plan=0.335 ms stage/compute=69.605 ms misses=192
ds4: Flash-MoE hybrid prefill layer=3 ane_groups=0 ane_refs=0 gpu_i8_groups=0 gpu_i8_refs=0 fp32_groups=0 ane_min_refs=512 concurrent=1 ane_pipeline=1 output_queue=4 async_ane=0 gpu_overlap=0 finishes=0 waits=0
ds4: Flash-MoE overlap plan layer=3 exec_groups=192 planned_ane_groups=0 planned_ane_refs=0 planned_gpu_groups=192 planned_gpu_refs=1386 tail_gpu_groups=0 tail_gpu_refs=0 planned_ssd_groups=192 est_gpu=13674.0 est_ane=0.0 est_idle=100.00% wall=69.369 ms actual_ane_groups=0 actual_ane_refs=0 actual_gpu_groups=0 actual_gpu_refs=0 finishes=0 waits=0 overlap_gpu_groups=0
ds4: Flash-MoE async pread canceled queued=0 reading=0 ready=2656 finished=0
ds4: gpu chunked prefill pos=8192 tokens=231 layer 3 encode=76.107 ms execute=0.950 ms
ds4: Flash-MoE prefill layer=4 tokens=231 unique=185 refs=1386 sync=14.951 ms plan=0.299 ms stage/compute=69.013 ms misses=185
ds4: Flash-MoE hybrid prefill layer=4 ane_groups=0 ane_refs=0 gpu_i8_groups=0 gpu_i8_refs=0 fp32_groups=0 ane_min_refs=512 concurrent=1 ane_pipeline=1 output_queue=4 async_ane=0 gpu_overlap=0 finishes=0 waits=0
ds4: Flash-MoE overlap plan layer=4 exec_groups=185 planned_ane_groups=0 planned_ane_refs=0 planned_gpu_groups=185 planned_gpu_refs=1386 tail_gpu_groups=0 tail_gpu_refs=0 planned_ssd_groups=185 est_gpu=13226.0 est_ane=0.0 est_idle=100.00% wall=68.791 ms actual_ane_groups=0 actual_ane_refs=0 actual_gpu_groups=0 actual_gpu_refs=0 finishes=0 waits=0 overlap_gpu_groups=0
ds4: Flash-MoE async pread canceled queued=0 reading=0 ready=2666 finished=0
ds4: gpu chunked prefill pos=8192 tokens=231 layer 4 encode=85.288 ms execute=0.915 ms
ds4: Flash-MoE prefill layer=5 tokens=231 unique=196 refs=1386 sync=5.572 ms plan=0.270 ms stage/compute=73.033 ms misses=196
ds4: Flash-MoE hybrid prefill layer=5 ane_groups=0 ane_refs=0 gpu_i8_groups=0 gpu_i8_refs=0 fp32_groups=0 ane_min_refs=512 concurrent=1 ane_pipeline=1 output_queue=4 async_ane=0 gpu_overlap=0 finishes=0 waits=0
ds4: Flash-MoE overlap plan layer=5 exec_groups=196 planned_ane_groups=0 planned_ane_refs=0 planned_gpu_groups=196 planned_gpu_refs=1386 tail_gpu_groups=0 tail_gpu_refs=0 planned_ssd_groups=196 est_gpu=13930.0 est_ane=0.0 est_idle=100.00% wall=72.802 ms actual_ane_groups=0 actual_ane_refs=0 actual_gpu_groups=0 actual_gpu_refs=0 finishes=0 waits=0 overlap_gpu_groups=0
ds4: Flash-MoE async pread canceled queued=0 reading=0 ready=2678 finished=0
ds4: gpu chunked prefill pos=8192 tokens=231 layer 5 encode=79.383 ms execute=1.126 ms
ds4: Flash-MoE prefill layer=6 tokens=231 unique=193 refs=1386 sync=14.759 ms plan=0.301 ms stage/compute=71.508 ms misses=193
ds4: Flash-MoE hybrid prefill layer=6 ane_groups=0 ane_refs=0 gpu_i8_groups=0 gpu_i8_refs=0 fp32_groups=0 ane_min_refs=512 concurrent=1 ane_pipeline=1 output_queue=4 async_ane=0 gpu_overlap=0 finishes=0 waits=0
ds4: Flash-MoE overlap plan layer=6 exec_groups=193 planned_ane_groups=0 planned_ane_refs=0 planned_gpu_groups=193 planned_gpu_refs=1386 tail_gpu_groups=0 tail_gpu_refs=0 planned_ssd_groups=193 est_gpu=13738.0 est_ane=0.0 est_idle=100.00% wall=71.273 ms actual_ane_groups=0 actual_ane_refs=0 actual_gpu_groups=0 actual_gpu_refs=0 finishes=0 waits=0 overlap_gpu_groups=0
ds4: Flash-MoE async pread canceled queued=0 reading=0 ready=2690 finished=0
ds4: gpu chunked prefill pos=8192 tokens=231 layer 6 encode=87.923 ms execute=0.977 ms
ds4: Flash-MoE prefill layer=7 tokens=231 unique=183 refs=1386 sync=5.535 ms plan=0.303 ms stage/compute=68.940 ms misses=183
ds4: Flash-MoE hybrid prefill layer=7 ane_groups=0 ane_refs=0 gpu_i8_groups=0 gpu_i8_refs=0 fp32_groups=0 ane_min_refs=512 concurrent=1 ane_pipeline=1 output_queue=4 async_ane=0 gpu_overlap=0 finishes=0 waits=0
ds4: Flash-MoE overlap plan layer=7 exec_groups=183 planned_ane_groups=0 planned_ane_refs=0 planned_gpu_groups=183 planned_gpu_refs=1386 tail_gpu_groups=0 tail_gpu_refs=0 planned_ssd_groups=183 est_gpu=13098.0 est_ane=0.0 est_idle=100.00% wall=68.722 ms actual_ane_groups=0 actual_ane_refs=0 actual_gpu_groups=0 actual_gpu_refs=0 finishes=0 waits=0 overlap_gpu_groups=0
ds4: Flash-MoE async pread canceled queued=0 reading=0 ready=2701 finished=0
ds4: gpu chunked prefill pos=8192 tokens=231 layer 7 encode=75.276 ms execute=0.915 ms
ds4: Flash-MoE prefill layer=8 tokens=231 unique=172 refs=1386 sync=14.618 ms plan=0.346 ms stage/compute=69.405 ms misses=172
ds4: Flash-MoE hybrid prefill layer=8 ane_groups=0 ane_refs=0 gpu_i8_groups=0 gpu_i8_refs=0 fp32_groups=0 ane_min_refs=512 concurrent=1 ane_pipeline=1 output_queue=4 async_ane=0 gpu_overlap=0 finishes=0 waits=0
ds4: Flash-MoE overlap plan layer=8 exec_groups=172 planned_ane_groups=0 planned_ane_refs=0 planned_gpu_groups=172 planned_gpu_refs=1386 tail_gpu_groups=0 tail_gpu_refs=0 planned_ssd_groups=172 est_gpu=12394.0 est_ane=0.0 est_idle=100.00% wall=69.198 ms actual_ane_groups=0 actual_ane_refs=0 actual_gpu_groups=0 actual_gpu_refs=0 finishes=0 waits=0 overlap_gpu_groups=0
ds4: Flash-MoE async pread canceled queued=0 reading=0 ready=2715 finished=0
ds4: gpu chunked prefill pos=8192 tokens=231 layer 8 encode=85.366 ms execute=0.978 ms
ds4: Flash-MoE prefill layer=9 tokens=231 unique=192 refs=1386 sync=5.635 ms plan=0.324 ms stage/compute=72.742 ms misses=192
ds4: Flash-MoE hybrid prefill layer=9 ane_groups=0 ane_refs=0 gpu_i8_groups=0 gpu_i8_refs=0 fp32_groups=0 ane_min_refs=512 concurrent=1 ane_pipeline=1 output_queue=4 async_ane=0 gpu_overlap=0 finishes=0 waits=0
ds4: Flash-MoE overlap plan layer=9 exec_groups=192 planned_ane_groups=0 planned_ane_refs=0 planned_gpu_groups=192 planned_gpu_refs=1386 tail_gpu_groups=0 tail_gpu_refs=0 planned_ssd_groups=192 est_gpu=13674.0 est_ane=0.0 est_idle=100.00% wall=72.514 ms actual_ane_groups=0 actual_ane_refs=0 actual_gpu_groups=0 actual_gpu_refs=0 finishes=0 waits=0 overlap_gpu_groups=0
ds4: Flash-MoE async pread canceled queued=0 reading=0 ready=2726 finished=0
ds4: gpu chunked prefill pos=8192 tokens=231 layer 9 encode=79.256 ms execute=0.988 ms
ds4: Flash-MoE prefill layer=10 tokens=231 unique=177 refs=1386 sync=14.779 ms plan=0.309 ms stage/compute=68.195 ms misses=177
ds4: Flash-MoE hybrid prefill layer=10 ane_groups=0 ane_refs=0 gpu_i8_groups=0 gpu_i8_refs=0 fp32_groups=0 ane_min_refs=512 concurrent=1 ane_pipeline=1 output_queue=4 async_ane=0 gpu_overlap=0 finishes=0 waits=0
ds4: Flash-MoE overlap plan layer=10 exec_groups=177 planned_ane_groups=0 planned_ane_refs=0 planned_gpu_groups=177 planned_gpu_refs=1386 tail_gpu_groups=0 tail_gpu_refs=0 planned_ssd_groups=177 est_gpu=12714.0 est_ane=0.0 est_idle=100.00% wall=67.985 ms actual_ane_groups=0 actual_ane_refs=0 actual_gpu_groups=0 actual_gpu_refs=0 finishes=0 waits=0 overlap_gpu_groups=0
ds4: Flash-MoE async pread canceled queued=0 reading=0 ready=2742 finished=0
ds4: gpu chunked prefill pos=8192 tokens=231 layer 10 encode=84.686 ms execute=0.930 ms
ds4: Flash-MoE prefill layer=11 tokens=231 unique=179 refs=1386 sync=5.547 ms plan=0.318 ms stage/compute=69.468 ms misses=179
ds4: Flash-MoE hybrid prefill layer=11 ane_groups=0 ane_refs=0 gpu_i8_groups=0 gpu_i8_refs=0 fp32_groups=0 ane_min_refs=512 concurrent=1 ane_pipeline=1 output_queue=4 async_ane=0 gpu_overlap=0 finishes=0 waits=0
ds4: Flash-MoE overlap plan layer=11 exec_groups=179 planned_ane_groups=0 planned_ane_refs=0 planned_gpu_groups=179 planned_gpu_refs=1386 tail_gpu_groups=0 tail_gpu_refs=0 planned_ssd_groups=179 est_gpu=12842.0 est_ane=0.0 est_idle=100.00% wall=69.249 ms actual_ane_groups=0 actual_ane_refs=0 actual_gpu_groups=0 actual_gpu_refs=0 finishes=0 waits=0 overlap_gpu_groups=0
ds4: Flash-MoE async pread canceled queued=0 reading=0 ready=2754 finished=0
ds4: gpu chunked prefill pos=8192 tokens=231 layer 11 encode=75.831 ms execute=0.941 ms
ds4: Flash-MoE prefill layer=12 tokens=231 unique=154 refs=1386 sync=14.659 ms plan=0.295 ms stage/compute=60.979 ms misses=154
ds4: Flash-MoE hybrid prefill layer=12 ane_groups=0 ane_refs=0 gpu_i8_groups=0 gpu_i8_refs=0 fp32_groups=0 ane_min_refs=512 concurrent=1 ane_pipeline=1 output_queue=4 async_ane=0 gpu_overlap=0 finishes=0 waits=0
ds4: Flash-MoE overlap plan layer=12 exec_groups=154 planned_ane_groups=0 planned_ane_refs=0 planned_gpu_groups=154 planned_gpu_refs=1386 tail_gpu_groups=0 tail_gpu_refs=0 planned_ssd_groups=154 est_gpu=11242.0 est_ane=0.0 est_idle=100.00% wall=60.791 ms actual_ane_groups=0 actual_ane_refs=0 actual_gpu_groups=0 actual_gpu_refs=0 finishes=0 waits=0 overlap_gpu_groups=0
ds4: Flash-MoE async pread canceled queued=0 reading=0 ready=2771 finished=0
ds4: gpu chunked prefill pos=8192 tokens=231 layer 12 encode=76.909 ms execute=0.945 ms
ds4: Flash-MoE prefill layer=13 tokens=231 unique=167 refs=1386 sync=5.549 ms plan=0.353 ms stage/compute=63.682 ms misses=167
ds4: Flash-MoE hybrid prefill layer=13 ane_groups=0 ane_refs=0 gpu_i8_groups=0 gpu_i8_refs=0 fp32_groups=0 ane_min_refs=512 concurrent=1 ane_pipeline=1 output_queue=4 async_ane=0 gpu_overlap=0 finishes=0 waits=0
ds4: Flash-MoE overlap plan layer=13 exec_groups=167 planned_ane_groups=0 planned_ane_refs=0 planned_gpu_groups=167 planned_gpu_refs=1386 tail_gpu_groups=0 tail_gpu_refs=0 planned_ssd_groups=167 est_gpu=12074.0 est_ane=0.0 est_idle=100.00% wall=63.475 ms actual_ane_groups=0 actual_ane_refs=0 actual_gpu_groups=0 actual_gpu_refs=0 finishes=0 waits=0 overlap_gpu_groups=0
ds4: Flash-MoE async pread canceled queued=0 reading=0 ready=2784 finished=0
ds4: gpu chunked prefill pos=8192 tokens=231 layer 13 encode=70.114 ms execute=0.955 ms
ds4: Flash-MoE prefill layer=14 tokens=231 unique=170 refs=1386 sync=14.928 ms plan=0.312 ms stage/compute=64.412 ms misses=170
ds4: Flash-MoE hybrid prefill layer=14 ane_groups=0 ane_refs=0 gpu_i8_groups=0 gpu_i8_refs=0 fp32_groups=0 ane_min_refs=512 concurrent=1 ane_pipeline=1 output_queue=4 async_ane=0 gpu_overlap=0 finishes=0 waits=0
ds4: Flash-MoE overlap plan layer=14 exec_groups=170 planned_ane_groups=0 planned_ane_refs=0 planned_gpu_groups=170 planned_gpu_refs=1386 tail_gpu_groups=0 tail_gpu_refs=0 planned_ssd_groups=170 est_gpu=12266.0 est_ane=0.0 est_idle=100.00% wall=64.216 ms actual_ane_groups=0 actual_ane_refs=0 actual_gpu_groups=0 actual_gpu_refs=0 finishes=0 waits=0 overlap_gpu_groups=0
ds4: Flash-MoE async pread canceled queued=0 reading=0 ready=2797 finished=0
ds4: gpu chunked prefill pos=8192 tokens=231 layer 14 encode=80.741 ms execute=0.978 ms
ds4: Flash-MoE prefill layer=15 tokens=231 unique=147 refs=1386 sync=5.624 ms plan=0.331 ms stage/compute=57.310 ms misses=147
ds4: Flash-MoE hybrid prefill layer=15 ane_groups=0 ane_refs=0 gpu_i8_groups=0 gpu_i8_refs=0 fp32_groups=0 ane_min_refs=512 concurrent=1 ane_pipeline=1 output_queue=4 async_ane=0 gpu_overlap=0 finishes=0 waits=0
ds4: Flash-MoE overlap plan layer=15 exec_groups=147 planned_ane_groups=0 planned_ane_refs=0 planned_gpu_groups=147 planned_gpu_refs=1386 tail_gpu_groups=0 tail_gpu_refs=0 planned_ssd_groups=147 est_gpu=10794.0 est_ane=0.0 est_idle=100.00% wall=57.130 ms actual_ane_groups=0 actual_ane_refs=0 actual_gpu_groups=0 actual_gpu_refs=0 finishes=0 waits=0 overlap_gpu_groups=0
ds4: Flash-MoE async pread canceled queued=0 reading=0 ready=2822 finished=0
ds4: gpu chunked prefill pos=8192 tokens=231 layer 15 encode=63.798 ms execute=0.925 ms
ds4: Flash-MoE prefill layer=16 tokens=231 unique=163 refs=1386 sync=14.669 ms plan=0.321 ms stage/compute=62.491 ms misses=163
ds4: Flash-MoE hybrid prefill layer=16 ane_groups=0 ane_refs=0 gpu_i8_groups=0 gpu_i8_refs=0 fp32_groups=0 ane_min_refs=512 concurrent=1 ane_pipeline=1 output_queue=4 async_ane=0 gpu_overlap=0 finishes=0 waits=0
ds4: Flash-MoE overlap plan layer=16 exec_groups=163 planned_ane_groups=0 planned_ane_refs=0 planned_gpu_groups=163 planned_gpu_refs=1386 tail_gpu_groups=0 tail_gpu_refs=0 planned_ssd_groups=163 est_gpu=11818.0 est_ane=0.0 est_idle=100.00% wall=62.290 ms actual_ane_groups=0 actual_ane_refs=0 actual_gpu_groups=0 actual_gpu_refs=0 finishes=0 waits=0 overlap_gpu_groups=0
ds4: Flash-MoE async pread canceled queued=0 reading=0 ready=2841 finished=0
ds4: gpu chunked prefill pos=8192 tokens=231 layer 16 encode=78.540 ms execute=0.932 ms
ds4: Flash-MoE prefill layer=17 tokens=231 unique=170 refs=1386 sync=5.529 ms plan=0.294 ms stage/compute=65.332 ms misses=170
ds4: Flash-MoE hybrid prefill layer=17 ane_groups=0 ane_refs=0 gpu_i8_groups=0 gpu_i8_refs=0 fp32_groups=0 ane_min_refs=512 concurrent=1 ane_pipeline=1 output_queue=4 async_ane=0 gpu_overlap=0 finishes=0 waits=0
ds4: Flash-MoE overlap plan layer=17 exec_groups=170 planned_ane_groups=0 planned_ane_refs=0 planned_gpu_groups=170 planned_gpu_refs=1386 tail_gpu_groups=0 tail_gpu_refs=0 planned_ssd_groups=170 est_gpu=12266.0 est_ane=0.0 est_idle=100.00% wall=65.136 ms actual_ane_groups=0 actual_ane_refs=0 actual_gpu_groups=0 actual_gpu_refs=0 finishes=0 waits=0 overlap_gpu_groups=0
ds4: Flash-MoE async pread canceled queued=0 reading=0 ready=2863 finished=0
ds4: gpu chunked prefill pos=8192 tokens=231 layer 17 encode=71.655 ms execute=0.954 ms
ds4: Flash-MoE prefill layer=18 tokens=231 unique=154 refs=1386 sync=14.751 ms plan=0.274 ms stage/compute=60.435 ms misses=154
ds4: Flash-MoE hybrid prefill layer=18 ane_groups=0 ane_refs=0 gpu_i8_groups=0 gpu_i8_refs=0 fp32_groups=0 ane_min_refs=512 concurrent=1 ane_pipeline=1 output_queue=4 async_ane=0 gpu_overlap=0 finishes=0 waits=0
ds4: Flash-MoE overlap plan layer=18 exec_groups=154 planned_ane_groups=0 planned_ane_refs=0 planned_gpu_groups=154 planned_gpu_refs=1386 tail_gpu_groups=0 tail_gpu_refs=0 planned_ssd_groups=154 est_gpu=11242.0 est_ane=0.0 est_idle=100.00% wall=60.232 ms actual_ane_groups=0 actual_ane_refs=0 actual_gpu_groups=0 actual_gpu_refs=0 finishes=0 waits=0 overlap_gpu_groups=0
ds4: Flash-MoE async pread canceled queued=0 reading=0 ready=2881 finished=0
ds4: gpu chunked prefill pos=8192 tokens=231 layer 18 encode=76.405 ms execute=0.918 ms
ds4: Flash-MoE prefill layer=19 tokens=231 unique=197 refs=1386 sync=5.474 ms plan=0.369 ms stage/compute=75.566 ms misses=197
ds4: Flash-MoE hybrid prefill layer=19 ane_groups=0 ane_refs=0 gpu_i8_groups=0 gpu_i8_refs=0 fp32_groups=0 ane_min_refs=512 concurrent=1 ane_pipeline=1 output_queue=4 async_ane=0 gpu_overlap=0 finishes=0 waits=0
ds4: Flash-MoE overlap plan layer=19 exec_groups=197 planned_ane_groups=0 planned_ane_refs=0 planned_gpu_groups=197 planned_gpu_refs=1386 tail_gpu_groups=0 tail_gpu_refs=0 planned_ssd_groups=197 est_gpu=13994.0 est_ane=0.0 est_idle=100.00% wall=75.301 ms actual_ane_groups=0 actual_ane_refs=0 actual_gpu_groups=0 actual_gpu_refs=0 finishes=0 waits=0 overlap_gpu_groups=0
ds4: Flash-MoE async pread canceled queued=1 reading=0 ready=2891 finished=0
ds4: gpu chunked prefill pos=8192 tokens=231 layer 19 encode=81.905 ms execute=0.903 ms
ds4: Flash-MoE prefill layer=20 tokens=231 unique=146 refs=1386 sync=14.559 ms plan=0.348 ms stage/compute=58.655 ms misses=146
ds4: Flash-MoE hybrid prefill layer=20 ane_groups=0 ane_refs=0 gpu_i8_groups=0 gpu_i8_refs=0 fp32_groups=0 ane_min_refs=512 concurrent=1 ane_pipeline=1 output_queue=4 async_ane=0 gpu_overlap=0 finishes=0 waits=0
ds4: Flash-MoE overlap plan layer=20 exec_groups=146 planned_ane_groups=0 planned_ane_refs=0 planned_gpu_groups=146 planned_gpu_refs=1386 tail_gpu_groups=0 tail_gpu_refs=0 planned_ssd_groups=146 est_gpu=10730.0 est_ane=0.0 est_idle=100.00% wall=58.462 ms actual_ane_groups=0 actual_ane_refs=0 actual_gpu_groups=0 actual_gpu_refs=0 finishes=0 waits=0 overlap_gpu_groups=0
ds4: Flash-MoE async pread canceled queued=1 reading=0 ready=2915 finished=0
ds4: gpu chunked prefill pos=8192 tokens=231 layer 20 encode=74.552 ms execute=0.960 ms
ds4: Flash-MoE prefill layer=21 tokens=231 unique=156 refs=1386 sync=5.423 ms plan=0.325 ms stage/compute=61.513 ms misses=156
ds4: Flash-MoE hybrid prefill layer=21 ane_groups=0 ane_refs=0 gpu_i8_groups=0 gpu_i8_refs=0 fp32_groups=0 ane_min_refs=512 concurrent=1 ane_pipeline=1 output_queue=4 async_ane=0 gpu_overlap=0 finishes=0 waits=0
ds4: Flash-MoE overlap plan layer=21 exec_groups=156 planned_ane_groups=0 planned_ane_refs=0 planned_gpu_groups=156 planned_gpu_refs=1386 tail_gpu_groups=0 tail_gpu_refs=0 planned_ssd_groups=156 est_gpu=11370.0 est_ane=0.0 est_idle=100.00% wall=61.308 ms actual_ane_groups=0 actual_ane_refs=0 actual_gpu_groups=0 actual_gpu_refs=0 finishes=0 waits=0 overlap_gpu_groups=0
ds4: Flash-MoE async pread canceled queued=1 reading=1 ready=2931 finished=1
ds4: gpu chunked prefill pos=8192 tokens=231 layer 21 encode=67.757 ms execute=0.933 ms
ds4: Flash-MoE prefill layer=22 tokens=231 unique=168 refs=1386 sync=14.647 ms plan=0.341 ms stage/compute=66.180 ms misses=168
ds4: Flash-MoE hybrid prefill layer=22 ane_groups=0 ane_refs=0 gpu_i8_groups=0 gpu_i8_refs=0 fp32_groups=0 ane_min_refs=512 concurrent=1 ane_pipeline=1 output_queue=4 async_ane=0 gpu_overlap=0 finishes=0 waits=0
ds4: Flash-MoE overlap plan layer=22 exec_groups=168 planned_ane_groups=0 planned_ane_refs=0 planned_gpu_groups=168 planned_gpu_refs=1386 tail_gpu_groups=0 tail_gpu_refs=0 planned_ssd_groups=168 est_gpu=12138.0 est_ane=0.0 est_idle=100.00% wall=65.986 ms actual_ane_groups=0 actual_ane_refs=0 actual_gpu_groups=0 actual_gpu_refs=0 finishes=0 waits=0 overlap_gpu_groups=0
ds4: Flash-MoE async pread canceled queued=1 reading=1 ready=2951 finished=1
ds4: gpu chunked prefill pos=8192 tokens=231 layer 22 encode=82.175 ms execute=0.932 ms
ds4: Flash-MoE prefill layer=23 tokens=231 unique=185 refs=1386 sync=5.443 ms plan=0.469 ms stage/compute=71.773 ms misses=185
ds4: Flash-MoE hybrid prefill layer=23 ane_groups=0 ane_refs=0 gpu_i8_groups=0 gpu_i8_refs=0 fp32_groups=0 ane_min_refs=512 concurrent=1 ane_pipeline=1 output_queue=4 async_ane=0 gpu_overlap=0 finishes=0 waits=0
ds4: Flash-MoE overlap plan layer=23 exec_groups=185 planned_ane_groups=0 planned_ane_refs=0 planned_gpu_groups=185 planned_gpu_refs=1386 tail_gpu_groups=0 tail_gpu_refs=0 planned_ssd_groups=185 est_gpu=13226.0 est_ane=0.0 est_idle=100.00% wall=71.520 ms actual_ane_groups=0 actual_ane_refs=0 actual_gpu_groups=0 actual_gpu_refs=0 finishes=0 waits=0 overlap_gpu_groups=0
ds4: Flash-MoE async pread canceled queued=1 reading=2 ready=2961 finished=2
ds4: gpu chunked prefill pos=8192 tokens=231 layer 23 encode=78.165 ms execute=0.938 ms
ds4: Flash-MoE prefill layer=24 tokens=231 unique=174 refs=1386 sync=14.568 ms plan=0.338 ms stage/compute=66.620 ms misses=174
ds4: Flash-MoE hybrid prefill layer=24 ane_groups=0 ane_refs=0 gpu_i8_groups=0 gpu_i8_refs=0 fp32_groups=0 ane_min_refs=512 concurrent=1 ane_pipeline=1 output_queue=4 async_ane=0 gpu_overlap=0 finishes=0 waits=0
ds4: Flash-MoE overlap plan layer=24 exec_groups=174 planned_ane_groups=0 planned_ane_refs=0 planned_gpu_groups=174 planned_gpu_refs=1386 tail_gpu_groups=0 tail_gpu_refs=0 planned_ssd_groups=174 est_gpu=12522.0 est_ane=0.0 est_idle=100.00% wall=66.411 ms actual_ane_groups=0 actual_ane_refs=0 actual_gpu_groups=0 actual_gpu_refs=0 finishes=0 waits=0 overlap_gpu_groups=0
ds4: Flash-MoE async pread canceled queued=1 reading=2 ready=2972 finished=2
ds4: gpu chunked prefill pos=8192 tokens=231 layer 24 encode=82.492 ms execute=0.918 ms
ds4: Flash-MoE prefill layer=25 tokens=231 unique=180 refs=1386 sync=5.462 ms plan=0.323 ms stage/compute=77.950 ms misses=180
ds4: Flash-MoE hybrid prefill layer=25 ane_groups=0 ane_refs=0 gpu_i8_groups=0 gpu_i8_refs=0 fp32_groups=0 ane_min_refs=512 concurrent=1 ane_pipeline=1 output_queue=4 async_ane=0 gpu_overlap=0 finishes=0 waits=0
ds4: Flash-MoE overlap plan layer=25 exec_groups=180 planned_ane_groups=0 planned_ane_refs=0 planned_gpu_groups=180 planned_gpu_refs=1386 tail_gpu_groups=0 tail_gpu_refs=0 planned_ssd_groups=180 est_gpu=12906.0 est_ane=0.0 est_idle=100.00% wall=77.741 ms actual_ane_groups=0 actual_ane_refs=0 actual_gpu_groups=0 actual_gpu_refs=0 finishes=0 waits=0 overlap_gpu_groups=0
ds4: Flash-MoE async pread canceled queued=1 reading=2 ready=2992 finished=2
ds4: gpu chunked prefill pos=8192 tokens=231 layer 25 encode=84.231 ms execute=0.982 ms
ds4: Flash-MoE prefill layer=26 tokens=231 unique=162 refs=1386 sync=14.566 ms plan=0.344 ms stage/compute=61.742 ms misses=162
ds4: Flash-MoE hybrid prefill layer=26 ane_groups=0 ane_refs=0 gpu_i8_groups=0 gpu_i8_refs=0 fp32_groups=0 ane_min_refs=512 concurrent=1 ane_pipeline=1 output_queue=4 async_ane=0 gpu_overlap=0 finishes=0 waits=0
ds4: Flash-MoE overlap plan layer=26 exec_groups=162 planned_ane_groups=0 planned_ane_refs=0 planned_gpu_groups=162 planned_gpu_refs=1386 tail_gpu_groups=0 tail_gpu_refs=0 planned_ssd_groups=162 est_gpu=11754.0 est_ane=0.0 est_idle=100.00% wall=61.550 ms actual_ane_groups=0 actual_ane_refs=0 actual_gpu_groups=0 actual_gpu_refs=0 finishes=0 waits=0 overlap_gpu_groups=0
ds4: Flash-MoE async pread canceled queued=1 reading=2 ready=3007 finished=2
ds4: gpu chunked prefill pos=8192 tokens=231 layer 26 encode=77.644 ms execute=0.890 ms
ds4: Flash-MoE prefill layer=27 tokens=231 unique=178 refs=1386 sync=5.481 ms plan=0.357 ms stage/compute=66.254 ms misses=178
ds4: Flash-MoE hybrid prefill layer=27 ane_groups=0 ane_refs=0 gpu_i8_groups=0 gpu_i8_refs=0 fp32_groups=0 ane_min_refs=512 concurrent=1 ane_pipeline=1 output_queue=4 async_ane=0 gpu_overlap=0 finishes=0 waits=0
ds4: Flash-MoE overlap plan layer=27 exec_groups=178 planned_ane_groups=0 planned_ane_refs=0 planned_gpu_groups=178 planned_gpu_refs=1386 tail_gpu_groups=0 tail_gpu_refs=0 planned_ssd_groups=178 est_gpu=12778.0 est_ane=0.0 est_idle=100.00% wall=66.014 ms actual_ane_groups=0 actual_ane_refs=0 actual_gpu_groups=0 actual_gpu_refs=0 finishes=0 waits=0 overlap_gpu_groups=0
ds4: Flash-MoE async pread canceled queued=3 reading=3 ready=3019 finished=3
ds4: gpu chunked prefill pos=8192 tokens=231 layer 27 encode=72.593 ms execute=0.935 ms
ds4: Flash-MoE prefill layer=28 tokens=231 unique=167 refs=1386 sync=14.524 ms plan=0.296 ms stage/compute=65.335 ms misses=167
ds4: Flash-MoE hybrid prefill layer=28 ane_groups=0 ane_refs=0 gpu_i8_groups=0 gpu_i8_refs=0 fp32_groups=0 ane_min_refs=512 concurrent=1 ane_pipeline=1 output_queue=4 async_ane=0 gpu_overlap=0 finishes=0 waits=0
ds4: Flash-MoE overlap plan layer=28 exec_groups=167 planned_ane_groups=0 planned_ane_refs=0 planned_gpu_groups=167 planned_gpu_refs=1386 tail_gpu_groups=0 tail_gpu_refs=0 planned_ssd_groups=167 est_gpu=12074.0 est_ane=0.0 est_idle=100.00% wall=65.122 ms actual_ane_groups=0 actual_ane_refs=0 actual_gpu_groups=0 actual_gpu_refs=0 finishes=0 waits=0 overlap_gpu_groups=0
ds4: Flash-MoE async pread canceled queued=3 reading=3 ready=3034 finished=3
ds4: gpu chunked prefill pos=8192 tokens=231 layer 28 encode=81.121 ms execute=0.988 ms
ds4: Flash-MoE prefill layer=29 tokens=231 unique=167 refs=1386 sync=5.489 ms plan=0.286 ms stage/compute=68.555 ms misses=167
ds4: Flash-MoE hybrid prefill layer=29 ane_groups=0 ane_refs=0 gpu_i8_groups=0 gpu_i8_refs=0 fp32_groups=0 ane_min_refs=512 concurrent=1 ane_pipeline=1 output_queue=4 async_ane=0 gpu_overlap=0 finishes=0 waits=0
ds4: Flash-MoE overlap plan layer=29 exec_groups=167 planned_ane_groups=0 planned_ane_refs=0 planned_gpu_groups=167 planned_gpu_refs=1386 tail_gpu_groups=0 tail_gpu_refs=0 planned_ssd_groups=167 est_gpu=12074.0 est_ane=0.0 est_idle=100.00% wall=68.356 ms actual_ane_groups=0 actual_ane_refs=0 actual_gpu_groups=0 actual_gpu_refs=0 finishes=0 waits=0 overlap_gpu_groups=0
ds4: Flash-MoE async pread canceled queued=4 reading=4 ready=3055 finished=4
ds4: gpu chunked prefill pos=8192 tokens=231 layer 29 encode=74.853 ms execute=0.952 ms
ds4: Flash-MoE prefill layer=30 tokens=231 unique=176 refs=1386 sync=14.527 ms plan=0.336 ms stage/compute=67.565 ms misses=176
ds4: Flash-MoE hybrid prefill layer=30 ane_groups=0 ane_refs=0 gpu_i8_groups=0 gpu_i8_refs=0 fp32_groups=0 ane_min_refs=512 concurrent=1 ane_pipeline=1 output_queue=4 async_ane=0 gpu_overlap=0 finishes=0 waits=0
ds4: Flash-MoE overlap plan layer=30 exec_groups=176 planned_ane_groups=0 planned_ane_refs=0 planned_gpu_groups=176 planned_gpu_refs=1386 tail_gpu_groups=0 tail_gpu_refs=0 planned_ssd_groups=176 est_gpu=12650.0 est_ane=0.0 est_idle=100.00% wall=67.358 ms actual_ane_groups=0 actual_ane_refs=0 actual_gpu_groups=0 actual_gpu_refs=0 finishes=0 waits=0 overlap_gpu_groups=0
ds4: Flash-MoE async pread canceled queued=4 reading=4 ready=3070 finished=4
ds4: gpu chunked prefill pos=8192 tokens=231 layer 30 encode=83.383 ms execute=0.922 ms
ds4: Flash-MoE prefill layer=31 tokens=231 unique=168 refs=1386 sync=5.453 ms plan=0.398 ms stage/compute=64.050 ms misses=168
ds4: Flash-MoE hybrid prefill layer=31 ane_groups=0 ane_refs=0 gpu_i8_groups=0 gpu_i8_refs=0 fp32_groups=0 ane_min_refs=512 concurrent=1 ane_pipeline=1 output_queue=4 async_ane=0 gpu_overlap=0 finishes=0 waits=0
ds4: Flash-MoE overlap plan layer=31 exec_groups=168 planned_ane_groups=0 planned_ane_refs=0 planned_gpu_groups=168 planned_gpu_refs=1386 tail_gpu_groups=0 tail_gpu_refs=0 planned_ssd_groups=168 est_gpu=12138.0 est_ane=0.0 est_idle=100.00% wall=63.857 ms actual_ane_groups=0 actual_ane_refs=0 actual_gpu_groups=0 actual_gpu_refs=0 finishes=0 waits=0 overlap_gpu_groups=0
ds4: Flash-MoE async pread canceled queued=5 reading=6 ready=3085 finished=6
ds4: gpu chunked prefill pos=8192 tokens=231 layer 31 encode=70.388 ms execute=0.931 ms
ds4: Flash-MoE prefill layer=32 tokens=231 unique=177 refs=1386 sync=14.504 ms plan=0.310 ms stage/compute=67.758 ms misses=177
ds4: Flash-MoE hybrid prefill layer=32 ane_groups=0 ane_refs=0 gpu_i8_groups=0 gpu_i8_refs=0 fp32_groups=0 ane_min_refs=512 concurrent=1 ane_pipeline=1 output_queue=4 async_ane=0 gpu_overlap=0 finishes=0 waits=0
ds4: Flash-MoE overlap plan layer=32 exec_groups=177 planned_ane_groups=0 planned_ane_refs=0 planned_gpu_groups=177 planned_gpu_refs=1386 tail_gpu_groups=0 tail_gpu_refs=0 planned_ssd_groups=177 est_gpu=12714.0 est_ane=0.0 est_idle=100.00% wall=67.549 ms actual_ane_groups=0 actual_ane_refs=0 actual_gpu_groups=0 actual_gpu_refs=0 finishes=0 waits=0 overlap_gpu_groups=0
ds4: Flash-MoE async pread canceled queued=5 reading=6 ready=3097 finished=6
ds4: gpu chunked prefill pos=8192 tokens=231 layer 32 encode=83.913 ms execute=0.893 ms
ds4: Flash-MoE prefill layer=33 tokens=231 unique=162 refs=1386 sync=5.452 ms plan=0.363 ms stage/compute=64.263 ms misses=162
ds4: Flash-MoE hybrid prefill layer=33 ane_groups=0 ane_refs=0 gpu_i8_groups=0 gpu_i8_refs=0 fp32_groups=0 ane_min_refs=512 concurrent=1 ane_pipeline=1 output_queue=4 async_ane=0 gpu_overlap=0 finishes=0 waits=0
ds4: Flash-MoE overlap plan layer=33 exec_groups=162 planned_ane_groups=0 planned_ane_refs=0 planned_gpu_groups=162 planned_gpu_refs=1386 tail_gpu_groups=0 tail_gpu_refs=0 planned_ssd_groups=162 est_gpu=11754.0 est_ane=0.0 est_idle=100.00% wall=64.040 ms actual_ane_groups=0 actual_ane_refs=0 actual_gpu_groups=0 actual_gpu_refs=0 finishes=0 waits=0 overlap_gpu_groups=0
ds4: Flash-MoE async pread canceled queued=5 reading=8 ready=3117 finished=8
ds4: gpu chunked prefill pos=8192 tokens=231 layer 33 encode=70.601 ms execute=0.936 ms
ds4: Flash-MoE prefill layer=34 tokens=231 unique=171 refs=1386 sync=14.611 ms plan=0.342 ms stage/compute=65.107 ms misses=171
ds4: Flash-MoE hybrid prefill layer=34 ane_groups=0 ane_refs=0 gpu_i8_groups=0 gpu_i8_refs=0 fp32_groups=0 ane_min_refs=512 concurrent=1 ane_pipeline=1 output_queue=4 async_ane=0 gpu_overlap=0 finishes=0 waits=0
ds4: Flash-MoE overlap plan layer=34 exec_groups=171 planned_ane_groups=0 planned_ane_refs=0 planned_gpu_groups=171 planned_gpu_refs=1386 tail_gpu_groups=0 tail_gpu_refs=0 planned_ssd_groups=171 est_gpu=12330.0 est_ane=0.0 est_idle=100.00% wall=64.905 ms actual_ane_groups=0 actual_ane_refs=0 actual_gpu_groups=0 actual_gpu_refs=0 finishes=0 waits=0 overlap_gpu_groups=0
ds4: Flash-MoE async pread canceled queued=5 reading=8 ready=3128 finished=8
ds4: gpu chunked prefill pos=8192 tokens=231 layer 34 encode=81.043 ms execute=1.024 ms
ds4: Flash-MoE prefill layer=35 tokens=231 unique=172 refs=1386 sync=5.506 ms plan=0.418 ms stage/compute=65.631 ms misses=172
ds4: Flash-MoE hybrid prefill layer=35 ane_groups=0 ane_refs=0 gpu_i8_groups=0 gpu_i8_refs=0 fp32_groups=0 ane_min_refs=512 concurrent=1 ane_pipeline=1 output_queue=4 async_ane=0 gpu_overlap=0 finishes=0 waits=0
ds4: Flash-MoE overlap plan layer=35 exec_groups=172 planned_ane_groups=0 planned_ane_refs=0 planned_gpu_groups=172 planned_gpu_refs=1386 tail_gpu_groups=0 tail_gpu_refs=0 planned_ssd_groups=172 est_gpu=12394.0 est_ane=0.0 est_idle=100.00% wall=65.395 ms actual_ane_groups=0 actual_ane_refs=0 actual_gpu_groups=0 actual_gpu_refs=0 finishes=0 waits=0 overlap_gpu_groups=0
ds4: Flash-MoE async pread canceled queued=5 reading=8 ready=3141 finished=8
ds4: gpu chunked prefill pos=8192 tokens=231 layer 35 encode=72.069 ms execute=0.997 ms
ds4: Flash-MoE prefill layer=36 tokens=231 unique=174 refs=1386 sync=14.506 ms plan=0.351 ms stage/compute=66.171 ms misses=174
ds4: Flash-MoE hybrid prefill layer=36 ane_groups=0 ane_refs=0 gpu_i8_groups=0 gpu_i8_refs=0 fp32_groups=0 ane_min_refs=512 concurrent=1 ane_pipeline=1 output_queue=4 async_ane=0 gpu_overlap=0 finishes=0 waits=0
ds4: Flash-MoE overlap plan layer=36 exec_groups=174 planned_ane_groups=0 planned_ane_refs=0 planned_gpu_groups=174 planned_gpu_refs=1386 tail_gpu_groups=0 tail_gpu_refs=0 planned_ssd_groups=174 est_gpu=12522.0 est_ane=0.0 est_idle=100.00% wall=65.964 ms actual_ane_groups=0 actual_ane_refs=0 actual_gpu_groups=0 actual_gpu_refs=0 finishes=0 waits=0 overlap_gpu_groups=0
ds4: Flash-MoE async pread canceled queued=5 reading=8 ready=3154 finished=8
ds4: gpu chunked prefill pos=8192 tokens=231 layer 36 encode=82.512 ms execute=0.973 ms
ds4: Flash-MoE prefill layer=37 tokens=231 unique=172 refs=1386 sync=5.438 ms plan=0.404 ms stage/compute=65.666 ms misses=172
ds4: Flash-MoE hybrid prefill layer=37 ane_groups=0 ane_refs=0 gpu_i8_groups=0 gpu_i8_refs=0 fp32_groups=0 ane_min_refs=512 concurrent=1 ane_pipeline=1 output_queue=4 async_ane=0 gpu_overlap=0 finishes=0 waits=0
ds4: Flash-MoE overlap plan layer=37 exec_groups=172 planned_ane_groups=0 planned_ane_refs=0 planned_gpu_groups=172 planned_gpu_refs=1386 tail_gpu_groups=0 tail_gpu_refs=0 planned_ssd_groups=172 est_gpu=12394.0 est_ane=0.0 est_idle=100.00% wall=65.455 ms actual_ane_groups=0 actual_ane_refs=0 actual_gpu_groups=0 actual_gpu_refs=0 finishes=0 waits=0 overlap_gpu_groups=0
ds4: Flash-MoE async pread canceled queued=7 reading=8 ready=3169 finished=8
ds4: gpu chunked prefill pos=8192 tokens=231 layer 37 encode=72.036 ms execute=0.933 ms
ds4: Flash-MoE prefill layer=38 tokens=231 unique=179 refs=1386 sync=14.556 ms plan=0.349 ms stage/compute=68.125 ms misses=179
ds4: Flash-MoE hybrid prefill layer=38 ane_groups=0 ane_refs=0 gpu_i8_groups=0 gpu_i8_refs=0 fp32_groups=0 ane_min_refs=512 concurrent=1 ane_pipeline=1 output_queue=4 async_ane=0 gpu_overlap=0 finishes=0 waits=0
ds4: Flash-MoE overlap plan layer=38 exec_groups=179 planned_ane_groups=0 planned_ane_refs=0 planned_gpu_groups=179 planned_gpu_refs=1386 tail_gpu_groups=0 tail_gpu_refs=0 planned_ssd_groups=179 est_gpu=12842.0 est_ane=0.0 est_idle=100.00% wall=67.913 ms actual_ane_groups=0 actual_ane_refs=0 actual_gpu_groups=0 actual_gpu_refs=0 finishes=0 waits=0 overlap_gpu_groups=0
ds4: Flash-MoE async pread canceled queued=7 reading=8 ready=3191 finished=8
ds4: gpu chunked prefill pos=8192 tokens=231 layer 38 encode=84.125 ms execute=0.907 ms
ds4: Flash-MoE prefill layer=39 tokens=231 unique=177 refs=1386 sync=5.475 ms plan=0.339 ms stage/compute=66.293 ms misses=177
ds4: Flash-MoE hybrid prefill layer=39 ane_groups=0 ane_refs=0 gpu_i8_groups=0 gpu_i8_refs=0 fp32_groups=0 ane_min_refs=512 concurrent=1 ane_pipeline=1 output_queue=4 async_ane=0 gpu_overlap=0 finishes=0 waits=0
ds4: Flash-MoE overlap plan layer=39 exec_groups=177 planned_ane_groups=0 planned_ane_refs=0 planned_gpu_groups=177 planned_gpu_refs=1386 tail_gpu_groups=0 tail_gpu_refs=0 planned_ssd_groups=177 est_gpu=12714.0 est_ane=0.0 est_idle=100.00% wall=66.057 ms actual_ane_groups=0 actual_ane_refs=0 actual_gpu_groups=0 actual_gpu_refs=0 finishes=0 waits=0 overlap_gpu_groups=0
ds4: Flash-MoE async pread canceled queued=7 reading=8 ready=3202 finished=8
ds4: gpu chunked prefill pos=8192 tokens=231 layer 39 encode=72.604 ms execute=0.930 ms
ds4: Flash-MoE prefill layer=40 tokens=231 unique=126 refs=1386 sync=14.507 ms plan=0.357 ms stage/compute=50.128 ms misses=126
ds4: Flash-MoE hybrid prefill layer=40 ane_groups=0 ane_refs=0 gpu_i8_groups=0 gpu_i8_refs=0 fp32_groups=0 ane_min_refs=512 concurrent=1 ane_pipeline=1 output_queue=4 async_ane=0 gpu_overlap=0 finishes=0 waits=0
ds4: Flash-MoE overlap plan layer=40 exec_groups=126 planned_ane_groups=0 planned_ane_refs=0 planned_gpu_groups=126 planned_gpu_refs=1386 tail_gpu_groups=0 tail_gpu_refs=0 planned_ssd_groups=126 est_gpu=9450.0 est_ane=0.0 est_idle=100.00% wall=49.960 ms actual_ane_groups=0 actual_ane_refs=0 actual_gpu_groups=0 actual_gpu_refs=0 finishes=0 waits=0 overlap_gpu_groups=0
ds4: Flash-MoE async pread canceled queued=7 reading=8 ready=3226 finished=8
ds4: gpu chunked prefill pos=8192 tokens=231 layer 40 encode=65.941 ms execute=0.977 ms
ds4: Flash-MoE prefill layer=41 tokens=231 unique=152 refs=1386 sync=5.522 ms plan=0.464 ms stage/compute=60.832 ms misses=152
ds4: Flash-MoE hybrid prefill layer=41 ane_groups=0 ane_refs=0 gpu_i8_groups=0 gpu_i8_refs=0 fp32_groups=0 ane_min_refs=512 concurrent=1 ane_pipeline=1 output_queue=4 async_ane=0 gpu_overlap=0 finishes=0 waits=0
ds4: Flash-MoE overlap plan layer=41 exec_groups=152 planned_ane_groups=0 planned_ane_refs=0 planned_gpu_groups=152 planned_gpu_refs=1386 tail_gpu_groups=0 tail_gpu_refs=0 planned_ssd_groups=152 est_gpu=11114.0 est_ane=0.0 est_idle=100.00% wall=60.647 ms actual_ane_groups=0 actual_ane_refs=0 actual_gpu_groups=0 actual_gpu_refs=0 finishes=0 waits=0 overlap_gpu_groups=0
ds4: Flash-MoE async pread canceled queued=8 reading=8 ready=3247 finished=8
ds4: gpu chunked prefill pos=8192 tokens=231 layer 41 encode=67.473 ms execute=0.978 ms
ds4: Flash-MoE prefill layer=42 tokens=231 unique=148 refs=1386 sync=14.552 ms plan=0.338 ms stage/compute=59.136 ms misses=148
ds4: Flash-MoE hybrid prefill layer=42 ane_groups=0 ane_refs=0 gpu_i8_groups=0 gpu_i8_refs=0 fp32_groups=0 ane_min_refs=512 concurrent=1 ane_pipeline=1 output_queue=4 async_ane=0 gpu_overlap=0 finishes=0 waits=0
ds4: Flash-MoE overlap plan layer=42 exec_groups=148 planned_ane_groups=0 planned_ane_refs=0 planned_gpu_groups=148 planned_gpu_refs=1386 tail_gpu_groups=0 tail_gpu_refs=0 planned_ssd_groups=148 est_gpu=10858.0 est_ane=0.0 est_idle=100.00% wall=58.958 ms actual_ane_groups=0 actual_ane_refs=0 actual_gpu_groups=0 actual_gpu_refs=0 finishes=0 waits=0 overlap_gpu_groups=0
ds4: Flash-MoE async pread canceled queued=8 reading=8 ready=3270 finished=8
ds4: gpu chunked prefill pos=8192 tokens=231 layer 42 encode=75.140 ms execute=0.926 ms
processing 8423 input tokens: 8423/8423 (100.0%) batch=67.46 t/s avg=160.26 t/s
ds4: gpu chunked prefill start=0 tokens=8423 chunk=1024 encode=51304.137 ms execute=938.836 ms read=0.008 ms total=52275.187 ms
ds4: prefill full: 8423 tokens in 52558.7 ms (160.3 t/s)
We
ds4: ----------------------------------------
ds4: prefill: 160.26 t/s, generation: 1.30 t/s
ds4: Flash-MoE cross-layer prefetch layers=378 experts_queued=18144 (avg=48.0/layer)
ds4: Flash-MoE slot-bank stats hits=0 misses=82182 hit-rate=0.0% resident-slots=258/4128 (6.2%, avg=6.0/layer min=6 max=6 of 96) installed=554728.50 MiB
ds4: Flash-MoE decode prefetch calls=43 loads=258 bytes=1741.50 MiB pread=163.011 ms upload=100.333 ms overlap-flushes=43
ds4: Flash-MoE prefill dedup refs=2173134 unique=81924 saved=2091210 (96.2%) reuse=26.53x
ds4: Flash-MoE prefill stage stats calls=81924 bytes=552987.00 MiB pread=14718.526 ms upload=8810.337 ms gate=2741.510 ms up=2693.857 ms down=3374.970 ms scatter=64.585 ms stage_rate=23502.50 MiB/s pread_rate=37570.81 MiB/s upload_rate=62765.70 MiB/s
ds4: Flash-MoE prefill pread issue stats span=52229.501 ms active=28.18% span_rate=10587.64 MiB/s issue_gap=1029869.880 ms post_stage_gap=8162.403 ms same_layer_issue=1015030.986 ms same_layer_post=9.327 ms cross_layer_issue=14838.894 ms cross_layer_post=8153.076 ms max_issue=186.026 ms max_post=45.432 ms issue_gaps=64062 post_gaps=404 issue_gt1=14063 issue_gt5=12627 issue_gt20=11687 post_gt1=362 post_gt5=333 post_gt20=124
ds4: Flash-MoE prefill pread bucket le16 calls=45695 refs=289838 bytes=308441.25 MiB pread=8289.656 ms issue_gap=719388.688 ms post_stage_gap=20.946 ms pread_rate=37207.97 MiB/s
ds4: Flash-MoE prefill pread bucket le32 calls=16754 refs=394597 bytes=113089.50 MiB pread=2804.910 ms issue_gap=176854.213 ms post_stage_gap=24.814 ms pread_rate=40318.41 MiB/s
ds4: Flash-MoE prefill pread bucket le64 calls=11850 refs=530734 bytes=79987.50 MiB pread=2071.585 ms issue_gap=84809.988 ms post_stage_gap=78.239 ms pread_rate=38611.74 MiB/s
ds4: Flash-MoE prefill pread bucket le128 calls=5411 refs=472901 bytes=36524.25 MiB pread=1076.634 ms issue_gap=27472.378 ms post_stage_gap=850.061 ms pread_rate=33924.48 MiB/s
ds4: Flash-MoE prefill pread bucket le256 calls=1753 refs=300609 bytes=11832.75 MiB pread=385.947 ms issue_gap=9609.303 ms post_stage_gap=1031.789 ms pread_rate=30659.00 MiB/s
ds4: Flash-MoE prefill pread bucket le512 calls=380 refs=129972 bytes=2565.00 MiB pread=75.592 ms issue_gap=8990.133 ms post_stage_gap=4540.796 ms pread_rate=33932.16 MiB/s
ds4: Flash-MoE prefill pread bucket gt512 calls=81 refs=54483 bytes=546.75 MiB pread=14.202 ms issue_gap=2745.177 ms post_stage_gap=1615.758 ms pread_rate=38498.10 MiB/s
ds4: ANE prefill stats calls=81 ok=81 skipped_big_refs=0 compile_attempts=1 compile_failures=0 eval_calls=263 eval_failures=0 write_failures=0 reopen_failures=0
ds4: ANE prefill timing dequant=1.200 ms input=0.045 ms ane_eval=561.012 ms ane_eval_a=561.012 ms ane_eval_b=0.000 ms ane_eval_c=0.000 ms ane_eval_d=0.000 ms ane_wall_est=561.012 ms writeback=0.566 ms helper_avg=2.133125 ms ane_calls=263 ane_call_avg=2.133125 ms
ds4: ANE prefill timing2 output_pack=0.529 ms measured_total=563.352 ms
ds4: ANE prefill timing3 dequant_wait=63.715 ms post_wait=0.000 ms x_zero=2.090 ms x_copy=6.796 ms out_zero=17.264 ms out_f16_copy=10.061 ms output_convert=0.529 ms output_gpu_encode=0.529 ms output_chunks=81 output_elems=223162368 output_convert_rate=421.857 Gelem/s
ds4: ANE prefill timing4 wait_predict=0.000 ms finish_join_ane=0.669 ms finish_join_post=0.000 ms wait_predict_calls=0 finish_calls=81
ds4: ANE prefill chunks refs=54483 padded_refs=67328 pad_util=80.92% le16=6 le64=27 le128=22 full=182
ds4: ANE prefill batch_hist B256=263 refs=54483 util=80.9%
