ds4: context buffers 881.95 MiB (ctx=10000, backend=metal, prefill_chunk=1024, raw_kv_rows=8704, compressed_kv_rows=2502)
ds4: Flash-MoE sidecar loaded: /Users/anemll/Models/flash/dsv4-iq2xxs-expert-major (slot-bank=96, expert-record 6.75 MiB)
ds4: Metal device Apple M5 Max, 128.00 GiB RAM
ds4: Flash-MoE using mmap-backed dense/shared weights without full-model Metal residency warmup
ds4: Metal model views created in 0.240 ms, residency requested in 0.000 ms, warmup 0.000 ms (mapped 8393.67 MiB from offset 5.06 MiB)
ds4: Metal mapped mmaped model as 1 overlapping shared buffers
ds4: metal backend initialized for graph diagnostics
ds4: prefill routed-MoE (requested): mul_mm_id (grouped GPU / ALU)  [grouped path]
ds4: prefill quant scales (ANE env first): w_qscale=512 x_qscale=32 mid_qscale=32 w_scale=0.00195312 x_scale=0.03125 mid_scale=0.03125
ds4: prefill ctx-grow: on, block=2048 tokens
ds4: prefill chunk cap: 1024, graph_raw_cap=8704
ds4: Flash-MoE slot banks allocated: layers=43 slots=96 gpu-bank=27864.00 MiB
ds4: prefill compute: routed experts = ANE i8i8 (W8A8) | dense proj = fp16-NAX (half x half)
ds4: prefill I/O: io-split=4 async-pread=on pread-threads=4 readahead=12 bank-prefetch=3 xlayer=auto<=6k-tok topk=48
ds4: decode  I/O: io-split=4 temporal-prefetch=on slots=96
ds4: Flash-MoE banked kernels using M5 simdgroup_matrix fast path (prefetch=3, banks=4)
ds4: prefill chunk cap EFFECTIVE=1024 tokens (DS4_METAL_PREFILL_CHUNK=1024) (resident-NAX tiles this by scratch_cap; that tile gates the sync bridge)
ds4: ANE i8w-i8x-tiled-fused cached async prefill B=256 H=4096 I=2048 w_scale=0.00195312 x_scale=0.03125 mid_scale=0.03125
processing 8423 input tokens: 0/8423 (0.0%) batch=0.00 t/s avg=0.00 t/s
ds4: Flash-MoE prefill layer=0 tokens=1024 unique=256 refs=6144 sync=30.872 ms plan=0.566 ms stage/compute=154.169 ms misses=256
ds4: Flash-MoE hybrid prefill layer=0 ane_groups=0 ane_refs=0 gpu_i8_groups=0 gpu_i8_refs=0 fp32_groups=0 ane_min_refs=128 concurrent=1 ane_pipeline=1 output_queue=4 async_ane=0 gpu_overlap=0 finishes=0 waits=0
ds4: Flash-MoE overlap plan layer=0 exec_groups=256 planned_ane_groups=0 planned_ane_refs=0 planned_gpu_groups=256 planned_gpu_refs=6144 tail_gpu_groups=0 tail_gpu_refs=0 planned_ssd_groups=256 est_gpu=22528.0 est_ane=0.0 est_idle=100.00% wall=153.080 ms actual_ane_groups=0 actual_ane_refs=0 actual_gpu_groups=0 actual_gpu_refs=0 finishes=0 waits=0 overlap_gpu_groups=0
ds4: gpu chunked prefill pos=0 tokens=1024 layer 0 encode=187.524 ms execute=5.197 ms
ds4: Flash-MoE prefill layer=1 tokens=1024 unique=256 refs=6144 sync=12.252 ms plan=0.315 ms stage/compute=149.899 ms misses=256
ds4: Flash-MoE hybrid prefill layer=1 ane_groups=0 ane_refs=0 gpu_i8_groups=0 gpu_i8_refs=0 fp32_groups=0 ane_min_refs=128 concurrent=1 ane_pipeline=1 output_queue=4 async_ane=0 gpu_overlap=0 finishes=0 waits=0
ds4: Flash-MoE overlap plan layer=1 exec_groups=256 planned_ane_groups=0 planned_ane_refs=0 planned_gpu_groups=256 planned_gpu_refs=6144 tail_gpu_groups=0 tail_gpu_refs=0 planned_ssd_groups=256 est_gpu=22528.0 est_ane=0.0 est_idle=100.00% wall=149.511 ms actual_ane_groups=0 actual_ane_refs=0 actual_gpu_groups=0 actual_gpu_refs=0 finishes=0 waits=0 overlap_gpu_groups=0
ds4: gpu chunked prefill pos=0 tokens=1024 layer 1 encode=162.977 ms execute=2.624 ms
ds4: Flash-MoE prefill layer=2 tokens=1024 unique=256 refs=6144 sync=21.977 ms plan=0.353 ms stage/compute=150.713 ms misses=256
ds4: Flash-MoE hybrid prefill layer=2 ane_groups=0 ane_refs=0 gpu_i8_groups=0 gpu_i8_refs=0 fp32_groups=0 ane_min_refs=128 concurrent=1 ane_pipeline=1 output_queue=4 async_ane=0 gpu_overlap=0 finishes=0 waits=0
ds4: Flash-MoE overlap plan layer=2 exec_groups=256 planned_ane_groups=0 planned_ane_refs=0 planned_gpu_groups=256 planned_gpu_refs=6144 tail_gpu_groups=0 tail_gpu_refs=0 planned_ssd_groups=256 est_gpu=22528.0 est_ane=0.0 est_idle=100.00% wall=150.333 ms actual_ane_groups=0 actual_ane_refs=0 actual_gpu_groups=0 actual_gpu_refs=0 finishes=0 waits=0 overlap_gpu_groups=0
ds4: gpu chunked prefill pos=0 tokens=1024 layer 2 encode=174.313 ms execute=2.633 ms
ds4: Flash-MoE prefill layer=3 tokens=1024 unique=232 refs=6144 sync=14.449 ms plan=0.328 ms stage/compute=120.009 ms misses=232
ds4: Flash-MoE hybrid prefill layer=3 ane_groups=4 ane_refs=1319 gpu_i8_groups=0 gpu_i8_refs=0 fp32_groups=0 ane_min_refs=128 concurrent=1 ane_pipeline=1 output_queue=4 async_ane=4 gpu_overlap=228 finishes=4 waits=8
ds4: Flash-MoE overlap plan layer=3 exec_groups=232 planned_ane_groups=4 planned_ane_refs=1319 planned_gpu_groups=228 planned_gpu_refs=4825 tail_gpu_groups=0 tail_gpu_refs=0 planned_ssd_groups=232 est_gpu=19417.0 est_ane=658.1 est_idle=96.61% wall=119.639 ms actual_ane_groups=4 actual_ane_refs=1319 actual_gpu_groups=0 actual_gpu_refs=0 finishes=4 waits=8 overlap_gpu_groups=228
ds4: Flash-MoE async pread canceled queued=0 reading=0 ready=5 finished=0
ds4: gpu chunked prefill pos=0 tokens=1024 layer 3 encode=135.742 ms execute=2.533 ms
ds4: Flash-MoE prefill layer=4 tokens=1024 unique=200 refs=6144 sync=20.252 ms plan=0.357 ms stage/compute=99.502 ms misses=200
ds4: Flash-MoE hybrid prefill layer=4 ane_groups=6 ane_refs=1934 gpu_i8_groups=0 gpu_i8_refs=0 fp32_groups=0 ane_min_refs=128 concurrent=1 ane_pipeline=1 output_queue=4 async_ane=6 gpu_overlap=194 finishes=6 waits=12
ds4: Flash-MoE overlap plan layer=4 exec_groups=200 planned_ane_groups=6 planned_ane_refs=1934 planned_gpu_groups=194 planned_gpu_refs=4210 tail_gpu_groups=0 tail_gpu_refs=0 planned_ssd_groups=200 est_gpu=16626.0 est_ane=983.3 est_idle=94.09% wall=99.142 ms actual_ane_groups=6 actual_ane_refs=1934 actual_gpu_groups=0 actual_gpu_refs=0 finishes=6 waits=12 overlap_gpu_groups=194
ds4: Flash-MoE async pread canceled queued=0 reading=0 ready=18 finished=0
ds4: gpu chunked prefill pos=0 tokens=1024 layer 4 encode=120.783 ms execute=2.596 ms
ds4: Flash-MoE prefill layer=5 tokens=1024 unique=221 refs=6144 sync=14.567 ms plan=0.315 ms stage/compute=109.726 ms misses=221
ds4: Flash-MoE hybrid prefill layer=5 ane_groups=4 ane_refs=1376 gpu_i8_groups=0 gpu_i8_refs=0 fp32_groups=0 ane_min_refs=128 concurrent=1 ane_pipeline=1 output_queue=4 async_ane=4 gpu_overlap=217 finishes=4 waits=8
ds4: Flash-MoE overlap plan layer=5 exec_groups=221 planned_ane_groups=4 planned_ane_refs=1376 planned_gpu_groups=217 planned_gpu_refs=4768 tail_gpu_groups=0 tail_gpu_refs=0 planned_ssd_groups=221 est_gpu=18656.0 est_ane=658.1 est_idle=96.47% wall=109.371 ms actual_ane_groups=4 actual_ane_refs=1376 actual_gpu_groups=0 actual_gpu_refs=0 finishes=4 waits=8 overlap_gpu_groups=217
ds4: Flash-MoE async pread canceled queued=0 reading=0 ready=27 finished=0
ds4: gpu chunked prefill pos=0 tokens=1024 layer 5 encode=125.180 ms execute=2.526 ms
ds4: Flash-MoE prefill layer=6 tokens=1024 unique=211 refs=6144 sync=20.696 ms plan=0.279 ms stage/compute=105.291 ms misses=211
ds4: Flash-MoE hybrid prefill layer=6 ane_groups=6 ane_refs=1803 gpu_i8_groups=0 gpu_i8_refs=0 fp32_groups=0 ane_min_refs=128 concurrent=1 ane_pipeline=1 output_queue=4 async_ane=6 gpu_overlap=205 finishes=6 waits=12
ds4: Flash-MoE overlap plan layer=6 exec_groups=211 planned_ane_groups=6 planned_ane_refs=1803 planned_gpu_groups=205 planned_gpu_refs=4341 tail_gpu_groups=0 tail_gpu_refs=0 planned_ssd_groups=211 est_gpu=17461.0 est_ane=985.9 est_idle=94.35% wall=104.932 ms actual_ane_groups=6 actual_ane_refs=1803 actual_gpu_groups=0 actual_gpu_refs=0 finishes=6 waits=12 overlap_gpu_groups=205
ds4: Flash-MoE async pread canceled queued=0 reading=0 ready=37 finished=0
ds4: gpu chunked prefill pos=0 tokens=1024 layer 6 encode=126.992 ms execute=2.581 ms
ds4: Flash-MoE prefill layer=7 tokens=1024 unique=214 refs=6144 sync=14.343 ms plan=0.318 ms stage/compute=99.647 ms misses=214
ds4: Flash-MoE hybrid prefill layer=7 ane_groups=5 ane_refs=2456 gpu_i8_groups=0 gpu_i8_refs=0 fp32_groups=0 ane_min_refs=128 concurrent=1 ane_pipeline=1 output_queue=4 async_ane=5 gpu_overlap=209 finishes=5 waits=10
ds4: Flash-MoE overlap plan layer=7 exec_groups=214 planned_ane_groups=5 planned_ane_refs=2456 planned_gpu_groups=209 planned_gpu_refs=3688 tail_gpu_groups=0 tail_gpu_refs=0 planned_ssd_groups=214 est_gpu=17064.0 est_ane=833.6 est_idle=95.11% wall=99.290 ms actual_ane_groups=5 actual_ane_refs=2456 actual_gpu_groups=0 actual_gpu_refs=0 finishes=5 waits=10 overlap_gpu_groups=209
ds4: Flash-MoE async pread canceled queued=0 reading=0 ready=46 finished=0
ds4: gpu chunked prefill pos=0 tokens=1024 layer 7 encode=114.902 ms execute=2.448 ms
ds4: Flash-MoE prefill layer=8 tokens=1024 unique=194 refs=6144 sync=20.484 ms plan=0.322 ms stage/compute=94.515 ms misses=194
ds4: Flash-MoE hybrid prefill layer=8 ane_groups=5 ane_refs=2336 gpu_i8_groups=0 gpu_i8_refs=0 fp32_groups=0 ane_min_refs=128 concurrent=1 ane_pipeline=1 output_queue=4 async_ane=5 gpu_overlap=189 finishes=5 waits=10
ds4: Flash-MoE overlap plan layer=8 exec_groups=194 planned_ane_groups=5 planned_ane_refs=2336 planned_gpu_groups=189 planned_gpu_refs=3808 tail_gpu_groups=0 tail_gpu_refs=0 planned_ssd_groups=194 est_gpu=15904.0 est_ane=831.0 est_idle=94.77% wall=94.184 ms actual_ane_groups=5 actual_ane_refs=2336 actual_gpu_groups=0 actual_gpu_refs=0 finishes=5 waits=10 overlap_gpu_groups=189
ds4: Flash-MoE async pread canceled queued=0 reading=0 ready=59 finished=0
ds4: gpu chunked prefill pos=0 tokens=1024 layer 8 encode=115.932 ms execute=2.655 ms
ds4: Flash-MoE prefill layer=9 tokens=1024 unique=231 refs=6144 sync=14.399 ms plan=0.323 ms stage/compute=112.059 ms misses=231
ds4: Flash-MoE hybrid prefill layer=9 ane_groups=5 ane_refs=1400 gpu_i8_groups=0 gpu_i8_refs=0 fp32_groups=0 ane_min_refs=128 concurrent=1 ane_pipeline=1 output_queue=4 async_ane=5 gpu_overlap=226 finishes=5 waits=10
ds4: Flash-MoE overlap plan layer=9 exec_groups=231 planned_ane_groups=5 planned_ane_refs=1400 planned_gpu_groups=226 planned_gpu_refs=4744 tail_gpu_groups=0 tail_gpu_refs=0 planned_ssd_groups=231 est_gpu=19208.0 est_ane=820.7 est_idle=95.73% wall=111.669 ms actual_ane_groups=5 actual_ane_refs=1400 actual_gpu_groups=0 actual_gpu_refs=0 finishes=5 waits=10 overlap_gpu_groups=226
ds4: Flash-MoE async pread canceled queued=0 reading=0 ready=65 finished=0
ds4: gpu chunked prefill pos=0 tokens=1024 layer 9 encode=127.272 ms execute=2.635 ms
ds4: Flash-MoE prefill layer=10 tokens=1024 unique=214 refs=6144 sync=20.513 ms plan=0.377 ms stage/compute=109.300 ms misses=214
ds4: Flash-MoE hybrid prefill layer=10 ane_groups=5 ane_refs=1153 gpu_i8_groups=0 gpu_i8_refs=0 fp32_groups=0 ane_min_refs=128 concurrent=1 ane_pipeline=1 output_queue=4 async_ane=5 gpu_overlap=209 finishes=5 waits=10
ds4: Flash-MoE overlap plan layer=10 exec_groups=214 planned_ane_groups=5 planned_ane_refs=1153 planned_gpu_groups=209 planned_gpu_refs=4991 tail_gpu_groups=0 tail_gpu_refs=0 planned_ssd_groups=214 est_gpu=18367.0 est_ane=818.1 est_idle=95.55% wall=108.946 ms actual_ane_groups=5 actual_ane_refs=1153 actual_gpu_groups=0 actual_gpu_refs=0 finishes=5 waits=10 overlap_gpu_groups=209
ds4: Flash-MoE async pread canceled queued=0 reading=0 ready=75 finished=0
ds4: gpu chunked prefill pos=0 tokens=1024 layer 10 encode=130.901 ms execute=2.579 ms
ds4: Flash-MoE prefill layer=11 tokens=1024 unique=211 refs=6144 sync=14.494 ms plan=0.370 ms stage/compute=103.392 ms misses=211
ds4: Flash-MoE hybrid prefill layer=11 ane_groups=5 ane_refs=1528 gpu_i8_groups=0 gpu_i8_refs=0 fp32_groups=0 ane_min_refs=128 concurrent=1 ane_pipeline=1 output_queue=4 async_ane=5 gpu_overlap=206 finishes=5 waits=10
ds4: Flash-MoE overlap plan layer=11 exec_groups=211 planned_ane_groups=5 planned_ane_refs=1528 planned_gpu_groups=206 planned_gpu_refs=4616 tail_gpu_groups=0 tail_gpu_refs=0 planned_ssd_groups=211 est_gpu=17800.0 est_ane=820.7 est_idle=95.39% wall=103.040 ms actual_ane_groups=5 actual_ane_refs=1528 actual_gpu_groups=0 actual_gpu_refs=0 finishes=5 waits=10 overlap_gpu_groups=206
ds4: Flash-MoE async pread canceled queued=0 reading=0 ready=84 finished=0
ds4: gpu chunked prefill pos=0 tokens=1024 layer 11 encode=118.739 ms execute=2.741 ms
ds4: Flash-MoE prefill layer=12 tokens=1024 unique=189 refs=6144 sync=20.309 ms plan=0.294 ms stage/compute=93.546 ms misses=189
ds4: Flash-MoE hybrid prefill layer=12 ane_groups=8 ane_refs=1896 gpu_i8_groups=0 gpu_i8_refs=0 fp32_groups=0 ane_min_refs=128 concurrent=1 ane_pipeline=1 output_queue=4 async_ane=8 gpu_overlap=181 finishes=8 waits=16
ds4: Flash-MoE overlap plan layer=12 exec_groups=189 planned_ane_groups=8 planned_ane_refs=1896 planned_gpu_groups=181 planned_gpu_refs=4248 tail_gpu_groups=0 tail_gpu_refs=0 planned_ssd_groups=189 est_gpu=15832.0 est_ane=1308.4 est_idle=91.74% wall=93.229 ms actual_ane_groups=8 actual_ane_refs=1896 actual_gpu_groups=0 actual_gpu_refs=0 finishes=8 waits=16 overlap_gpu_groups=181
ds4: Flash-MoE async pread canceled queued=0 reading=0 ready=103 finished=0
ds4: gpu chunked prefill pos=0 tokens=1024 layer 12 encode=114.870 ms execute=2.502 ms
ds4: Flash-MoE prefill layer=13 tokens=1024 unique=203 refs=6144 sync=14.569 ms plan=0.315 ms stage/compute=96.218 ms misses=203
ds4: Flash-MoE hybrid prefill layer=13 ane_groups=6 ane_refs=2179 gpu_i8_groups=0 gpu_i8_refs=0 fp32_groups=0 ane_min_refs=128 concurrent=1 ane_pipeline=1 output_queue=4 async_ane=6 gpu_overlap=197 finishes=6 waits=12
ds4: Flash-MoE overlap plan layer=13 exec_groups=203 planned_ane_groups=6 planned_ane_refs=2179 planned_gpu_groups=197 planned_gpu_refs=3965 tail_gpu_groups=0 tail_gpu_refs=0 planned_ssd_groups=203 est_gpu=16573.0 est_ane=991.0 est_idle=94.02% wall=95.882 ms actual_ane_groups=6 actual_ane_refs=2179 actual_gpu_groups=0 actual_gpu_refs=0 finishes=6 waits=12 overlap_gpu_groups=197
ds4: Flash-MoE async pread canceled queued=0 reading=0 ready=113 finished=0
ds4: gpu chunked prefill pos=0 tokens=1024 layer 13 encode=111.621 ms execute=2.544 ms
ds4: Flash-MoE prefill layer=14 tokens=1024 unique=200 refs=6144 sync=20.427 ms plan=0.317 ms stage/compute=96.968 ms misses=200
ds4: Flash-MoE hybrid prefill layer=14 ane_groups=8 ane_refs=2178 gpu_i8_groups=0 gpu_i8_refs=0 fp32_groups=0 ane_min_refs=128 concurrent=1 ane_pipeline=1 output_queue=4 async_ane=8 gpu_overlap=192 finishes=8 waits=16
ds4: Flash-MoE overlap plan layer=14 exec_groups=200 planned_ane_groups=8 planned_ane_refs=2178 planned_gpu_groups=192 planned_gpu_refs=3966 tail_gpu_groups=0 tail_gpu_refs=0 planned_ssd_groups=200 est_gpu=16254.0 est_ane=1308.4 est_idle=91.95% wall=96.601 ms actual_ane_groups=8 actual_ane_refs=2178 actual_gpu_groups=0 actual_gpu_refs=0 finishes=8 waits=16 overlap_gpu_groups=192
ds4: Flash-MoE async pread canceled queued=0 reading=0 ready=125 finished=0
ds4: gpu chunked prefill pos=0 tokens=1024 layer 14 encode=118.422 ms execute=2.544 ms
ds4: Flash-MoE prefill layer=15 tokens=1024 unique=198 refs=6144 sync=14.611 ms plan=0.294 ms stage/compute=98.412 ms misses=198
ds4: Flash-MoE hybrid prefill layer=15 ane_groups=6 ane_refs=1663 gpu_i8_groups=0 gpu_i8_refs=0 fp32_groups=0 ane_min_refs=128 concurrent=1 ane_pipeline=1 output_queue=4 async_ane=6 gpu_overlap=192 finishes=6 waits=12
ds4: Flash-MoE overlap plan layer=15 exec_groups=198 planned_ane_groups=6 planned_ane_refs=1663 planned_gpu_groups=192 planned_gpu_refs=4481 tail_gpu_groups=0 tail_gpu_refs=0 planned_ssd_groups=198 est_gpu=16769.0 est_ane=983.3 est_idle=94.14% wall=98.076 ms actual_ane_groups=6 actual_ane_refs=1663 actual_gpu_groups=0 actual_gpu_refs=0 finishes=6 waits=12 overlap_gpu_groups=192
ds4: Flash-MoE async pread canceled queued=0 reading=0 ready=135 finished=0
ds4: gpu chunked prefill pos=0 tokens=1024 layer 15 encode=113.882 ms execute=2.580 ms
ds4: Flash-MoE prefill layer=16 tokens=1024 unique=201 refs=6144 sync=20.624 ms plan=0.333 ms stage/compute=101.909 ms misses=201
ds4: Flash-MoE hybrid prefill layer=16 ane_groups=5 ane_refs=1261 gpu_i8_groups=0 gpu_i8_refs=0 fp32_groups=0 ane_min_refs=128 concurrent=1 ane_pipeline=1 output_queue=4 async_ane=5 gpu_overlap=196 finishes=5 waits=10
ds4: Flash-MoE overlap plan layer=16 exec_groups=201 planned_ane_groups=5 planned_ane_refs=1261 planned_gpu_groups=196 planned_gpu_refs=4883 tail_gpu_groups=0 tail_gpu_refs=0 planned_ssd_groups=201 est_gpu=17427.0 est_ane=818.1 est_idle=95.31% wall=101.575 ms actual_ane_groups=5 actual_ane_refs=1261 actual_gpu_groups=0 actual_gpu_refs=0 finishes=5 waits=10 overlap_gpu_groups=196
ds4: Flash-MoE async pread canceled queued=0 reading=0 ready=145 finished=0
ds4: gpu chunked prefill pos=0 tokens=1024 layer 16 encode=123.560 ms execute=2.561 ms
ds4: Flash-MoE prefill layer=17 tokens=1024 unique=196 refs=6144 sync=14.555 ms plan=0.316 ms stage/compute=99.858 ms misses=196
ds4: Flash-MoE hybrid prefill layer=17 ane_groups=5 ane_refs=1444 gpu_i8_groups=0 gpu_i8_refs=0 fp32_groups=0 ane_min_refs=128 concurrent=1 ane_pipeline=1 output_queue=4 async_ane=5 gpu_overlap=191 finishes=5 waits=10
ds4: Flash-MoE overlap plan layer=17 exec_groups=196 planned_ane_groups=5 planned_ane_refs=1444 planned_gpu_groups=191 planned_gpu_refs=4700 tail_gpu_groups=0 tail_gpu_refs=0 planned_ssd_groups=196 est_gpu=16924.0 est_ane=820.7 est_idle=95.15% wall=99.524 ms actual_ane_groups=5 actual_ane_refs=1444 actual_gpu_groups=0 actual_gpu_refs=0 finishes=5 waits=10 overlap_gpu_groups=191
ds4: Flash-MoE async pread canceled queued=0 reading=0 ready=155 finished=0
ds4: gpu chunked prefill pos=0 tokens=1024 layer 17 encode=115.261 ms execute=2.614 ms
ds4: Flash-MoE prefill layer=18 tokens=1024 unique=186 refs=6144 sync=20.447 ms plan=0.299 ms stage/compute=94.382 ms misses=186
ds4: Flash-MoE hybrid prefill layer=18 ane_groups=4 ane_refs=1453 gpu_i8_groups=0 gpu_i8_refs=0 fp32_groups=0 ane_min_refs=128 concurrent=1 ane_pipeline=1 output_queue=4 async_ane=4 gpu_overlap=182 finishes=4 waits=8
ds4: Flash-MoE overlap plan layer=18 exec_groups=186 planned_ane_groups=4 planned_ane_refs=1453 planned_gpu_groups=182 planned_gpu_refs=4691 tail_gpu_groups=0 tail_gpu_refs=0 planned_ssd_groups=186 est_gpu=16339.0 est_ane=658.1 est_idle=95.97% wall=94.071 ms actual_ane_groups=4 actual_ane_refs=1453 actual_gpu_groups=0 actual_gpu_refs=0 finishes=4 waits=8 overlap_gpu_groups=182
ds4: Flash-MoE async pread canceled queued=0 reading=0 ready=172 finished=0
ds4: gpu chunked prefill pos=0 tokens=1024 layer 18 encode=115.780 ms execute=2.650 ms
ds4: Flash-MoE prefill layer=19 tokens=1024 unique=207 refs=6144 sync=14.562 ms plan=0.329 ms stage/compute=107.909 ms misses=207
ds4: Flash-MoE hybrid prefill layer=19 ane_groups=5 ane_refs=1065 gpu_i8_groups=0 gpu_i8_refs=0 fp32_groups=0 ane_min_refs=128 concurrent=1 ane_pipeline=1 output_queue=4 async_ane=5 gpu_overlap=202 finishes=5 waits=10
ds4: Flash-MoE overlap plan layer=19 exec_groups=207 planned_ane_groups=5 planned_ane_refs=1065 planned_gpu_groups=202 planned_gpu_refs=5079 tail_gpu_groups=0 tail_gpu_refs=0 planned_ssd_groups=207 est_gpu=18007.0 est_ane=815.5 est_idle=95.47% wall=107.571 ms actual_ane_groups=5 actual_ane_refs=1065 actual_gpu_groups=0 actual_gpu_refs=0 finishes=5 waits=10 overlap_gpu_groups=202
ds4: Flash-MoE async pread canceled queued=0 reading=0 ready=184 finished=0
ds4: gpu chunked prefill pos=0 tokens=1024 layer 19 encode=123.338 ms execute=2.529 ms
ds4: Flash-MoE prefill layer=20 tokens=1024 unique=202 refs=6144 sync=20.815 ms plan=0.294 ms stage/compute=104.036 ms misses=202
ds4: Flash-MoE hybrid prefill layer=20 ane_groups=5 ane_refs=1020 gpu_i8_groups=0 gpu_i8_refs=0 fp32_groups=0 ane_min_refs=128 concurrent=1 ane_pipeline=1 output_queue=4 async_ane=5 gpu_overlap=197 finishes=5 waits=10
ds4: Flash-MoE overlap plan layer=20 exec_groups=202 planned_ane_groups=5 planned_ane_refs=1020 planned_gpu_groups=197 planned_gpu_refs=5124 tail_gpu_groups=0 tail_gpu_refs=0 planned_ssd_groups=202 est_gpu=17732.0 est_ane=815.5 est_idle=95.40% wall=103.699 ms actual_ane_groups=5 actual_ane_refs=1020 actual_gpu_groups=0 actual_gpu_refs=0 finishes=5 waits=10 overlap_gpu_groups=197
ds4: Flash-MoE async pread canceled queued=0 reading=0 ready=190 finished=0
ds4: gpu chunked prefill pos=0 tokens=1024 layer 20 encode=125.837 ms execute=2.566 ms
ds4: Flash-MoE prefill layer=21 tokens=1024 unique=188 refs=6144 sync=14.391 ms plan=0.286 ms stage/compute=98.565 ms misses=188
ds4: Flash-MoE hybrid prefill layer=21 ane_groups=5 ane_refs=1103 gpu_i8_groups=0 gpu_i8_refs=0 fp32_groups=0 ane_min_refs=128 concurrent=1 ane_pipeline=1 output_queue=4 async_ane=5 gpu_overlap=183 finishes=5 waits=10
ds4: Flash-MoE overlap plan layer=21 exec_groups=188 planned_ane_groups=5 planned_ane_refs=1103 planned_gpu_groups=183 planned_gpu_refs=5041 tail_gpu_groups=0 tail_gpu_refs=0 planned_ssd_groups=188 est_gpu=16753.0 est_ane=815.5 est_idle=95.13% wall=98.237 ms actual_ane_groups=5 actual_ane_refs=1103 actual_gpu_groups=0 actual_gpu_refs=0 finishes=5 waits=10 overlap_gpu_groups=183
ds4: Flash-MoE async pread canceled queued=0 reading=0 ready=205 finished=0
ds4: gpu chunked prefill pos=0 tokens=1024 layer 21 encode=113.793 ms execute=2.554 ms
ds4: Flash-MoE prefill layer=22 tokens=1024 unique=211 refs=6144 sync=20.353 ms plan=0.337 ms stage/compute=105.877 ms misses=211
ds4: Flash-MoE hybrid prefill layer=22 ane_groups=5 ane_refs=1352 gpu_i8_groups=0 gpu_i8_refs=0 fp32_groups=0 ane_min_refs=128 concurrent=1 ane_pipeline=1 output_queue=4 async_ane=5 gpu_overlap=206 finishes=5 waits=10
ds4: Flash-MoE overlap plan layer=22 exec_groups=211 planned_ane_groups=5 planned_ane_refs=1352 planned_gpu_groups=206 planned_gpu_refs=4792 tail_gpu_groups=0 tail_gpu_refs=0 planned_ssd_groups=211 est_gpu=17976.0 est_ane=818.1 est_idle=95.45% wall=105.534 ms actual_ane_groups=5 actual_ane_refs=1352 actual_gpu_groups=0 actual_gpu_refs=0 finishes=5 waits=10 overlap_gpu_groups=206
ds4: Flash-MoE async pread canceled queued=0 reading=0 ready=217 finished=0
ds4: gpu chunked prefill pos=0 tokens=1024 layer 22 encode=127.180 ms execute=2.595 ms
ds4: Flash-MoE prefill layer=23 tokens=1024 unique=210 refs=6144 sync=14.587 ms plan=0.337 ms stage/compute=104.404 ms misses=210
ds4: Flash-MoE hybrid prefill layer=23 ane_groups=7 ane_refs=1419 gpu_i8_groups=0 gpu_i8_refs=0 fp32_groups=0 ane_min_refs=128 concurrent=1 ane_pipeline=1 output_queue=4 async_ane=7 gpu_overlap=203 finishes=7 waits=14
ds4: Flash-MoE overlap plan layer=23 exec_groups=210 planned_ane_groups=7 planned_ane_refs=1419 planned_gpu_groups=203 planned_gpu_refs=4725 tail_gpu_groups=0 tail_gpu_refs=0 planned_ssd_groups=210 est_gpu=17717.0 est_ane=1140.7 est_idle=93.56% wall=104.053 ms actual_ane_groups=7 actual_ane_refs=1419 actual_gpu_groups=0 actual_gpu_refs=0 finishes=7 waits=14 overlap_gpu_groups=203
ds4: Flash-MoE async pread canceled queued=0 reading=0 ready=230 finished=0
ds4: gpu chunked prefill pos=0 tokens=1024 layer 23 encode=119.880 ms execute=2.587 ms
ds4: Flash-MoE prefill layer=24 tokens=1024 unique=184 refs=6144 sync=20.673 ms plan=0.280 ms stage/compute=91.797 ms misses=184
ds4: Flash-MoE hybrid prefill layer=24 ane_groups=7 ane_refs=2037 gpu_i8_groups=0 gpu_i8_refs=0 fp32_groups=0 ane_min_refs=128 concurrent=1 ane_pipeline=1 output_queue=4 async_ane=7 gpu_overlap=177 finishes=7 waits=14
ds4: Flash-MoE overlap plan layer=24 exec_groups=184 planned_ane_groups=7 planned_ane_refs=2037 planned_gpu_groups=177 planned_gpu_refs=4107 tail_gpu_groups=0 tail_gpu_refs=0 planned_ssd_groups=184 est_gpu=15435.0 est_ane=1145.9 est_idle=92.58% wall=91.467 ms actual_ane_groups=7 actual_ane_refs=2037 actual_gpu_groups=0 actual_gpu_refs=0 finishes=7 waits=14 overlap_gpu_groups=177
ds4: Flash-MoE async pread canceled queued=0 reading=0 ready=242 finished=0
ds4: gpu chunked prefill pos=0 tokens=1024 layer 24 encode=113.396 ms execute=2.533 ms
ds4: Flash-MoE prefill layer=25 tokens=1024 unique=211 refs=6144 sync=14.758 ms plan=0.360 ms stage/compute=103.425 ms misses=211
ds4: Flash-MoE hybrid prefill layer=25 ane_groups=5 ane_refs=1906 gpu_i8_groups=0 gpu_i8_refs=0 fp32_groups=0 ane_min_refs=128 concurrent=1 ane_pipeline=1 output_queue=4 async_ane=5 gpu_overlap=206 finishes=5 waits=10
ds4: Flash-MoE overlap plan layer=25 exec_groups=211 planned_ane_groups=5 planned_ane_refs=1906 planned_gpu_groups=206 planned_gpu_refs=4238 tail_gpu_groups=0 tail_gpu_refs=0 planned_ssd_groups=211 est_gpu=17422.0 est_ane=825.9 est_idle=95.26% wall=103.084 ms actual_ane_groups=5 actual_ane_refs=1906 actual_gpu_groups=0 actual_gpu_refs=0 finishes=5 waits=10 overlap_gpu_groups=206
ds4: Flash-MoE async pread canceled queued=0 reading=0 ready=251 finished=0
ds4: gpu chunked prefill pos=0 tokens=1024 layer 25 encode=119.179 ms execute=2.567 ms
ds4: Flash-MoE prefill layer=26 tokens=1024 unique=169 refs=6144 sync=20.779 ms plan=0.340 ms stage/compute=86.677 ms misses=169
ds4: Flash-MoE hybrid prefill layer=26 ane_groups=4 ane_refs=2251 gpu_i8_groups=0 gpu_i8_refs=0 fp32_groups=0 ane_min_refs=128 concurrent=1 ane_pipeline=1 output_queue=4 async_ane=4 gpu_overlap=165 finishes=4 waits=8
ds4: Flash-MoE overlap plan layer=26 exec_groups=169 planned_ane_groups=4 planned_ane_refs=2251 planned_gpu_groups=165 planned_gpu_refs=3893 tail_gpu_groups=0 tail_gpu_refs=0 planned_ssd_groups=169 est_gpu=14453.0 est_ane=665.9 est_idle=95.39% wall=86.362 ms actual_ane_groups=4 actual_ane_refs=2251 actual_gpu_groups=0 actual_gpu_refs=0 finishes=4 waits=8 overlap_gpu_groups=165
ds4: Flash-MoE async pread canceled queued=0 reading=0 ready=267 finished=0
ds4: gpu chunked prefill pos=0 tokens=1024 layer 26 encode=108.439 ms execute=2.645 ms
ds4: Flash-MoE prefill layer=27 tokens=1024 unique=198 refs=6144 sync=14.406 ms plan=0.318 ms stage/compute=98.346 ms misses=198
ds4: Flash-MoE hybrid prefill layer=27 ane_groups=5 ane_refs=1887 gpu_i8_groups=0 gpu_i8_refs=0 fp32_groups=0 ane_min_refs=128 concurrent=1 ane_pipeline=1 output_queue=4 async_ane=5 gpu_overlap=193 finishes=5 waits=10
ds4: Flash-MoE overlap plan layer=27 exec_groups=198 planned_ane_groups=5 planned_ane_refs=1887 planned_gpu_groups=193 planned_gpu_refs=4257 tail_gpu_groups=0 tail_gpu_refs=0 planned_ssd_groups=198 est_gpu=16609.0 est_ane=823.3 est_idle=95.04% wall=98.021 ms actual_ane_groups=5 actual_ane_refs=1887 actual_gpu_groups=0 actual_gpu_refs=0 finishes=5 waits=10 overlap_gpu_groups=193
ds4: Flash-MoE async pread canceled queued=0 reading=0 ready=279 finished=0
ds4: gpu chunked prefill pos=0 tokens=1024 layer 27 encode=113.597 ms execute=2.581 ms
ds4: Flash-MoE prefill layer=28 tokens=1024 unique=200 refs=6144 sync=20.381 ms plan=0.292 ms stage/compute=99.233 ms misses=200
ds4: Flash-MoE hybrid prefill layer=28 ane_groups=5 ane_refs=2111 gpu_i8_groups=0 gpu_i8_refs=0 fp32_groups=0 ane_min_refs=128 concurrent=1 ane_pipeline=1 output_queue=4 async_ane=5 gpu_overlap=195 finishes=5 waits=10
ds4: Flash-MoE overlap plan layer=28 exec_groups=200 planned_ane_groups=5 planned_ane_refs=2111 planned_gpu_groups=195 planned_gpu_refs=4033 tail_gpu_groups=0 tail_gpu_refs=0 planned_ssd_groups=200 est_gpu=16513.0 est_ane=825.9 est_idle=95.00% wall=98.903 ms actual_ane_groups=5 actual_ane_refs=2111 actual_gpu_groups=0 actual_gpu_refs=0 finishes=5 waits=10 overlap_gpu_groups=195
ds4: Flash-MoE async pread canceled queued=0 reading=0 ready=287 finished=0
ds4: gpu chunked prefill pos=0 tokens=1024 layer 28 encode=120.548 ms execute=2.733 ms
ds4: Flash-MoE prefill layer=29 tokens=1024 unique=186 refs=6144 sync=14.333 ms plan=0.329 ms stage/compute=92.732 ms misses=186
ds4: Flash-MoE hybrid prefill layer=29 ane_groups=5 ane_refs=2177 gpu_i8_groups=0 gpu_i8_refs=0 fp32_groups=0 ane_min_refs=128 concurrent=1 ane_pipeline=1 output_queue=4 async_ane=5 gpu_overlap=181 finishes=5 waits=10
ds4: Flash-MoE overlap plan layer=29 exec_groups=186 planned_ane_groups=5 planned_ane_refs=2177 planned_gpu_groups=181 planned_gpu_refs=3967 tail_gpu_groups=0 tail_gpu_refs=0 planned_ssd_groups=186 est_gpu=15551.0 est_ane=825.9 est_idle=94.69% wall=92.414 ms actual_ane_groups=5 actual_ane_refs=2177 actual_gpu_groups=0 actual_gpu_refs=0 finishes=5 waits=10 overlap_gpu_groups=181
ds4: Flash-MoE async pread canceled queued=0 reading=0 ready=299 finished=0
ds4: gpu chunked prefill pos=0 tokens=1024 layer 29 encode=107.909 ms execute=2.694 ms
ds4: Flash-MoE prefill layer=30 tokens=1024 unique=186 refs=6144 sync=20.438 ms plan=0.306 ms stage/compute=89.217 ms misses=186
ds4: Flash-MoE hybrid prefill layer=30 ane_groups=8 ane_refs=2327 gpu_i8_groups=0 gpu_i8_refs=0 fp32_groups=0 ane_min_refs=128 concurrent=1 ane_pipeline=1 output_queue=4 async_ane=8 gpu_overlap=178 finishes=8 waits=16
ds4: Flash-MoE overlap plan layer=30 exec_groups=186 planned_ane_groups=8 planned_ane_refs=2327 planned_gpu_groups=178 planned_gpu_refs=3817 tail_gpu_groups=0 tail_gpu_refs=0 planned_ssd_groups=186 est_gpu=15209.0 est_ane=1313.6 est_idle=91.36% wall=88.894 ms actual_ane_groups=8 actual_ane_refs=2327 actual_gpu_groups=0 actual_gpu_refs=0 finishes=8 waits=16 overlap_gpu_groups=178
ds4: Flash-MoE async pread canceled queued=0 reading=0 ready=310 finished=0
ds4: gpu chunked prefill pos=0 tokens=1024 layer 30 encode=110.638 ms execute=2.485 ms
ds4: Flash-MoE prefill layer=31 tokens=1024 unique=206 refs=6144 sync=14.581 ms plan=0.318 ms stage/compute=100.980 ms misses=206
ds4: Flash-MoE hybrid prefill layer=31 ane_groups=5 ane_refs=1771 gpu_i8_groups=0 gpu_i8_refs=0 fp32_groups=0 ane_min_refs=128 concurrent=1 ane_pipeline=1 output_queue=4 async_ane=5 gpu_overlap=201 finishes=5 waits=10
ds4: Flash-MoE overlap plan layer=31 exec_groups=206 planned_ane_groups=5 planned_ane_refs=1771 planned_gpu_groups=201 planned_gpu_refs=4373 tail_gpu_groups=0 tail_gpu_refs=0 planned_ssd_groups=206 est_gpu=17237.0 est_ane=823.3 est_idle=95.22% wall=100.639 ms actual_ane_groups=5 actual_ane_refs=1771 actual_gpu_groups=0 actual_gpu_refs=0 finishes=5 waits=10 overlap_gpu_groups=201
ds4: Flash-MoE async pread canceled queued=0 reading=0 ready=324 finished=0
ds4: gpu chunked prefill pos=0 tokens=1024 layer 31 encode=116.363 ms execute=2.580 ms
ds4: Flash-MoE prefill layer=32 tokens=1024 unique=195 refs=6144 sync=20.403 ms plan=0.331 ms stage/compute=97.879 ms misses=195
ds4: Flash-MoE hybrid prefill layer=32 ane_groups=6 ane_refs=1644 gpu_i8_groups=0 gpu_i8_refs=0 fp32_groups=0 ane_min_refs=128 concurrent=1 ane_pipeline=1 output_queue=4 async_ane=6 gpu_overlap=189 finishes=6 waits=12
ds4: Flash-MoE overlap plan layer=32 exec_groups=195 planned_ane_groups=6 planned_ane_refs=1644 planned_gpu_groups=189 planned_gpu_refs=4500 tail_gpu_groups=0 tail_gpu_refs=0 planned_ssd_groups=195 est_gpu=16596.0 est_ane=983.3 est_idle=94.08% wall=97.522 ms actual_ane_groups=6 actual_ane_refs=1644 actual_gpu_groups=0 actual_gpu_refs=0 finishes=6 waits=12 overlap_gpu_groups=189
ds4: Flash-MoE async pread canceled queued=0 reading=0 ready=332 finished=0
ds4: gpu chunked prefill pos=0 tokens=1024 layer 32 encode=119.293 ms execute=2.537 ms
ds4: Flash-MoE prefill layer=33 tokens=1024 unique=205 refs=6144 sync=14.322 ms plan=0.321 ms stage/compute=100.981 ms misses=205
ds4: Flash-MoE hybrid prefill layer=33 ane_groups=3 ane_refs=1515 gpu_i8_groups=0 gpu_i8_refs=0 fp32_groups=0 ane_min_refs=128 concurrent=1 ane_pipeline=1 output_queue=4 async_ane=3 gpu_overlap=202 finishes=3 waits=6
ds4: Flash-MoE overlap plan layer=33 exec_groups=205 planned_ane_groups=3 planned_ane_refs=1515 planned_gpu_groups=202 planned_gpu_refs=4629 tail_gpu_groups=0 tail_gpu_refs=0 planned_ssd_groups=205 est_gpu=17557.0 est_ane=498.1 est_idle=97.16% wall=100.642 ms actual_ane_groups=3 actual_ane_refs=1515 actual_gpu_groups=0 actual_gpu_refs=0 finishes=3 waits=6 overlap_gpu_groups=202
ds4: Flash-MoE async pread canceled queued=0 reading=0 ready=341 finished=0
ds4: gpu chunked prefill pos=0 tokens=1024 layer 33 encode=116.107 ms execute=2.608 ms
ds4: Flash-MoE prefill layer=34 tokens=1024 unique=191 refs=6144 sync=20.339 ms plan=0.304 ms stage/compute=98.501 ms misses=191
ds4: Flash-MoE hybrid prefill layer=34 ane_groups=6 ane_refs=1982 gpu_i8_groups=0 gpu_i8_refs=0 fp32_groups=0 ane_min_refs=128 concurrent=1 ane_pipeline=1 output_queue=4 async_ane=6 gpu_overlap=185 finishes=6 waits=12
ds4: Flash-MoE overlap plan layer=34 exec_groups=191 planned_ane_groups=6 planned_ane_refs=1982 planned_gpu_groups=185 planned_gpu_refs=4162 tail_gpu_groups=0 tail_gpu_refs=0 planned_ssd_groups=191 est_gpu=16002.0 est_ane=983.3 est_idle=93.86% wall=98.178 ms actual_ane_groups=6 actual_ane_refs=1982 actual_gpu_groups=0 actual_gpu_refs=0 finishes=6 waits=12 overlap_gpu_groups=185
ds4: Flash-MoE async pread canceled queued=0 reading=0 ready=353 finished=0
ds4: gpu chunked prefill pos=0 tokens=1024 layer 34 encode=119.799 ms execute=2.505 ms
ds4: Flash-MoE prefill layer=35 tokens=1024 unique=215 refs=6144 sync=14.405 ms plan=0.326 ms stage/compute=109.212 ms misses=215
ds4: Flash-MoE hybrid prefill layer=35 ane_groups=5 ane_refs=1270 gpu_i8_groups=0 gpu_i8_refs=0 fp32_groups=0 ane_min_refs=128 concurrent=1 ane_pipeline=1 output_queue=4 async_ane=5 gpu_overlap=210 finishes=5 waits=10
ds4: Flash-MoE overlap plan layer=35 exec_groups=215 planned_ane_groups=5 planned_ane_refs=1270 planned_gpu_groups=210 planned_gpu_refs=4874 tail_gpu_groups=0 tail_gpu_refs=0 planned_ssd_groups=215 est_gpu=18314.0 est_ane=820.7 est_idle=95.52% wall=108.851 ms actual_ane_groups=5 actual_ane_refs=1270 actual_gpu_groups=0 actual_gpu_refs=0 finishes=5 waits=10 overlap_gpu_groups=210
ds4: Flash-MoE async pread canceled queued=0 reading=0 ready=359 finished=0
ds4: gpu chunked prefill pos=0 tokens=1024 layer 35 encode=124.446 ms execute=2.621 ms
ds4: Flash-MoE prefill layer=36 tokens=1024 unique=189 refs=6144 sync=20.226 ms plan=0.345 ms stage/compute=95.508 ms misses=189
ds4: Flash-MoE hybrid prefill layer=36 ane_groups=7 ane_refs=2456 gpu_i8_groups=0 gpu_i8_refs=0 fp32_groups=0 ane_min_refs=128 concurrent=1 ane_pipeline=1 output_queue=4 async_ane=7 gpu_overlap=182 finishes=7 waits=14
ds4: Flash-MoE overlap plan layer=36 exec_groups=189 planned_ane_groups=7 planned_ane_refs=2456 planned_gpu_groups=182 planned_gpu_refs=3688 tail_gpu_groups=0 tail_gpu_refs=0 planned_ssd_groups=189 est_gpu=15336.0 est_ane=1151.0 est_idle=92.49% wall=95.188 ms actual_ane_groups=7 actual_ane_refs=2456 actual_gpu_groups=0 actual_gpu_refs=0 finishes=7 waits=14 overlap_gpu_groups=182
ds4: Flash-MoE async pread canceled queued=0 reading=0 ready=371 finished=0
ds4: gpu chunked prefill pos=0 tokens=1024 layer 36 encode=116.686 ms execute=2.501 ms
ds4: Flash-MoE prefill layer=37 tokens=1024 unique=204 refs=6144 sync=14.460 ms plan=0.346 ms stage/compute=105.044 ms misses=204
ds4: Flash-MoE hybrid prefill layer=37 ane_groups=6 ane_refs=2018 gpu_i8_groups=0 gpu_i8_refs=0 fp32_groups=0 ane_min_refs=128 concurrent=1 ane_pipeline=1 output_queue=4 async_ane=6 gpu_overlap=198 finishes=6 waits=12
ds4: Flash-MoE overlap plan layer=37 exec_groups=204 planned_ane_groups=6 planned_ane_refs=2018 planned_gpu_groups=198 planned_gpu_refs=4126 tail_gpu_groups=0 tail_gpu_refs=0 planned_ssd_groups=204 est_gpu=16798.0 est_ane=985.9 est_idle=94.13% wall=104.703 ms actual_ane_groups=6 actual_ane_refs=2018 actual_gpu_groups=0 actual_gpu_refs=0 finishes=6 waits=12 overlap_gpu_groups=198
ds4: Flash-MoE async pread canceled queued=0 reading=0 ready=383 finished=0
ds4: gpu chunked prefill pos=0 tokens=1024 layer 37 encode=120.289 ms execute=2.583 ms
ds4: Flash-MoE prefill layer=38 tokens=1024 unique=192 refs=6144 sync=20.290 ms plan=0.318 ms stage/compute=99.498 ms misses=192
ds4: Flash-MoE hybrid prefill layer=38 ane_groups=6 ane_refs=2230 gpu_i8_groups=0 gpu_i8_refs=0 fp32_groups=0 ane_min_refs=128 concurrent=1 ane_pipeline=1 output_queue=4 async_ane=6 gpu_overlap=186 finishes=6 waits=12
ds4: Flash-MoE overlap plan layer=38 exec_groups=192 planned_ane_groups=6 planned_ane_refs=2230 planned_gpu_groups=186 planned_gpu_refs=3914 tail_gpu_groups=0 tail_gpu_refs=0 planned_ssd_groups=192 est_gpu=15818.0 est_ane=988.4 est_idle=93.75% wall=99.175 ms actual_ane_groups=6 actual_ane_refs=2230 actual_gpu_groups=0 actual_gpu_refs=0 finishes=6 waits=12 overlap_gpu_groups=186
ds4: Flash-MoE async pread canceled queued=0 reading=0 ready=390 finished=0
ds4: gpu chunked prefill pos=0 tokens=1024 layer 38 encode=120.787 ms execute=2.582 ms
ds4: Flash-MoE prefill layer=39 tokens=1024 unique=207 refs=6144 sync=14.338 ms plan=0.302 ms stage/compute=102.608 ms misses=207
ds4: Flash-MoE hybrid prefill layer=39 ane_groups=4 ane_refs=1578 gpu_i8_groups=0 gpu_i8_refs=0 fp32_groups=0 ane_min_refs=128 concurrent=1 ane_pipeline=1 output_queue=4 async_ane=4 gpu_overlap=203 finishes=4 waits=8
ds4: Flash-MoE overlap plan layer=39 exec_groups=207 planned_ane_groups=4 planned_ane_refs=1578 planned_gpu_groups=203 planned_gpu_refs=4566 tail_gpu_groups=0 tail_gpu_refs=0 planned_ssd_groups=207 est_gpu=17558.0 est_ane=660.7 est_idle=96.24% wall=102.270 ms actual_ane_groups=4 actual_ane_refs=1578 actual_gpu_groups=0 actual_gpu_refs=0 finishes=4 waits=8 overlap_gpu_groups=203
ds4: Flash-MoE async pread canceled queued=0 reading=0 ready=399 finished=0
ds4: gpu chunked prefill pos=0 tokens=1024 layer 39 encode=117.705 ms execute=2.690 ms
ds4: Flash-MoE prefill layer=40 tokens=1024 unique=182 refs=6144 sync=20.545 ms plan=0.316 ms stage/compute=89.416 ms misses=182
ds4: Flash-MoE hybrid prefill layer=40 ane_groups=6 ane_refs=2589 gpu_i8_groups=0 gpu_i8_refs=0 fp32_groups=0 ane_min_refs=128 concurrent=1 ane_pipeline=1 output_queue=4 async_ane=6 gpu_overlap=176 finishes=6 waits=12
ds4: Flash-MoE overlap plan layer=40 exec_groups=182 planned_ane_groups=6 planned_ane_refs=2589 planned_gpu_groups=176 planned_gpu_refs=3555 tail_gpu_groups=0 tail_gpu_refs=0 planned_ssd_groups=182 est_gpu=14819.0 est_ane=991.0 est_idle=93.31% wall=89.101 ms actual_ane_groups=6 actual_ane_refs=2589 actual_gpu_groups=0 actual_gpu_refs=0 finishes=6 waits=12 overlap_gpu_groups=176
ds4: Flash-MoE async pread canceled queued=0 reading=0 ready=411 finished=0
ds4: gpu chunked prefill pos=0 tokens=1024 layer 40 encode=111.007 ms execute=2.577 ms
ds4: Flash-MoE prefill layer=41 tokens=1024 unique=195 refs=6144 sync=14.522 ms plan=0.331 ms stage/compute=97.521 ms misses=195
ds4: Flash-MoE hybrid prefill layer=41 ane_groups=4 ane_refs=1712 gpu_i8_groups=0 gpu_i8_refs=0 fp32_groups=0 ane_min_refs=128 concurrent=1 ane_pipeline=1 output_queue=4 async_ane=4 gpu_overlap=191 finishes=4 waits=8
ds4: Flash-MoE overlap plan layer=41 exec_groups=195 planned_ane_groups=4 planned_ane_refs=1712 planned_gpu_groups=191 planned_gpu_refs=4432 tail_gpu_groups=0 tail_gpu_refs=0 planned_ssd_groups=195 est_gpu=16656.0 est_ane=663.3 est_idle=96.02% wall=97.194 ms actual_ane_groups=4 actual_ane_refs=1712 actual_gpu_groups=0 actual_gpu_refs=0 finishes=4 waits=8 overlap_gpu_groups=191
ds4: Flash-MoE async pread canceled queued=0 reading=0 ready=419 finished=0
ds4: gpu chunked prefill pos=0 tokens=1024 layer 41 encode=112.890 ms execute=2.589 ms
ds4: Flash-MoE prefill layer=42 tokens=1024 unique=198 refs=6144 sync=20.137 ms plan=0.303 ms stage/compute=99.029 ms misses=198
ds4: Flash-MoE hybrid prefill layer=42 ane_groups=5 ane_refs=1837 gpu_i8_groups=0 gpu_i8_refs=0 fp32_groups=0 ane_min_refs=128 concurrent=1 ane_pipeline=1 output_queue=4 async_ane=5 gpu_overlap=193 finishes=5 waits=10
ds4: Flash-MoE overlap plan layer=42 exec_groups=198 planned_ane_groups=5 planned_ane_refs=1837 planned_gpu_groups=193 planned_gpu_refs=4307 tail_gpu_groups=0 tail_gpu_refs=0 planned_ssd_groups=198 est_gpu=16659.0 est_ane=828.4 est_idle=95.03% wall=98.668 ms actual_ane_groups=5 actual_ane_refs=1837 actual_gpu_groups=0 actual_gpu_refs=0 finishes=5 waits=10 overlap_gpu_groups=193
ds4: Flash-MoE async pread canceled queued=0 reading=0 ready=426 finished=0
ds4: gpu chunked prefill pos=0 tokens=1024 layer 42 encode=120.177 ms execute=2.510 ms
processing 8423 input tokens: 1024/8423 (12.2%) batch=189.89 t/s avg=180.10 t/s
ds4: Flash-MoE prefill layer=0 tokens=1024 unique=256 refs=6144 sync=12.163 ms plan=0.319 ms stage/compute=149.558 ms misses=256
ds4: Flash-MoE hybrid prefill layer=0 ane_groups=0 ane_refs=0 gpu_i8_groups=0 gpu_i8_refs=0 fp32_groups=0 ane_min_refs=128 concurrent=1 ane_pipeline=1 output_queue=4 async_ane=0 gpu_overlap=0 finishes=0 waits=0
ds4: Flash-MoE overlap plan layer=0 exec_groups=256 planned_ane_groups=0 planned_ane_refs=0 planned_gpu_groups=256 planned_gpu_refs=6144 tail_gpu_groups=0 tail_gpu_refs=0 planned_ssd_groups=256 est_gpu=22528.0 est_ane=0.0 est_idle=100.00% wall=149.182 ms actual_ane_groups=0 actual_ane_refs=0 actual_gpu_groups=0 actual_gpu_refs=0 finishes=0 waits=0 overlap_gpu_groups=0
ds4: Flash-MoE async pread canceled queued=0 reading=0 ready=426 finished=0
ds4: gpu chunked prefill pos=1024 tokens=1024 layer 0 encode=162.425 ms execute=2.708 ms
ds4: Flash-MoE prefill layer=1 tokens=1024 unique=256 refs=6144 sync=12.570 ms plan=0.347 ms stage/compute=149.367 ms misses=256
ds4: Flash-MoE hybrid prefill layer=1 ane_groups=0 ane_refs=0 gpu_i8_groups=0 gpu_i8_refs=0 fp32_groups=0 ane_min_refs=128 concurrent=1 ane_pipeline=1 output_queue=4 async_ane=0 gpu_overlap=0 finishes=0 waits=0
ds4: Flash-MoE overlap plan layer=1 exec_groups=256 planned_ane_groups=0 planned_ane_refs=0 planned_gpu_groups=256 planned_gpu_refs=6144 tail_gpu_groups=0 tail_gpu_refs=0 planned_ssd_groups=256 est_gpu=22528.0 est_ane=0.0 est_idle=100.00% wall=148.952 ms actual_ane_groups=0 actual_ane_refs=0 actual_gpu_groups=0 actual_gpu_refs=0 finishes=0 waits=0 overlap_gpu_groups=0
ds4: Flash-MoE async pread canceled queued=0 reading=0 ready=426 finished=0
ds4: gpu chunked prefill pos=1024 tokens=1024 layer 1 encode=162.834 ms execute=2.624 ms
ds4: Flash-MoE prefill layer=2 tokens=1024 unique=256 refs=6144 sync=23.207 ms plan=0.329 ms stage/compute=148.975 ms misses=256
ds4: Flash-MoE hybrid prefill layer=2 ane_groups=0 ane_refs=0 gpu_i8_groups=0 gpu_i8_refs=0 fp32_groups=0 ane_min_refs=128 concurrent=1 ane_pipeline=1 output_queue=4 async_ane=0 gpu_overlap=0 finishes=0 waits=0
ds4: Flash-MoE overlap plan layer=2 exec_groups=256 planned_ane_groups=0 planned_ane_refs=0 planned_gpu_groups=256 planned_gpu_refs=6144 tail_gpu_groups=0 tail_gpu_refs=0 planned_ssd_groups=256 est_gpu=22528.0 est_ane=0.0 est_idle=100.00% wall=148.512 ms actual_ane_groups=0 actual_ane_refs=0 actual_gpu_groups=0 actual_gpu_refs=0 finishes=0 waits=0 overlap_gpu_groups=0
ds4: Flash-MoE async pread canceled queued=0 reading=0 ready=426 finished=0
ds4: gpu chunked prefill pos=1024 tokens=1024 layer 2 encode=173.334 ms execute=2.602 ms
ds4: Flash-MoE prefill layer=3 tokens=1024 unique=231 refs=6144 sync=14.551 ms plan=0.359 ms stage/compute=122.922 ms misses=231
ds4: Flash-MoE hybrid prefill layer=3 ane_groups=2 ane_refs=677 gpu_i8_groups=0 gpu_i8_refs=0 fp32_groups=0 ane_min_refs=128 concurrent=1 ane_pipeline=1 output_queue=4 async_ane=2 gpu_overlap=229 finishes=2 waits=4
ds4: Flash-MoE overlap plan layer=3 exec_groups=231 planned_ane_groups=2 planned_ane_refs=677 planned_gpu_groups=229 planned_gpu_refs=5467 tail_gpu_groups=0 tail_gpu_refs=0 planned_ssd_groups=231 est_gpu=20123.0 est_ane=330.3 est_idle=98.36% wall=122.460 ms actual_ane_groups=2 actual_ane_refs=677 actual_gpu_groups=0 actual_gpu_refs=0 finishes=2 waits=4 overlap_gpu_groups=229
ds4: Flash-MoE async pread canceled queued=0 reading=0 ready=431 finished=0
ds4: gpu chunked prefill pos=1024 tokens=1024 layer 3 encode=138.398 ms execute=2.557 ms
ds4: Flash-MoE prefill layer=4 tokens=1024 unique=222 refs=6144 sync=23.602 ms plan=0.360 ms stage/compute=112.201 ms misses=222
ds4: Flash-MoE hybrid prefill layer=4 ane_groups=6 ane_refs=1284 gpu_i8_groups=0 gpu_i8_refs=0 fp32_groups=0 ane_min_refs=128 concurrent=1 ane_pipeline=1 output_queue=4 async_ane=6 gpu_overlap=216 finishes=6 waits=12
ds4: Flash-MoE overlap plan layer=4 exec_groups=222 planned_ane_groups=6 planned_ane_refs=1284 planned_gpu_groups=216 planned_gpu_refs=4860 tail_gpu_groups=0 tail_gpu_refs=0 planned_ssd_groups=222 est_gpu=18684.0 est_ane=980.7 est_idle=94.75% wall=111.835 ms actual_ane_groups=6 actual_ane_refs=1284 actual_gpu_groups=0 actual_gpu_refs=0 finishes=6 waits=12 overlap_gpu_groups=216
ds4: Flash-MoE async pread canceled queued=0 reading=0 ready=439 finished=0
ds4: gpu chunked prefill pos=1024 tokens=1024 layer 4 encode=137.157 ms execute=2.565 ms
ds4: Flash-MoE prefill layer=5 tokens=1024 unique=237 refs=6144 sync=14.528 ms plan=0.437 ms stage/compute=122.386 ms misses=237
ds4: Flash-MoE hybrid prefill layer=5 ane_groups=2 ane_refs=866 gpu_i8_groups=0 gpu_i8_refs=0 fp32_groups=0 ane_min_refs=128 concurrent=1 ane_pipeline=1 output_queue=4 async_ane=2 gpu_overlap=235 finishes=2 waits=4
ds4: Flash-MoE overlap plan layer=5 exec_groups=237 planned_ane_groups=2 planned_ane_refs=866 planned_gpu_groups=235 planned_gpu_refs=5278 tail_gpu_groups=0 tail_gpu_refs=0 planned_ssd_groups=237 est_gpu=20318.0 est_ane=330.3 est_idle=98.37% wall=122.015 ms actual_ane_groups=2 actual_ane_refs=866 actual_gpu_groups=0 actual_gpu_refs=0 finishes=2 waits=4 overlap_gpu_groups=235
ds4: Flash-MoE async pread canceled queued=0 reading=0 ready=444 finished=0
ds4: gpu chunked prefill pos=1024 tokens=1024 layer 5 encode=137.848 ms execute=2.568 ms
ds4: Flash-MoE prefill layer=6 tokens=1024 unique=229 refs=6144 sync=23.315 ms plan=0.310 ms stage/compute=117.785 ms misses=229
ds4: Flash-MoE hybrid prefill layer=6 ane_groups=5 ane_refs=1200 gpu_i8_groups=0 gpu_i8_refs=0 fp32_groups=0 ane_min_refs=128 concurrent=1 ane_pipeline=1 output_queue=4 async_ane=5 gpu_overlap=224 finishes=5 waits=10
ds4: Flash-MoE overlap plan layer=6 exec_groups=229 planned_ane_groups=5 planned_ane_refs=1200 planned_gpu_groups=224 planned_gpu_refs=4944 tail_gpu_groups=0 tail_gpu_refs=0 planned_ssd_groups=229 est_gpu=19280.0 est_ane=815.5 est_idle=95.77% wall=117.371 ms actual_ane_groups=5 actual_ane_refs=1200 actual_gpu_groups=0 actual_gpu_refs=0 finishes=5 waits=10 overlap_gpu_groups=224
ds4: Flash-MoE async pread canceled queued=0 reading=0 ready=449 finished=0
ds4: gpu chunked prefill pos=1024 tokens=1024 layer 6 encode=142.163 ms execute=2.555 ms
ds4: Flash-MoE prefill layer=7 tokens=1024 unique=229 refs=6144 sync=14.573 ms plan=0.331 ms stage/compute=111.508 ms misses=229
ds4: Flash-MoE hybrid prefill layer=7 ane_groups=6 ane_refs=2023 gpu_i8_groups=0 gpu_i8_refs=0 fp32_groups=0 ane_min_refs=128 concurrent=1 ane_pipeline=1 output_queue=4 async_ane=6 gpu_overlap=223 finishes=6 waits=12
ds4: Flash-MoE overlap plan layer=7 exec_groups=229 planned_ane_groups=6 planned_ane_refs=2023 planned_gpu_groups=223 planned_gpu_refs=4121 tail_gpu_groups=0 tail_gpu_refs=0 planned_ssd_groups=229 est_gpu=18393.0 est_ane=988.4 est_idle=94.63% wall=111.124 ms actual_ane_groups=6 actual_ane_refs=2023 actual_gpu_groups=0 actual_gpu_refs=0 finishes=6 waits=12 overlap_gpu_groups=223
ds4: Flash-MoE async pread canceled queued=0 reading=0 ready=454 finished=0
ds4: gpu chunked prefill pos=1024 tokens=1024 layer 7 encode=126.921 ms execute=2.648 ms
ds4: Flash-MoE prefill layer=8 tokens=1024 unique=223 refs=6144 sync=23.257 ms plan=0.290 ms stage/compute=114.191 ms misses=223
ds4: Flash-MoE hybrid prefill layer=8 ane_groups=4 ane_refs=1534 gpu_i8_groups=0 gpu_i8_refs=0 fp32_groups=0 ane_min_refs=128 concurrent=1 ane_pipeline=1 output_queue=4 async_ane=4 gpu_overlap=219 finishes=4 waits=8
ds4: Flash-MoE overlap plan layer=8 exec_groups=223 planned_ane_groups=4 planned_ane_refs=1534 planned_gpu_groups=219 planned_gpu_refs=4610 tail_gpu_groups=0 tail_gpu_refs=0 planned_ssd_groups=223 est_gpu=18626.0 est_ane=660.7 est_idle=96.45% wall=113.800 ms actual_ane_groups=4 actual_ane_refs=1534 actual_gpu_groups=0 actual_gpu_refs=0 finishes=4 waits=8 overlap_gpu_groups=219
ds4: Flash-MoE async pread canceled queued=0 reading=0 ready=464 finished=0
ds4: gpu chunked prefill pos=1024 tokens=1024 layer 8 encode=138.381 ms execute=2.665 ms
ds4: Flash-MoE prefill layer=9 tokens=1024 unique=240 refs=6144 sync=14.591 ms plan=0.313 ms stage/compute=119.477 ms misses=240
ds4: Flash-MoE hybrid prefill layer=9 ane_groups=3 ane_refs=857 gpu_i8_groups=0 gpu_i8_refs=0 fp32_groups=0 ane_min_refs=128 concurrent=1 ane_pipeline=1 output_queue=4 async_ane=3 gpu_overlap=237 finishes=3 waits=6
ds4: Flash-MoE overlap plan layer=9 exec_groups=240 planned_ane_groups=3 planned_ane_refs=857 planned_gpu_groups=237 planned_gpu_refs=5287 tail_gpu_groups=0 tail_gpu_refs=0 planned_ssd_groups=240 est_gpu=20455.0 est_ane=492.9 est_idle=97.59% wall=119.078 ms actual_ane_groups=3 actual_ane_refs=857 actual_gpu_groups=0 actual_gpu_refs=0 finishes=3 waits=6 overlap_gpu_groups=237
ds4: Flash-MoE async pread canceled queued=0 reading=0 ready=467 finished=0
ds4: gpu chunked prefill pos=1024 tokens=1024 layer 9 encode=134.861 ms execute=2.614 ms
ds4: Flash-MoE prefill layer=10 tokens=1024 unique=226 refs=6144 sync=23.327 ms plan=0.359 ms stage/compute=119.841 ms misses=226
ds4: Flash-MoE hybrid prefill layer=10 ane_groups=4 ane_refs=804 gpu_i8_groups=0 gpu_i8_refs=0 fp32_groups=0 ane_min_refs=128 concurrent=1 ane_pipeline=1 output_queue=4 async_ane=4 gpu_overlap=222 finishes=4 waits=8
ds4: Flash-MoE overlap plan layer=10 exec_groups=226 planned_ane_groups=4 planned_ane_refs=804 planned_gpu_groups=222 planned_gpu_refs=5340 tail_gpu_groups=0 tail_gpu_refs=0 planned_ssd_groups=226 est_gpu=19548.0 est_ane=652.9 est_idle=96.66% wall=119.474 ms actual_ane_groups=4 actual_ane_refs=804 actual_gpu_groups=0 actual_gpu_refs=0 finishes=4 waits=8 overlap_gpu_groups=222
ds4: Flash-MoE async pread canceled queued=0 reading=0 ready=475 finished=0
ds4: gpu chunked prefill pos=1024 tokens=1024 layer 10 encode=144.273 ms execute=2.540 ms
ds4: Flash-MoE prefill layer=11 tokens=1024 unique=234 refs=6144 sync=14.514 ms plan=0.357 ms stage/compute=119.615 ms misses=234
ds4: Flash-MoE hybrid prefill layer=11 ane_groups=4 ane_refs=987 gpu_i8_groups=0 gpu_i8_refs=0 fp32_groups=0 ane_min_refs=128 concurrent=1 ane_pipeline=1 output_queue=4 async_ane=4 gpu_overlap=230 finishes=4 waits=8
ds4: Flash-MoE overlap plan layer=11 exec_groups=234 planned_ane_groups=4 planned_ane_refs=987 planned_gpu_groups=230 planned_gpu_refs=5157 tail_gpu_groups=0 tail_gpu_refs=0 planned_ssd_groups=234 est_gpu=19877.0 est_ane=652.9 est_idle=96.72% wall=119.201 ms actual_ane_groups=4 actual_ane_refs=987 actual_gpu_groups=0 actual_gpu_refs=0 finishes=4 waits=8 overlap_gpu_groups=230
ds4: Flash-MoE async pread canceled queued=0 reading=0 ready=476 finished=0
ds4: gpu chunked prefill pos=1024 tokens=1024 layer 11 encode=134.953 ms execute=2.611 ms
ds4: Flash-MoE prefill layer=12 tokens=1024 unique=204 refs=6144 sync=23.416 ms plan=0.350 ms stage/compute=105.363 ms misses=204
ds4: Flash-MoE hybrid prefill layer=12 ane_groups=5 ane_refs=1094 gpu_i8_groups=0 gpu_i8_refs=0 fp32_groups=0 ane_min_refs=128 concurrent=1 ane_pipeline=1 output_queue=4 async_ane=5 gpu_overlap=199 finishes=5 waits=10
ds4: Flash-MoE overlap plan layer=12 exec_groups=204 planned_ane_groups=5 planned_ane_refs=1094 planned_gpu_groups=199 planned_gpu_refs=5050 tail_gpu_groups=0 tail_gpu_refs=0 planned_ssd_groups=204 est_gpu=17786.0 est_ane=818.1 est_idle=95.40% wall=105.014 ms actual_ane_groups=5 actual_ane_refs=1094 actual_gpu_groups=0 actual_gpu_refs=0 finishes=5 waits=10 overlap_gpu_groups=199
ds4: Flash-MoE async pread canceled queued=0 reading=0 ready=484 finished=0
ds4: gpu chunked prefill pos=1024 tokens=1024 layer 12 encode=129.835 ms execute=2.571 ms
ds4: Flash-MoE prefill layer=13 tokens=1024 unique=213 refs=6144 sync=14.569 ms plan=0.303 ms stage/compute=103.901 ms misses=213
ds4: Flash-MoE hybrid prefill layer=13 ane_groups=6 ane_refs=1621 gpu_i8_groups=0 gpu_i8_refs=0 fp32_groups=0 ane_min_refs=128 concurrent=1 ane_pipeline=1 output_queue=4 async_ane=6 gpu_overlap=207 finishes=6 waits=12
ds4: Flash-MoE overlap plan layer=13 exec_groups=213 planned_ane_groups=6 planned_ane_refs=1621 planned_gpu_groups=207 planned_gpu_refs=4523 tail_gpu_groups=0 tail_gpu_refs=0 planned_ssd_groups=213 est_gpu=17771.0 est_ane=983.3 est_idle=94.47% wall=103.552 ms actual_ane_groups=6 actual_ane_refs=1621 actual_gpu_groups=0 actual_gpu_refs=0 finishes=6 waits=12 overlap_gpu_groups=207
ds4: Flash-MoE async pread canceled queued=0 reading=0 ready=490 finished=0
ds4: gpu chunked prefill pos=1024 tokens=1024 layer 13 encode=119.266 ms execute=2.572 ms
ds4: Flash-MoE prefill layer=14 tokens=1024 unique=197 refs=6144 sync=23.301 ms plan=0.304 ms stage/compute=99.089 ms misses=197
ds4: Flash-MoE hybrid prefill layer=14 ane_groups=9 ane_refs=2009 gpu_i8_groups=0 gpu_i8_refs=0 fp32_groups=0 ane_min_refs=128 concurrent=1 ane_pipeline=1 output_queue=4 async_ane=9 gpu_overlap=188 finishes=9 waits=18
ds4: Flash-MoE overlap plan layer=14 exec_groups=197 planned_ane_groups=9 planned_ane_refs=2009 planned_gpu_groups=188 planned_gpu_refs=4135 tail_gpu_groups=0 tail_gpu_refs=0 planned_ssd_groups=197 est_gpu=16167.0 est_ane=1468.4 est_idle=90.92% wall=98.764 ms actual_ane_groups=9 actual_ane_refs=2009 actual_gpu_groups=0 actual_gpu_refs=0 finishes=9 waits=18 overlap_gpu_groups=188
ds4: Flash-MoE async pread canceled queued=0 reading=0 ready=506 finished=0
ds4: gpu chunked prefill pos=1024 tokens=1024 layer 14 encode=123.417 ms execute=2.642 ms
ds4: Flash-MoE prefill layer=15 tokens=1024 unique=197 refs=6144 sync=14.881 ms plan=0.296 ms stage/compute=101.829 ms misses=197
ds4: Flash-MoE hybrid prefill layer=15 ane_groups=5 ane_refs=1187 gpu_i8_groups=0 gpu_i8_refs=0 fp32_groups=0 ane_min_refs=128 concurrent=1 ane_pipeline=1 output_queue=4 async_ane=5 gpu_overlap=192 finishes=5 waits=10
ds4: Flash-MoE overlap plan layer=15 exec_groups=197 planned_ane_groups=5 planned_ane_refs=1187 planned_gpu_groups=192 planned_gpu_refs=4957 tail_gpu_groups=0 tail_gpu_refs=0 planned_ssd_groups=197 est_gpu=17245.0 est_ane=818.1 est_idle=95.26% wall=101.501 ms actual_ane_groups=5 actual_ane_refs=1187 actual_gpu_groups=0 actual_gpu_refs=0 finishes=5 waits=10 overlap_gpu_groups=192
ds4: Flash-MoE async pread canceled queued=0 reading=0 ready=518 finished=0
ds4: gpu chunked prefill pos=1024 tokens=1024 layer 15 encode=117.733 ms execute=2.559 ms
ds4: Flash-MoE prefill layer=16 tokens=1024 unique=202 refs=6144 sync=23.205 ms plan=0.309 ms stage/compute=106.628 ms misses=202
ds4: Flash-MoE hybrid prefill layer=16 ane_groups=4 ane_refs=1230 gpu_i8_groups=0 gpu_i8_refs=0 fp32_groups=0 ane_min_refs=128 concurrent=1 ane_pipeline=1 output_queue=4 async_ane=4 gpu_overlap=198 finishes=4 waits=8
ds4: Flash-MoE overlap plan layer=16 exec_groups=202 planned_ane_groups=4 planned_ane_refs=1230 planned_gpu_groups=198 planned_gpu_refs=4914 tail_gpu_groups=0 tail_gpu_refs=0 planned_ssd_groups=202 est_gpu=17586.0 est_ane=658.1 est_idle=96.26% wall=106.274 ms actual_ane_groups=4 actual_ane_refs=1230 actual_gpu_groups=0 actual_gpu_refs=0 finishes=4 waits=8 overlap_gpu_groups=198
ds4: Flash-MoE async pread canceled queued=0 reading=0 ready=530 finished=0
ds4: gpu chunked prefill pos=1024 tokens=1024 layer 16 encode=130.881 ms execute=2.559 ms
ds4: Flash-MoE prefill layer=17 tokens=1024 unique=201 refs=6144 sync=14.541 ms plan=0.271 ms stage/compute=102.828 ms misses=201
ds4: Flash-MoE hybrid prefill layer=17 ane_groups=7 ane_refs=1584 gpu_i8_groups=0 gpu_i8_refs=0 fp32_groups=0 ane_min_refs=128 concurrent=1 ane_pipeline=1 output_queue=4 async_ane=7 gpu_overlap=194 finishes=7 waits=14
ds4: Flash-MoE overlap plan layer=17 exec_groups=201 planned_ane_groups=7 planned_ane_refs=1584 planned_gpu_groups=194 planned_gpu_refs=4560 tail_gpu_groups=0 tail_gpu_refs=0 planned_ssd_groups=201 est_gpu=16976.0 est_ane=1143.3 est_idle=93.27% wall=102.478 ms actual_ane_groups=7 actual_ane_refs=1584 actual_gpu_groups=0 actual_gpu_refs=0 finishes=7 waits=14 overlap_gpu_groups=194
ds4: Flash-MoE async pread canceled queued=0 reading=0 ready=539 finished=0
ds4: gpu chunked prefill pos=1024 tokens=1024 layer 17 encode=118.152 ms execute=2.586 ms
ds4: Flash-MoE prefill layer=18 tokens=1024 unique=197 refs=6144 sync=23.283 ms plan=0.349 ms stage/compute=96.556 ms misses=197
ds4: Flash-MoE hybrid prefill layer=18 ane_groups=7 ane_refs=1762 gpu_i8_groups=0 gpu_i8_refs=0 fp32_groups=0 ane_min_refs=128 concurrent=1 ane_pipeline=1 output_queue=4 async_ane=7 gpu_overlap=190 finishes=7 waits=14
ds4: Flash-MoE overlap plan layer=18 exec_groups=197 planned_ane_groups=7 planned_ane_refs=1762 planned_gpu_groups=190 planned_gpu_refs=4382 tail_gpu_groups=0 tail_gpu_refs=0 planned_ssd_groups=197 est_gpu=16542.0 est_ane=1145.9 est_idle=93.07% wall=96.188 ms actual_ane_groups=7 actual_ane_refs=1762 actual_gpu_groups=0 actual_gpu_refs=0 finishes=7 waits=14 overlap_gpu_groups=190
ds4: Flash-MoE async pread canceled queued=0 reading=0 ready=552 finished=0
ds4: gpu chunked prefill pos=1024 tokens=1024 layer 18 encode=120.894 ms execute=2.621 ms
ds4: Flash-MoE prefill layer=19 tokens=1024 unique=230 refs=6144 sync=14.758 ms plan=0.308 ms stage/compute=123.116 ms misses=230
ds4: Flash-MoE hybrid prefill layer=19 ane_groups=2 ane_refs=542 gpu_i8_groups=0 gpu_i8_refs=0 fp32_groups=0 ane_min_refs=128 concurrent=1 ane_pipeline=1 output_queue=4 async_ane=2 gpu_overlap=228 finishes=2 waits=4
ds4: Flash-MoE overlap plan layer=19 exec_groups=230 planned_ane_groups=2 planned_ane_refs=542 planned_gpu_groups=228 planned_gpu_refs=5602 tail_gpu_groups=0 tail_gpu_refs=0 planned_ssd_groups=230 est_gpu=20194.0 est_ane=327.8 est_idle=98.38% wall=122.744 ms actual_ane_groups=2 actual_ane_refs=542 actual_gpu_groups=0 actual_gpu_refs=0 finishes=2 waits=4 overlap_gpu_groups=228
ds4: Flash-MoE async pread canceled queued=0 reading=0 ready=555 finished=0
ds4: gpu chunked prefill pos=1024 tokens=1024 layer 19 encode=138.707 ms execute=2.520 ms
ds4: Flash-MoE prefill layer=20 tokens=1024 unique=182 refs=6144 sync=23.218 ms plan=0.330 ms stage/compute=93.688 ms misses=182
ds4: Flash-MoE hybrid prefill layer=20 ane_groups=6 ane_refs=1910 gpu_i8_groups=0 gpu_i8_refs=0 fp32_groups=0 ane_min_refs=128 concurrent=1 ane_pipeline=1 output_queue=4 async_ane=6 gpu_overlap=176 finishes=6 waits=12
ds4: Flash-MoE overlap plan layer=20 exec_groups=182 planned_ane_groups=6 planned_ane_refs=1910 planned_gpu_groups=176 planned_gpu_refs=4234 tail_gpu_groups=0 tail_gpu_refs=0 planned_ssd_groups=182 est_gpu=15498.0 est_ane=985.9 est_idle=93.64% wall=93.366 ms actual_ane_groups=6 actual_ane_refs=1910 actual_gpu_groups=0 actual_gpu_refs=0 finishes=6 waits=12 overlap_gpu_groups=176
ds4: Flash-MoE async pread canceled queued=0 reading=0 ready=572 finished=0
ds4: gpu chunked prefill pos=1024 tokens=1024 layer 20 encode=118.014 ms execute=2.591 ms
ds4: Flash-MoE prefill layer=21 tokens=1024 unique=213 refs=6144 sync=14.439 ms plan=0.380 ms stage/compute=111.215 ms misses=213
ds4: Flash-MoE hybrid prefill layer=21 ane_groups=4 ane_refs=668 gpu_i8_groups=0 gpu_i8_refs=0 fp32_groups=0 ane_min_refs=128 concurrent=1 ane_pipeline=1 output_queue=4 async_ane=4 gpu_overlap=209 finishes=4 waits=8
ds4: Flash-MoE overlap plan layer=21 exec_groups=213 planned_ane_groups=4 planned_ane_refs=668 planned_gpu_groups=209 planned_gpu_refs=5476 tail_gpu_groups=0 tail_gpu_refs=0 planned_ssd_groups=213 est_gpu=18852.0 est_ane=650.3 est_idle=96.55% wall=110.878 ms actual_ane_groups=4 actual_ane_refs=668 actual_gpu_groups=0 actual_gpu_refs=0 finishes=4 waits=8 overlap_gpu_groups=209
ds4: Flash-MoE async pread canceled queued=0 reading=0 ready=582 finished=0
ds4: gpu chunked prefill pos=1024 tokens=1024 layer 21 encode=126.524 ms execute=2.565 ms
ds4: Flash-MoE prefill layer=22 tokens=1024 unique=210 refs=6144 sync=23.252 ms plan=0.322 ms stage/compute=109.824 ms misses=210
ds4: Flash-MoE hybrid prefill layer=22 ane_groups=5 ane_refs=1103 gpu_i8_groups=0 gpu_i8_refs=0 fp32_groups=0 ane_min_refs=128 concurrent=1 ane_pipeline=1 output_queue=4 async_ane=5 gpu_overlap=205 finishes=5 waits=10
ds4: Flash-MoE overlap plan layer=22 exec_groups=210 planned_ane_groups=5 planned_ane_refs=1103 planned_gpu_groups=205 planned_gpu_refs=5041 tail_gpu_groups=0 tail_gpu_refs=0 planned_ssd_groups=210 est_gpu=18161.0 est_ane=815.5 est_idle=95.51% wall=109.448 ms actual_ane_groups=5 actual_ane_refs=1103 actual_gpu_groups=0 actual_gpu_refs=0 finishes=5 waits=10 overlap_gpu_groups=205
ds4: Flash-MoE async pread canceled queued=0 reading=0 ready=590 finished=0
ds4: gpu chunked prefill pos=1024 tokens=1024 layer 22 encode=134.131 ms execute=2.571 ms
ds4: Flash-MoE prefill layer=23 tokens=1024 unique=214 refs=6144 sync=14.473 ms plan=0.326 ms stage/compute=115.885 ms misses=214
ds4: Flash-MoE hybrid prefill layer=23 ane_groups=2 ane_refs=341 gpu_i8_groups=0 gpu_i8_refs=0 fp32_groups=0 ane_min_refs=128 concurrent=1 ane_pipeline=1 output_queue=4 async_ane=2 gpu_overlap=212 finishes=2 waits=4
ds4: Flash-MoE overlap plan layer=23 exec_groups=214 planned_ane_groups=2 planned_ane_refs=341 planned_gpu_groups=212 planned_gpu_refs=5803 tail_gpu_groups=0 tail_gpu_refs=0 planned_ssd_groups=214 est_gpu=19371.0 est_ane=325.2 est_idle=98.32% wall=115.478 ms actual_ane_groups=2 actual_ane_refs=341 actual_gpu_groups=0 actual_gpu_refs=0 finishes=2 waits=4 overlap_gpu_groups=212
ds4: Flash-MoE async pread canceled queued=0 reading=0 ready=596 finished=0
ds4: gpu chunked prefill pos=1024 tokens=1024 layer 23 encode=131.289 ms execute=2.573 ms
ds4: Flash-MoE prefill layer=24 tokens=1024 unique=186 refs=6144 sync=23.745 ms plan=0.312 ms stage/compute=97.049 ms misses=186
ds4: Flash-MoE hybrid prefill layer=24 ane_groups=6 ane_refs=1784 gpu_i8_groups=0 gpu_i8_refs=0 fp32_groups=0 ane_min_refs=128 concurrent=1 ane_pipeline=1 output_queue=4 async_ane=6 gpu_overlap=180 finishes=6 waits=12
ds4: Flash-MoE overlap plan layer=24 exec_groups=186 planned_ane_groups=6 planned_ane_refs=1784 planned_gpu_groups=180 planned_gpu_refs=4360 tail_gpu_groups=0 tail_gpu_refs=0 planned_ssd_groups=186 est_gpu=15880.0 est_ane=983.3 est_idle=93.81% wall=96.733 ms actual_ane_groups=6 actual_ane_refs=1784 actual_gpu_groups=0 actual_gpu_refs=0 finishes=6 waits=12 overlap_gpu_groups=180
ds4: Flash-MoE async pread canceled queued=0 reading=0 ready=603 finished=0
ds4: gpu chunked prefill pos=1024 tokens=1024 layer 24 encode=121.871 ms execute=2.561 ms
ds4: Flash-MoE prefill layer=25 tokens=1024 unique=205 refs=6144 sync=14.456 ms plan=0.319 ms stage/compute=108.836 ms misses=205
ds4: Flash-MoE hybrid prefill layer=25 ane_groups=5 ane_refs=1102 gpu_i8_groups=0 gpu_i8_refs=0 fp32_groups=0 ane_min_refs=128 concurrent=1 ane_pipeline=1 output_queue=4 async_ane=5 gpu_overlap=200 finishes=5 waits=10
ds4: Flash-MoE overlap plan layer=25 exec_groups=205 planned_ane_groups=5 planned_ane_refs=1102 planned_gpu_groups=200 planned_gpu_refs=5042 tail_gpu_groups=0 tail_gpu_refs=0 planned_ssd_groups=205 est_gpu=17842.0 est_ane=818.1 est_idle=95.41% wall=108.500 ms actual_ane_groups=5 actual_ane_refs=1102 actual_gpu_groups=0 actual_gpu_refs=0 finishes=5 waits=10 overlap_gpu_groups=200
ds4: Flash-MoE async pread canceled queued=0 reading=0 ready=616 finished=0
ds4: gpu chunked prefill pos=1024 tokens=1024 layer 25 encode=124.136 ms execute=2.726 ms
ds4: Flash-MoE prefill layer=26 tokens=1024 unique=202 refs=6144 sync=23.117 ms plan=0.376 ms stage/compute=104.420 ms misses=202
ds4: Flash-MoE hybrid prefill layer=26 ane_groups=5 ane_refs=1213 gpu_i8_groups=0 gpu_i8_refs=0 fp32_groups=0 ane_min_refs=128 concurrent=1 ane_pipeline=1 output_queue=4 async_ane=5 gpu_overlap=197 finishes=5 waits=10
ds4: Flash-MoE overlap plan layer=26 exec_groups=202 planned_ane_groups=5 planned_ane_refs=1213 planned_gpu_groups=197 planned_gpu_refs=4931 tail_gpu_groups=0 tail_gpu_refs=0 planned_ssd_groups=202 est_gpu=17539.0 est_ane=818.1 est_idle=95.34% wall=104.069 ms actual_ane_groups=5 actual_ane_refs=1213 actual_gpu_groups=0 actual_gpu_refs=0 finishes=5 waits=10 overlap_gpu_groups=197
ds4: Flash-MoE async pread canceled queued=0 reading=0 ready=625 finished=0
ds4: gpu chunked prefill pos=1024 tokens=1024 layer 26 encode=128.589 ms execute=2.589 ms
ds4: Flash-MoE prefill layer=27 tokens=1024 unique=216 refs=6144 sync=14.442 ms plan=0.312 ms stage/compute=112.937 ms misses=216
ds4: Flash-MoE hybrid prefill layer=27 ane_groups=3 ane_refs=752 gpu_i8_groups=0 gpu_i8_refs=0 fp32_groups=0 ane_min_refs=128 concurrent=1 ane_pipeline=1 output_queue=4 async_ane=3 gpu_overlap=213 finishes=3 waits=6
ds4: Flash-MoE overlap plan layer=27 exec_groups=216 planned_ane_groups=3 planned_ane_refs=752 planned_gpu_groups=213 planned_gpu_refs=5392 tail_gpu_groups=0 tail_gpu_refs=0 planned_ssd_groups=216 est_gpu=19024.0 est_ane=490.3 est_idle=97.42% wall=112.570 ms actual_ane_groups=3 actual_ane_refs=752 actual_gpu_groups=0 actual_gpu_refs=0 finishes=3 waits=6 overlap_gpu_groups=213
ds4: Flash-MoE async pread canceled queued=0 reading=0 ready=632 finished=0
ds4: gpu chunked prefill pos=1024 tokens=1024 layer 27 encode=128.184 ms execute=2.563 ms
ds4: Flash-MoE prefill layer=28 tokens=1024 unique=203 refs=6144 sync=23.111 ms plan=0.332 ms stage/compute=110.778 ms misses=203
ds4: Flash-MoE hybrid prefill layer=28 ane_groups=3 ane_refs=596 gpu_i8_groups=0 gpu_i8_refs=0 fp32_groups=0 ane_min_refs=128 concurrent=1 ane_pipeline=1 output_queue=4 async_ane=3 gpu_overlap=200 finishes=3 waits=6
ds4: Flash-MoE overlap plan layer=28 exec_groups=203 planned_ane_groups=3 planned_ane_refs=596 planned_gpu_groups=200 planned_gpu_refs=5548 tail_gpu_groups=0 tail_gpu_refs=0 planned_ssd_groups=203 est_gpu=18348.0 est_ane=490.3 est_idle=97.33% wall=110.404 ms actual_ane_groups=3 actual_ane_refs=596 actual_gpu_groups=0 actual_gpu_refs=0 finishes=3 waits=6 overlap_gpu_groups=200
ds4: Flash-MoE async pread canceled queued=0 reading=0 ready=650 finished=0
ds4: gpu chunked prefill pos=1024 tokens=1024 layer 28 encode=134.952 ms execute=2.757 ms
ds4: Flash-MoE prefill layer=29 tokens=1024 unique=196 refs=6144 sync=14.485 ms plan=0.349 ms stage/compute=104.185 ms misses=196
ds4: Flash-MoE hybrid prefill layer=29 ane_groups=5 ane_refs=1124 gpu_i8_groups=0 gpu_i8_refs=0 fp32_groups=0 ane_min_refs=128 concurrent=1 ane_pipeline=1 output_queue=4 async_ane=5 gpu_overlap=191 finishes=5 waits=10
ds4: Flash-MoE overlap plan layer=29 exec_groups=196 planned_ane_groups=5 planned_ane_refs=1124 planned_gpu_groups=191 planned_gpu_refs=5020 tail_gpu_groups=0 tail_gpu_refs=0 planned_ssd_groups=196 est_gpu=17244.0 est_ane=818.1 est_idle=95.26% wall=103.835 ms actual_ane_groups=5 actual_ane_refs=1124 actual_gpu_groups=0 actual_gpu_refs=0 finishes=5 waits=10 overlap_gpu_groups=191
ds4: Flash-MoE async pread canceled queued=0 reading=0 ready=662 finished=0
ds4: gpu chunked prefill pos=1024 tokens=1024 layer 29 encode=119.934 ms execute=2.591 ms
ds4: Flash-MoE prefill layer=30 tokens=1024 unique=203 refs=6144 sync=23.087 ms plan=0.374 ms stage/compute=109.846 ms misses=203
ds4: Flash-MoE hybrid prefill layer=30 ane_groups=4 ane_refs=898 gpu_i8_groups=0 gpu_i8_refs=0 fp32_groups=0 ane_min_refs=128 concurrent=1 ane_pipeline=1 output_queue=4 async_ane=4 gpu_overlap=199 finishes=4 waits=8
ds4: Flash-MoE overlap plan layer=30 exec_groups=203 planned_ane_groups=4 planned_ane_refs=898 planned_gpu_groups=199 planned_gpu_refs=5246 tail_gpu_groups=0 tail_gpu_refs=0 planned_ssd_groups=203 est_gpu=17982.0 est_ane=652.9 est_idle=96.37% wall=109.513 ms actual_ane_groups=4 actual_ane_refs=898 actual_gpu_groups=0 actual_gpu_refs=0 finishes=4 waits=8 overlap_gpu_groups=199
ds4: Flash-MoE async pread canceled queued=0 reading=0 ready=673 finished=0
ds4: gpu chunked prefill pos=1024 tokens=1024 layer 30 encode=133.943 ms execute=2.582 ms
ds4: Flash-MoE prefill layer=31 tokens=1024 unique=216 refs=6144 sync=14.345 ms plan=0.355 ms stage/compute=111.042 ms misses=216
ds4: Flash-MoE hybrid prefill layer=31 ane_groups=5 ane_refs=1301 gpu_i8_groups=0 gpu_i8_refs=0 fp32_groups=0 ane_min_refs=128 concurrent=1 ane_pipeline=1 output_queue=4 async_ane=5 gpu_overlap=211 finishes=5 waits=10
ds4: Flash-MoE overlap plan layer=31 exec_groups=216 planned_ane_groups=5 planned_ane_refs=1301 planned_gpu_groups=211 planned_gpu_refs=4843 tail_gpu_groups=0 tail_gpu_refs=0 planned_ssd_groups=216 est_gpu=18347.0 est_ane=818.1 est_idle=95.54% wall=110.664 ms actual_ane_groups=5 actual_ane_refs=1301 actual_gpu_groups=0 actual_gpu_refs=0 finishes=5 waits=10 overlap_gpu_groups=211
ds4: Flash-MoE async pread canceled queued=0 reading=0 ready=682 finished=0
ds4: gpu chunked prefill pos=1024 tokens=1024 layer 31 encode=126.193 ms execute=2.607 ms
ds4: Flash-MoE prefill layer=32 tokens=1024 unique=198 refs=6144 sync=23.349 ms plan=0.323 ms stage/compute=102.951 ms misses=198
ds4: Flash-MoE hybrid prefill layer=32 ane_groups=5 ane_refs=1103 gpu_i8_groups=0 gpu_i8_refs=0 fp32_groups=0 ane_min_refs=128 concurrent=1 ane_pipeline=1 output_queue=4 async_ane=5 gpu_overlap=193 finishes=5 waits=10
ds4: Flash-MoE overlap plan layer=32 exec_groups=198 planned_ane_groups=5 planned_ane_refs=1103 planned_gpu_groups=193 planned_gpu_refs=5041 tail_gpu_groups=0 tail_gpu_refs=0 planned_ssd_groups=198 est_gpu=17393.0 est_ane=820.7 est_idle=95.28% wall=102.597 ms actual_ane_groups=5 actual_ane_refs=1103 actual_gpu_groups=0 actual_gpu_refs=0 finishes=5 waits=10 overlap_gpu_groups=193
ds4: Flash-MoE async pread canceled queued=0 reading=0 ready=687 finished=0
ds4: gpu chunked prefill pos=1024 tokens=1024 layer 32 encode=127.375 ms execute=2.557 ms
ds4: Flash-MoE prefill layer=33 tokens=1024 unique=189 refs=6144 sync=14.372 ms plan=0.323 ms stage/compute=102.228 ms misses=189
ds4: Flash-MoE hybrid prefill layer=33 ane_groups=4 ane_refs=962 gpu_i8_groups=0 gpu_i8_refs=0 fp32_groups=0 ane_min_refs=128 concurrent=1 ane_pipeline=1 output_queue=4 async_ane=4 gpu_overlap=185 finishes=4 waits=8
ds4: Flash-MoE overlap plan layer=33 exec_groups=189 planned_ane_groups=4 planned_ane_refs=962 planned_gpu_groups=185 planned_gpu_refs=5182 tail_gpu_groups=0 tail_gpu_refs=0 planned_ssd_groups=189 est_gpu=17022.0 est_ane=652.9 est_idle=96.16% wall=101.915 ms actual_ane_groups=4 actual_ane_refs=962 actual_gpu_groups=0 actual_gpu_refs=0 finishes=4 waits=8 overlap_gpu_groups=185
ds4: Flash-MoE async pread canceled queued=0 reading=0 ready=701 finished=0
ds4: gpu chunked prefill pos=1024 tokens=1024 layer 33 encode=117.437 ms execute=2.539 ms
ds4: Flash-MoE prefill layer=34 tokens=1024 unique=197 refs=6144 sync=23.133 ms plan=0.328 ms stage/compute=102.506 ms misses=197
ds4: Flash-MoE hybrid prefill layer=34 ane_groups=4 ane_refs=1288 gpu_i8_groups=0 gpu_i8_refs=0 fp32_groups=0 ane_min_refs=128 concurrent=1 ane_pipeline=1 output_queue=4 async_ane=4 gpu_overlap=193 finishes=4 waits=8
ds4: Flash-MoE overlap plan layer=34 exec_groups=197 planned_ane_groups=4 planned_ane_refs=1288 planned_gpu_groups=193 planned_gpu_refs=4856 tail_gpu_groups=0 tail_gpu_refs=0 planned_ssd_groups=197 est_gpu=17208.0 est_ane=658.1 est_idle=96.18% wall=102.123 ms actual_ane_groups=4 actual_ane_refs=1288 actual_gpu_groups=0 actual_gpu_refs=0 finishes=4 waits=8 overlap_gpu_groups=193
ds4: Flash-MoE async pread canceled queued=0 reading=0 ready=712 finished=0
ds4: gpu chunked prefill pos=1024 tokens=1024 layer 34 encode=126.659 ms execute=2.584 ms
ds4: Flash-MoE prefill layer=35 tokens=1024 unique=213 refs=6144 sync=14.427 ms plan=0.307 ms stage/compute=109.390 ms misses=213
ds4: Flash-MoE hybrid prefill layer=35 ane_groups=4 ane_refs=958 gpu_i8_groups=0 gpu_i8_refs=0 fp32_groups=0 ane_min_refs=128 concurrent=1 ane_pipeline=1 output_queue=4 async_ane=4 gpu_overlap=209 finishes=4 waits=8
ds4: Flash-MoE overlap plan layer=35 exec_groups=213 planned_ane_groups=4 planned_ane_refs=958 planned_gpu_groups=209 planned_gpu_refs=5186 tail_gpu_groups=0 tail_gpu_refs=0 planned_ssd_groups=213 est_gpu=18562.0 est_ane=655.5 est_idle=96.47% wall=109.047 ms actual_ane_groups=4 actual_ane_refs=958 actual_gpu_groups=0 actual_gpu_refs=0 finishes=4 waits=8 overlap_gpu_groups=209
ds4: Flash-MoE async pread canceled queued=0 reading=0 ready=722 finished=0
ds4: gpu chunked prefill pos=1024 tokens=1024 layer 35 encode=124.612 ms execute=2.632 ms
ds4: Flash-MoE prefill layer=36 tokens=1024 unique=193 refs=6144 sync=23.536 ms plan=0.308 ms stage/compute=98.630 ms misses=193
ds4: Flash-MoE hybrid prefill layer=36 ane_groups=7 ane_refs=1687 gpu_i8_groups=0 gpu_i8_refs=0 fp32_groups=0 ane_min_refs=128 concurrent=1 ane_pipeline=1 output_queue=4 async_ane=7 gpu_overlap=186 finishes=7 waits=14
ds4: Flash-MoE overlap plan layer=36 exec_groups=193 planned_ane_groups=7 planned_ane_refs=1687 planned_gpu_groups=186 planned_gpu_refs=4457 tail_gpu_groups=0 tail_gpu_refs=0 planned_ssd_groups=193 est_gpu=16361.0 est_ane=1145.9 est_idle=93.00% wall=98.296 ms actual_ane_groups=7 actual_ane_refs=1687 actual_gpu_groups=0 actual_gpu_refs=0 finishes=7 waits=14 overlap_gpu_groups=186
ds4: Flash-MoE async pread canceled queued=0 reading=0 ready=736 finished=0
ds4: gpu chunked prefill pos=1024 tokens=1024 layer 36 encode=123.208 ms execute=2.539 ms
ds4: Flash-MoE prefill layer=37 tokens=1024 unique=195 refs=6144 sync=14.436 ms plan=0.338 ms stage/compute=100.884 ms misses=195
ds4: Flash-MoE hybrid prefill layer=37 ane_groups=6 ane_refs=1453 gpu_i8_groups=0 gpu_i8_refs=0 fp32_groups=0 ane_min_refs=128 concurrent=1 ane_pipeline=1 output_queue=4 async_ane=6 gpu_overlap=189 finishes=6 waits=12
ds4: Flash-MoE overlap plan layer=37 exec_groups=195 planned_ane_groups=6 planned_ane_refs=1453 planned_gpu_groups=189 planned_gpu_refs=4691 tail_gpu_groups=0 tail_gpu_refs=0 planned_ssd_groups=195 est_gpu=16787.0 est_ane=980.7 est_idle=94.16% wall=100.540 ms actual_ane_groups=6 actual_ane_refs=1453 actual_gpu_groups=0 actual_gpu_refs=0 finishes=6 waits=12 overlap_gpu_groups=189
ds4: Flash-MoE async pread canceled queued=0 reading=0 ready=752 finished=0
ds4: gpu chunked prefill pos=1024 tokens=1024 layer 37 encode=116.157 ms execute=2.593 ms
ds4: Flash-MoE prefill layer=38 tokens=1024 unique=195 refs=6144 sync=23.215 ms plan=0.334 ms stage/compute=99.881 ms misses=195
ds4: Flash-MoE hybrid prefill layer=38 ane_groups=6 ane_refs=1146 gpu_i8_groups=0 gpu_i8_refs=0 fp32_groups=0 ane_min_refs=128 concurrent=1 ane_pipeline=1 output_queue=4 async_ane=6 gpu_overlap=189 finishes=6 waits=12
ds4: Flash-MoE overlap plan layer=38 exec_groups=195 planned_ane_groups=6 planned_ane_refs=1146 planned_gpu_groups=189 planned_gpu_refs=4998 tail_gpu_groups=0 tail_gpu_refs=0 planned_ssd_groups=195 est_gpu=17094.0 est_ane=978.1 est_idle=94.28% wall=99.505 ms actual_ane_groups=6 actual_ane_refs=1146 actual_gpu_groups=0 actual_gpu_refs=0 finishes=6 waits=12 overlap_gpu_groups=189
ds4: Flash-MoE async pread canceled queued=0 reading=0 ready=769 finished=0
ds4: gpu chunked prefill pos=1024 tokens=1024 layer 38 encode=124.147 ms execute=2.581 ms
ds4: Flash-MoE prefill layer=39 tokens=1024 unique=214 refs=6144 sync=14.488 ms plan=0.330 ms stage/compute=110.874 ms misses=214
ds4: Flash-MoE hybrid prefill layer=39 ane_groups=5 ane_refs=892 gpu_i8_groups=0 gpu_i8_refs=0 fp32_groups=0 ane_min_refs=128 concurrent=1 ane_pipeline=1 output_queue=4 async_ane=5 gpu_overlap=209 finishes=5 waits=10
ds4: Flash-MoE overlap plan layer=39 exec_groups=214 planned_ane_groups=5 planned_ane_refs=892 planned_gpu_groups=209 planned_gpu_refs=5252 tail_gpu_groups=0 tail_gpu_refs=0 planned_ssd_groups=214 est_gpu=18628.0 est_ane=812.9 est_idle=95.64% wall=110.503 ms actual_ane_groups=5 actual_ane_refs=892 actual_gpu_groups=0 actual_gpu_refs=0 finishes=5 waits=10 overlap_gpu_groups=209
ds4: Flash-MoE async pread canceled queued=0 reading=0 ready=776 finished=0
ds4: gpu chunked prefill pos=1024 tokens=1024 layer 39 encode=126.209 ms execute=2.568 ms
ds4: Flash-MoE prefill layer=40 tokens=1024 unique=181 refs=6144 sync=23.677 ms plan=0.356 ms stage/compute=96.943 ms misses=181
ds4: Flash-MoE hybrid prefill layer=40 ane_groups=6 ane_refs=1851 gpu_i8_groups=0 gpu_i8_refs=0 fp32_groups=0 ane_min_refs=128 concurrent=1 ane_pipeline=1 output_queue=4 async_ane=6 gpu_overlap=175 finishes=6 waits=12
ds4: Flash-MoE overlap plan layer=40 exec_groups=181 planned_ane_groups=6 planned_ane_refs=1851 planned_gpu_groups=175 planned_gpu_refs=4293 tail_gpu_groups=0 tail_gpu_refs=0 planned_ssd_groups=181 est_gpu=15493.0 est_ane=983.3 est_idle=93.65% wall=96.591 ms actual_ane_groups=6 actual_ane_refs=1851 actual_gpu_groups=0 actual_gpu_refs=0 finishes=6 waits=12 overlap_gpu_groups=175
ds4: Flash-MoE async pread canceled queued=0 reading=0 ready=789 finished=0
ds4: gpu chunked prefill pos=1024 tokens=1024 layer 40 encode=121.724 ms execute=2.605 ms
ds4: Flash-MoE prefill layer=41 tokens=1024 unique=194 refs=6144 sync=14.433 ms plan=0.318 ms stage/compute=102.195 ms misses=194
ds4: Flash-MoE hybrid prefill layer=41 ane_groups=4 ane_refs=1055 gpu_i8_groups=0 gpu_i8_refs=0 fp32_groups=0 ane_min_refs=128 concurrent=1 ane_pipeline=1 output_queue=4 async_ane=4 gpu_overlap=190 finishes=4 waits=8
ds4: Flash-MoE overlap plan layer=41 exec_groups=194 planned_ane_groups=4 planned_ane_refs=1055 planned_gpu_groups=190 planned_gpu_refs=5089 tail_gpu_groups=0 tail_gpu_refs=0 planned_ssd_groups=194 est_gpu=17249.0 est_ane=655.5 est_idle=96.20% wall=101.875 ms actual_ane_groups=4 actual_ane_refs=1055 actual_gpu_groups=0 actual_gpu_refs=0 finishes=4 waits=8 overlap_gpu_groups=190
ds4: Flash-MoE async pread canceled queued=0 reading=0 ready=802 finished=0
ds4: gpu chunked prefill pos=1024 tokens=1024 layer 41 encode=117.453 ms execute=2.560 ms
ds4: Flash-MoE prefill layer=42 tokens=1024 unique=201 refs=6144 sync=23.158 ms plan=0.442 ms stage/compute=108.762 ms misses=201
ds4: Flash-MoE hybrid prefill layer=42 ane_groups=2 ane_refs=827 gpu_i8_groups=0 gpu_i8_refs=0 fp32_groups=0 ane_min_refs=128 concurrent=1 ane_pipeline=1 output_queue=4 async_ane=2 gpu_overlap=199 finishes=2 waits=4
ds4: Flash-MoE overlap plan layer=42 exec_groups=201 planned_ane_groups=2 planned_ane_refs=827 planned_gpu_groups=199 planned_gpu_refs=5317 tail_gpu_groups=0 tail_gpu_refs=0 planned_ssd_groups=201 est_gpu=18053.0 est_ane=330.3 est_idle=98.17% wall=108.395 ms actual_ane_groups=2 actual_ane_refs=827 actual_gpu_groups=0 actual_gpu_refs=0 finishes=2 waits=4 overlap_gpu_groups=199
ds4: Flash-MoE async pread canceled queued=0 reading=0 ready=814 finished=0
ds4: gpu chunked prefill pos=1024 tokens=1024 layer 42 encode=133.059 ms execute=2.446 ms
processing 8423 input tokens: 2048/8423 (24.3%) batch=178.62 t/s avg=179.36 t/s
ds4: Flash-MoE prefill layer=0 tokens=1024 unique=256 refs=6144 sync=12.108 ms plan=0.287 ms stage/compute=150.460 ms misses=256
ds4: Flash-MoE hybrid prefill layer=0 ane_groups=0 ane_refs=0 gpu_i8_groups=0 gpu_i8_refs=0 fp32_groups=0 ane_min_refs=128 concurrent=1 ane_pipeline=1 output_queue=4 async_ane=0 gpu_overlap=0 finishes=0 waits=0
ds4: Flash-MoE overlap plan layer=0 exec_groups=256 planned_ane_groups=0 planned_ane_refs=0 planned_gpu_groups=256 planned_gpu_refs=6144 tail_gpu_groups=0 tail_gpu_refs=0 planned_ssd_groups=256 est_gpu=22528.0 est_ane=0.0 est_idle=100.00% wall=150.041 ms actual_ane_groups=0 actual_ane_refs=0 actual_gpu_groups=0 actual_gpu_refs=0 finishes=0 waits=0 overlap_gpu_groups=0
ds4: Flash-MoE async pread canceled queued=0 reading=0 ready=814 finished=0
ds4: gpu chunked prefill pos=2048 tokens=1024 layer 0 encode=163.257 ms execute=2.617 ms
ds4: Flash-MoE prefill layer=1 tokens=1024 unique=256 refs=6144 sync=12.458 ms plan=0.303 ms stage/compute=149.861 ms misses=256
ds4: Flash-MoE hybrid prefill layer=1 ane_groups=0 ane_refs=0 gpu_i8_groups=0 gpu_i8_refs=0 fp32_groups=0 ane_min_refs=128 concurrent=1 ane_pipeline=1 output_queue=4 async_ane=0 gpu_overlap=0 finishes=0 waits=0
ds4: Flash-MoE overlap plan layer=1 exec_groups=256 planned_ane_groups=0 planned_ane_refs=0 planned_gpu_groups=256 planned_gpu_refs=6144 tail_gpu_groups=0 tail_gpu_refs=0 planned_ssd_groups=256 est_gpu=22528.0 est_ane=0.0 est_idle=100.00% wall=149.423 ms actual_ane_groups=0 actual_ane_refs=0 actual_gpu_groups=0 actual_gpu_refs=0 finishes=0 waits=0 overlap_gpu_groups=0
ds4: Flash-MoE async pread canceled queued=0 reading=0 ready=814 finished=0
ds4: gpu chunked prefill pos=2048 tokens=1024 layer 1 encode=163.221 ms execute=2.610 ms
ds4: Flash-MoE prefill layer=2 tokens=1024 unique=256 refs=6144 sync=37.157 ms plan=0.291 ms stage/compute=151.692 ms misses=256
ds4: Flash-MoE hybrid prefill layer=2 ane_groups=0 ane_refs=0 gpu_i8_groups=0 gpu_i8_refs=0 fp32_groups=0 ane_min_refs=128 concurrent=1 ane_pipeline=1 output_queue=4 async_ane=0 gpu_overlap=0 finishes=0 waits=0
ds4: Flash-MoE overlap plan layer=2 exec_groups=256 planned_ane_groups=0 planned_ane_refs=0 planned_gpu_groups=256 planned_gpu_refs=6144 tail_gpu_groups=0 tail_gpu_refs=0 planned_ssd_groups=256 est_gpu=22528.0 est_ane=0.0 est_idle=100.00% wall=151.285 ms actual_ane_groups=0 actual_ane_refs=0 actual_gpu_groups=0 actual_gpu_refs=0 finishes=0 waits=0 overlap_gpu_groups=0
ds4: Flash-MoE async pread canceled queued=0 reading=0 ready=814 finished=0
ds4: gpu chunked prefill pos=2048 tokens=1024 layer 2 encode=189.730 ms execute=2.760 ms
ds4: Flash-MoE prefill layer=3 tokens=1024 unique=235 refs=6144 sync=14.533 ms plan=0.342 ms stage/compute=126.775 ms misses=235
ds4: Flash-MoE hybrid prefill layer=3 ane_groups=1 ane_refs=478 gpu_i8_groups=0 gpu_i8_refs=0 fp32_groups=0 ane_min_refs=128 concurrent=1 ane_pipeline=1 output_queue=4 async_ane=1 gpu_overlap=234 finishes=1 waits=2
ds4: Flash-MoE overlap plan layer=3 exec_groups=235 planned_ane_groups=1 planned_ane_refs=478 planned_gpu_groups=234 planned_gpu_refs=5666 tail_gpu_groups=0 tail_gpu_refs=0 planned_ssd_groups=235 est_gpu=20642.0 est_ane=165.2 est_idle=99.20% wall=126.373 ms actual_ane_groups=1 actual_ane_refs=478 actual_gpu_groups=0 actual_gpu_refs=0 finishes=1 waits=2 overlap_gpu_groups=234
ds4: Flash-MoE async pread canceled queued=0 reading=0 ready=820 finished=0
ds4: gpu chunked prefill pos=2048 tokens=1024 layer 3 encode=142.204 ms execute=2.602 ms
ds4: Flash-MoE prefill layer=4 tokens=1024 unique=224 refs=6144 sync=37.265 ms plan=0.345 ms stage/compute=121.316 ms misses=224
ds4: Flash-MoE hybrid prefill layer=4 ane_groups=4 ane_refs=811 gpu_i8_groups=0 gpu_i8_refs=0 fp32_groups=0 ane_min_refs=128 concurrent=1 ane_pipeline=1 output_queue=4 async_ane=4 gpu_overlap=220 finishes=4 waits=8
ds4: Flash-MoE overlap plan layer=4 exec_groups=224 planned_ane_groups=4 planned_ane_refs=811 planned_gpu_groups=220 planned_gpu_refs=5333 tail_gpu_groups=0 tail_gpu_refs=0 planned_ssd_groups=224 est_gpu=19413.0 est_ane=652.9 est_idle=96.64% wall=120.928 ms actual_ane_groups=4 actual_ane_refs=811 actual_gpu_groups=0 actual_gpu_refs=0 finishes=4 waits=8 overlap_gpu_groups=220
ds4: Flash-MoE async pread canceled queued=0 reading=0 ready=827 finished=0
ds4: gpu chunked prefill pos=2048 tokens=1024 layer 4 encode=159.206 ms execute=2.522 ms
ds4: Flash-MoE prefill layer=5 tokens=1024 unique=238 refs=6144 sync=14.560 ms plan=0.372 ms stage/compute=124.434 ms misses=238
ds4: Flash-MoE hybrid prefill layer=5 ane_groups=2 ane_refs=777 gpu_i8_groups=0 gpu_i8_refs=0 fp32_groups=0 ane_min_refs=128 concurrent=1 ane_pipeline=1 output_queue=4 async_ane=2 gpu_overlap=236 finishes=2 waits=4
ds4: Flash-MoE overlap plan layer=5 exec_groups=238 planned_ane_groups=2 planned_ane_refs=777 planned_gpu_groups=236 planned_gpu_refs=5367 tail_gpu_groups=0 tail_gpu_refs=0 planned_ssd_groups=238 est_gpu=20471.0 est_ane=330.3 est_idle=98.39% wall=124.059 ms actual_ane_groups=2 actual_ane_refs=777 actual_gpu_groups=0 actual_gpu_refs=0 finishes=2 waits=4 overlap_gpu_groups=236
ds4: Flash-MoE async pread canceled queued=0 reading=0 ready=832 finished=0
ds4: gpu chunked prefill pos=2048 tokens=1024 layer 5 encode=139.918 ms execute=2.581 ms
ds4: Flash-MoE prefill layer=6 tokens=1024 unique=226 refs=6144 sync=37.083 ms plan=0.316 ms stage/compute=118.762 ms misses=226
ds4: Flash-MoE hybrid prefill layer=6 ane_groups=3 ane_refs=808 gpu_i8_groups=0 gpu_i8_refs=0 fp32_groups=0 ane_min_refs=128 concurrent=1 ane_pipeline=1 output_queue=4 async_ane=3 gpu_overlap=223 finishes=3 waits=6
ds4: Flash-MoE overlap plan layer=6 exec_groups=226 planned_ane_groups=3 planned_ane_refs=808 planned_gpu_groups=223 planned_gpu_refs=5336 tail_gpu_groups=0 tail_gpu_refs=0 planned_ssd_groups=226 est_gpu=19608.0 est_ane=490.3 est_idle=97.50% wall=118.420 ms actual_ane_groups=3 actual_ane_refs=808 actual_gpu_groups=0 actual_gpu_refs=0 finishes=3 waits=6 overlap_gpu_groups=223
ds4: Flash-MoE async pread canceled queued=0 reading=0 ready=837 finished=0
ds4: gpu chunked prefill pos=2048 tokens=1024 layer 6 encode=156.428 ms execute=2.568 ms
ds4: Flash-MoE prefill layer=7 tokens=1024 unique=236 refs=6144 sync=14.504 ms plan=0.321 ms stage/compute=117.841 ms misses=236
ds4: Flash-MoE hybrid prefill layer=7 ane_groups=4 ane_refs=1461 gpu_i8_groups=0 gpu_i8_refs=0 fp32_groups=0 ane_min_refs=128 concurrent=1 ane_pipeline=1 output_queue=4 async_ane=4 gpu_overlap=232 finishes=4 waits=8
ds4: Flash-MoE overlap plan layer=7 exec_groups=236 planned_ane_groups=4 planned_ane_refs=1461 planned_gpu_groups=232 planned_gpu_refs=4683 tail_gpu_groups=0 tail_gpu_refs=0 planned_ssd_groups=236 est_gpu=19531.0 est_ane=658.1 est_idle=96.63% wall=117.482 ms actual_ane_groups=4 actual_ane_refs=1461 actual_gpu_groups=0 actual_gpu_refs=0 finishes=4 waits=8 overlap_gpu_groups=232
ds4: Flash-MoE async pread canceled queued=0 reading=0 ready=840 finished=0
ds4: gpu chunked prefill pos=2048 tokens=1024 layer 7 encode=133.194 ms execute=2.578 ms
ds4: Flash-MoE prefill layer=8 tokens=1024 unique=226 refs=6144 sync=36.872 ms plan=0.333 ms stage/compute=116.149 ms misses=226
ds4: Flash-MoE hybrid prefill layer=8 ane_groups=4 ane_refs=1370 gpu_i8_groups=0 gpu_i8_refs=0 fp32_groups=0 ane_min_refs=128 concurrent=1 ane_pipeline=1 output_queue=4 async_ane=4 gpu_overlap=222 finishes=4 waits=8
ds4: Flash-MoE overlap plan layer=8 exec_groups=226 planned_ane_groups=4 planned_ane_refs=1370 planned_gpu_groups=222 planned_gpu_refs=4774 tail_gpu_groups=0 tail_gpu_refs=0 planned_ssd_groups=226 est_gpu=18982.0 est_ane=658.1 est_idle=96.53% wall=115.781 ms actual_ane_groups=4 actual_ane_refs=1370 actual_gpu_groups=0 actual_gpu_refs=0 finishes=4 waits=8 overlap_gpu_groups=222
ds4: Flash-MoE async pread canceled queued=0 reading=0 ready=850 finished=0
ds4: gpu chunked prefill pos=2048 tokens=1024 layer 8 encode=153.637 ms execute=2.746 ms
ds4: Flash-MoE prefill layer=9 tokens=1024 unique=238 refs=6144 sync=14.588 ms plan=0.342 ms stage/compute=125.408 ms misses=238
ds4: Flash-MoE hybrid prefill layer=9 ane_groups=2 ane_refs=620 gpu_i8_groups=0 gpu_i8_refs=0 fp32_groups=0 ane_min_refs=128 concurrent=1 ane_pipeline=1 output_queue=4 async_ane=2 gpu_overlap=236 finishes=2 waits=4
ds4: Flash-MoE overlap plan layer=9 exec_groups=238 planned_ane_groups=2 planned_ane_refs=620 planned_gpu_groups=236 planned_gpu_refs=5524 tail_gpu_groups=0 tail_gpu_refs=0 planned_ssd_groups=238 est_gpu=20628.0 est_ane=327.8 est_idle=98.41% wall=125.047 ms actual_ane_groups=2 actual_ane_refs=620 actual_gpu_groups=0 actual_gpu_refs=0 finishes=2 waits=4 overlap_gpu_groups=236
ds4: Flash-MoE async pread canceled queued=0 reading=0 ready=854 finished=0
ds4: gpu chunked prefill pos=2048 tokens=1024 layer 9 encode=140.874 ms execute=2.564 ms
ds4: Flash-MoE prefill layer=10 tokens=1024 unique=228 refs=6144 sync=36.871 ms plan=0.304 ms stage/compute=121.141 ms misses=228
ds4: Flash-MoE hybrid prefill layer=10 ane_groups=4 ane_refs=806 gpu_i8_groups=0 gpu_i8_refs=0 fp32_groups=0 ane_min_refs=128 concurrent=1 ane_pipeline=1 output_queue=4 async_ane=4 gpu_overlap=224 finishes=4 waits=8
ds4: Flash-MoE overlap plan layer=10 exec_groups=228 planned_ane_groups=4 planned_ane_refs=806 planned_gpu_groups=224 planned_gpu_refs=5338 tail_gpu_groups=0 tail_gpu_refs=0 planned_ssd_groups=228 est_gpu=19674.0 est_ane=652.9 est_idle=96.68% wall=120.763 ms actual_ane_groups=4 actual_ane_refs=806 actual_gpu_groups=0 actual_gpu_refs=0 finishes=4 waits=8 overlap_gpu_groups=224
ds4: Flash-MoE async pread canceled queued=0 reading=0 ready=862 finished=0
ds4: gpu chunked prefill pos=2048 tokens=1024 layer 10 encode=158.611 ms execute=2.594 ms
ds4: Flash-MoE prefill layer=11 tokens=1024 unique=235 refs=6144 sync=14.634 ms plan=0.388 ms stage/compute=119.674 ms misses=235
ds4: Flash-MoE hybrid prefill layer=11 ane_groups=3 ane_refs=743 gpu_i8_groups=0 gpu_i8_refs=0 fp32_groups=0 ane_min_refs=128 concurrent=1 ane_pipeline=1 output_queue=4 async_ane=3 gpu_overlap=232 finishes=3 waits=6
ds4: Flash-MoE overlap plan layer=11 exec_groups=235 planned_ane_groups=3 planned_ane_refs=743 planned_gpu_groups=232 planned_gpu_refs=5401 tail_gpu_groups=0 tail_gpu_refs=0 planned_ssd_groups=235 est_gpu=20249.0 est_ane=490.3 est_idle=97.58% wall=119.295 ms actual_ane_groups=3 actual_ane_refs=743 actual_gpu_groups=0 actual_gpu_refs=0 finishes=3 waits=6 overlap_gpu_groups=232
ds4: Flash-MoE async pread canceled queued=0 reading=0 ready=865 finished=0
ds4: gpu chunked prefill pos=2048 tokens=1024 layer 11 encode=135.233 ms execute=2.544 ms
ds4: Flash-MoE prefill layer=12 tokens=1024 unique=213 refs=6144 sync=36.952 ms plan=0.331 ms stage/compute=111.876 ms misses=213
ds4: Flash-MoE hybrid prefill layer=12 ane_groups=4 ane_refs=775 gpu_i8_groups=0 gpu_i8_refs=0 fp32_groups=0 ane_min_refs=128 concurrent=1 ane_pipeline=1 output_queue=4 async_ane=4 gpu_overlap=209 finishes=4 waits=8
ds4: Flash-MoE overlap plan layer=12 exec_groups=213 planned_ane_groups=4 planned_ane_refs=775 planned_gpu_groups=209 planned_gpu_refs=5369 tail_gpu_groups=0 tail_gpu_refs=0 planned_ssd_groups=213 est_gpu=18745.0 est_ane=652.9 est_idle=96.52% wall=111.478 ms actual_ane_groups=4 actual_ane_refs=775 actual_gpu_groups=0 actual_gpu_refs=0 finishes=4 waits=8 overlap_gpu_groups=209
ds4: Flash-MoE async pread canceled queued=0 reading=0 ready=873 finished=0
ds4: gpu chunked prefill pos=2048 tokens=1024 layer 12 encode=149.433 ms execute=2.560 ms
ds4: Flash-MoE prefill layer=13 tokens=1024 unique=215 refs=6144 sync=14.683 ms plan=0.286 ms stage/compute=109.427 ms misses=215
ds4: Flash-MoE hybrid prefill layer=13 ane_groups=5 ane_refs=1269 gpu_i8_groups=0 gpu_i8_refs=0 fp32_groups=0 ane_min_refs=128 concurrent=1 ane_pipeline=1 output_queue=4 async_ane=5 gpu_overlap=210 finishes=5 waits=10
ds4: Flash-MoE overlap plan layer=13 exec_groups=215 planned_ane_groups=5 planned_ane_refs=1269 planned_gpu_groups=210 planned_gpu_refs=4875 tail_gpu_groups=0 tail_gpu_refs=0 planned_ssd_groups=215 est_gpu=18315.0 est_ane=818.1 est_idle=95.53% wall=109.064 ms actual_ane_groups=5 actual_ane_refs=1269 actual_gpu_groups=0 actual_gpu_refs=0 finishes=5 waits=10 overlap_gpu_groups=210
ds4: Flash-MoE async pread canceled queued=0 reading=0 ready=879 finished=0
ds4: gpu chunked prefill pos=2048 tokens=1024 layer 13 encode=124.961 ms execute=2.550 ms
ds4: Flash-MoE prefill layer=14 tokens=1024 unique=213 refs=6144 sync=36.932 ms plan=0.300 ms stage/compute=107.059 ms misses=213
ds4: Flash-MoE hybrid prefill layer=14 ane_groups=9 ane_refs=1732 gpu_i8_groups=0 gpu_i8_refs=0 fp32_groups=0 ane_min_refs=128 concurrent=1 ane_pipeline=1 output_queue=4 async_ane=9 gpu_overlap=204 finishes=9 waits=18
ds4: Flash-MoE overlap plan layer=14 exec_groups=213 planned_ane_groups=9 planned_ane_refs=1732 planned_gpu_groups=204 planned_gpu_refs=4412 tail_gpu_groups=0 tail_gpu_refs=0 planned_ssd_groups=213 est_gpu=17468.0 est_ane=1468.4 est_idle=91.59% wall=106.653 ms actual_ane_groups=9 actual_ane_refs=1732 actual_gpu_groups=0 actual_gpu_refs=0 finishes=9 waits=18 overlap_gpu_groups=204
ds4: Flash-MoE async pread canceled queued=0 reading=0 ready=888 finished=0
ds4: gpu chunked prefill pos=2048 tokens=1024 layer 14 encode=144.550 ms execute=2.569 ms
ds4: Flash-MoE prefill layer=15 tokens=1024 unique=200 refs=6144 sync=14.547 ms plan=0.357 ms stage/compute=103.727 ms misses=200
ds4: Flash-MoE hybrid prefill layer=15 ane_groups=5 ane_refs=977 gpu_i8_groups=0 gpu_i8_refs=0 fp32_groups=0 ane_min_refs=128 concurrent=1 ane_pipeline=1 output_queue=4 async_ane=5 gpu_overlap=195 finishes=5 waits=10
ds4: Flash-MoE overlap plan layer=15 exec_groups=200 planned_ane_groups=5 planned_ane_refs=977 planned_gpu_groups=195 planned_gpu_refs=5167 tail_gpu_groups=0 tail_gpu_refs=0 planned_ssd_groups=200 est_gpu=17647.0 est_ane=815.5 est_idle=95.38% wall=103.395 ms actual_ane_groups=5 actual_ane_refs=977 actual_gpu_groups=0 actual_gpu_refs=0 finishes=5 waits=10 overlap_gpu_groups=195
ds4: Flash-MoE async pread canceled queued=0 reading=0 ready=896 finished=0
ds4: gpu chunked prefill pos=2048 tokens=1024 layer 15 encode=119.182 ms execute=2.577 ms
ds4: Flash-MoE prefill layer=16 tokens=1024 unique=201 refs=6144 sync=37.213 ms plan=0.393 ms stage/compute=108.345 ms misses=201
ds4: Flash-MoE hybrid prefill layer=16 ane_groups=4 ane_refs=1099 gpu_i8_groups=0 gpu_i8_refs=0 fp32_groups=0 ane_min_refs=128 concurrent=1 ane_pipeline=1 output_queue=4 async_ane=4 gpu_overlap=197 finishes=4 waits=8
ds4: Flash-MoE overlap plan layer=16 exec_groups=201 planned_ane_groups=4 planned_ane_refs=1099 planned_gpu_groups=197 planned_gpu_refs=5045 tail_gpu_groups=0 tail_gpu_refs=0 planned_ssd_groups=201 est_gpu=17653.0 est_ane=655.5 est_idle=96.29% wall=107.996 ms actual_ane_groups=4 actual_ane_refs=1099 actual_gpu_groups=0 actual_gpu_refs=0 finishes=4 waits=8 overlap_gpu_groups=197
ds4: Flash-MoE async pread canceled queued=0 reading=0 ready=905 finished=0
ds4: gpu chunked prefill pos=2048 tokens=1024 layer 16 encode=146.232 ms execute=2.566 ms
ds4: Flash-MoE prefill layer=17 tokens=1024 unique=209 refs=6144 sync=14.571 ms plan=0.339 ms stage/compute=108.831 ms misses=209
ds4: Flash-MoE hybrid prefill layer=17 ane_groups=5 ane_refs=1267 gpu_i8_groups=0 gpu_i8_refs=0 fp32_groups=0 ane_min_refs=128 concurrent=1 ane_pipeline=1 output_queue=4 async_ane=5 gpu_overlap=204 finishes=5 waits=10
ds4: Flash-MoE overlap plan layer=17 exec_groups=209 planned_ane_groups=5 planned_ane_refs=1267 planned_gpu_groups=204 planned_gpu_refs=4877 tail_gpu_groups=0 tail_gpu_refs=0 planned_ssd_groups=209 est_gpu=17933.0 est_ane=818.1 est_idle=95.44% wall=108.449 ms actual_ane_groups=5 actual_ane_refs=1267 actual_gpu_groups=0 actual_gpu_refs=0 finishes=5 waits=10 overlap_gpu_groups=204
ds4: Flash-MoE async pread canceled queued=0 reading=0 ready=913 finished=0
ds4: gpu chunked prefill pos=2048 tokens=1024 layer 17 encode=124.330 ms execute=2.557 ms
ds4: Flash-MoE prefill layer=18 tokens=1024 unique=192 refs=6144 sync=37.091 ms plan=0.332 ms stage/compute=99.281 ms misses=192
ds4: Flash-MoE hybrid prefill layer=18 ane_groups=6 ane_refs=1537 gpu_i8_groups=0 gpu_i8_refs=0 fp32_groups=0 ane_min_refs=128 concurrent=1 ane_pipeline=1 output_queue=4 async_ane=6 gpu_overlap=186 finishes=6 waits=12
ds4: Flash-MoE overlap plan layer=18 exec_groups=192 planned_ane_groups=6 planned_ane_refs=1537 planned_gpu_groups=186 planned_gpu_refs=4607 tail_gpu_groups=0 tail_gpu_refs=0 planned_ssd_groups=192 est_gpu=16511.0 est_ane=980.7 est_idle=94.06% wall=98.926 ms actual_ane_groups=6 actual_ane_refs=1537 actual_gpu_groups=0 actual_gpu_refs=0 finishes=6 waits=12 overlap_gpu_groups=186
ds4: Flash-MoE async pread canceled queued=0 reading=0 ready=927 finished=0
ds4: gpu chunked prefill pos=2048 tokens=1024 layer 18 encode=137.001 ms execute=2.551 ms
ds4: Flash-MoE prefill layer=19 tokens=1024 unique=225 refs=6144 sync=14.523 ms plan=0.313 ms stage/compute=121.119 ms misses=225
ds4: Flash-MoE hybrid prefill layer=19 ane_groups=2 ane_refs=435 gpu_i8_groups=0 gpu_i8_refs=0 fp32_groups=0 ane_min_refs=128 concurrent=1 ane_pipeline=1 output_queue=4 async_ane=2 gpu_overlap=223 finishes=2 waits=4
ds4: Flash-MoE overlap plan layer=19 exec_groups=225 planned_ane_groups=2 planned_ane_refs=435 planned_gpu_groups=223 planned_gpu_refs=5709 tail_gpu_groups=0 tail_gpu_refs=0 planned_ssd_groups=225 est_gpu=19981.0 est_ane=327.8 est_idle=98.36% wall=120.737 ms actual_ane_groups=2 actual_ane_refs=435 actual_gpu_groups=0 actual_gpu_refs=0 finishes=2 waits=4 overlap_gpu_groups=223
ds4: Flash-MoE async pread canceled queued=0 reading=0 ready=931 finished=0
ds4: gpu chunked prefill pos=2048 tokens=1024 layer 19 encode=136.481 ms execute=2.630 ms
ds4: Flash-MoE prefill layer=20 tokens=1024 unique=190 refs=6144 sync=36.937 ms plan=0.331 ms stage/compute=96.686 ms misses=190
ds4: Flash-MoE hybrid prefill layer=20 ane_groups=7 ane_refs=1710 gpu_i8_groups=0 gpu_i8_refs=0 fp32_groups=0 ane_min_refs=128 concurrent=1 ane_pipeline=1 output_queue=4 async_ane=7 gpu_overlap=183 finishes=7 waits=14
ds4: Flash-MoE overlap plan layer=20 exec_groups=190 planned_ane_groups=7 planned_ane_refs=1710 planned_gpu_groups=183 planned_gpu_refs=4434 tail_gpu_groups=0 tail_gpu_refs=0 planned_ssd_groups=190 est_gpu=16146.0 est_ane=1145.9 est_idle=92.90% wall=96.317 ms actual_ane_groups=7 actual_ane_refs=1710 actual_gpu_groups=0 actual_gpu_refs=0 finishes=7 waits=14 overlap_gpu_groups=183
ds4: Flash-MoE async pread canceled queued=0 reading=0 ready=942 finished=0
ds4: gpu chunked prefill pos=2048 tokens=1024 layer 20 encode=134.220 ms execute=2.575 ms
ds4: Flash-MoE prefill layer=21 tokens=1024 unique=211 refs=6144 sync=14.476 ms plan=0.317 ms stage/compute=113.389 ms misses=211
ds4: Flash-MoE hybrid prefill layer=21 ane_groups=3 ane_refs=652 gpu_i8_groups=0 gpu_i8_refs=0 fp32_groups=0 ane_min_refs=128 concurrent=1 ane_pipeline=1 output_queue=4 async_ane=3 gpu_overlap=208 finishes=3 waits=6
ds4: Flash-MoE overlap plan layer=21 exec_groups=211 planned_ane_groups=3 planned_ane_refs=652 planned_gpu_groups=208 planned_gpu_refs=5492 tail_gpu_groups=0 tail_gpu_refs=0 planned_ssd_groups=211 est_gpu=18804.0 est_ane=490.3 est_idle=97.39% wall=112.975 ms actual_ane_groups=3 actual_ane_refs=652 actual_gpu_groups=0 actual_gpu_refs=0 finishes=3 waits=6 overlap_gpu_groups=208
ds4: Flash-MoE async pread canceled queued=0 reading=0 ready=952 finished=0
ds4: gpu chunked prefill pos=2048 tokens=1024 layer 21 encode=128.700 ms execute=2.537 ms
ds4: Flash-MoE prefill layer=22 tokens=1024 unique=208 refs=6144 sync=36.789 ms plan=0.309 ms stage/compute=107.370 ms misses=208
ds4: Flash-MoE hybrid prefill layer=22 ane_groups=6 ane_refs=1164 gpu_i8_groups=0 gpu_i8_refs=0 fp32_groups=0 ane_min_refs=128 concurrent=1 ane_pipeline=1 output_queue=4 async_ane=6 gpu_overlap=202 finishes=6 waits=12
ds4: Flash-MoE overlap plan layer=22 exec_groups=208 planned_ane_groups=6 planned_ane_refs=1164 planned_gpu_groups=202 planned_gpu_refs=4980 tail_gpu_groups=0 tail_gpu_refs=0 planned_ssd_groups=208 est_gpu=17908.0 est_ane=978.1 est_idle=94.54% wall=106.996 ms actual_ane_groups=6 actual_ane_refs=1164 actual_gpu_groups=0 actual_gpu_refs=0 finishes=6 waits=12 overlap_gpu_groups=202
ds4: Flash-MoE async pread canceled queued=0 reading=0 ready=959 finished=0
ds4: gpu chunked prefill pos=2048 tokens=1024 layer 22 encode=144.755 ms execute=2.564 ms
ds4: Flash-MoE prefill layer=23 tokens=1024 unique=212 refs=6144 sync=14.389 ms plan=0.322 ms stage/compute=114.712 ms misses=212
ds4: Flash-MoE hybrid prefill layer=23 ane_groups=2 ane_refs=380 gpu_i8_groups=0 gpu_i8_refs=0 fp32_groups=0 ane_min_refs=128 concurrent=1 ane_pipeline=1 output_queue=4 async_ane=2 gpu_overlap=210 finishes=2 waits=4
ds4: Flash-MoE overlap plan layer=23 exec_groups=212 planned_ane_groups=2 planned_ane_refs=380 planned_gpu_groups=210 planned_gpu_refs=5764 tail_gpu_groups=0 tail_gpu_refs=0 planned_ssd_groups=212 est_gpu=19204.0 est_ane=325.2 est_idle=98.31% wall=114.340 ms actual_ane_groups=2 actual_ane_refs=380 actual_gpu_groups=0 actual_gpu_refs=0 finishes=2 waits=4 overlap_gpu_groups=210
ds4: Flash-MoE async pread canceled queued=0 reading=0 ready=967 finished=0
ds4: gpu chunked prefill pos=2048 tokens=1024 layer 23 encode=129.953 ms execute=2.613 ms
ds4: Flash-MoE prefill layer=24 tokens=1024 unique=193 refs=6144 sync=37.136 ms plan=0.371 ms stage/compute=101.775 ms misses=193
ds4: Flash-MoE hybrid prefill layer=24 ane_groups=5 ane_refs=1304 gpu_i8_groups=0 gpu_i8_refs=0 fp32_groups=0 ane_min_refs=128 concurrent=1 ane_pipeline=1 output_queue=4 async_ane=5 gpu_overlap=188 finishes=5 waits=10
ds4: Flash-MoE overlap plan layer=24 exec_groups=193 planned_ane_groups=5 planned_ane_refs=1304 planned_gpu_groups=188 planned_gpu_refs=4840 tail_gpu_groups=0 tail_gpu_refs=0 planned_ssd_groups=193 est_gpu=16872.0 est_ane=820.7 est_idle=95.14% wall=101.431 ms actual_ane_groups=5 actual_ane_refs=1304 actual_gpu_groups=0 actual_gpu_refs=0 finishes=5 waits=10 overlap_gpu_groups=188
ds4: Flash-MoE async pread canceled queued=0 reading=0 ready=975 finished=0
ds4: gpu chunked prefill pos=2048 tokens=1024 layer 24 encode=139.570 ms execute=2.559 ms
ds4: Flash-MoE prefill layer=25 tokens=1024 unique=207 refs=6144 sync=14.411 ms plan=0.327 ms stage/compute=111.865 ms misses=207
ds4: Flash-MoE hybrid prefill layer=25 ane_groups=4 ane_refs=743 gpu_i8_groups=0 gpu_i8_refs=0 fp32_groups=0 ane_min_refs=128 concurrent=1 ane_pipeline=1 output_queue=4 async_ane=4 gpu_overlap=203 finishes=4 waits=8
ds4: Flash-MoE overlap plan layer=25 exec_groups=207 planned_ane_groups=4 planned_ane_refs=743 planned_gpu_groups=203 planned_gpu_refs=5401 tail_gpu_groups=0 tail_gpu_refs=0 planned_ssd_groups=207 est_gpu=18393.0 est_ane=652.9 est_idle=96.45% wall=111.502 ms actual_ane_groups=4 actual_ane_refs=743 actual_gpu_groups=0 actual_gpu_refs=0 finishes=4 waits=8 overlap_gpu_groups=203
ds4: Flash-MoE async pread canceled queued=0 reading=0 ready=987 finished=0
ds4: gpu chunked prefill pos=2048 tokens=1024 layer 25 encode=127.161 ms execute=2.557 ms
ds4: Flash-MoE prefill layer=26 tokens=1024 unique=199 refs=6144 sync=37.137 ms plan=0.356 ms stage/compute=102.998 ms misses=199
ds4: Flash-MoE hybrid prefill layer=26 ane_groups=5 ane_refs=1168 gpu_i8_groups=0 gpu_i8_refs=0 fp32_groups=0 ane_min_refs=128 concurrent=1 ane_pipeline=1 output_queue=4 async_ane=5 gpu_overlap=194 finishes=5 waits=10
ds4: Flash-MoE overlap plan layer=26 exec_groups=199 planned_ane_groups=5 planned_ane_refs=1168 planned_gpu_groups=194 planned_gpu_refs=4976 tail_gpu_groups=0 tail_gpu_refs=0 planned_ssd_groups=199 est_gpu=17392.0 est_ane=815.5 est_idle=95.31% wall=102.667 ms actual_ane_groups=5 actual_ane_refs=1168 actual_gpu_groups=0 actual_gpu_refs=0 finishes=5 waits=10 overlap_gpu_groups=194
ds4: Flash-MoE async pread canceled queued=0 reading=0 ready=995 finished=0
ds4: gpu chunked prefill pos=2048 tokens=1024 layer 26 encode=140.792 ms execute=2.573 ms
ds4: Flash-MoE prefill layer=27 tokens=1024 unique=213 refs=6144 sync=14.679 ms plan=0.293 ms stage/compute=111.401 ms misses=213
ds4: Flash-MoE hybrid prefill layer=27 ane_groups=3 ane_refs=726 gpu_i8_groups=0 gpu_i8_refs=0 fp32_groups=0 ane_min_refs=128 concurrent=1 ane_pipeline=1 output_queue=4 async_ane=3 gpu_overlap=210 finishes=3 waits=6
ds4: Flash-MoE overlap plan layer=27 exec_groups=213 planned_ane_groups=3 planned_ane_refs=726 planned_gpu_groups=210 planned_gpu_refs=5418 tail_gpu_groups=0 tail_gpu_refs=0 planned_ssd_groups=213 est_gpu=18858.0 est_ane=490.3 est_idle=97.40% wall=111.037 ms actual_ane_groups=3 actual_ane_refs=726 actual_gpu_groups=0 actual_gpu_refs=0 finishes=3 waits=6 overlap_gpu_groups=210
ds4: Flash-MoE async pread canceled queued=0 reading=0 ready=1004 finished=0
ds4: gpu chunked prefill pos=2048 tokens=1024 layer 27 encode=126.900 ms execute=2.540 ms
ds4: Flash-MoE prefill layer=28 tokens=1024 unique=202 refs=6144 sync=36.870 ms plan=0.314 ms stage/compute=110.585 ms misses=202
ds4: Flash-MoE hybrid prefill layer=28 ane_groups=3 ane_refs=669 gpu_i8_groups=0 gpu_i8_refs=0 fp32_groups=0 ane_min_refs=128 concurrent=1 ane_pipeline=1 output_queue=4 async_ane=3 gpu_overlap=199 finishes=3 waits=6
ds4: Flash-MoE overlap plan layer=28 exec_groups=202 planned_ane_groups=3 planned_ane_refs=669 planned_gpu_groups=199 planned_gpu_refs=5475 tail_gpu_groups=0 tail_gpu_refs=0 planned_ssd_groups=202 est_gpu=18211.0 est_ane=490.3 est_idle=97.31% wall=110.211 ms actual_ane_groups=3 actual_ane_refs=669 actual_gpu_groups=0 actual_gpu_refs=0 finishes=3 waits=6 overlap_gpu_groups=199
ds4: Flash-MoE async pread canceled queued=0 reading=0 ready=1017 finished=0
ds4: gpu chunked prefill pos=2048 tokens=1024 layer 28 encode=148.021 ms execute=2.597 ms
ds4: Flash-MoE prefill layer=29 tokens=1024 unique=192 refs=6144 sync=14.789 ms plan=0.315 ms stage/compute=105.153 ms misses=192
ds4: Flash-MoE hybrid prefill layer=29 ane_groups=4 ane_refs=1004 gpu_i8_groups=0 gpu_i8_refs=0 fp32_groups=0 ane_min_refs=128 concurrent=1 ane_pipeline=1 output_queue=4 async_ane=4 gpu_overlap=188 finishes=4 waits=8
ds4: Flash-MoE overlap plan layer=29 exec_groups=192 planned_ane_groups=4 planned_ane_refs=1004 planned_gpu_groups=188 planned_gpu_refs=5140 tail_gpu_groups=0 tail_gpu_refs=0 planned_ssd_groups=192 est_gpu=17172.0 est_ane=655.5 est_idle=96.18% wall=104.798 ms actual_ane_groups=4 actual_ane_refs=1004 actual_gpu_groups=0 actual_gpu_refs=0 finishes=4 waits=8 overlap_gpu_groups=188
ds4: Flash-MoE async pread canceled queued=0 reading=0 ready=1032 finished=0
ds4: gpu chunked prefill pos=2048 tokens=1024 layer 29 encode=120.819 ms execute=2.578 ms
ds4: Flash-MoE prefill layer=30 tokens=1024 unique=204 refs=6144 sync=36.859 ms plan=0.346 ms stage/compute=111.065 ms misses=204
ds4: Flash-MoE hybrid prefill layer=30 ane_groups=4 ane_refs=723 gpu_i8_groups=0 gpu_i8_refs=0 fp32_groups=0 ane_min_refs=128 concurrent=1 ane_pipeline=1 output_queue=4 async_ane=4 gpu_overlap=200 finishes=4 waits=8
ds4: Flash-MoE overlap plan layer=30 exec_groups=204 planned_ane_groups=4 planned_ane_refs=723 planned_gpu_groups=200 planned_gpu_refs=5421 tail_gpu_groups=0 tail_gpu_refs=0 planned_ssd_groups=204 est_gpu=18221.0 est_ane=652.9 est_idle=96.42% wall=110.707 ms actual_ane_groups=4 actual_ane_refs=723 actual_gpu_groups=0 actual_gpu_refs=0 finishes=4 waits=8 overlap_gpu_groups=200
ds4: Flash-MoE async pread canceled queued=0 reading=0 ready=1042 finished=0
ds4: gpu chunked prefill pos=2048 tokens=1024 layer 30 encode=148.547 ms execute=2.538 ms
ds4: Flash-MoE prefill layer=31 tokens=1024 unique=198 refs=6144 sync=14.449 ms plan=0.358 ms stage/compute=104.583 ms misses=198
ds4: Flash-MoE hybrid prefill layer=31 ane_groups=7 ane_refs=1377 gpu_i8_groups=0 gpu_i8_refs=0 fp32_groups=0 ane_min_refs=128 concurrent=1 ane_pipeline=1 output_queue=4 async_ane=7 gpu_overlap=191 finishes=7 waits=14
ds4: Flash-MoE overlap plan layer=31 exec_groups=198 planned_ane_groups=7 planned_ane_refs=1377 planned_gpu_groups=191 planned_gpu_refs=4767 tail_gpu_groups=0 tail_gpu_refs=0 planned_ssd_groups=198 est_gpu=16991.0 est_ane=1140.7 est_idle=93.29% wall=104.224 ms actual_ane_groups=7 actual_ane_refs=1377 actual_gpu_groups=0 actual_gpu_refs=0 finishes=7 waits=14 overlap_gpu_groups=191
ds4: Flash-MoE async pread canceled queued=0 reading=0 ready=1057 finished=0
ds4: gpu chunked prefill pos=2048 tokens=1024 layer 31 encode=119.977 ms execute=2.506 ms
ds4: Flash-MoE prefill layer=32 tokens=1024 unique=198 refs=6144 sync=37.216 ms plan=0.310 ms stage/compute=107.124 ms misses=198
ds4: Flash-MoE hybrid prefill layer=32 ane_groups=4 ane_refs=838 gpu_i8_groups=0 gpu_i8_refs=0 fp32_groups=0 ane_min_refs=128 concurrent=1 ane_pipeline=1 output_queue=4 async_ane=4 gpu_overlap=194 finishes=4 waits=8
ds4: Flash-MoE overlap plan layer=32 exec_groups=198 planned_ane_groups=4 planned_ane_refs=838 planned_gpu_groups=194 planned_gpu_refs=5306 tail_gpu_groups=0 tail_gpu_refs=0 planned_ssd_groups=198 est_gpu=17722.0 est_ane=650.3 est_idle=96.33% wall=106.780 ms actual_ane_groups=4 actual_ane_refs=838 actual_gpu_groups=0 actual_gpu_refs=0 finishes=4 waits=8 overlap_gpu_groups=194
ds4: Flash-MoE async pread canceled queued=0 reading=0 ready=1071 finished=0
ds4: gpu chunked prefill pos=2048 tokens=1024 layer 32 encode=144.934 ms execute=2.550 ms
ds4: Flash-MoE prefill layer=33 tokens=1024 unique=191 refs=6144 sync=14.426 ms plan=0.310 ms stage/compute=103.093 ms misses=191
ds4: Flash-MoE hybrid prefill layer=33 ane_groups=6 ane_refs=1164 gpu_i8_groups=0 gpu_i8_refs=0 fp32_groups=0 ane_min_refs=128 concurrent=1 ane_pipeline=1 output_queue=4 async_ane=6 gpu_overlap=185 finishes=6 waits=12
ds4: Flash-MoE overlap plan layer=33 exec_groups=191 planned_ane_groups=6 planned_ane_refs=1164 planned_gpu_groups=185 planned_gpu_refs=4980 tail_gpu_groups=0 tail_gpu_refs=0 planned_ssd_groups=191 est_gpu=16820.0 est_ane=978.1 est_idle=94.18% wall=102.777 ms actual_ane_groups=6 actual_ane_refs=1164 actual_gpu_groups=0 actual_gpu_refs=0 finishes=6 waits=12 overlap_gpu_groups=185
ds4: Flash-MoE async pread canceled queued=0 reading=0 ready=1084 finished=0
ds4: gpu chunked prefill pos=2048 tokens=1024 layer 33 encode=118.329 ms execute=2.682 ms
ds4: Flash-MoE prefill layer=34 tokens=1024 unique=195 refs=6144 sync=37.283 ms plan=0.323 ms stage/compute=100.194 ms misses=195
ds4: Flash-MoE hybrid prefill layer=34 ane_groups=4 ane_refs=1287 gpu_i8_groups=0 gpu_i8_refs=0 fp32_groups=0 ane_min_refs=128 concurrent=1 ane_pipeline=1 output_queue=4 async_ane=4 gpu_overlap=191 finishes=4 waits=8
ds4: Flash-MoE overlap plan layer=34 exec_groups=195 planned_ane_groups=4 planned_ane_refs=1287 planned_gpu_groups=191 planned_gpu_refs=4857 tail_gpu_groups=0 tail_gpu_refs=0 planned_ssd_groups=195 est_gpu=17081.0 est_ane=658.1 est_idle=96.15% wall=99.858 ms actual_ane_groups=4 actual_ane_refs=1287 actual_gpu_groups=0 actual_gpu_refs=0 finishes=4 waits=8 overlap_gpu_groups=191
ds4: Flash-MoE async pread canceled queued=0 reading=0 ready=1095 finished=0
ds4: gpu chunked prefill pos=2048 tokens=1024 layer 34 encode=138.143 ms execute=2.584 ms
ds4: Flash-MoE prefill layer=35 tokens=1024 unique=206 refs=6144 sync=14.703 ms plan=0.315 ms stage/compute=104.284 ms misses=206
ds4: Flash-MoE hybrid prefill layer=35 ane_groups=5 ane_refs=1047 gpu_i8_groups=0 gpu_i8_refs=0 fp32_groups=0 ane_min_refs=128 concurrent=1 ane_pipeline=1 output_queue=4 async_ane=5 gpu_overlap=201 finishes=5 waits=10
ds4: Flash-MoE overlap plan layer=35 exec_groups=206 planned_ane_groups=5 planned_ane_refs=1047 planned_gpu_groups=201 planned_gpu_refs=5097 tail_gpu_groups=0 tail_gpu_refs=0 planned_ssd_groups=206 est_gpu=17961.0 est_ane=815.5 est_idle=95.46% wall=103.929 ms actual_ane_groups=5 actual_ane_refs=1047 actual_gpu_groups=0 actual_gpu_refs=0 finishes=5 waits=10 overlap_gpu_groups=201
ds4: Flash-MoE async pread canceled queued=0 reading=0 ready=1106 finished=0
ds4: gpu chunked prefill pos=2048 tokens=1024 layer 35 encode=119.841 ms execute=2.573 ms
ds4: Flash-MoE prefill layer=36 tokens=1024 unique=199 refs=6144 sync=36.794 ms plan=0.386 ms stage/compute=101.110 ms misses=199
ds4: Flash-MoE hybrid prefill layer=36 ane_groups=7 ane_refs=1551 gpu_i8_groups=0 gpu_i8_refs=0 fp32_groups=0 ane_min_refs=128 concurrent=1 ane_pipeline=1 output_queue=4 async_ane=7 gpu_overlap=192 finishes=7 waits=14
ds4: Flash-MoE overlap plan layer=36 exec_groups=199 planned_ane_groups=7 planned_ane_refs=1551 planned_gpu_groups=192 planned_gpu_refs=4593 tail_gpu_groups=0 tail_gpu_refs=0 planned_ssd_groups=199 est_gpu=16881.0 est_ane=1143.3 est_idle=93.23% wall=100.693 ms actual_ane_groups=7 actual_ane_refs=1551 actual_gpu_groups=0 actual_gpu_refs=0 finishes=7 waits=14 overlap_gpu_groups=192
ds4: Flash-MoE async pread canceled queued=0 reading=0 ready=1118 finished=0
ds4: gpu chunked prefill pos=2048 tokens=1024 layer 36 encode=138.563 ms execute=2.562 ms
ds4: Flash-MoE prefill layer=37 tokens=1024 unique=201 refs=6144 sync=14.458 ms plan=0.373 ms stage/compute=104.108 ms misses=201
ds4: Flash-MoE hybrid prefill layer=37 ane_groups=5 ane_refs=1369 gpu_i8_groups=0 gpu_i8_refs=0 fp32_groups=0 ane_min_refs=128 concurrent=1 ane_pipeline=1 output_queue=4 async_ane=5 gpu_overlap=196 finishes=5 waits=10
ds4: Flash-MoE overlap plan layer=37 exec_groups=201 planned_ane_groups=5 planned_ane_refs=1369 planned_gpu_groups=196 planned_gpu_refs=4775 tail_gpu_groups=0 tail_gpu_refs=0 planned_ssd_groups=201 est_gpu=17319.0 est_ane=820.7 est_idle=95.26% wall=103.755 ms actual_ane_groups=5 actual_ane_refs=1369 actual_gpu_groups=0 actual_gpu_refs=0 finishes=5 waits=10 overlap_gpu_groups=196
ds4: Flash-MoE async pread canceled queued=0 reading=0 ready=1132 finished=0
ds4: gpu chunked prefill pos=2048 tokens=1024 layer 37 encode=119.571 ms execute=2.546 ms
ds4: Flash-MoE prefill layer=38 tokens=1024 unique=205 refs=6144 sync=37.409 ms plan=0.291 ms stage/compute=107.082 ms misses=205
ds4: Flash-MoE hybrid prefill layer=38 ane_groups=4 ane_refs=982 gpu_i8_groups=0 gpu_i8_refs=0 fp32_groups=0 ane_min_refs=128 concurrent=1 ane_pipeline=1 output_queue=4 async_ane=4 gpu_overlap=201 finishes=4 waits=8
ds4: Flash-MoE overlap plan layer=38 exec_groups=205 planned_ane_groups=4 planned_ane_refs=982 planned_gpu_groups=201 planned_gpu_refs=5162 tail_gpu_groups=0 tail_gpu_refs=0 planned_ssd_groups=205 est_gpu=18026.0 est_ane=652.9 est_idle=96.38% wall=106.710 ms actual_ane_groups=4 actual_ane_refs=982 actual_gpu_groups=0 actual_gpu_refs=0 finishes=4 waits=8 overlap_gpu_groups=201
ds4: Flash-MoE async pread canceled queued=0 reading=0 ready=1146 finished=0
ds4: gpu chunked prefill pos=2048 tokens=1024 layer 38 encode=145.090 ms execute=2.563 ms
ds4: Flash-MoE prefill layer=39 tokens=1024 unique=209 refs=6144 sync=14.510 ms plan=0.330 ms stage/compute=108.267 ms misses=209
ds4: Flash-MoE hybrid prefill layer=39 ane_groups=4 ane_refs=807 gpu_i8_groups=0 gpu_i8_refs=0 fp32_groups=0 ane_min_refs=128 concurrent=1 ane_pipeline=1 output_queue=4 async_ane=4 gpu_overlap=205 finishes=4 waits=8
ds4: Flash-MoE overlap plan layer=39 exec_groups=209 planned_ane_groups=4 planned_ane_refs=807 planned_gpu_groups=205 planned_gpu_refs=5337 tail_gpu_groups=0 tail_gpu_refs=0 planned_ssd_groups=209 est_gpu=18457.0 est_ane=650.3 est_idle=96.48% wall=107.865 ms actual_ane_groups=4 actual_ane_refs=807 actual_gpu_groups=0 actual_gpu_refs=0 finishes=4 waits=8 overlap_gpu_groups=205
ds4: Flash-MoE async pread canceled queued=0 reading=0 ready=1155 finished=0
ds4: gpu chunked prefill pos=2048 tokens=1024 layer 39 encode=123.673 ms execute=2.542 ms
ds4: Flash-MoE prefill layer=40 tokens=1024 unique=166 refs=6144 sync=36.942 ms plan=0.323 ms stage/compute=90.269 ms misses=166
ds4: Flash-MoE hybrid prefill layer=40 ane_groups=6 ane_refs=2010 gpu_i8_groups=0 gpu_i8_refs=0 fp32_groups=0 ane_min_refs=128 concurrent=1 ane_pipeline=1 output_queue=4 async_ane=6 gpu_overlap=160 finishes=6 waits=12
ds4: Flash-MoE overlap plan layer=40 exec_groups=166 planned_ane_groups=6 planned_ane_refs=2010 planned_gpu_groups=160 planned_gpu_refs=4134 tail_gpu_groups=0 tail_gpu_refs=0 planned_ssd_groups=166 est_gpu=14374.0 est_ane=985.9 est_idle=93.14% wall=89.941 ms actual_ane_groups=6 actual_ane_refs=2010 actual_gpu_groups=0 actual_gpu_refs=0 finishes=6 waits=12 overlap_gpu_groups=160
ds4: Flash-MoE async pread canceled queued=0 reading=0 ready=1174 finished=0
ds4: gpu chunked prefill pos=2048 tokens=1024 layer 40 encode=127.814 ms execute=2.544 ms
ds4: Flash-MoE prefill layer=41 tokens=1024 unique=189 refs=6144 sync=14.578 ms plan=0.330 ms stage/compute=100.034 ms misses=189
ds4: Flash-MoE hybrid prefill layer=41 ane_groups=5 ane_refs=1128 gpu_i8_groups=0 gpu_i8_refs=0 fp32_groups=0 ane_min_refs=128 concurrent=1 ane_pipeline=1 output_queue=4 async_ane=5 gpu_overlap=184 finishes=5 waits=10
ds4: Flash-MoE overlap plan layer=41 exec_groups=189 planned_ane_groups=5 planned_ane_refs=1128 planned_gpu_groups=184 planned_gpu_refs=5016 tail_gpu_groups=0 tail_gpu_refs=0 planned_ssd_groups=189 est_gpu=16792.0 est_ane=815.5 est_idle=95.14% wall=99.719 ms actual_ane_groups=5 actual_ane_refs=1128 actual_gpu_groups=0 actual_gpu_refs=0 finishes=5 waits=10 overlap_gpu_groups=184
ds4: Flash-MoE async pread canceled queued=0 reading=0 ready=1187 finished=0
ds4: gpu chunked prefill pos=2048 tokens=1024 layer 41 encode=115.488 ms execute=2.575 ms
ds4: Flash-MoE prefill layer=42 tokens=1024 unique=201 refs=6144 sync=36.854 ms plan=0.333 ms stage/compute=106.712 ms misses=201
ds4: Flash-MoE hybrid prefill layer=42 ane_groups=3 ane_refs=886 gpu_i8_groups=0 gpu_i8_refs=0 fp32_groups=0 ane_min_refs=128 concurrent=1 ane_pipeline=1 output_queue=4 async_ane=3 gpu_overlap=198 finishes=3 waits=6
ds4: Flash-MoE overlap plan layer=42 exec_groups=201 planned_ane_groups=3 planned_ane_refs=886 planned_gpu_groups=198 planned_gpu_refs=5258 tail_gpu_groups=0 tail_gpu_refs=0 planned_ssd_groups=201 est_gpu=17930.0 est_ane=492.9 est_idle=97.25% wall=106.384 ms actual_ane_groups=3 actual_ane_refs=886 actual_gpu_groups=0 actual_gpu_refs=0 finishes=3 waits=6 overlap_gpu_groups=198
ds4: Flash-MoE async pread canceled queued=0 reading=0 ready=1200 finished=0
ds4: gpu chunked prefill pos=2048 tokens=1024 layer 42 encode=144.168 ms execute=2.446 ms
processing 8423 input tokens: 3072/8423 (36.5%) batch=168.52 t/s avg=175.59 t/s
ds4: Flash-MoE prefill layer=0 tokens=1024 unique=256 refs=6144 sync=12.085 ms plan=0.351 ms stage/compute=147.517 ms misses=256
ds4: Flash-MoE hybrid prefill layer=0 ane_groups=0 ane_refs=0 gpu_i8_groups=0 gpu_i8_refs=0 fp32_groups=0 ane_min_refs=128 concurrent=1 ane_pipeline=1 output_queue=4 async_ane=0 gpu_overlap=0 finishes=0 waits=0
ds4: Flash-MoE overlap plan layer=0 exec_groups=256 planned_ane_groups=0 planned_ane_refs=0 planned_gpu_groups=256 planned_gpu_refs=6144 tail_gpu_groups=0 tail_gpu_refs=0 planned_ssd_groups=256 est_gpu=22528.0 est_ane=0.0 est_idle=100.00% wall=147.108 ms actual_ane_groups=0 actual_ane_refs=0 actual_gpu_groups=0 actual_gpu_refs=0 finishes=0 waits=0 overlap_gpu_groups=0
ds4: Flash-MoE async pread canceled queued=0 reading=0 ready=1200 finished=0
ds4: gpu chunked prefill pos=3072 tokens=1024 layer 0 encode=160.327 ms execute=2.683 ms
ds4: Flash-MoE prefill layer=1 tokens=1024 unique=256 refs=6144 sync=12.933 ms plan=0.361 ms stage/compute=147.707 ms misses=256
ds4: Flash-MoE hybrid prefill layer=1 ane_groups=0 ane_refs=0 gpu_i8_groups=0 gpu_i8_refs=0 fp32_groups=0 ane_min_refs=128 concurrent=1 ane_pipeline=1 output_queue=4 async_ane=0 gpu_overlap=0 finishes=0 waits=0
ds4: Flash-MoE overlap plan layer=1 exec_groups=256 planned_ane_groups=0 planned_ane_refs=0 planned_gpu_groups=256 planned_gpu_refs=6144 tail_gpu_groups=0 tail_gpu_refs=0 planned_ssd_groups=256 est_gpu=22528.0 est_ane=0.0 est_idle=100.00% wall=147.322 ms actual_ane_groups=0 actual_ane_refs=0 actual_gpu_groups=0 actual_gpu_refs=0 finishes=0 waits=0 overlap_gpu_groups=0
ds4: Flash-MoE async pread canceled queued=0 reading=0 ready=1200 finished=0
ds4: gpu chunked prefill pos=3072 tokens=1024 layer 1 encode=161.582 ms execute=2.637 ms
ds4: Flash-MoE prefill layer=2 tokens=1024 unique=256 refs=6144 sync=38.203 ms plan=0.367 ms stage/compute=149.608 ms misses=256
ds4: Flash-MoE hybrid prefill layer=2 ane_groups=0 ane_refs=0 gpu_i8_groups=0 gpu_i8_refs=0 fp32_groups=0 ane_min_refs=128 concurrent=1 ane_pipeline=1 output_queue=4 async_ane=0 gpu_overlap=0 finishes=0 waits=0
ds4: Flash-MoE overlap plan layer=2 exec_groups=256 planned_ane_groups=0 planned_ane_refs=0 planned_gpu_groups=256 planned_gpu_refs=6144 tail_gpu_groups=0 tail_gpu_refs=0 planned_ssd_groups=256 est_gpu=22528.0 est_ane=0.0 est_idle=100.00% wall=149.230 ms actual_ane_groups=0 actual_ane_refs=0 actual_gpu_groups=0 actual_gpu_refs=0 finishes=0 waits=0 overlap_gpu_groups=0
ds4: Flash-MoE async pread canceled queued=0 reading=0 ready=1200 finished=0
ds4: gpu chunked prefill pos=3072 tokens=1024 layer 2 encode=188.449 ms execute=2.626 ms
ds4: Flash-MoE prefill layer=3 tokens=1024 unique=234 refs=6144 sync=14.580 ms plan=0.364 ms stage/compute=125.481 ms misses=234
ds4: Flash-MoE hybrid prefill layer=3 ane_groups=1 ane_refs=468 gpu_i8_groups=0 gpu_i8_refs=0 fp32_groups=0 ane_min_refs=128 concurrent=1 ane_pipeline=1 output_queue=4 async_ane=1 gpu_overlap=233 finishes=1 waits=2
ds4: Flash-MoE overlap plan layer=3 exec_groups=234 planned_ane_groups=1 planned_ane_refs=468 planned_gpu_groups=233 planned_gpu_refs=5676 tail_gpu_groups=0 tail_gpu_refs=0 planned_ssd_groups=234 est_gpu=20588.0 est_ane=165.2 est_idle=99.20% wall=125.098 ms actual_ane_groups=1 actual_ane_refs=468 actual_gpu_groups=0 actual_gpu_refs=0 finishes=1 waits=2 overlap_gpu_groups=233
ds4: Flash-MoE async pread canceled queued=0 reading=0 ready=1206 finished=0
ds4: gpu chunked prefill pos=3072 tokens=1024 layer 3 encode=140.975 ms execute=2.545 ms
ds4: Flash-MoE prefill layer=4 tokens=1024 unique=224 refs=6144 sync=37.659 ms plan=0.379 ms stage/compute=120.932 ms misses=224
ds4: Flash-MoE hybrid prefill layer=4 ane_groups=4 ane_refs=801 gpu_i8_groups=0 gpu_i8_refs=0 fp32_groups=0 ane_min_refs=128 concurrent=1 ane_pipeline=1 output_queue=4 async_ane=4 gpu_overlap=220 finishes=4 waits=8
ds4: Flash-MoE overlap plan layer=4 exec_groups=224 planned_ane_groups=4 planned_ane_refs=801 planned_gpu_groups=220 planned_gpu_refs=5343 tail_gpu_groups=0 tail_gpu_refs=0 planned_ssd_groups=224 est_gpu=19423.0 est_ane=652.9 est_idle=96.64% wall=120.541 ms actual_ane_groups=4 actual_ane_refs=801 actual_gpu_groups=0 actual_gpu_refs=0 finishes=4 waits=8 overlap_gpu_groups=220
ds4: Flash-MoE async pread canceled queued=0 reading=0 ready=1213 finished=0
ds4: gpu chunked prefill pos=3072 tokens=1024 layer 4 encode=159.245 ms execute=2.529 ms
ds4: Flash-MoE prefill layer=5 tokens=1024 unique=235 refs=6144 sync=14.552 ms plan=0.315 ms stage/compute=122.704 ms misses=235
ds4: Flash-MoE hybrid prefill layer=5 ane_groups=3 ane_refs=818 gpu_i8_groups=0 gpu_i8_refs=0 fp32_groups=0 ane_min_refs=128 concurrent=1 ane_pipeline=1 output_queue=4 async_ane=3 gpu_overlap=232 finishes=3 waits=6
ds4: Flash-MoE overlap plan layer=5 exec_groups=235 planned_ane_groups=3 planned_ane_refs=818 planned_gpu_groups=232 planned_gpu_refs=5326 tail_gpu_groups=0 tail_gpu_refs=0 planned_ssd_groups=235 est_gpu=20174.0 est_ane=492.9 est_idle=97.56% wall=122.281 ms actual_ane_groups=3 actual_ane_refs=818 actual_gpu_groups=0 actual_gpu_refs=0 finishes=3 waits=6 overlap_gpu_groups=232
ds4: Flash-MoE async pread canceled queued=0 reading=0 ready=1216 finished=0
ds4: gpu chunked prefill pos=3072 tokens=1024 layer 5 encode=138.108 ms execute=2.640 ms
ds4: Flash-MoE prefill layer=6 tokens=1024 unique=227 refs=6144 sync=37.677 ms plan=0.302 ms stage/compute=121.617 ms misses=227
ds4: Flash-MoE hybrid prefill layer=6 ane_groups=2 ane_refs=543 gpu_i8_groups=0 gpu_i8_refs=0 fp32_groups=0 ane_min_refs=128 concurrent=1 ane_pipeline=1 output_queue=4 async_ane=2 gpu_overlap=225 finishes=2 waits=4
ds4: Flash-MoE overlap plan layer=6 exec_groups=227 planned_ane_groups=2 planned_ane_refs=543 planned_gpu_groups=225 planned_gpu_refs=5601 tail_gpu_groups=0 tail_gpu_refs=0 planned_ssd_groups=227 est_gpu=20001.0 est_ane=327.8 est_idle=98.36% wall=121.269 ms actual_ane_groups=2 actual_ane_refs=543 actual_gpu_groups=0 actual_gpu_refs=0 finishes=2 waits=4 overlap_gpu_groups=225
ds4: Flash-MoE async pread canceled queued=0 reading=0 ready=1219 finished=0
ds4: gpu chunked prefill pos=3072 tokens=1024 layer 6 encode=159.854 ms execute=2.576 ms
ds4: Flash-MoE prefill layer=7 tokens=1024 unique=227 refs=6144 sync=14.608 ms plan=0.300 ms stage/compute=115.689 ms misses=227
ds4: Flash-MoE hybrid prefill layer=7 ane_groups=4 ane_refs=1151 gpu_i8_groups=0 gpu_i8_refs=0 fp32_groups=0 ane_min_refs=128 concurrent=1 ane_pipeline=1 output_queue=4 async_ane=4 gpu_overlap=223 finishes=4 waits=8
ds4: Flash-MoE overlap plan layer=7 exec_groups=227 planned_ane_groups=4 planned_ane_refs=1151 planned_gpu_groups=223 planned_gpu_refs=4993 tail_gpu_groups=0 tail_gpu_refs=0 planned_ssd_groups=227 est_gpu=19265.0 est_ane=655.5 est_idle=96.60% wall=115.301 ms actual_ane_groups=4 actual_ane_refs=1151 actual_gpu_groups=0 actual_gpu_refs=0 finishes=4 waits=8 overlap_gpu_groups=223
ds4: Flash-MoE async pread canceled queued=0 reading=0 ready=1222 finished=0
ds4: gpu chunked prefill pos=3072 tokens=1024 layer 7 encode=131.223 ms execute=2.569 ms
ds4: Flash-MoE prefill layer=8 tokens=1024 unique=225 refs=6144 sync=37.699 ms plan=0.354 ms stage/compute=117.023 ms misses=225
ds4: Flash-MoE hybrid prefill layer=8 ane_groups=4 ane_refs=1263 gpu_i8_groups=0 gpu_i8_refs=0 fp32_groups=0 ane_min_refs=128 concurrent=1 ane_pipeline=1 output_queue=4 async_ane=4 gpu_overlap=221 finishes=4 waits=8
ds4: Flash-MoE overlap plan layer=8 exec_groups=225 planned_ane_groups=4 planned_ane_refs=1263 planned_gpu_groups=221 planned_gpu_refs=4881 tail_gpu_groups=0 tail_gpu_refs=0 planned_ssd_groups=225 est_gpu=19025.0 est_ane=658.1 est_idle=96.54% wall=116.655 ms actual_ane_groups=4 actual_ane_refs=1263 actual_gpu_groups=0 actual_gpu_refs=0 finishes=4 waits=8 overlap_gpu_groups=221
ds4: Flash-MoE async pread canceled queued=0 reading=0 ready=1229 finished=0
ds4: gpu chunked prefill pos=3072 tokens=1024 layer 8 encode=155.337 ms execute=2.592 ms
ds4: Flash-MoE prefill layer=9 tokens=1024 unique=230 refs=6144 sync=14.591 ms plan=0.318 ms stage/compute=124.389 ms misses=230
ds4: Flash-MoE hybrid prefill layer=9 ane_groups=1 ane_refs=426 gpu_i8_groups=0 gpu_i8_refs=0 fp32_groups=0 ane_min_refs=128 concurrent=1 ane_pipeline=1 output_queue=4 async_ane=1 gpu_overlap=229 finishes=1 waits=2
ds4: Flash-MoE overlap plan layer=9 exec_groups=230 planned_ane_groups=1 planned_ane_refs=426 planned_gpu_groups=229 planned_gpu_refs=5718 tail_gpu_groups=0 tail_gpu_refs=0 planned_ssd_groups=230 est_gpu=20374.0 est_ane=165.2 est_idle=99.19% wall=124.014 ms actual_ane_groups=1 actual_ane_refs=426 actual_gpu_groups=0 actual_gpu_refs=0 finishes=1 waits=2 overlap_gpu_groups=229
ds4: Flash-MoE async pread canceled queued=0 reading=0 ready=1236 finished=0
ds4: gpu chunked prefill pos=3072 tokens=1024 layer 9 encode=139.814 ms execute=2.520 ms
ds4: Flash-MoE prefill layer=10 tokens=1024 unique=221 refs=6144 sync=37.665 ms plan=0.331 ms stage/compute=118.348 ms misses=221
ds4: Flash-MoE hybrid prefill layer=10 ane_groups=4 ane_refs=757 gpu_i8_groups=0 gpu_i8_refs=0 fp32_groups=0 ane_min_refs=128 concurrent=1 ane_pipeline=1 output_queue=4 async_ane=4 gpu_overlap=217 finishes=4 waits=8
ds4: Flash-MoE overlap plan layer=10 exec_groups=221 planned_ane_groups=4 planned_ane_refs=757 planned_gpu_groups=217 planned_gpu_refs=5387 tail_gpu_groups=0 tail_gpu_refs=0 planned_ssd_groups=221 est_gpu=19275.0 est_ane=650.3 est_idle=96.63% wall=117.950 ms actual_ane_groups=4 actual_ane_refs=757 actual_gpu_groups=0 actual_gpu_refs=0 finishes=4 waits=8 overlap_gpu_groups=217
ds4: Flash-MoE async pread canceled queued=0 reading=0 ready=1247 finished=0
ds4: gpu chunked prefill pos=3072 tokens=1024 layer 10 encode=156.654 ms execute=2.672 ms
ds4: Flash-MoE prefill layer=11 tokens=1024 unique=232 refs=6144 sync=14.522 ms plan=0.295 ms stage/compute=122.395 ms misses=232
ds4: Flash-MoE hybrid prefill layer=11 ane_groups=2 ane_refs=523 gpu_i8_groups=0 gpu_i8_refs=0 fp32_groups=0 ane_min_refs=128 concurrent=1 ane_pipeline=1 output_queue=4 async_ane=2 gpu_overlap=230 finishes=2 waits=4
ds4: Flash-MoE overlap plan layer=11 exec_groups=232 planned_ane_groups=2 planned_ane_refs=523 planned_gpu_groups=230 planned_gpu_refs=5621 tail_gpu_groups=0 tail_gpu_refs=0 planned_ssd_groups=232 est_gpu=20341.0 est_ane=327.8 est_idle=98.39% wall=122.036 ms actual_ane_groups=2 actual_ane_refs=523 actual_gpu_groups=0 actual_gpu_refs=0 finishes=2 waits=4 overlap_gpu_groups=230
ds4: Flash-MoE async pread canceled queued=0 reading=0 ready=1252 finished=0
ds4: gpu chunked prefill pos=3072 tokens=1024 layer 11 encode=137.878 ms execute=2.545 ms
ds4: Flash-MoE prefill layer=12 tokens=1024 unique=205 refs=6144 sync=38.418 ms plan=0.298 ms stage/compute=111.188 ms misses=205
ds4: Flash-MoE hybrid prefill layer=12 ane_groups=4 ane_refs=691 gpu_i8_groups=0 gpu_i8_refs=0 fp32_groups=0 ane_min_refs=128 concurrent=1 ane_pipeline=1 output_queue=4 async_ane=4 gpu_overlap=201 finishes=4 waits=8
ds4: Flash-MoE overlap plan layer=12 exec_groups=205 planned_ane_groups=4 planned_ane_refs=691 planned_gpu_groups=201 planned_gpu_refs=5453 tail_gpu_groups=0 tail_gpu_refs=0 planned_ssd_groups=205 est_gpu=18317.0 est_ane=652.9 est_idle=96.44% wall=110.821 ms actual_ane_groups=4 actual_ane_refs=691 actual_gpu_groups=0 actual_gpu_refs=0 finishes=4 waits=8 overlap_gpu_groups=201
ds4: Flash-MoE async pread canceled queued=0 reading=0 ready=1262 finished=0
ds4: gpu chunked prefill pos=3072 tokens=1024 layer 12 encode=150.152 ms execute=2.553 ms
ds4: Flash-MoE prefill layer=13 tokens=1024 unique=212 refs=6144 sync=14.551 ms plan=0.379 ms stage/compute=109.001 ms misses=212
ds4: Flash-MoE hybrid prefill layer=13 ane_groups=5 ane_refs=1097 gpu_i8_groups=0 gpu_i8_refs=0 fp32_groups=0 ane_min_refs=128 concurrent=1 ane_pipeline=1 output_queue=4 async_ane=5 gpu_overlap=207 finishes=5 waits=10
ds4: Flash-MoE overlap plan layer=13 exec_groups=212 planned_ane_groups=5 planned_ane_refs=1097 planned_gpu_groups=207 planned_gpu_refs=5047 tail_gpu_groups=0 tail_gpu_refs=0 planned_ssd_groups=212 est_gpu=18295.0 est_ane=815.5 est_idle=95.54% wall=108.625 ms actual_ane_groups=5 actual_ane_refs=1097 actual_gpu_groups=0 actual_gpu_refs=0 finishes=5 waits=10 overlap_gpu_groups=207
ds4: Flash-MoE async pread canceled queued=0 reading=0 ready=1269 finished=0
ds4: gpu chunked prefill pos=3072 tokens=1024 layer 13 encode=124.473 ms execute=2.622 ms
ds4: Flash-MoE prefill layer=14 tokens=1024 unique=208 refs=6144 sync=37.968 ms plan=0.316 ms stage/compute=109.688 ms misses=208
ds4: Flash-MoE hybrid prefill layer=14 ane_groups=7 ane_refs=1259 gpu_i8_groups=0 gpu_i8_refs=0 fp32_groups=0 ane_min_refs=128 concurrent=1 ane_pipeline=1 output_queue=4 async_ane=7 gpu_overlap=201 finishes=7 waits=14
ds4: Flash-MoE overlap plan layer=14 exec_groups=208 planned_ane_groups=7 planned_ane_refs=1259 planned_gpu_groups=201 planned_gpu_refs=4885 tail_gpu_groups=0 tail_gpu_refs=0 planned_ssd_groups=208 est_gpu=17749.0 est_ane=1140.7 est_idle=93.57% wall=109.354 ms actual_ane_groups=7 actual_ane_refs=1259 actual_gpu_groups=0 actual_gpu_refs=0 finishes=7 waits=14 overlap_gpu_groups=201
ds4: Flash-MoE async pread canceled queued=0 reading=0 ready=1280 finished=0
ds4: gpu chunked prefill pos=3072 tokens=1024 layer 14 encode=148.239 ms execute=2.566 ms
ds4: Flash-MoE prefill layer=15 tokens=1024 unique=207 refs=6144 sync=14.588 ms plan=0.324 ms stage/compute=106.981 ms misses=207
ds4: Flash-MoE hybrid prefill layer=15 ane_groups=5 ane_refs=900 gpu_i8_groups=0 gpu_i8_refs=0 fp32_groups=0 ane_min_refs=128 concurrent=1 ane_pipeline=1 output_queue=4 async_ane=5 gpu_overlap=202 finishes=5 waits=10
ds4: Flash-MoE overlap plan layer=15 exec_groups=207 planned_ane_groups=5 planned_ane_refs=900 planned_gpu_groups=202 planned_gpu_refs=5244 tail_gpu_groups=0 tail_gpu_refs=0 planned_ssd_groups=207 est_gpu=18172.0 est_ane=812.9 est_idle=95.53% wall=106.622 ms actual_ane_groups=5 actual_ane_refs=900 actual_gpu_groups=0 actual_gpu_refs=0 finishes=5 waits=10 overlap_gpu_groups=202
ds4: Flash-MoE async pread canceled queued=0 reading=0 ready=1288 finished=0
ds4: gpu chunked prefill pos=3072 tokens=1024 layer 15 encode=122.447 ms execute=2.525 ms
ds4: Flash-MoE prefill layer=16 tokens=1024 unique=200 refs=6144 sync=37.785 ms plan=0.323 ms stage/compute=106.306 ms misses=200
ds4: Flash-MoE hybrid prefill layer=16 ane_groups=4 ane_refs=1165 gpu_i8_groups=0 gpu_i8_refs=0 fp32_groups=0 ane_min_refs=128 concurrent=1 ane_pipeline=1 output_queue=4 async_ane=4 gpu_overlap=196 finishes=4 waits=8
ds4: Flash-MoE overlap plan layer=16 exec_groups=200 planned_ane_groups=4 planned_ane_refs=1165 planned_gpu_groups=196 planned_gpu_refs=4979 tail_gpu_groups=0 tail_gpu_refs=0 planned_ssd_groups=200 est_gpu=17523.0 est_ane=655.5 est_idle=96.26% wall=105.968 ms actual_ane_groups=4 actual_ane_refs=1165 actual_gpu_groups=0 actual_gpu_refs=0 finishes=4 waits=8 overlap_gpu_groups=196
ds4: Flash-MoE async pread canceled queued=0 reading=0 ready=1300 finished=0
ds4: gpu chunked prefill pos=3072 tokens=1024 layer 16 encode=144.682 ms execute=2.637 ms
ds4: Flash-MoE prefill layer=17 tokens=1024 unique=209 refs=6144 sync=14.514 ms plan=0.349 ms stage/compute=109.198 ms misses=209
ds4: Flash-MoE hybrid prefill layer=17 ane_groups=6 ane_refs=1357 gpu_i8_groups=0 gpu_i8_refs=0 fp32_groups=0 ane_min_refs=128 concurrent=1 ane_pipeline=1 output_queue=4 async_ane=6 gpu_overlap=203 finishes=6 waits=12
ds4: Flash-MoE overlap plan layer=17 exec_groups=209 planned_ane_groups=6 planned_ane_refs=1357 planned_gpu_groups=203 planned_gpu_refs=4787 tail_gpu_groups=0 tail_gpu_refs=0 planned_ssd_groups=209 est_gpu=17779.0 est_ane=978.1 est_idle=94.50% wall=108.851 ms actual_ane_groups=6 actual_ane_refs=1357 actual_gpu_groups=0 actual_gpu_refs=0 finishes=6 waits=12 overlap_gpu_groups=203
ds4: Flash-MoE async pread canceled queued=0 reading=0 ready=1311 finished=0
ds4: gpu chunked prefill pos=3072 tokens=1024 layer 17 encode=124.601 ms execute=2.555 ms
ds4: Flash-MoE prefill layer=18 tokens=1024 unique=194 refs=6144 sync=37.636 ms plan=0.335 ms stage/compute=99.320 ms misses=194
ds4: Flash-MoE hybrid prefill layer=18 ane_groups=6 ane_refs=1561 gpu_i8_groups=0 gpu_i8_refs=0 fp32_groups=0 ane_min_refs=128 concurrent=1 ane_pipeline=1 output_queue=4 async_ane=6 gpu_overlap=188 finishes=6 waits=12
ds4: Flash-MoE overlap plan layer=18 exec_groups=194 planned_ane_groups=6 planned_ane_refs=1561 planned_gpu_groups=188 planned_gpu_refs=4583 tail_gpu_groups=0 tail_gpu_refs=0 planned_ssd_groups=194 est_gpu=16615.0 est_ane=983.3 est_idle=94.08% wall=98.960 ms actual_ane_groups=6 actual_ane_refs=1561 actual_gpu_groups=0 actual_gpu_refs=0 finishes=6 waits=12 overlap_gpu_groups=188
ds4: Flash-MoE async pread canceled queued=0 reading=0 ready=1323 finished=0
ds4: gpu chunked prefill pos=3072 tokens=1024 layer 18 encode=137.604 ms execute=2.650 ms
ds4: Flash-MoE prefill layer=19 tokens=1024 unique=222 refs=6144 sync=14.599 ms plan=0.320 ms stage/compute=119.727 ms misses=222
ds4: Flash-MoE hybrid prefill layer=19 ane_groups=3 ane_refs=550 gpu_i8_groups=0 gpu_i8_refs=0 fp32_groups=0 ane_min_refs=128 concurrent=1 ane_pipeline=1 output_queue=4 async_ane=3 gpu_overlap=219 finishes=3 waits=6
ds4: Flash-MoE overlap plan layer=19 exec_groups=222 planned_ane_groups=3 planned_ane_refs=550 planned_gpu_groups=219 planned_gpu_refs=5594 tail_gpu_groups=0 tail_gpu_refs=0 planned_ssd_groups=222 est_gpu=19610.0 est_ane=487.8 est_idle=97.51% wall=119.368 ms actual_ane_groups=3 actual_ane_refs=550 actual_gpu_groups=0 actual_gpu_refs=0 finishes=3 waits=6 overlap_gpu_groups=219
ds4: Flash-MoE async pread canceled queued=0 reading=0 ready=1328 finished=0
ds4: gpu chunked prefill pos=3072 tokens=1024 layer 19 encode=135.160 ms execute=2.527 ms
ds4: Flash-MoE prefill layer=20 tokens=1024 unique=189 refs=6144 sync=37.557 ms plan=0.358 ms stage/compute=97.700 ms misses=189
ds4: Flash-MoE hybrid prefill layer=20 ane_groups=6 ane_refs=1434 gpu_i8_groups=0 gpu_i8_refs=0 fp32_groups=0 ane_min_refs=128 concurrent=1 ane_pipeline=1 output_queue=4 async_ane=6 gpu_overlap=183 finishes=6 waits=12
ds4: Flash-MoE overlap plan layer=20 exec_groups=189 planned_ane_groups=6 planned_ane_refs=1434 planned_gpu_groups=183 planned_gpu_refs=4710 tail_gpu_groups=0 tail_gpu_refs=0 planned_ssd_groups=189 est_gpu=16422.0 est_ane=980.7 est_idle=94.03% wall=97.345 ms actual_ane_groups=6 actual_ane_refs=1434 actual_gpu_groups=0 actual_gpu_refs=0 finishes=6 waits=12 overlap_gpu_groups=183
ds4: Flash-MoE async pread canceled queued=0 reading=0 ready=1342 finished=0
ds4: gpu chunked prefill pos=3072 tokens=1024 layer 20 encode=135.883 ms execute=2.540 ms
ds4: Flash-MoE prefill layer=21 tokens=1024 unique=201 refs=6144 sync=14.444 ms plan=0.313 ms stage/compute=107.520 ms misses=201
ds4: Flash-MoE hybrid prefill layer=21 ane_groups=3 ane_refs=718 gpu_i8_groups=0 gpu_i8_refs=0 fp32_groups=0 ane_min_refs=128 concurrent=1 ane_pipeline=1 output_queue=4 async_ane=3 gpu_overlap=198 finishes=3 waits=6
ds4: Flash-MoE overlap plan layer=21 exec_groups=201 planned_ane_groups=3 planned_ane_refs=718 planned_gpu_groups=198 planned_gpu_refs=5426 tail_gpu_groups=0 tail_gpu_refs=0 planned_ssd_groups=201 est_gpu=18098.0 est_ane=490.3 est_idle=97.29% wall=107.151 ms actual_ane_groups=3 actual_ane_refs=718 actual_gpu_groups=0 actual_gpu_refs=0 finishes=3 waits=6 overlap_gpu_groups=198
ds4: Flash-MoE async pread canceled queued=0 reading=0 ready=1351 finished=0
ds4: gpu chunked prefill pos=3072 tokens=1024 layer 21 encode=122.872 ms execute=2.570 ms
ds4: Flash-MoE prefill layer=22 tokens=1024 unique=210 refs=6144 sync=37.830 ms plan=0.299 ms stage/compute=110.716 ms misses=210
ds4: Flash-MoE hybrid prefill layer=22 ane_groups=5 ane_refs=1015 gpu_i8_groups=0 gpu_i8_refs=0 fp32_groups=0 ane_min_refs=128 concurrent=1 ane_pipeline=1 output_queue=4 async_ane=5 gpu_overlap=205 finishes=5 waits=10
ds4: Flash-MoE overlap plan layer=22 exec_groups=210 planned_ane_groups=5 planned_ane_refs=1015 planned_gpu_groups=205 planned_gpu_refs=5129 tail_gpu_groups=0 tail_gpu_refs=0 planned_ssd_groups=210 est_gpu=18249.0 est_ane=812.9 est_idle=95.55% wall=110.342 ms actual_ane_groups=5 actual_ane_refs=1015 actual_gpu_groups=0 actual_gpu_refs=0 finishes=5 waits=10 overlap_gpu_groups=205
ds4: Flash-MoE async pread canceled queued=0 reading=0 ready=1355 finished=0
ds4: gpu chunked prefill pos=3072 tokens=1024 layer 22 encode=149.103 ms execute=2.575 ms
ds4: Flash-MoE prefill layer=23 tokens=1024 unique=210 refs=6144 sync=14.816 ms plan=0.361 ms stage/compute=114.025 ms misses=210
ds4: Flash-MoE hybrid prefill layer=23 ane_groups=2 ane_refs=528 gpu_i8_groups=0 gpu_i8_refs=0 fp32_groups=0 ane_min_refs=128 concurrent=1 ane_pipeline=1 output_queue=4 async_ane=2 gpu_overlap=208 finishes=2 waits=4
ds4: Flash-MoE overlap plan layer=23 exec_groups=210 planned_ane_groups=2 planned_ane_refs=528 planned_gpu_groups=208 planned_gpu_refs=5616 tail_gpu_groups=0 tail_gpu_refs=0 planned_ssd_groups=210 est_gpu=18928.0 est_ane=327.8 est_idle=98.27% wall=113.684 ms actual_ane_groups=2 actual_ane_refs=528 actual_gpu_groups=0 actual_gpu_refs=0 finishes=2 waits=4 overlap_gpu_groups=208
ds4: Flash-MoE async pread canceled queued=0 reading=0 ready=1364 finished=0
ds4: gpu chunked prefill pos=3072 tokens=1024 layer 23 encode=129.769 ms execute=2.537 ms
ds4: Flash-MoE prefill layer=24 tokens=1024 unique=197 refs=6144 sync=37.912 ms plan=0.318 ms stage/compute=102.722 ms misses=197
ds4: Flash-MoE hybrid prefill layer=24 ane_groups=5 ane_refs=1183 gpu_i8_groups=0 gpu_i8_refs=0 fp32_groups=0 ane_min_refs=128 concurrent=1 ane_pipeline=1 output_queue=4 async_ane=5 gpu_overlap=192 finishes=5 waits=10
ds4: Flash-MoE overlap plan layer=24 exec_groups=197 planned_ane_groups=5 planned_ane_refs=1183 planned_gpu_groups=192 planned_gpu_refs=4961 tail_gpu_groups=0 tail_gpu_refs=0 planned_ssd_groups=197 est_gpu=17249.0 est_ane=818.1 est_idle=95.26% wall=102.358 ms actual_ane_groups=5 actual_ane_refs=1183 actual_gpu_groups=0 actual_gpu_refs=0 finishes=5 waits=10 overlap_gpu_groups=192
ds4: Flash-MoE async pread canceled queued=0 reading=0 ready=1371 finished=0
ds4: gpu chunked prefill pos=3072 tokens=1024 layer 24 encode=141.218 ms execute=2.589 ms
ds4: Flash-MoE prefill layer=25 tokens=1024 unique=206 refs=6144 sync=14.458 ms plan=0.321 ms stage/compute=109.058 ms misses=206
ds4: Flash-MoE hybrid prefill layer=25 ane_groups=3 ane_refs=580 gpu_i8_groups=0 gpu_i8_refs=0 fp32_groups=0 ane_min_refs=128 concurrent=1 ane_pipeline=1 output_queue=4 async_ane=3 gpu_overlap=203 finishes=3 waits=6
ds4: Flash-MoE overlap plan layer=25 exec_groups=206 planned_ane_groups=3 planned_ane_refs=580 planned_gpu_groups=203 planned_gpu_refs=5564 tail_gpu_groups=0 tail_gpu_refs=0 planned_ssd_groups=206 est_gpu=18556.0 est_ane=490.3 est_idle=97.36% wall=108.724 ms actual_ane_groups=3 actual_ane_refs=580 actual_gpu_groups=0 actual_gpu_refs=0 finishes=3 waits=6 overlap_gpu_groups=203
ds4: Flash-MoE async pread canceled queued=0 reading=0 ready=1384 finished=0
ds4: gpu chunked prefill pos=3072 tokens=1024 layer 25 encode=124.346 ms execute=2.562 ms
ds4: Flash-MoE prefill layer=26 tokens=1024 unique=196 refs=6144 sync=37.465 ms plan=0.384 ms stage/compute=102.152 ms misses=196
ds4: Flash-MoE hybrid prefill layer=26 ane_groups=4 ane_refs=1118 gpu_i8_groups=0 gpu_i8_refs=0 fp32_groups=0 ane_min_refs=128 concurrent=1 ane_pipeline=1 output_queue=4 async_ane=4 gpu_overlap=192 finishes=4 waits=8
ds4: Flash-MoE overlap plan layer=26 exec_groups=196 planned_ane_groups=4 planned_ane_refs=1118 planned_gpu_groups=192 planned_gpu_refs=5026 tail_gpu_groups=0 tail_gpu_refs=0 planned_ssd_groups=196 est_gpu=17314.0 est_ane=655.5 est_idle=96.21% wall=101.792 ms actual_ane_groups=4 actual_ane_refs=1118 actual_gpu_groups=0 actual_gpu_refs=0 finishes=4 waits=8 overlap_gpu_groups=192
ds4: Flash-MoE async pread canceled queued=0 reading=0 ready=1393 finished=0
ds4: gpu chunked prefill pos=3072 tokens=1024 layer 26 encode=140.254 ms execute=2.590 ms
ds4: Flash-MoE prefill layer=27 tokens=1024 unique=210 refs=6144 sync=14.515 ms plan=0.313 ms stage/compute=111.634 ms misses=210
ds4: Flash-MoE hybrid prefill layer=27 ane_groups=4 ane_refs=816 gpu_i8_groups=0 gpu_i8_refs=0 fp32_groups=0 ane_min_refs=128 concurrent=1 ane_pipeline=1 output_queue=4 async_ane=4 gpu_overlap=206 finishes=4 waits=8
ds4: Flash-MoE overlap plan layer=27 exec_groups=210 planned_ane_groups=4 planned_ane_refs=816 planned_gpu_groups=206 planned_gpu_refs=5328 tail_gpu_groups=0 tail_gpu_refs=0 planned_ssd_groups=210 est_gpu=18512.0 est_ane=652.9 est_idle=96.47% wall=111.231 ms actual_ane_groups=4 actual_ane_refs=816 actual_gpu_groups=0 actual_gpu_refs=0 finishes=4 waits=8 overlap_gpu_groups=206
ds4: Flash-MoE async pread canceled queued=0 reading=0 ready=1401 finished=0
ds4: gpu chunked prefill pos=3072 tokens=1024 layer 27 encode=127.035 ms execute=2.578 ms
ds4: Flash-MoE prefill layer=28 tokens=1024 unique=198 refs=6144 sync=37.604 ms plan=0.333 ms stage/compute=108.427 ms misses=198
ds4: Flash-MoE hybrid prefill layer=28 ane_groups=4 ane_refs=798 gpu_i8_groups=0 gpu_i8_refs=0 fp32_groups=0 ane_min_refs=128 concurrent=1 ane_pipeline=1 output_queue=4 async_ane=4 gpu_overlap=194 finishes=4 waits=8
ds4: Flash-MoE overlap plan layer=28 exec_groups=198 planned_ane_groups=4 planned_ane_refs=798 planned_gpu_groups=194 planned_gpu_refs=5346 tail_gpu_groups=0 tail_gpu_refs=0 planned_ssd_groups=198 est_gpu=17762.0 est_ane=652.9 est_idle=96.32% wall=108.074 ms actual_ane_groups=4 actual_ane_refs=798 actual_gpu_groups=0 actual_gpu_refs=0 finishes=4 waits=8 overlap_gpu_groups=194
ds4: Flash-MoE async pread canceled queued=0 reading=0 ready=1413 finished=0
ds4: gpu chunked prefill pos=3072 tokens=1024 layer 28 encode=146.726 ms execute=2.612 ms
ds4: Flash-MoE prefill layer=29 tokens=1024 unique=193 refs=6144 sync=14.422 ms plan=0.325 ms stage/compute=103.323 ms misses=193
ds4: Flash-MoE hybrid prefill layer=29 ane_groups=5 ane_refs=987 gpu_i8_groups=0 gpu_i8_refs=0 fp32_groups=0 ane_min_refs=128 concurrent=1 ane_pipeline=1 output_queue=4 async_ane=5 gpu_overlap=188 finishes=5 waits=10
ds4: Flash-MoE overlap plan layer=29 exec_groups=193 planned_ane_groups=5 planned_ane_refs=987 planned_gpu_groups=188 planned_gpu_refs=5157 tail_gpu_groups=0 tail_gpu_refs=0 planned_ssd_groups=193 est_gpu=17189.0 est_ane=815.5 est_idle=95.26% wall=102.984 ms actual_ane_groups=5 actual_ane_refs=987 actual_gpu_groups=0 actual_gpu_refs=0 finishes=5 waits=10 overlap_gpu_groups=188
ds4: Flash-MoE async pread canceled queued=0 reading=0 ready=1430 finished=0
ds4: gpu chunked prefill pos=3072 tokens=1024 layer 29 encode=118.636 ms execute=2.572 ms
ds4: Flash-MoE prefill layer=30 tokens=1024 unique=207 refs=6144 sync=38.051 ms plan=0.391 ms stage/compute=112.070 ms misses=207
ds4: Flash-MoE hybrid prefill layer=30 ane_groups=2 ane_refs=384 gpu_i8_groups=0 gpu_i8_refs=0 fp32_groups=0 ane_min_refs=128 concurrent=1 ane_pipeline=1 output_queue=4 async_ane=2 gpu_overlap=205 finishes=2 waits=4
ds4: Flash-MoE overlap plan layer=30 exec_groups=207 planned_ane_groups=2 planned_ane_refs=384 planned_gpu_groups=205 planned_gpu_refs=5760 tail_gpu_groups=0 tail_gpu_refs=0 planned_ssd_groups=207 est_gpu=18880.0 est_ane=325.2 est_idle=98.28% wall=111.730 ms actual_ane_groups=2 actual_ane_refs=384 actual_gpu_groups=0 actual_gpu_refs=0 finishes=2 waits=4 overlap_gpu_groups=205
ds4: Flash-MoE async pread canceled queued=0 reading=0 ready=1443 finished=0
ds4: gpu chunked prefill pos=3072 tokens=1024 layer 30 encode=150.802 ms execute=2.480 ms
ds4: Flash-MoE prefill layer=31 tokens=1024 unique=198 refs=6144 sync=14.418 ms plan=0.327 ms stage/compute=105.535 ms misses=198
ds4: Flash-MoE hybrid prefill layer=31 ane_groups=6 ane_refs=1093 gpu_i8_groups=0 gpu_i8_refs=0 fp32_groups=0 ane_min_refs=128 concurrent=1 ane_pipeline=1 output_queue=4 async_ane=6 gpu_overlap=192 finishes=6 waits=12
ds4: Flash-MoE overlap plan layer=31 exec_groups=198 planned_ane_groups=6 planned_ane_refs=1093 planned_gpu_groups=192 planned_gpu_refs=5051 tail_gpu_groups=0 tail_gpu_refs=0 planned_ssd_groups=198 est_gpu=17339.0 est_ane=975.5 est_idle=94.37% wall=105.213 ms actual_ane_groups=6 actual_ane_refs=1093 actual_gpu_groups=0 actual_gpu_refs=0 finishes=6 waits=12 overlap_gpu_groups=192
ds4: Flash-MoE async pread canceled queued=0 reading=0 ready=1451 finished=0
ds4: gpu chunked prefill pos=3072 tokens=1024 layer 31 encode=120.798 ms execute=2.550 ms
ds4: Flash-MoE prefill layer=32 tokens=1024 unique=201 refs=6144 sync=37.625 ms plan=0.294 ms stage/compute=109.405 ms misses=201
ds4: Flash-MoE hybrid prefill layer=32 ane_groups=4 ane_refs=782 gpu_i8_groups=0 gpu_i8_refs=0 fp32_groups=0 ane_min_refs=128 concurrent=1 ane_pipeline=1 output_queue=4 async_ane=4 gpu_overlap=197 finishes=4 waits=8
ds4: Flash-MoE overlap plan layer=32 exec_groups=201 planned_ane_groups=4 planned_ane_refs=782 planned_gpu_groups=197 planned_gpu_refs=5362 tail_gpu_groups=0 tail_gpu_refs=0 planned_ssd_groups=201 est_gpu=17970.0 est_ane=650.3 est_idle=96.38% wall=108.943 ms actual_ane_groups=4 actual_ane_refs=782 actual_gpu_groups=0 actual_gpu_refs=0 finishes=4 waits=8 overlap_gpu_groups=197
ds4: Flash-MoE async pread canceled queued=0 reading=0 ready=1460 finished=0
ds4: gpu chunked prefill pos=3072 tokens=1024 layer 32 encode=147.634 ms execute=2.550 ms
ds4: Flash-MoE prefill layer=33 tokens=1024 unique=188 refs=6144 sync=14.413 ms plan=0.320 ms stage/compute=102.065 ms misses=188
ds4: Flash-MoE hybrid prefill layer=33 ane_groups=5 ane_refs=1052 gpu_i8_groups=0 gpu_i8_refs=0 fp32_groups=0 ane_min_refs=128 concurrent=1 ane_pipeline=1 output_queue=4 async_ane=5 gpu_overlap=183 finishes=5 waits=10
ds4: Flash-MoE overlap plan layer=33 exec_groups=188 planned_ane_groups=5 planned_ane_refs=1052 planned_gpu_groups=183 planned_gpu_refs=5092 tail_gpu_groups=0 tail_gpu_refs=0 planned_ssd_groups=188 est_gpu=16804.0 est_ane=815.5 est_idle=95.15% wall=101.750 ms actual_ane_groups=5 actual_ane_refs=1052 actual_gpu_groups=0 actual_gpu_refs=0 finishes=5 waits=10 overlap_gpu_groups=183
ds4: Flash-MoE async pread canceled queued=0 reading=0 ready=1475 finished=0
ds4: gpu chunked prefill pos=3072 tokens=1024 layer 33 encode=117.321 ms execute=2.545 ms
ds4: Flash-MoE prefill layer=34 tokens=1024 unique=197 refs=6144 sync=37.541 ms plan=0.342 ms stage/compute=104.549 ms misses=197
ds4: Flash-MoE hybrid prefill layer=34 ane_groups=4 ane_refs=1323 gpu_i8_groups=0 gpu_i8_refs=0 fp32_groups=0 ane_min_refs=128 concurrent=1 ane_pipeline=1 output_queue=4 async_ane=4 gpu_overlap=193 finishes=4 waits=8
ds4: Flash-MoE overlap plan layer=34 exec_groups=197 planned_ane_groups=4 planned_ane_refs=1323 planned_gpu_groups=193 planned_gpu_refs=4821 tail_gpu_groups=0 tail_gpu_refs=0 planned_ssd_groups=197 est_gpu=17173.0 est_ane=658.1 est_idle=96.17% wall=104.161 ms actual_ane_groups=4 actual_ane_refs=1323 actual_gpu_groups=0 actual_gpu_refs=0 finishes=4 waits=8 overlap_gpu_groups=193
ds4: Flash-MoE async pread canceled queued=0 reading=0 ready=1483 finished=0
ds4: gpu chunked prefill pos=3072 tokens=1024 layer 34 encode=142.729 ms execute=2.545 ms
ds4: Flash-MoE prefill layer=35 tokens=1024 unique=203 refs=6144 sync=14.423 ms plan=0.316 ms stage/compute=105.968 ms misses=203
ds4: Flash-MoE hybrid prefill layer=35 ane_groups=6 ane_refs=1138 gpu_i8_groups=0 gpu_i8_refs=0 fp32_groups=0 ane_min_refs=128 concurrent=1 ane_pipeline=1 output_queue=4 async_ane=6 gpu_overlap=197 finishes=6 waits=12
ds4: Flash-MoE overlap plan layer=35 exec_groups=203 planned_ane_groups=6 planned_ane_refs=1138 planned_gpu_groups=197 planned_gpu_refs=5006 tail_gpu_groups=0 tail_gpu_refs=0 planned_ssd_groups=203 est_gpu=17614.0 est_ane=978.1 est_idle=94.45% wall=105.608 ms actual_ane_groups=6 actual_ane_refs=1138 actual_gpu_groups=0 actual_gpu_refs=0 finishes=6 waits=12 overlap_gpu_groups=197
ds4: Flash-MoE async pread canceled queued=0 reading=0 ready=1496 finished=0
ds4: gpu chunked prefill pos=3072 tokens=1024 layer 35 encode=121.300 ms execute=2.688 ms
ds4: Flash-MoE prefill layer=36 tokens=1024 unique=206 refs=6144 sync=37.632 ms plan=0.380 ms stage/compute=105.276 ms misses=206
ds4: Flash-MoE hybrid prefill layer=36 ane_groups=6 ane_refs=1405 gpu_i8_groups=0 gpu_i8_refs=0 fp32_groups=0 ane_min_refs=128 concurrent=1 ane_pipeline=1 output_queue=4 async_ane=6 gpu_overlap=200 finishes=6 waits=12
ds4: Flash-MoE overlap plan layer=36 exec_groups=206 planned_ane_groups=6 planned_ane_refs=1405 planned_gpu_groups=200 planned_gpu_refs=4739 tail_gpu_groups=0 tail_gpu_refs=0 planned_ssd_groups=206 est_gpu=17539.0 est_ane=980.7 est_idle=94.41% wall=104.946 ms actual_ane_groups=6 actual_ane_refs=1405 actual_gpu_groups=0 actual_gpu_refs=0 finishes=6 waits=12 overlap_gpu_groups=200
ds4: Flash-MoE async pread canceled queued=0 reading=0 ready=1506 finished=0
ds4: gpu chunked prefill pos=3072 tokens=1024 layer 36 encode=143.553 ms execute=2.554 ms
ds4: Flash-MoE prefill layer=37 tokens=1024 unique=199 refs=6144 sync=14.431 ms plan=0.318 ms stage/compute=101.715 ms misses=199
ds4: Flash-MoE hybrid prefill layer=37 ane_groups=6 ane_refs=1526 gpu_i8_groups=0 gpu_i8_refs=0 fp32_groups=0 ane_min_refs=128 concurrent=1 ane_pipeline=1 output_queue=4 async_ane=6 gpu_overlap=193 finishes=6 waits=12
ds4: Flash-MoE overlap plan layer=37 exec_groups=199 planned_ane_groups=6 planned_ane_refs=1526 planned_gpu_groups=193 planned_gpu_refs=4618 tail_gpu_groups=0 tail_gpu_refs=0 planned_ssd_groups=199 est_gpu=16970.0 est_ane=980.7 est_idle=94.22% wall=101.376 ms actual_ane_groups=6 actual_ane_refs=1526 actual_gpu_groups=0 actual_gpu_refs=0 finishes=6 waits=12 overlap_gpu_groups=193
ds4: Flash-MoE async pread canceled queued=0 reading=0 ready=1520 finished=0
ds4: gpu chunked prefill pos=3072 tokens=1024 layer 37 encode=117.042 ms execute=2.530 ms
ds4: Flash-MoE prefill layer=38 tokens=1024 unique=201 refs=6144 sync=38.067 ms plan=0.309 ms stage/compute=105.981 ms misses=201
ds4: Flash-MoE hybrid prefill layer=38 ane_groups=5 ane_refs=1190 gpu_i8_groups=0 gpu_i8_refs=0 fp32_groups=0 ane_min_refs=128 concurrent=1 ane_pipeline=1 output_queue=4 async_ane=5 gpu_overlap=196 finishes=5 waits=10
ds4: Flash-MoE overlap plan layer=38 exec_groups=201 planned_ane_groups=5 planned_ane_refs=1190 planned_gpu_groups=196 planned_gpu_refs=4954 tail_gpu_groups=0 tail_gpu_refs=0 planned_ssd_groups=201 est_gpu=17498.0 est_ane=815.5 est_idle=95.34% wall=105.612 ms actual_ane_groups=5 actual_ane_refs=1190 actual_gpu_groups=0 actual_gpu_refs=0 finishes=5 waits=10 overlap_gpu_groups=196
ds4: Flash-MoE async pread canceled queued=0 reading=0 ready=1532 finished=0
ds4: gpu chunked prefill pos=3072 tokens=1024 layer 38 encode=144.657 ms execute=2.636 ms
ds4: Flash-MoE prefill layer=39 tokens=1024 unique=215 refs=6144 sync=14.440 ms plan=0.362 ms stage/compute=109.534 ms misses=215
ds4: Flash-MoE hybrid prefill layer=39 ane_groups=6 ane_refs=1040 gpu_i8_groups=0 gpu_i8_refs=0 fp32_groups=0 ane_min_refs=128 concurrent=1 ane_pipeline=1 output_queue=4 async_ane=6 gpu_overlap=209 finishes=6 waits=12
ds4: Flash-MoE overlap plan layer=39 exec_groups=215 planned_ane_groups=6 planned_ane_refs=1040 planned_gpu_groups=209 planned_gpu_refs=5104 tail_gpu_groups=0 tail_gpu_refs=0 planned_ssd_groups=215 est_gpu=18480.0 est_ane=975.5 est_idle=94.72% wall=109.191 ms actual_ane_groups=6 actual_ane_refs=1040 actual_gpu_groups=0 actual_gpu_refs=0 finishes=6 waits=12 overlap_gpu_groups=209
ds4: Flash-MoE async pread canceled queued=0 reading=0 ready=1541 finished=0
ds4: gpu chunked prefill pos=3072 tokens=1024 layer 39 encode=124.925 ms execute=2.523 ms
ds4: Flash-MoE prefill layer=40 tokens=1024 unique=164 refs=6144 sync=37.549 ms plan=0.371 ms stage/compute=89.235 ms misses=164
ds4: Flash-MoE hybrid prefill layer=40 ane_groups=6 ane_refs=2037 gpu_i8_groups=0 gpu_i8_refs=0 fp32_groups=0 ane_min_refs=128 concurrent=1 ane_pipeline=1 output_queue=4 async_ane=6 gpu_overlap=158 finishes=6 waits=12
ds4: Flash-MoE overlap plan layer=40 exec_groups=164 planned_ane_groups=6 planned_ane_refs=2037 planned_gpu_groups=158 planned_gpu_refs=4107 tail_gpu_groups=0 tail_gpu_refs=0 planned_ssd_groups=164 est_gpu=14219.0 est_ane=985.9 est_idle=93.07% wall=88.919 ms actual_ane_groups=6 actual_ane_refs=2037 actual_gpu_groups=0 actual_gpu_refs=0 finishes=6 waits=12 overlap_gpu_groups=158
ds4: Flash-MoE async pread canceled queued=0 reading=0 ready=1556 finished=0
ds4: gpu chunked prefill pos=3072 tokens=1024 layer 40 encode=127.423 ms execute=2.579 ms
ds4: Flash-MoE prefill layer=41 tokens=1024 unique=183 refs=6144 sync=14.527 ms plan=0.312 ms stage/compute=99.954 ms misses=183
ds4: Flash-MoE hybrid prefill layer=41 ane_groups=5 ane_refs=1070 gpu_i8_groups=0 gpu_i8_refs=0 fp32_groups=0 ane_min_refs=128 concurrent=1 ane_pipeline=1 output_queue=4 async_ane=5 gpu_overlap=178 finishes=5 waits=10
ds4: Flash-MoE overlap plan layer=41 exec_groups=183 planned_ane_groups=5 planned_ane_refs=1070 planned_gpu_groups=178 planned_gpu_refs=5074 tail_gpu_groups=0 tail_gpu_refs=0 planned_ssd_groups=183 est_gpu=16466.0 est_ane=815.5 est_idle=95.05% wall=99.619 ms actual_ane_groups=5 actual_ane_refs=1070 actual_gpu_groups=0 actual_gpu_refs=0 finishes=5 waits=10 overlap_gpu_groups=178
ds4: Flash-MoE async pread canceled queued=0 reading=0 ready=1568 finished=0
ds4: gpu chunked prefill pos=3072 tokens=1024 layer 41 encode=115.393 ms execute=2.563 ms
ds4: Flash-MoE prefill layer=42 tokens=1024 unique=195 refs=6144 sync=38.004 ms plan=0.285 ms stage/compute=105.557 ms misses=195
ds4: Flash-MoE hybrid prefill layer=42 ane_groups=3 ane_refs=852 gpu_i8_groups=0 gpu_i8_refs=0 fp32_groups=0 ane_min_refs=128 concurrent=1 ane_pipeline=1 output_queue=4 async_ane=3 gpu_overlap=192 finishes=3 waits=6
ds4: Flash-MoE overlap plan layer=42 exec_groups=195 planned_ane_groups=3 planned_ane_refs=852 planned_gpu_groups=192 planned_gpu_refs=5292 tail_gpu_groups=0 tail_gpu_refs=0 planned_ssd_groups=195 est_gpu=17580.0 est_ane=492.9 est_idle=97.20% wall=105.224 ms actual_ane_groups=3 actual_ane_refs=852 actual_gpu_groups=0 actual_gpu_refs=0 finishes=3 waits=6 overlap_gpu_groups=192
ds4: Flash-MoE async pread canceled queued=0 reading=0 ready=1582 finished=0
ds4: gpu chunked prefill pos=3072 tokens=1024 layer 42 encode=144.148 ms execute=2.434 ms
processing 8423 input tokens: 4096/8423 (48.6%) batch=168.31 t/s avg=173.71 t/s
ds4: Flash-MoE prefill layer=0 tokens=1024 unique=256 refs=6144 sync=12.071 ms plan=0.328 ms stage/compute=150.207 ms misses=256
ds4: Flash-MoE hybrid prefill layer=0 ane_groups=0 ane_refs=0 gpu_i8_groups=0 gpu_i8_refs=0 fp32_groups=0 ane_min_refs=128 concurrent=1 ane_pipeline=1 output_queue=4 async_ane=0 gpu_overlap=0 finishes=0 waits=0
ds4: Flash-MoE overlap plan layer=0 exec_groups=256 planned_ane_groups=0 planned_ane_refs=0 planned_gpu_groups=256 planned_gpu_refs=6144 tail_gpu_groups=0 tail_gpu_refs=0 planned_ssd_groups=256 est_gpu=22528.0 est_ane=0.0 est_idle=100.00% wall=149.815 ms actual_ane_groups=0 actual_ane_refs=0 actual_gpu_groups=0 actual_gpu_refs=0 finishes=0 waits=0 overlap_gpu_groups=0
ds4: Flash-MoE async pread canceled queued=0 reading=0 ready=1582 finished=0
ds4: gpu chunked prefill pos=4096 tokens=1024 layer 0 encode=163.007 ms execute=2.669 ms
ds4: Flash-MoE prefill layer=1 tokens=1024 unique=256 refs=6144 sync=12.508 ms plan=0.338 ms stage/compute=149.849 ms misses=256
ds4: Flash-MoE hybrid prefill layer=1 ane_groups=0 ane_refs=0 gpu_i8_groups=0 gpu_i8_refs=0 fp32_groups=0 ane_min_refs=128 concurrent=1 ane_pipeline=1 output_queue=4 async_ane=0 gpu_overlap=0 finishes=0 waits=0
ds4: Flash-MoE overlap plan layer=1 exec_groups=256 planned_ane_groups=0 planned_ane_refs=0 planned_gpu_groups=256 planned_gpu_refs=6144 tail_gpu_groups=0 tail_gpu_refs=0 planned_ssd_groups=256 est_gpu=22528.0 est_ane=0.0 est_idle=100.00% wall=149.432 ms actual_ane_groups=0 actual_ane_refs=0 actual_gpu_groups=0 actual_gpu_refs=0 finishes=0 waits=0 overlap_gpu_groups=0
ds4: Flash-MoE async pread canceled queued=0 reading=0 ready=1582 finished=0
ds4: gpu chunked prefill pos=4096 tokens=1024 layer 1 encode=163.187 ms execute=2.621 ms
ds4: Flash-MoE prefill layer=2 tokens=1024 unique=256 refs=6144 sync=39.339 ms plan=0.361 ms stage/compute=150.088 ms misses=256
ds4: Flash-MoE hybrid prefill layer=2 ane_groups=0 ane_refs=0 gpu_i8_groups=0 gpu_i8_refs=0 fp32_groups=0 ane_min_refs=128 concurrent=1 ane_pipeline=1 output_queue=4 async_ane=0 gpu_overlap=0 finishes=0 waits=0
ds4: Flash-MoE overlap plan layer=2 exec_groups=256 planned_ane_groups=0 planned_ane_refs=0 planned_gpu_groups=256 planned_gpu_refs=6144 tail_gpu_groups=0 tail_gpu_refs=0 planned_ssd_groups=256 est_gpu=22528.0 est_ane=0.0 est_idle=100.00% wall=149.707 ms actual_ane_groups=0 actual_ane_refs=0 actual_gpu_groups=0 actual_gpu_refs=0 finishes=0 waits=0 overlap_gpu_groups=0
ds4: Flash-MoE async pread canceled queued=0 reading=0 ready=1582 finished=0
ds4: gpu chunked prefill pos=4096 tokens=1024 layer 2 encode=190.114 ms execute=2.620 ms
ds4: Flash-MoE prefill layer=3 tokens=1024 unique=236 refs=6144 sync=14.566 ms plan=0.350 ms stage/compute=127.775 ms misses=236
ds4: Flash-MoE hybrid prefill layer=3 ane_groups=1 ane_refs=467 gpu_i8_groups=0 gpu_i8_refs=0 fp32_groups=0 ane_min_refs=128 concurrent=1 ane_pipeline=1 output_queue=4 async_ane=1 gpu_overlap=235 finishes=1 waits=2
ds4: Flash-MoE overlap plan layer=3 exec_groups=236 planned_ane_groups=1 planned_ane_refs=467 planned_gpu_groups=235 planned_gpu_refs=5677 tail_gpu_groups=0 tail_gpu_refs=0 planned_ssd_groups=236 est_gpu=20717.0 est_ane=165.2 est_idle=99.20% wall=127.385 ms actual_ane_groups=1 actual_ane_refs=467 actual_gpu_groups=0 actual_gpu_refs=0 finishes=1 waits=2 overlap_gpu_groups=235
ds4: Flash-MoE async pread canceled queued=0 reading=0 ready=1587 finished=0
ds4: gpu chunked prefill pos=4096 tokens=1024 layer 3 encode=143.331 ms execute=2.571 ms
ds4: Flash-MoE prefill layer=4 tokens=1024 unique=222 refs=6144 sync=38.603 ms plan=0.465 ms stage/compute=117.368 ms misses=222
ds4: Flash-MoE hybrid prefill layer=4 ane_groups=4 ane_refs=812 gpu_i8_groups=0 gpu_i8_refs=0 fp32_groups=0 ane_min_refs=128 concurrent=1 ane_pipeline=1 output_queue=4 async_ane=4 gpu_overlap=218 finishes=4 waits=8
ds4: Flash-MoE overlap plan layer=4 exec_groups=222 planned_ane_groups=4 planned_ane_refs=812 planned_gpu_groups=218 planned_gpu_refs=5332 tail_gpu_groups=0 tail_gpu_refs=0 planned_ssd_groups=222 est_gpu=19284.0 est_ane=652.9 est_idle=96.61% wall=117.012 ms actual_ane_groups=4 actual_ane_refs=812 actual_gpu_groups=0 actual_gpu_refs=0 finishes=4 waits=8 overlap_gpu_groups=218
ds4: Flash-MoE async pread canceled queued=0 reading=0 ready=1596 finished=0
ds4: gpu chunked prefill pos=4096 tokens=1024 layer 4 encode=156.727 ms execute=2.490 ms
ds4: Flash-MoE prefill layer=5 tokens=1024 unique=238 refs=6144 sync=14.550 ms plan=0.377 ms stage/compute=124.393 ms misses=238
ds4: Flash-MoE hybrid prefill layer=5 ane_groups=3 ane_refs=797 gpu_i8_groups=0 gpu_i8_refs=0 fp32_groups=0 ane_min_refs=128 concurrent=1 ane_pipeline=1 output_queue=4 async_ane=3 gpu_overlap=235 finishes=3 waits=6
ds4: Flash-MoE overlap plan layer=5 exec_groups=238 planned_ane_groups=3 planned_ane_refs=797 planned_gpu_groups=235 planned_gpu_refs=5347 tail_gpu_groups=0 tail_gpu_refs=0 planned_ssd_groups=238 est_gpu=20387.0 est_ane=490.3 est_idle=97.59% wall=123.996 ms actual_ane_groups=3 actual_ane_refs=797 actual_gpu_groups=0 actual_gpu_refs=0 finishes=3 waits=6 overlap_gpu_groups=235
ds4: Flash-MoE async pread canceled queued=0 reading=0 ready=1600 finished=0
ds4: gpu chunked prefill pos=4096 tokens=1024 layer 5 encode=139.891 ms execute=2.565 ms
ds4: Flash-MoE prefill layer=6 tokens=1024 unique=220 refs=6144 sync=38.687 ms plan=0.389 ms stage/compute=118.154 ms misses=220
ds4: Flash-MoE hybrid prefill layer=6 ane_groups=3 ane_refs=624 gpu_i8_groups=0 gpu_i8_refs=0 fp32_groups=0 ane_min_refs=128 concurrent=1 ane_pipeline=1 output_queue=4 async_ane=3 gpu_overlap=217 finishes=3 waits=6
ds4: Flash-MoE overlap plan layer=6 exec_groups=220 planned_ane_groups=3 planned_ane_refs=624 planned_gpu_groups=217 planned_gpu_refs=5520 tail_gpu_groups=0 tail_gpu_refs=0 planned_ssd_groups=220 est_gpu=19408.0 est_ane=490.3 est_idle=97.47% wall=117.789 ms actual_ane_groups=3 actual_ane_refs=624 actual_gpu_groups=0 actual_gpu_refs=0 finishes=3 waits=6 overlap_gpu_groups=217
ds4: Flash-MoE async pread canceled queued=0 reading=0 ready=1605 finished=0
ds4: gpu chunked prefill pos=4096 tokens=1024 layer 6 encode=157.500 ms execute=2.556 ms
ds4: Flash-MoE prefill layer=7 tokens=1024 unique=224 refs=6144 sync=14.524 ms plan=0.353 ms stage/compute=115.610 ms misses=224
ds4: Flash-MoE hybrid prefill layer=7 ane_groups=4 ane_refs=1042 gpu_i8_groups=0 gpu_i8_refs=0 fp32_groups=0 ane_min_refs=128 concurrent=1 ane_pipeline=1 output_queue=4 async_ane=4 gpu_overlap=220 finishes=4 waits=8
ds4: Flash-MoE overlap plan layer=7 exec_groups=224 planned_ane_groups=4 planned_ane_refs=1042 planned_gpu_groups=220 planned_gpu_refs=5102 tail_gpu_groups=0 tail_gpu_refs=0 planned_ssd_groups=224 est_gpu=19182.0 est_ane=655.5 est_idle=96.58% wall=115.257 ms actual_ane_groups=4 actual_ane_refs=1042 actual_gpu_groups=0 actual_gpu_refs=0 finishes=4 waits=8 overlap_gpu_groups=220
ds4: Flash-MoE async pread canceled queued=0 reading=0 ready=1610 finished=0
ds4: gpu chunked prefill pos=4096 tokens=1024 layer 7 encode=131.062 ms execute=2.552 ms
ds4: Flash-MoE prefill layer=8 tokens=1024 unique=217 refs=6144 sync=38.680 ms plan=0.298 ms stage/compute=114.368 ms misses=217
ds4: Flash-MoE hybrid prefill layer=8 ane_groups=4 ane_refs=1185 gpu_i8_groups=0 gpu_i8_refs=0 fp32_groups=0 ane_min_refs=128 concurrent=1 ane_pipeline=1 output_queue=4 async_ane=4 gpu_overlap=213 finishes=4 waits=8
ds4: Flash-MoE overlap plan layer=8 exec_groups=217 planned_ane_groups=4 planned_ane_refs=1185 planned_gpu_groups=213 planned_gpu_refs=4959 tail_gpu_groups=0 tail_gpu_refs=0 planned_ssd_groups=217 est_gpu=18591.0 est_ane=655.5 est_idle=96.47% wall=113.990 ms actual_ane_groups=4 actual_ane_refs=1185 actual_gpu_groups=0 actual_gpu_refs=0 finishes=4 waits=8 overlap_gpu_groups=213
ds4: Flash-MoE async pread canceled queued=0 reading=0 ready=1619 finished=0
ds4: gpu chunked prefill pos=4096 tokens=1024 layer 8 encode=153.637 ms execute=2.629 ms
ds4: Flash-MoE prefill layer=9 tokens=1024 unique=226 refs=6144 sync=14.569 ms plan=0.368 ms stage/compute=121.377 ms misses=226
ds4: Flash-MoE hybrid prefill layer=9 ane_groups=2 ane_refs=511 gpu_i8_groups=0 gpu_i8_refs=0 fp32_groups=0 ane_min_refs=128 concurrent=1 ane_pipeline=1 output_queue=4 async_ane=2 gpu_overlap=224 finishes=2 waits=4
ds4: Flash-MoE overlap plan layer=9 exec_groups=226 planned_ane_groups=2 planned_ane_refs=511 planned_gpu_groups=224 planned_gpu_refs=5633 tail_gpu_groups=0 tail_gpu_refs=0 planned_ssd_groups=226 est_gpu=19969.0 est_ane=327.8 est_idle=98.36% wall=121.020 ms actual_ane_groups=2 actual_ane_refs=511 actual_gpu_groups=0 actual_gpu_refs=0 finishes=2 waits=4 overlap_gpu_groups=224
ds4: Flash-MoE async pread canceled queued=0 reading=0 ready=1627 finished=0
ds4: gpu chunked prefill pos=4096 tokens=1024 layer 9 encode=136.916 ms execute=2.555 ms
ds4: Flash-MoE prefill layer=10 tokens=1024 unique=223 refs=6144 sync=38.673 ms plan=0.355 ms stage/compute=119.390 ms misses=223
ds4: Flash-MoE hybrid prefill layer=10 ane_groups=4 ane_refs=742 gpu_i8_groups=0 gpu_i8_refs=0 fp32_groups=0 ane_min_refs=128 concurrent=1 ane_pipeline=1 output_queue=4 async_ane=4 gpu_overlap=219 finishes=4 waits=8
ds4: Flash-MoE overlap plan layer=10 exec_groups=223 planned_ane_groups=4 planned_ane_refs=742 planned_gpu_groups=219 planned_gpu_refs=5402 tail_gpu_groups=0 tail_gpu_refs=0 planned_ssd_groups=223 est_gpu=19418.0 est_ane=650.3 est_idle=96.65% wall=118.953 ms actual_ane_groups=4 actual_ane_refs=742 actual_gpu_groups=0 actual_gpu_refs=0 finishes=4 waits=8 overlap_gpu_groups=219
ds4: Flash-MoE async pread canceled queued=0 reading=0 ready=1633 finished=0
ds4: gpu chunked prefill pos=4096 tokens=1024 layer 10 encode=158.691 ms execute=2.525 ms
ds4: Flash-MoE prefill layer=11 tokens=1024 unique=232 refs=6144 sync=14.626 ms plan=0.327 ms stage/compute=119.580 ms misses=232
ds4: Flash-MoE hybrid prefill layer=11 ane_groups=3 ane_refs=612 gpu_i8_groups=0 gpu_i8_refs=0 fp32_groups=0 ane_min_refs=128 concurrent=1 ane_pipeline=1 output_queue=4 async_ane=3 gpu_overlap=229 finishes=3 waits=6
ds4: Flash-MoE overlap plan layer=11 exec_groups=232 planned_ane_groups=3 planned_ane_refs=612 planned_gpu_groups=229 planned_gpu_refs=5532 tail_gpu_groups=0 tail_gpu_refs=0 planned_ssd_groups=232 est_gpu=20188.0 est_ane=490.3 est_idle=97.57% wall=119.205 ms actual_ane_groups=3 actual_ane_refs=612 actual_gpu_groups=0 actual_gpu_refs=0 finishes=3 waits=6 overlap_gpu_groups=229
ds4: Flash-MoE async pread canceled queued=0 reading=0 ready=1638 finished=0
ds4: gpu chunked prefill pos=4096 tokens=1024 layer 11 encode=135.124 ms execute=2.548 ms
ds4: Flash-MoE prefill layer=12 tokens=1024 unique=204 refs=6144 sync=40.451 ms plan=0.328 ms stage/compute=110.116 ms misses=204
ds4: Flash-MoE hybrid prefill layer=12 ane_groups=4 ane_refs=689 gpu_i8_groups=0 gpu_i8_refs=0 fp32_groups=0 ane_min_refs=128 concurrent=1 ane_pipeline=1 output_queue=4 async_ane=4 gpu_overlap=200 finishes=4 waits=8
ds4: Flash-MoE overlap plan layer=12 exec_groups=204 planned_ane_groups=4 planned_ane_refs=689 planned_gpu_groups=200 planned_gpu_refs=5455 tail_gpu_groups=0 tail_gpu_refs=0 planned_ssd_groups=204 est_gpu=18255.0 est_ane=650.3 est_idle=96.44% wall=109.786 ms actual_ane_groups=4 actual_ane_refs=689 actual_gpu_groups=0 actual_gpu_refs=0 finishes=4 waits=8 overlap_gpu_groups=200
ds4: Flash-MoE async pread canceled queued=0 reading=0 ready=1647 finished=0
ds4: gpu chunked prefill pos=4096 tokens=1024 layer 12 encode=151.171 ms execute=2.527 ms
ds4: Flash-MoE prefill layer=13 tokens=1024 unique=211 refs=6144 sync=14.594 ms plan=0.404 ms stage/compute=109.591 ms misses=211
ds4: Flash-MoE hybrid prefill layer=13 ane_groups=5 ane_refs=1043 gpu_i8_groups=0 gpu_i8_refs=0 fp32_groups=0 ane_min_refs=128 concurrent=1 ane_pipeline=1 output_queue=4 async_ane=5 gpu_overlap=206 finishes=5 waits=10
ds4: Flash-MoE overlap plan layer=13 exec_groups=211 planned_ane_groups=5 planned_ane_refs=1043 planned_gpu_groups=206 planned_gpu_refs=5101 tail_gpu_groups=0 tail_gpu_refs=0 planned_ssd_groups=211 est_gpu=18285.0 est_ane=818.1 est_idle=95.53% wall=109.230 ms actual_ane_groups=5 actual_ane_refs=1043 actual_gpu_groups=0 actual_gpu_refs=0 finishes=5 waits=10 overlap_gpu_groups=206
ds4: Flash-MoE async pread canceled queued=0 reading=0 ready=1654 finished=0
ds4: gpu chunked prefill pos=4096 tokens=1024 layer 13 encode=125.137 ms execute=2.543 ms
ds4: Flash-MoE prefill layer=14 tokens=1024 unique=214 refs=6144 sync=39.231 ms plan=0.296 ms stage/compute=112.907 ms misses=214
ds4: Flash-MoE hybrid prefill layer=14 ane_groups=7 ane_refs=1209 gpu_i8_groups=0 gpu_i8_refs=0 fp32_groups=0 ane_min_refs=128 concurrent=1 ane_pipeline=1 output_queue=4 async_ane=7 gpu_overlap=207 finishes=7 waits=14
ds4: Flash-MoE overlap plan layer=14 exec_groups=214 planned_ane_groups=7 planned_ane_refs=1209 planned_gpu_groups=207 planned_gpu_refs=4935 tail_gpu_groups=0 tail_gpu_refs=0 planned_ssd_groups=214 est_gpu=18183.0 est_ane=1138.1 est_idle=93.74% wall=112.530 ms actual_ane_groups=7 actual_ane_refs=1209 actual_gpu_groups=0 actual_gpu_refs=0 finishes=7 waits=14 overlap_gpu_groups=207
ds4: Flash-MoE async pread canceled queued=0 reading=0 ready=1661 finished=0
ds4: gpu chunked prefill pos=4096 tokens=1024 layer 14 encode=152.732 ms execute=2.607 ms
ds4: Flash-MoE prefill layer=15 tokens=1024 unique=204 refs=6144 sync=14.676 ms plan=0.320 ms stage/compute=107.802 ms misses=204
ds4: Flash-MoE hybrid prefill layer=15 ane_groups=6 ane_refs=1026 gpu_i8_groups=0 gpu_i8_refs=0 fp32_groups=0 ane_min_refs=128 concurrent=1 ane_pipeline=1 output_queue=4 async_ane=6 gpu_overlap=198 finishes=6 waits=12
ds4: Flash-MoE overlap plan layer=15 exec_groups=204 planned_ane_groups=6 planned_ane_refs=1026 planned_gpu_groups=198 planned_gpu_refs=5118 tail_gpu_groups=0 tail_gpu_refs=0 planned_ssd_groups=204 est_gpu=17790.0 est_ane=975.5 est_idle=94.52% wall=107.462 ms actual_ane_groups=6 actual_ane_refs=1026 actual_gpu_groups=0 actual_gpu_refs=0 finishes=6 waits=12 overlap_gpu_groups=198
ds4: Flash-MoE async pread canceled queued=0 reading=0 ready=1668 finished=0
ds4: gpu chunked prefill pos=4096 tokens=1024 layer 15 encode=123.438 ms execute=2.561 ms
ds4: Flash-MoE prefill layer=16 tokens=1024 unique=203 refs=6144 sync=39.375 ms plan=0.302 ms stage/compute=109.408 ms misses=203
ds4: Flash-MoE hybrid prefill layer=16 ane_groups=3 ane_refs=972 gpu_i8_groups=0 gpu_i8_refs=0 fp32_groups=0 ane_min_refs=128 concurrent=1 ane_pipeline=1 output_queue=4 async_ane=3 gpu_overlap=200 finishes=3 waits=6
ds4: Flash-MoE overlap plan layer=16 exec_groups=203 planned_ane_groups=3 planned_ane_refs=972 planned_gpu_groups=200 planned_gpu_refs=5172 tail_gpu_groups=0 tail_gpu_refs=0 planned_ssd_groups=203 est_gpu=17972.0 est_ane=492.9 est_idle=97.26% wall=109.034 ms actual_ane_groups=3 actual_ane_refs=972 actual_gpu_groups=0 actual_gpu_refs=0 finishes=3 waits=6 overlap_gpu_groups=200
ds4: Flash-MoE async pread canceled queued=0 reading=0 ready=1677 finished=0
ds4: gpu chunked prefill pos=4096 tokens=1024 layer 16 encode=149.413 ms execute=2.590 ms
ds4: Flash-MoE prefill layer=17 tokens=1024 unique=208 refs=6144 sync=14.663 ms plan=0.390 ms stage/compute=110.593 ms misses=208
ds4: Flash-MoE hybrid prefill layer=17 ane_groups=6 ane_refs=1326 gpu_i8_groups=0 gpu_i8_refs=0 fp32_groups=0 ane_min_refs=128 concurrent=1 ane_pipeline=1 output_queue=4 async_ane=6 gpu_overlap=202 finishes=6 waits=12
ds4: Flash-MoE overlap plan layer=17 exec_groups=208 planned_ane_groups=6 planned_ane_refs=1326 planned_gpu_groups=202 planned_gpu_refs=4818 tail_gpu_groups=0 tail_gpu_refs=0 planned_ssd_groups=208 est_gpu=17746.0 est_ane=978.1 est_idle=94.49% wall=110.253 ms actual_ane_groups=6 actual_ane_refs=1326 actual_gpu_groups=0 actual_gpu_refs=0 finishes=6 waits=12 overlap_gpu_groups=202
ds4: Flash-MoE async pread canceled queued=0 reading=0 ready=1687 finished=0
ds4: gpu chunked prefill pos=4096 tokens=1024 layer 17 encode=126.196 ms execute=2.549 ms
ds4: Flash-MoE prefill layer=18 tokens=1024 unique=196 refs=6144 sync=38.747 ms plan=0.452 ms stage/compute=100.739 ms misses=196
ds4: Flash-MoE hybrid prefill layer=18 ane_groups=6 ane_refs=1627 gpu_i8_groups=0 gpu_i8_refs=0 fp32_groups=0 ane_min_refs=128 concurrent=1 ane_pipeline=1 output_queue=4 async_ane=6 gpu_overlap=190 finishes=6 waits=12
ds4: Flash-MoE overlap plan layer=18 exec_groups=196 planned_ane_groups=6 planned_ane_refs=1627 planned_gpu_groups=190 planned_gpu_refs=4517 tail_gpu_groups=0 tail_gpu_refs=0 planned_ssd_groups=196 est_gpu=16677.0 est_ane=983.3 est_idle=94.10% wall=100.362 ms actual_ane_groups=6 actual_ane_refs=1627 actual_gpu_groups=0 actual_gpu_refs=0 finishes=6 waits=12 overlap_gpu_groups=190
ds4: Flash-MoE async pread canceled queued=0 reading=0 ready=1702 finished=0
ds4: gpu chunked prefill pos=4096 tokens=1024 layer 18 encode=140.199 ms execute=2.619 ms
ds4: Flash-MoE prefill layer=19 tokens=1024 unique=223 refs=6144 sync=14.797 ms plan=0.356 ms stage/compute=120.341 ms misses=223
ds4: Flash-MoE hybrid prefill layer=19 ane_groups=3 ane_refs=574 gpu_i8_groups=0 gpu_i8_refs=0 fp32_groups=0 ane_min_refs=128 concurrent=1 ane_pipeline=1 output_queue=4 async_ane=3 gpu_overlap=220 finishes=3 waits=6
ds4: Flash-MoE overlap plan layer=19 exec_groups=223 planned_ane_groups=3 planned_ane_refs=574 planned_gpu_groups=220 planned_gpu_refs=5570 tail_gpu_groups=0 tail_gpu_refs=0 planned_ssd_groups=223 est_gpu=19650.0 est_ane=487.8 est_idle=97.52% wall=119.978 ms actual_ane_groups=3 actual_ane_refs=574 actual_gpu_groups=0 actual_gpu_refs=0 finishes=3 waits=6 overlap_gpu_groups=220
ds4: Flash-MoE async pread canceled queued=0 reading=0 ready=1707 finished=0
ds4: gpu chunked prefill pos=4096 tokens=1024 layer 19 encode=136.024 ms execute=2.564 ms
ds4: Flash-MoE prefill layer=20 tokens=1024 unique=182 refs=6144 sync=38.646 ms plan=0.323 ms stage/compute=98.341 ms misses=182
ds4: Flash-MoE hybrid prefill layer=20 ane_groups=4 ane_refs=1071 gpu_i8_groups=0 gpu_i8_refs=0 fp32_groups=0 ane_min_refs=128 concurrent=1 ane_pipeline=1 output_queue=4 async_ane=4 gpu_overlap=178 finishes=4 waits=8
ds4: Flash-MoE overlap plan layer=20 exec_groups=182 planned_ane_groups=4 planned_ane_refs=1071 planned_gpu_groups=178 planned_gpu_refs=5073 tail_gpu_groups=0 tail_gpu_refs=0 planned_ssd_groups=182 est_gpu=16465.0 est_ane=652.9 est_idle=96.03% wall=98.036 ms actual_ane_groups=4 actual_ane_refs=1071 actual_gpu_groups=0 actual_gpu_refs=0 finishes=4 waits=8 overlap_gpu_groups=178
ds4: Flash-MoE async pread canceled queued=0 reading=0 ready=1723 finished=0
ds4: gpu chunked prefill pos=4096 tokens=1024 layer 20 encode=137.576 ms execute=2.643 ms
ds4: Flash-MoE prefill layer=21 tokens=1024 unique=202 refs=6144 sync=14.509 ms plan=0.327 ms stage/compute=107.362 ms misses=202
ds4: Flash-MoE hybrid prefill layer=21 ane_groups=4 ane_refs=865 gpu_i8_groups=0 gpu_i8_refs=0 fp32_groups=0 ane_min_refs=128 concurrent=1 ane_pipeline=1 output_queue=4 async_ane=4 gpu_overlap=198 finishes=4 waits=8
ds4: Flash-MoE overlap plan layer=21 exec_groups=202 planned_ane_groups=4 planned_ane_refs=865 planned_gpu_groups=198 planned_gpu_refs=5279 tail_gpu_groups=0 tail_gpu_refs=0 planned_ssd_groups=202 est_gpu=17951.0 est_ane=652.9 est_idle=96.36% wall=107.024 ms actual_ane_groups=4 actual_ane_refs=865 actual_gpu_groups=0 actual_gpu_refs=0 finishes=4 waits=8 overlap_gpu_groups=198
ds4: Flash-MoE async pread canceled queued=0 reading=0 ready=1732 finished=0
ds4: gpu chunked prefill pos=4096 tokens=1024 layer 21 encode=122.753 ms execute=2.588 ms
ds4: Flash-MoE prefill layer=22 tokens=1024 unique=206 refs=6144 sync=39.126 ms plan=0.351 ms stage/compute=104.755 ms misses=206
ds4: Flash-MoE hybrid prefill layer=22 ane_groups=6 ane_refs=1111 gpu_i8_groups=0 gpu_i8_refs=0 fp32_groups=0 ane_min_refs=128 concurrent=1 ane_pipeline=1 output_queue=4 async_ane=6 gpu_overlap=200 finishes=6 waits=12
ds4: Flash-MoE overlap plan layer=22 exec_groups=206 planned_ane_groups=6 planned_ane_refs=1111 planned_gpu_groups=200 planned_gpu_refs=5033 tail_gpu_groups=0 tail_gpu_refs=0 planned_ssd_groups=206 est_gpu=17833.0 est_ane=978.1 est_idle=94.52% wall=104.419 ms actual_ane_groups=6 actual_ane_refs=1111 actual_gpu_groups=0 actual_gpu_refs=0 finishes=6 waits=12 overlap_gpu_groups=200
ds4: Flash-MoE async pread canceled queued=0 reading=0 ready=1739 finished=0
ds4: gpu chunked prefill pos=4096 tokens=1024 layer 22 encode=144.520 ms execute=2.563 ms
ds4: Flash-MoE prefill layer=23 tokens=1024 unique=211 refs=6144 sync=14.498 ms plan=0.347 ms stage/compute=113.061 ms misses=211
ds4: Flash-MoE hybrid prefill layer=23 ane_groups=2 ane_refs=437 gpu_i8_groups=0 gpu_i8_refs=0 fp32_groups=0 ane_min_refs=128 concurrent=1 ane_pipeline=1 output_queue=4 async_ane=2 gpu_overlap=209 finishes=2 waits=4
ds4: Flash-MoE overlap plan layer=23 exec_groups=211 planned_ane_groups=2 planned_ane_refs=437 planned_gpu_groups=209 planned_gpu_refs=5707 tail_gpu_groups=0 tail_gpu_refs=0 planned_ssd_groups=211 est_gpu=19083.0 est_ane=325.2 est_idle=98.30% wall=112.725 ms actual_ane_groups=2 actual_ane_refs=437 actual_gpu_groups=0 actual_gpu_refs=0 finishes=2 waits=4 overlap_gpu_groups=209
ds4: Flash-MoE async pread canceled queued=0 reading=0 ready=1747 finished=0
ds4: gpu chunked prefill pos=4096 tokens=1024 layer 23 encode=128.441 ms execute=2.578 ms
ds4: Flash-MoE prefill layer=24 tokens=1024 unique=197 refs=6144 sync=38.956 ms plan=0.320 ms stage/compute=107.713 ms misses=197
ds4: Flash-MoE hybrid prefill layer=24 ane_groups=5 ane_refs=1015 gpu_i8_groups=0 gpu_i8_refs=0 fp32_groups=0 ane_min_refs=128 concurrent=1 ane_pipeline=1 output_queue=4 async_ane=5 gpu_overlap=192 finishes=5 waits=10
ds4: Flash-MoE overlap plan layer=24 exec_groups=197 planned_ane_groups=5 planned_ane_refs=1015 planned_gpu_groups=192 planned_gpu_refs=5129 tail_gpu_groups=0 tail_gpu_refs=0 planned_ssd_groups=197 est_gpu=17417.0 est_ane=815.5 est_idle=95.32% wall=107.374 ms actual_ane_groups=5 actual_ane_refs=1015 actual_gpu_groups=0 actual_gpu_refs=0 finishes=5 waits=10 overlap_gpu_groups=192
ds4: Flash-MoE async pread canceled queued=0 reading=0 ready=1755 finished=0
ds4: gpu chunked prefill pos=4096 tokens=1024 layer 24 encode=147.301 ms execute=2.529 ms
ds4: Flash-MoE prefill layer=25 tokens=1024 unique=214 refs=6144 sync=14.464 ms plan=0.301 ms stage/compute=114.285 ms misses=214
ds4: Flash-MoE hybrid prefill layer=25 ane_groups=3 ane_refs=598 gpu_i8_groups=0 gpu_i8_refs=0 fp32_groups=0 ane_min_refs=128 concurrent=1 ane_pipeline=1 output_queue=4 async_ane=3 gpu_overlap=211 finishes=3 waits=6
ds4: Flash-MoE overlap plan layer=25 exec_groups=214 planned_ane_groups=3 planned_ane_refs=598 planned_gpu_groups=211 planned_gpu_refs=5546 tail_gpu_groups=0 tail_gpu_refs=0 planned_ssd_groups=214 est_gpu=19050.0 est_ane=490.3 est_idle=97.43% wall=113.911 ms actual_ane_groups=3 actual_ane_refs=598 actual_gpu_groups=0 actual_gpu_refs=0 finishes=3 waits=6 overlap_gpu_groups=211
ds4: Flash-MoE async pread canceled queued=0 reading=0 ready=1765 finished=0
ds4: gpu chunked prefill pos=4096 tokens=1024 layer 25 encode=129.631 ms execute=2.580 ms
ds4: Flash-MoE prefill layer=26 tokens=1024 unique=193 refs=6144 sync=38.551 ms plan=0.345 ms stage/compute=101.524 ms misses=193
ds4: Flash-MoE hybrid prefill layer=26 ane_groups=6 ane_refs=1377 gpu_i8_groups=0 gpu_i8_refs=0 fp32_groups=0 ane_min_refs=128 concurrent=1 ane_pipeline=1 output_queue=4 async_ane=6 gpu_overlap=187 finishes=6 waits=12
ds4: Flash-MoE overlap plan layer=26 exec_groups=193 planned_ane_groups=6 planned_ane_refs=1377 planned_gpu_groups=187 planned_gpu_refs=4767 tail_gpu_groups=0 tail_gpu_refs=0 planned_ssd_groups=193 est_gpu=16735.0 est_ane=980.7 est_idle=94.14% wall=101.192 ms actual_ane_groups=6 actual_ane_refs=1377 actual_gpu_groups=0 actual_gpu_refs=0 finishes=6 waits=12 overlap_gpu_groups=187
ds4: Flash-MoE async pread canceled queued=0 reading=0 ready=1774 finished=0
ds4: gpu chunked prefill pos=4096 tokens=1024 layer 26 encode=140.694 ms execute=2.589 ms
ds4: Flash-MoE prefill layer=27 tokens=1024 unique=218 refs=6144 sync=14.537 ms plan=0.322 ms stage/compute=112.590 ms misses=218
ds4: Flash-MoE hybrid prefill layer=27 ane_groups=4 ane_refs=869 gpu_i8_groups=0 gpu_i8_refs=0 fp32_groups=0 ane_min_refs=128 concurrent=1 ane_pipeline=1 output_queue=4 async_ane=4 gpu_overlap=214 finishes=4 waits=8
ds4: Flash-MoE overlap plan layer=27 exec_groups=218 planned_ane_groups=4 planned_ane_refs=869 planned_gpu_groups=214 planned_gpu_refs=5275 tail_gpu_groups=0 tail_gpu_refs=0 planned_ssd_groups=218 est_gpu=18971.0 est_ane=652.9 est_idle=96.56% wall=112.241 ms actual_ane_groups=4 actual_ane_refs=869 actual_gpu_groups=0 actual_gpu_refs=0 finishes=4 waits=8 overlap_gpu_groups=214
ds4: Flash-MoE async pread canceled queued=0 reading=0 ready=1780 finished=0
ds4: gpu chunked prefill pos=4096 tokens=1024 layer 27 encode=128.068 ms execute=2.562 ms
ds4: Flash-MoE prefill layer=28 tokens=1024 unique=204 refs=6144 sync=38.517 ms plan=0.336 ms stage/compute=107.344 ms misses=204
ds4: Flash-MoE hybrid prefill layer=28 ane_groups=4 ane_refs=801 gpu_i8_groups=0 gpu_i8_refs=0 fp32_groups=0 ane_min_refs=128 concurrent=1 ane_pipeline=1 output_queue=4 async_ane=4 gpu_overlap=200 finishes=4 waits=8
ds4: Flash-MoE overlap plan layer=28 exec_groups=204 planned_ane_groups=4 planned_ane_refs=801 planned_gpu_groups=200 planned_gpu_refs=5343 tail_gpu_groups=0 tail_gpu_refs=0 planned_ssd_groups=204 est_gpu=18143.0 est_ane=652.9 est_idle=96.40% wall=107.008 ms actual_ane_groups=4 actual_ane_refs=801 actual_gpu_groups=0 actual_gpu_refs=0 finishes=4 waits=8 overlap_gpu_groups=200
ds4: Flash-MoE async pread canceled queued=0 reading=0 ready=1791 finished=0
ds4: gpu chunked prefill pos=4096 tokens=1024 layer 28 encode=146.479 ms execute=2.564 ms
ds4: Flash-MoE prefill layer=29 tokens=1024 unique=198 refs=6144 sync=14.429 ms plan=0.361 ms stage/compute=106.010 ms misses=198
ds4: Flash-MoE hybrid prefill layer=29 ane_groups=5 ane_refs=938 gpu_i8_groups=0 gpu_i8_refs=0 fp32_groups=0 ane_min_refs=128 concurrent=1 ane_pipeline=1 output_queue=4 async_ane=5 gpu_overlap=193 finishes=5 waits=10
ds4: Flash-MoE overlap plan layer=29 exec_groups=198 planned_ane_groups=5 planned_ane_refs=938 planned_gpu_groups=193 planned_gpu_refs=5206 tail_gpu_groups=0 tail_gpu_refs=0 planned_ssd_groups=198 est_gpu=17558.0 est_ane=815.5 est_idle=95.36% wall=105.668 ms actual_ane_groups=5 actual_ane_refs=938 actual_gpu_groups=0 actual_gpu_refs=0 finishes=5 waits=10 overlap_gpu_groups=193
ds4: Flash-MoE async pread canceled queued=0 reading=0 ready=1808 finished=0
ds4: gpu chunked prefill pos=4096 tokens=1024 layer 29 encode=121.338 ms execute=2.567 ms
ds4: Flash-MoE prefill layer=30 tokens=1024 unique=204 refs=6144 sync=38.865 ms plan=0.353 ms stage/compute=108.676 ms misses=204
ds4: Flash-MoE hybrid prefill layer=30 ane_groups=3 ane_refs=506 gpu_i8_groups=0 gpu_i8_refs=0 fp32_groups=0 ane_min_refs=128 concurrent=1 ane_pipeline=1 output_queue=4 async_ane=3 gpu_overlap=201 finishes=3 waits=6
ds4: Flash-MoE overlap plan layer=30 exec_groups=204 planned_ane_groups=3 planned_ane_refs=506 planned_gpu_groups=201 planned_gpu_refs=5638 tail_gpu_groups=0 tail_gpu_refs=0 planned_ssd_groups=204 est_gpu=18502.0 est_ane=487.8 est_idle=97.36% wall=108.344 ms actual_ane_groups=3 actual_ane_refs=506 actual_gpu_groups=0 actual_gpu_refs=0 finishes=3 waits=6 overlap_gpu_groups=201
ds4: Flash-MoE async pread canceled queued=0 reading=0 ready=1819 finished=0
ds4: gpu chunked prefill pos=4096 tokens=1024 layer 30 encode=148.243 ms execute=2.529 ms
ds4: Flash-MoE prefill layer=31 tokens=1024 unique=204 refs=6144 sync=14.514 ms plan=0.293 ms stage/compute=106.599 ms misses=204
ds4: Flash-MoE hybrid prefill layer=31 ane_groups=5 ane_refs=924 gpu_i8_groups=0 gpu_i8_refs=0 fp32_groups=0 ane_min_refs=128 concurrent=1 ane_pipeline=1 output_queue=4 async_ane=5 gpu_overlap=199 finishes=5 waits=10
ds4: Flash-MoE overlap plan layer=31 exec_groups=204 planned_ane_groups=5 planned_ane_refs=924 planned_gpu_groups=199 planned_gpu_refs=5220 tail_gpu_groups=0 tail_gpu_refs=0 planned_ssd_groups=204 est_gpu=17956.0 est_ane=812.9 est_idle=95.47% wall=106.267 ms actual_ane_groups=5 actual_ane_refs=924 actual_gpu_groups=0 actual_gpu_refs=0 finishes=5 waits=10 overlap_gpu_groups=199
ds4: Flash-MoE async pread canceled queued=0 reading=0 ready=1829 finished=0
ds4: gpu chunked prefill pos=4096 tokens=1024 layer 31 encode=121.995 ms execute=2.595 ms
ds4: Flash-MoE prefill layer=32 tokens=1024 unique=197 refs=6144 sync=39.148 ms plan=0.332 ms stage/compute=104.908 ms misses=197
ds4: Flash-MoE hybrid prefill layer=32 ane_groups=6 ane_refs=1087 gpu_i8_groups=0 gpu_i8_refs=0 fp32_groups=0 ane_min_refs=128 concurrent=1 ane_pipeline=1 output_queue=4 async_ane=6 gpu_overlap=191 finishes=6 waits=12
ds4: Flash-MoE overlap plan layer=32 exec_groups=197 planned_ane_groups=6 planned_ane_refs=1087 planned_gpu_groups=191 planned_gpu_refs=5057 tail_gpu_groups=0 tail_gpu_refs=0 planned_ssd_groups=197 est_gpu=17281.0 est_ane=975.5 est_idle=94.35% wall=104.565 ms actual_ane_groups=6 actual_ane_refs=1087 actual_gpu_groups=0 actual_gpu_refs=0 finishes=6 waits=12 overlap_gpu_groups=191
ds4: Flash-MoE async pread canceled queued=0 reading=0 ready=1839 finished=0
ds4: gpu chunked prefill pos=4096 tokens=1024 layer 32 encode=144.665 ms execute=2.505 ms
ds4: Flash-MoE prefill layer=33 tokens=1024 unique=191 refs=6144 sync=14.440 ms plan=0.365 ms stage/compute=100.999 ms misses=191
ds4: Flash-MoE hybrid prefill layer=33 ane_groups=7 ane_refs=1316 gpu_i8_groups=0 gpu_i8_refs=0 fp32_groups=0 ane_min_refs=128 concurrent=1 ane_pipeline=1 output_queue=4 async_ane=7 gpu_overlap=184 finishes=7 waits=14
ds4: Flash-MoE overlap plan layer=33 exec_groups=191 planned_ane_groups=7 planned_ane_refs=1316 planned_gpu_groups=184 planned_gpu_refs=4828 tail_gpu_groups=0 tail_gpu_refs=0 planned_ssd_groups=191 est_gpu=16604.0 est_ane=1140.7 est_idle=93.13% wall=100.643 ms actual_ane_groups=7 actual_ane_refs=1316 actual_gpu_groups=0 actual_gpu_refs=0 finishes=7 waits=14 overlap_gpu_groups=184
ds4: Flash-MoE async pread canceled queued=0 reading=0 ready=1853 finished=0
ds4: gpu chunked prefill pos=4096 tokens=1024 layer 33 encode=116.429 ms execute=2.664 ms
ds4: Flash-MoE prefill layer=34 tokens=1024 unique=192 refs=6144 sync=38.509 ms plan=0.346 ms stage/compute=99.947 ms misses=192
ds4: Flash-MoE hybrid prefill layer=34 ane_groups=5 ane_refs=1418 gpu_i8_groups=0 gpu_i8_refs=0 fp32_groups=0 ane_min_refs=128 concurrent=1 ane_pipeline=1 output_queue=4 async_ane=5 gpu_overlap=187 finishes=5 waits=10
ds4: Flash-MoE overlap plan layer=34 exec_groups=192 planned_ane_groups=5 planned_ane_refs=1418 planned_gpu_groups=187 planned_gpu_refs=4726 tail_gpu_groups=0 tail_gpu_refs=0 planned_ssd_groups=192 est_gpu=16694.0 est_ane=820.7 est_idle=95.08% wall=99.591 ms actual_ane_groups=5 actual_ane_refs=1418 actual_gpu_groups=0 actual_gpu_refs=0 finishes=5 waits=10 overlap_gpu_groups=187
ds4: Flash-MoE async pread canceled queued=0 reading=0 ready=1864 finished=0
ds4: gpu chunked prefill pos=4096 tokens=1024 layer 34 encode=139.259 ms execute=2.606 ms
ds4: Flash-MoE prefill layer=35 tokens=1024 unique=197 refs=6144 sync=14.503 ms plan=0.401 ms stage/compute=103.274 ms misses=197
ds4: Flash-MoE hybrid prefill layer=35 ane_groups=7 ane_refs=1285 gpu_i8_groups=0 gpu_i8_refs=0 fp32_groups=0 ane_min_refs=128 concurrent=1 ane_pipeline=1 output_queue=4 async_ane=7 gpu_overlap=190 finishes=7 waits=14
ds4: Flash-MoE overlap plan layer=35 exec_groups=197 planned_ane_groups=7 planned_ane_refs=1285 planned_gpu_groups=190 planned_gpu_refs=4859 tail_gpu_groups=0 tail_gpu_refs=0 planned_ssd_groups=197 est_gpu=17019.0 est_ane=1140.7 est_idle=93.30% wall=102.898 ms actual_ane_groups=7 actual_ane_refs=1285 actual_gpu_groups=0 actual_gpu_refs=0 finishes=7 waits=14 overlap_gpu_groups=190
ds4: Flash-MoE async pread canceled queued=0 reading=0 ready=1875 finished=0
ds4: gpu chunked prefill pos=4096 tokens=1024 layer 35 encode=118.735 ms execute=2.536 ms
ds4: Flash-MoE prefill layer=36 tokens=1024 unique=205 refs=6144 sync=38.544 ms plan=0.304 ms stage/compute=102.744 ms misses=205
ds4: Flash-MoE hybrid prefill layer=36 ane_groups=7 ane_refs=1671 gpu_i8_groups=0 gpu_i8_refs=0 fp32_groups=0 ane_min_refs=128 concurrent=1 ane_pipeline=1 output_queue=4 async_ane=7 gpu_overlap=198 finishes=7 waits=14
ds4: Flash-MoE overlap plan layer=36 exec_groups=205 planned_ane_groups=7 planned_ane_refs=1671 planned_gpu_groups=198 planned_gpu_refs=4473 tail_gpu_groups=0 tail_gpu_refs=0 planned_ssd_groups=205 est_gpu=17145.0 est_ane=1143.3 est_idle=93.33% wall=102.369 ms actual_ane_groups=7 actual_ane_refs=1671 actual_gpu_groups=0 actual_gpu_refs=0 finishes=7 waits=14 overlap_gpu_groups=198
ds4: Flash-MoE async pread canceled queued=0 reading=0 ready=1886 finished=0
ds4: gpu chunked prefill pos=4096 tokens=1024 layer 36 encode=141.914 ms execute=2.534 ms
ds4: Flash-MoE prefill layer=37 tokens=1024 unique=198 refs=6144 sync=14.503 ms plan=0.330 ms stage/compute=100.245 ms misses=198
ds4: Flash-MoE hybrid prefill layer=37 ane_groups=5 ane_refs=1287 gpu_i8_groups=0 gpu_i8_refs=0 fp32_groups=0 ane_min_refs=128 concurrent=1 ane_pipeline=1 output_queue=4 async_ane=5 gpu_overlap=193 finishes=5 waits=10
ds4: Flash-MoE overlap plan layer=37 exec_groups=198 planned_ane_groups=5 planned_ane_refs=1287 planned_gpu_groups=193 planned_gpu_refs=4857 tail_gpu_groups=0 tail_gpu_refs=0 planned_ssd_groups=198 est_gpu=17209.0 est_ane=818.1 est_idle=95.25% wall=99.915 ms actual_ane_groups=5 actual_ane_refs=1287 actual_gpu_groups=0 actual_gpu_refs=0 finishes=5 waits=10 overlap_gpu_groups=193
ds4: Flash-MoE async pread canceled queued=0 reading=0 ready=1898 finished=0
ds4: gpu chunked prefill pos=4096 tokens=1024 layer 37 encode=115.599 ms execute=2.577 ms
ds4: Flash-MoE prefill layer=38 tokens=1024 unique=204 refs=6144 sync=38.613 ms plan=0.306 ms stage/compute=105.835 ms misses=204
ds4: Flash-MoE hybrid prefill layer=38 ane_groups=6 ane_refs=1330 gpu_i8_groups=0 gpu_i8_refs=0 fp32_groups=0 ane_min_refs=128 concurrent=1 ane_pipeline=1 output_queue=4 async_ane=6 gpu_overlap=198 finishes=6 waits=12
ds4: Flash-MoE overlap plan layer=38 exec_groups=204 planned_ane_groups=6 planned_ane_refs=1330 planned_gpu_groups=198 planned_gpu_refs=4814 tail_gpu_groups=0 tail_gpu_refs=0 planned_ssd_groups=204 est_gpu=17486.0 est_ane=978.1 est_idle=94.41% wall=105.430 ms actual_ane_groups=6 actual_ane_refs=1330 actual_gpu_groups=0 actual_gpu_refs=0 finishes=6 waits=12 overlap_gpu_groups=198
ds4: Flash-MoE async pread canceled queued=0 reading=0 ready=1912 finished=0
ds4: gpu chunked prefill pos=4096 tokens=1024 layer 38 encode=145.026 ms execute=2.563 ms
ds4: Flash-MoE prefill layer=39 tokens=1024 unique=210 refs=6144 sync=14.448 ms plan=0.331 ms stage/compute=107.456 ms misses=210
ds4: Flash-MoE hybrid prefill layer=39 ane_groups=7 ane_refs=1213 gpu_i8_groups=0 gpu_i8_refs=0 fp32_groups=0 ane_min_refs=128 concurrent=1 ane_pipeline=1 output_queue=4 async_ane=7 gpu_overlap=203 finishes=7 waits=14
ds4: Flash-MoE overlap plan layer=39 exec_groups=210 planned_ane_groups=7 planned_ane_refs=1213 planned_gpu_groups=203 planned_gpu_refs=4931 tail_gpu_groups=0 tail_gpu_refs=0 planned_ssd_groups=210 est_gpu=17923.0 est_ane=1138.1 est_idle=93.65% wall=107.083 ms actual_ane_groups=7 actual_ane_refs=1213 actual_gpu_groups=0 actual_gpu_refs=0 finishes=7 waits=14 overlap_gpu_groups=203
ds4: Flash-MoE async pread canceled queued=0 reading=0 ready=1919 finished=0
ds4: gpu chunked prefill pos=4096 tokens=1024 layer 39 encode=122.882 ms execute=2.585 ms
ds4: Flash-MoE prefill layer=40 tokens=1024 unique=155 refs=6144 sync=38.557 ms plan=0.434 ms stage/compute=84.616 ms misses=155
ds4: Flash-MoE hybrid prefill layer=40 ane_groups=5 ane_refs=1831 gpu_i8_groups=0 gpu_i8_refs=0 fp32_groups=0 ane_min_refs=128 concurrent=1 ane_pipeline=1 output_queue=4 async_ane=5 gpu_overlap=150 finishes=5 waits=10
ds4: Flash-MoE overlap plan layer=40 exec_groups=155 planned_ane_groups=5 planned_ane_refs=1831 planned_gpu_groups=150 planned_gpu_refs=4313 tail_gpu_groups=0 tail_gpu_refs=0 planned_ssd_groups=155 est_gpu=13913.0 est_ane=823.3 est_idle=94.08% wall=84.305 ms actual_ane_groups=5 actual_ane_refs=1831 actual_gpu_groups=0 actual_gpu_refs=0 finishes=5 waits=10 overlap_gpu_groups=150
ds4: Flash-MoE async pread canceled queued=0 reading=0 ready=1940 finished=0
ds4: gpu chunked prefill pos=4096 tokens=1024 layer 40 encode=123.876 ms execute=2.681 ms
ds4: Flash-MoE prefill layer=41 tokens=1024 unique=179 refs=6144 sync=14.501 ms plan=0.378 ms stage/compute=97.381 ms misses=179
ds4: Flash-MoE hybrid prefill layer=41 ane_groups=4 ane_refs=989 gpu_i8_groups=0 gpu_i8_refs=0 fp32_groups=0 ane_min_refs=128 concurrent=1 ane_pipeline=1 output_queue=4 async_ane=4 gpu_overlap=175 finishes=4 waits=8
ds4: Flash-MoE overlap plan layer=41 exec_groups=179 planned_ane_groups=4 planned_ane_refs=989 planned_gpu_groups=175 planned_gpu_refs=5155 tail_gpu_groups=0 tail_gpu_refs=0 planned_ssd_groups=179 est_gpu=16355.0 est_ane=652.9 est_idle=96.01% wall=97.055 ms actual_ane_groups=4 actual_ane_refs=989 actual_gpu_groups=0 actual_gpu_refs=0 finishes=4 waits=8 overlap_gpu_groups=175
ds4: Flash-MoE async pread canceled queued=0 reading=0 ready=1952 finished=0
ds4: gpu chunked prefill pos=4096 tokens=1024 layer 41 encode=112.822 ms execute=2.549 ms
ds4: Flash-MoE prefill layer=42 tokens=1024 unique=195 refs=6144 sync=39.072 ms plan=0.332 ms stage/compute=103.175 ms misses=195
ds4: Flash-MoE hybrid prefill layer=42 ane_groups=4 ane_refs=1030 gpu_i8_groups=0 gpu_i8_refs=0 fp32_groups=0 ane_min_refs=128 concurrent=1 ane_pipeline=1 output_queue=4 async_ane=4 gpu_overlap=191 finishes=4 waits=8
ds4: Flash-MoE overlap plan layer=42 exec_groups=195 planned_ane_groups=4 planned_ane_refs=1030 planned_gpu_groups=191 planned_gpu_refs=5114 tail_gpu_groups=0 tail_gpu_refs=0 planned_ssd_groups=195 est_gpu=17338.0 est_ane=655.5 est_idle=96.22% wall=102.818 ms actual_ane_groups=4 actual_ane_refs=1030 actual_gpu_groups=0 actual_gpu_refs=0 finishes=4 waits=8 overlap_gpu_groups=191
ds4: Flash-MoE async pread canceled queued=0 reading=0 ready=1966 finished=0
ds4: gpu chunked prefill pos=4096 tokens=1024 layer 42 encode=142.832 ms execute=2.445 ms
processing 8423 input tokens: 5120/8423 (60.8%) batch=168.19 t/s avg=172.58 t/s
ds4: Flash-MoE prefill layer=0 tokens=1024 unique=256 refs=6144 sync=12.055 ms plan=0.315 ms stage/compute=149.074 ms misses=256
ds4: Flash-MoE hybrid prefill layer=0 ane_groups=0 ane_refs=0 gpu_i8_groups=0 gpu_i8_refs=0 fp32_groups=0 ane_min_refs=128 concurrent=1 ane_pipeline=1 output_queue=4 async_ane=0 gpu_overlap=0 finishes=0 waits=0
ds4: Flash-MoE overlap plan layer=0 exec_groups=256 planned_ane_groups=0 planned_ane_refs=0 planned_gpu_groups=256 planned_gpu_refs=6144 tail_gpu_groups=0 tail_gpu_refs=0 planned_ssd_groups=256 est_gpu=22528.0 est_ane=0.0 est_idle=100.00% wall=148.670 ms actual_ane_groups=0 actual_ane_refs=0 actual_gpu_groups=0 actual_gpu_refs=0 finishes=0 waits=0 overlap_gpu_groups=0
ds4: Flash-MoE async pread canceled queued=0 reading=0 ready=1966 finished=0
ds4: gpu chunked prefill pos=5120 tokens=1024 layer 0 encode=161.834 ms execute=2.634 ms
ds4: Flash-MoE prefill layer=1 tokens=1024 unique=256 refs=6144 sync=12.592 ms plan=0.326 ms stage/compute=148.332 ms misses=256
ds4: Flash-MoE hybrid prefill layer=1 ane_groups=0 ane_refs=0 gpu_i8_groups=0 gpu_i8_refs=0 fp32_groups=0 ane_min_refs=128 concurrent=1 ane_pipeline=1 output_queue=4 async_ane=0 gpu_overlap=0 finishes=0 waits=0
ds4: Flash-MoE overlap plan layer=1 exec_groups=256 planned_ane_groups=0 planned_ane_refs=0 planned_gpu_groups=256 planned_gpu_refs=6144 tail_gpu_groups=0 tail_gpu_refs=0 planned_ssd_groups=256 est_gpu=22528.0 est_ane=0.0 est_idle=100.00% wall=147.925 ms actual_ane_groups=0 actual_ane_refs=0 actual_gpu_groups=0 actual_gpu_refs=0 finishes=0 waits=0 overlap_gpu_groups=0
ds4: Flash-MoE async pread canceled queued=0 reading=0 ready=1966 finished=0
ds4: gpu chunked prefill pos=5120 tokens=1024 layer 1 encode=161.816 ms execute=2.627 ms
ds4: Flash-MoE prefill layer=2 tokens=1024 unique=256 refs=6144 sync=39.635 ms plan=0.345 ms stage/compute=149.839 ms misses=256
ds4: Flash-MoE hybrid prefill layer=2 ane_groups=0 ane_refs=0 gpu_i8_groups=0 gpu_i8_refs=0 fp32_groups=0 ane_min_refs=128 concurrent=1 ane_pipeline=1 output_queue=4 async_ane=0 gpu_overlap=0 finishes=0 waits=0
ds4: Flash-MoE overlap plan layer=2 exec_groups=256 planned_ane_groups=0 planned_ane_refs=0 planned_gpu_groups=256 planned_gpu_refs=6144 tail_gpu_groups=0 tail_gpu_refs=0 planned_ssd_groups=256 est_gpu=22528.0 est_ane=0.0 est_idle=100.00% wall=149.457 ms actual_ane_groups=0 actual_ane_refs=0 actual_gpu_groups=0 actual_gpu_refs=0 finishes=0 waits=0 overlap_gpu_groups=0
ds4: Flash-MoE async pread canceled queued=0 reading=0 ready=1966 finished=0
ds4: gpu chunked prefill pos=5120 tokens=1024 layer 2 encode=190.140 ms execute=2.630 ms
ds4: Flash-MoE prefill layer=3 tokens=1024 unique=236 refs=6144 sync=14.541 ms plan=0.312 ms stage/compute=127.214 ms misses=236
ds4: Flash-MoE hybrid prefill layer=3 ane_groups=1 ane_refs=466 gpu_i8_groups=0 gpu_i8_refs=0 fp32_groups=0 ane_min_refs=128 concurrent=1 ane_pipeline=1 output_queue=4 async_ane=1 gpu_overlap=235 finishes=1 waits=2
ds4: Flash-MoE overlap plan layer=3 exec_groups=236 planned_ane_groups=1 planned_ane_refs=466 planned_gpu_groups=235 planned_gpu_refs=5678 tail_gpu_groups=0 tail_gpu_refs=0 planned_ssd_groups=236 est_gpu=20718.0 est_ane=165.2 est_idle=99.20% wall=126.813 ms actual_ane_groups=1 actual_ane_refs=466 actual_gpu_groups=0 actual_gpu_refs=0 finishes=1 waits=2 overlap_gpu_groups=235
ds4: Flash-MoE async pread canceled queued=0 reading=0 ready=1971 finished=0
ds4: gpu chunked prefill pos=5120 tokens=1024 layer 3 encode=142.617 ms execute=2.608 ms
ds4: Flash-MoE prefill layer=4 tokens=1024 unique=220 refs=6144 sync=39.522 ms plan=0.303 ms stage/compute=116.758 ms misses=220
ds4: Flash-MoE hybrid prefill layer=4 ane_groups=5 ane_refs=873 gpu_i8_groups=0 gpu_i8_refs=0 fp32_groups=0 ane_min_refs=128 concurrent=1 ane_pipeline=1 output_queue=4 async_ane=5 gpu_overlap=215 finishes=5 waits=10
ds4: Flash-MoE overlap plan layer=4 exec_groups=220 planned_ane_groups=5 planned_ane_refs=873 planned_gpu_groups=215 planned_gpu_refs=5271 tail_gpu_groups=0 tail_gpu_refs=0 planned_ssd_groups=220 est_gpu=19031.0 est_ane=815.5 est_idle=95.71% wall=116.384 ms actual_ane_groups=5 actual_ane_refs=873 actual_gpu_groups=0 actual_gpu_refs=0 finishes=5 waits=10 overlap_gpu_groups=215
ds4: Flash-MoE async pread canceled queued=0 reading=0 ready=1980 finished=0
ds4: gpu chunked prefill pos=5120 tokens=1024 layer 4 encode=156.843 ms execute=2.581 ms
ds4: Flash-MoE prefill layer=5 tokens=1024 unique=240 refs=6144 sync=14.535 ms plan=0.395 ms stage/compute=124.012 ms misses=240
ds4: Flash-MoE hybrid prefill layer=5 ane_groups=2 ane_refs=617 gpu_i8_groups=0 gpu_i8_refs=0 fp32_groups=0 ane_min_refs=128 concurrent=1 ane_pipeline=1 output_queue=4 async_ane=2 gpu_overlap=238 finishes=2 waits=4
ds4: Flash-MoE overlap plan layer=5 exec_groups=240 planned_ane_groups=2 planned_ane_refs=617 planned_gpu_groups=238 planned_gpu_refs=5527 tail_gpu_groups=0 tail_gpu_refs=0 planned_ssd_groups=240 est_gpu=20759.0 est_ane=327.8 est_idle=98.42% wall=123.631 ms actual_ane_groups=2 actual_ane_refs=617 actual_gpu_groups=0 actual_gpu_refs=0 finishes=2 waits=4 overlap_gpu_groups=238
ds4: Flash-MoE async pread canceled queued=0 reading=0 ready=1982 finished=0
ds4: gpu chunked prefill pos=5120 tokens=1024 layer 5 encode=139.503 ms execute=2.649 ms
ds4: Flash-MoE prefill layer=6 tokens=1024 unique=221 refs=6144 sync=39.524 ms plan=0.358 ms stage/compute=119.030 ms misses=221
ds4: Flash-MoE hybrid prefill layer=6 ane_groups=3 ane_refs=590 gpu_i8_groups=0 gpu_i8_refs=0 fp32_groups=0 ane_min_refs=128 concurrent=1 ane_pipeline=1 output_queue=4 async_ane=3 gpu_overlap=218 finishes=3 waits=6
ds4: Flash-MoE overlap plan layer=6 exec_groups=221 planned_ane_groups=3 planned_ane_refs=590 planned_gpu_groups=218 planned_gpu_refs=5554 tail_gpu_groups=0 tail_gpu_refs=0 planned_ssd_groups=221 est_gpu=19506.0 est_ane=490.3 est_idle=97.49% wall=118.653 ms actual_ane_groups=3 actual_ane_refs=590 actual_gpu_groups=0 actual_gpu_refs=0 finishes=3 waits=6 overlap_gpu_groups=218
ds4: Flash-MoE async pread canceled queued=0 reading=0 ready=1986 finished=0
ds4: gpu chunked prefill pos=5120 tokens=1024 layer 6 encode=159.216 ms execute=2.546 ms
ds4: Flash-MoE prefill layer=7 tokens=1024 unique=222 refs=6144 sync=14.563 ms plan=0.318 ms stage/compute=112.999 ms misses=222
ds4: Flash-MoE hybrid prefill layer=7 ane_groups=4 ane_refs=981 gpu_i8_groups=0 gpu_i8_refs=0 fp32_groups=0 ane_min_refs=128 concurrent=1 ane_pipeline=1 output_queue=4 async_ane=4 gpu_overlap=218 finishes=4 waits=8
ds4: Flash-MoE overlap plan layer=7 exec_groups=222 planned_ane_groups=4 planned_ane_refs=981 planned_gpu_groups=218 planned_gpu_refs=5163 tail_gpu_groups=0 tail_gpu_refs=0 planned_ssd_groups=222 est_gpu=19115.0 est_ane=655.5 est_idle=96.57% wall=112.651 ms actual_ane_groups=4 actual_ane_refs=981 actual_gpu_groups=0 actual_gpu_refs=0 finishes=4 waits=8 overlap_gpu_groups=218
ds4: Flash-MoE async pread canceled queued=0 reading=0 ready=1990 finished=0
ds4: gpu chunked prefill pos=5120 tokens=1024 layer 7 encode=128.402 ms execute=2.594 ms
ds4: Flash-MoE prefill layer=8 tokens=1024 unique=220 refs=6144 sync=40.048 ms plan=0.321 ms stage/compute=115.370 ms misses=220
ds4: Flash-MoE hybrid prefill layer=8 ane_groups=4 ane_refs=1141 gpu_i8_groups=0 gpu_i8_refs=0 fp32_groups=0 ane_min_refs=128 concurrent=1 ane_pipeline=1 output_queue=4 async_ane=4 gpu_overlap=216 finishes=4 waits=8
ds4: Flash-MoE overlap plan layer=8 exec_groups=220 planned_ane_groups=4 planned_ane_refs=1141 planned_gpu_groups=216 planned_gpu_refs=5003 tail_gpu_groups=0 tail_gpu_refs=0 planned_ssd_groups=220 est_gpu=18827.0 est_ane=655.5 est_idle=96.52% wall=114.999 ms actual_ane_groups=4 actual_ane_refs=1141 actual_gpu_groups=0 actual_gpu_refs=0 finishes=4 waits=8 overlap_gpu_groups=216
ds4: Flash-MoE async pread canceled queued=0 reading=0 ready=1997 finished=0
ds4: gpu chunked prefill pos=5120 tokens=1024 layer 8 encode=156.048 ms execute=2.609 ms
ds4: Flash-MoE prefill layer=9 tokens=1024 unique=229 refs=6144 sync=14.601 ms plan=0.323 ms stage/compute=120.761 ms misses=229
ds4: Flash-MoE hybrid prefill layer=9 ane_groups=1 ane_refs=353 gpu_i8_groups=0 gpu_i8_refs=0 fp32_groups=0 ane_min_refs=128 concurrent=1 ane_pipeline=1 output_queue=4 async_ane=1 gpu_overlap=228 finishes=1 waits=2
ds4: Flash-MoE overlap plan layer=9 exec_groups=229 planned_ane_groups=1 planned_ane_refs=353 planned_gpu_groups=228 planned_gpu_refs=5791 tail_gpu_groups=0 tail_gpu_refs=0 planned_ssd_groups=229 est_gpu=20383.0 est_ane=165.2 est_idle=99.19% wall=120.358 ms actual_ane_groups=1 actual_ane_refs=353 actual_gpu_groups=0 actual_gpu_refs=0 finishes=1 waits=2 overlap_gpu_groups=228
ds4: Flash-MoE async pread canceled queued=0 reading=0 ready=2002 finished=0
ds4: gpu chunked prefill pos=5120 tokens=1024 layer 9 encode=136.239 ms execute=2.540 ms
ds4: Flash-MoE prefill layer=10 tokens=1024 unique=219 refs=6144 sync=40.070 ms plan=0.306 ms stage/compute=118.377 ms misses=219
ds4: Flash-MoE hybrid prefill layer=10 ane_groups=4 ane_refs=691 gpu_i8_groups=0 gpu_i8_refs=0 fp32_groups=0 ane_min_refs=128 concurrent=1 ane_pipeline=1 output_queue=4 async_ane=4 gpu_overlap=215 finishes=4 waits=8
ds4: Flash-MoE overlap plan layer=10 exec_groups=219 planned_ane_groups=4 planned_ane_refs=691 planned_gpu_groups=215 planned_gpu_refs=5453 tail_gpu_groups=0 tail_gpu_refs=0 planned_ssd_groups=219 est_gpu=19213.0 est_ane=650.3 est_idle=96.62% wall=117.979 ms actual_ane_groups=4 actual_ane_refs=691 actual_gpu_groups=0 actual_gpu_refs=0 finishes=4 waits=8 overlap_gpu_groups=215
ds4: Flash-MoE async pread canceled queued=0 reading=0 ready=2012 finished=0
ds4: gpu chunked prefill pos=5120 tokens=1024 layer 10 encode=159.057 ms execute=2.556 ms
ds4: Flash-MoE prefill layer=11 tokens=1024 unique=230 refs=6144 sync=14.533 ms plan=0.331 ms stage/compute=117.930 ms misses=230
ds4: Flash-MoE hybrid prefill layer=11 ane_groups=4 ane_refs=704 gpu_i8_groups=0 gpu_i8_refs=0 fp32_groups=0 ane_min_refs=128 concurrent=1 ane_pipeline=1 output_queue=4 async_ane=4 gpu_overlap=226 finishes=4 waits=8
ds4: Flash-MoE overlap plan layer=11 exec_groups=230 planned_ane_groups=4 planned_ane_refs=704 planned_gpu_groups=226 planned_gpu_refs=5440 tail_gpu_groups=0 tail_gpu_refs=0 planned_ssd_groups=230 est_gpu=19904.0 est_ane=652.9 est_idle=96.72% wall=117.526 ms actual_ane_groups=4 actual_ane_refs=704 actual_gpu_groups=0 actual_gpu_refs=0 finishes=4 waits=8 overlap_gpu_groups=226
ds4: Flash-MoE async pread canceled queued=0 reading=0 ready=2017 finished=0
ds4: gpu chunked prefill pos=5120 tokens=1024 layer 11 encode=133.387 ms execute=2.562 ms
ds4: Flash-MoE prefill layer=12 tokens=1024 unique=206 refs=6144 sync=40.295 ms plan=0.372 ms stage/compute=109.291 ms misses=206
ds4: Flash-MoE hybrid prefill layer=12 ane_groups=4 ane_refs=690 gpu_i8_groups=0 gpu_i8_refs=0 fp32_groups=0 ane_min_refs=128 concurrent=1 ane_pipeline=1 output_queue=4 async_ane=4 gpu_overlap=202 finishes=4 waits=8
ds4: Flash-MoE overlap plan layer=12 exec_groups=206 planned_ane_groups=4 planned_ane_refs=690 planned_gpu_groups=202 planned_gpu_refs=5454 tail_gpu_groups=0 tail_gpu_refs=0 planned_ssd_groups=206 est_gpu=18382.0 est_ane=650.3 est_idle=96.46% wall=108.965 ms actual_ane_groups=4 actual_ane_refs=690 actual_gpu_groups=0 actual_gpu_refs=0 finishes=4 waits=8 overlap_gpu_groups=202
ds4: Flash-MoE async pread canceled queued=0 reading=0 ready=2025 finished=0
ds4: gpu chunked prefill pos=5120 tokens=1024 layer 12 encode=150.239 ms execute=2.559 ms
ds4: Flash-MoE prefill layer=13 tokens=1024 unique=213 refs=6144 sync=14.561 ms plan=0.297 ms stage/compute=107.152 ms misses=213
ds4: Flash-MoE hybrid prefill layer=13 ane_groups=8 ane_refs=1474 gpu_i8_groups=0 gpu_i8_refs=0 fp32_groups=0 ane_min_refs=128 concurrent=1 ane_pipeline=1 output_queue=4 async_ane=8 gpu_overlap=205 finishes=8 waits=16
ds4: Flash-MoE overlap plan layer=13 exec_groups=213 planned_ane_groups=8 planned_ane_refs=1474 planned_gpu_groups=205 planned_gpu_refs=4670 tail_gpu_groups=0 tail_gpu_refs=0 planned_ssd_groups=213 est_gpu=17790.0 est_ane=1303.3 est_idle=92.67% wall=106.811 ms actual_ane_groups=8 actual_ane_refs=1474 actual_gpu_groups=0 actual_gpu_refs=0 finishes=8 waits=16 overlap_gpu_groups=205
ds4: Flash-MoE async pread canceled queued=0 reading=0 ready=2030 finished=0
ds4: gpu chunked prefill pos=5120 tokens=1024 layer 13 encode=122.562 ms execute=2.531 ms
ds4: Flash-MoE prefill layer=14 tokens=1024 unique=207 refs=6144 sync=39.589 ms plan=0.312 ms stage/compute=107.930 ms misses=207
ds4: Flash-MoE hybrid prefill layer=14 ane_groups=6 ane_refs=1133 gpu_i8_groups=0 gpu_i8_refs=0 fp32_groups=0 ane_min_refs=128 concurrent=1 ane_pipeline=1 output_queue=4 async_ane=6 gpu_overlap=201 finishes=6 waits=12
ds4: Flash-MoE overlap plan layer=14 exec_groups=207 planned_ane_groups=6 planned_ane_refs=1133 planned_gpu_groups=201 planned_gpu_refs=5011 tail_gpu_groups=0 tail_gpu_refs=0 planned_ssd_groups=207 est_gpu=17875.0 est_ane=978.1 est_idle=94.53% wall=107.567 ms actual_ane_groups=6 actual_ane_refs=1133 actual_gpu_groups=0 actual_gpu_refs=0 finishes=6 waits=12 overlap_gpu_groups=201
ds4: Flash-MoE async pread canceled queued=0 reading=0 ready=2037 finished=0
ds4: gpu chunked prefill pos=5120 tokens=1024 layer 14 encode=148.174 ms execute=2.682 ms
ds4: Flash-MoE prefill layer=15 tokens=1024 unique=201 refs=6144 sync=14.643 ms plan=0.321 ms stage/compute=101.961 ms misses=201
ds4: Flash-MoE hybrid prefill layer=15 ane_groups=5 ane_refs=939 gpu_i8_groups=0 gpu_i8_refs=0 fp32_groups=0 ane_min_refs=128 concurrent=1 ane_pipeline=1 output_queue=4 async_ane=5 gpu_overlap=196 finishes=5 waits=10
ds4: Flash-MoE overlap plan layer=15 exec_groups=201 planned_ane_groups=5 planned_ane_refs=939 planned_gpu_groups=196 planned_gpu_refs=5205 tail_gpu_groups=0 tail_gpu_refs=0 planned_ssd_groups=201 est_gpu=17749.0 est_ane=812.9 est_idle=95.42% wall=101.613 ms actual_ane_groups=5 actual_ane_refs=939 actual_gpu_groups=0 actual_gpu_refs=0 finishes=5 waits=10 overlap_gpu_groups=196
ds4: Flash-MoE async pread canceled queued=0 reading=0 ready=2048 finished=0
ds4: gpu chunked prefill pos=5120 tokens=1024 layer 15 encode=117.493 ms execute=2.542 ms
ds4: Flash-MoE prefill layer=16 tokens=1024 unique=198 refs=6144 sync=39.315 ms plan=0.337 ms stage/compute=103.781 ms misses=198
ds4: Flash-MoE hybrid prefill layer=16 ane_groups=3 ane_refs=988 gpu_i8_groups=0 gpu_i8_refs=0 fp32_groups=0 ane_min_refs=128 concurrent=1 ane_pipeline=1 output_queue=4 async_ane=3 gpu_overlap=195 finishes=3 waits=6
ds4: Flash-MoE overlap plan layer=16 exec_groups=198 planned_ane_groups=3 planned_ane_refs=988 planned_gpu_groups=195 planned_gpu_refs=5156 tail_gpu_groups=0 tail_gpu_refs=0 planned_ssd_groups=198 est_gpu=17636.0 est_ane=492.9 est_idle=97.20% wall=103.460 ms actual_ane_groups=3 actual_ane_refs=988 actual_gpu_groups=0 actual_gpu_refs=0 finishes=3 waits=6 overlap_gpu_groups=195
ds4: Flash-MoE async pread canceled queued=0 reading=0 ready=2059 finished=0
ds4: gpu chunked prefill pos=5120 tokens=1024 layer 16 encode=143.718 ms execute=2.587 ms
ds4: Flash-MoE prefill layer=17 tokens=1024 unique=212 refs=6144 sync=14.586 ms plan=0.319 ms stage/compute=107.945 ms misses=212
ds4: Flash-MoE hybrid prefill layer=17 ane_groups=6 ane_refs=1384 gpu_i8_groups=0 gpu_i8_refs=0 fp32_groups=0 ane_min_refs=128 concurrent=1 ane_pipeline=1 output_queue=4 async_ane=6 gpu_overlap=206 finishes=6 waits=12
ds4: Flash-MoE overlap plan layer=17 exec_groups=212 planned_ane_groups=6 planned_ane_refs=1384 planned_gpu_groups=206 planned_gpu_refs=4760 tail_gpu_groups=0 tail_gpu_refs=0 planned_ssd_groups=212 est_gpu=17944.0 est_ane=978.1 est_idle=94.55% wall=107.583 ms actual_ane_groups=6 actual_ane_refs=1384 actual_gpu_groups=0 actual_gpu_refs=0 finishes=6 waits=12 overlap_gpu_groups=206
ds4: Flash-MoE async pread canceled queued=0 reading=0 ready=2070 finished=0
ds4: gpu chunked prefill pos=5120 tokens=1024 layer 17 encode=123.407 ms execute=2.557 ms
ds4: Flash-MoE prefill layer=18 tokens=1024 unique=194 refs=6144 sync=39.772 ms plan=0.291 ms stage/compute=100.002 ms misses=194
ds4: Flash-MoE hybrid prefill layer=18 ane_groups=6 ane_refs=1629 gpu_i8_groups=0 gpu_i8_refs=0 fp32_groups=0 ane_min_refs=128 concurrent=1 ane_pipeline=1 output_queue=4 async_ane=6 gpu_overlap=188 finishes=6 waits=12
ds4: Flash-MoE overlap plan layer=18 exec_groups=194 planned_ane_groups=6 planned_ane_refs=1629 planned_gpu_groups=188 planned_gpu_refs=4515 tail_gpu_groups=0 tail_gpu_refs=0 planned_ssd_groups=194 est_gpu=16547.0 est_ane=983.3 est_idle=94.06% wall=99.682 ms actual_ane_groups=6 actual_ane_refs=1629 actual_gpu_groups=0 actual_gpu_refs=0 finishes=6 waits=12 overlap_gpu_groups=188
ds4: Flash-MoE async pread canceled queued=0 reading=0 ready=2085 finished=0
ds4: gpu chunked prefill pos=5120 tokens=1024 layer 18 encode=140.351 ms execute=2.533 ms
ds4: Flash-MoE prefill layer=19 tokens=1024 unique=221 refs=6144 sync=14.569 ms plan=0.335 ms stage/compute=120.538 ms misses=221
ds4: Flash-MoE hybrid prefill layer=19 ane_groups=3 ane_refs=573 gpu_i8_groups=0 gpu_i8_refs=0 fp32_groups=0 ane_min_refs=128 concurrent=1 ane_pipeline=1 output_queue=4 async_ane=3 gpu_overlap=218 finishes=3 waits=6
ds4: Flash-MoE overlap plan layer=19 exec_groups=221 planned_ane_groups=3 planned_ane_refs=573 planned_gpu_groups=218 planned_gpu_refs=5571 tail_gpu_groups=0 tail_gpu_refs=0 planned_ssd_groups=221 est_gpu=19523.0 est_ane=487.8 est_idle=97.50% wall=120.152 ms actual_ane_groups=3 actual_ane_refs=573 actual_gpu_groups=0 actual_gpu_refs=0 finishes=3 waits=6 overlap_gpu_groups=218
ds4: Flash-MoE async pread canceled queued=0 reading=0 ready=2090 finished=0
ds4: gpu chunked prefill pos=5120 tokens=1024 layer 19 encode=136.033 ms execute=2.583 ms
ds4: Flash-MoE prefill layer=20 tokens=1024 unique=182 refs=6144 sync=39.941 ms plan=0.337 ms stage/compute=96.573 ms misses=182
ds4: Flash-MoE hybrid prefill layer=20 ane_groups=4 ane_refs=1090 gpu_i8_groups=0 gpu_i8_refs=0 fp32_groups=0 ane_min_refs=128 concurrent=1 ane_pipeline=1 output_queue=4 async_ane=4 gpu_overlap=178 finishes=4 waits=8
ds4: Flash-MoE overlap plan layer=20 exec_groups=182 planned_ane_groups=4 planned_ane_refs=1090 planned_gpu_groups=178 planned_gpu_refs=5054 tail_gpu_groups=0 tail_gpu_refs=0 planned_ssd_groups=182 est_gpu=16446.0 est_ane=655.5 est_idle=96.01% wall=96.231 ms actual_ane_groups=4 actual_ane_refs=1090 actual_gpu_groups=0 actual_gpu_refs=0 finishes=4 waits=8 overlap_gpu_groups=178
ds4: Flash-MoE async pread canceled queued=0 reading=0 ready=2103 finished=0
ds4: gpu chunked prefill pos=5120 tokens=1024 layer 20 encode=137.134 ms execute=2.547 ms
ds4: Flash-MoE prefill layer=21 tokens=1024 unique=194 refs=6144 sync=14.462 ms plan=0.275 ms stage/compute=104.437 ms misses=194
ds4: Flash-MoE hybrid prefill layer=21 ane_groups=4 ane_refs=937 gpu_i8_groups=0 gpu_i8_refs=0 fp32_groups=0 ane_min_refs=128 concurrent=1 ane_pipeline=1 output_queue=4 async_ane=4 gpu_overlap=190 finishes=4 waits=8
ds4: Flash-MoE overlap plan layer=21 exec_groups=194 planned_ane_groups=4 planned_ane_refs=937 planned_gpu_groups=190 planned_gpu_refs=5207 tail_gpu_groups=0 tail_gpu_refs=0 planned_ssd_groups=194 est_gpu=17367.0 est_ane=652.9 est_idle=96.24% wall=104.105 ms actual_ane_groups=4 actual_ane_refs=937 actual_gpu_groups=0 actual_gpu_refs=0 finishes=4 waits=8 overlap_gpu_groups=190
ds4: Flash-MoE async pread canceled queued=0 reading=0 ready=2113 finished=0
ds4: gpu chunked prefill pos=5120 tokens=1024 layer 21 encode=119.724 ms execute=2.572 ms
ds4: Flash-MoE prefill layer=22 tokens=1024 unique=202 refs=6144 sync=39.276 ms plan=0.348 ms stage/compute=105.184 ms misses=202
ds4: Flash-MoE hybrid prefill layer=22 ane_groups=7 ane_refs=1295 gpu_i8_groups=0 gpu_i8_refs=0 fp32_groups=0 ane_min_refs=128 concurrent=1 ane_pipeline=1 output_queue=4 async_ane=7 gpu_overlap=195 finishes=7 waits=14
ds4: Flash-MoE overlap plan layer=22 exec_groups=202 planned_ane_groups=7 planned_ane_refs=1295 planned_gpu_groups=195 planned_gpu_refs=4849 tail_gpu_groups=0 tail_gpu_refs=0 planned_ssd_groups=202 est_gpu=17329.0 est_ane=1140.7 est_idle=93.42% wall=104.820 ms actual_ane_groups=7 actual_ane_refs=1295 actual_gpu_groups=0 actual_gpu_refs=0 finishes=7 waits=14 overlap_gpu_groups=195
ds4: Flash-MoE async pread canceled queued=0 reading=0 ready=2121 finished=0
ds4: gpu chunked prefill pos=5120 tokens=1024 layer 22 encode=145.099 ms execute=2.637 ms
ds4: Flash-MoE prefill layer=23 tokens=1024 unique=206 refs=6144 sync=14.560 ms plan=0.379 ms stage/compute=109.652 ms misses=206
ds4: Flash-MoE hybrid prefill layer=23 ane_groups=4 ane_refs=830 gpu_i8_groups=0 gpu_i8_refs=0 fp32_groups=0 ane_min_refs=128 concurrent=1 ane_pipeline=1 output_queue=4 async_ane=4 gpu_overlap=202 finishes=4 waits=8
ds4: Flash-MoE overlap plan layer=23 exec_groups=206 planned_ane_groups=4 planned_ane_refs=830 planned_gpu_groups=202 planned_gpu_refs=5314 tail_gpu_groups=0 tail_gpu_refs=0 planned_ssd_groups=206 est_gpu=18242.0 est_ane=652.9 est_idle=96.42% wall=109.320 ms actual_ane_groups=4 actual_ane_refs=830 actual_gpu_groups=0 actual_gpu_refs=0 finishes=4 waits=8 overlap_gpu_groups=202
ds4: Flash-MoE async pread canceled queued=0 reading=0 ready=2130 finished=0
ds4: gpu chunked prefill pos=5120 tokens=1024 layer 23 encode=125.134 ms execute=2.565 ms
ds4: Flash-MoE prefill layer=24 tokens=1024 unique=194 refs=6144 sync=39.254 ms plan=0.303 ms stage/compute=104.132 ms misses=194
ds4: Flash-MoE hybrid prefill layer=24 ane_groups=6 ane_refs=1204 gpu_i8_groups=0 gpu_i8_refs=0 fp32_groups=0 ane_min_refs=128 concurrent=1 ane_pipeline=1 output_queue=4 async_ane=6 gpu_overlap=188 finishes=6 waits=12
ds4: Flash-MoE overlap plan layer=24 exec_groups=194 planned_ane_groups=6 planned_ane_refs=1204 planned_gpu_groups=188 planned_gpu_refs=4940 tail_gpu_groups=0 tail_gpu_refs=0 planned_ssd_groups=194 est_gpu=16972.0 est_ane=980.7 est_idle=94.22% wall=103.809 ms actual_ane_groups=6 actual_ane_refs=1204 actual_gpu_groups=0 actual_gpu_refs=0 finishes=6 waits=12 overlap_gpu_groups=188
ds4: Flash-MoE async pread canceled queued=0 reading=0 ready=2137 finished=0
ds4: gpu chunked prefill pos=5120 tokens=1024 layer 24 encode=143.984 ms execute=2.554 ms
ds4: Flash-MoE prefill layer=25 tokens=1024 unique=202 refs=6144 sync=14.426 ms plan=0.357 ms stage/compute=109.388 ms misses=202
ds4: Flash-MoE hybrid prefill layer=25 ane_groups=4 ane_refs=738 gpu_i8_groups=0 gpu_i8_refs=0 fp32_groups=0 ane_min_refs=128 concurrent=1 ane_pipeline=1 output_queue=4 async_ane=4 gpu_overlap=198 finishes=4 waits=8
ds4: Flash-MoE overlap plan layer=25 exec_groups=202 planned_ane_groups=4 planned_ane_refs=738 planned_gpu_groups=198 planned_gpu_refs=5406 tail_gpu_groups=0 tail_gpu_refs=0 planned_ssd_groups=202 est_gpu=18078.0 est_ane=652.9 est_idle=96.39% wall=109.027 ms actual_ane_groups=4 actual_ane_refs=738 actual_gpu_groups=0 actual_gpu_refs=0 finishes=4 waits=8 overlap_gpu_groups=198
ds4: Flash-MoE async pread canceled queued=0 reading=0 ready=2151 finished=0
ds4: gpu chunked prefill pos=5120 tokens=1024 layer 25 encode=124.780 ms execute=2.538 ms
ds4: Flash-MoE prefill layer=26 tokens=1024 unique=191 refs=6144 sync=39.442 ms plan=0.301 ms stage/compute=100.443 ms misses=191
ds4: Flash-MoE hybrid prefill layer=26 ane_groups=5 ane_refs=1247 gpu_i8_groups=0 gpu_i8_refs=0 fp32_groups=0 ane_min_refs=128 concurrent=1 ane_pipeline=1 output_queue=4 async_ane=5 gpu_overlap=186 finishes=5 waits=10
ds4: Flash-MoE overlap plan layer=26 exec_groups=191 planned_ane_groups=5 planned_ane_refs=1247 planned_gpu_groups=186 planned_gpu_refs=4897 tail_gpu_groups=0 tail_gpu_refs=0 planned_ssd_groups=191 est_gpu=16801.0 est_ane=818.1 est_idle=95.13% wall=100.091 ms actual_ane_groups=5 actual_ane_refs=1247 actual_gpu_groups=0 actual_gpu_refs=0 finishes=5 waits=10 overlap_gpu_groups=186
ds4: Flash-MoE async pread canceled queued=0 reading=0 ready=2159 finished=0
ds4: gpu chunked prefill pos=5120 tokens=1024 layer 26 encode=140.458 ms execute=2.618 ms
ds4: Flash-MoE prefill layer=27 tokens=1024 unique=205 refs=6144 sync=14.533 ms plan=0.395 ms stage/compute=107.463 ms misses=205
ds4: Flash-MoE hybrid prefill layer=27 ane_groups=5 ane_refs=959 gpu_i8_groups=0 gpu_i8_refs=0 fp32_groups=0 ane_min_refs=128 concurrent=1 ane_pipeline=1 output_queue=4 async_ane=5 gpu_overlap=200 finishes=5 waits=10
ds4: Flash-MoE overlap plan layer=27 exec_groups=205 planned_ane_groups=5 planned_ane_refs=959 planned_gpu_groups=200 planned_gpu_refs=5185 tail_gpu_groups=0 tail_gpu_refs=0 planned_ssd_groups=205 est_gpu=17985.0 est_ane=815.5 est_idle=95.47% wall=107.125 ms actual_ane_groups=5 actual_ane_refs=959 actual_gpu_groups=0 actual_gpu_refs=0 finishes=5 waits=10 overlap_gpu_groups=200
ds4: Flash-MoE async pread canceled queued=0 reading=0 ready=2168 finished=0
ds4: gpu chunked prefill pos=5120 tokens=1024 layer 27 encode=122.944 ms execute=2.508 ms
ds4: Flash-MoE prefill layer=28 tokens=1024 unique=198 refs=6144 sync=39.438 ms plan=0.365 ms stage/compute=105.714 ms misses=198
ds4: Flash-MoE hybrid prefill layer=28 ane_groups=4 ane_refs=805 gpu_i8_groups=0 gpu_i8_refs=0 fp32_groups=0 ane_min_refs=128 concurrent=1 ane_pipeline=1 output_queue=4 async_ane=4 gpu_overlap=194 finishes=4 waits=8
ds4: Flash-MoE overlap plan layer=28 exec_groups=198 planned_ane_groups=4 planned_ane_refs=805 planned_gpu_groups=194 planned_gpu_refs=5339 tail_gpu_groups=0 tail_gpu_refs=0 planned_ssd_groups=198 est_gpu=17755.0 est_ane=652.9 est_idle=96.32% wall=105.349 ms actual_ane_groups=4 actual_ane_refs=805 actual_gpu_groups=0 actual_gpu_refs=0 finishes=4 waits=8 overlap_gpu_groups=194
ds4: Flash-MoE async pread canceled queued=0 reading=0 ready=2180 finished=0
ds4: gpu chunked prefill pos=5120 tokens=1024 layer 28 encode=145.781 ms execute=2.567 ms
ds4: Flash-MoE prefill layer=29 tokens=1024 unique=191 refs=6144 sync=14.455 ms plan=0.340 ms stage/compute=103.526 ms misses=191
ds4: Flash-MoE hybrid prefill layer=29 ane_groups=4 ane_refs=718 gpu_i8_groups=0 gpu_i8_refs=0 fp32_groups=0 ane_min_refs=128 concurrent=1 ane_pipeline=1 output_queue=4 async_ane=4 gpu_overlap=187 finishes=4 waits=8
ds4: Flash-MoE overlap plan layer=29 exec_groups=191 planned_ane_groups=4 planned_ane_refs=718 planned_gpu_groups=187 planned_gpu_refs=5426 tail_gpu_groups=0 tail_gpu_refs=0 planned_ssd_groups=191 est_gpu=17394.0 est_ane=650.3 est_idle=96.26% wall=103.202 ms actual_ane_groups=4 actual_ane_refs=718 actual_gpu_groups=0 actual_gpu_refs=0 finishes=4 waits=8 overlap_gpu_groups=187
ds4: Flash-MoE async pread canceled queued=0 reading=0 ready=2196 finished=0
ds4: gpu chunked prefill pos=5120 tokens=1024 layer 29 encode=118.863 ms execute=2.627 ms
ds4: Flash-MoE prefill layer=30 tokens=1024 unique=209 refs=6144 sync=39.265 ms plan=0.367 ms stage/compute=111.542 ms misses=209
ds4: Flash-MoE hybrid prefill layer=30 ane_groups=2 ane_refs=362 gpu_i8_groups=0 gpu_i8_refs=0 fp32_groups=0 ane_min_refs=128 concurrent=1 ane_pipeline=1 output_queue=4 async_ane=2 gpu_overlap=207 finishes=2 waits=4
ds4: Flash-MoE overlap plan layer=30 exec_groups=209 planned_ane_groups=2 planned_ane_refs=362 planned_gpu_groups=207 planned_gpu_refs=5782 tail_gpu_groups=0 tail_gpu_refs=0 planned_ssd_groups=209 est_gpu=19030.0 est_ane=325.2 est_idle=98.29% wall=111.184 ms actual_ane_groups=2 actual_ane_refs=362 actual_gpu_groups=0 actual_gpu_refs=0 finishes=2 waits=4 overlap_gpu_groups=207
ds4: Flash-MoE async pread canceled queued=0 reading=0 ready=2205 finished=0
ds4: gpu chunked prefill pos=5120 tokens=1024 layer 30 encode=151.453 ms execute=2.554 ms
ds4: Flash-MoE prefill layer=31 tokens=1024 unique=202 refs=6144 sync=15.096 ms plan=0.380 ms stage/compute=106.396 ms misses=202
ds4: Flash-MoE hybrid prefill layer=31 ane_groups=5 ane_refs=842 gpu_i8_groups=0 gpu_i8_refs=0 fp32_groups=0 ane_min_refs=128 concurrent=1 ane_pipeline=1 output_queue=4 async_ane=5 gpu_overlap=197 finishes=5 waits=10
ds4: Flash-MoE overlap plan layer=31 exec_groups=202 planned_ane_groups=5 planned_ane_refs=842 planned_gpu_groups=197 planned_gpu_refs=5302 tail_gpu_groups=0 tail_gpu_refs=0 planned_ssd_groups=202 est_gpu=17910.0 est_ane=812.9 est_idle=95.46% wall=106.069 ms actual_ane_groups=5 actual_ane_refs=842 actual_gpu_groups=0 actual_gpu_refs=0 finishes=5 waits=10 overlap_gpu_groups=197
ds4: Flash-MoE async pread canceled queued=0 reading=0 ready=2214 finished=0
ds4: gpu chunked prefill pos=5120 tokens=1024 layer 31 encode=122.466 ms execute=2.538 ms
ds4: Flash-MoE prefill layer=32 tokens=1024 unique=202 refs=6144 sync=39.195 ms plan=0.334 ms stage/compute=106.418 ms misses=202
ds4: Flash-MoE hybrid prefill layer=32 ane_groups=7 ane_refs=1215 gpu_i8_groups=0 gpu_i8_refs=0 fp32_groups=0 ane_min_refs=128 concurrent=1 ane_pipeline=1 output_queue=4 async_ane=7 gpu_overlap=195 finishes=7 waits=14
ds4: Flash-MoE overlap plan layer=32 exec_groups=202 planned_ane_groups=7 planned_ane_refs=1215 planned_gpu_groups=195 planned_gpu_refs=4929 tail_gpu_groups=0 tail_gpu_refs=0 planned_ssd_groups=202 est_gpu=17409.0 est_ane=1138.1 est_idle=93.46% wall=106.083 ms actual_ane_groups=7 actual_ane_refs=1215 actual_gpu_groups=0 actual_gpu_refs=0 finishes=7 waits=14 overlap_gpu_groups=195
ds4: Flash-MoE async pread canceled queued=0 reading=0 ready=2223 finished=0
ds4: gpu chunked prefill pos=5120 tokens=1024 layer 32 encode=146.235 ms execute=2.629 ms
ds4: Flash-MoE prefill layer=33 tokens=1024 unique=194 refs=6144 sync=14.440 ms plan=0.291 ms stage/compute=102.189 ms misses=194
ds4: Flash-MoE hybrid prefill layer=33 ane_groups=7 ane_refs=1279 gpu_i8_groups=0 gpu_i8_refs=0 fp32_groups=0 ane_min_refs=128 concurrent=1 ane_pipeline=1 output_queue=4 async_ane=7 gpu_overlap=187 finishes=7 waits=14
ds4: Flash-MoE overlap plan layer=33 exec_groups=194 planned_ane_groups=7 planned_ane_refs=1279 planned_gpu_groups=187 planned_gpu_refs=4865 tail_gpu_groups=0 tail_gpu_refs=0 planned_ssd_groups=194 est_gpu=16833.0 est_ane=1140.7 est_idle=93.22% wall=101.823 ms actual_ane_groups=7 actual_ane_refs=1279 actual_gpu_groups=0 actual_gpu_refs=0 finishes=7 waits=14 overlap_gpu_groups=187
ds4: Flash-MoE async pread canceled queued=0 reading=0 ready=2237 finished=0
ds4: gpu chunked prefill pos=5120 tokens=1024 layer 33 encode=117.487 ms execute=2.559 ms
ds4: Flash-MoE prefill layer=34 tokens=1024 unique=187 refs=6144 sync=39.801 ms plan=0.325 ms stage/compute=98.973 ms misses=187
ds4: Flash-MoE hybrid prefill layer=34 ane_groups=5 ane_refs=1395 gpu_i8_groups=0 gpu_i8_refs=0 fp32_groups=0 ane_min_refs=128 concurrent=1 ane_pipeline=1 output_queue=4 async_ane=5 gpu_overlap=182 finishes=5 waits=10
ds4: Flash-MoE overlap plan layer=34 exec_groups=187 planned_ane_groups=5 planned_ane_refs=1395 planned_gpu_groups=182 planned_gpu_refs=4749 tail_gpu_groups=0 tail_gpu_refs=0 planned_ssd_groups=187 est_gpu=16397.0 est_ane=818.1 est_idle=95.01% wall=98.629 ms actual_ane_groups=5 actual_ane_refs=1395 actual_gpu_groups=0 actual_gpu_refs=0 finishes=5 waits=10 overlap_gpu_groups=182
ds4: Flash-MoE async pread canceled queued=0 reading=0 ready=2251 finished=0
ds4: gpu chunked prefill pos=5120 tokens=1024 layer 34 encode=139.370 ms execute=2.591 ms
ds4: Flash-MoE prefill layer=35 tokens=1024 unique=199 refs=6144 sync=14.464 ms plan=0.357 ms stage/compute=101.267 ms misses=199
ds4: Flash-MoE hybrid prefill layer=35 ane_groups=8 ane_refs=1464 gpu_i8_groups=0 gpu_i8_refs=0 fp32_groups=0 ane_min_refs=128 concurrent=1 ane_pipeline=1 output_queue=4 async_ane=8 gpu_overlap=191 finishes=8 waits=16
ds4: Flash-MoE overlap plan layer=35 exec_groups=199 planned_ane_groups=8 planned_ane_refs=1464 planned_gpu_groups=191 planned_gpu_refs=4680 tail_gpu_groups=0 tail_gpu_refs=0 planned_ssd_groups=199 est_gpu=16904.0 est_ane=1303.3 est_idle=92.29% wall=100.926 ms actual_ane_groups=8 actual_ane_refs=1464 actual_gpu_groups=0 actual_gpu_refs=0 finishes=8 waits=16 overlap_gpu_groups=191
ds4: Flash-MoE async pread canceled queued=0 reading=0 ready=2263 finished=0
ds4: gpu chunked prefill pos=5120 tokens=1024 layer 35 encode=116.607 ms execute=2.529 ms
ds4: Flash-MoE prefill layer=36 tokens=1024 unique=200 refs=6144 sync=39.214 ms plan=0.353 ms stage/compute=100.539 ms misses=200
ds4: Flash-MoE hybrid prefill layer=36 ane_groups=7 ane_refs=1633 gpu_i8_groups=0 gpu_i8_refs=0 fp32_groups=0 ane_min_refs=128 concurrent=1 ane_pipeline=1 output_queue=4 async_ane=7 gpu_overlap=193 finishes=7 waits=14
ds4: Flash-MoE overlap plan layer=36 exec_groups=200 planned_ane_groups=7 planned_ane_refs=1633 planned_gpu_groups=193 planned_gpu_refs=4511 tail_gpu_groups=0 tail_gpu_refs=0 planned_ssd_groups=200 est_gpu=16863.0 est_ane=1143.3 est_idle=93.22% wall=100.171 ms actual_ane_groups=7 actual_ane_refs=1633 actual_gpu_groups=0 actual_gpu_refs=0 finishes=7 waits=14 overlap_gpu_groups=193
ds4: Flash-MoE async pread canceled queued=0 reading=0 ready=2278 finished=0
ds4: gpu chunked prefill pos=5120 tokens=1024 layer 36 encode=140.361 ms execute=2.621 ms
ds4: Flash-MoE prefill layer=37 tokens=1024 unique=201 refs=6144 sync=14.601 ms plan=0.301 ms stage/compute=102.126 ms misses=201
ds4: Flash-MoE hybrid prefill layer=37 ane_groups=5 ane_refs=1345 gpu_i8_groups=0 gpu_i8_refs=0 fp32_groups=0 ane_min_refs=128 concurrent=1 ane_pipeline=1 output_queue=4 async_ane=5 gpu_overlap=196 finishes=5 waits=10
ds4: Flash-MoE overlap plan layer=37 exec_groups=201 planned_ane_groups=5 planned_ane_refs=1345 planned_gpu_groups=196 planned_gpu_refs=4799 tail_gpu_groups=0 tail_gpu_refs=0 planned_ssd_groups=201 est_gpu=17343.0 est_ane=818.1 est_idle=95.28% wall=101.789 ms actual_ane_groups=5 actual_ane_refs=1345 actual_gpu_groups=0 actual_gpu_refs=0 finishes=5 waits=10 overlap_gpu_groups=196
ds4: Flash-MoE async pread canceled queued=0 reading=0 ready=2291 finished=0
ds4: gpu chunked prefill pos=5120 tokens=1024 layer 37 encode=117.603 ms execute=2.720 ms
ds4: Flash-MoE prefill layer=38 tokens=1024 unique=202 refs=6144 sync=39.174 ms plan=0.383 ms stage/compute=107.008 ms misses=202
ds4: Flash-MoE hybrid prefill layer=38 ane_groups=5 ane_refs=1240 gpu_i8_groups=0 gpu_i8_refs=0 fp32_groups=0 ane_min_refs=128 concurrent=1 ane_pipeline=1 output_queue=4 async_ane=5 gpu_overlap=197 finishes=5 waits=10
ds4: Flash-MoE overlap plan layer=38 exec_groups=202 planned_ane_groups=5 planned_ane_refs=1240 planned_gpu_groups=197 planned_gpu_refs=4904 tail_gpu_groups=0 tail_gpu_refs=0 planned_ssd_groups=202 est_gpu=17512.0 est_ane=815.5 est_idle=95.34% wall=106.636 ms actual_ane_groups=5 actual_ane_refs=1240 actual_gpu_groups=0 actual_gpu_refs=0 finishes=5 waits=10 overlap_gpu_groups=197
ds4: Flash-MoE async pread canceled queued=0 reading=0 ready=2307 finished=0
ds4: gpu chunked prefill pos=5120 tokens=1024 layer 38 encode=146.827 ms execute=2.603 ms
ds4: Flash-MoE prefill layer=39 tokens=1024 unique=209 refs=6144 sync=14.473 ms plan=0.335 ms stage/compute=107.297 ms misses=209
ds4: Flash-MoE hybrid prefill layer=39 ane_groups=7 ane_refs=1204 gpu_i8_groups=0 gpu_i8_refs=0 fp32_groups=0 ane_min_refs=128 concurrent=1 ane_pipeline=1 output_queue=4 async_ane=7 gpu_overlap=202 finishes=7 waits=14
ds4: Flash-MoE overlap plan layer=39 exec_groups=209 planned_ane_groups=7 planned_ane_refs=1204 planned_gpu_groups=202 planned_gpu_refs=4940 tail_gpu_groups=0 tail_gpu_refs=0 planned_ssd_groups=209 est_gpu=17868.0 est_ane=1138.1 est_idle=93.63% wall=106.912 ms actual_ane_groups=7 actual_ane_refs=1204 actual_gpu_groups=0 actual_gpu_refs=0 finishes=7 waits=14 overlap_gpu_groups=202
ds4: Flash-MoE async pread canceled queued=0 reading=0 ready=2316 finished=0
ds4: gpu chunked prefill pos=5120 tokens=1024 layer 39 encode=122.737 ms execute=2.710 ms
ds4: Flash-MoE prefill layer=40 tokens=1024 unique=168 refs=6144 sync=39.768 ms plan=0.321 ms stage/compute=92.871 ms misses=168
ds4: Flash-MoE hybrid prefill layer=40 ane_groups=6 ane_refs=1989 gpu_i8_groups=0 gpu_i8_refs=0 fp32_groups=0 ane_min_refs=128 concurrent=1 ane_pipeline=1 output_queue=4 async_ane=6 gpu_overlap=162 finishes=6 waits=12
ds4: Flash-MoE overlap plan layer=40 exec_groups=168 planned_ane_groups=6 planned_ane_refs=1989 planned_gpu_groups=162 planned_gpu_refs=4155 tail_gpu_groups=0 tail_gpu_refs=0 planned_ssd_groups=168 est_gpu=14523.0 est_ane=988.4 est_idle=93.19% wall=92.548 ms actual_ane_groups=6 actual_ane_refs=1989 actual_gpu_groups=0 actual_gpu_refs=0 finishes=6 waits=12 overlap_gpu_groups=162
ds4: Flash-MoE async pread canceled queued=0 reading=0 ready=2331 finished=0
ds4: gpu chunked prefill pos=5120 tokens=1024 layer 40 encode=133.441 ms execute=2.573 ms
ds4: Flash-MoE prefill layer=41 tokens=1024 unique=180 refs=6144 sync=14.557 ms plan=0.329 ms stage/compute=100.066 ms misses=180
ds4: Flash-MoE hybrid prefill layer=41 ane_groups=4 ane_refs=907 gpu_i8_groups=0 gpu_i8_refs=0 fp32_groups=0 ane_min_refs=128 concurrent=1 ane_pipeline=1 output_queue=4 async_ane=4 gpu_overlap=176 finishes=4 waits=8
ds4: Flash-MoE overlap plan layer=41 exec_groups=180 planned_ane_groups=4 planned_ane_refs=907 planned_gpu_groups=176 planned_gpu_refs=5237 tail_gpu_groups=0 tail_gpu_refs=0 planned_ssd_groups=180 est_gpu=16501.0 est_ane=652.9 est_idle=96.04% wall=99.752 ms actual_ane_groups=4 actual_ane_refs=907 actual_gpu_groups=0 actual_gpu_refs=0 finishes=4 waits=8 overlap_gpu_groups=176
ds4: Flash-MoE async pread canceled queued=0 reading=0 ready=2344 finished=0
ds4: gpu chunked prefill pos=5120 tokens=1024 layer 41 encode=115.487 ms execute=2.539 ms
ds4: Flash-MoE prefill layer=42 tokens=1024 unique=190 refs=6144 sync=39.303 ms plan=0.344 ms stage/compute=101.954 ms misses=190
ds4: Flash-MoE hybrid prefill layer=42 ane_groups=4 ane_refs=1024 gpu_i8_groups=0 gpu_i8_refs=0 fp32_groups=0 ane_min_refs=128 concurrent=1 ane_pipeline=1 output_queue=4 async_ane=4 gpu_overlap=186 finishes=4 waits=8
ds4: Flash-MoE overlap plan layer=42 exec_groups=190 planned_ane_groups=4 planned_ane_refs=1024 planned_gpu_groups=186 planned_gpu_refs=5120 tail_gpu_groups=0 tail_gpu_refs=0 planned_ssd_groups=190 est_gpu=17024.0 est_ane=655.5 est_idle=96.15% wall=101.618 ms actual_ane_groups=4 actual_ane_refs=1024 actual_gpu_groups=0 actual_gpu_refs=0 finishes=4 waits=8 overlap_gpu_groups=186
ds4: Flash-MoE async pread canceled queued=0 reading=0 ready=2360 finished=0
ds4: gpu chunked prefill pos=5120 tokens=1024 layer 42 encode=141.881 ms execute=2.479 ms
processing 8423 input tokens: 6144/8423 (72.9%) batch=169.06 t/s avg=171.98 t/s
ds4: Flash-MoE prefill layer=0 tokens=1024 unique=256 refs=6144 sync=12.110 ms plan=0.311 ms stage/compute=149.960 ms misses=256
ds4: Flash-MoE hybrid prefill layer=0 ane_groups=0 ane_refs=0 gpu_i8_groups=0 gpu_i8_refs=0 fp32_groups=0 ane_min_refs=128 concurrent=1 ane_pipeline=1 output_queue=4 async_ane=0 gpu_overlap=0 finishes=0 waits=0
ds4: Flash-MoE overlap plan layer=0 exec_groups=256 planned_ane_groups=0 planned_ane_refs=0 planned_gpu_groups=256 planned_gpu_refs=6144 tail_gpu_groups=0 tail_gpu_refs=0 planned_ssd_groups=256 est_gpu=22528.0 est_ane=0.0 est_idle=100.00% wall=149.586 ms actual_ane_groups=0 actual_ane_refs=0 actual_gpu_groups=0 actual_gpu_refs=0 finishes=0 waits=0 overlap_gpu_groups=0
ds4: Flash-MoE async pread canceled queued=0 reading=0 ready=2360 finished=0
ds4: gpu chunked prefill pos=6144 tokens=1024 layer 0 encode=162.775 ms execute=2.690 ms
ds4: Flash-MoE prefill layer=1 tokens=1024 unique=256 refs=6144 sync=12.506 ms plan=0.323 ms stage/compute=147.628 ms misses=256
ds4: Flash-MoE hybrid prefill layer=1 ane_groups=0 ane_refs=0 gpu_i8_groups=0 gpu_i8_refs=0 fp32_groups=0 ane_min_refs=128 concurrent=1 ane_pipeline=1 output_queue=4 async_ane=0 gpu_overlap=0 finishes=0 waits=0
ds4: Flash-MoE overlap plan layer=1 exec_groups=256 planned_ane_groups=0 planned_ane_refs=0 planned_gpu_groups=256 planned_gpu_refs=6144 tail_gpu_groups=0 tail_gpu_refs=0 planned_ssd_groups=256 est_gpu=22528.0 est_ane=0.0 est_idle=100.00% wall=147.213 ms actual_ane_groups=0 actual_ane_refs=0 actual_gpu_groups=0 actual_gpu_refs=0 finishes=0 waits=0 overlap_gpu_groups=0
ds4: Flash-MoE async pread canceled queued=0 reading=0 ready=2360 finished=0
ds4: gpu chunked prefill pos=6144 tokens=1024 layer 1 encode=161.018 ms execute=2.629 ms
ds4: Flash-MoE prefill layer=2 tokens=1024 unique=256 refs=6144 sync=40.048 ms plan=0.373 ms stage/compute=152.170 ms misses=256
ds4: Flash-MoE hybrid prefill layer=2 ane_groups=0 ane_refs=0 gpu_i8_groups=0 gpu_i8_refs=0 fp32_groups=0 ane_min_refs=128 concurrent=1 ane_pipeline=1 output_queue=4 async_ane=0 gpu_overlap=0 finishes=0 waits=0
ds4: Flash-MoE overlap plan layer=2 exec_groups=256 planned_ane_groups=0 planned_ane_refs=0 planned_gpu_groups=256 planned_gpu_refs=6144 tail_gpu_groups=0 tail_gpu_refs=0 planned_ssd_groups=256 est_gpu=22528.0 est_ane=0.0 est_idle=100.00% wall=151.742 ms actual_ane_groups=0 actual_ane_refs=0 actual_gpu_groups=0 actual_gpu_refs=0 finishes=0 waits=0 overlap_gpu_groups=0
ds4: Flash-MoE async pread canceled queued=0 reading=0 ready=2360 finished=0
ds4: gpu chunked prefill pos=6144 tokens=1024 layer 2 encode=192.867 ms execute=2.635 ms
ds4: Flash-MoE prefill layer=3 tokens=1024 unique=238 refs=6144 sync=14.580 ms plan=0.326 ms stage/compute=128.141 ms misses=238
ds4: Flash-MoE hybrid prefill layer=3 ane_groups=1 ane_refs=466 gpu_i8_groups=0 gpu_i8_refs=0 fp32_groups=0 ane_min_refs=128 concurrent=1 ane_pipeline=1 output_queue=4 async_ane=1 gpu_overlap=237 finishes=1 waits=2
ds4: Flash-MoE overlap plan layer=3 exec_groups=238 planned_ane_groups=1 planned_ane_refs=466 planned_gpu_groups=237 planned_gpu_refs=5678 tail_gpu_groups=0 tail_gpu_refs=0 planned_ssd_groups=238 est_gpu=20846.0 est_ane=165.2 est_idle=99.21% wall=127.705 ms actual_ane_groups=1 actual_ane_refs=466 actual_gpu_groups=0 actual_gpu_refs=0 finishes=1 waits=2 overlap_gpu_groups=237
ds4: Flash-MoE async pread canceled queued=0 reading=0 ready=2365 finished=0
ds4: gpu chunked prefill pos=6144 tokens=1024 layer 3 encode=143.687 ms execute=2.571 ms
ds4: Flash-MoE prefill layer=4 tokens=1024 unique=222 refs=6144 sync=40.177 ms plan=0.329 ms stage/compute=117.635 ms misses=222
ds4: Flash-MoE hybrid prefill layer=4 ane_groups=4 ane_refs=718 gpu_i8_groups=0 gpu_i8_refs=0 fp32_groups=0 ane_min_refs=128 concurrent=1 ane_pipeline=1 output_queue=4 async_ane=4 gpu_overlap=218 finishes=4 waits=8
ds4: Flash-MoE overlap plan layer=4 exec_groups=222 planned_ane_groups=4 planned_ane_refs=718 planned_gpu_groups=218 planned_gpu_refs=5426 tail_gpu_groups=0 tail_gpu_refs=0 planned_ssd_groups=222 est_gpu=19378.0 est_ane=650.3 est_idle=96.64% wall=117.249 ms actual_ane_groups=4 actual_ane_refs=718 actual_gpu_groups=0 actual_gpu_refs=0 finishes=4 waits=8 overlap_gpu_groups=218
ds4: Flash-MoE async pread canceled queued=0 reading=0 ready=2375 finished=0
ds4: gpu chunked prefill pos=6144 tokens=1024 layer 4 encode=158.429 ms execute=2.568 ms
ds4: Flash-MoE prefill layer=5 tokens=1024 unique=239 refs=6144 sync=14.535 ms plan=0.317 ms stage/compute=123.667 ms misses=239
ds4: Flash-MoE hybrid prefill layer=5 ane_groups=2 ane_refs=643 gpu_i8_groups=0 gpu_i8_refs=0 fp32_groups=0 ane_min_refs=128 concurrent=1 ane_pipeline=1 output_queue=4 async_ane=2 gpu_overlap=237 finishes=2 waits=4
ds4: Flash-MoE overlap plan layer=5 exec_groups=239 planned_ane_groups=2 planned_ane_refs=643 planned_gpu_groups=237 planned_gpu_refs=5501 tail_gpu_groups=0 tail_gpu_refs=0 planned_ssd_groups=239 est_gpu=20669.0 est_ane=327.8 est_idle=98.41% wall=123.303 ms actual_ane_groups=2 actual_ane_refs=643 actual_gpu_groups=0 actual_gpu_refs=0 finishes=2 waits=4 overlap_gpu_groups=237
ds4: Flash-MoE async pread canceled queued=0 reading=0 ready=2377 finished=0
ds4: gpu chunked prefill pos=6144 tokens=1024 layer 5 encode=139.074 ms execute=2.557 ms
ds4: Flash-MoE prefill layer=6 tokens=1024 unique=219 refs=6144 sync=40.212 ms plan=0.310 ms stage/compute=118.394 ms misses=219
ds4: Flash-MoE hybrid prefill layer=6 ane_groups=4 ane_refs=742 gpu_i8_groups=0 gpu_i8_refs=0 fp32_groups=0 ane_min_refs=128 concurrent=1 ane_pipeline=1 output_queue=4 async_ane=4 gpu_overlap=215 finishes=4 waits=8
ds4: Flash-MoE overlap plan layer=6 exec_groups=219 planned_ane_groups=4 planned_ane_refs=742 planned_gpu_groups=215 planned_gpu_refs=5402 tail_gpu_groups=0 tail_gpu_refs=0 planned_ssd_groups=219 est_gpu=19162.0 est_ane=652.9 est_idle=96.59% wall=118.040 ms actual_ane_groups=4 actual_ane_refs=742 actual_gpu_groups=0 actual_gpu_refs=0 finishes=4 waits=8 overlap_gpu_groups=215
ds4: Flash-MoE async pread canceled queued=0 reading=0 ready=2382 finished=0
ds4: gpu chunked prefill pos=6144 tokens=1024 layer 6 encode=159.188 ms execute=2.554 ms
ds4: Flash-MoE prefill layer=7 tokens=1024 unique=220 refs=6144 sync=14.573 ms plan=0.344 ms stage/compute=114.784 ms misses=220
ds4: Flash-MoE hybrid prefill layer=7 ane_groups=4 ane_refs=925 gpu_i8_groups=0 gpu_i8_refs=0 fp32_groups=0 ane_min_refs=128 concurrent=1 ane_pipeline=1 output_queue=4 async_ane=4 gpu_overlap=216 finishes=4 waits=8
ds4: Flash-MoE overlap plan layer=7 exec_groups=220 planned_ane_groups=4 planned_ane_refs=925 planned_gpu_groups=216 planned_gpu_refs=5219 tail_gpu_groups=0 tail_gpu_refs=0 planned_ssd_groups=220 est_gpu=19043.0 est_ane=655.5 est_idle=96.56% wall=114.436 ms actual_ane_groups=4 actual_ane_refs=925 actual_gpu_groups=0 actual_gpu_refs=0 finishes=4 waits=8 overlap_gpu_groups=216
ds4: Flash-MoE async pread canceled queued=0 reading=0 ready=2386 finished=0
ds4: gpu chunked prefill pos=6144 tokens=1024 layer 7 encode=130.246 ms execute=2.561 ms
ds4: Flash-MoE prefill layer=8 tokens=1024 unique=221 refs=6144 sync=40.009 ms plan=0.302 ms stage/compute=115.396 ms misses=221
ds4: Flash-MoE hybrid prefill layer=8 ane_groups=4 ane_refs=1147 gpu_i8_groups=0 gpu_i8_refs=0 fp32_groups=0 ane_min_refs=128 concurrent=1 ane_pipeline=1 output_queue=4 async_ane=4 gpu_overlap=217 finishes=4 waits=8
ds4: Flash-MoE overlap plan layer=8 exec_groups=221 planned_ane_groups=4 planned_ane_refs=1147 planned_gpu_groups=217 planned_gpu_refs=4997 tail_gpu_groups=0 tail_gpu_refs=0 planned_ssd_groups=221 est_gpu=18885.0 est_ane=655.5 est_idle=96.53% wall=114.996 ms actual_ane_groups=4 actual_ane_refs=1147 actual_gpu_groups=0 actual_gpu_refs=0 finishes=4 waits=8 overlap_gpu_groups=217
ds4: Flash-MoE async pread canceled queued=0 reading=0 ready=2395 finished=0
ds4: gpu chunked prefill pos=6144 tokens=1024 layer 8 encode=155.977 ms execute=2.605 ms
ds4: Flash-MoE prefill layer=9 tokens=1024 unique=227 refs=6144 sync=14.550 ms plan=0.383 ms stage/compute=129.711 ms misses=227
ds4: Flash-MoE hybrid prefill layer=9 ane_groups=1 ane_refs=331 gpu_i8_groups=0 gpu_i8_refs=0 fp32_groups=0 ane_min_refs=128 concurrent=1 ane_pipeline=1 output_queue=4 async_ane=1 gpu_overlap=226 finishes=1 waits=2
ds4: Flash-MoE overlap plan layer=9 exec_groups=227 planned_ane_groups=1 planned_ane_refs=331 planned_gpu_groups=226 planned_gpu_refs=5813 tail_gpu_groups=0 tail_gpu_refs=0 planned_ssd_groups=227 est_gpu=20277.0 est_ane=165.2 est_idle=99.19% wall=129.314 ms actual_ane_groups=1 actual_ane_refs=331 actual_gpu_groups=0 actual_gpu_refs=0 finishes=1 waits=2 overlap_gpu_groups=226
ds4: Flash-MoE async pread canceled queued=0 reading=0 ready=2401 finished=0
ds4: gpu chunked prefill pos=6144 tokens=1024 layer 9 encode=145.231 ms execute=2.515 ms
ds4: Flash-MoE prefill layer=10 tokens=1024 unique=217 refs=6144 sync=40.190 ms plan=0.334 ms stage/compute=123.524 ms misses=217
ds4: Flash-MoE hybrid prefill layer=10 ane_groups=4 ane_refs=679 gpu_i8_groups=0 gpu_i8_refs=0 fp32_groups=0 ane_min_refs=128 concurrent=1 ane_pipeline=1 output_queue=4 async_ane=4 gpu_overlap=213 finishes=4 waits=8
ds4: Flash-MoE overlap plan layer=10 exec_groups=217 planned_ane_groups=4 planned_ane_refs=679 planned_gpu_groups=213 planned_gpu_refs=5465 tail_gpu_groups=0 tail_gpu_refs=0 planned_ssd_groups=217 est_gpu=19097.0 est_ane=650.3 est_idle=96.59% wall=123.150 ms actual_ane_groups=4 actual_ane_refs=679 actual_gpu_groups=0 actual_gpu_refs=0 finishes=4 waits=8 overlap_gpu_groups=213
ds4: Flash-MoE async pread canceled queued=0 reading=0 ready=2413 finished=0
ds4: gpu chunked prefill pos=6144 tokens=1024 layer 10 encode=164.325 ms execute=2.592 ms
ds4: Flash-MoE prefill layer=11 tokens=1024 unique=231 refs=6144 sync=14.649 ms plan=0.366 ms stage/compute=132.137 ms misses=231
ds4: Flash-MoE hybrid prefill layer=11 ane_groups=4 ane_refs=715 gpu_i8_groups=0 gpu_i8_refs=0 fp32_groups=0 ane_min_refs=128 concurrent=1 ane_pipeline=1 output_queue=4 async_ane=4 gpu_overlap=227 finishes=4 waits=8
ds4: Flash-MoE overlap plan layer=11 exec_groups=231 planned_ane_groups=4 planned_ane_refs=715 planned_gpu_groups=227 planned_gpu_refs=5429 tail_gpu_groups=0 tail_gpu_refs=0 planned_ssd_groups=231 est_gpu=19957.0 est_ane=652.9 est_idle=96.73% wall=131.766 ms actual_ane_groups=4 actual_ane_refs=715 actual_gpu_groups=0 actual_gpu_refs=0 finishes=4 waits=8 overlap_gpu_groups=227
ds4: Flash-MoE async pread canceled queued=0 reading=0 ready=2419 finished=0
ds4: gpu chunked prefill pos=6144 tokens=1024 layer 11 encode=147.788 ms execute=2.600 ms
ds4: Flash-MoE prefill layer=12 tokens=1024 unique=201 refs=6144 sync=40.880 ms plan=0.366 ms stage/compute=120.413 ms misses=201
ds4: Flash-MoE hybrid prefill layer=12 ane_groups=4 ane_refs=655 gpu_i8_groups=0 gpu_i8_refs=0 fp32_groups=0 ane_min_refs=128 concurrent=1 ane_pipeline=1 output_queue=4 async_ane=4 gpu_overlap=197 finishes=4 waits=8
ds4: Flash-MoE overlap plan layer=12 exec_groups=201 planned_ane_groups=4 planned_ane_refs=655 planned_gpu_groups=197 planned_gpu_refs=5489 tail_gpu_groups=0 tail_gpu_refs=0 planned_ssd_groups=201 est_gpu=18097.0 est_ane=650.3 est_idle=96.41% wall=120.053 ms actual_ane_groups=4 actual_ane_refs=655 actual_gpu_groups=0 actual_gpu_refs=0 finishes=4 waits=8 overlap_gpu_groups=197
ds4: Flash-MoE async pread canceled queued=0 reading=0 ready=2425 finished=0
ds4: gpu chunked prefill pos=6144 tokens=1024 layer 12 encode=162.036 ms execute=2.543 ms
ds4: Flash-MoE prefill layer=13 tokens=1024 unique=213 refs=6144 sync=14.675 ms plan=0.362 ms stage/compute=118.040 ms misses=213
ds4: Flash-MoE hybrid prefill layer=13 ane_groups=7 ane_refs=1251 gpu_i8_groups=0 gpu_i8_refs=0 fp32_groups=0 ane_min_refs=128 concurrent=1 ane_pipeline=1 output_queue=4 async_ane=7 gpu_overlap=206 finishes=7 waits=14
ds4: Flash-MoE overlap plan layer=13 exec_groups=213 planned_ane_groups=7 planned_ane_refs=1251 planned_gpu_groups=206 planned_gpu_refs=4893 tail_gpu_groups=0 tail_gpu_refs=0 planned_ssd_groups=213 est_gpu=18077.0 est_ane=1140.7 est_idle=93.69% wall=117.658 ms actual_ane_groups=7 actual_ane_refs=1251 actual_gpu_groups=0 actual_gpu_refs=0 finishes=7 waits=14 overlap_gpu_groups=206
ds4: Flash-MoE async pread canceled queued=0 reading=0 ready=2431 finished=0
ds4: gpu chunked prefill pos=6144 tokens=1024 layer 13 encode=133.631 ms execute=2.541 ms
ds4: Flash-MoE prefill layer=14 tokens=1024 unique=210 refs=6144 sync=40.667 ms plan=0.344 ms stage/compute=106.128 ms misses=210
ds4: Flash-MoE hybrid prefill layer=14 ane_groups=6 ane_refs=1137 gpu_i8_groups=0 gpu_i8_refs=0 fp32_groups=0 ane_min_refs=128 concurrent=1 ane_pipeline=1 output_queue=4 async_ane=6 gpu_overlap=204 finishes=6 waits=12
ds4: Flash-MoE overlap plan layer=14 exec_groups=210 planned_ane_groups=6 planned_ane_refs=1137 planned_gpu_groups=204 planned_gpu_refs=5007 tail_gpu_groups=0 tail_gpu_refs=0 planned_ssd_groups=210 est_gpu=18063.0 est_ane=978.1 est_idle=94.59% wall=105.786 ms actual_ane_groups=6 actual_ane_refs=1137 actual_gpu_groups=0 actual_gpu_refs=0 finishes=6 waits=12 overlap_gpu_groups=204
ds4: Flash-MoE async pread canceled queued=0 reading=0 ready=2440 finished=0
ds4: gpu chunked prefill pos=6144 tokens=1024 layer 14 encode=147.454 ms execute=2.527 ms
ds4: Flash-MoE prefill layer=15 tokens=1024 unique=203 refs=6144 sync=14.507 ms plan=0.288 ms stage/compute=102.128 ms misses=203
ds4: Flash-MoE hybrid prefill layer=15 ane_groups=7 ane_refs=1288 gpu_i8_groups=0 gpu_i8_refs=0 fp32_groups=0 ane_min_refs=128 concurrent=1 ane_pipeline=1 output_queue=4 async_ane=7 gpu_overlap=196 finishes=7 waits=14
ds4: Flash-MoE overlap plan layer=15 exec_groups=203 planned_ane_groups=7 planned_ane_refs=1288 planned_gpu_groups=196 planned_gpu_refs=4856 tail_gpu_groups=0 tail_gpu_refs=0 planned_ssd_groups=203 est_gpu=17400.0 est_ane=1138.1 est_idle=93.46% wall=101.796 ms actual_ane_groups=7 actual_ane_refs=1288 actual_gpu_groups=0 actual_gpu_refs=0 finishes=7 waits=14 overlap_gpu_groups=196
ds4: Flash-MoE async pread canceled queued=0 reading=0 ready=2450 finished=0
ds4: gpu chunked prefill pos=6144 tokens=1024 layer 15 encode=117.470 ms execute=2.552 ms
ds4: Flash-MoE prefill layer=16 tokens=1024 unique=196 refs=6144 sync=40.151 ms plan=0.342 ms stage/compute=101.656 ms misses=196
ds4: Flash-MoE hybrid prefill layer=16 ane_groups=3 ane_refs=969 gpu_i8_groups=0 gpu_i8_refs=0 fp32_groups=0 ane_min_refs=128 concurrent=1 ane_pipeline=1 output_queue=4 async_ane=3 gpu_overlap=193 finishes=3 waits=6
ds4: Flash-MoE overlap plan layer=16 exec_groups=196 planned_ane_groups=3 planned_ane_refs=969 planned_gpu_groups=193 planned_gpu_refs=5175 tail_gpu_groups=0 tail_gpu_refs=0 planned_ssd_groups=196 est_gpu=17527.0 est_ane=492.9 est_idle=97.19% wall=101.298 ms actual_ane_groups=3 actual_ane_refs=969 actual_gpu_groups=0 actual_gpu_refs=0 finishes=3 waits=6 overlap_gpu_groups=193
ds4: Flash-MoE async pread canceled queued=0 reading=0 ready=2459 finished=0
ds4: gpu chunked prefill pos=6144 tokens=1024 layer 16 encode=142.454 ms execute=2.627 ms
ds4: Flash-MoE prefill layer=17 tokens=1024 unique=206 refs=6144 sync=14.741 ms plan=0.331 ms stage/compute=105.489 ms misses=206
ds4: Flash-MoE hybrid prefill layer=17 ane_groups=4 ane_refs=1130 gpu_i8_groups=0 gpu_i8_refs=0 fp32_groups=0 ane_min_refs=128 concurrent=1 ane_pipeline=1 output_queue=4 async_ane=4 gpu_overlap=202 finishes=4 waits=8
ds4: Flash-MoE overlap plan layer=17 exec_groups=206 planned_ane_groups=4 planned_ane_refs=1130 planned_gpu_groups=202 planned_gpu_refs=5014 tail_gpu_groups=0 tail_gpu_refs=0 planned_ssd_groups=206 est_gpu=17942.0 est_ane=655.5 est_idle=96.35% wall=105.115 ms actual_ane_groups=4 actual_ane_refs=1130 actual_gpu_groups=0 actual_gpu_refs=0 finishes=4 waits=8 overlap_gpu_groups=202
ds4: Flash-MoE async pread canceled queued=0 reading=0 ready=2470 finished=0
ds4: gpu chunked prefill pos=6144 tokens=1024 layer 17 encode=121.181 ms execute=2.603 ms
ds4: Flash-MoE prefill layer=18 tokens=1024 unique=189 refs=6144 sync=40.104 ms plan=0.336 ms stage/compute=96.925 ms misses=189
ds4: Flash-MoE hybrid prefill layer=18 ane_groups=6 ane_refs=1641 gpu_i8_groups=0 gpu_i8_refs=0 fp32_groups=0 ane_min_refs=128 concurrent=1 ane_pipeline=1 output_queue=4 async_ane=6 gpu_overlap=183 finishes=6 waits=12
ds4: Flash-MoE overlap plan layer=18 exec_groups=189 planned_ane_groups=6 planned_ane_refs=1641 planned_gpu_groups=183 planned_gpu_refs=4503 tail_gpu_groups=0 tail_gpu_refs=0 planned_ssd_groups=189 est_gpu=16215.0 est_ane=983.3 est_idle=93.94% wall=96.604 ms actual_ane_groups=6 actual_ane_refs=1641 actual_gpu_groups=0 actual_gpu_refs=0 finishes=6 waits=12 overlap_gpu_groups=183
ds4: Flash-MoE async pread canceled queued=0 reading=0 ready=2487 finished=0
ds4: gpu chunked prefill pos=6144 tokens=1024 layer 18 encode=137.642 ms execute=2.592 ms
ds4: Flash-MoE prefill layer=19 tokens=1024 unique=222 refs=6144 sync=14.561 ms plan=0.374 ms stage/compute=120.435 ms misses=222
ds4: Flash-MoE hybrid prefill layer=19 ane_groups=4 ane_refs=703 gpu_i8_groups=0 gpu_i8_refs=0 fp32_groups=0 ane_min_refs=128 concurrent=1 ane_pipeline=1 output_queue=4 async_ane=4 gpu_overlap=218 finishes=4 waits=8
ds4: Flash-MoE overlap plan layer=19 exec_groups=222 planned_ane_groups=4 planned_ane_refs=703 planned_gpu_groups=218 planned_gpu_refs=5441 tail_gpu_groups=0 tail_gpu_refs=0 planned_ssd_groups=222 est_gpu=19393.0 est_ane=650.3 est_idle=96.65% wall=120.051 ms actual_ane_groups=4 actual_ane_refs=703 actual_gpu_groups=0 actual_gpu_refs=0 finishes=4 waits=8 overlap_gpu_groups=218
ds4: Flash-MoE async pread canceled queued=0 reading=0 ready=2490 finished=0
ds4: gpu chunked prefill pos=6144 tokens=1024 layer 19 encode=135.916 ms execute=2.580 ms
ds4: Flash-MoE prefill layer=20 tokens=1024 unique=191 refs=6144 sync=40.400 ms plan=0.327 ms stage/compute=100.331 ms misses=191
ds4: Flash-MoE hybrid prefill layer=20 ane_groups=4 ane_refs=1026 gpu_i8_groups=0 gpu_i8_refs=0 fp32_groups=0 ane_min_refs=128 concurrent=1 ane_pipeline=1 output_queue=4 async_ane=4 gpu_overlap=187 finishes=4 waits=8
ds4: Flash-MoE overlap plan layer=20 exec_groups=191 planned_ane_groups=4 planned_ane_refs=1026 planned_gpu_groups=187 planned_gpu_refs=5118 tail_gpu_groups=0 tail_gpu_refs=0 planned_ssd_groups=191 est_gpu=17086.0 est_ane=655.5 est_idle=96.16% wall=100.003 ms actual_ane_groups=4 actual_ane_refs=1026 actual_gpu_groups=0 actual_gpu_refs=0 finishes=4 waits=8 overlap_gpu_groups=187
ds4: Flash-MoE async pread canceled queued=0 reading=0 ready=2503 finished=0
ds4: gpu chunked prefill pos=6144 tokens=1024 layer 20 encode=141.351 ms execute=2.580 ms
ds4: Flash-MoE prefill layer=21 tokens=1024 unique=202 refs=6144 sync=14.468 ms plan=0.282 ms stage/compute=107.529 ms misses=202
ds4: Flash-MoE hybrid prefill layer=21 ane_groups=4 ane_refs=891 gpu_i8_groups=0 gpu_i8_refs=0 fp32_groups=0 ane_min_refs=128 concurrent=1 ane_pipeline=1 output_queue=4 async_ane=4 gpu_overlap=198 finishes=4 waits=8
ds4: Flash-MoE overlap plan layer=21 exec_groups=202 planned_ane_groups=4 planned_ane_refs=891 planned_gpu_groups=198 planned_gpu_refs=5253 tail_gpu_groups=0 tail_gpu_refs=0 planned_ssd_groups=202 est_gpu=17925.0 est_ane=652.9 est_idle=96.36% wall=107.193 ms actual_ane_groups=4 actual_ane_refs=891 actual_gpu_groups=0 actual_gpu_refs=0 finishes=4 waits=8 overlap_gpu_groups=198
ds4: Flash-MoE async pread canceled queued=0 reading=0 ready=2512 finished=0
ds4: gpu chunked prefill pos=6144 tokens=1024 layer 21 encode=122.819 ms execute=2.576 ms
ds4: Flash-MoE prefill layer=22 tokens=1024 unique=205 refs=6144 sync=40.052 ms plan=0.343 ms stage/compute=106.739 ms misses=205
ds4: Flash-MoE hybrid prefill layer=22 ane_groups=6 ane_refs=1076 gpu_i8_groups=0 gpu_i8_refs=0 fp32_groups=0 ane_min_refs=128 concurrent=1 ane_pipeline=1 output_queue=4 async_ane=6 gpu_overlap=199 finishes=6 waits=12
ds4: Flash-MoE overlap plan layer=22 exec_groups=205 planned_ane_groups=6 planned_ane_refs=1076 planned_gpu_groups=199 planned_gpu_refs=5068 tail_gpu_groups=0 tail_gpu_refs=0 planned_ssd_groups=205 est_gpu=17804.0 est_ane=975.5 est_idle=94.52% wall=106.372 ms actual_ane_groups=6 actual_ane_refs=1076 actual_gpu_groups=0 actual_gpu_refs=0 finishes=6 waits=12 overlap_gpu_groups=199
ds4: Flash-MoE async pread canceled queued=0 reading=0 ready=2518 finished=0
ds4: gpu chunked prefill pos=6144 tokens=1024 layer 22 encode=147.428 ms execute=2.560 ms
ds4: Flash-MoE prefill layer=23 tokens=1024 unique=217 refs=6144 sync=14.524 ms plan=0.335 ms stage/compute=116.098 ms misses=217
ds4: Flash-MoE hybrid prefill layer=23 ane_groups=2 ane_refs=398 gpu_i8_groups=0 gpu_i8_refs=0 fp32_groups=0 ane_min_refs=128 concurrent=1 ane_pipeline=1 output_queue=4 async_ane=2 gpu_overlap=215 finishes=2 waits=4
ds4: Flash-MoE overlap plan layer=23 exec_groups=217 planned_ane_groups=2 planned_ane_refs=398 planned_gpu_groups=215 planned_gpu_refs=5746 tail_gpu_groups=0 tail_gpu_refs=0 planned_ssd_groups=217 est_gpu=19506.0 est_ane=325.2 est_idle=98.33% wall=115.751 ms actual_ane_groups=2 actual_ane_refs=398 actual_gpu_groups=0 actual_gpu_refs=0 finishes=2 waits=4 overlap_gpu_groups=215
ds4: Flash-MoE async pread canceled queued=0 reading=0 ready=2526 finished=0
ds4: gpu chunked prefill pos=6144 tokens=1024 layer 23 encode=131.519 ms execute=2.541 ms
ds4: Flash-MoE prefill layer=24 tokens=1024 unique=198 refs=6144 sync=40.030 ms plan=0.379 ms stage/compute=106.656 ms misses=198
ds4: Flash-MoE hybrid prefill layer=24 ane_groups=5 ane_refs=957 gpu_i8_groups=0 gpu_i8_refs=0 fp32_groups=0 ane_min_refs=128 concurrent=1 ane_pipeline=1 output_queue=4 async_ane=5 gpu_overlap=193 finishes=5 waits=10
ds4: Flash-MoE overlap plan layer=24 exec_groups=198 planned_ane_groups=5 planned_ane_refs=957 planned_gpu_groups=193 planned_gpu_refs=5187 tail_gpu_groups=0 tail_gpu_refs=0 planned_ssd_groups=198 est_gpu=17539.0 est_ane=815.5 est_idle=95.35% wall=106.336 ms actual_ane_groups=5 actual_ane_refs=957 actual_gpu_groups=0 actual_gpu_refs=0 finishes=5 waits=10 overlap_gpu_groups=193
ds4: Flash-MoE async pread canceled queued=0 reading=0 ready=2532 finished=0
ds4: gpu chunked prefill pos=6144 tokens=1024 layer 24 encode=147.347 ms execute=2.591 ms
ds4: Flash-MoE prefill layer=25 tokens=1024 unique=204 refs=6144 sync=14.653 ms plan=0.312 ms stage/compute=110.177 ms misses=204
ds4: Flash-MoE hybrid prefill layer=25 ane_groups=4 ane_refs=699 gpu_i8_groups=0 gpu_i8_refs=0 fp32_groups=0 ane_min_refs=128 concurrent=1 ane_pipeline=1 output_queue=4 async_ane=4 gpu_overlap=200 finishes=4 waits=8
ds4: Flash-MoE overlap plan layer=25 exec_groups=204 planned_ane_groups=4 planned_ane_refs=699 planned_gpu_groups=200 planned_gpu_refs=5445 tail_gpu_groups=0 tail_gpu_refs=0 planned_ssd_groups=204 est_gpu=18245.0 est_ane=652.9 est_idle=96.42% wall=109.827 ms actual_ane_groups=4 actual_ane_refs=699 actual_gpu_groups=0 actual_gpu_refs=0 finishes=4 waits=8 overlap_gpu_groups=200
ds4: Flash-MoE async pread canceled queued=0 reading=0 ready=2545 finished=0
ds4: gpu chunked prefill pos=6144 tokens=1024 layer 25 encode=125.701 ms execute=2.573 ms
ds4: Flash-MoE prefill layer=26 tokens=1024 unique=199 refs=6144 sync=39.873 ms plan=0.347 ms stage/compute=102.765 ms misses=199
ds4: Flash-MoE hybrid prefill layer=26 ane_groups=5 ane_refs=1252 gpu_i8_groups=0 gpu_i8_refs=0 fp32_groups=0 ane_min_refs=128 concurrent=1 ane_pipeline=1 output_queue=4 async_ane=5 gpu_overlap=194 finishes=5 waits=10
ds4: Flash-MoE overlap plan layer=26 exec_groups=199 planned_ane_groups=5 planned_ane_refs=1252 planned_gpu_groups=194 planned_gpu_refs=4892 tail_gpu_groups=0 tail_gpu_refs=0 planned_ssd_groups=199 est_gpu=17308.0 est_ane=818.1 est_idle=95.27% wall=102.403 ms actual_ane_groups=5 actual_ane_refs=1252 actual_gpu_groups=0 actual_gpu_refs=0 finishes=5 waits=10 overlap_gpu_groups=194
ds4: Flash-MoE async pread canceled queued=0 reading=0 ready=2555 finished=0
ds4: gpu chunked prefill pos=6144 tokens=1024 layer 26 encode=143.291 ms execute=2.657 ms
ds4: Flash-MoE prefill layer=27 tokens=1024 unique=209 refs=6144 sync=14.457 ms plan=0.331 ms stage/compute=110.224 ms misses=209
ds4: Flash-MoE hybrid prefill layer=27 ane_groups=5 ane_refs=947 gpu_i8_groups=0 gpu_i8_refs=0 fp32_groups=0 ane_min_refs=128 concurrent=1 ane_pipeline=1 output_queue=4 async_ane=5 gpu_overlap=204 finishes=5 waits=10
ds4: Flash-MoE overlap plan layer=27 exec_groups=209 planned_ane_groups=5 planned_ane_refs=947 planned_gpu_groups=204 planned_gpu_refs=5197 tail_gpu_groups=0 tail_gpu_refs=0 planned_ssd_groups=209 est_gpu=18253.0 est_ane=815.5 est_idle=95.53% wall=109.874 ms actual_ane_groups=5 actual_ane_refs=947 actual_gpu_groups=0 actual_gpu_refs=0 finishes=5 waits=10 overlap_gpu_groups=204
ds4: Flash-MoE async pread canceled queued=0 reading=0 ready=2567 finished=0
ds4: gpu chunked prefill pos=6144 tokens=1024 layer 27 encode=125.624 ms execute=2.622 ms
ds4: Flash-MoE prefill layer=28 tokens=1024 unique=201 refs=6144 sync=40.920 ms plan=0.318 ms stage/compute=108.284 ms misses=201
ds4: Flash-MoE hybrid prefill layer=28 ane_groups=4 ane_refs=863 gpu_i8_groups=0 gpu_i8_refs=0 fp32_groups=0 ane_min_refs=128 concurrent=1 ane_pipeline=1 output_queue=4 async_ane=4 gpu_overlap=197 finishes=4 waits=8
ds4: Flash-MoE overlap plan layer=28 exec_groups=201 planned_ane_groups=4 planned_ane_refs=863 planned_gpu_groups=197 planned_gpu_refs=5281 tail_gpu_groups=0 tail_gpu_refs=0 planned_ssd_groups=201 est_gpu=17889.0 est_ane=652.9 est_idle=96.35% wall=107.961 ms actual_ane_groups=4 actual_ane_refs=863 actual_gpu_groups=0 actual_gpu_refs=0 finishes=4 waits=8 overlap_gpu_groups=197
ds4: Flash-MoE async pread canceled queued=0 reading=0 ready=2578 finished=0
ds4: gpu chunked prefill pos=6144 tokens=1024 layer 28 encode=149.817 ms execute=2.551 ms
ds4: Flash-MoE prefill layer=29 tokens=1024 unique=194 refs=6144 sync=14.455 ms plan=0.349 ms stage/compute=104.027 ms misses=194
ds4: Flash-MoE hybrid prefill layer=29 ane_groups=5 ane_refs=926 gpu_i8_groups=0 gpu_i8_refs=0 fp32_groups=0 ane_min_refs=128 concurrent=1 ane_pipeline=1 output_queue=4 async_ane=5 gpu_overlap=189 finishes=5 waits=10
ds4: Flash-MoE overlap plan layer=29 exec_groups=194 planned_ane_groups=5 planned_ane_refs=926 planned_gpu_groups=189 planned_gpu_refs=5218 tail_gpu_groups=0 tail_gpu_refs=0 planned_ssd_groups=194 est_gpu=17314.0 est_ane=812.9 est_idle=95.30% wall=103.662 ms actual_ane_groups=5 actual_ane_refs=926 actual_gpu_groups=0 actual_gpu_refs=0 finishes=5 waits=10 overlap_gpu_groups=189
ds4: Flash-MoE async pread canceled queued=0 reading=0 ready=2592 finished=0
ds4: gpu chunked prefill pos=6144 tokens=1024 layer 29 encode=119.365 ms execute=2.528 ms
ds4: Flash-MoE prefill layer=30 tokens=1024 unique=209 refs=6144 sync=40.659 ms plan=0.311 ms stage/compute=111.897 ms misses=209
ds4: Flash-MoE hybrid prefill layer=30 ane_groups=3 ane_refs=515 gpu_i8_groups=0 gpu_i8_refs=0 fp32_groups=0 ane_min_refs=128 concurrent=1 ane_pipeline=1 output_queue=4 async_ane=3 gpu_overlap=206 finishes=3 waits=6
ds4: Flash-MoE overlap plan layer=30 exec_groups=209 planned_ane_groups=3 planned_ane_refs=515 planned_gpu_groups=206 planned_gpu_refs=5629 tail_gpu_groups=0 tail_gpu_refs=0 planned_ssd_groups=209 est_gpu=18813.0 est_ane=487.8 est_idle=97.41% wall=111.522 ms actual_ane_groups=3 actual_ane_refs=515 actual_gpu_groups=0 actual_gpu_refs=0 finishes=3 waits=6 overlap_gpu_groups=206
ds4: Flash-MoE async pread canceled queued=0 reading=0 ready=2600 finished=0
ds4: gpu chunked prefill pos=6144 tokens=1024 layer 30 encode=153.150 ms execute=2.513 ms
ds4: Flash-MoE prefill layer=31 tokens=1024 unique=207 refs=6144 sync=14.418 ms plan=0.360 ms stage/compute=109.007 ms misses=207
ds4: Flash-MoE hybrid prefill layer=31 ane_groups=4 ane_refs=686 gpu_i8_groups=0 gpu_i8_refs=0 fp32_groups=0 ane_min_refs=128 concurrent=1 ane_pipeline=1 output_queue=4 async_ane=4 gpu_overlap=203 finishes=4 waits=8
ds4: Flash-MoE overlap plan layer=31 exec_groups=207 planned_ane_groups=4 planned_ane_refs=686 planned_gpu_groups=203 planned_gpu_refs=5458 tail_gpu_groups=0 tail_gpu_refs=0 planned_ssd_groups=207 est_gpu=18450.0 est_ane=650.3 est_idle=96.48% wall=108.634 ms actual_ane_groups=4 actual_ane_refs=686 actual_gpu_groups=0 actual_gpu_refs=0 finishes=4 waits=8 overlap_gpu_groups=203
ds4: Flash-MoE async pread canceled queued=0 reading=0 ready=2610 finished=0
ds4: gpu chunked prefill pos=6144 tokens=1024 layer 31 encode=124.336 ms execute=2.543 ms
ds4: Flash-MoE prefill layer=32 tokens=1024 unique=202 refs=6144 sync=40.074 ms plan=0.300 ms stage/compute=106.162 ms misses=202
ds4: Flash-MoE hybrid prefill layer=32 ane_groups=5 ane_refs=926 gpu_i8_groups=0 gpu_i8_refs=0 fp32_groups=0 ane_min_refs=128 concurrent=1 ane_pipeline=1 output_queue=4 async_ane=5 gpu_overlap=197 finishes=5 waits=10
ds4: Flash-MoE overlap plan layer=32 exec_groups=202 planned_ane_groups=5 planned_ane_refs=926 planned_gpu_groups=197 planned_gpu_refs=5218 tail_gpu_groups=0 tail_gpu_refs=0 planned_ssd_groups=202 est_gpu=17826.0 est_ane=812.9 est_idle=95.44% wall=105.826 ms actual_ane_groups=5 actual_ane_refs=926 actual_gpu_groups=0 actual_gpu_refs=0 finishes=5 waits=10 overlap_gpu_groups=197
ds4: Flash-MoE async pread canceled queued=0 reading=0 ready=2621 finished=0
ds4: gpu chunked prefill pos=6144 tokens=1024 layer 32 encode=146.810 ms execute=2.581 ms
ds4: Flash-MoE prefill layer=33 tokens=1024 unique=193 refs=6144 sync=14.506 ms plan=0.353 ms stage/compute=102.487 ms misses=193
ds4: Flash-MoE hybrid prefill layer=33 ane_groups=7 ane_refs=1300 gpu_i8_groups=0 gpu_i8_refs=0 fp32_groups=0 ane_min_refs=128 concurrent=1 ane_pipeline=1 output_queue=4 async_ane=7 gpu_overlap=186 finishes=7 waits=14
ds4: Flash-MoE overlap plan layer=33 exec_groups=193 planned_ane_groups=7 planned_ane_refs=1300 planned_gpu_groups=186 planned_gpu_refs=4844 tail_gpu_groups=0 tail_gpu_refs=0 planned_ssd_groups=193 est_gpu=16748.0 est_ane=1140.7 est_idle=93.19% wall=102.155 ms actual_ane_groups=7 actual_ane_refs=1300 actual_gpu_groups=0 actual_gpu_refs=0 finishes=7 waits=14 overlap_gpu_groups=186
ds4: Flash-MoE async pread canceled queued=0 reading=0 ready=2635 finished=0
ds4: gpu chunked prefill pos=6144 tokens=1024 layer 33 encode=117.940 ms execute=2.525 ms
ds4: Flash-MoE prefill layer=34 tokens=1024 unique=193 refs=6144 sync=39.926 ms plan=0.311 ms stage/compute=100.097 ms misses=193
ds4: Flash-MoE hybrid prefill layer=34 ane_groups=5 ane_refs=1368 gpu_i8_groups=0 gpu_i8_refs=0 fp32_groups=0 ane_min_refs=128 concurrent=1 ane_pipeline=1 output_queue=4 async_ane=5 gpu_overlap=188 finishes=5 waits=10
ds4: Flash-MoE overlap plan layer=34 exec_groups=193 planned_ane_groups=5 planned_ane_refs=1368 planned_gpu_groups=188 planned_gpu_refs=4776 tail_gpu_groups=0 tail_gpu_refs=0 planned_ssd_groups=193 est_gpu=16808.0 est_ane=818.1 est_idle=95.13% wall=99.737 ms actual_ane_groups=5 actual_ane_refs=1368 actual_gpu_groups=0 actual_gpu_refs=0 finishes=5 waits=10 overlap_gpu_groups=188
ds4: Flash-MoE async pread canceled queued=0 reading=0 ready=2648 finished=0
ds4: gpu chunked prefill pos=6144 tokens=1024 layer 34 encode=140.598 ms execute=2.617 ms
ds4: Flash-MoE prefill layer=35 tokens=1024 unique=202 refs=6144 sync=14.440 ms plan=0.333 ms stage/compute=104.269 ms misses=202
ds4: Flash-MoE hybrid prefill layer=35 ane_groups=7 ane_refs=1335 gpu_i8_groups=0 gpu_i8_refs=0 fp32_groups=0 ane_min_refs=128 concurrent=1 ane_pipeline=1 output_queue=4 async_ane=7 gpu_overlap=195 finishes=7 waits=14
ds4: Flash-MoE overlap plan layer=35 exec_groups=202 planned_ane_groups=7 planned_ane_refs=1335 planned_gpu_groups=195 planned_gpu_refs=4809 tail_gpu_groups=0 tail_gpu_refs=0 planned_ssd_groups=202 est_gpu=17289.0 est_ane=1140.7 est_idle=93.40% wall=103.926 ms actual_ane_groups=7 actual_ane_refs=1335 actual_gpu_groups=0 actual_gpu_refs=0 finishes=7 waits=14 overlap_gpu_groups=195
ds4: Flash-MoE async pread canceled queued=0 reading=0 ready=2659 finished=0
ds4: gpu chunked prefill pos=6144 tokens=1024 layer 35 encode=119.570 ms execute=2.639 ms
ds4: Flash-MoE prefill layer=36 tokens=1024 unique=207 refs=6144 sync=40.292 ms plan=0.288 ms stage/compute=103.818 ms misses=207
ds4: Flash-MoE hybrid prefill layer=36 ane_groups=7 ane_refs=1578 gpu_i8_groups=0 gpu_i8_refs=0 fp32_groups=0 ane_min_refs=128 concurrent=1 ane_pipeline=1 output_queue=4 async_ane=7 gpu_overlap=200 finishes=7 waits=14
ds4: Flash-MoE overlap plan layer=36 exec_groups=207 planned_ane_groups=7 planned_ane_refs=1578 planned_gpu_groups=200 planned_gpu_refs=4566 tail_gpu_groups=0 tail_gpu_refs=0 planned_ssd_groups=207 est_gpu=17366.0 est_ane=1143.3 est_idle=93.42% wall=103.401 ms actual_ane_groups=7 actual_ane_refs=1578 actual_gpu_groups=0 actual_gpu_refs=0 finishes=7 waits=14 overlap_gpu_groups=200
ds4: Flash-MoE async pread canceled queued=0 reading=0 ready=2665 finished=0
ds4: gpu chunked prefill pos=6144 tokens=1024 layer 36 encode=144.737 ms execute=2.549 ms
ds4: Flash-MoE prefill layer=37 tokens=1024 unique=201 refs=6144 sync=14.463 ms plan=0.296 ms stage/compute=103.923 ms misses=201
ds4: Flash-MoE hybrid prefill layer=37 ane_groups=5 ane_refs=1243 gpu_i8_groups=0 gpu_i8_refs=0 fp32_groups=0 ane_min_refs=128 concurrent=1 ane_pipeline=1 output_queue=4 async_ane=5 gpu_overlap=196 finishes=5 waits=10
ds4: Flash-MoE overlap plan layer=37 exec_groups=201 planned_ane_groups=5 planned_ane_refs=1243 planned_gpu_groups=196 planned_gpu_refs=4901 tail_gpu_groups=0 tail_gpu_refs=0 planned_ssd_groups=201 est_gpu=17445.0 est_ane=815.5 est_idle=95.33% wall=103.562 ms actual_ane_groups=5 actual_ane_refs=1243 actual_gpu_groups=0 actual_gpu_refs=0 finishes=5 waits=10 overlap_gpu_groups=196
ds4: Flash-MoE async pread canceled queued=0 reading=0 ready=2680 finished=0
ds4: gpu chunked prefill pos=6144 tokens=1024 layer 37 encode=119.259 ms execute=2.587 ms
ds4: Flash-MoE prefill layer=38 tokens=1024 unique=207 refs=6144 sync=40.335 ms plan=0.322 ms stage/compute=109.060 ms misses=207
ds4: Flash-MoE hybrid prefill layer=38 ane_groups=5 ane_refs=1170 gpu_i8_groups=0 gpu_i8_refs=0 fp32_groups=0 ane_min_refs=128 concurrent=1 ane_pipeline=1 output_queue=4 async_ane=5 gpu_overlap=202 finishes=5 waits=10
ds4: Flash-MoE overlap plan layer=38 exec_groups=207 planned_ane_groups=5 planned_ane_refs=1170 planned_gpu_groups=202 planned_gpu_refs=4974 tail_gpu_groups=0 tail_gpu_refs=0 planned_ssd_groups=207 est_gpu=17902.0 est_ane=815.5 est_idle=95.44% wall=108.705 ms actual_ane_groups=5 actual_ane_refs=1170 actual_gpu_groups=0 actual_gpu_refs=0 finishes=5 waits=10 overlap_gpu_groups=202
ds4: Flash-MoE async pread canceled queued=0 reading=0 ready=2694 finished=0
ds4: gpu chunked prefill pos=6144 tokens=1024 layer 38 encode=150.033 ms execute=2.523 ms
ds4: Flash-MoE prefill layer=39 tokens=1024 unique=207 refs=6144 sync=14.458 ms plan=0.302 ms stage/compute=106.378 ms misses=207
ds4: Flash-MoE hybrid prefill layer=39 ane_groups=7 ane_refs=1256 gpu_i8_groups=0 gpu_i8_refs=0 fp32_groups=0 ane_min_refs=128 concurrent=1 ane_pipeline=1 output_queue=4 async_ane=7 gpu_overlap=200 finishes=7 waits=14
ds4: Flash-MoE overlap plan layer=39 exec_groups=207 planned_ane_groups=7 planned_ane_refs=1256 planned_gpu_groups=200 planned_gpu_refs=4888 tail_gpu_groups=0 tail_gpu_refs=0 planned_ssd_groups=207 est_gpu=17688.0 est_ane=1138.1 est_idle=93.57% wall=105.998 ms actual_ane_groups=7 actual_ane_refs=1256 actual_gpu_groups=0 actual_gpu_refs=0 finishes=7 waits=14 overlap_gpu_groups=200
ds4: Flash-MoE async pread canceled queued=0 reading=0 ready=2705 finished=0
ds4: gpu chunked prefill pos=6144 tokens=1024 layer 39 encode=121.662 ms execute=2.559 ms
ds4: Flash-MoE prefill layer=40 tokens=1024 unique=155 refs=6144 sync=40.078 ms plan=0.319 ms stage/compute=86.432 ms misses=155
ds4: Flash-MoE hybrid prefill layer=40 ane_groups=7 ane_refs=2021 gpu_i8_groups=0 gpu_i8_refs=0 fp32_groups=0 ane_min_refs=128 concurrent=1 ane_pipeline=1 output_queue=4 async_ane=7 gpu_overlap=148 finishes=7 waits=14
ds4: Flash-MoE overlap plan layer=40 exec_groups=155 planned_ane_groups=7 planned_ane_refs=2021 planned_gpu_groups=148 planned_gpu_refs=4123 tail_gpu_groups=0 tail_gpu_refs=0 planned_ssd_groups=155 est_gpu=13595.0 est_ane=1148.4 est_idle=91.55% wall=86.126 ms actual_ane_groups=7 actual_ane_refs=2021 actual_gpu_groups=0 actual_gpu_refs=0 finishes=7 waits=14 overlap_gpu_groups=148
ds4: Flash-MoE async pread canceled queued=0 reading=0 ready=2725 finished=0
ds4: gpu chunked prefill pos=6144 tokens=1024 layer 40 encode=127.123 ms execute=2.498 ms
ds4: Flash-MoE prefill layer=41 tokens=1024 unique=181 refs=6144 sync=14.463 ms plan=0.345 ms stage/compute=98.038 ms misses=181
ds4: Flash-MoE hybrid prefill layer=41 ane_groups=5 ane_refs=949 gpu_i8_groups=0 gpu_i8_refs=0 fp32_groups=0 ane_min_refs=128 concurrent=1 ane_pipeline=1 output_queue=4 async_ane=5 gpu_overlap=176 finishes=5 waits=10
ds4: Flash-MoE overlap plan layer=41 exec_groups=181 planned_ane_groups=5 planned_ane_refs=949 planned_gpu_groups=176 planned_gpu_refs=5195 tail_gpu_groups=0 tail_gpu_refs=0 planned_ssd_groups=181 est_gpu=16459.0 est_ane=815.5 est_idle=95.05% wall=97.698 ms actual_ane_groups=5 actual_ane_refs=949 actual_gpu_groups=0 actual_gpu_refs=0 finishes=5 waits=10 overlap_gpu_groups=176
ds4: Flash-MoE async pread canceled queued=0 reading=0 ready=2739 finished=0
ds4: gpu chunked prefill pos=6144 tokens=1024 layer 41 encode=113.372 ms execute=2.553 ms
ds4: Flash-MoE prefill layer=42 tokens=1024 unique=192 refs=6144 sync=40.034 ms plan=0.405 ms stage/compute=103.185 ms misses=192
ds4: Flash-MoE hybrid prefill layer=42 ane_groups=3 ane_refs=865 gpu_i8_groups=0 gpu_i8_refs=0 fp32_groups=0 ane_min_refs=128 concurrent=1 ane_pipeline=1 output_queue=4 async_ane=3 gpu_overlap=189 finishes=3 waits=6
ds4: Flash-MoE overlap plan layer=42 exec_groups=192 planned_ane_groups=3 planned_ane_refs=865 planned_gpu_groups=189 planned_gpu_refs=5279 tail_gpu_groups=0 tail_gpu_refs=0 planned_ssd_groups=192 est_gpu=17375.0 est_ane=490.3 est_idle=97.18% wall=102.840 ms actual_ane_groups=3 actual_ane_refs=865 actual_gpu_groups=0 actual_gpu_refs=0 finishes=3 waits=6 overlap_gpu_groups=189
ds4: Flash-MoE async pread canceled queued=0 reading=0 ready=2753 finished=0
ds4: gpu chunked prefill pos=6144 tokens=1024 layer 42 encode=143.888 ms execute=2.464 ms
processing 8423 input tokens: 7168/8423 (85.1%) batch=166.53 t/s avg=171.18 t/s
ds4: Flash-MoE prefill layer=0 tokens=1024 unique=256 refs=6144 sync=12.211 ms plan=0.323 ms stage/compute=148.832 ms misses=256
ds4: Flash-MoE hybrid prefill layer=0 ane_groups=0 ane_refs=0 gpu_i8_groups=0 gpu_i8_refs=0 fp32_groups=0 ane_min_refs=128 concurrent=1 ane_pipeline=1 output_queue=4 async_ane=0 gpu_overlap=0 finishes=0 waits=0
ds4: Flash-MoE overlap plan layer=0 exec_groups=256 planned_ane_groups=0 planned_ane_refs=0 planned_gpu_groups=256 planned_gpu_refs=6144 tail_gpu_groups=0 tail_gpu_refs=0 planned_ssd_groups=256 est_gpu=22528.0 est_ane=0.0 est_idle=100.00% wall=148.402 ms actual_ane_groups=0 actual_ane_refs=0 actual_gpu_groups=0 actual_gpu_refs=0 finishes=0 waits=0 overlap_gpu_groups=0
ds4: Flash-MoE async pread canceled queued=0 reading=0 ready=2753 finished=0
ds4: gpu chunked prefill pos=7168 tokens=1024 layer 0 encode=161.815 ms execute=2.682 ms
ds4: Flash-MoE prefill layer=1 tokens=1024 unique=256 refs=6144 sync=12.704 ms plan=0.323 ms stage/compute=148.778 ms misses=256
ds4: Flash-MoE hybrid prefill layer=1 ane_groups=0 ane_refs=0 gpu_i8_groups=0 gpu_i8_refs=0 fp32_groups=0 ane_min_refs=128 concurrent=1 ane_pipeline=1 output_queue=4 async_ane=0 gpu_overlap=0 finishes=0 waits=0
ds4: Flash-MoE overlap plan layer=1 exec_groups=256 planned_ane_groups=0 planned_ane_refs=0 planned_gpu_groups=256 planned_gpu_refs=6144 tail_gpu_groups=0 tail_gpu_refs=0 planned_ssd_groups=256 est_gpu=22528.0 est_ane=0.0 est_idle=100.00% wall=148.375 ms actual_ane_groups=0 actual_ane_refs=0 actual_gpu_groups=0 actual_gpu_refs=0 finishes=0 waits=0 overlap_gpu_groups=0
ds4: Flash-MoE async pread canceled queued=0 reading=0 ready=2753 finished=0
ds4: gpu chunked prefill pos=7168 tokens=1024 layer 1 encode=162.312 ms execute=2.621 ms
ds4: Flash-MoE prefill layer=2 tokens=1024 unique=256 refs=6144 sync=40.972 ms plan=0.318 ms stage/compute=147.947 ms misses=256
ds4: Flash-MoE hybrid prefill layer=2 ane_groups=0 ane_refs=0 gpu_i8_groups=0 gpu_i8_refs=0 fp32_groups=0 ane_min_refs=128 concurrent=1 ane_pipeline=1 output_queue=4 async_ane=0 gpu_overlap=0 finishes=0 waits=0
ds4: Flash-MoE overlap plan layer=2 exec_groups=256 planned_ane_groups=0 planned_ane_refs=0 planned_gpu_groups=256 planned_gpu_refs=6144 tail_gpu_groups=0 tail_gpu_refs=0 planned_ssd_groups=256 est_gpu=22528.0 est_ane=0.0 est_idle=100.00% wall=147.531 ms actual_ane_groups=0 actual_ane_refs=0 actual_gpu_groups=0 actual_gpu_refs=0 finishes=0 waits=0 overlap_gpu_groups=0
ds4: Flash-MoE async pread canceled queued=0 reading=0 ready=2753 finished=0
ds4: gpu chunked prefill pos=7168 tokens=1024 layer 2 encode=189.504 ms execute=2.702 ms
ds4: Flash-MoE prefill layer=3 tokens=1024 unique=238 refs=6144 sync=14.472 ms plan=0.310 ms stage/compute=128.481 ms misses=238
ds4: Flash-MoE hybrid prefill layer=3 ane_groups=1 ane_refs=455 gpu_i8_groups=0 gpu_i8_refs=0 fp32_groups=0 ane_min_refs=128 concurrent=1 ane_pipeline=1 output_queue=4 async_ane=1 gpu_overlap=237 finishes=1 waits=2
ds4: Flash-MoE overlap plan layer=3 exec_groups=238 planned_ane_groups=1 planned_ane_refs=455 planned_gpu_groups=237 planned_gpu_refs=5689 tail_gpu_groups=0 tail_gpu_refs=0 planned_ssd_groups=238 est_gpu=20857.0 est_ane=165.2 est_idle=99.21% wall=128.121 ms actual_ane_groups=1 actual_ane_refs=455 actual_gpu_groups=0 actual_gpu_refs=0 finishes=1 waits=2 overlap_gpu_groups=237
ds4: Flash-MoE async pread canceled queued=0 reading=0 ready=2758 finished=0
ds4: gpu chunked prefill pos=7168 tokens=1024 layer 3 encode=143.881 ms execute=2.690 ms
ds4: Flash-MoE prefill layer=4 tokens=1024 unique=221 refs=6144 sync=40.869 ms plan=0.315 ms stage/compute=116.455 ms misses=221
ds4: Flash-MoE hybrid prefill layer=4 ane_groups=4 ane_refs=704 gpu_i8_groups=0 gpu_i8_refs=0 fp32_groups=0 ane_min_refs=128 concurrent=1 ane_pipeline=1 output_queue=4 async_ane=4 gpu_overlap=217 finishes=4 waits=8
ds4: Flash-MoE overlap plan layer=4 exec_groups=221 planned_ane_groups=4 planned_ane_refs=704 planned_gpu_groups=217 planned_gpu_refs=5440 tail_gpu_groups=0 tail_gpu_refs=0 planned_ssd_groups=221 est_gpu=19328.0 est_ane=652.9 est_idle=96.62% wall=116.108 ms actual_ane_groups=4 actual_ane_refs=704 actual_gpu_groups=0 actual_gpu_refs=0 finishes=4 waits=8 overlap_gpu_groups=217
ds4: Flash-MoE async pread canceled queued=0 reading=0 ready=2766 finished=0
ds4: gpu chunked prefill pos=7168 tokens=1024 layer 4 encode=157.947 ms execute=2.568 ms
ds4: Flash-MoE prefill layer=5 tokens=1024 unique=239 refs=6144 sync=14.475 ms plan=0.345 ms stage/compute=125.054 ms misses=239
ds4: Flash-MoE hybrid prefill layer=5 ane_groups=2 ane_refs=599 gpu_i8_groups=0 gpu_i8_refs=0 fp32_groups=0 ane_min_refs=128 concurrent=1 ane_pipeline=1 output_queue=4 async_ane=2 gpu_overlap=237 finishes=2 waits=4
ds4: Flash-MoE overlap plan layer=5 exec_groups=239 planned_ane_groups=2 planned_ane_refs=599 planned_gpu_groups=237 planned_gpu_refs=5545 tail_gpu_groups=0 tail_gpu_refs=0 planned_ssd_groups=239 est_gpu=20713.0 est_ane=327.8 est_idle=98.42% wall=124.693 ms actual_ane_groups=2 actual_ane_refs=599 actual_gpu_groups=0 actual_gpu_refs=0 finishes=2 waits=4 overlap_gpu_groups=237
ds4: Flash-MoE async pread canceled queued=0 reading=0 ready=2769 finished=0
ds4: gpu chunked prefill pos=7168 tokens=1024 layer 5 encode=140.435 ms execute=2.531 ms
ds4: Flash-MoE prefill layer=6 tokens=1024 unique=221 refs=6144 sync=40.850 ms plan=0.354 ms stage/compute=119.558 ms misses=221
ds4: Flash-MoE hybrid prefill layer=6 ane_groups=4 ane_refs=717 gpu_i8_groups=0 gpu_i8_refs=0 fp32_groups=0 ane_min_refs=128 concurrent=1 ane_pipeline=1 output_queue=4 async_ane=4 gpu_overlap=217 finishes=4 waits=8
ds4: Flash-MoE overlap plan layer=6 exec_groups=221 planned_ane_groups=4 planned_ane_refs=717 planned_gpu_groups=217 planned_gpu_refs=5427 tail_gpu_groups=0 tail_gpu_refs=0 planned_ssd_groups=221 est_gpu=19315.0 est_ane=650.3 est_idle=96.63% wall=119.167 ms actual_ane_groups=4 actual_ane_refs=717 actual_gpu_groups=0 actual_gpu_refs=0 finishes=4 waits=8 overlap_gpu_groups=217
ds4: Flash-MoE async pread canceled queued=0 reading=0 ready=2773 finished=0
ds4: gpu chunked prefill pos=7168 tokens=1024 layer 6 encode=161.031 ms execute=2.540 ms
ds4: Flash-MoE prefill layer=7 tokens=1024 unique=222 refs=6144 sync=14.512 ms plan=0.287 ms stage/compute=113.293 ms misses=222
ds4: Flash-MoE hybrid prefill layer=7 ane_groups=6 ane_refs=1080 gpu_i8_groups=0 gpu_i8_refs=0 fp32_groups=0 ane_min_refs=128 concurrent=1 ane_pipeline=1 output_queue=4 async_ane=6 gpu_overlap=216 finishes=6 waits=12
ds4: Flash-MoE overlap plan layer=7 exec_groups=222 planned_ane_groups=6 planned_ane_refs=1080 planned_gpu_groups=216 planned_gpu_refs=5064 tail_gpu_groups=0 tail_gpu_refs=0 planned_ssd_groups=222 est_gpu=18888.0 est_ane=978.1 est_idle=94.82% wall=112.940 ms actual_ane_groups=6 actual_ane_refs=1080 actual_gpu_groups=0 actual_gpu_refs=0 finishes=6 waits=12 overlap_gpu_groups=216
ds4: Flash-MoE async pread canceled queued=0 reading=0 ready=2778 finished=0
ds4: gpu chunked prefill pos=7168 tokens=1024 layer 7 encode=128.653 ms execute=2.551 ms
ds4: Flash-MoE prefill layer=8 tokens=1024 unique=218 refs=6144 sync=41.006 ms plan=0.311 ms stage/compute=112.795 ms misses=218
ds4: Flash-MoE hybrid prefill layer=8 ane_groups=6 ane_refs=1452 gpu_i8_groups=0 gpu_i8_refs=0 fp32_groups=0 ane_min_refs=128 concurrent=1 ane_pipeline=1 output_queue=4 async_ane=6 gpu_overlap=212 finishes=6 waits=12
ds4: Flash-MoE overlap plan layer=8 exec_groups=218 planned_ane_groups=6 planned_ane_refs=1452 planned_gpu_groups=212 planned_gpu_refs=4692 tail_gpu_groups=0 tail_gpu_refs=0 planned_ssd_groups=218 est_gpu=18260.0 est_ane=983.3 est_idle=94.62% wall=112.401 ms actual_ane_groups=6 actual_ane_refs=1452 actual_gpu_groups=0 actual_gpu_refs=0 finishes=6 waits=12 overlap_gpu_groups=212
ds4: Flash-MoE async pread canceled queued=0 reading=0 ready=2787 finished=0
ds4: gpu chunked prefill pos=7168 tokens=1024 layer 8 encode=154.403 ms execute=2.558 ms
ds4: Flash-MoE prefill layer=9 tokens=1024 unique=224 refs=6144 sync=14.608 ms plan=0.313 ms stage/compute=122.317 ms misses=224
ds4: Flash-MoE hybrid prefill layer=9 ane_groups=1 ane_refs=283 gpu_i8_groups=0 gpu_i8_refs=0 fp32_groups=0 ane_min_refs=128 concurrent=1 ane_pipeline=1 output_queue=4 async_ane=1 gpu_overlap=223 finishes=1 waits=2
ds4: Flash-MoE overlap plan layer=9 exec_groups=224 planned_ane_groups=1 planned_ane_refs=283 planned_gpu_groups=223 planned_gpu_refs=5861 tail_gpu_groups=0 tail_gpu_refs=0 planned_ssd_groups=224 est_gpu=20133.0 est_ane=165.2 est_idle=99.18% wall=121.935 ms actual_ane_groups=1 actual_ane_refs=283 actual_gpu_groups=0 actual_gpu_refs=0 finishes=1 waits=2 overlap_gpu_groups=223
ds4: Flash-MoE async pread canceled queued=0 reading=0 ready=2793 finished=0
ds4: gpu chunked prefill pos=7168 tokens=1024 layer 9 encode=137.818 ms execute=2.516 ms
ds4: Flash-MoE prefill layer=10 tokens=1024 unique=221 refs=6144 sync=41.124 ms plan=0.328 ms stage/compute=119.205 ms misses=221
ds4: Flash-MoE hybrid prefill layer=10 ane_groups=3 ane_refs=518 gpu_i8_groups=0 gpu_i8_refs=0 fp32_groups=0 ane_min_refs=128 concurrent=1 ane_pipeline=1 output_queue=4 async_ane=3 gpu_overlap=218 finishes=3 waits=6
ds4: Flash-MoE overlap plan layer=10 exec_groups=221 planned_ane_groups=3 planned_ane_refs=518 planned_gpu_groups=218 planned_gpu_refs=5626 tail_gpu_groups=0 tail_gpu_refs=0 planned_ssd_groups=221 est_gpu=19578.0 est_ane=487.8 est_idle=97.51% wall=118.800 ms actual_ane_groups=3 actual_ane_refs=518 actual_gpu_groups=0 actual_gpu_refs=0 finishes=3 waits=6 overlap_gpu_groups=218
ds4: Flash-MoE async pread canceled queued=0 reading=0 ready=2802 finished=0
ds4: gpu chunked prefill pos=7168 tokens=1024 layer 10 encode=160.928 ms execute=2.528 ms
ds4: Flash-MoE prefill layer=11 tokens=1024 unique=227 refs=6144 sync=14.520 ms plan=0.366 ms stage/compute=115.480 ms misses=227
ds4: Flash-MoE hybrid prefill layer=11 ane_groups=5 ane_refs=832 gpu_i8_groups=0 gpu_i8_refs=0 fp32_groups=0 ane_min_refs=128 concurrent=1 ane_pipeline=1 output_queue=4 async_ane=5 gpu_overlap=222 finishes=5 waits=10
ds4: Flash-MoE overlap plan layer=11 exec_groups=227 planned_ane_groups=5 planned_ane_refs=832 planned_gpu_groups=222 planned_gpu_refs=5312 tail_gpu_groups=0 tail_gpu_refs=0 planned_ssd_groups=227 est_gpu=19520.0 est_ane=812.9 est_idle=95.84% wall=115.071 ms actual_ane_groups=5 actual_ane_refs=832 actual_gpu_groups=0 actual_gpu_refs=0 finishes=5 waits=10 overlap_gpu_groups=222
ds4: Flash-MoE async pread canceled queued=0 reading=0 ready=2806 finished=0
ds4: gpu chunked prefill pos=7168 tokens=1024 layer 11 encode=130.959 ms execute=2.598 ms
ds4: Flash-MoE prefill layer=12 tokens=1024 unique=206 refs=6144 sync=41.141 ms plan=0.352 ms stage/compute=108.159 ms misses=206
ds4: Flash-MoE hybrid prefill layer=12 ane_groups=5 ane_refs=845 gpu_i8_groups=0 gpu_i8_refs=0 fp32_groups=0 ane_min_refs=128 concurrent=1 ane_pipeline=1 output_queue=4 async_ane=5 gpu_overlap=201 finishes=5 waits=10
ds4: Flash-MoE overlap plan layer=12 exec_groups=206 planned_ane_groups=5 planned_ane_refs=845 planned_gpu_groups=201 planned_gpu_refs=5299 tail_gpu_groups=0 tail_gpu_refs=0 planned_ssd_groups=206 est_gpu=18163.0 est_ane=812.9 est_idle=95.52% wall=107.801 ms actual_ane_groups=5 actual_ane_refs=845 actual_gpu_groups=0 actual_gpu_refs=0 finishes=5 waits=10 overlap_gpu_groups=201
ds4: Flash-MoE async pread canceled queued=0 reading=0 ready=2813 finished=0
ds4: gpu chunked prefill pos=7168 tokens=1024 layer 12 encode=149.920 ms execute=2.603 ms
ds4: Flash-MoE prefill layer=13 tokens=1024 unique=209 refs=6144 sync=14.490 ms plan=0.294 ms stage/compute=102.976 ms misses=209
ds4: Flash-MoE hybrid prefill layer=13 ane_groups=8 ane_refs=1479 gpu_i8_groups=0 gpu_i8_refs=0 fp32_groups=0 ane_min_refs=128 concurrent=1 ane_pipeline=1 output_queue=4 async_ane=8 gpu_overlap=201 finishes=8 waits=16
ds4: Flash-MoE overlap plan layer=13 exec_groups=209 planned_ane_groups=8 planned_ane_refs=1479 planned_gpu_groups=201 planned_gpu_refs=4665 tail_gpu_groups=0 tail_gpu_refs=0 planned_ssd_groups=209 est_gpu=17529.0 est_ane=1303.3 est_idle=92.57% wall=102.642 ms actual_ane_groups=8 actual_ane_refs=1479 actual_gpu_groups=0 actual_gpu_refs=0 finishes=8 waits=16 overlap_gpu_groups=201
ds4: Flash-MoE async pread canceled queued=0 reading=0 ready=2821 finished=0
ds4: gpu chunked prefill pos=7168 tokens=1024 layer 13 encode=118.311 ms execute=2.538 ms
ds4: Flash-MoE prefill layer=14 tokens=1024 unique=211 refs=6144 sync=41.123 ms plan=0.317 ms stage/compute=107.411 ms misses=211
ds4: Flash-MoE hybrid prefill layer=14 ane_groups=6 ane_refs=1149 gpu_i8_groups=0 gpu_i8_refs=0 fp32_groups=0 ane_min_refs=128 concurrent=1 ane_pipeline=1 output_queue=4 async_ane=6 gpu_overlap=205 finishes=6 waits=12
ds4: Flash-MoE overlap plan layer=14 exec_groups=211 planned_ane_groups=6 planned_ane_refs=1149 planned_gpu_groups=205 planned_gpu_refs=4995 tail_gpu_groups=0 tail_gpu_refs=0 planned_ssd_groups=211 est_gpu=18115.0 est_ane=978.1 est_idle=94.60% wall=107.042 ms actual_ane_groups=6 actual_ane_refs=1149 actual_gpu_groups=0 actual_gpu_refs=0 finishes=6 waits=12 overlap_gpu_groups=205
ds4: Flash-MoE async pread canceled queued=0 reading=0 ready=2827 finished=0
ds4: gpu chunked prefill pos=7168 tokens=1024 layer 14 encode=149.181 ms execute=2.553 ms
ds4: Flash-MoE prefill layer=15 tokens=1024 unique=202 refs=6144 sync=14.485 ms plan=0.390 ms stage/compute=101.823 ms misses=202
ds4: Flash-MoE hybrid prefill layer=15 ane_groups=7 ane_refs=1251 gpu_i8_groups=0 gpu_i8_refs=0 fp32_groups=0 ane_min_refs=128 concurrent=1 ane_pipeline=1 output_queue=4 async_ane=7 gpu_overlap=195 finishes=7 waits=14
ds4: Flash-MoE overlap plan layer=15 exec_groups=202 planned_ane_groups=7 planned_ane_refs=1251 planned_gpu_groups=195 planned_gpu_refs=4893 tail_gpu_groups=0 tail_gpu_refs=0 planned_ssd_groups=202 est_gpu=17373.0 est_ane=1140.7 est_idle=93.43% wall=101.462 ms actual_ane_groups=7 actual_ane_refs=1251 actual_gpu_groups=0 actual_gpu_refs=0 finishes=7 waits=14 overlap_gpu_groups=195
ds4: Flash-MoE async pread canceled queued=0 reading=0 ready=2840 finished=0
ds4: gpu chunked prefill pos=7168 tokens=1024 layer 15 encode=117.287 ms execute=2.531 ms
ds4: Flash-MoE prefill layer=16 tokens=1024 unique=193 refs=6144 sync=40.751 ms plan=0.328 ms stage/compute=102.950 ms misses=193
ds4: Flash-MoE hybrid prefill layer=16 ane_groups=4 ane_refs=1034 gpu_i8_groups=0 gpu_i8_refs=0 fp32_groups=0 ane_min_refs=128 concurrent=1 ane_pipeline=1 output_queue=4 async_ane=4 gpu_overlap=189 finishes=4 waits=8
ds4: Flash-MoE overlap plan layer=16 exec_groups=193 planned_ane_groups=4 planned_ane_refs=1034 planned_gpu_groups=189 planned_gpu_refs=5110 tail_gpu_groups=0 tail_gpu_refs=0 planned_ssd_groups=193 est_gpu=17206.0 est_ane=655.5 est_idle=96.19% wall=102.609 ms actual_ane_groups=4 actual_ane_refs=1034 actual_gpu_groups=0 actual_gpu_refs=0 finishes=4 waits=8 overlap_gpu_groups=189
ds4: Flash-MoE async pread canceled queued=0 reading=0 ready=2856 finished=0
ds4: gpu chunked prefill pos=7168 tokens=1024 layer 16 encode=144.313 ms execute=2.565 ms
ds4: Flash-MoE prefill layer=17 tokens=1024 unique=208 refs=6144 sync=14.708 ms plan=0.336 ms stage/compute=106.471 ms misses=208
ds4: Flash-MoE hybrid prefill layer=17 ane_groups=5 ane_refs=1158 gpu_i8_groups=0 gpu_i8_refs=0 fp32_groups=0 ane_min_refs=128 concurrent=1 ane_pipeline=1 output_queue=4 async_ane=5 gpu_overlap=203 finishes=5 waits=10
ds4: Flash-MoE overlap plan layer=17 exec_groups=208 planned_ane_groups=5 planned_ane_refs=1158 planned_gpu_groups=203 planned_gpu_refs=4986 tail_gpu_groups=0 tail_gpu_refs=0 planned_ssd_groups=208 est_gpu=17978.0 est_ane=815.5 est_idle=95.46% wall=106.114 ms actual_ane_groups=5 actual_ane_refs=1158 actual_gpu_groups=0 actual_gpu_refs=0 finishes=5 waits=10 overlap_gpu_groups=203
ds4: Flash-MoE async pread canceled queued=0 reading=0 ready=2866 finished=0
ds4: gpu chunked prefill pos=7168 tokens=1024 layer 17 encode=122.134 ms execute=2.608 ms
ds4: Flash-MoE prefill layer=18 tokens=1024 unique=190 refs=6144 sync=40.820 ms plan=0.348 ms stage/compute=96.882 ms misses=190
ds4: Flash-MoE hybrid prefill layer=18 ane_groups=6 ane_refs=1613 gpu_i8_groups=0 gpu_i8_refs=0 fp32_groups=0 ane_min_refs=128 concurrent=1 ane_pipeline=1 output_queue=4 async_ane=6 gpu_overlap=184 finishes=6 waits=12
ds4: Flash-MoE overlap plan layer=18 exec_groups=190 planned_ane_groups=6 planned_ane_refs=1613 planned_gpu_groups=184 planned_gpu_refs=4531 tail_gpu_groups=0 tail_gpu_refs=0 planned_ssd_groups=190 est_gpu=16307.0 est_ane=983.3 est_idle=93.97% wall=96.565 ms actual_ane_groups=6 actual_ane_refs=1613 actual_gpu_groups=0 actual_gpu_refs=0 finishes=6 waits=12 overlap_gpu_groups=184
ds4: Flash-MoE async pread canceled queued=0 reading=0 ready=2883 finished=0
ds4: gpu chunked prefill pos=7168 tokens=1024 layer 18 encode=138.314 ms execute=2.578 ms
ds4: Flash-MoE prefill layer=19 tokens=1024 unique=225 refs=6144 sync=14.427 ms plan=0.307 ms stage/compute=121.707 ms misses=225
ds4: Flash-MoE hybrid prefill layer=19 ane_groups=3 ane_refs=615 gpu_i8_groups=0 gpu_i8_refs=0 fp32_groups=0 ane_min_refs=128 concurrent=1 ane_pipeline=1 output_queue=4 async_ane=3 gpu_overlap=222 finishes=3 waits=6
ds4: Flash-MoE overlap plan layer=19 exec_groups=225 planned_ane_groups=3 planned_ane_refs=615 planned_gpu_groups=222 planned_gpu_refs=5529 tail_gpu_groups=0 tail_gpu_refs=0 planned_ssd_groups=225 est_gpu=19737.0 est_ane=487.8 est_idle=97.53% wall=121.350 ms actual_ane_groups=3 actual_ane_refs=615 actual_gpu_groups=0 actual_gpu_refs=0 finishes=3 waits=6 overlap_gpu_groups=222
ds4: Flash-MoE async pread canceled queued=0 reading=0 ready=2886 finished=0
ds4: gpu chunked prefill pos=7168 tokens=1024 layer 19 encode=136.978 ms execute=2.538 ms
ds4: Flash-MoE prefill layer=20 tokens=1024 unique=190 refs=6144 sync=41.090 ms plan=0.311 ms stage/compute=99.745 ms misses=190
ds4: Flash-MoE hybrid prefill layer=20 ane_groups=3 ane_refs=912 gpu_i8_groups=0 gpu_i8_refs=0 fp32_groups=0 ane_min_refs=128 concurrent=1 ane_pipeline=1 output_queue=4 async_ane=3 gpu_overlap=187 finishes=3 waits=6
ds4: Flash-MoE overlap plan layer=20 exec_groups=190 planned_ane_groups=3 planned_ane_refs=912 planned_gpu_groups=187 planned_gpu_refs=5232 tail_gpu_groups=0 tail_gpu_refs=0 planned_ssd_groups=190 est_gpu=17200.0 est_ane=492.9 est_idle=97.13% wall=99.420 ms actual_ane_groups=3 actual_ane_refs=912 actual_gpu_groups=0 actual_gpu_refs=0 finishes=3 waits=6 overlap_gpu_groups=187
ds4: Flash-MoE async pread canceled queued=0 reading=0 ready=2899 finished=0
ds4: gpu chunked prefill pos=7168 tokens=1024 layer 20 encode=141.439 ms execute=2.582 ms
ds4: Flash-MoE prefill layer=21 tokens=1024 unique=202 refs=6144 sync=14.464 ms plan=0.314 ms stage/compute=108.278 ms misses=202
ds4: Flash-MoE hybrid prefill layer=21 ane_groups=4 ane_refs=902 gpu_i8_groups=0 gpu_i8_refs=0 fp32_groups=0 ane_min_refs=128 concurrent=1 ane_pipeline=1 output_queue=4 async_ane=4 gpu_overlap=198 finishes=4 waits=8
ds4: Flash-MoE overlap plan layer=21 exec_groups=202 planned_ane_groups=4 planned_ane_refs=902 planned_gpu_groups=198 planned_gpu_refs=5242 tail_gpu_groups=0 tail_gpu_refs=0 planned_ssd_groups=202 est_gpu=17914.0 est_ane=652.9 est_idle=96.36% wall=107.936 ms actual_ane_groups=4 actual_ane_refs=902 actual_gpu_groups=0 actual_gpu_refs=0 finishes=4 waits=8 overlap_gpu_groups=198
ds4: Flash-MoE async pread canceled queued=0 reading=0 ready=2905 finished=0
ds4: gpu chunked prefill pos=7168 tokens=1024 layer 21 encode=123.617 ms execute=2.569 ms
ds4: Flash-MoE prefill layer=22 tokens=1024 unique=207 refs=6144 sync=40.923 ms plan=0.341 ms stage/compute=107.169 ms misses=207
ds4: Flash-MoE hybrid prefill layer=22 ane_groups=5 ane_refs=941 gpu_i8_groups=0 gpu_i8_refs=0 fp32_groups=0 ane_min_refs=128 concurrent=1 ane_pipeline=1 output_queue=4 async_ane=5 gpu_overlap=202 finishes=5 waits=10
ds4: Flash-MoE overlap plan layer=22 exec_groups=207 planned_ane_groups=5 planned_ane_refs=941 planned_gpu_groups=202 planned_gpu_refs=5203 tail_gpu_groups=0 tail_gpu_refs=0 planned_ssd_groups=207 est_gpu=18131.0 est_ane=812.9 est_idle=95.52% wall=106.801 ms actual_ane_groups=5 actual_ane_refs=941 actual_gpu_groups=0 actual_gpu_refs=0 finishes=5 waits=10 overlap_gpu_groups=202
ds4: Flash-MoE async pread canceled queued=0 reading=0 ready=2909 finished=0
ds4: gpu chunked prefill pos=7168 tokens=1024 layer 22 encode=148.738 ms execute=2.569 ms
ds4: Flash-MoE prefill layer=23 tokens=1024 unique=215 refs=6144 sync=14.378 ms plan=0.304 ms stage/compute=112.646 ms misses=215
ds4: Flash-MoE hybrid prefill layer=23 ane_groups=4 ane_refs=735 gpu_i8_groups=0 gpu_i8_refs=0 fp32_groups=0 ane_min_refs=128 concurrent=1 ane_pipeline=1 output_queue=4 async_ane=4 gpu_overlap=211 finishes=4 waits=8
ds4: Flash-MoE overlap plan layer=23 exec_groups=215 planned_ane_groups=4 planned_ane_refs=735 planned_gpu_groups=211 planned_gpu_refs=5409 tail_gpu_groups=0 tail_gpu_refs=0 planned_ssd_groups=215 est_gpu=18913.0 est_ane=652.9 est_idle=96.55% wall=112.306 ms actual_ane_groups=4 actual_ane_refs=735 actual_gpu_groups=0 actual_gpu_refs=0 finishes=4 waits=8 overlap_gpu_groups=211
ds4: Flash-MoE async pread canceled queued=0 reading=0 ready=2918 finished=0
ds4: gpu chunked prefill pos=7168 tokens=1024 layer 23 encode=127.873 ms execute=2.571 ms
ds4: Flash-MoE prefill layer=24 tokens=1024 unique=201 refs=6144 sync=40.703 ms plan=0.333 ms stage/compute=107.160 ms misses=201
ds4: Flash-MoE hybrid prefill layer=24 ane_groups=4 ane_refs=880 gpu_i8_groups=0 gpu_i8_refs=0 fp32_groups=0 ane_min_refs=128 concurrent=1 ane_pipeline=1 output_queue=4 async_ane=4 gpu_overlap=197 finishes=4 waits=8
ds4: Flash-MoE overlap plan layer=24 exec_groups=201 planned_ane_groups=4 planned_ane_refs=880 planned_gpu_groups=197 planned_gpu_refs=5264 tail_gpu_groups=0 tail_gpu_refs=0 planned_ssd_groups=201 est_gpu=17872.0 est_ane=652.9 est_idle=96.35% wall=106.785 ms actual_ane_groups=4 actual_ane_refs=880 actual_gpu_groups=0 actual_gpu_refs=0 finishes=4 waits=8 overlap_gpu_groups=197
ds4: Flash-MoE async pread canceled queued=0 reading=0 ready=2922 finished=0
ds4: gpu chunked prefill pos=7168 tokens=1024 layer 24 encode=148.455 ms execute=2.586 ms
ds4: Flash-MoE prefill layer=25 tokens=1024 unique=206 refs=6144 sync=14.625 ms plan=0.338 ms stage/compute=111.516 ms misses=206
ds4: Flash-MoE hybrid prefill layer=25 ane_groups=4 ane_refs=738 gpu_i8_groups=0 gpu_i8_refs=0 fp32_groups=0 ane_min_refs=128 concurrent=1 ane_pipeline=1 output_queue=4 async_ane=4 gpu_overlap=202 finishes=4 waits=8
ds4: Flash-MoE overlap plan layer=25 exec_groups=206 planned_ane_groups=4 planned_ane_refs=738 planned_gpu_groups=202 planned_gpu_refs=5406 tail_gpu_groups=0 tail_gpu_refs=0 planned_ssd_groups=206 est_gpu=18334.0 est_ane=652.9 est_idle=96.44% wall=111.133 ms actual_ane_groups=4 actual_ane_refs=738 actual_gpu_groups=0 actual_gpu_refs=0 finishes=4 waits=8 overlap_gpu_groups=202
ds4: Flash-MoE async pread canceled queued=0 reading=0 ready=2935 finished=0
ds4: gpu chunked prefill pos=7168 tokens=1024 layer 25 encode=127.078 ms execute=2.517 ms
ds4: Flash-MoE prefill layer=26 tokens=1024 unique=194 refs=6144 sync=40.716 ms plan=0.316 ms stage/compute=103.100 ms misses=194
ds4: Flash-MoE hybrid prefill layer=26 ane_groups=5 ane_refs=1233 gpu_i8_groups=0 gpu_i8_refs=0 fp32_groups=0 ane_min_refs=128 concurrent=1 ane_pipeline=1 output_queue=4 async_ane=5 gpu_overlap=189 finishes=5 waits=10
ds4: Flash-MoE overlap plan layer=26 exec_groups=194 planned_ane_groups=5 planned_ane_refs=1233 planned_gpu_groups=189 planned_gpu_refs=4911 tail_gpu_groups=0 tail_gpu_refs=0 planned_ssd_groups=194 est_gpu=17007.0 est_ane=818.1 est_idle=95.19% wall=102.734 ms actual_ane_groups=5 actual_ane_refs=1233 actual_gpu_groups=0 actual_gpu_refs=0 finishes=5 waits=10 overlap_gpu_groups=189
ds4: Flash-MoE async pread canceled queued=0 reading=0 ready=2946 finished=0
ds4: gpu chunked prefill pos=7168 tokens=1024 layer 26 encode=144.401 ms execute=2.644 ms
ds4: Flash-MoE prefill layer=27 tokens=1024 unique=214 refs=6144 sync=14.579 ms plan=0.355 ms stage/compute=111.960 ms misses=214
ds4: Flash-MoE hybrid prefill layer=27 ane_groups=5 ane_refs=976 gpu_i8_groups=0 gpu_i8_refs=0 fp32_groups=0 ane_min_refs=128 concurrent=1 ane_pipeline=1 output_queue=4 async_ane=5 gpu_overlap=209 finishes=5 waits=10
ds4: Flash-MoE overlap plan layer=27 exec_groups=214 planned_ane_groups=5 planned_ane_refs=976 planned_gpu_groups=209 planned_gpu_refs=5168 tail_gpu_groups=0 tail_gpu_refs=0 planned_ssd_groups=214 est_gpu=18544.0 est_ane=815.5 est_idle=95.60% wall=111.592 ms actual_ane_groups=5 actual_ane_refs=976 actual_gpu_groups=0 actual_gpu_refs=0 finishes=5 waits=10 overlap_gpu_groups=209
ds4: Flash-MoE async pread canceled queued=0 reading=0 ready=2956 finished=0
ds4: gpu chunked prefill pos=7168 tokens=1024 layer 27 encode=127.424 ms execute=2.741 ms
ds4: Flash-MoE prefill layer=28 tokens=1024 unique=200 refs=6144 sync=40.704 ms plan=0.346 ms stage/compute=105.562 ms misses=200
ds4: Flash-MoE hybrid prefill layer=28 ane_groups=4 ane_refs=903 gpu_i8_groups=0 gpu_i8_refs=0 fp32_groups=0 ane_min_refs=128 concurrent=1 ane_pipeline=1 output_queue=4 async_ane=4 gpu_overlap=196 finishes=4 waits=8
ds4: Flash-MoE overlap plan layer=28 exec_groups=200 planned_ane_groups=4 planned_ane_refs=903 planned_gpu_groups=196 planned_gpu_refs=5241 tail_gpu_groups=0 tail_gpu_refs=0 planned_ssd_groups=200 est_gpu=17785.0 est_ane=652.9 est_idle=96.33% wall=105.231 ms actual_ane_groups=4 actual_ane_refs=903 actual_gpu_groups=0 actual_gpu_refs=0 finishes=4 waits=8 overlap_gpu_groups=196
ds4: Flash-MoE async pread canceled queued=0 reading=0 ready=2967 finished=0
ds4: gpu chunked prefill pos=7168 tokens=1024 layer 28 encode=146.897 ms execute=2.557 ms
ds4: Flash-MoE prefill layer=29 tokens=1024 unique=192 refs=6144 sync=14.376 ms plan=0.315 ms stage/compute=106.297 ms misses=192
ds4: Flash-MoE hybrid prefill layer=29 ane_groups=5 ane_refs=940 gpu_i8_groups=0 gpu_i8_refs=0 fp32_groups=0 ane_min_refs=128 concurrent=1 ane_pipeline=1 output_queue=4 async_ane=5 gpu_overlap=187 finishes=5 waits=10
ds4: Flash-MoE overlap plan layer=29 exec_groups=192 planned_ane_groups=5 planned_ane_refs=940 planned_gpu_groups=187 planned_gpu_refs=5204 tail_gpu_groups=0 tail_gpu_refs=0 planned_ssd_groups=192 est_gpu=17172.0 est_ane=815.5 est_idle=95.25% wall=105.978 ms actual_ane_groups=5 actual_ane_refs=940 actual_gpu_groups=0 actual_gpu_refs=0 finishes=5 waits=10 overlap_gpu_groups=187
ds4: Flash-MoE async pread canceled queued=0 reading=0 ready=2986 finished=0
ds4: gpu chunked prefill pos=7168 tokens=1024 layer 29 encode=121.520 ms execute=2.533 ms
ds4: Flash-MoE prefill layer=30 tokens=1024 unique=201 refs=6144 sync=41.301 ms plan=0.332 ms stage/compute=109.294 ms misses=201
ds4: Flash-MoE hybrid prefill layer=30 ane_groups=4 ane_refs=609 gpu_i8_groups=0 gpu_i8_refs=0 fp32_groups=0 ane_min_refs=128 concurrent=1 ane_pipeline=1 output_queue=4 async_ane=4 gpu_overlap=197 finishes=4 waits=8
ds4: Flash-MoE overlap plan layer=30 exec_groups=201 planned_ane_groups=4 planned_ane_refs=609 planned_gpu_groups=197 planned_gpu_refs=5535 tail_gpu_groups=0 tail_gpu_refs=0 planned_ssd_groups=201 est_gpu=18143.0 est_ane=650.3 est_idle=96.42% wall=108.946 ms actual_ane_groups=4 actual_ane_refs=609 actual_gpu_groups=0 actual_gpu_refs=0 finishes=4 waits=8 overlap_gpu_groups=197
ds4: Flash-MoE async pread canceled queued=0 reading=0 ready=2999 finished=0
ds4: gpu chunked prefill pos=7168 tokens=1024 layer 30 encode=151.222 ms execute=2.535 ms
ds4: Flash-MoE prefill layer=31 tokens=1024 unique=205 refs=6144 sync=14.413 ms plan=0.348 ms stage/compute=105.844 ms misses=205
ds4: Flash-MoE hybrid prefill layer=31 ane_groups=4 ane_refs=679 gpu_i8_groups=0 gpu_i8_refs=0 fp32_groups=0 ane_min_refs=128 concurrent=1 ane_pipeline=1 output_queue=4 async_ane=4 gpu_overlap=201 finishes=4 waits=8
ds4: Flash-MoE overlap plan layer=31 exec_groups=205 planned_ane_groups=4 planned_ane_refs=679 planned_gpu_groups=201 planned_gpu_refs=5465 tail_gpu_groups=0 tail_gpu_refs=0 planned_ssd_groups=205 est_gpu=18329.0 est_ane=650.3 est_idle=96.45% wall=105.507 ms actual_ane_groups=4 actual_ane_refs=679 actual_gpu_groups=0 actual_gpu_refs=0 finishes=4 waits=8 overlap_gpu_groups=201
ds4: Flash-MoE async pread canceled queued=0 reading=0 ready=3007 finished=0
ds4: gpu chunked prefill pos=7168 tokens=1024 layer 31 encode=121.167 ms execute=2.505 ms
ds4: Flash-MoE prefill layer=32 tokens=1024 unique=203 refs=6144 sync=40.750 ms plan=0.370 ms stage/compute=105.613 ms misses=203
ds4: Flash-MoE hybrid prefill layer=32 ane_groups=5 ane_refs=948 gpu_i8_groups=0 gpu_i8_refs=0 fp32_groups=0 ane_min_refs=128 concurrent=1 ane_pipeline=1 output_queue=4 async_ane=5 gpu_overlap=198 finishes=5 waits=10
ds4: Flash-MoE overlap plan layer=32 exec_groups=203 planned_ane_groups=5 planned_ane_refs=948 planned_gpu_groups=198 planned_gpu_refs=5196 tail_gpu_groups=0 tail_gpu_refs=0 planned_ssd_groups=203 est_gpu=17868.0 est_ane=815.5 est_idle=95.44% wall=105.243 ms actual_ane_groups=5 actual_ane_refs=948 actual_gpu_groups=0 actual_gpu_refs=0 finishes=5 waits=10 overlap_gpu_groups=198
ds4: Flash-MoE async pread canceled queued=0 reading=0 ready=3016 finished=0
ds4: gpu chunked prefill pos=7168 tokens=1024 layer 32 encode=147.073 ms execute=2.634 ms
ds4: Flash-MoE prefill layer=33 tokens=1024 unique=191 refs=6144 sync=14.431 ms plan=0.346 ms stage/compute=100.761 ms misses=191
ds4: Flash-MoE hybrid prefill layer=33 ane_groups=7 ane_refs=1304 gpu_i8_groups=0 gpu_i8_refs=0 fp32_groups=0 ane_min_refs=128 concurrent=1 ane_pipeline=1 output_queue=4 async_ane=7 gpu_overlap=184 finishes=7 waits=14
ds4: Flash-MoE overlap plan layer=33 exec_groups=191 planned_ane_groups=7 planned_ane_refs=1304 planned_gpu_groups=184 planned_gpu_refs=4840 tail_gpu_groups=0 tail_gpu_refs=0 planned_ssd_groups=191 est_gpu=16616.0 est_ane=1140.7 est_idle=93.14% wall=100.427 ms actual_ane_groups=7 actual_ane_refs=1304 actual_gpu_groups=0 actual_gpu_refs=0 finishes=7 waits=14 overlap_gpu_groups=184
ds4: Flash-MoE async pread canceled queued=0 reading=0 ready=3035 finished=0
ds4: gpu chunked prefill pos=7168 tokens=1024 layer 33 encode=116.203 ms execute=2.518 ms
ds4: Flash-MoE prefill layer=34 tokens=1024 unique=195 refs=6144 sync=40.792 ms plan=0.371 ms stage/compute=102.106 ms misses=195
ds4: Flash-MoE hybrid prefill layer=34 ane_groups=4 ane_refs=1228 gpu_i8_groups=0 gpu_i8_refs=0 fp32_groups=0 ane_min_refs=128 concurrent=1 ane_pipeline=1 output_queue=4 async_ane=4 gpu_overlap=191 finishes=4 waits=8
ds4: Flash-MoE overlap plan layer=34 exec_groups=195 planned_ane_groups=4 planned_ane_refs=1228 planned_gpu_groups=191 planned_gpu_refs=4916 tail_gpu_groups=0 tail_gpu_refs=0 planned_ssd_groups=195 est_gpu=17140.0 est_ane=655.5 est_idle=96.18% wall=101.743 ms actual_ane_groups=4 actual_ane_refs=1228 actual_gpu_groups=0 actual_gpu_refs=0 finishes=4 waits=8 overlap_gpu_groups=191
ds4: Flash-MoE async pread canceled queued=0 reading=0 ready=3044 finished=0
ds4: gpu chunked prefill pos=7168 tokens=1024 layer 34 encode=143.571 ms execute=2.530 ms
ds4: Flash-MoE prefill layer=35 tokens=1024 unique=200 refs=6144 sync=14.367 ms plan=0.334 ms stage/compute=103.131 ms misses=200
ds4: Flash-MoE hybrid prefill layer=35 ane_groups=8 ane_refs=1529 gpu_i8_groups=0 gpu_i8_refs=0 fp32_groups=0 ane_min_refs=128 concurrent=1 ane_pipeline=1 output_queue=4 async_ane=8 gpu_overlap=192 finishes=8 waits=16
ds4: Flash-MoE overlap plan layer=35 exec_groups=200 planned_ane_groups=8 planned_ane_refs=1529 planned_gpu_groups=192 planned_gpu_refs=4615 tail_gpu_groups=0 tail_gpu_refs=0 planned_ssd_groups=200 est_gpu=16903.0 est_ane=1305.9 est_idle=92.27% wall=102.757 ms actual_ane_groups=8 actual_ane_refs=1529 actual_gpu_groups=0 actual_gpu_refs=0 finishes=8 waits=16 overlap_gpu_groups=192
ds4: Flash-MoE async pread canceled queued=0 reading=0 ready=3056 finished=0
ds4: gpu chunked prefill pos=7168 tokens=1024 layer 35 encode=118.413 ms execute=2.528 ms
ds4: Flash-MoE prefill layer=36 tokens=1024 unique=206 refs=6144 sync=41.104 ms plan=0.330 ms stage/compute=101.141 ms misses=206
ds4: Flash-MoE hybrid prefill layer=36 ane_groups=7 ane_refs=1609 gpu_i8_groups=0 gpu_i8_refs=0 fp32_groups=0 ane_min_refs=128 concurrent=1 ane_pipeline=1 output_queue=4 async_ane=7 gpu_overlap=199 finishes=7 waits=14
ds4: Flash-MoE overlap plan layer=36 exec_groups=206 planned_ane_groups=7 planned_ane_refs=1609 planned_gpu_groups=199 planned_gpu_refs=4535 tail_gpu_groups=0 tail_gpu_refs=0 planned_ssd_groups=206 est_gpu=17271.0 est_ane=1145.9 est_idle=93.37% wall=100.786 ms actual_ane_groups=7 actual_ane_refs=1609 actual_gpu_groups=0 actual_gpu_refs=0 finishes=7 waits=14 overlap_gpu_groups=199
ds4: Flash-MoE async pread canceled queued=0 reading=0 ready=3066 finished=0
ds4: gpu chunked prefill pos=7168 tokens=1024 layer 36 encode=142.837 ms execute=2.563 ms
ds4: Flash-MoE prefill layer=37 tokens=1024 unique=199 refs=6144 sync=14.410 ms plan=0.321 ms stage/compute=102.398 ms misses=199
ds4: Flash-MoE hybrid prefill layer=37 ane_groups=6 ane_refs=1404 gpu_i8_groups=0 gpu_i8_refs=0 fp32_groups=0 ane_min_refs=128 concurrent=1 ane_pipeline=1 output_queue=4 async_ane=6 gpu_overlap=193 finishes=6 waits=12
ds4: Flash-MoE overlap plan layer=37 exec_groups=199 planned_ane_groups=6 planned_ane_refs=1404 planned_gpu_groups=193 planned_gpu_refs=4740 tail_gpu_groups=0 tail_gpu_refs=0 planned_ssd_groups=199 est_gpu=17092.0 est_ane=980.7 est_idle=94.26% wall=102.069 ms actual_ane_groups=6 actual_ane_refs=1404 actual_gpu_groups=0 actual_gpu_refs=0 finishes=6 waits=12 overlap_gpu_groups=193
ds4: Flash-MoE async pread canceled queued=0 reading=0 ready=3079 finished=0
ds4: gpu chunked prefill pos=7168 tokens=1024 layer 37 encode=117.645 ms execute=2.554 ms
ds4: Flash-MoE prefill layer=38 tokens=1024 unique=218 refs=6144 sync=40.811 ms plan=0.457 ms stage/compute=110.064 ms misses=218
ds4: Flash-MoE hybrid prefill layer=38 ane_groups=5 ane_refs=1198 gpu_i8_groups=0 gpu_i8_refs=0 fp32_groups=0 ane_min_refs=128 concurrent=1 ane_pipeline=1 output_queue=4 async_ane=5 gpu_overlap=213 finishes=5 waits=10
ds4: Flash-MoE overlap plan layer=38 exec_groups=218 planned_ane_groups=5 planned_ane_refs=1198 planned_gpu_groups=213 planned_gpu_refs=4946 tail_gpu_groups=0 tail_gpu_refs=0 planned_ssd_groups=218 est_gpu=18578.0 est_ane=815.5 est_idle=95.61% wall=109.684 ms actual_ane_groups=5 actual_ane_refs=1198 actual_gpu_groups=0 actual_gpu_refs=0 finishes=5 waits=10 overlap_gpu_groups=213
ds4: Flash-MoE async pread canceled queued=0 reading=0 ready=3088 finished=0
ds4: gpu chunked prefill pos=7168 tokens=1024 layer 38 encode=151.626 ms execute=2.547 ms
ds4: Flash-MoE prefill layer=39 tokens=1024 unique=207 refs=6144 sync=14.368 ms plan=0.358 ms stage/compute=107.295 ms misses=207
ds4: Flash-MoE hybrid prefill layer=39 ane_groups=7 ane_refs=1270 gpu_i8_groups=0 gpu_i8_refs=0 fp32_groups=0 ane_min_refs=128 concurrent=1 ane_pipeline=1 output_queue=4 async_ane=7 gpu_overlap=200 finishes=7 waits=14
ds4: Flash-MoE overlap plan layer=39 exec_groups=207 planned_ane_groups=7 planned_ane_refs=1270 planned_gpu_groups=200 planned_gpu_refs=4874 tail_gpu_groups=0 tail_gpu_refs=0 planned_ssd_groups=207 est_gpu=17674.0 est_ane=1138.1 est_idle=93.56% wall=106.930 ms actual_ane_groups=7 actual_ane_refs=1270 actual_gpu_groups=0 actual_gpu_refs=0 finishes=7 waits=14 overlap_gpu_groups=200
ds4: Flash-MoE async pread canceled queued=0 reading=0 ready=3099 finished=0
ds4: gpu chunked prefill pos=7168 tokens=1024 layer 39 encode=122.569 ms execute=2.540 ms
ds4: Flash-MoE prefill layer=40 tokens=1024 unique=154 refs=6144 sync=40.675 ms plan=0.375 ms stage/compute=88.932 ms misses=154
ds4: Flash-MoE hybrid prefill layer=40 ane_groups=7 ane_refs=2052 gpu_i8_groups=0 gpu_i8_refs=0 fp32_groups=0 ane_min_refs=128 concurrent=1 ane_pipeline=1 output_queue=4 async_ane=7 gpu_overlap=147 finishes=7 waits=14
ds4: Flash-MoE overlap plan layer=40 exec_groups=154 planned_ane_groups=7 planned_ane_refs=2052 planned_gpu_groups=147 planned_gpu_refs=4092 tail_gpu_groups=0 tail_gpu_refs=0 planned_ssd_groups=154 est_gpu=13500.0 est_ane=1148.4 est_idle=91.49% wall=88.658 ms actual_ane_groups=7 actual_ane_refs=2052 actual_gpu_groups=0 actual_gpu_refs=0 finishes=7 waits=14 overlap_gpu_groups=147
ds4: Flash-MoE async pread canceled queued=0 reading=0 ready=3115 finished=0
ds4: gpu chunked prefill pos=7168 tokens=1024 layer 40 encode=130.273 ms execute=2.511 ms
ds4: Flash-MoE prefill layer=41 tokens=1024 unique=179 refs=6144 sync=14.391 ms plan=0.410 ms stage/compute=97.415 ms misses=179
ds4: Flash-MoE hybrid prefill layer=41 ane_groups=4 ane_refs=836 gpu_i8_groups=0 gpu_i8_refs=0 fp32_groups=0 ane_min_refs=128 concurrent=1 ane_pipeline=1 output_queue=4 async_ane=4 gpu_overlap=175 finishes=4 waits=8
ds4: Flash-MoE overlap plan layer=41 exec_groups=179 planned_ane_groups=4 planned_ane_refs=836 planned_gpu_groups=175 planned_gpu_refs=5308 tail_gpu_groups=0 tail_gpu_refs=0 planned_ssd_groups=179 est_gpu=16508.0 est_ane=652.9 est_idle=96.04% wall=97.092 ms actual_ane_groups=4 actual_ane_refs=836 actual_gpu_groups=0 actual_gpu_refs=0 finishes=4 waits=8 overlap_gpu_groups=175
ds4: Flash-MoE async pread canceled queued=0 reading=0 ready=3131 finished=0
ds4: gpu chunked prefill pos=7168 tokens=1024 layer 41 encode=112.755 ms execute=2.596 ms
ds4: Flash-MoE prefill layer=42 tokens=1024 unique=193 refs=6144 sync=41.207 ms plan=0.349 ms stage/compute=101.262 ms misses=193
ds4: Flash-MoE hybrid prefill layer=42 ane_groups=4 ane_refs=989 gpu_i8_groups=0 gpu_i8_refs=0 fp32_groups=0 ane_min_refs=128 concurrent=1 ane_pipeline=1 output_queue=4 async_ane=4 gpu_overlap=189 finishes=4 waits=8
ds4: Flash-MoE overlap plan layer=42 exec_groups=193 planned_ane_groups=4 planned_ane_refs=989 planned_gpu_groups=189 planned_gpu_refs=5155 tail_gpu_groups=0 tail_gpu_refs=0 planned_ssd_groups=193 est_gpu=17251.0 est_ane=655.5 est_idle=96.20% wall=100.924 ms actual_ane_groups=4 actual_ane_refs=989 actual_gpu_groups=0 actual_gpu_refs=0 finishes=4 waits=8 overlap_gpu_groups=189
ds4: Flash-MoE async pread canceled queued=0 reading=0 ready=3145 finished=0
ds4: gpu chunked prefill pos=7168 tokens=1024 layer 42 encode=143.082 ms execute=2.463 ms
processing 8423 input tokens: 8192/8423 (97.3%) batch=167.99 t/s avg=170.78 t/s
ds4: Flash-MoE prefill layer=0 tokens=231 unique=251 refs=1386 sync=4.869 ms plan=0.332 ms stage/compute=89.156 ms misses=251
ds4: Flash-MoE hybrid prefill layer=0 ane_groups=0 ane_refs=0 gpu_i8_groups=0 gpu_i8_refs=0 fp32_groups=0 ane_min_refs=128 concurrent=1 ane_pipeline=1 output_queue=4 async_ane=0 gpu_overlap=0 finishes=0 waits=0
ds4: Flash-MoE overlap plan layer=0 exec_groups=251 planned_ane_groups=0 planned_ane_refs=0 planned_gpu_groups=251 planned_gpu_refs=1386 tail_gpu_groups=0 tail_gpu_refs=0 planned_ssd_groups=251 est_gpu=17450.0 est_ane=0.0 est_idle=100.00% wall=88.876 ms actual_ane_groups=0 actual_ane_refs=0 actual_gpu_groups=0 actual_gpu_refs=0 finishes=0 waits=0 overlap_gpu_groups=0
ds4: Flash-MoE async pread canceled queued=0 reading=0 ready=3145 finished=0
ds4: gpu chunked prefill pos=8192 tokens=231 layer 0 encode=94.705 ms execute=0.935 ms
ds4: Flash-MoE prefill layer=1 tokens=231 unique=254 refs=1386 sync=4.620 ms plan=0.364 ms stage/compute=91.260 ms misses=254
ds4: Flash-MoE hybrid prefill layer=1 ane_groups=0 ane_refs=0 gpu_i8_groups=0 gpu_i8_refs=0 fp32_groups=0 ane_min_refs=128 concurrent=1 ane_pipeline=1 output_queue=4 async_ane=0 gpu_overlap=0 finishes=0 waits=0
ds4: Flash-MoE overlap plan layer=1 exec_groups=254 planned_ane_groups=0 planned_ane_refs=0 planned_gpu_groups=254 planned_gpu_refs=1386 tail_gpu_groups=0 tail_gpu_refs=0 planned_ssd_groups=254 est_gpu=17642.0 est_ane=0.0 est_idle=100.00% wall=90.913 ms actual_ane_groups=0 actual_ane_refs=0 actual_gpu_groups=0 actual_gpu_refs=0 finishes=0 waits=0 overlap_gpu_groups=0
ds4: Flash-MoE async pread canceled queued=0 reading=0 ready=3145 finished=0
ds4: gpu chunked prefill pos=8192 tokens=231 layer 1 encode=96.487 ms execute=0.938 ms
ds4: Flash-MoE prefill layer=2 tokens=231 unique=252 refs=1386 sync=15.247 ms plan=0.304 ms stage/compute=93.683 ms misses=252
ds4: Flash-MoE hybrid prefill layer=2 ane_groups=0 ane_refs=0 gpu_i8_groups=0 gpu_i8_refs=0 fp32_groups=0 ane_min_refs=128 concurrent=1 ane_pipeline=1 output_queue=4 async_ane=0 gpu_overlap=0 finishes=0 waits=0
ds4: Flash-MoE overlap plan layer=2 exec_groups=252 planned_ane_groups=0 planned_ane_refs=0 planned_gpu_groups=252 planned_gpu_refs=1386 tail_gpu_groups=0 tail_gpu_refs=0 planned_ssd_groups=252 est_gpu=17514.0 est_ane=0.0 est_idle=100.00% wall=93.388 ms actual_ane_groups=0 actual_ane_refs=0 actual_gpu_groups=0 actual_gpu_refs=0 finishes=0 waits=0 overlap_gpu_groups=0
ds4: Flash-MoE async pread canceled queued=0 reading=0 ready=3145 finished=0
ds4: gpu chunked prefill pos=8192 tokens=231 layer 2 encode=110.662 ms execute=1.027 ms
ds4: Flash-MoE prefill layer=3 tokens=231 unique=192 refs=1386 sync=5.700 ms plan=0.357 ms stage/compute=74.660 ms misses=192
ds4: Flash-MoE hybrid prefill layer=3 ane_groups=0 ane_refs=0 gpu_i8_groups=0 gpu_i8_refs=0 fp32_groups=0 ane_min_refs=128 concurrent=1 ane_pipeline=1 output_queue=4 async_ane=0 gpu_overlap=0 finishes=0 waits=0
ds4: Flash-MoE overlap plan layer=3 exec_groups=192 planned_ane_groups=0 planned_ane_refs=0 planned_gpu_groups=192 planned_gpu_refs=1386 tail_gpu_groups=0 tail_gpu_refs=0 planned_ssd_groups=192 est_gpu=13674.0 est_ane=0.0 est_idle=100.00% wall=74.428 ms actual_ane_groups=0 actual_ane_refs=0 actual_gpu_groups=0 actual_gpu_refs=0 finishes=0 waits=0 overlap_gpu_groups=0
ds4: Flash-MoE async pread canceled queued=0 reading=0 ready=3158 finished=0
ds4: gpu chunked prefill pos=8192 tokens=231 layer 3 encode=81.351 ms execute=0.944 ms
ds4: Flash-MoE prefill layer=4 tokens=231 unique=182 refs=1386 sync=14.635 ms plan=0.323 ms stage/compute=70.113 ms misses=182
ds4: Flash-MoE hybrid prefill layer=4 ane_groups=0 ane_refs=0 gpu_i8_groups=0 gpu_i8_refs=0 fp32_groups=0 ane_min_refs=128 concurrent=1 ane_pipeline=1 output_queue=4 async_ane=0 gpu_overlap=0 finishes=0 waits=0
ds4: Flash-MoE overlap plan layer=4 exec_groups=182 planned_ane_groups=0 planned_ane_refs=0 planned_gpu_groups=182 planned_gpu_refs=1386 tail_gpu_groups=0 tail_gpu_refs=0 planned_ssd_groups=182 est_gpu=13034.0 est_ane=0.0 est_idle=100.00% wall=69.901 ms actual_ane_groups=0 actual_ane_refs=0 actual_gpu_groups=0 actual_gpu_refs=0 finishes=0 waits=0 overlap_gpu_groups=0
ds4: Flash-MoE async pread canceled queued=0 reading=0 ready=3169 finished=0
ds4: gpu chunked prefill pos=8192 tokens=231 layer 4 encode=86.071 ms execute=0.938 ms
ds4: Flash-MoE prefill layer=5 tokens=231 unique=199 refs=1386 sync=5.471 ms plan=0.316 ms stage/compute=78.131 ms misses=199
ds4: Flash-MoE hybrid prefill layer=5 ane_groups=0 ane_refs=0 gpu_i8_groups=0 gpu_i8_refs=0 fp32_groups=0 ane_min_refs=128 concurrent=1 ane_pipeline=1 output_queue=4 async_ane=0 gpu_overlap=0 finishes=0 waits=0
ds4: Flash-MoE overlap plan layer=5 exec_groups=199 planned_ane_groups=0 planned_ane_refs=0 planned_gpu_groups=199 planned_gpu_refs=1386 tail_gpu_groups=0 tail_gpu_refs=0 planned_ssd_groups=199 est_gpu=14122.0 est_ane=0.0 est_idle=100.00% wall=77.862 ms actual_ane_groups=0 actual_ane_refs=0 actual_gpu_groups=0 actual_gpu_refs=0 finishes=0 waits=0 overlap_gpu_groups=0
ds4: Flash-MoE async pread canceled queued=2 reading=1 ready=3179 finished=1
ds4: gpu chunked prefill pos=8192 tokens=231 layer 5 encode=84.452 ms execute=1.022 ms
ds4: Flash-MoE prefill layer=6 tokens=231 unique=189 refs=1386 sync=15.073 ms plan=0.385 ms stage/compute=71.726 ms misses=189
ds4: Flash-MoE hybrid prefill layer=6 ane_groups=0 ane_refs=0 gpu_i8_groups=0 gpu_i8_refs=0 fp32_groups=0 ane_min_refs=128 concurrent=1 ane_pipeline=1 output_queue=4 async_ane=0 gpu_overlap=0 finishes=0 waits=0
ds4: Flash-MoE overlap plan layer=6 exec_groups=189 planned_ane_groups=0 planned_ane_refs=0 planned_gpu_groups=189 planned_gpu_refs=1386 tail_gpu_groups=0 tail_gpu_refs=0 planned_ssd_groups=189 est_gpu=13482.0 est_ane=0.0 est_idle=100.00% wall=71.502 ms actual_ane_groups=0 actual_ane_refs=0 actual_gpu_groups=0 actual_gpu_refs=0 finishes=0 waits=0 overlap_gpu_groups=0
ds4: Flash-MoE async pread canceled queued=2 reading=1 ready=3192 finished=1
ds4: gpu chunked prefill pos=8192 tokens=231 layer 6 encode=88.429 ms execute=0.921 ms
ds4: Flash-MoE prefill layer=7 tokens=231 unique=178 refs=1386 sync=5.522 ms plan=0.311 ms stage/compute=66.721 ms misses=178
ds4: Flash-MoE hybrid prefill layer=7 ane_groups=0 ane_refs=0 gpu_i8_groups=0 gpu_i8_refs=0 fp32_groups=0 ane_min_refs=128 concurrent=1 ane_pipeline=1 output_queue=4 async_ane=0 gpu_overlap=0 finishes=0 waits=0
ds4: Flash-MoE overlap plan layer=7 exec_groups=178 planned_ane_groups=0 planned_ane_refs=0 planned_gpu_groups=178 planned_gpu_refs=1386 tail_gpu_groups=0 tail_gpu_refs=0 planned_ssd_groups=178 est_gpu=12778.0 est_ane=0.0 est_idle=100.00% wall=66.515 ms actual_ane_groups=0 actual_ane_refs=0 actual_gpu_groups=0 actual_gpu_refs=0 finishes=0 waits=0 overlap_gpu_groups=0
ds4: Flash-MoE async pread canceled queued=2 reading=1 ready=3204 finished=1
ds4: gpu chunked prefill pos=8192 tokens=231 layer 7 encode=73.040 ms execute=0.938 ms
ds4: Flash-MoE prefill layer=8 tokens=231 unique=181 refs=1386 sync=14.615 ms plan=0.340 ms stage/compute=66.677 ms misses=181
ds4: Flash-MoE hybrid prefill layer=8 ane_groups=0 ane_refs=0 gpu_i8_groups=0 gpu_i8_refs=0 fp32_groups=0 ane_min_refs=128 concurrent=1 ane_pipeline=1 output_queue=4 async_ane=0 gpu_overlap=0 finishes=0 waits=0
ds4: Flash-MoE overlap plan layer=8 exec_groups=181 planned_ane_groups=0 planned_ane_refs=0 planned_gpu_groups=181 planned_gpu_refs=1386 tail_gpu_groups=0 tail_gpu_refs=0 planned_ssd_groups=181 est_gpu=12970.0 est_ane=0.0 est_idle=100.00% wall=66.469 ms actual_ane_groups=0 actual_ane_refs=0 actual_gpu_groups=0 actual_gpu_refs=0 finishes=0 waits=0 overlap_gpu_groups=0
ds4: Flash-MoE async pread canceled queued=2 reading=1 ready=3214 finished=1
ds4: gpu chunked prefill pos=8192 tokens=231 layer 8 encode=82.593 ms execute=0.926 ms
ds4: Flash-MoE prefill layer=9 tokens=231 unique=189 refs=1386 sync=5.524 ms plan=0.316 ms stage/compute=72.924 ms misses=189
ds4: Flash-MoE hybrid prefill layer=9 ane_groups=0 ane_refs=0 gpu_i8_groups=0 gpu_i8_refs=0 fp32_groups=0 ane_min_refs=128 concurrent=1 ane_pipeline=1 output_queue=4 async_ane=0 gpu_overlap=0 finishes=0 waits=0
ds4: Flash-MoE overlap plan layer=9 exec_groups=189 planned_ane_groups=0 planned_ane_refs=0 planned_gpu_groups=189 planned_gpu_refs=1386 tail_gpu_groups=0 tail_gpu_refs=0 planned_ssd_groups=189 est_gpu=13482.0 est_ane=0.0 est_idle=100.00% wall=72.692 ms actual_ane_groups=0 actual_ane_refs=0 actual_gpu_groups=0 actual_gpu_refs=0 finishes=0 waits=0 overlap_gpu_groups=0
ds4: Flash-MoE async pread canceled queued=2 reading=1 ready=3229 finished=1
ds4: gpu chunked prefill pos=8192 tokens=231 layer 9 encode=79.289 ms execute=0.920 ms
ds4: Flash-MoE prefill layer=10 tokens=231 unique=176 refs=1386 sync=14.685 ms plan=0.346 ms stage/compute=67.695 ms misses=176
ds4: Flash-MoE hybrid prefill layer=10 ane_groups=0 ane_refs=0 gpu_i8_groups=0 gpu_i8_refs=0 fp32_groups=0 ane_min_refs=128 concurrent=1 ane_pipeline=1 output_queue=4 async_ane=0 gpu_overlap=0 finishes=0 waits=0
ds4: Flash-MoE overlap plan layer=10 exec_groups=176 planned_ane_groups=0 planned_ane_refs=0 planned_gpu_groups=176 planned_gpu_refs=1386 tail_gpu_groups=0 tail_gpu_refs=0 planned_ssd_groups=176 est_gpu=12650.0 est_ane=0.0 est_idle=100.00% wall=67.457 ms actual_ane_groups=0 actual_ane_refs=0 actual_gpu_groups=0 actual_gpu_refs=0 finishes=0 waits=0 overlap_gpu_groups=0
ds4: Flash-MoE async pread canceled queued=2 reading=1 ready=3249 finished=1
ds4: gpu chunked prefill pos=8192 tokens=231 layer 10 encode=83.788 ms execute=0.924 ms
ds4: Flash-MoE prefill layer=11 tokens=231 unique=172 refs=1386 sync=5.529 ms plan=0.304 ms stage/compute=65.038 ms misses=172
ds4: Flash-MoE hybrid prefill layer=11 ane_groups=0 ane_refs=0 gpu_i8_groups=0 gpu_i8_refs=0 fp32_groups=0 ane_min_refs=128 concurrent=1 ane_pipeline=1 output_queue=4 async_ane=0 gpu_overlap=0 finishes=0 waits=0
ds4: Flash-MoE overlap plan layer=11 exec_groups=172 planned_ane_groups=0 planned_ane_refs=0 planned_gpu_groups=172 planned_gpu_refs=1386 tail_gpu_groups=0 tail_gpu_refs=0 planned_ssd_groups=172 est_gpu=12394.0 est_ane=0.0 est_idle=100.00% wall=64.829 ms actual_ane_groups=0 actual_ane_refs=0 actual_gpu_groups=0 actual_gpu_refs=0 finishes=0 waits=0 overlap_gpu_groups=0
ds4: Flash-MoE async pread canceled queued=2 reading=1 ready=3262 finished=1
ds4: gpu chunked prefill pos=8192 tokens=231 layer 11 encode=71.379 ms execute=0.941 ms
ds4: Flash-MoE prefill layer=12 tokens=231 unique=149 refs=1386 sync=14.609 ms plan=0.308 ms stage/compute=58.916 ms misses=149
ds4: Flash-MoE hybrid prefill layer=12 ane_groups=0 ane_refs=0 gpu_i8_groups=0 gpu_i8_refs=0 fp32_groups=0 ane_min_refs=128 concurrent=1 ane_pipeline=1 output_queue=4 async_ane=0 gpu_overlap=0 finishes=0 waits=0
ds4: Flash-MoE overlap plan layer=12 exec_groups=149 planned_ane_groups=0 planned_ane_refs=0 planned_gpu_groups=149 planned_gpu_refs=1386 tail_gpu_groups=0 tail_gpu_refs=0 planned_ssd_groups=149 est_gpu=10922.0 est_ane=0.0 est_idle=100.00% wall=58.734 ms actual_ane_groups=0 actual_ane_refs=0 actual_gpu_groups=0 actual_gpu_refs=0 finishes=0 waits=0 overlap_gpu_groups=0
ds4: Flash-MoE async pread canceled queued=2 reading=1 ready=3276 finished=1
ds4: gpu chunked prefill pos=8192 tokens=231 layer 12 encode=74.780 ms execute=0.906 ms
ds4: Flash-MoE prefill layer=13 tokens=231 unique=156 refs=1386 sync=5.515 ms plan=0.385 ms stage/compute=61.210 ms misses=156
ds4: Flash-MoE hybrid prefill layer=13 ane_groups=0 ane_refs=0 gpu_i8_groups=0 gpu_i8_refs=0 fp32_groups=0 ane_min_refs=128 concurrent=1 ane_pipeline=1 output_queue=4 async_ane=0 gpu_overlap=0 finishes=0 waits=0
ds4: Flash-MoE overlap plan layer=13 exec_groups=156 planned_ane_groups=0 planned_ane_refs=0 planned_gpu_groups=156 planned_gpu_refs=1386 tail_gpu_groups=0 tail_gpu_refs=0 planned_ssd_groups=156 est_gpu=11370.0 est_ane=0.0 est_idle=100.00% wall=61.012 ms actual_ane_groups=0 actual_ane_refs=0 actual_gpu_groups=0 actual_gpu_refs=0 finishes=0 waits=0 overlap_gpu_groups=0
ds4: Flash-MoE async pread canceled queued=2 reading=1 ready=3298 finished=1
ds4: gpu chunked prefill pos=8192 tokens=231 layer 13 encode=67.643 ms execute=0.957 ms
ds4: Flash-MoE prefill layer=14 tokens=231 unique=158 refs=1386 sync=14.634 ms plan=0.334 ms stage/compute=62.315 ms misses=158
ds4: Flash-MoE hybrid prefill layer=14 ane_groups=0 ane_refs=0 gpu_i8_groups=0 gpu_i8_refs=0 fp32_groups=0 ane_min_refs=128 concurrent=1 ane_pipeline=1 output_queue=4 async_ane=0 gpu_overlap=0 finishes=0 waits=0
ds4: Flash-MoE overlap plan layer=14 exec_groups=158 planned_ane_groups=0 planned_ane_refs=0 planned_gpu_groups=158 planned_gpu_refs=1386 tail_gpu_groups=0 tail_gpu_refs=0 planned_ssd_groups=158 est_gpu=11498.0 est_ane=0.0 est_idle=100.00% wall=62.102 ms actual_ane_groups=0 actual_ane_refs=0 actual_gpu_groups=0 actual_gpu_refs=0 finishes=0 waits=0 overlap_gpu_groups=0
ds4: Flash-MoE async pread canceled queued=2 reading=1 ready=3313 finished=1
ds4: gpu chunked prefill pos=8192 tokens=231 layer 14 encode=78.269 ms execute=0.921 ms
ds4: Flash-MoE prefill layer=15 tokens=231 unique=148 refs=1386 sync=5.770 ms plan=0.272 ms stage/compute=58.200 ms misses=148
ds4: Flash-MoE hybrid prefill layer=15 ane_groups=0 ane_refs=0 gpu_i8_groups=0 gpu_i8_refs=0 fp32_groups=0 ane_min_refs=128 concurrent=1 ane_pipeline=1 output_queue=4 async_ane=0 gpu_overlap=0 finishes=0 waits=0
ds4: Flash-MoE overlap plan layer=15 exec_groups=148 planned_ane_groups=0 planned_ane_refs=0 planned_gpu_groups=148 planned_gpu_refs=1386 tail_gpu_groups=0 tail_gpu_refs=0 planned_ssd_groups=148 est_gpu=10858.0 est_ane=0.0 est_idle=100.00% wall=58.000 ms actual_ane_groups=0 actual_ane_refs=0 actual_gpu_groups=0 actual_gpu_refs=0 finishes=0 waits=0 overlap_gpu_groups=0
ds4: Flash-MoE async pread canceled queued=2 reading=1 ready=3338 finished=1
ds4: gpu chunked prefill pos=8192 tokens=231 layer 15 encode=64.745 ms execute=1.016 ms
ds4: Flash-MoE prefill layer=16 tokens=231 unique=156 refs=1386 sync=14.697 ms plan=0.323 ms stage/compute=61.611 ms misses=156
ds4: Flash-MoE hybrid prefill layer=16 ane_groups=0 ane_refs=0 gpu_i8_groups=0 gpu_i8_refs=0 fp32_groups=0 ane_min_refs=128 concurrent=1 ane_pipeline=1 output_queue=4 async_ane=0 gpu_overlap=0 finishes=0 waits=0
ds4: Flash-MoE overlap plan layer=16 exec_groups=156 planned_ane_groups=0 planned_ane_refs=0 planned_gpu_groups=156 planned_gpu_refs=1386 tail_gpu_groups=0 tail_gpu_refs=0 planned_ssd_groups=156 est_gpu=11370.0 est_ane=0.0 est_idle=100.00% wall=61.421 ms actual_ane_groups=0 actual_ane_refs=0 actual_gpu_groups=0 actual_gpu_refs=0 finishes=0 waits=0 overlap_gpu_groups=0
ds4: Flash-MoE async pread canceled queued=2 reading=1 ready=3356 finished=1
ds4: gpu chunked prefill pos=8192 tokens=231 layer 16 encode=78.041 ms execute=0.914 ms
ds4: Flash-MoE prefill layer=17 tokens=231 unique=171 refs=1386 sync=5.493 ms plan=0.358 ms stage/compute=65.643 ms misses=171
ds4: Flash-MoE hybrid prefill layer=17 ane_groups=0 ane_refs=0 gpu_i8_groups=0 gpu_i8_refs=0 fp32_groups=0 ane_min_refs=128 concurrent=1 ane_pipeline=1 output_queue=4 async_ane=0 gpu_overlap=0 finishes=0 waits=0
ds4: Flash-MoE overlap plan layer=17 exec_groups=171 planned_ane_groups=0 planned_ane_refs=0 planned_gpu_groups=171 planned_gpu_refs=1386 tail_gpu_groups=0 tail_gpu_refs=0 planned_ssd_groups=171 est_gpu=12330.0 est_ane=0.0 est_idle=100.00% wall=65.443 ms actual_ane_groups=0 actual_ane_refs=0 actual_gpu_groups=0 actual_gpu_refs=0 finishes=0 waits=0 overlap_gpu_groups=0
ds4: Flash-MoE async pread canceled queued=2 reading=1 ready=3381 finished=1
ds4: gpu chunked prefill pos=8192 tokens=231 layer 17 encode=71.991 ms execute=0.926 ms
ds4: Flash-MoE prefill layer=18 tokens=231 unique=141 refs=1386 sync=14.648 ms plan=0.372 ms stage/compute=56.835 ms misses=141
ds4: Flash-MoE hybrid prefill layer=18 ane_groups=0 ane_refs=0 gpu_i8_groups=0 gpu_i8_refs=0 fp32_groups=0 ane_min_refs=128 concurrent=1 ane_pipeline=1 output_queue=4 async_ane=0 gpu_overlap=0 finishes=0 waits=0
ds4: Flash-MoE overlap plan layer=18 exec_groups=141 planned_ane_groups=0 planned_ane_refs=0 planned_gpu_groups=141 planned_gpu_refs=1386 tail_gpu_groups=0 tail_gpu_refs=0 planned_ssd_groups=141 est_gpu=10410.0 est_ane=0.0 est_idle=100.00% wall=56.658 ms actual_ane_groups=0 actual_ane_refs=0 actual_gpu_groups=0 actual_gpu_refs=0 finishes=0 waits=0 overlap_gpu_groups=0
ds4: Flash-MoE async pread canceled queued=2 reading=1 ready=3406 finished=1
ds4: gpu chunked prefill pos=8192 tokens=231 layer 18 encode=72.847 ms execute=0.942 ms
ds4: Flash-MoE prefill layer=19 tokens=231 unique=193 refs=1386 sync=5.570 ms plan=0.348 ms stage/compute=75.357 ms misses=193
ds4: Flash-MoE hybrid prefill layer=19 ane_groups=0 ane_refs=0 gpu_i8_groups=0 gpu_i8_refs=0 fp32_groups=0 ane_min_refs=128 concurrent=1 ane_pipeline=1 output_queue=4 async_ane=0 gpu_overlap=0 finishes=0 waits=0
ds4: Flash-MoE overlap plan layer=19 exec_groups=193 planned_ane_groups=0 planned_ane_refs=0 planned_gpu_groups=193 planned_gpu_refs=1386 tail_gpu_groups=0 tail_gpu_refs=0 planned_ssd_groups=193 est_gpu=13738.0 est_ane=0.0 est_idle=100.00% wall=75.070 ms actual_ane_groups=0 actual_ane_refs=0 actual_gpu_groups=0 actual_gpu_refs=0 finishes=0 waits=0 overlap_gpu_groups=0
ds4: Flash-MoE async pread canceled queued=2 reading=1 ready=3416 finished=1
ds4: gpu chunked prefill pos=8192 tokens=231 layer 19 encode=81.760 ms execute=0.922 ms
ds4: Flash-MoE prefill layer=20 tokens=231 unique=145 refs=1386 sync=14.620 ms plan=0.301 ms stage/compute=59.476 ms misses=145
ds4: Flash-MoE hybrid prefill layer=20 ane_groups=0 ane_refs=0 gpu_i8_groups=0 gpu_i8_refs=0 fp32_groups=0 ane_min_refs=128 concurrent=1 ane_pipeline=1 output_queue=4 async_ane=0 gpu_overlap=0 finishes=0 waits=0
ds4: Flash-MoE overlap plan layer=20 exec_groups=145 planned_ane_groups=0 planned_ane_refs=0 planned_gpu_groups=145 planned_gpu_refs=1386 tail_gpu_groups=0 tail_gpu_refs=0 planned_ssd_groups=145 est_gpu=10666.0 est_ane=0.0 est_idle=100.00% wall=59.286 ms actual_ane_groups=0 actual_ane_refs=0 actual_gpu_groups=0 actual_gpu_refs=0 finishes=0 waits=0 overlap_gpu_groups=0
ds4: Flash-MoE async pread canceled queued=2 reading=1 ready=3436 finished=1
ds4: gpu chunked prefill pos=8192 tokens=231 layer 20 encode=75.406 ms execute=0.937 ms
ds4: Flash-MoE prefill layer=21 tokens=231 unique=153 refs=1386 sync=5.434 ms plan=0.472 ms stage/compute=60.286 ms misses=153
ds4: Flash-MoE hybrid prefill layer=21 ane_groups=0 ane_refs=0 gpu_i8_groups=0 gpu_i8_refs=0 fp32_groups=0 ane_min_refs=128 concurrent=1 ane_pipeline=1 output_queue=4 async_ane=0 gpu_overlap=0 finishes=0 waits=0
ds4: Flash-MoE overlap plan layer=21 exec_groups=153 planned_ane_groups=0 planned_ane_refs=0 planned_gpu_groups=153 planned_gpu_refs=1386 tail_gpu_groups=0 tail_gpu_refs=0 planned_ssd_groups=153 est_gpu=11178.0 est_ane=0.0 est_idle=100.00% wall=60.049 ms actual_ane_groups=0 actual_ane_refs=0 actual_gpu_groups=0 actual_gpu_refs=0 finishes=0 waits=0 overlap_gpu_groups=0
ds4: Flash-MoE async pread canceled queued=2 reading=2 ready=3452 finished=2
ds4: gpu chunked prefill pos=8192 tokens=231 layer 21 encode=66.677 ms execute=0.997 ms
ds4: Flash-MoE prefill layer=22 tokens=231 unique=166 refs=1386 sync=14.529 ms plan=0.299 ms stage/compute=64.145 ms misses=166
ds4: Flash-MoE hybrid prefill layer=22 ane_groups=0 ane_refs=0 gpu_i8_groups=0 gpu_i8_refs=0 fp32_groups=0 ane_min_refs=128 concurrent=1 ane_pipeline=1 output_queue=4 async_ane=0 gpu_overlap=0 finishes=0 waits=0
ds4: Flash-MoE overlap plan layer=22 exec_groups=166 planned_ane_groups=0 planned_ane_refs=0 planned_gpu_groups=166 planned_gpu_refs=1386 tail_gpu_groups=0 tail_gpu_refs=0 planned_ssd_groups=166 est_gpu=12010.0 est_ane=0.0 est_idle=100.00% wall=63.939 ms actual_ane_groups=0 actual_ane_refs=0 actual_gpu_groups=0 actual_gpu_refs=0 finishes=0 waits=0 overlap_gpu_groups=0
ds4: Flash-MoE async pread canceled queued=2 reading=2 ready=3467 finished=2
ds4: gpu chunked prefill pos=8192 tokens=231 layer 22 encode=79.926 ms execute=0.911 ms
ds4: Flash-MoE prefill layer=23 tokens=231 unique=181 refs=1386 sync=5.721 ms plan=0.331 ms stage/compute=69.828 ms misses=181
ds4: Flash-MoE hybrid prefill layer=23 ane_groups=0 ane_refs=0 gpu_i8_groups=0 gpu_i8_refs=0 fp32_groups=0 ane_min_refs=128 concurrent=1 ane_pipeline=1 output_queue=4 async_ane=0 gpu_overlap=0 finishes=0 waits=0
ds4: Flash-MoE overlap plan layer=23 exec_groups=181 planned_ane_groups=0 planned_ane_refs=0 planned_gpu_groups=181 planned_gpu_refs=1386 tail_gpu_groups=0 tail_gpu_refs=0 planned_ssd_groups=181 est_gpu=12970.0 est_ane=0.0 est_idle=100.00% wall=69.615 ms actual_ane_groups=0 actual_ane_refs=0 actual_gpu_groups=0 actual_gpu_refs=0 finishes=0 waits=0 overlap_gpu_groups=0
ds4: Flash-MoE async pread canceled queued=2 reading=2 ready=3482 finished=2
ds4: gpu chunked prefill pos=8192 tokens=231 layer 23 encode=76.473 ms execute=0.942 ms
ds4: Flash-MoE prefill layer=24 tokens=231 unique=164 refs=1386 sync=14.526 ms plan=0.320 ms stage/compute=65.131 ms misses=164
ds4: Flash-MoE hybrid prefill layer=24 ane_groups=0 ane_refs=0 gpu_i8_groups=0 gpu_i8_refs=0 fp32_groups=0 ane_min_refs=128 concurrent=1 ane_pipeline=1 output_queue=4 async_ane=0 gpu_overlap=0 finishes=0 waits=0
ds4: Flash-MoE overlap plan layer=24 exec_groups=164 planned_ane_groups=0 planned_ane_refs=0 planned_gpu_groups=164 planned_gpu_refs=1386 tail_gpu_groups=0 tail_gpu_refs=0 planned_ssd_groups=164 est_gpu=11882.0 est_ane=0.0 est_idle=100.00% wall=64.931 ms actual_ane_groups=0 actual_ane_refs=0 actual_gpu_groups=0 actual_gpu_refs=0 finishes=0 waits=0 overlap_gpu_groups=0
ds4: Flash-MoE async pread canceled queued=2 reading=2 ready=3496 finished=2
ds4: gpu chunked prefill pos=8192 tokens=231 layer 24 encode=80.989 ms execute=0.913 ms
ds4: Flash-MoE prefill layer=25 tokens=231 unique=177 refs=1386 sync=5.427 ms plan=0.364 ms stage/compute=68.114 ms misses=177
ds4: Flash-MoE hybrid prefill layer=25 ane_groups=0 ane_refs=0 gpu_i8_groups=0 gpu_i8_refs=0 fp32_groups=0 ane_min_refs=128 concurrent=1 ane_pipeline=1 output_queue=4 async_ane=0 gpu_overlap=0 finishes=0 waits=0
ds4: Flash-MoE overlap plan layer=25 exec_groups=177 planned_ane_groups=0 planned_ane_refs=0 planned_gpu_groups=177 planned_gpu_refs=1386 tail_gpu_groups=0 tail_gpu_refs=0 planned_ssd_groups=177 est_gpu=12714.0 est_ane=0.0 est_idle=100.00% wall=67.905 ms actual_ane_groups=0 actual_ane_refs=0 actual_gpu_groups=0 actual_gpu_refs=0 finishes=0 waits=0 overlap_gpu_groups=0
ds4: Flash-MoE async pread canceled queued=2 reading=2 ready=3514 finished=2
ds4: gpu chunked prefill pos=8192 tokens=231 layer 25 encode=74.407 ms execute=0.929 ms
ds4: Flash-MoE prefill layer=26 tokens=231 unique=157 refs=1386 sync=14.483 ms plan=0.325 ms stage/compute=60.877 ms misses=157
ds4: Flash-MoE hybrid prefill layer=26 ane_groups=0 ane_refs=0 gpu_i8_groups=0 gpu_i8_refs=0 fp32_groups=0 ane_min_refs=128 concurrent=1 ane_pipeline=1 output_queue=4 async_ane=0 gpu_overlap=0 finishes=0 waits=0
ds4: Flash-MoE overlap plan layer=26 exec_groups=157 planned_ane_groups=0 planned_ane_refs=0 planned_gpu_groups=157 planned_gpu_refs=1386 tail_gpu_groups=0 tail_gpu_refs=0 planned_ssd_groups=157 est_gpu=11434.0 est_ane=0.0 est_idle=100.00% wall=60.689 ms actual_ane_groups=0 actual_ane_refs=0 actual_gpu_groups=0 actual_gpu_refs=0 finishes=0 waits=0 overlap_gpu_groups=0
ds4: Flash-MoE async pread canceled queued=2 reading=2 ready=3530 finished=2
ds4: gpu chunked prefill pos=8192 tokens=231 layer 26 encode=76.635 ms execute=0.930 ms
ds4: Flash-MoE prefill layer=27 tokens=231 unique=179 refs=1386 sync=5.484 ms plan=0.371 ms stage/compute=66.024 ms misses=179
ds4: Flash-MoE hybrid prefill layer=27 ane_groups=0 ane_refs=0 gpu_i8_groups=0 gpu_i8_refs=0 fp32_groups=0 ane_min_refs=128 concurrent=1 ane_pipeline=1 output_queue=4 async_ane=0 gpu_overlap=0 finishes=0 waits=0
ds4: Flash-MoE overlap plan layer=27 exec_groups=179 planned_ane_groups=0 planned_ane_refs=0 planned_gpu_groups=179 planned_gpu_refs=1386 tail_gpu_groups=0 tail_gpu_refs=0 planned_ssd_groups=179 est_gpu=12842.0 est_ane=0.0 est_idle=100.00% wall=65.787 ms actual_ane_groups=0 actual_ane_refs=0 actual_gpu_groups=0 actual_gpu_refs=0 finishes=0 waits=0 overlap_gpu_groups=0
ds4: Flash-MoE async pread canceled queued=2 reading=3 ready=3545 finished=3
ds4: gpu chunked prefill pos=8192 tokens=231 layer 27 encode=72.374 ms execute=0.945 ms
ds4: Flash-MoE prefill layer=28 tokens=231 unique=168 refs=1386 sync=14.544 ms plan=0.317 ms stage/compute=64.756 ms misses=168
ds4: Flash-MoE hybrid prefill layer=28 ane_groups=0 ane_refs=0 gpu_i8_groups=0 gpu_i8_refs=0 fp32_groups=0 ane_min_refs=128 concurrent=1 ane_pipeline=1 output_queue=4 async_ane=0 gpu_overlap=0 finishes=0 waits=0
ds4: Flash-MoE overlap plan layer=28 exec_groups=168 planned_ane_groups=0 planned_ane_refs=0 planned_gpu_groups=168 planned_gpu_refs=1386 tail_gpu_groups=0 tail_gpu_refs=0 planned_ssd_groups=168 est_gpu=12138.0 est_ane=0.0 est_idle=100.00% wall=64.556 ms actual_ane_groups=0 actual_ane_refs=0 actual_gpu_groups=0 actual_gpu_refs=0 finishes=0 waits=0 overlap_gpu_groups=0
ds4: Flash-MoE async pread canceled queued=2 reading=3 ready=3563 finished=3
ds4: gpu chunked prefill pos=8192 tokens=231 layer 28 encode=80.635 ms execute=0.943 ms
ds4: Flash-MoE prefill layer=29 tokens=231 unique=162 refs=1386 sync=5.466 ms plan=0.339 ms stage/compute=63.926 ms misses=162
ds4: Flash-MoE hybrid prefill layer=29 ane_groups=0 ane_refs=0 gpu_i8_groups=0 gpu_i8_refs=0 fp32_groups=0 ane_min_refs=128 concurrent=1 ane_pipeline=1 output_queue=4 async_ane=0 gpu_overlap=0 finishes=0 waits=0
ds4: Flash-MoE overlap plan layer=29 exec_groups=162 planned_ane_groups=0 planned_ane_refs=0 planned_gpu_groups=162 planned_gpu_refs=1386 tail_gpu_groups=0 tail_gpu_refs=0 planned_ssd_groups=162 est_gpu=11754.0 est_ane=0.0 est_idle=100.00% wall=63.732 ms actual_ane_groups=0 actual_ane_refs=0 actual_gpu_groups=0 actual_gpu_refs=0 finishes=0 waits=0 overlap_gpu_groups=0
ds4: Flash-MoE async pread canceled queued=2 reading=3 ready=3585 finished=3
ds4: gpu chunked prefill pos=8192 tokens=231 layer 29 encode=70.255 ms execute=0.933 ms
ds4: Flash-MoE prefill layer=30 tokens=231 unique=174 refs=1386 sync=14.621 ms plan=0.375 ms stage/compute=67.849 ms misses=174
ds4: Flash-MoE hybrid prefill layer=30 ane_groups=0 ane_refs=0 gpu_i8_groups=0 gpu_i8_refs=0 fp32_groups=0 ane_min_refs=128 concurrent=1 ane_pipeline=1 output_queue=4 async_ane=0 gpu_overlap=0 finishes=0 waits=0
ds4: Flash-MoE overlap plan layer=30 exec_groups=174 planned_ane_groups=0 planned_ane_refs=0 planned_gpu_groups=174 planned_gpu_refs=1386 tail_gpu_groups=0 tail_gpu_refs=0 planned_ssd_groups=174 est_gpu=12522.0 est_ane=0.0 est_idle=100.00% wall=67.646 ms actual_ane_groups=0 actual_ane_refs=0 actual_gpu_groups=0 actual_gpu_refs=0 finishes=0 waits=0 overlap_gpu_groups=0
ds4: Flash-MoE async pread canceled queued=2 reading=3 ready=3600 finished=3
ds4: gpu chunked prefill pos=8192 tokens=231 layer 30 encode=83.790 ms execute=0.915 ms
ds4: Flash-MoE prefill layer=31 tokens=231 unique=169 refs=1386 sync=5.439 ms plan=0.437 ms stage/compute=64.882 ms misses=169
ds4: Flash-MoE hybrid prefill layer=31 ane_groups=0 ane_refs=0 gpu_i8_groups=0 gpu_i8_refs=0 fp32_groups=0 ane_min_refs=128 concurrent=1 ane_pipeline=1 output_queue=4 async_ane=0 gpu_overlap=0 finishes=0 waits=0
ds4: Flash-MoE overlap plan layer=31 exec_groups=169 planned_ane_groups=0 planned_ane_refs=0 planned_gpu_groups=169 planned_gpu_refs=1386 tail_gpu_groups=0 tail_gpu_refs=0 planned_ssd_groups=169 est_gpu=12202.0 est_ane=0.0 est_idle=100.00% wall=64.662 ms actual_ane_groups=0 actual_ane_refs=0 actual_gpu_groups=0 actual_gpu_refs=0 finishes=0 waits=0 overlap_gpu_groups=0
ds4: Flash-MoE async pread canceled queued=2 reading=4 ready=3616 finished=4
ds4: gpu chunked prefill pos=8192 tokens=231 layer 31 encode=71.240 ms execute=0.939 ms
ds4: Flash-MoE prefill layer=32 tokens=231 unique=169 refs=1386 sync=15.016 ms plan=0.360 ms stage/compute=65.311 ms misses=169
ds4: Flash-MoE hybrid prefill layer=32 ane_groups=0 ane_refs=0 gpu_i8_groups=0 gpu_i8_refs=0 fp32_groups=0 ane_min_refs=128 concurrent=1 ane_pipeline=1 output_queue=4 async_ane=0 gpu_overlap=0 finishes=0 waits=0
ds4: Flash-MoE overlap plan layer=32 exec_groups=169 planned_ane_groups=0 planned_ane_refs=0 planned_gpu_groups=169 planned_gpu_refs=1386 tail_gpu_groups=0 tail_gpu_refs=0 planned_ssd_groups=169 est_gpu=12202.0 est_ane=0.0 est_idle=100.00% wall=65.116 ms actual_ane_groups=0 actual_ane_refs=0 actual_gpu_groups=0 actual_gpu_refs=0 finishes=0 waits=0 overlap_gpu_groups=0
ds4: Flash-MoE async pread canceled queued=2 reading=4 ready=3629 finished=4
ds4: gpu chunked prefill pos=8192 tokens=231 layer 32 encode=81.794 ms execute=0.930 ms
ds4: Flash-MoE prefill layer=33 tokens=231 unique=161 refs=1386 sync=5.482 ms plan=0.379 ms stage/compute=62.916 ms misses=161
ds4: Flash-MoE hybrid prefill layer=33 ane_groups=0 ane_refs=0 gpu_i8_groups=0 gpu_i8_refs=0 fp32_groups=0 ane_min_refs=128 concurrent=1 ane_pipeline=1 output_queue=4 async_ane=0 gpu_overlap=0 finishes=0 waits=0
ds4: Flash-MoE overlap plan layer=33 exec_groups=161 planned_ane_groups=0 planned_ane_refs=0 planned_gpu_groups=161 planned_gpu_refs=1386 tail_gpu_groups=0 tail_gpu_refs=0 planned_ssd_groups=161 est_gpu=11690.0 est_ane=0.0 est_idle=100.00% wall=62.685 ms actual_ane_groups=0 actual_ane_refs=0 actual_gpu_groups=0 actual_gpu_refs=0 finishes=0 waits=0 overlap_gpu_groups=0
ds4: Flash-MoE async pread canceled queued=2 reading=5 ready=3649 finished=5
ds4: gpu chunked prefill pos=8192 tokens=231 layer 33 encode=69.296 ms execute=0.935 ms
ds4: Flash-MoE prefill layer=34 tokens=231 unique=164 refs=1386 sync=14.559 ms plan=0.293 ms stage/compute=62.220 ms misses=164
ds4: Flash-MoE hybrid prefill layer=34 ane_groups=0 ane_refs=0 gpu_i8_groups=0 gpu_i8_refs=0 fp32_groups=0 ane_min_refs=128 concurrent=1 ane_pipeline=1 output_queue=4 async_ane=0 gpu_overlap=0 finishes=0 waits=0
ds4: Flash-MoE overlap plan layer=34 exec_groups=164 planned_ane_groups=0 planned_ane_refs=0 planned_gpu_groups=164 planned_gpu_refs=1386 tail_gpu_groups=0 tail_gpu_refs=0 planned_ssd_groups=164 est_gpu=11882.0 est_ane=0.0 est_idle=100.00% wall=62.006 ms actual_ane_groups=0 actual_ane_refs=0 actual_gpu_groups=0 actual_gpu_refs=0 finishes=0 waits=0 overlap_gpu_groups=0
ds4: Flash-MoE async pread canceled queued=2 reading=5 ready=3662 finished=5
ds4: gpu chunked prefill pos=8192 tokens=231 layer 34 encode=78.117 ms execute=0.930 ms
ds4: Flash-MoE prefill layer=35 tokens=231 unique=163 refs=1386 sync=5.327 ms plan=0.295 ms stage/compute=63.327 ms misses=163
ds4: Flash-MoE hybrid prefill layer=35 ane_groups=0 ane_refs=0 gpu_i8_groups=0 gpu_i8_refs=0 fp32_groups=0 ane_min_refs=128 concurrent=1 ane_pipeline=1 output_queue=4 async_ane=0 gpu_overlap=0 finishes=0 waits=0
ds4: Flash-MoE overlap plan layer=35 exec_groups=163 planned_ane_groups=0 planned_ane_refs=0 planned_gpu_groups=163 planned_gpu_refs=1386 tail_gpu_groups=0 tail_gpu_refs=0 planned_ssd_groups=163 est_gpu=11818.0 est_ane=0.0 est_idle=100.00% wall=63.124 ms actual_ane_groups=0 actual_ane_refs=0 actual_gpu_groups=0 actual_gpu_refs=0 finishes=0 waits=0 overlap_gpu_groups=0
ds4: Flash-MoE async pread canceled queued=8 reading=6 ready=3671 finished=6
ds4: gpu chunked prefill pos=8192 tokens=231 layer 35 encode=69.437 ms execute=0.965 ms
ds4: Flash-MoE prefill layer=36 tokens=231 unique=172 refs=1386 sync=14.774 ms plan=0.324 ms stage/compute=64.291 ms misses=172
ds4: Flash-MoE hybrid prefill layer=36 ane_groups=0 ane_refs=0 gpu_i8_groups=0 gpu_i8_refs=0 fp32_groups=0 ane_min_refs=128 concurrent=1 ane_pipeline=1 output_queue=4 async_ane=0 gpu_overlap=0 finishes=0 waits=0
ds4: Flash-MoE overlap plan layer=36 exec_groups=172 planned_ane_groups=0 planned_ane_refs=0 planned_gpu_groups=172 planned_gpu_refs=1386 tail_gpu_groups=0 tail_gpu_refs=0 planned_ssd_groups=172 est_gpu=12394.0 est_ane=0.0 est_idle=100.00% wall=64.093 ms actual_ane_groups=0 actual_ane_refs=0 actual_gpu_groups=0 actual_gpu_refs=0 finishes=0 waits=0 overlap_gpu_groups=0
ds4: Flash-MoE async pread canceled queued=8 reading=6 ready=3690 finished=6
ds4: gpu chunked prefill pos=8192 tokens=231 layer 36 encode=80.396 ms execute=1.001 ms
ds4: Flash-MoE prefill layer=37 tokens=231 unique=161 refs=1386 sync=5.439 ms plan=0.348 ms stage/compute=62.968 ms misses=161
ds4: Flash-MoE hybrid prefill layer=37 ane_groups=0 ane_refs=0 gpu_i8_groups=0 gpu_i8_refs=0 fp32_groups=0 ane_min_refs=128 concurrent=1 ane_pipeline=1 output_queue=4 async_ane=0 gpu_overlap=0 finishes=0 waits=0
ds4: Flash-MoE overlap plan layer=37 exec_groups=161 planned_ane_groups=0 planned_ane_refs=0 planned_gpu_groups=161 planned_gpu_refs=1386 tail_gpu_groups=0 tail_gpu_refs=0 planned_ssd_groups=161 est_gpu=11690.0 est_ane=0.0 est_idle=100.00% wall=62.744 ms actual_ane_groups=0 actual_ane_refs=0 actual_gpu_groups=0 actual_gpu_refs=0 finishes=0 waits=0 overlap_gpu_groups=0
ds4: Flash-MoE async pread canceled queued=8 reading=7 ready=3709 finished=7
ds4: gpu chunked prefill pos=8192 tokens=231 layer 37 encode=69.250 ms execute=0.919 ms
ds4: Flash-MoE prefill layer=38 tokens=231 unique=176 refs=1386 sync=14.618 ms plan=0.370 ms stage/compute=68.917 ms misses=176
ds4: Flash-MoE hybrid prefill layer=38 ane_groups=0 ane_refs=0 gpu_i8_groups=0 gpu_i8_refs=0 fp32_groups=0 ane_min_refs=128 concurrent=1 ane_pipeline=1 output_queue=4 async_ane=0 gpu_overlap=0 finishes=0 waits=0
ds4: Flash-MoE overlap plan layer=38 exec_groups=176 planned_ane_groups=0 planned_ane_refs=0 planned_gpu_groups=176 planned_gpu_refs=1386 tail_gpu_groups=0 tail_gpu_refs=0 planned_ssd_groups=176 est_gpu=12650.0 est_ane=0.0 est_idle=100.00% wall=68.685 ms actual_ane_groups=0 actual_ane_refs=0 actual_gpu_groups=0 actual_gpu_refs=0 finishes=0 waits=0 overlap_gpu_groups=0
ds4: Flash-MoE async pread canceled queued=8 reading=7 ready=3728 finished=7
ds4: gpu chunked prefill pos=8192 tokens=231 layer 38 encode=84.909 ms execute=0.897 ms
ds4: Flash-MoE prefill layer=39 tokens=231 unique=166 refs=1386 sync=5.443 ms plan=0.360 ms stage/compute=63.854 ms misses=166
ds4: Flash-MoE hybrid prefill layer=39 ane_groups=0 ane_refs=0 gpu_i8_groups=0 gpu_i8_refs=0 fp32_groups=0 ane_min_refs=128 concurrent=1 ane_pipeline=1 output_queue=4 async_ane=0 gpu_overlap=0 finishes=0 waits=0
ds4: Flash-MoE overlap plan layer=39 exec_groups=166 planned_ane_groups=0 planned_ane_refs=0 planned_gpu_groups=166 planned_gpu_refs=1386 tail_gpu_groups=0 tail_gpu_refs=0 planned_ssd_groups=166 est_gpu=12010.0 est_ane=0.0 est_idle=100.00% wall=63.625 ms actual_ane_groups=0 actual_ane_refs=0 actual_gpu_groups=0 actual_gpu_refs=0 finishes=0 waits=0 overlap_gpu_groups=0
ds4: Flash-MoE async pread canceled queued=8 reading=7 ready=3744 finished=7
ds4: gpu chunked prefill pos=8192 tokens=231 layer 39 encode=70.150 ms execute=0.927 ms
ds4: Flash-MoE prefill layer=40 tokens=231 unique=126 refs=1386 sync=14.520 ms plan=0.327 ms stage/compute=49.887 ms misses=126
ds4: Flash-MoE hybrid prefill layer=40 ane_groups=1 ane_refs=203 gpu_i8_groups=0 gpu_i8_refs=0 fp32_groups=0 ane_min_refs=128 concurrent=1 ane_pipeline=1 output_queue=4 async_ane=1 gpu_overlap=125 finishes=1 waits=2
ds4: Flash-MoE overlap plan layer=40 exec_groups=126 planned_ane_groups=1 planned_ane_refs=203 planned_gpu_groups=125 planned_gpu_refs=1183 tail_gpu_groups=0 tail_gpu_refs=0 planned_ssd_groups=126 est_gpu=9183.0 est_ane=162.6 est_idle=98.23% wall=49.723 ms actual_ane_groups=1 actual_ane_refs=203 actual_gpu_groups=0 actual_gpu_refs=0 finishes=1 waits=2 overlap_gpu_groups=125
ds4: Flash-MoE async pread canceled queued=8 reading=7 ready=3767 finished=7
ds4: gpu chunked prefill pos=8192 tokens=231 layer 40 encode=65.697 ms execute=1.004 ms
ds4: Flash-MoE prefill layer=41 tokens=231 unique=147 refs=1386 sync=5.467 ms plan=0.427 ms stage/compute=58.579 ms misses=147
ds4: Flash-MoE hybrid prefill layer=41 ane_groups=0 ane_refs=0 gpu_i8_groups=0 gpu_i8_refs=0 fp32_groups=0 ane_min_refs=128 concurrent=1 ane_pipeline=1 output_queue=4 async_ane=0 gpu_overlap=0 finishes=0 waits=0
ds4: Flash-MoE overlap plan layer=41 exec_groups=147 planned_ane_groups=0 planned_ane_refs=0 planned_gpu_groups=147 planned_gpu_refs=1386 tail_gpu_groups=0 tail_gpu_refs=0 planned_ssd_groups=147 est_gpu=10794.0 est_ane=0.0 est_idle=100.00% wall=58.388 ms actual_ane_groups=0 actual_ane_refs=0 actual_gpu_groups=0 actual_gpu_refs=0 finishes=0 waits=0 overlap_gpu_groups=0
ds4: Flash-MoE async pread canceled queued=9 reading=9 ready=3784 finished=9
ds4: gpu chunked prefill pos=8192 tokens=231 layer 41 encode=64.944 ms execute=0.931 ms
ds4: Flash-MoE prefill layer=42 tokens=231 unique=144 refs=1386 sync=14.555 ms plan=0.292 ms stage/compute=58.157 ms misses=144
ds4: Flash-MoE hybrid prefill layer=42 ane_groups=0 ane_refs=0 gpu_i8_groups=0 gpu_i8_refs=0 fp32_groups=0 ane_min_refs=128 concurrent=1 ane_pipeline=1 output_queue=4 async_ane=0 gpu_overlap=0 finishes=0 waits=0
ds4: Flash-MoE overlap plan layer=42 exec_groups=144 planned_ane_groups=0 planned_ane_refs=0 planned_gpu_groups=144 planned_gpu_refs=1386 tail_gpu_groups=0 tail_gpu_refs=0 planned_ssd_groups=144 est_gpu=10602.0 est_ane=0.0 est_idle=100.00% wall=57.971 ms actual_ane_groups=0 actual_ane_refs=0 actual_gpu_groups=0 actual_gpu_refs=0 finishes=0 waits=0 overlap_gpu_groups=0
ds4: Flash-MoE async pread canceled queued=9 reading=9 ready=3809 finished=9
ds4: gpu chunked prefill pos=8192 tokens=231 layer 42 encode=73.959 ms execute=0.866 ms
processing 8423 input tokens: 8423/8423 (100.0%) batch=68.27 t/s avg=164.02 t/s
ds4: gpu chunked prefill start=0 tokens=8423 chunk=1024 encode=50098.985 ms execute=930.768 ms read=0.007 ms total=51062.408 ms
ds4: prefill full: 8423 tokens in 51354.2 ms (164.0 t/s)
We
ds4: ----------------------------------------
ds4: prefill: 164.02 t/s, generation: 1.32 t/s
ds4: Flash-MoE cross-layer prefetch layers=378 experts_queued=18144 (avg=48.0/layer)
ds4: Flash-MoE slot-bank stats hits=0 misses=79766 hit-rate=0.0% resident-slots=258/4128 (6.2%, avg=6.0/layer min=6 max=6 of 96) installed=538420.50 MiB
ds4: Flash-MoE decode prefetch calls=43 loads=258 bytes=1741.50 MiB pread=153.645 ms upload=103.117 ms overlap-flushes=43
ds4: Flash-MoE prefill dedup refs=2173134 unique=79508 saved=2093626 (96.3%) reuse=27.33x
ds4: Flash-MoE prefill stage stats calls=79508 bytes=536679.00 MiB pread=15129.348 ms upload=8819.230 ms gate=2751.523 ms up=2695.927 ms down=3371.780 ms scatter=66.927 ms stage_rate=22409.64 MiB/s pread_rate=35472.71 MiB/s upload_rate=60853.27 MiB/s
ds4: Flash-MoE prefill pread issue stats span=51017.328 ms active=29.66% span_rate=10519.54 MiB/s issue_gap=969699.968 ms post_stage_gap=8538.278 ms same_layer_issue=950746.271 ms same_layer_post=32.632 ms cross_layer_issue=18953.697 ms cross_layer_post=8505.646 ms max_issue=187.392 ms max_post=45.308 ms issue_gaps=62042 post_gaps=453 issue_gt1=13256 issue_gt5=12170 issue_gt20=11257 post_gt1=370 post_gt5=334 post_gt20=128
ds4: Flash-MoE prefill pread bucket le16 calls=44491 refs=277975 bytes=300314.25 MiB pread=8561.827 ms issue_gap=673175.037 ms post_stage_gap=43.465 ms pread_rate=35075.95 MiB/s
ds4: Flash-MoE prefill pread bucket le32 calls=15846 refs=374370 bytes=106960.50 MiB pread=2712.336 ms issue_gap=165943.137 ms post_stage_gap=25.350 ms pread_rate=39434.83 MiB/s
ds4: Flash-MoE prefill pread bucket le64 calls=11329 refs=510015 bytes=76470.75 MiB pread=2025.665 ms issue_gap=78581.302 ms post_stage_gap=108.468 ms pread_rate=37750.94 MiB/s
ds4: Flash-MoE prefill pread bucket le128 calls=5430 refs=479567 bytes=36652.50 MiB pread=1244.524 ms issue_gap=26813.574 ms post_stage_gap=870.574 ms pread_rate=29451.02 MiB/s
ds4: Flash-MoE prefill pread bucket le256 calls=1922 refs=333274 bytes=12973.50 MiB pread=486.849 ms issue_gap=11022.105 ms post_stage_gap=1227.686 ms pread_rate=26647.89 MiB/s
ds4: Flash-MoE prefill pread bucket le512 calls=408 refs=140807 bytes=2754.00 MiB pread=83.216 ms issue_gap=11397.820 ms post_stage_gap=4684.782 ms pread_rate=33094.60 MiB/s
ds4: Flash-MoE prefill pread bucket gt512 calls=82 refs=57126 bytes=553.50 MiB pread=14.931 ms issue_gap=2766.993 ms post_stage_gap=1577.953 ms pread_rate=37070.52 MiB/s
ds4: ANE prefill stats calls=1491 ok=1491 skipped_big_refs=0 compile_attempts=1 compile_failures=0 eval_calls=2011 eval_failures=0 write_failures=0 reopen_failures=0
ds4: ANE prefill timing dequant=14.323 ms input=0.455 ms ane_eval=5042.310 ms ane_eval_a=5042.310 ms ane_eval_b=0.000 ms ane_eval_c=0.000 ms ane_eval_d=0.000 ms ane_wall_est=5042.310 ms writeback=6.235 ms helper_avg=2.507364 ms ane_calls=2011 ane_call_avg=2.507364 ms
ds4: ANE prefill timing2 output_pack=5.951 ms measured_total=5069.274 ms
ds4: ANE prefill timing3 dequant_wait=949.671 ms post_wait=0.000 ms x_zero=15.266 ms x_copy=34.560 ms out_zero=68.906 ms out_f16_copy=68.823 ms output_convert=5.951 ms output_gpu_encode=5.951 ms output_chunks=1491 output_elems=1475903488 output_convert_rate=248.009 Gelem/s
ds4: ANE prefill timing4 wait_predict=0.000 ms finish_join_ane=50.818 ms finish_join_post=0.000 ms wait_predict_calls=0 finish_calls=1491
ds4: ANE prefill chunks refs=360328 padded_refs=514816 pad_util=69.99% le16=32 le64=127 le128=146 full=523
ds4: ANE prefill batch_hist B256=2011 refs=360328 util=70.0%
