ds4: context buffers 881.95 MiB (ctx=10000, backend=metal, prefill_chunk=1024, raw_kv_rows=8704, compressed_kv_rows=2502)
ds4: Flash-MoE sidecar loaded: /Users/anemll/Models/flash/dsv4-iq2xxs-expert-major (slot-bank=96, expert-record 6.75 MiB)
ds4: Metal device Apple M5 Max, 128.00 GiB RAM
ds4: Flash-MoE using mmap-backed dense/shared weights without full-model Metal residency warmup
ds4: Metal model views created in 0.276 ms, residency requested in 0.000 ms, warmup 0.000 ms (mapped 8393.67 MiB from offset 5.06 MiB)
ds4: Metal mapped mmaped model as 1 overlapping shared buffers
ds4: metal backend initialized for graph diagnostics
ds4: prefill routed-MoE (requested): mul_mm_id (grouped GPU / ALU)  [grouped path]
ds4: prefill quant scales (ANE env first): w_qscale=512 x_qscale=32 mid_qscale=32 w_scale=0.00195312 x_scale=0.03125 mid_scale=0.03125
ds4: prefill ctx-grow: on, block=2048 tokens
ds4: prefill chunk cap: 1024, graph_raw_cap=8704
ds4: Flash-MoE slot banks allocated: layers=43 slots=96 gpu-bank=27864.00 MiB
ds4: prefill compute: routed experts = ANE i8i8 (W8A8) | dense proj = fp16-NAX (half x half)
ds4: prefill I/O: io-split=4 async-pread=on pread-threads=4 readahead=12 bank-prefetch=3 xlayer=auto<=6k-tok topk=48
ds4: decode  I/O: io-split=4 temporal-prefetch=on slots=96
ds4: Flash-MoE banked kernels using M5 simdgroup_matrix fast path (prefetch=3, banks=4)
ds4: prefill chunk cap EFFECTIVE=1024 tokens (DS4_METAL_PREFILL_CHUNK=1024) (resident-NAX tiles this by scratch_cap; that tile gates the sync bridge)
ds4: ANE i8w-i8x-tiled-fused cached async prefill B=256 H=4096 I=2048 w_scale=0.00195312 x_scale=0.03125 mid_scale=0.03125
processing 8423 input tokens: 0/8423 (0.0%) batch=0.00 t/s avg=0.00 t/s
ds4: Flash-MoE prefill layer=0 tokens=1024 unique=256 refs=6144 sync=31.229 ms plan=0.485 ms stage/compute=153.447 ms misses=256
ds4: Flash-MoE hybrid prefill layer=0 ane_groups=0 ane_refs=0 gpu_i8_groups=0 gpu_i8_refs=0 fp32_groups=0 ane_min_refs=64 concurrent=1 ane_pipeline=1 output_queue=4 async_ane=0 gpu_overlap=0 finishes=0 waits=0
ds4: Flash-MoE overlap plan layer=0 exec_groups=256 planned_ane_groups=0 planned_ane_refs=0 planned_gpu_groups=256 planned_gpu_refs=6144 tail_gpu_groups=0 tail_gpu_refs=0 planned_ssd_groups=256 est_gpu=22528.0 est_ane=0.0 est_idle=100.00% wall=152.336 ms actual_ane_groups=0 actual_ane_refs=0 actual_gpu_groups=0 actual_gpu_refs=0 finishes=0 waits=0 overlap_gpu_groups=0
ds4: gpu chunked prefill pos=0 tokens=1024 layer 0 encode=186.995 ms execute=5.210 ms
ds4: Flash-MoE prefill layer=1 tokens=1024 unique=256 refs=6144 sync=12.231 ms plan=0.356 ms stage/compute=149.364 ms misses=256
ds4: Flash-MoE hybrid prefill layer=1 ane_groups=1 ane_refs=65 gpu_i8_groups=0 gpu_i8_refs=0 fp32_groups=0 ane_min_refs=64 concurrent=1 ane_pipeline=1 output_queue=4 async_ane=1 gpu_overlap=255 finishes=1 waits=2
ds4: Flash-MoE overlap plan layer=1 exec_groups=256 planned_ane_groups=1 planned_ane_refs=65 planned_gpu_groups=255 planned_gpu_refs=6079 tail_gpu_groups=0 tail_gpu_refs=0 planned_ssd_groups=256 est_gpu=22399.0 est_ane=162.6 est_idle=99.27% wall=148.963 ms actual_ane_groups=1 actual_ane_refs=65 actual_gpu_groups=0 actual_gpu_refs=0 finishes=1 waits=2 overlap_gpu_groups=255
ds4: gpu chunked prefill pos=0 tokens=1024 layer 1 encode=162.484 ms execute=2.629 ms
ds4: Flash-MoE prefill layer=2 tokens=1024 unique=256 refs=6144 sync=21.920 ms plan=0.300 ms stage/compute=149.319 ms misses=256
ds4: Flash-MoE hybrid prefill layer=2 ane_groups=2 ane_refs=135 gpu_i8_groups=0 gpu_i8_refs=0 fp32_groups=0 ane_min_refs=64 concurrent=1 ane_pipeline=1 output_queue=4 async_ane=2 gpu_overlap=254 finishes=2 waits=4
ds4: Flash-MoE overlap plan layer=2 exec_groups=256 planned_ane_groups=2 planned_ane_refs=135 planned_gpu_groups=254 planned_gpu_refs=6009 tail_gpu_groups=0 tail_gpu_refs=0 planned_ssd_groups=256 est_gpu=22265.0 est_ane=325.2 est_idle=98.54% wall=148.925 ms actual_ane_groups=2 actual_ane_refs=135 actual_gpu_groups=0 actual_gpu_refs=0 finishes=2 waits=4 overlap_gpu_groups=254
ds4: gpu chunked prefill pos=0 tokens=1024 layer 2 encode=172.636 ms execute=2.695 ms
ds4: Flash-MoE prefill layer=3 tokens=1024 unique=231 refs=6144 sync=14.391 ms plan=0.288 ms stage/compute=116.277 ms misses=231
ds4: Flash-MoE hybrid prefill layer=3 ane_groups=9 ane_refs=1765 gpu_i8_groups=0 gpu_i8_refs=0 fp32_groups=0 ane_min_refs=64 concurrent=1 ane_pipeline=1 output_queue=4 async_ane=9 gpu_overlap=222 finishes=9 waits=18
ds4: Flash-MoE overlap plan layer=3 exec_groups=231 planned_ane_groups=9 planned_ane_refs=1765 planned_gpu_groups=222 planned_gpu_refs=4379 tail_gpu_groups=0 tail_gpu_refs=0 planned_ssd_groups=231 est_gpu=18587.0 est_ane=1471.0 est_idle=92.09% wall=115.903 ms actual_ane_groups=9 actual_ane_refs=1765 actual_gpu_groups=0 actual_gpu_refs=0 finishes=9 waits=18 overlap_gpu_groups=222
ds4: Flash-MoE async pread canceled queued=0 reading=0 ready=5 finished=0
ds4: gpu chunked prefill pos=0 tokens=1024 layer 3 encode=131.841 ms execute=2.585 ms
ds4: Flash-MoE prefill layer=4 tokens=1024 unique=201 refs=6144 sync=20.406 ms plan=0.330 ms stage/compute=98.856 ms misses=201
ds4: Flash-MoE hybrid prefill layer=4 ane_groups=9 ane_refs=2318 gpu_i8_groups=0 gpu_i8_refs=0 fp32_groups=0 ane_min_refs=64 concurrent=1 ane_pipeline=1 output_queue=4 async_ane=9 gpu_overlap=192 finishes=9 waits=18
ds4: Flash-MoE overlap plan layer=4 exec_groups=201 planned_ane_groups=9 planned_ane_refs=2318 planned_gpu_groups=192 planned_gpu_refs=3826 tail_gpu_groups=0 tail_gpu_refs=0 planned_ssd_groups=201 est_gpu=16114.0 est_ane=1476.2 est_idle=90.84% wall=98.500 ms actual_ane_groups=9 actual_ane_refs=2318 actual_gpu_groups=0 actual_gpu_refs=0 finishes=9 waits=18 overlap_gpu_groups=192
ds4: Flash-MoE async pread canceled queued=0 reading=0 ready=18 finished=0
ds4: gpu chunked prefill pos=0 tokens=1024 layer 4 encode=120.299 ms execute=2.559 ms
ds4: Flash-MoE prefill layer=5 tokens=1024 unique=222 refs=6144 sync=14.598 ms plan=0.363 ms stage/compute=115.078 ms misses=222
ds4: Flash-MoE hybrid prefill layer=5 ane_groups=9 ane_refs=1771 gpu_i8_groups=0 gpu_i8_refs=0 fp32_groups=0 ane_min_refs=64 concurrent=1 ane_pipeline=1 output_queue=4 async_ane=9 gpu_overlap=213 finishes=9 waits=18
ds4: Flash-MoE overlap plan layer=5 exec_groups=222 planned_ane_groups=9 planned_ane_refs=1771 planned_gpu_groups=213 planned_gpu_refs=4373 tail_gpu_groups=0 tail_gpu_refs=0 planned_ssd_groups=222 est_gpu=18005.0 est_ane=1471.0 est_idle=91.83% wall=114.718 ms actual_ane_groups=9 actual_ane_refs=1771 actual_gpu_groups=0 actual_gpu_refs=0 finishes=9 waits=18 overlap_gpu_groups=213
ds4: Flash-MoE async pread canceled queued=0 reading=0 ready=27 finished=0
ds4: gpu chunked prefill pos=0 tokens=1024 layer 5 encode=130.635 ms execute=2.646 ms
ds4: Flash-MoE prefill layer=6 tokens=1024 unique=215 refs=6144 sync=20.635 ms plan=0.312 ms stage/compute=104.301 ms misses=215
ds4: Flash-MoE hybrid prefill layer=6 ane_groups=10 ane_refs=2101 gpu_i8_groups=0 gpu_i8_refs=0 fp32_groups=0 ane_min_refs=64 concurrent=1 ane_pipeline=1 output_queue=4 async_ane=10 gpu_overlap=205 finishes=10 waits=20
ds4: Flash-MoE overlap plan layer=6 exec_groups=215 planned_ane_groups=10 planned_ane_refs=2101 planned_gpu_groups=205 planned_gpu_refs=4043 tail_gpu_groups=0 tail_gpu_refs=0 planned_ssd_groups=215 est_gpu=17163.0 est_ane=1633.6 est_idle=90.48% wall=103.949 ms actual_ane_groups=10 actual_ane_refs=2101 actual_gpu_groups=0 actual_gpu_refs=0 finishes=10 waits=20 overlap_gpu_groups=205
ds4: Flash-MoE async pread canceled queued=0 reading=0 ready=34 finished=0
ds4: gpu chunked prefill pos=0 tokens=1024 layer 6 encode=125.963 ms execute=2.526 ms
ds4: Flash-MoE prefill layer=7 tokens=1024 unique=209 refs=6144 sync=14.482 ms plan=0.347 ms stage/compute=103.662 ms misses=209
ds4: Flash-MoE hybrid prefill layer=7 ane_groups=9 ane_refs=2782 gpu_i8_groups=0 gpu_i8_refs=0 fp32_groups=0 ane_min_refs=64 concurrent=1 ane_pipeline=1 output_queue=4 async_ane=9 gpu_overlap=200 finishes=9 waits=18
ds4: Flash-MoE overlap plan layer=7 exec_groups=209 planned_ane_groups=9 planned_ane_refs=2782 planned_gpu_groups=200 planned_gpu_refs=3362 tail_gpu_groups=0 tail_gpu_refs=0 planned_ssd_groups=209 est_gpu=16162.0 est_ane=1484.0 est_idle=90.82% wall=103.319 ms actual_ane_groups=9 actual_ane_refs=2782 actual_gpu_groups=0 actual_gpu_refs=0 finishes=9 waits=18 overlap_gpu_groups=200
ds4: Flash-MoE async pread canceled queued=0 reading=0 ready=42 finished=0
ds4: gpu chunked prefill pos=0 tokens=1024 layer 7 encode=118.971 ms execute=2.450 ms
ds4: Flash-MoE prefill layer=8 tokens=1024 unique=208 refs=6144 sync=20.546 ms plan=0.297 ms stage/compute=100.760 ms misses=208
ds4: Flash-MoE hybrid prefill layer=8 ane_groups=9 ane_refs=2591 gpu_i8_groups=0 gpu_i8_refs=0 fp32_groups=0 ane_min_refs=64 concurrent=1 ane_pipeline=1 output_queue=4 async_ane=9 gpu_overlap=199 finishes=9 waits=18
ds4: Flash-MoE overlap plan layer=8 exec_groups=208 planned_ane_groups=9 planned_ane_refs=2591 planned_gpu_groups=199 planned_gpu_refs=3553 tail_gpu_groups=0 tail_gpu_refs=0 planned_ssd_groups=208 est_gpu=16289.0 est_ane=1478.8 est_idle=90.92% wall=100.416 ms actual_ane_groups=9 actual_ane_refs=2591 actual_gpu_groups=0 actual_gpu_refs=0 finishes=9 waits=18 overlap_gpu_groups=199
ds4: Flash-MoE async pread canceled queued=0 reading=0 ready=52 finished=0
ds4: gpu chunked prefill pos=0 tokens=1024 layer 8 encode=122.351 ms execute=2.510 ms
ds4: Flash-MoE prefill layer=9 tokens=1024 unique=233 refs=6144 sync=14.502 ms plan=0.339 ms stage/compute=111.604 ms misses=233
ds4: Flash-MoE hybrid prefill layer=9 ane_groups=11 ane_refs=1892 gpu_i8_groups=0 gpu_i8_refs=0 fp32_groups=0 ane_min_refs=64 concurrent=1 ane_pipeline=1 output_queue=4 async_ane=11 gpu_overlap=222 finishes=11 waits=22
ds4: Flash-MoE overlap plan layer=9 exec_groups=233 planned_ane_groups=11 planned_ane_refs=1892 planned_gpu_groups=222 planned_gpu_refs=4252 tail_gpu_groups=0 tail_gpu_refs=0 planned_ssd_groups=233 est_gpu=18460.0 est_ane=1796.2 est_idle=90.27% wall=111.238 ms actual_ane_groups=11 actual_ane_refs=1892 actual_gpu_groups=0 actual_gpu_refs=0 finishes=11 waits=22 overlap_gpu_groups=222
ds4: Flash-MoE async pread canceled queued=0 reading=0 ready=57 finished=0
ds4: gpu chunked prefill pos=0 tokens=1024 layer 9 encode=127.042 ms execute=2.583 ms
ds4: Flash-MoE prefill layer=10 tokens=1024 unique=215 refs=6144 sync=20.465 ms plan=0.294 ms stage/compute=108.869 ms misses=215
ds4: Flash-MoE hybrid prefill layer=10 ane_groups=11 ane_refs=1645 gpu_i8_groups=0 gpu_i8_refs=0 fp32_groups=0 ane_min_refs=64 concurrent=1 ane_pipeline=1 output_queue=4 async_ane=11 gpu_overlap=204 finishes=11 waits=22
ds4: Flash-MoE overlap plan layer=10 exec_groups=215 planned_ane_groups=11 planned_ane_refs=1645 planned_gpu_groups=204 planned_gpu_refs=4499 tail_gpu_groups=0 tail_gpu_refs=0 planned_ssd_groups=215 est_gpu=17555.0 est_ane=1793.6 est_idle=89.78% wall=108.491 ms actual_ane_groups=11 actual_ane_refs=1645 actual_gpu_groups=0 actual_gpu_refs=0 finishes=11 waits=22 overlap_gpu_groups=204
ds4: Flash-MoE async pread canceled queued=0 reading=0 ready=66 finished=0
ds4: gpu chunked prefill pos=0 tokens=1024 layer 10 encode=130.356 ms execute=2.488 ms
ds4: Flash-MoE prefill layer=11 tokens=1024 unique=216 refs=6144 sync=14.552 ms plan=0.304 ms stage/compute=105.465 ms misses=216
ds4: Flash-MoE hybrid prefill layer=11 ane_groups=12 ane_refs=2172 gpu_i8_groups=0 gpu_i8_refs=0 fp32_groups=0 ane_min_refs=64 concurrent=1 ane_pipeline=1 output_queue=4 async_ane=12 gpu_overlap=204 finishes=12 waits=24
ds4: Flash-MoE overlap plan layer=11 exec_groups=216 planned_ane_groups=12 planned_ane_refs=2172 planned_gpu_groups=204 planned_gpu_refs=3972 tail_gpu_groups=0 tail_gpu_refs=0 planned_ssd_groups=216 est_gpu=17028.0 est_ane=1958.8 est_idle=88.50% wall=105.118 ms actual_ane_groups=12 actual_ane_refs=2172 actual_gpu_groups=0 actual_gpu_refs=0 finishes=12 waits=24 overlap_gpu_groups=204
ds4: Flash-MoE async pread canceled queued=0 reading=0 ready=76 finished=0
ds4: gpu chunked prefill pos=0 tokens=1024 layer 11 encode=120.846 ms execute=2.540 ms
ds4: Flash-MoE prefill layer=12 tokens=1024 unique=201 refs=6144 sync=20.314 ms plan=0.309 ms stage/compute=98.234 ms misses=201
ds4: Flash-MoE hybrid prefill layer=12 ane_groups=14 ane_refs=2421 gpu_i8_groups=0 gpu_i8_refs=0 fp32_groups=0 ane_min_refs=64 concurrent=1 ane_pipeline=1 output_queue=4 async_ane=14 gpu_overlap=187 finishes=14 waits=28
ds4: Flash-MoE overlap plan layer=12 exec_groups=201 planned_ane_groups=14 planned_ane_refs=2421 planned_gpu_groups=187 planned_gpu_refs=3723 tail_gpu_groups=0 tail_gpu_refs=0 planned_ssd_groups=201 est_gpu=15691.0 est_ane=2286.5 est_idle=85.43% wall=97.888 ms actual_ane_groups=14 actual_ane_refs=2421 actual_gpu_groups=0 actual_gpu_refs=0 finishes=14 waits=28 overlap_gpu_groups=187
ds4: Flash-MoE async pread canceled queued=0 reading=0 ready=90 finished=0
ds4: gpu chunked prefill pos=0 tokens=1024 layer 12 encode=119.579 ms execute=2.486 ms
ds4: Flash-MoE prefill layer=13 tokens=1024 unique=202 refs=6144 sync=14.609 ms plan=0.402 ms stage/compute=96.658 ms misses=202
ds4: Flash-MoE hybrid prefill layer=13 ane_groups=11 ane_refs=2479 gpu_i8_groups=0 gpu_i8_refs=0 fp32_groups=0 ane_min_refs=64 concurrent=1 ane_pipeline=1 output_queue=4 async_ane=11 gpu_overlap=191 finishes=11 waits=22
ds4: Flash-MoE overlap plan layer=13 exec_groups=202 planned_ane_groups=11 planned_ane_refs=2479 planned_gpu_groups=191 planned_gpu_refs=3665 tail_gpu_groups=0 tail_gpu_refs=0 planned_ssd_groups=202 est_gpu=15889.0 est_ane=1801.4 est_idle=88.66% wall=96.324 ms actual_ane_groups=11 actual_ane_refs=2479 actual_gpu_groups=0 actual_gpu_refs=0 finishes=11 waits=22 overlap_gpu_groups=191
ds4: Flash-MoE async pread canceled queued=0 reading=0 ready=100 finished=0
ds4: gpu chunked prefill pos=0 tokens=1024 layer 13 encode=112.222 ms execute=2.661 ms
ds4: Flash-MoE prefill layer=14 tokens=1024 unique=189 refs=6144 sync=20.657 ms plan=0.333 ms stage/compute=92.704 ms misses=189
ds4: Flash-MoE hybrid prefill layer=14 ane_groups=13 ane_refs=2533 gpu_i8_groups=0 gpu_i8_refs=0 fp32_groups=0 ane_min_refs=64 concurrent=1 ane_pipeline=1 output_queue=4 async_ane=13 gpu_overlap=176 finishes=13 waits=26
ds4: Flash-MoE overlap plan layer=14 exec_groups=189 planned_ane_groups=13 planned_ane_refs=2533 planned_gpu_groups=176 planned_gpu_refs=3611 tail_gpu_groups=0 tail_gpu_refs=0 planned_ssd_groups=189 est_gpu=14875.0 est_ane=2121.4 est_idle=85.74% wall=92.387 ms actual_ane_groups=13 actual_ane_refs=2533 actual_gpu_groups=0 actual_gpu_refs=0 finishes=13 waits=26 overlap_gpu_groups=176
ds4: Flash-MoE async pread canceled queued=0 reading=0 ready=120 finished=0
ds4: gpu chunked prefill pos=0 tokens=1024 layer 14 encode=114.351 ms execute=2.513 ms
ds4: Flash-MoE prefill layer=15 tokens=1024 unique=195 refs=6144 sync=14.564 ms plan=0.323 ms stage/compute=98.318 ms misses=195
ds4: Flash-MoE hybrid prefill layer=15 ane_groups=14 ane_refs=2374 gpu_i8_groups=0 gpu_i8_refs=0 fp32_groups=0 ane_min_refs=64 concurrent=1 ane_pipeline=1 output_queue=4 async_ane=14 gpu_overlap=181 finishes=14 waits=28
ds4: Flash-MoE overlap plan layer=15 exec_groups=195 planned_ane_groups=14 planned_ane_refs=2374 planned_gpu_groups=181 planned_gpu_refs=3770 tail_gpu_groups=0 tail_gpu_refs=0 planned_ssd_groups=195 est_gpu=15354.0 est_ane=2284.0 est_idle=85.12% wall=97.993 ms actual_ane_groups=14 actual_ane_refs=2374 actual_gpu_groups=0 actual_gpu_refs=0 finishes=14 waits=28 overlap_gpu_groups=181
ds4: Flash-MoE async pread canceled queued=0 reading=0 ready=127 finished=0
ds4: gpu chunked prefill pos=0 tokens=1024 layer 15 encode=113.786 ms execute=2.571 ms
ds4: Flash-MoE prefill layer=16 tokens=1024 unique=197 refs=6144 sync=20.521 ms plan=0.339 ms stage/compute=100.707 ms misses=197
ds4: Flash-MoE hybrid prefill layer=16 ane_groups=14 ane_refs=2039 gpu_i8_groups=0 gpu_i8_refs=0 fp32_groups=0 ane_min_refs=64 concurrent=1 ane_pipeline=1 output_queue=4 async_ane=14 gpu_overlap=183 finishes=14 waits=28
ds4: Flash-MoE overlap plan layer=16 exec_groups=197 planned_ane_groups=14 planned_ane_refs=2039 planned_gpu_groups=183 planned_gpu_refs=4105 tail_gpu_groups=0 tail_gpu_refs=0 planned_ssd_groups=197 est_gpu=15817.0 est_ane=2281.4 est_idle=85.58% wall=100.335 ms actual_ane_groups=14 actual_ane_refs=2039 actual_gpu_groups=0 actual_gpu_refs=0 finishes=14 waits=28 overlap_gpu_groups=183
ds4: Flash-MoE async pread canceled queued=0 reading=0 ready=138 finished=0
ds4: gpu chunked prefill pos=0 tokens=1024 layer 16 encode=122.294 ms execute=2.462 ms
ds4: Flash-MoE prefill layer=17 tokens=1024 unique=187 refs=6144 sync=14.722 ms plan=0.308 ms stage/compute=96.229 ms misses=187
ds4: Flash-MoE hybrid prefill layer=17 ane_groups=11 ane_refs=1925 gpu_i8_groups=0 gpu_i8_refs=0 fp32_groups=0 ane_min_refs=64 concurrent=1 ane_pipeline=1 output_queue=4 async_ane=11 gpu_overlap=176 finishes=11 waits=22
ds4: Flash-MoE overlap plan layer=17 exec_groups=187 planned_ane_groups=11 planned_ane_refs=1925 planned_gpu_groups=176 planned_gpu_refs=4219 tail_gpu_groups=0 tail_gpu_refs=0 planned_ssd_groups=187 est_gpu=15483.0 est_ane=1796.2 est_idle=88.40% wall=95.909 ms actual_ane_groups=11 actual_ane_refs=1925 actual_gpu_groups=0 actual_gpu_refs=0 finishes=11 waits=22 overlap_gpu_groups=176
ds4: Flash-MoE async pread canceled queued=0 reading=0 ready=146 finished=0
ds4: gpu chunked prefill pos=0 tokens=1024 layer 17 encode=111.810 ms execute=2.549 ms
ds4: Flash-MoE prefill layer=18 tokens=1024 unique=190 refs=6144 sync=20.358 ms plan=0.338 ms stage/compute=97.557 ms misses=190
ds4: Flash-MoE hybrid prefill layer=18 ane_groups=13 ane_refs=2323 gpu_i8_groups=0 gpu_i8_refs=0 fp32_groups=0 ane_min_refs=64 concurrent=1 ane_pipeline=1 output_queue=4 async_ane=13 gpu_overlap=177 finishes=13 waits=26
ds4: Flash-MoE overlap plan layer=18 exec_groups=190 planned_ane_groups=13 planned_ane_refs=2323 planned_gpu_groups=177 planned_gpu_refs=3821 tail_gpu_groups=0 tail_gpu_refs=0 planned_ssd_groups=190 est_gpu=15149.0 est_ane=2121.4 est_idle=86.00% wall=97.235 ms actual_ane_groups=13 actual_ane_refs=2323 actual_gpu_groups=0 actual_gpu_refs=0 finishes=13 waits=26 overlap_gpu_groups=177
ds4: Flash-MoE async pread canceled queued=0 reading=0 ready=160 finished=0
ds4: gpu chunked prefill pos=0 tokens=1024 layer 18 encode=119.025 ms execute=2.509 ms
ds4: Flash-MoE prefill layer=19 tokens=1024 unique=205 refs=6144 sync=14.856 ms plan=0.362 ms stage/compute=107.791 ms misses=205
ds4: Flash-MoE hybrid prefill layer=19 ane_groups=12 ane_refs=1696 gpu_i8_groups=0 gpu_i8_refs=0 fp32_groups=0 ane_min_refs=64 concurrent=1 ane_pipeline=1 output_queue=4 async_ane=12 gpu_overlap=193 finishes=12 waits=24
ds4: Flash-MoE overlap plan layer=19 exec_groups=205 planned_ane_groups=12 planned_ane_refs=1696 planned_gpu_groups=193 planned_gpu_refs=4448 tail_gpu_groups=0 tail_gpu_refs=0 planned_ssd_groups=205 est_gpu=16800.0 est_ane=1956.2 est_idle=88.36% wall=107.453 ms actual_ane_groups=12 actual_ane_refs=1696 actual_gpu_groups=0 actual_gpu_refs=0 finishes=12 waits=24 overlap_gpu_groups=193
ds4: Flash-MoE async pread canceled queued=0 reading=0 ready=172 finished=0
ds4: gpu chunked prefill pos=0 tokens=1024 layer 19 encode=123.545 ms execute=2.512 ms
ds4: Flash-MoE prefill layer=20 tokens=1024 unique=202 refs=6144 sync=20.332 ms plan=0.332 ms stage/compute=103.273 ms misses=202
ds4: Flash-MoE hybrid prefill layer=20 ane_groups=13 ane_refs=1807 gpu_i8_groups=0 gpu_i8_refs=0 fp32_groups=0 ane_min_refs=64 concurrent=1 ane_pipeline=1 output_queue=4 async_ane=13 gpu_overlap=189 finishes=13 waits=26
ds4: Flash-MoE overlap plan layer=20 exec_groups=202 planned_ane_groups=13 planned_ane_refs=1807 planned_gpu_groups=189 planned_gpu_refs=4337 tail_gpu_groups=0 tail_gpu_refs=0 planned_ssd_groups=202 est_gpu=16433.0 est_ane=2116.2 est_idle=87.12% wall=102.935 ms actual_ane_groups=13 actual_ane_refs=1807 actual_gpu_groups=0 actual_gpu_refs=0 finishes=13 waits=26 overlap_gpu_groups=189
ds4: Flash-MoE async pread canceled queued=0 reading=0 ready=179 finished=0
ds4: gpu chunked prefill pos=0 tokens=1024 layer 20 encode=124.746 ms execute=2.475 ms
ds4: Flash-MoE prefill layer=21 tokens=1024 unique=198 refs=6144 sync=14.451 ms plan=0.313 ms stage/compute=100.857 ms misses=198
ds4: Flash-MoE hybrid prefill layer=21 ane_groups=15 ane_refs=1902 gpu_i8_groups=0 gpu_i8_refs=0 fp32_groups=0 ane_min_refs=64 concurrent=1 ane_pipeline=1 output_queue=4 async_ane=15 gpu_overlap=183 finishes=15 waits=30
ds4: Flash-MoE overlap plan layer=21 exec_groups=198 planned_ane_groups=15 planned_ane_refs=1902 planned_gpu_groups=183 planned_gpu_refs=4242 tail_gpu_groups=0 tail_gpu_refs=0 planned_ssd_groups=198 est_gpu=15954.0 est_ane=2441.4 est_idle=84.70% wall=100.525 ms actual_ane_groups=15 actual_ane_refs=1902 actual_gpu_groups=0 actual_gpu_refs=0 finishes=15 waits=30 overlap_gpu_groups=183
ds4: Flash-MoE async pread canceled queued=0 reading=0 ready=191 finished=0
ds4: gpu chunked prefill pos=0 tokens=1024 layer 21 encode=116.099 ms execute=2.457 ms
ds4: Flash-MoE prefill layer=22 tokens=1024 unique=209 refs=6144 sync=20.362 ms plan=0.377 ms stage/compute=105.631 ms misses=209
ds4: Flash-MoE hybrid prefill layer=22 ane_groups=12 ane_refs=1883 gpu_i8_groups=0 gpu_i8_refs=0 fp32_groups=0 ane_min_refs=64 concurrent=1 ane_pipeline=1 output_queue=4 async_ane=12 gpu_overlap=197 finishes=12 waits=24
ds4: Flash-MoE overlap plan layer=22 exec_groups=209 planned_ane_groups=12 planned_ane_refs=1883 planned_gpu_groups=197 planned_gpu_refs=4261 tail_gpu_groups=0 tail_gpu_refs=0 planned_ssd_groups=209 est_gpu=16869.0 est_ane=1956.2 est_idle=88.40% wall=105.267 ms actual_ane_groups=12 actual_ane_refs=1883 actual_gpu_groups=0 actual_gpu_refs=0 finishes=12 waits=24 overlap_gpu_groups=197
ds4: Flash-MoE async pread canceled queued=0 reading=0 ready=201 finished=0
ds4: gpu chunked prefill pos=0 tokens=1024 layer 22 encode=127.040 ms execute=2.529 ms
ds4: Flash-MoE prefill layer=23 tokens=1024 unique=200 refs=6144 sync=14.634 ms plan=0.348 ms stage/compute=100.127 ms misses=200
ds4: Flash-MoE hybrid prefill layer=23 ane_groups=13 ane_refs=1989 gpu_i8_groups=0 gpu_i8_refs=0 fp32_groups=0 ane_min_refs=64 concurrent=1 ane_pipeline=1 output_queue=4 async_ane=13 gpu_overlap=187 finishes=13 waits=26
ds4: Flash-MoE overlap plan layer=23 exec_groups=200 planned_ane_groups=13 planned_ane_refs=1989 planned_gpu_groups=187 planned_gpu_refs=4155 tail_gpu_groups=0 tail_gpu_refs=0 planned_ssd_groups=200 est_gpu=16123.0 est_ane=2116.2 est_idle=86.87% wall=99.787 ms actual_ane_groups=13 actual_ane_refs=1989 actual_gpu_groups=0 actual_gpu_refs=0 finishes=13 waits=26 overlap_gpu_groups=187
ds4: Flash-MoE async pread canceled queued=0 reading=0 ready=220 finished=0
ds4: gpu chunked prefill pos=0 tokens=1024 layer 23 encode=115.634 ms execute=2.611 ms
ds4: Flash-MoE prefill layer=24 tokens=1024 unique=183 refs=6144 sync=20.307 ms plan=0.332 ms stage/compute=92.150 ms misses=183
ds4: Flash-MoE hybrid prefill layer=24 ane_groups=12 ane_refs=2468 gpu_i8_groups=0 gpu_i8_refs=0 fp32_groups=0 ane_min_refs=64 concurrent=1 ane_pipeline=1 output_queue=4 async_ane=12 gpu_overlap=171 finishes=12 waits=24
ds4: Flash-MoE overlap plan layer=24 exec_groups=183 planned_ane_groups=12 planned_ane_refs=2468 planned_gpu_groups=171 planned_gpu_refs=3676 tail_gpu_groups=0 tail_gpu_refs=0 planned_ssd_groups=183 est_gpu=14620.0 est_ane=1961.4 est_idle=86.58% wall=91.834 ms actual_ane_groups=12 actual_ane_refs=2468 actual_gpu_groups=0 actual_gpu_refs=0 finishes=12 waits=24 overlap_gpu_groups=171
ds4: Flash-MoE async pread canceled queued=0 reading=0 ready=234 finished=0
ds4: gpu chunked prefill pos=0 tokens=1024 layer 24 encode=113.448 ms execute=2.478 ms
ds4: Flash-MoE prefill layer=25 tokens=1024 unique=206 refs=6144 sync=14.303 ms plan=0.364 ms stage/compute=105.562 ms misses=206
ds4: Flash-MoE hybrid prefill layer=25 ane_groups=10 ane_refs=2353 gpu_i8_groups=0 gpu_i8_refs=0 fp32_groups=0 ane_min_refs=64 concurrent=1 ane_pipeline=1 output_queue=4 async_ane=10 gpu_overlap=196 finishes=10 waits=20
ds4: Flash-MoE overlap plan layer=25 exec_groups=206 planned_ane_groups=10 planned_ane_refs=2353 planned_gpu_groups=196 planned_gpu_refs=3791 tail_gpu_groups=0 tail_gpu_refs=0 planned_ssd_groups=206 est_gpu=16335.0 est_ane=1638.8 est_idle=89.97% wall=105.221 ms actual_ane_groups=10 actual_ane_refs=2353 actual_gpu_groups=0 actual_gpu_refs=0 finishes=10 waits=20 overlap_gpu_groups=196
ds4: Flash-MoE async pread canceled queued=0 reading=0 ready=245 finished=0
ds4: gpu chunked prefill pos=0 tokens=1024 layer 25 encode=120.805 ms execute=2.654 ms
ds4: Flash-MoE prefill layer=26 tokens=1024 unique=177 refs=6144 sync=20.503 ms plan=0.323 ms stage/compute=93.075 ms misses=177
ds4: Flash-MoE hybrid prefill layer=26 ane_groups=11 ane_refs=2910 gpu_i8_groups=0 gpu_i8_refs=0 fp32_groups=0 ane_min_refs=64 concurrent=1 ane_pipeline=1 output_queue=4 async_ane=11 gpu_overlap=166 finishes=11 waits=22
ds4: Flash-MoE overlap plan layer=26 exec_groups=177 planned_ane_groups=11 planned_ane_refs=2910 planned_gpu_groups=166 planned_gpu_refs=3234 tail_gpu_groups=0 tail_gpu_refs=0 planned_ssd_groups=177 est_gpu=13858.0 est_ane=1804.0 est_idle=86.98% wall=92.756 ms actual_ane_groups=11 actual_ane_refs=2910 actual_gpu_groups=0 actual_gpu_refs=0 finishes=11 waits=22 overlap_gpu_groups=166
ds4: Flash-MoE async pread canceled queued=0 reading=0 ready=259 finished=0
ds4: gpu chunked prefill pos=0 tokens=1024 layer 26 encode=114.520 ms execute=2.469 ms
ds4: Flash-MoE prefill layer=27 tokens=1024 unique=191 refs=6144 sync=14.283 ms plan=0.314 ms stage/compute=99.092 ms misses=191
ds4: Flash-MoE hybrid prefill layer=27 ane_groups=12 ane_refs=2344 gpu_i8_groups=0 gpu_i8_refs=0 fp32_groups=0 ane_min_refs=64 concurrent=1 ane_pipeline=1 output_queue=4 async_ane=12 gpu_overlap=179 finishes=12 waits=24
ds4: Flash-MoE overlap plan layer=27 exec_groups=191 planned_ane_groups=12 planned_ane_refs=2344 planned_gpu_groups=179 planned_gpu_refs=3800 tail_gpu_groups=0 tail_gpu_refs=0 planned_ssd_groups=191 est_gpu=15256.0 est_ane=1958.8 est_idle=87.16% wall=98.759 ms actual_ane_groups=12 actual_ane_refs=2344 actual_gpu_groups=0 actual_gpu_refs=0 finishes=12 waits=24 overlap_gpu_groups=179
ds4: Flash-MoE async pread canceled queued=0 reading=0 ready=274 finished=0
ds4: gpu chunked prefill pos=0 tokens=1024 layer 27 encode=114.199 ms execute=2.450 ms
ds4: Flash-MoE prefill layer=28 tokens=1024 unique=198 refs=6144 sync=20.540 ms plan=0.272 ms stage/compute=103.379 ms misses=198
ds4: Flash-MoE hybrid prefill layer=28 ane_groups=9 ane_refs=2422 gpu_i8_groups=0 gpu_i8_refs=0 fp32_groups=0 ane_min_refs=64 concurrent=1 ane_pipeline=1 output_queue=4 async_ane=9 gpu_overlap=189 finishes=9 waits=18
ds4: Flash-MoE overlap plan layer=28 exec_groups=198 planned_ane_groups=9 planned_ane_refs=2422 planned_gpu_groups=189 planned_gpu_refs=3722 tail_gpu_groups=0 tail_gpu_refs=0 planned_ssd_groups=198 est_gpu=15818.0 est_ane=1476.2 est_idle=90.67% wall=103.040 ms actual_ane_groups=9 actual_ane_refs=2422 actual_gpu_groups=0 actual_gpu_refs=0 finishes=9 waits=18 overlap_gpu_groups=189
ds4: Flash-MoE async pread canceled queued=0 reading=0 ready=280 finished=0
ds4: gpu chunked prefill pos=0 tokens=1024 layer 28 encode=124.892 ms execute=2.729 ms
ds4: Flash-MoE prefill layer=29 tokens=1024 unique=185 refs=6144 sync=14.299 ms plan=0.325 ms stage/compute=98.027 ms misses=185
ds4: Flash-MoE hybrid prefill layer=29 ane_groups=10 ane_refs=2608 gpu_i8_groups=0 gpu_i8_refs=0 fp32_groups=0 ane_min_refs=64 concurrent=1 ane_pipeline=1 output_queue=4 async_ane=10 gpu_overlap=175 finishes=10 waits=20
ds4: Flash-MoE overlap plan layer=29 exec_groups=185 planned_ane_groups=10 planned_ane_refs=2608 planned_gpu_groups=175 planned_gpu_refs=3536 tail_gpu_groups=0 tail_gpu_refs=0 planned_ssd_groups=185 est_gpu=14736.0 est_ane=1638.8 est_idle=88.88% wall=97.704 ms actual_ane_groups=10 actual_ane_refs=2608 actual_gpu_groups=0 actual_gpu_refs=0 finishes=10 waits=20 overlap_gpu_groups=175
ds4: Flash-MoE async pread canceled queued=0 reading=0 ready=292 finished=0
ds4: gpu chunked prefill pos=0 tokens=1024 layer 29 encode=113.188 ms execute=2.467 ms
ds4: Flash-MoE prefill layer=30 tokens=1024 unique=185 refs=6144 sync=20.479 ms plan=0.303 ms stage/compute=90.590 ms misses=185
ds4: Flash-MoE hybrid prefill layer=30 ane_groups=11 ane_refs=2643 gpu_i8_groups=0 gpu_i8_refs=0 fp32_groups=0 ane_min_refs=64 concurrent=1 ane_pipeline=1 output_queue=4 async_ane=11 gpu_overlap=174 finishes=11 waits=22
ds4: Flash-MoE overlap plan layer=30 exec_groups=185 planned_ane_groups=11 planned_ane_refs=2643 planned_gpu_groups=174 planned_gpu_refs=3501 tail_gpu_groups=0 tail_gpu_refs=0 planned_ssd_groups=185 est_gpu=14637.0 est_ane=1801.4 est_idle=87.69% wall=90.270 ms actual_ane_groups=11 actual_ane_refs=2643 actual_gpu_groups=0 actual_gpu_refs=0 finishes=11 waits=22 overlap_gpu_groups=174
ds4: Flash-MoE async pread canceled queued=0 reading=0 ready=302 finished=0
ds4: gpu chunked prefill pos=0 tokens=1024 layer 30 encode=112.008 ms execute=2.495 ms
ds4: Flash-MoE prefill layer=31 tokens=1024 unique=206 refs=6144 sync=14.529 ms plan=0.365 ms stage/compute=100.679 ms misses=206
ds4: Flash-MoE hybrid prefill layer=31 ane_groups=12 ane_refs=2276 gpu_i8_groups=0 gpu_i8_refs=0 fp32_groups=0 ane_min_refs=64 concurrent=1 ane_pipeline=1 output_queue=4 async_ane=12 gpu_overlap=194 finishes=12 waits=24
ds4: Flash-MoE overlap plan layer=31 exec_groups=206 planned_ane_groups=12 planned_ane_refs=2276 planned_gpu_groups=194 planned_gpu_refs=3868 tail_gpu_groups=0 tail_gpu_refs=0 planned_ssd_groups=206 est_gpu=16284.0 est_ane=1961.4 est_idle=87.96% wall=100.308 ms actual_ane_groups=12 actual_ane_refs=2276 actual_gpu_groups=0 actual_gpu_refs=0 finishes=12 waits=24 overlap_gpu_groups=194
ds4: Flash-MoE async pread canceled queued=0 reading=0 ready=314 finished=0
ds4: gpu chunked prefill pos=0 tokens=1024 layer 31 encode=116.086 ms execute=2.509 ms
ds4: Flash-MoE prefill layer=32 tokens=1024 unique=196 refs=6144 sync=20.241 ms plan=0.394 ms stage/compute=97.054 ms misses=196
ds4: Flash-MoE hybrid prefill layer=32 ane_groups=14 ane_refs=2305 gpu_i8_groups=0 gpu_i8_refs=0 fp32_groups=0 ane_min_refs=64 concurrent=1 ane_pipeline=1 output_queue=4 async_ane=14 gpu_overlap=182 finishes=14 waits=28
ds4: Flash-MoE overlap plan layer=32 exec_groups=196 planned_ane_groups=14 planned_ane_refs=2305 planned_gpu_groups=182 planned_gpu_refs=3839 tail_gpu_groups=0 tail_gpu_refs=0 planned_ssd_groups=196 est_gpu=15487.0 est_ane=2284.0 est_idle=85.25% wall=96.716 ms actual_ane_groups=14 actual_ane_refs=2305 actual_gpu_groups=0 actual_gpu_refs=0 finishes=14 waits=28 overlap_gpu_groups=182
ds4: Flash-MoE async pread canceled queued=0 reading=0 ready=324 finished=0
ds4: gpu chunked prefill pos=0 tokens=1024 layer 32 encode=118.453 ms execute=2.427 ms
ds4: Flash-MoE prefill layer=33 tokens=1024 unique=209 refs=6144 sync=14.363 ms plan=0.297 ms stage/compute=105.130 ms misses=209
ds4: Flash-MoE hybrid prefill layer=33 ane_groups=11 ane_refs=2237 gpu_i8_groups=0 gpu_i8_refs=0 fp32_groups=0 ane_min_refs=64 concurrent=1 ane_pipeline=1 output_queue=4 async_ane=11 gpu_overlap=198 finishes=11 waits=22
ds4: Flash-MoE overlap plan layer=33 exec_groups=209 planned_ane_groups=11 planned_ane_refs=2237 planned_gpu_groups=198 planned_gpu_refs=3907 tail_gpu_groups=0 tail_gpu_refs=0 planned_ssd_groups=209 est_gpu=16579.0 est_ane=1798.8 est_idle=89.15% wall=104.744 ms actual_ane_groups=11 actual_ane_refs=2237 actual_gpu_groups=0 actual_gpu_refs=0 finishes=11 waits=22 overlap_gpu_groups=198
ds4: Flash-MoE async pread canceled queued=0 reading=0 ready=333 finished=0
ds4: gpu chunked prefill pos=0 tokens=1024 layer 33 encode=120.265 ms execute=2.367 ms
ds4: Flash-MoE prefill layer=34 tokens=1024 unique=198 refs=6144 sync=20.417 ms plan=0.351 ms stage/compute=101.751 ms misses=198
ds4: Flash-MoE hybrid prefill layer=34 ane_groups=10 ane_refs=2211 gpu_i8_groups=0 gpu_i8_refs=0 fp32_groups=0 ane_min_refs=64 concurrent=1 ane_pipeline=1 output_queue=4 async_ane=10 gpu_overlap=188 finishes=10 waits=20
ds4: Flash-MoE overlap plan layer=34 exec_groups=198 planned_ane_groups=10 planned_ane_refs=2211 planned_gpu_groups=188 planned_gpu_refs=3933 tail_gpu_groups=0 tail_gpu_refs=0 planned_ssd_groups=198 est_gpu=15965.0 est_ane=1633.6 est_idle=89.77% wall=101.411 ms actual_ane_groups=10 actual_ane_refs=2211 actual_gpu_groups=0 actual_gpu_refs=0 finishes=10 waits=20 overlap_gpu_groups=188
ds4: Flash-MoE async pread canceled queued=0 reading=0 ready=344 finished=0
ds4: gpu chunked prefill pos=0 tokens=1024 layer 34 encode=123.206 ms execute=2.490 ms
ds4: Flash-MoE prefill layer=35 tokens=1024 unique=216 refs=6144 sync=14.533 ms plan=0.316 ms stage/compute=107.890 ms misses=216
ds4: Flash-MoE hybrid prefill layer=35 ane_groups=10 ane_refs=1696 gpu_i8_groups=0 gpu_i8_refs=0 fp32_groups=0 ane_min_refs=64 concurrent=1 ane_pipeline=1 output_queue=4 async_ane=10 gpu_overlap=206 finishes=10 waits=20
ds4: Flash-MoE overlap plan layer=35 exec_groups=216 planned_ane_groups=10 planned_ane_refs=1696 planned_gpu_groups=206 planned_gpu_refs=4448 tail_gpu_groups=0 tail_gpu_refs=0 planned_ssd_groups=216 est_gpu=17632.0 est_ane=1633.6 est_idle=90.73% wall=107.544 ms actual_ane_groups=10 actual_ane_refs=1696 actual_gpu_groups=0 actual_gpu_refs=0 finishes=10 waits=20 overlap_gpu_groups=206
ds4: Flash-MoE async pread canceled queued=0 reading=0 ready=350 finished=0
ds4: gpu chunked prefill pos=0 tokens=1024 layer 35 encode=123.252 ms execute=2.470 ms
ds4: Flash-MoE prefill layer=36 tokens=1024 unique=189 refs=6144 sync=20.346 ms plan=0.309 ms stage/compute=94.812 ms misses=189
ds4: Flash-MoE hybrid prefill layer=36 ane_groups=11 ane_refs=2865 gpu_i8_groups=0 gpu_i8_refs=0 fp32_groups=0 ane_min_refs=64 concurrent=1 ane_pipeline=1 output_queue=4 async_ane=11 gpu_overlap=178 finishes=11 waits=22
ds4: Flash-MoE overlap plan layer=36 exec_groups=189 planned_ane_groups=11 planned_ane_refs=2865 planned_gpu_groups=178 planned_gpu_refs=3279 tail_gpu_groups=0 tail_gpu_refs=0 planned_ssd_groups=189 est_gpu=14671.0 est_ane=1801.4 est_idle=87.72% wall=94.489 ms actual_ane_groups=11 actual_ane_refs=2865 actual_gpu_groups=0 actual_gpu_refs=0 finishes=11 waits=22 overlap_gpu_groups=178
ds4: Flash-MoE async pread canceled queued=0 reading=0 ready=365 finished=0
ds4: gpu chunked prefill pos=0 tokens=1024 layer 36 encode=116.084 ms execute=2.465 ms
ds4: Flash-MoE prefill layer=37 tokens=1024 unique=207 refs=6144 sync=14.406 ms plan=0.320 ms stage/compute=107.276 ms misses=207
ds4: Flash-MoE hybrid prefill layer=37 ane_groups=9 ane_refs=2327 gpu_i8_groups=0 gpu_i8_refs=0 fp32_groups=0 ane_min_refs=64 concurrent=1 ane_pipeline=1 output_queue=4 async_ane=9 gpu_overlap=198 finishes=9 waits=18
ds4: Flash-MoE overlap plan layer=37 exec_groups=207 planned_ane_groups=9 planned_ane_refs=2327 planned_gpu_groups=198 planned_gpu_refs=3817 tail_gpu_groups=0 tail_gpu_refs=0 planned_ssd_groups=207 est_gpu=16489.0 est_ane=1476.2 est_idle=91.05% wall=106.938 ms actual_ane_groups=9 actual_ane_refs=2327 actual_gpu_groups=0 actual_gpu_refs=0 finishes=9 waits=18 overlap_gpu_groups=198
ds4: Flash-MoE async pread canceled queued=0 reading=0 ready=376 finished=0
ds4: gpu chunked prefill pos=0 tokens=1024 layer 37 encode=122.476 ms execute=2.728 ms
ds4: Flash-MoE prefill layer=38 tokens=1024 unique=202 refs=6144 sync=20.475 ms plan=0.295 ms stage/compute=99.370 ms misses=202
ds4: Flash-MoE hybrid prefill layer=38 ane_groups=11 ane_refs=2621 gpu_i8_groups=0 gpu_i8_refs=0 fp32_groups=0 ane_min_refs=64 concurrent=1 ane_pipeline=1 output_queue=4 async_ane=11 gpu_overlap=191 finishes=11 waits=22
ds4: Flash-MoE overlap plan layer=38 exec_groups=202 planned_ane_groups=11 planned_ane_refs=2621 planned_gpu_groups=191 planned_gpu_refs=3523 tail_gpu_groups=0 tail_gpu_refs=0 planned_ssd_groups=202 est_gpu=15747.0 est_ane=1798.8 est_idle=88.58% wall=99.035 ms actual_ane_groups=11 actual_ane_refs=2621 actual_gpu_groups=0 actual_gpu_refs=0 finishes=11 waits=22 overlap_gpu_groups=191
ds4: Flash-MoE async pread canceled queued=0 reading=0 ready=383 finished=0
ds4: gpu chunked prefill pos=0 tokens=1024 layer 38 encode=120.791 ms execute=2.489 ms
ds4: Flash-MoE prefill layer=39 tokens=1024 unique=210 refs=6144 sync=14.360 ms plan=0.292 ms stage/compute=104.688 ms misses=210
ds4: Flash-MoE hybrid prefill layer=39 ane_groups=11 ane_refs=2177 gpu_i8_groups=0 gpu_i8_refs=0 fp32_groups=0 ane_min_refs=64 concurrent=1 ane_pipeline=1 output_queue=4 async_ane=11 gpu_overlap=199 finishes=11 waits=22
ds4: Flash-MoE overlap plan layer=39 exec_groups=210 planned_ane_groups=11 planned_ane_refs=2177 planned_gpu_groups=199 planned_gpu_refs=3967 tail_gpu_groups=0 tail_gpu_refs=0 planned_ssd_groups=210 est_gpu=16703.0 est_ane=1798.8 est_idle=89.23% wall=104.345 ms actual_ane_groups=11 actual_ane_refs=2177 actual_gpu_groups=0 actual_gpu_refs=0 finishes=11 waits=22 overlap_gpu_groups=199
ds4: Flash-MoE async pread canceled queued=0 reading=0 ready=394 finished=0
ds4: gpu chunked prefill pos=0 tokens=1024 layer 39 encode=119.848 ms execute=2.462 ms
ds4: Flash-MoE prefill layer=40 tokens=1024 unique=186 refs=6144 sync=20.208 ms plan=0.346 ms stage/compute=90.352 ms misses=186
ds4: Flash-MoE hybrid prefill layer=40 ane_groups=11 ane_refs=3067 gpu_i8_groups=0 gpu_i8_refs=0 fp32_groups=0 ane_min_refs=64 concurrent=1 ane_pipeline=1 output_queue=4 async_ane=11 gpu_overlap=175 finishes=11 waits=22
ds4: Flash-MoE overlap plan layer=40 exec_groups=186 planned_ane_groups=11 planned_ane_refs=3067 planned_gpu_groups=175 planned_gpu_refs=3077 tail_gpu_groups=0 tail_gpu_refs=0 planned_ssd_groups=186 est_gpu=14277.0 est_ane=1804.0 est_idle=87.36% wall=90.029 ms actual_ane_groups=11 actual_ane_refs=3067 actual_gpu_groups=0 actual_gpu_refs=0 finishes=11 waits=22 overlap_gpu_groups=175
ds4: Flash-MoE async pread canceled queued=0 reading=0 ready=408 finished=0
ds4: gpu chunked prefill pos=0 tokens=1024 layer 40 encode=111.604 ms execute=2.511 ms
ds4: Flash-MoE prefill layer=41 tokens=1024 unique=209 refs=6144 sync=14.411 ms plan=0.322 ms stage/compute=105.958 ms misses=209
ds4: Flash-MoE hybrid prefill layer=41 ane_groups=12 ane_refs=2536 gpu_i8_groups=0 gpu_i8_refs=0 fp32_groups=0 ane_min_refs=64 concurrent=1 ane_pipeline=1 output_queue=4 async_ane=12 gpu_overlap=197 finishes=12 waits=24
ds4: Flash-MoE overlap plan layer=41 exec_groups=209 planned_ane_groups=12 planned_ane_refs=2536 planned_gpu_groups=197 planned_gpu_refs=3608 tail_gpu_groups=0 tail_gpu_refs=0 planned_ssd_groups=209 est_gpu=16216.0 est_ane=1964.0 est_idle=87.89% wall=105.597 ms actual_ane_groups=12 actual_ane_refs=2536 actual_gpu_groups=0 actual_gpu_refs=0 finishes=12 waits=24 overlap_gpu_groups=197
ds4: Flash-MoE async pread canceled queued=0 reading=0 ready=417 finished=0
ds4: gpu chunked prefill pos=0 tokens=1024 layer 41 encode=121.189 ms execute=2.480 ms
ds4: Flash-MoE prefill layer=42 tokens=1024 unique=202 refs=6144 sync=20.400 ms plan=0.340 ms stage/compute=101.230 ms misses=202
ds4: Flash-MoE hybrid prefill layer=42 ane_groups=12 ane_refs=2478 gpu_i8_groups=0 gpu_i8_refs=0 fp32_groups=0 ane_min_refs=64 concurrent=1 ane_pipeline=1 output_queue=4 async_ane=12 gpu_overlap=190 finishes=12 waits=24
ds4: Flash-MoE overlap plan layer=42 exec_groups=202 planned_ane_groups=12 planned_ane_refs=2478 planned_gpu_groups=190 planned_gpu_refs=3666 tail_gpu_groups=0 tail_gpu_refs=0 planned_ssd_groups=202 est_gpu=15826.0 est_ane=1964.0 est_idle=87.59% wall=100.896 ms actual_ane_groups=12 actual_ane_refs=2478 actual_gpu_groups=0 actual_gpu_refs=0 finishes=12 waits=24 overlap_gpu_groups=190
ds4: Flash-MoE async pread canceled queued=0 reading=0 ready=424 finished=0
ds4: gpu chunked prefill pos=0 tokens=1024 layer 42 encode=122.569 ms execute=2.419 ms
processing 8423 input tokens: 1024/8423 (12.2%) batch=188.38 t/s avg=178.87 t/s
ds4: Flash-MoE prefill layer=0 tokens=1024 unique=256 refs=6144 sync=12.097 ms plan=0.312 ms stage/compute=148.165 ms misses=256
ds4: Flash-MoE hybrid prefill layer=0 ane_groups=0 ane_refs=0 gpu_i8_groups=0 gpu_i8_refs=0 fp32_groups=0 ane_min_refs=64 concurrent=1 ane_pipeline=1 output_queue=4 async_ane=0 gpu_overlap=0 finishes=0 waits=0
ds4: Flash-MoE overlap plan layer=0 exec_groups=256 planned_ane_groups=0 planned_ane_refs=0 planned_gpu_groups=256 planned_gpu_refs=6144 tail_gpu_groups=0 tail_gpu_refs=0 planned_ssd_groups=256 est_gpu=22528.0 est_ane=0.0 est_idle=100.00% wall=147.754 ms actual_ane_groups=0 actual_ane_refs=0 actual_gpu_groups=0 actual_gpu_refs=0 finishes=0 waits=0 overlap_gpu_groups=0
ds4: Flash-MoE async pread canceled queued=0 reading=0 ready=424 finished=0
ds4: gpu chunked prefill pos=1024 tokens=1024 layer 0 encode=160.949 ms execute=2.625 ms
ds4: Flash-MoE prefill layer=1 tokens=1024 unique=256 refs=6144 sync=12.479 ms plan=0.342 ms stage/compute=147.437 ms misses=256
ds4: Flash-MoE hybrid prefill layer=1 ane_groups=1 ane_refs=65 gpu_i8_groups=0 gpu_i8_refs=0 fp32_groups=0 ane_min_refs=64 concurrent=1 ane_pipeline=1 output_queue=4 async_ane=1 gpu_overlap=255 finishes=1 waits=2
ds4: Flash-MoE overlap plan layer=1 exec_groups=256 planned_ane_groups=1 planned_ane_refs=65 planned_gpu_groups=255 planned_gpu_refs=6079 tail_gpu_groups=0 tail_gpu_refs=0 planned_ssd_groups=256 est_gpu=22399.0 est_ane=162.6 est_idle=99.27% wall=147.019 ms actual_ane_groups=1 actual_ane_refs=65 actual_gpu_groups=0 actual_gpu_refs=0 finishes=1 waits=2 overlap_gpu_groups=255
ds4: Flash-MoE async pread canceled queued=0 reading=0 ready=424 finished=0
ds4: gpu chunked prefill pos=1024 tokens=1024 layer 1 encode=160.759 ms execute=2.586 ms
ds4: Flash-MoE prefill layer=2 tokens=1024 unique=256 refs=6144 sync=23.281 ms plan=0.283 ms stage/compute=146.589 ms misses=256
ds4: Flash-MoE hybrid prefill layer=2 ane_groups=2 ane_refs=135 gpu_i8_groups=0 gpu_i8_refs=0 fp32_groups=0 ane_min_refs=64 concurrent=1 ane_pipeline=1 output_queue=4 async_ane=2 gpu_overlap=254 finishes=2 waits=4
ds4: Flash-MoE overlap plan layer=2 exec_groups=256 planned_ane_groups=2 planned_ane_refs=135 planned_gpu_groups=254 planned_gpu_refs=6009 tail_gpu_groups=0 tail_gpu_refs=0 planned_ssd_groups=256 est_gpu=22265.0 est_ane=325.2 est_idle=98.54% wall=146.212 ms actual_ane_groups=2 actual_ane_refs=135 actual_gpu_groups=0 actual_gpu_refs=0 finishes=2 waits=4 overlap_gpu_groups=254
ds4: Flash-MoE async pread canceled queued=0 reading=0 ready=424 finished=0
ds4: gpu chunked prefill pos=1024 tokens=1024 layer 2 encode=171.059 ms execute=2.710 ms
ds4: Flash-MoE prefill layer=3 tokens=1024 unique=231 refs=6144 sync=14.560 ms plan=0.296 ms stage/compute=122.342 ms misses=231
ds4: Flash-MoE hybrid prefill layer=3 ane_groups=8 ane_refs=1175 gpu_i8_groups=0 gpu_i8_refs=0 fp32_groups=0 ane_min_refs=64 concurrent=1 ane_pipeline=1 output_queue=4 async_ane=8 gpu_overlap=223 finishes=8 waits=16
ds4: Flash-MoE overlap plan layer=3 exec_groups=231 planned_ane_groups=8 planned_ane_refs=1175 planned_gpu_groups=223 planned_gpu_refs=4969 tail_gpu_groups=0 tail_gpu_refs=0 planned_ssd_groups=231 est_gpu=19241.0 est_ane=1305.9 est_idle=93.21% wall=121.980 ms actual_ane_groups=8 actual_ane_refs=1175 actual_gpu_groups=0 actual_gpu_refs=0 finishes=8 waits=16 overlap_gpu_groups=223
ds4: Flash-MoE async pread canceled queued=0 reading=0 ready=429 finished=0
ds4: gpu chunked prefill pos=1024 tokens=1024 layer 3 encode=137.769 ms execute=2.515 ms
ds4: Flash-MoE prefill layer=4 tokens=1024 unique=219 refs=6144 sync=23.421 ms plan=0.362 ms stage/compute=111.278 ms misses=219
ds4: Flash-MoE hybrid prefill layer=4 ane_groups=11 ane_refs=1721 gpu_i8_groups=0 gpu_i8_refs=0 fp32_groups=0 ane_min_refs=64 concurrent=1 ane_pipeline=1 output_queue=4 async_ane=11 gpu_overlap=208 finishes=11 waits=22
ds4: Flash-MoE overlap plan layer=4 exec_groups=219 planned_ane_groups=11 planned_ane_refs=1721 planned_gpu_groups=208 planned_gpu_refs=4423 tail_gpu_groups=0 tail_gpu_refs=0 planned_ssd_groups=219 est_gpu=17735.0 est_ane=1793.6 est_idle=89.89% wall=110.926 ms actual_ane_groups=11 actual_ane_refs=1721 actual_gpu_groups=0 actual_gpu_refs=0 finishes=11 waits=22 overlap_gpu_groups=208
ds4: Flash-MoE async pread canceled queued=0 reading=0 ready=438 finished=0
ds4: gpu chunked prefill pos=1024 tokens=1024 layer 4 encode=135.903 ms execute=2.588 ms
ds4: Flash-MoE prefill layer=5 tokens=1024 unique=234 refs=6144 sync=14.838 ms plan=0.359 ms stage/compute=121.809 ms misses=234
ds4: Flash-MoE hybrid prefill layer=5 ane_groups=7 ane_refs=1378 gpu_i8_groups=0 gpu_i8_refs=0 fp32_groups=0 ane_min_refs=64 concurrent=1 ane_pipeline=1 output_queue=4 async_ane=7 gpu_overlap=227 finishes=7 waits=14
ds4: Flash-MoE overlap plan layer=5 exec_groups=234 planned_ane_groups=7 planned_ane_refs=1378 planned_gpu_groups=227 planned_gpu_refs=4766 tail_gpu_groups=0 tail_gpu_refs=0 planned_ssd_groups=234 est_gpu=19294.0 est_ane=1143.3 est_idle=94.07% wall=121.448 ms actual_ane_groups=7 actual_ane_refs=1378 actual_gpu_groups=0 actual_gpu_refs=0 finishes=7 waits=14 overlap_gpu_groups=227
ds4: Flash-MoE async pread canceled queued=0 reading=0 ready=444 finished=0
ds4: gpu chunked prefill pos=1024 tokens=1024 layer 5 encode=137.600 ms execute=2.637 ms
ds4: Flash-MoE prefill layer=6 tokens=1024 unique=225 refs=6144 sync=23.323 ms plan=0.356 ms stage/compute=116.458 ms misses=225
ds4: Flash-MoE hybrid prefill layer=6 ane_groups=9 ane_refs=1632 gpu_i8_groups=0 gpu_i8_refs=0 fp32_groups=0 ane_min_refs=64 concurrent=1 ane_pipeline=1 output_queue=4 async_ane=9 gpu_overlap=216 finishes=9 waits=18
ds4: Flash-MoE overlap plan layer=6 exec_groups=225 planned_ane_groups=9 planned_ane_refs=1632 planned_gpu_groups=216 planned_gpu_refs=4512 tail_gpu_groups=0 tail_gpu_refs=0 planned_ssd_groups=225 est_gpu=18336.0 est_ane=1471.0 est_idle=91.98% wall=116.092 ms actual_ane_groups=9 actual_ane_refs=1632 actual_gpu_groups=0 actual_gpu_refs=0 finishes=9 waits=18 overlap_gpu_groups=216
ds4: Flash-MoE async pread canceled queued=0 reading=0 ready=450 finished=0
ds4: gpu chunked prefill pos=1024 tokens=1024 layer 6 encode=140.904 ms execute=2.618 ms
ds4: Flash-MoE prefill layer=7 tokens=1024 unique=229 refs=6144 sync=14.569 ms plan=0.305 ms stage/compute=112.890 ms misses=229
ds4: Flash-MoE hybrid prefill layer=7 ane_groups=7 ane_refs=2150 gpu_i8_groups=0 gpu_i8_refs=0 fp32_groups=0 ane_min_refs=64 concurrent=1 ane_pipeline=1 output_queue=4 async_ane=7 gpu_overlap=222 finishes=7 waits=14
ds4: Flash-MoE overlap plan layer=7 exec_groups=229 planned_ane_groups=7 planned_ane_refs=2150 planned_gpu_groups=222 planned_gpu_refs=3994 tail_gpu_groups=0 tail_gpu_refs=0 planned_ssd_groups=229 est_gpu=18202.0 est_ane=1151.0 est_idle=93.68% wall=112.538 ms actual_ane_groups=7 actual_ane_refs=2150 actual_gpu_groups=0 actual_gpu_refs=0 finishes=7 waits=14 overlap_gpu_groups=222
ds4: Flash-MoE async pread canceled queued=0 reading=0 ready=456 finished=0
ds4: gpu chunked prefill pos=1024 tokens=1024 layer 7 encode=128.344 ms execute=2.512 ms
ds4: Flash-MoE prefill layer=8 tokens=1024 unique=225 refs=6144 sync=23.320 ms plan=0.286 ms stage/compute=113.038 ms misses=225
ds4: Flash-MoE hybrid prefill layer=8 ane_groups=9 ane_refs=2017 gpu_i8_groups=0 gpu_i8_refs=0 fp32_groups=0 ane_min_refs=64 concurrent=1 ane_pipeline=1 output_queue=4 async_ane=9 gpu_overlap=216 finishes=9 waits=18
ds4: Flash-MoE overlap plan layer=8 exec_groups=225 planned_ane_groups=9 planned_ane_refs=2017 planned_gpu_groups=216 planned_gpu_refs=4127 tail_gpu_groups=0 tail_gpu_refs=0 planned_ssd_groups=225 est_gpu=17951.0 est_ane=1471.0 est_idle=91.81% wall=112.635 ms actual_ane_groups=9 actual_ane_refs=2017 actual_gpu_groups=0 actual_gpu_refs=0 finishes=9 waits=18 overlap_gpu_groups=216
ds4: Flash-MoE async pread canceled queued=0 reading=0 ready=465 finished=0
ds4: gpu chunked prefill pos=1024 tokens=1024 layer 8 encode=137.311 ms execute=2.537 ms
ds4: Flash-MoE prefill layer=9 tokens=1024 unique=239 refs=6144 sync=14.621 ms plan=0.360 ms stage/compute=118.851 ms misses=239
ds4: Flash-MoE hybrid prefill layer=9 ane_groups=12 ane_refs=1554 gpu_i8_groups=0 gpu_i8_refs=0 fp32_groups=0 ane_min_refs=64 concurrent=1 ane_pipeline=1 output_queue=4 async_ane=12 gpu_overlap=227 finishes=12 waits=24
ds4: Flash-MoE overlap plan layer=9 exec_groups=239 planned_ane_groups=12 planned_ane_refs=1554 planned_gpu_groups=227 planned_gpu_refs=4590 tail_gpu_groups=0 tail_gpu_refs=0 planned_ssd_groups=239 est_gpu=19118.0 est_ane=1953.6 est_idle=89.78% wall=118.382 ms actual_ane_groups=12 actual_ane_refs=1554 actual_gpu_groups=0 actual_gpu_refs=0 finishes=12 waits=24 overlap_gpu_groups=227
ds4: Flash-MoE async pread canceled queued=0 reading=0 ready=467 finished=0
ds4: gpu chunked prefill pos=1024 tokens=1024 layer 9 encode=134.436 ms execute=2.534 ms
ds4: Flash-MoE prefill layer=10 tokens=1024 unique=222 refs=6144 sync=23.678 ms plan=0.304 ms stage/compute=117.610 ms misses=222
ds4: Flash-MoE hybrid prefill layer=10 ane_groups=10 ane_refs=1330 gpu_i8_groups=0 gpu_i8_refs=0 fp32_groups=0 ane_min_refs=64 concurrent=1 ane_pipeline=1 output_queue=4 async_ane=10 gpu_overlap=212 finishes=10 waits=20
ds4: Flash-MoE overlap plan layer=10 exec_groups=222 planned_ane_groups=10 planned_ane_refs=1330 planned_gpu_groups=212 planned_gpu_refs=4814 tail_gpu_groups=0 tail_gpu_refs=0 planned_ssd_groups=222 est_gpu=18382.0 est_ane=1628.4 est_idle=91.14% wall=117.254 ms actual_ane_groups=10 actual_ane_refs=1330 actual_gpu_groups=0 actual_gpu_refs=0 finishes=10 waits=20 overlap_gpu_groups=212
ds4: Flash-MoE async pread canceled queued=0 reading=0 ready=478 finished=0
ds4: gpu chunked prefill pos=1024 tokens=1024 layer 10 encode=142.299 ms execute=2.607 ms
ds4: Flash-MoE prefill layer=11 tokens=1024 unique=235 refs=6144 sync=14.873 ms plan=0.307 ms stage/compute=118.411 ms misses=235
ds4: Flash-MoE hybrid prefill layer=11 ane_groups=12 ane_refs=1700 gpu_i8_groups=0 gpu_i8_refs=0 fp32_groups=0 ane_min_refs=64 concurrent=1 ane_pipeline=1 output_queue=4 async_ane=12 gpu_overlap=223 finishes=12 waits=24
ds4: Flash-MoE overlap plan layer=11 exec_groups=235 planned_ane_groups=12 planned_ane_refs=1700 planned_gpu_groups=223 planned_gpu_refs=4444 tail_gpu_groups=0 tail_gpu_refs=0 planned_ssd_groups=235 est_gpu=18716.0 est_ane=1953.6 est_idle=89.56% wall=118.003 ms actual_ane_groups=12 actual_ane_refs=1700 actual_gpu_groups=0 actual_gpu_refs=0 finishes=12 waits=24 overlap_gpu_groups=223
ds4: Flash-MoE async pread canceled queued=0 reading=0 ready=481 finished=0
ds4: gpu chunked prefill pos=1024 tokens=1024 layer 11 encode=134.145 ms execute=2.547 ms
ds4: Flash-MoE prefill layer=12 tokens=1024 unique=202 refs=6144 sync=23.309 ms plan=0.345 ms stage/compute=101.599 ms misses=202
ds4: Flash-MoE hybrid prefill layer=12 ane_groups=13 ane_refs=1805 gpu_i8_groups=0 gpu_i8_refs=0 fp32_groups=0 ane_min_refs=64 concurrent=1 ane_pipeline=1 output_queue=4 async_ane=13 gpu_overlap=189 finishes=13 waits=26
ds4: Flash-MoE overlap plan layer=12 exec_groups=202 planned_ane_groups=13 planned_ane_refs=1805 planned_gpu_groups=189 planned_gpu_refs=4339 tail_gpu_groups=0 tail_gpu_refs=0 planned_ssd_groups=202 est_gpu=16435.0 est_ane=2118.8 est_idle=87.11% wall=101.254 ms actual_ane_groups=13 actual_ane_refs=1805 actual_gpu_groups=0 actual_gpu_refs=0 finishes=13 waits=26 overlap_gpu_groups=189
ds4: Flash-MoE async pread canceled queued=0 reading=0 ready=490 finished=0
ds4: gpu chunked prefill pos=1024 tokens=1024 layer 12 encode=125.940 ms execute=2.554 ms
ds4: Flash-MoE prefill layer=13 tokens=1024 unique=208 refs=6144 sync=14.719 ms plan=0.430 ms stage/compute=104.305 ms misses=208
ds4: Flash-MoE hybrid prefill layer=13 ane_groups=12 ane_refs=2006 gpu_i8_groups=0 gpu_i8_refs=0 fp32_groups=0 ane_min_refs=64 concurrent=1 ane_pipeline=1 output_queue=4 async_ane=12 gpu_overlap=196 finishes=12 waits=24
ds4: Flash-MoE overlap plan layer=13 exec_groups=208 planned_ane_groups=12 planned_ane_refs=2006 planned_gpu_groups=196 planned_gpu_refs=4138 tail_gpu_groups=0 tail_gpu_refs=0 planned_ssd_groups=208 est_gpu=16682.0 est_ane=1958.8 est_idle=88.26% wall=103.954 ms actual_ane_groups=12 actual_ane_refs=2006 actual_gpu_groups=0 actual_gpu_refs=0 finishes=12 waits=24 overlap_gpu_groups=196
ds4: Flash-MoE async pread canceled queued=0 reading=0 ready=498 finished=0
ds4: gpu chunked prefill pos=1024 tokens=1024 layer 13 encode=119.990 ms execute=2.485 ms
ds4: Flash-MoE prefill layer=14 tokens=1024 unique=195 refs=6144 sync=23.239 ms plan=0.349 ms stage/compute=96.797 ms misses=195
ds4: Flash-MoE hybrid prefill layer=14 ane_groups=13 ane_refs=2418 gpu_i8_groups=0 gpu_i8_refs=0 fp32_groups=0 ane_min_refs=64 concurrent=1 ane_pipeline=1 output_queue=4 async_ane=13 gpu_overlap=182 finishes=13 waits=26
ds4: Flash-MoE overlap plan layer=14 exec_groups=195 planned_ane_groups=13 planned_ane_refs=2418 planned_gpu_groups=182 planned_gpu_refs=3726 tail_gpu_groups=0 tail_gpu_refs=0 planned_ssd_groups=195 est_gpu=15374.0 est_ane=2118.8 est_idle=86.22% wall=96.441 ms actual_ane_groups=13 actual_ane_refs=2418 actual_gpu_groups=0 actual_gpu_refs=0 finishes=13 waits=26 overlap_gpu_groups=182
ds4: Flash-MoE async pread canceled queued=0 reading=0 ready=513 finished=0
ds4: gpu chunked prefill pos=1024 tokens=1024 layer 14 encode=121.149 ms execute=2.563 ms
ds4: Flash-MoE prefill layer=15 tokens=1024 unique=197 refs=6144 sync=14.528 ms plan=0.339 ms stage/compute=297.744 ms misses=197
ds4: Flash-MoE hybrid prefill layer=15 ane_groups=15 ane_refs=2135 gpu_i8_groups=0 gpu_i8_refs=0 fp32_groups=0 ane_min_refs=64 concurrent=1 ane_pipeline=1 output_queue=4 async_ane=15 gpu_overlap=182 finishes=15 waits=30
ds4: Flash-MoE overlap plan layer=15 exec_groups=197 planned_ane_groups=15 planned_ane_refs=2135 planned_gpu_groups=182 planned_gpu_refs=4009 tail_gpu_groups=0 tail_gpu_refs=0 planned_ssd_groups=197 est_gpu=15657.0 est_ane=2444.0 est_idle=84.39% wall=297.410 ms actual_ane_groups=15 actual_ane_refs=2135 actual_gpu_groups=0 actual_gpu_refs=0 finishes=15 waits=30 overlap_gpu_groups=182
ds4: Flash-MoE async pread canceled queued=0 reading=0 ready=523 finished=0
ds4: gpu chunked prefill pos=1024 tokens=1024 layer 15 encode=313.139 ms execute=8.107 ms
ds4: Flash-MoE prefill layer=16 tokens=1024 unique=191 refs=6144 sync=25.681 ms plan=0.375 ms stage/compute=101.282 ms misses=191
ds4: Flash-MoE hybrid prefill layer=16 ane_groups=10 ane_refs=2016 gpu_i8_groups=0 gpu_i8_refs=0 fp32_groups=0 ane_min_refs=64 concurrent=1 ane_pipeline=1 output_queue=4 async_ane=10 gpu_overlap=181 finishes=10 waits=20
ds4: Flash-MoE overlap plan layer=16 exec_groups=191 planned_ane_groups=10 planned_ane_refs=2016 planned_gpu_groups=181 planned_gpu_refs=4128 tail_gpu_groups=0 tail_gpu_refs=0 planned_ssd_groups=191 est_gpu=15712.0 est_ane=1636.2 est_idle=89.59% wall=100.932 ms actual_ane_groups=10 actual_ane_refs=2016 actual_gpu_groups=0 actual_gpu_refs=0 finishes=10 waits=20 overlap_gpu_groups=181
ds4: Flash-MoE async pread canceled queued=0 reading=0 ready=536 finished=0
ds4: gpu chunked prefill pos=1024 tokens=1024 layer 16 encode=127.956 ms execute=2.498 ms
ds4: Flash-MoE prefill layer=17 tokens=1024 unique=193 refs=6144 sync=14.579 ms plan=0.328 ms stage/compute=98.103 ms misses=193
ds4: Flash-MoE hybrid prefill layer=17 ane_groups=13 ane_refs=2189 gpu_i8_groups=0 gpu_i8_refs=0 fp32_groups=0 ane_min_refs=64 concurrent=1 ane_pipeline=1 output_queue=4 async_ane=13 gpu_overlap=180 finishes=13 waits=26
ds4: Flash-MoE overlap plan layer=17 exec_groups=193 planned_ane_groups=13 planned_ane_refs=2189 planned_gpu_groups=180 planned_gpu_refs=3955 tail_gpu_groups=0 tail_gpu_refs=0 planned_ssd_groups=193 est_gpu=15475.0 est_ane=2121.4 est_idle=86.29% wall=97.777 ms actual_ane_groups=13 actual_ane_refs=2189 actual_gpu_groups=0 actual_gpu_refs=0 finishes=13 waits=26 overlap_gpu_groups=180
ds4: Flash-MoE async pread canceled queued=0 reading=0 ready=547 finished=0
ds4: gpu chunked prefill pos=1024 tokens=1024 layer 17 encode=113.537 ms execute=2.585 ms
ds4: Flash-MoE prefill layer=18 tokens=1024 unique=191 refs=6144 sync=23.475 ms plan=0.286 ms stage/compute=95.479 ms misses=191
ds4: Flash-MoE hybrid prefill layer=18 ane_groups=13 ane_refs=2265 gpu_i8_groups=0 gpu_i8_refs=0 fp32_groups=0 ane_min_refs=64 concurrent=1 ane_pipeline=1 output_queue=4 async_ane=13 gpu_overlap=178 finishes=13 waits=26
ds4: Flash-MoE overlap plan layer=18 exec_groups=191 planned_ane_groups=13 planned_ane_refs=2265 planned_gpu_groups=178 planned_gpu_refs=3879 tail_gpu_groups=0 tail_gpu_refs=0 planned_ssd_groups=191 est_gpu=15271.0 est_ane=2118.8 est_idle=86.13% wall=95.153 ms actual_ane_groups=13 actual_ane_refs=2265 actual_gpu_groups=0 actual_gpu_refs=0 finishes=13 waits=26 overlap_gpu_groups=178
ds4: Flash-MoE async pread canceled queued=0 reading=0 ready=559 finished=0
ds4: gpu chunked prefill pos=1024 tokens=1024 layer 18 encode=119.941 ms execute=2.531 ms
ds4: Flash-MoE prefill layer=19 tokens=1024 unique=227 refs=6144 sync=14.525 ms plan=0.315 ms stage/compute=117.679 ms misses=227
ds4: Flash-MoE hybrid prefill layer=19 ane_groups=11 ane_refs=1269 gpu_i8_groups=0 gpu_i8_refs=0 fp32_groups=0 ane_min_refs=64 concurrent=1 ane_pipeline=1 output_queue=4 async_ane=11 gpu_overlap=216 finishes=11 waits=22
ds4: Flash-MoE overlap plan layer=19 exec_groups=227 planned_ane_groups=11 planned_ane_refs=1269 planned_gpu_groups=216 planned_gpu_refs=4875 tail_gpu_groups=0 tail_gpu_refs=0 planned_ssd_groups=227 est_gpu=18699.0 est_ane=1791.0 est_idle=90.42% wall=117.317 ms actual_ane_groups=11 actual_ane_refs=1269 actual_gpu_groups=0 actual_gpu_refs=0 finishes=11 waits=22 overlap_gpu_groups=216
ds4: Flash-MoE async pread canceled queued=0 reading=0 ready=562 finished=0
ds4: gpu chunked prefill pos=1024 tokens=1024 layer 19 encode=133.109 ms execute=2.496 ms
ds4: Flash-MoE prefill layer=20 tokens=1024 unique=179 refs=6144 sync=23.324 ms plan=0.372 ms stage/compute=92.459 ms misses=179
ds4: Flash-MoE hybrid prefill layer=20 ane_groups=13 ane_refs=2578 gpu_i8_groups=0 gpu_i8_refs=0 fp32_groups=0 ane_min_refs=64 concurrent=1 ane_pipeline=1 output_queue=4 async_ane=13 gpu_overlap=166 finishes=13 waits=26
ds4: Flash-MoE overlap plan layer=20 exec_groups=179 planned_ane_groups=13 planned_ane_refs=2578 planned_gpu_groups=166 planned_gpu_refs=3566 tail_gpu_groups=0 tail_gpu_refs=0 planned_ssd_groups=179 est_gpu=14190.0 est_ane=2124.0 est_idle=85.03% wall=92.146 ms actual_ane_groups=13 actual_ane_refs=2578 actual_gpu_groups=0 actual_gpu_refs=0 finishes=13 waits=26 overlap_gpu_groups=166
ds4: Flash-MoE async pread canceled queued=0 reading=0 ready=575 finished=0
ds4: gpu chunked prefill pos=1024 tokens=1024 layer 20 encode=116.850 ms execute=2.563 ms
ds4: Flash-MoE prefill layer=21 tokens=1024 unique=209 refs=6144 sync=14.507 ms plan=0.341 ms stage/compute=108.453 ms misses=209
ds4: Flash-MoE hybrid prefill layer=21 ane_groups=13 ane_refs=1452 gpu_i8_groups=0 gpu_i8_refs=0 fp32_groups=0 ane_min_refs=64 concurrent=1 ane_pipeline=1 output_queue=4 async_ane=13 gpu_overlap=196 finishes=13 waits=26
ds4: Flash-MoE overlap plan layer=21 exec_groups=209 planned_ane_groups=13 planned_ane_refs=1452 planned_gpu_groups=196 planned_gpu_refs=4692 tail_gpu_groups=0 tail_gpu_refs=0 planned_ssd_groups=209 est_gpu=17236.0 est_ane=2113.6 est_idle=87.74% wall=108.109 ms actual_ane_groups=13 actual_ane_refs=1452 actual_gpu_groups=0 actual_gpu_refs=0 finishes=13 waits=26 overlap_gpu_groups=196
ds4: Flash-MoE async pread canceled queued=0 reading=0 ready=584 finished=0
ds4: gpu chunked prefill pos=1024 tokens=1024 layer 21 encode=123.810 ms execute=2.603 ms
ds4: Flash-MoE prefill layer=22 tokens=1024 unique=199 refs=6144 sync=23.063 ms plan=0.378 ms stage/compute=104.395 ms misses=199
ds4: Flash-MoE hybrid prefill layer=22 ane_groups=14 ane_refs=1997 gpu_i8_groups=0 gpu_i8_refs=0 fp32_groups=0 ane_min_refs=64 concurrent=1 ane_pipeline=1 output_queue=4 async_ane=14 gpu_overlap=185 finishes=14 waits=28
ds4: Flash-MoE overlap plan layer=22 exec_groups=199 planned_ane_groups=14 planned_ane_refs=1997 planned_gpu_groups=185 planned_gpu_refs=4147 tail_gpu_groups=0 tail_gpu_refs=0 planned_ssd_groups=199 est_gpu=15987.0 est_ane=2281.4 est_idle=85.73% wall=104.069 ms actual_ane_groups=14 actual_ane_refs=1997 actual_gpu_groups=0 actual_gpu_refs=0 finishes=14 waits=28 overlap_gpu_groups=185
ds4: Flash-MoE async pread canceled queued=0 reading=0 ready=595 finished=0
ds4: gpu chunked prefill pos=1024 tokens=1024 layer 22 encode=128.568 ms execute=2.510 ms
ds4: Flash-MoE prefill layer=23 tokens=1024 unique=203 refs=6144 sync=14.389 ms plan=0.343 ms stage/compute=106.937 ms misses=203
ds4: Flash-MoE hybrid prefill layer=23 ane_groups=15 ane_refs=1549 gpu_i8_groups=0 gpu_i8_refs=0 fp32_groups=0 ane_min_refs=64 concurrent=1 ane_pipeline=1 output_queue=4 async_ane=15 gpu_overlap=188 finishes=15 waits=30
ds4: Flash-MoE overlap plan layer=23 exec_groups=203 planned_ane_groups=15 planned_ane_refs=1549 planned_gpu_groups=188 planned_gpu_refs=4595 tail_gpu_groups=0 tail_gpu_refs=0 planned_ssd_groups=203 est_gpu=16627.0 est_ane=2438.8 est_idle=85.33% wall=106.599 ms actual_ane_groups=15 actual_ane_refs=1549 actual_gpu_groups=0 actual_gpu_refs=0 finishes=15 waits=30 overlap_gpu_groups=188
ds4: Flash-MoE async pread canceled queued=0 reading=0 ready=604 finished=0
ds4: gpu chunked prefill pos=1024 tokens=1024 layer 23 encode=122.203 ms execute=2.498 ms
ds4: Flash-MoE prefill layer=24 tokens=1024 unique=185 refs=6144 sync=23.176 ms plan=0.350 ms stage/compute=93.683 ms misses=185
ds4: Flash-MoE hybrid prefill layer=24 ane_groups=12 ane_refs=2391 gpu_i8_groups=0 gpu_i8_refs=0 fp32_groups=0 ane_min_refs=64 concurrent=1 ane_pipeline=1 output_queue=4 async_ane=12 gpu_overlap=173 finishes=12 waits=24
ds4: Flash-MoE overlap plan layer=24 exec_groups=185 planned_ane_groups=12 planned_ane_refs=2391 planned_gpu_groups=173 planned_gpu_refs=3753 tail_gpu_groups=0 tail_gpu_refs=0 planned_ssd_groups=185 est_gpu=14825.0 est_ane=1958.8 est_idle=86.79% wall=93.358 ms actual_ane_groups=12 actual_ane_refs=2391 actual_gpu_groups=0 actual_gpu_refs=0 finishes=12 waits=24 overlap_gpu_groups=173
ds4: Flash-MoE async pread canceled queued=0 reading=0 ready=608 finished=0
ds4: gpu chunked prefill pos=1024 tokens=1024 layer 24 encode=117.903 ms execute=2.535 ms
ds4: Flash-MoE prefill layer=25 tokens=1024 unique=196 refs=6144 sync=14.454 ms plan=0.328 ms stage/compute=102.838 ms misses=196
ds4: Flash-MoE hybrid prefill layer=25 ane_groups=13 ane_refs=1768 gpu_i8_groups=0 gpu_i8_refs=0 fp32_groups=0 ane_min_refs=64 concurrent=1 ane_pipeline=1 output_queue=4 async_ane=13 gpu_overlap=183 finishes=13 waits=26
ds4: Flash-MoE overlap plan layer=25 exec_groups=196 planned_ane_groups=13 planned_ane_refs=1768 planned_gpu_groups=183 planned_gpu_refs=4376 tail_gpu_groups=0 tail_gpu_refs=0 planned_ssd_groups=196 est_gpu=16088.0 est_ane=2116.2 est_idle=86.85% wall=102.430 ms actual_ane_groups=13 actual_ane_refs=1768 actual_gpu_groups=0 actual_gpu_refs=0 finishes=13 waits=26 overlap_gpu_groups=183
ds4: Flash-MoE async pread canceled queued=0 reading=0 ready=624 finished=0
ds4: gpu chunked prefill pos=1024 tokens=1024 layer 25 encode=118.169 ms execute=2.464 ms
ds4: Flash-MoE prefill layer=26 tokens=1024 unique=191 refs=6144 sync=23.214 ms plan=0.309 ms stage/compute=98.095 ms misses=191
ds4: Flash-MoE hybrid prefill layer=26 ane_groups=15 ane_refs=2151 gpu_i8_groups=0 gpu_i8_refs=0 fp32_groups=0 ane_min_refs=64 concurrent=1 ane_pipeline=1 output_queue=4 async_ane=15 gpu_overlap=176 finishes=15 waits=30
ds4: Flash-MoE overlap plan layer=26 exec_groups=191 planned_ane_groups=15 planned_ane_refs=2151 planned_gpu_groups=176 planned_gpu_refs=3993 tail_gpu_groups=0 tail_gpu_refs=0 planned_ssd_groups=191 est_gpu=15257.0 est_ane=2444.0 est_idle=83.98% wall=97.769 ms actual_ane_groups=15 actual_ane_refs=2151 actual_gpu_groups=0 actual_gpu_refs=0 finishes=15 waits=30 overlap_gpu_groups=176
ds4: Flash-MoE async pread canceled queued=0 reading=0 ready=632 finished=0
ds4: gpu chunked prefill pos=1024 tokens=1024 layer 26 encode=122.328 ms execute=2.520 ms
ds4: Flash-MoE prefill layer=27 tokens=1024 unique=202 refs=6144 sync=14.459 ms plan=0.307 ms stage/compute=105.729 ms misses=202
ds4: Flash-MoE hybrid prefill layer=27 ane_groups=13 ane_refs=1681 gpu_i8_groups=0 gpu_i8_refs=0 fp32_groups=0 ane_min_refs=64 concurrent=1 ane_pipeline=1 output_queue=4 async_ane=13 gpu_overlap=189 finishes=13 waits=26
ds4: Flash-MoE overlap plan layer=27 exec_groups=202 planned_ane_groups=13 planned_ane_refs=1681 planned_gpu_groups=189 planned_gpu_refs=4463 tail_gpu_groups=0 tail_gpu_refs=0 planned_ssd_groups=202 est_gpu=16559.0 est_ane=2116.2 est_idle=87.22% wall=105.398 ms actual_ane_groups=13 actual_ane_refs=1681 actual_gpu_groups=0 actual_gpu_refs=0 finishes=13 waits=26 overlap_gpu_groups=189
ds4: Flash-MoE async pread canceled queued=0 reading=0 ready=644 finished=0
ds4: gpu chunked prefill pos=1024 tokens=1024 layer 27 encode=121.149 ms execute=2.475 ms
ds4: Flash-MoE prefill layer=28 tokens=1024 unique=202 refs=6144 sync=23.164 ms plan=0.316 ms stage/compute=103.536 ms misses=202
ds4: Flash-MoE hybrid prefill layer=28 ane_groups=15 ane_refs=1800 gpu_i8_groups=0 gpu_i8_refs=0 fp32_groups=0 ane_min_refs=64 concurrent=1 ane_pipeline=1 output_queue=4 async_ane=15 gpu_overlap=187 finishes=15 waits=30
ds4: Flash-MoE overlap plan layer=28 exec_groups=202 planned_ane_groups=15 planned_ane_refs=1800 planned_gpu_groups=187 planned_gpu_refs=4344 tail_gpu_groups=0 tail_gpu_refs=0 planned_ssd_groups=202 est_gpu=16312.0 est_ane=2441.4 est_idle=85.03% wall=103.194 ms actual_ane_groups=15 actual_ane_refs=1800 actual_gpu_groups=0 actual_gpu_refs=0 finishes=15 waits=30 overlap_gpu_groups=187
ds4: Flash-MoE async pread canceled queued=0 reading=0 ready=660 finished=0
ds4: gpu chunked prefill pos=1024 tokens=1024 layer 28 encode=127.733 ms execute=2.518 ms
ds4: Flash-MoE prefill layer=29 tokens=1024 unique=192 refs=6144 sync=14.508 ms plan=0.339 ms stage/compute=98.455 ms misses=192
ds4: Flash-MoE hybrid prefill layer=29 ane_groups=12 ane_refs=1886 gpu_i8_groups=0 gpu_i8_refs=0 fp32_groups=0 ane_min_refs=64 concurrent=1 ane_pipeline=1 output_queue=4 async_ane=12 gpu_overlap=180 finishes=12 waits=24
ds4: Flash-MoE overlap plan layer=29 exec_groups=192 planned_ane_groups=12 planned_ane_refs=1886 planned_gpu_groups=180 planned_gpu_refs=4258 tail_gpu_groups=0 tail_gpu_refs=0 planned_ssd_groups=192 est_gpu=15778.0 est_ane=1956.2 est_idle=87.60% wall=98.124 ms actual_ane_groups=12 actual_ane_refs=1886 actual_gpu_groups=0 actual_gpu_refs=0 finishes=12 waits=24 overlap_gpu_groups=180
ds4: Flash-MoE async pread canceled queued=0 reading=0 ready=673 finished=0
ds4: gpu chunked prefill pos=1024 tokens=1024 layer 29 encode=114.025 ms execute=2.512 ms
ds4: Flash-MoE prefill layer=30 tokens=1024 unique=199 refs=6144 sync=23.148 ms plan=0.326 ms stage/compute=103.725 ms misses=199
ds4: Flash-MoE hybrid prefill layer=30 ane_groups=13 ane_refs=1897 gpu_i8_groups=0 gpu_i8_refs=0 fp32_groups=0 ane_min_refs=64 concurrent=1 ane_pipeline=1 output_queue=4 async_ane=13 gpu_overlap=186 finishes=13 waits=26
ds4: Flash-MoE overlap plan layer=30 exec_groups=199 planned_ane_groups=13 planned_ane_refs=1897 planned_gpu_groups=186 planned_gpu_refs=4247 tail_gpu_groups=0 tail_gpu_refs=0 planned_ssd_groups=199 est_gpu=16151.0 est_ane=2118.8 est_idle=86.88% wall=103.375 ms actual_ane_groups=13 actual_ane_refs=1897 actual_gpu_groups=0 actual_gpu_refs=0 finishes=13 waits=26 overlap_gpu_groups=186
ds4: Flash-MoE async pread canceled queued=0 reading=0 ready=686 finished=0
ds4: gpu chunked prefill pos=1024 tokens=1024 layer 30 encode=128.251 ms execute=2.483 ms
ds4: Flash-MoE prefill layer=31 tokens=1024 unique=204 refs=6144 sync=14.407 ms plan=0.314 ms stage/compute=101.917 ms misses=204
ds4: Flash-MoE hybrid prefill layer=31 ane_groups=11 ane_refs=2018 gpu_i8_groups=0 gpu_i8_refs=0 fp32_groups=0 ane_min_refs=64 concurrent=1 ane_pipeline=1 output_queue=4 async_ane=11 gpu_overlap=193 finishes=11 waits=22
ds4: Flash-MoE overlap plan layer=31 exec_groups=204 planned_ane_groups=11 planned_ane_refs=2018 planned_gpu_groups=193 planned_gpu_refs=4126 tail_gpu_groups=0 tail_gpu_refs=0 planned_ssd_groups=204 est_gpu=16478.0 est_ane=1796.2 est_idle=89.10% wall=101.550 ms actual_ane_groups=11 actual_ane_refs=2018 actual_gpu_groups=0 actual_gpu_refs=0 finishes=11 waits=22 overlap_gpu_groups=193
ds4: Flash-MoE async pread canceled queued=0 reading=0 ready=694 finished=0
ds4: gpu chunked prefill pos=1024 tokens=1024 layer 31 encode=117.224 ms execute=2.514 ms
ds4: Flash-MoE prefill layer=32 tokens=1024 unique=193 refs=6144 sync=23.108 ms plan=0.335 ms stage/compute=98.036 ms misses=193
ds4: Flash-MoE hybrid prefill layer=32 ane_groups=14 ane_refs=2081 gpu_i8_groups=0 gpu_i8_refs=0 fp32_groups=0 ane_min_refs=64 concurrent=1 ane_pipeline=1 output_queue=4 async_ane=14 gpu_overlap=179 finishes=14 waits=28
ds4: Flash-MoE overlap plan layer=32 exec_groups=193 planned_ane_groups=14 planned_ane_refs=2081 planned_gpu_groups=179 planned_gpu_refs=4063 tail_gpu_groups=0 tail_gpu_refs=0 planned_ssd_groups=193 est_gpu=15519.0 est_ane=2281.4 est_idle=85.30% wall=97.701 ms actual_ane_groups=14 actual_ane_refs=2081 actual_gpu_groups=0 actual_gpu_refs=0 finishes=14 waits=28 overlap_gpu_groups=179
ds4: Flash-MoE async pread canceled queued=0 reading=0 ready=704 finished=0
ds4: gpu chunked prefill pos=1024 tokens=1024 layer 32 encode=122.182 ms execute=2.481 ms
ds4: Flash-MoE prefill layer=33 tokens=1024 unique=189 refs=6144 sync=14.378 ms plan=0.342 ms stage/compute=97.440 ms misses=189
ds4: Flash-MoE hybrid prefill layer=33 ane_groups=14 ane_refs=2067 gpu_i8_groups=0 gpu_i8_refs=0 fp32_groups=0 ane_min_refs=64 concurrent=1 ane_pipeline=1 output_queue=4 async_ane=14 gpu_overlap=175 finishes=14 waits=28
ds4: Flash-MoE overlap plan layer=33 exec_groups=189 planned_ane_groups=14 planned_ane_refs=2067 planned_gpu_groups=175 planned_gpu_refs=4077 tail_gpu_groups=0 tail_gpu_refs=0 planned_ssd_groups=189 est_gpu=15277.0 est_ane=2281.4 est_idle=85.07% wall=97.113 ms actual_ane_groups=14 actual_ane_refs=2067 actual_gpu_groups=0 actual_gpu_refs=0 finishes=14 waits=28 overlap_gpu_groups=175
ds4: Flash-MoE async pread canceled queued=0 reading=0 ready=718 finished=0
ds4: gpu chunked prefill pos=1024 tokens=1024 layer 33 encode=112.710 ms execute=2.600 ms
ds4: Flash-MoE prefill layer=34 tokens=1024 unique=186 refs=6144 sync=23.427 ms plan=0.386 ms stage/compute=96.104 ms misses=186
ds4: Flash-MoE hybrid prefill layer=34 ane_groups=12 ane_refs=2106 gpu_i8_groups=0 gpu_i8_refs=0 fp32_groups=0 ane_min_refs=64 concurrent=1 ane_pipeline=1 output_queue=4 async_ane=12 gpu_overlap=174 finishes=12 waits=24
ds4: Flash-MoE overlap plan layer=34 exec_groups=186 planned_ane_groups=12 planned_ane_refs=2106 planned_gpu_groups=174 planned_gpu_refs=4038 tail_gpu_groups=0 tail_gpu_refs=0 planned_ssd_groups=186 est_gpu=15174.0 est_ane=1956.2 est_idle=87.11% wall=95.773 ms actual_ane_groups=12 actual_ane_refs=2106 actual_gpu_groups=0 actual_gpu_refs=0 finishes=12 waits=24 overlap_gpu_groups=174
ds4: Flash-MoE async pread canceled queued=0 reading=0 ready=732 finished=0
ds4: gpu chunked prefill pos=1024 tokens=1024 layer 34 encode=120.664 ms execute=2.523 ms
ds4: Flash-MoE prefill layer=35 tokens=1024 unique=209 refs=6144 sync=14.435 ms plan=0.356 ms stage/compute=103.849 ms misses=209
ds4: Flash-MoE hybrid prefill layer=35 ane_groups=14 ane_refs=1900 gpu_i8_groups=0 gpu_i8_refs=0 fp32_groups=0 ane_min_refs=64 concurrent=1 ane_pipeline=1 output_queue=4 async_ane=14 gpu_overlap=195 finishes=14 waits=28
ds4: Flash-MoE overlap plan layer=35 exec_groups=209 planned_ane_groups=14 planned_ane_refs=1900 planned_gpu_groups=195 planned_gpu_refs=4244 tail_gpu_groups=0 tail_gpu_refs=0 planned_ssd_groups=209 est_gpu=16724.0 est_ane=2281.4 est_idle=86.36% wall=103.510 ms actual_ane_groups=14 actual_ane_refs=1900 actual_gpu_groups=0 actual_gpu_refs=0 finishes=14 waits=28 overlap_gpu_groups=195
ds4: Flash-MoE async pread canceled queued=0 reading=0 ready=740 finished=0
ds4: gpu chunked prefill pos=1024 tokens=1024 layer 35 encode=119.143 ms execute=2.540 ms
ds4: Flash-MoE prefill layer=36 tokens=1024 unique=181 refs=6144 sync=23.091 ms plan=0.315 ms stage/compute=92.012 ms misses=181
ds4: Flash-MoE hybrid prefill layer=36 ane_groups=14 ane_refs=2362 gpu_i8_groups=0 gpu_i8_refs=0 fp32_groups=0 ane_min_refs=64 concurrent=1 ane_pipeline=1 output_queue=4 async_ane=14 gpu_overlap=167 finishes=14 waits=28
ds4: Flash-MoE overlap plan layer=36 exec_groups=181 planned_ane_groups=14 planned_ane_refs=2362 planned_gpu_groups=167 planned_gpu_refs=3782 tail_gpu_groups=0 tail_gpu_refs=0 planned_ssd_groups=181 est_gpu=14470.0 est_ane=2284.0 est_idle=84.22% wall=91.667 ms actual_ane_groups=14 actual_ane_refs=2362 actual_gpu_groups=0 actual_gpu_refs=0 finishes=14 waits=28 overlap_gpu_groups=167
ds4: Flash-MoE async pread canceled queued=0 reading=0 ready=755 finished=0
ds4: gpu chunked prefill pos=1024 tokens=1024 layer 36 encode=116.074 ms execute=2.513 ms
ds4: Flash-MoE prefill layer=37 tokens=1024 unique=185 refs=6144 sync=14.453 ms plan=0.341 ms stage/compute=95.733 ms misses=185
ds4: Flash-MoE hybrid prefill layer=37 ane_groups=15 ane_refs=2121 gpu_i8_groups=0 gpu_i8_refs=0 fp32_groups=0 ane_min_refs=64 concurrent=1 ane_pipeline=1 output_queue=4 async_ane=15 gpu_overlap=170 finishes=15 waits=30
ds4: Flash-MoE overlap plan layer=37 exec_groups=185 planned_ane_groups=15 planned_ane_refs=2121 planned_gpu_groups=170 planned_gpu_refs=4023 tail_gpu_groups=0 tail_gpu_refs=0 planned_ssd_groups=185 est_gpu=14903.0 est_ane=2441.4 est_idle=83.62% wall=95.381 ms actual_ane_groups=15 actual_ane_refs=2121 actual_gpu_groups=0 actual_gpu_refs=0 finishes=15 waits=30 overlap_gpu_groups=170
ds4: Flash-MoE async pread canceled queued=0 reading=0 ready=771 finished=0
ds4: gpu chunked prefill pos=1024 tokens=1024 layer 37 encode=111.069 ms execute=2.597 ms
ds4: Flash-MoE prefill layer=38 tokens=1024 unique=183 refs=6144 sync=23.086 ms plan=0.322 ms stage/compute=95.235 ms misses=183
ds4: Flash-MoE hybrid prefill layer=38 ane_groups=15 ane_refs=2041 gpu_i8_groups=0 gpu_i8_refs=0 fp32_groups=0 ane_min_refs=64 concurrent=1 ane_pipeline=1 output_queue=4 async_ane=15 gpu_overlap=168 finishes=15 waits=30
ds4: Flash-MoE overlap plan layer=38 exec_groups=183 planned_ane_groups=15 planned_ane_refs=2041 planned_gpu_groups=168 planned_gpu_refs=4103 tail_gpu_groups=0 tail_gpu_refs=0 planned_ssd_groups=183 est_gpu=14855.0 est_ane=2441.4 est_idle=83.57% wall=94.910 ms actual_ane_groups=15 actual_ane_refs=2041 actual_gpu_groups=0 actual_gpu_refs=0 finishes=15 waits=30 overlap_gpu_groups=168
ds4: Flash-MoE async pread canceled queued=0 reading=0 ready=786 finished=0
ds4: gpu chunked prefill pos=1024 tokens=1024 layer 38 encode=119.353 ms execute=2.534 ms
ds4: Flash-MoE prefill layer=39 tokens=1024 unique=208 refs=6144 sync=14.480 ms plan=0.364 ms stage/compute=108.503 ms misses=208
ds4: Flash-MoE hybrid prefill layer=39 ane_groups=14 ane_refs=1707 gpu_i8_groups=0 gpu_i8_refs=0 fp32_groups=0 ane_min_refs=64 concurrent=1 ane_pipeline=1 output_queue=4 async_ane=14 gpu_overlap=194 finishes=14 waits=28
ds4: Flash-MoE overlap plan layer=39 exec_groups=208 planned_ane_groups=14 planned_ane_refs=1707 planned_gpu_groups=194 planned_gpu_refs=4437 tail_gpu_groups=0 tail_gpu_refs=0 planned_ssd_groups=208 est_gpu=16853.0 est_ane=2276.2 est_idle=86.49% wall=108.141 ms actual_ane_groups=14 actual_ane_refs=1707 actual_gpu_groups=0 actual_gpu_refs=0 finishes=14 waits=28 overlap_gpu_groups=194
ds4: Flash-MoE async pread canceled queued=0 reading=0 ready=797 finished=0
ds4: gpu chunked prefill pos=1024 tokens=1024 layer 39 encode=123.887 ms execute=2.467 ms
ds4: Flash-MoE prefill layer=40 tokens=1024 unique=176 refs=6144 sync=23.195 ms plan=0.315 ms stage/compute=93.763 ms misses=176
ds4: Flash-MoE hybrid prefill layer=40 ane_groups=11 ane_refs=2488 gpu_i8_groups=0 gpu_i8_refs=0 fp32_groups=0 ane_min_refs=64 concurrent=1 ane_pipeline=1 output_queue=4 async_ane=11 gpu_overlap=165 finishes=11 waits=22
ds4: Flash-MoE overlap plan layer=40 exec_groups=176 planned_ane_groups=11 planned_ane_refs=2488 planned_gpu_groups=165 planned_gpu_refs=3656 tail_gpu_groups=0 tail_gpu_refs=0 planned_ssd_groups=176 est_gpu=14216.0 est_ane=1796.2 est_idle=87.36% wall=93.444 ms actual_ane_groups=11 actual_ane_refs=2488 actual_gpu_groups=0 actual_gpu_refs=0 finishes=11 waits=22 overlap_gpu_groups=165
ds4: Flash-MoE async pread canceled queued=0 reading=0 ready=813 finished=0
ds4: gpu chunked prefill pos=1024 tokens=1024 layer 40 encode=118.029 ms execute=2.530 ms
ds4: Flash-MoE prefill layer=41 tokens=1024 unique=186 refs=6144 sync=14.411 ms plan=0.374 ms stage/compute=98.849 ms misses=186
ds4: Flash-MoE hybrid prefill layer=41 ane_groups=12 ane_refs=1782 gpu_i8_groups=0 gpu_i8_refs=0 fp32_groups=0 ane_min_refs=64 concurrent=1 ane_pipeline=1 output_queue=4 async_ane=12 gpu_overlap=174 finishes=12 waits=24
ds4: Flash-MoE overlap plan layer=41 exec_groups=186 planned_ane_groups=12 planned_ane_refs=1782 planned_gpu_groups=174 planned_gpu_refs=4362 tail_gpu_groups=0 tail_gpu_refs=0 planned_ssd_groups=186 est_gpu=15498.0 est_ane=1956.2 est_idle=87.38% wall=98.529 ms actual_ane_groups=12 actual_ane_refs=1782 actual_gpu_groups=0 actual_gpu_refs=0 finishes=12 waits=24 overlap_gpu_groups=174
ds4: Flash-MoE async pread canceled queued=0 reading=0 ready=827 finished=0
ds4: gpu chunked prefill pos=1024 tokens=1024 layer 41 encode=114.161 ms execute=2.547 ms
ds4: Flash-MoE prefill layer=42 tokens=1024 unique=203 refs=6144 sync=23.078 ms plan=0.385 ms stage/compute=108.190 ms misses=203
ds4: Flash-MoE hybrid prefill layer=42 ane_groups=10 ane_refs=1514 gpu_i8_groups=0 gpu_i8_refs=0 fp32_groups=0 ane_min_refs=64 concurrent=1 ane_pipeline=1 output_queue=4 async_ane=10 gpu_overlap=193 finishes=10 waits=20
ds4: Flash-MoE overlap plan layer=42 exec_groups=203 planned_ane_groups=10 planned_ane_refs=1514 planned_gpu_groups=193 planned_gpu_refs=4630 tail_gpu_groups=0 tail_gpu_refs=0 planned_ssd_groups=203 est_gpu=16982.0 est_ane=1631.0 est_idle=90.40% wall=107.835 ms actual_ane_groups=10 actual_ane_refs=1514 actual_gpu_groups=0 actual_gpu_refs=0 finishes=10 waits=20 overlap_gpu_groups=193
ds4: Flash-MoE async pread canceled queued=0 reading=0 ready=837 finished=0
ds4: gpu chunked prefill pos=1024 tokens=1024 layer 42 encode=132.370 ms execute=2.399 ms
processing 8423 input tokens: 2048/8423 (24.3%) batch=177.10 t/s avg=177.98 t/s
ds4: Flash-MoE prefill layer=0 tokens=1024 unique=256 refs=6144 sync=12.217 ms plan=0.307 ms stage/compute=148.830 ms misses=256
ds4: Flash-MoE hybrid prefill layer=0 ane_groups=0 ane_refs=0 gpu_i8_groups=0 gpu_i8_refs=0 fp32_groups=0 ane_min_refs=64 concurrent=1 ane_pipeline=1 output_queue=4 async_ane=0 gpu_overlap=0 finishes=0 waits=0
ds4: Flash-MoE overlap plan layer=0 exec_groups=256 planned_ane_groups=0 planned_ane_refs=0 planned_gpu_groups=256 planned_gpu_refs=6144 tail_gpu_groups=0 tail_gpu_refs=0 planned_ssd_groups=256 est_gpu=22528.0 est_ane=0.0 est_idle=100.00% wall=148.372 ms actual_ane_groups=0 actual_ane_refs=0 actual_gpu_groups=0 actual_gpu_refs=0 finishes=0 waits=0 overlap_gpu_groups=0
ds4: Flash-MoE async pread canceled queued=0 reading=0 ready=837 finished=0
ds4: gpu chunked prefill pos=2048 tokens=1024 layer 0 encode=161.792 ms execute=2.650 ms
ds4: Flash-MoE prefill layer=1 tokens=1024 unique=256 refs=6144 sync=12.470 ms plan=0.352 ms stage/compute=148.366 ms misses=256
ds4: Flash-MoE hybrid prefill layer=1 ane_groups=1 ane_refs=65 gpu_i8_groups=0 gpu_i8_refs=0 fp32_groups=0 ane_min_refs=64 concurrent=1 ane_pipeline=1 output_queue=4 async_ane=1 gpu_overlap=255 finishes=1 waits=2
ds4: Flash-MoE overlap plan layer=1 exec_groups=256 planned_ane_groups=1 planned_ane_refs=65 planned_gpu_groups=255 planned_gpu_refs=6079 tail_gpu_groups=0 tail_gpu_refs=0 planned_ssd_groups=256 est_gpu=22399.0 est_ane=162.6 est_idle=99.27% wall=147.959 ms actual_ane_groups=1 actual_ane_refs=65 actual_gpu_groups=0 actual_gpu_refs=0 finishes=1 waits=2 overlap_gpu_groups=255
ds4: Flash-MoE async pread canceled queued=0 reading=0 ready=837 finished=0
ds4: gpu chunked prefill pos=2048 tokens=1024 layer 1 encode=161.849 ms execute=2.529 ms
ds4: Flash-MoE prefill layer=2 tokens=1024 unique=256 refs=6144 sync=37.267 ms plan=0.336 ms stage/compute=147.433 ms misses=256
ds4: Flash-MoE hybrid prefill layer=2 ane_groups=2 ane_refs=136 gpu_i8_groups=0 gpu_i8_refs=0 fp32_groups=0 ane_min_refs=64 concurrent=1 ane_pipeline=1 output_queue=4 async_ane=2 gpu_overlap=254 finishes=2 waits=4
ds4: Flash-MoE overlap plan layer=2 exec_groups=256 planned_ane_groups=2 planned_ane_refs=136 planned_gpu_groups=254 planned_gpu_refs=6008 tail_gpu_groups=0 tail_gpu_refs=0 planned_ssd_groups=256 est_gpu=22264.0 est_ane=325.2 est_idle=98.54% wall=147.038 ms actual_ane_groups=2 actual_ane_refs=136 actual_gpu_groups=0 actual_gpu_refs=0 finishes=2 waits=4 overlap_gpu_groups=254
ds4: Flash-MoE async pread canceled queued=0 reading=0 ready=837 finished=0
ds4: gpu chunked prefill pos=2048 tokens=1024 layer 2 encode=185.580 ms execute=2.546 ms
ds4: Flash-MoE prefill layer=3 tokens=1024 unique=235 refs=6144 sync=14.545 ms plan=0.326 ms stage/compute=125.711 ms misses=235
ds4: Flash-MoE hybrid prefill layer=3 ane_groups=10 ane_refs=1194 gpu_i8_groups=0 gpu_i8_refs=0 fp32_groups=0 ane_min_refs=64 concurrent=1 ane_pipeline=1 output_queue=4 async_ane=10 gpu_overlap=225 finishes=10 waits=20
ds4: Flash-MoE overlap plan layer=3 exec_groups=235 planned_ane_groups=10 planned_ane_refs=1194 planned_gpu_groups=225 planned_gpu_refs=4950 tail_gpu_groups=0 tail_gpu_refs=0 planned_ssd_groups=235 est_gpu=19350.0 est_ane=1628.4 est_idle=91.58% wall=125.345 ms actual_ane_groups=10 actual_ane_refs=1194 actual_gpu_groups=0 actual_gpu_refs=0 finishes=10 waits=20 overlap_gpu_groups=225
ds4: Flash-MoE async pread canceled queued=0 reading=0 ready=843 finished=0
ds4: gpu chunked prefill pos=2048 tokens=1024 layer 3 encode=141.148 ms execute=2.522 ms
ds4: Flash-MoE prefill layer=4 tokens=1024 unique=224 refs=6144 sync=36.974 ms plan=0.390 ms stage/compute=114.627 ms misses=224
ds4: Flash-MoE hybrid prefill layer=4 ane_groups=13 ane_refs=1694 gpu_i8_groups=0 gpu_i8_refs=0 fp32_groups=0 ane_min_refs=64 concurrent=1 ane_pipeline=1 output_queue=4 async_ane=13 gpu_overlap=211 finishes=13 waits=26
ds4: Flash-MoE overlap plan layer=4 exec_groups=224 planned_ane_groups=13 planned_ane_refs=1694 planned_gpu_groups=211 planned_gpu_refs=4450 tail_gpu_groups=0 tail_gpu_refs=0 planned_ssd_groups=224 est_gpu=17954.0 est_ane=2116.2 est_idle=88.21% wall=114.271 ms actual_ane_groups=13 actual_ane_refs=1694 actual_gpu_groups=0 actual_gpu_refs=0 finishes=13 waits=26 overlap_gpu_groups=211
ds4: Flash-MoE async pread canceled queued=0 reading=0 ready=850 finished=0
ds4: gpu chunked prefill pos=2048 tokens=1024 layer 4 encode=152.316 ms execute=2.546 ms
ds4: Flash-MoE prefill layer=5 tokens=1024 unique=236 refs=6144 sync=14.519 ms plan=0.281 ms stage/compute=121.268 ms misses=236
ds4: Flash-MoE hybrid prefill layer=5 ane_groups=9 ane_refs=1420 gpu_i8_groups=0 gpu_i8_refs=0 fp32_groups=0 ane_min_refs=64 concurrent=1 ane_pipeline=1 output_queue=4 async_ane=9 gpu_overlap=227 finishes=9 waits=18
ds4: Flash-MoE overlap plan layer=5 exec_groups=236 planned_ane_groups=9 planned_ane_refs=1420 planned_gpu_groups=227 planned_gpu_refs=4724 tail_gpu_groups=0 tail_gpu_refs=0 planned_ssd_groups=236 est_gpu=19252.0 est_ane=1468.4 est_idle=92.37% wall=120.894 ms actual_ane_groups=9 actual_ane_refs=1420 actual_gpu_groups=0 actual_gpu_refs=0 finishes=9 waits=18 overlap_gpu_groups=227
ds4: Flash-MoE async pread canceled queued=0 reading=0 ready=855 finished=0
ds4: gpu chunked prefill pos=2048 tokens=1024 layer 5 encode=136.610 ms execute=2.539 ms
ds4: Flash-MoE prefill layer=6 tokens=1024 unique=230 refs=6144 sync=36.973 ms plan=0.321 ms stage/compute=119.136 ms misses=230
ds4: Flash-MoE hybrid prefill layer=6 ane_groups=9 ane_refs=1336 gpu_i8_groups=0 gpu_i8_refs=0 fp32_groups=0 ane_min_refs=64 concurrent=1 ane_pipeline=1 output_queue=4 async_ane=9 gpu_overlap=221 finishes=9 waits=18
ds4: Flash-MoE overlap plan layer=6 exec_groups=230 planned_ane_groups=9 planned_ane_refs=1336 planned_gpu_groups=221 planned_gpu_refs=4808 tail_gpu_groups=0 tail_gpu_refs=0 planned_ssd_groups=230 est_gpu=18952.0 est_ane=1465.9 est_idle=92.27% wall=118.743 ms actual_ane_groups=9 actual_ane_refs=1336 actual_gpu_groups=0 actual_gpu_refs=0 finishes=9 waits=18 overlap_gpu_groups=221
ds4: Flash-MoE async pread canceled queued=0 reading=0 ready=859 finished=0
ds4: gpu chunked prefill pos=2048 tokens=1024 layer 6 encode=156.726 ms execute=2.516 ms
ds4: Flash-MoE prefill layer=7 tokens=1024 unique=233 refs=6144 sync=14.546 ms plan=0.320 ms stage/compute=112.762 ms misses=233
ds4: Flash-MoE hybrid prefill layer=7 ane_groups=8 ane_refs=1820 gpu_i8_groups=0 gpu_i8_refs=0 fp32_groups=0 ane_min_refs=64 concurrent=1 ane_pipeline=1 output_queue=4 async_ane=8 gpu_overlap=225 finishes=8 waits=16
ds4: Flash-MoE overlap plan layer=7 exec_groups=233 planned_ane_groups=8 planned_ane_refs=1820 planned_gpu_groups=225 planned_gpu_refs=4324 tail_gpu_groups=0 tail_gpu_refs=0 planned_ssd_groups=233 est_gpu=18724.0 est_ane=1308.4 est_idle=93.01% wall=112.394 ms actual_ane_groups=8 actual_ane_refs=1820 actual_gpu_groups=0 actual_gpu_refs=0 finishes=8 waits=16 overlap_gpu_groups=225
ds4: Flash-MoE async pread canceled queued=0 reading=0 ready=863 finished=0
ds4: gpu chunked prefill pos=2048 tokens=1024 layer 7 encode=128.259 ms execute=2.565 ms
ds4: Flash-MoE prefill layer=8 tokens=1024 unique=223 refs=6144 sync=36.987 ms plan=0.334 ms stage/compute=114.945 ms misses=223
ds4: Flash-MoE hybrid prefill layer=8 ane_groups=9 ane_refs=1722 gpu_i8_groups=0 gpu_i8_refs=0 fp32_groups=0 ane_min_refs=64 concurrent=1 ane_pipeline=1 output_queue=4 async_ane=9 gpu_overlap=214 finishes=9 waits=18
ds4: Flash-MoE overlap plan layer=8 exec_groups=223 planned_ane_groups=9 planned_ane_refs=1722 planned_gpu_groups=214 planned_gpu_refs=4422 tail_gpu_groups=0 tail_gpu_refs=0 planned_ssd_groups=223 est_gpu=18118.0 est_ane=1471.0 est_idle=91.88% wall=114.578 ms actual_ane_groups=9 actual_ane_refs=1722 actual_gpu_groups=0 actual_gpu_refs=0 finishes=9 waits=18 overlap_gpu_groups=214
ds4: Flash-MoE async pread canceled queued=0 reading=0 ready=873 finished=0
ds4: gpu chunked prefill pos=2048 tokens=1024 layer 8 encode=152.593 ms execute=2.549 ms
ds4: Flash-MoE prefill layer=9 tokens=1024 unique=240 refs=6144 sync=14.771 ms plan=0.333 ms stage/compute=124.246 ms misses=240
ds4: Flash-MoE hybrid prefill layer=9 ane_groups=9 ane_refs=1210 gpu_i8_groups=0 gpu_i8_refs=0 fp32_groups=0 ane_min_refs=64 concurrent=1 ane_pipeline=1 output_queue=4 async_ane=9 gpu_overlap=231 finishes=9 waits=18
ds4: Flash-MoE overlap plan layer=9 exec_groups=240 planned_ane_groups=9 planned_ane_refs=1210 planned_gpu_groups=231 planned_gpu_refs=4934 tail_gpu_groups=0 tail_gpu_refs=0 planned_ssd_groups=240 est_gpu=19718.0 est_ane=1465.9 est_idle=92.57% wall=123.845 ms actual_ane_groups=9 actual_ane_refs=1210 actual_gpu_groups=0 actual_gpu_refs=0 finishes=9 waits=18 overlap_gpu_groups=231
ds4: Flash-MoE async pread canceled queued=0 reading=0 ready=874 finished=0
ds4: gpu chunked prefill pos=2048 tokens=1024 layer 9 encode=139.927 ms execute=2.541 ms
ds4: Flash-MoE prefill layer=10 tokens=1024 unique=229 refs=6144 sync=37.021 ms plan=0.359 ms stage/compute=118.248 ms misses=229
ds4: Flash-MoE hybrid prefill layer=10 ane_groups=12 ane_refs=1488 gpu_i8_groups=0 gpu_i8_refs=0 fp32_groups=0 ane_min_refs=64 concurrent=1 ane_pipeline=1 output_queue=4 async_ane=12 gpu_overlap=217 finishes=12 waits=24
ds4: Flash-MoE overlap plan layer=10 exec_groups=229 planned_ane_groups=12 planned_ane_refs=1488 planned_gpu_groups=217 planned_gpu_refs=4656 tail_gpu_groups=0 tail_gpu_refs=0 planned_ssd_groups=229 est_gpu=18544.0 est_ane=1953.6 est_idle=89.46% wall=117.871 ms actual_ane_groups=12 actual_ane_refs=1488 actual_gpu_groups=0 actual_gpu_refs=0 finishes=12 waits=24 overlap_gpu_groups=217
ds4: Flash-MoE async pread canceled queued=0 reading=0 ready=884 finished=0
ds4: gpu chunked prefill pos=2048 tokens=1024 layer 10 encode=155.906 ms execute=2.555 ms
ds4: Flash-MoE prefill layer=11 tokens=1024 unique=235 refs=6144 sync=14.745 ms plan=0.347 ms stage/compute=125.381 ms misses=235
ds4: Flash-MoE hybrid prefill layer=11 ane_groups=11 ane_refs=1506 gpu_i8_groups=0 gpu_i8_refs=0 fp32_groups=0 ane_min_refs=64 concurrent=1 ane_pipeline=1 output_queue=4 async_ane=11 gpu_overlap=224 finishes=11 waits=22
ds4: Flash-MoE overlap plan layer=11 exec_groups=235 planned_ane_groups=11 planned_ane_refs=1506 planned_gpu_groups=224 planned_gpu_refs=4638 tail_gpu_groups=0 tail_gpu_refs=0 planned_ssd_groups=235 est_gpu=18974.0 est_ane=1791.0 est_idle=90.56% wall=124.988 ms actual_ane_groups=11 actual_ane_refs=1506 actual_gpu_groups=0 actual_gpu_refs=0 finishes=11 waits=22 overlap_gpu_groups=224
ds4: Flash-MoE async pread canceled queued=0 reading=0 ready=887 finished=0
ds4: gpu chunked prefill pos=2048 tokens=1024 layer 11 encode=141.011 ms execute=2.541 ms
ds4: Flash-MoE prefill layer=12 tokens=1024 unique=209 refs=6144 sync=36.973 ms plan=0.360 ms stage/compute=111.296 ms misses=209
ds4: Flash-MoE hybrid prefill layer=12 ane_groups=15 ane_refs=1809 gpu_i8_groups=0 gpu_i8_refs=0 fp32_groups=0 ane_min_refs=64 concurrent=1 ane_pipeline=1 output_queue=4 async_ane=15 gpu_overlap=194 finishes=15 waits=30
ds4: Flash-MoE overlap plan layer=12 exec_groups=209 planned_ane_groups=15 planned_ane_refs=1809 planned_gpu_groups=194 planned_gpu_refs=4335 tail_gpu_groups=0 tail_gpu_refs=0 planned_ssd_groups=209 est_gpu=16751.0 est_ane=2441.4 est_idle=85.43% wall=110.907 ms actual_ane_groups=15 actual_ane_refs=1809 actual_gpu_groups=0 actual_gpu_refs=0 finishes=15 waits=30 overlap_gpu_groups=194
ds4: Flash-MoE async pread canceled queued=0 reading=0 ready=899 finished=0
ds4: gpu chunked prefill pos=2048 tokens=1024 layer 12 encode=148.908 ms execute=2.558 ms
ds4: Flash-MoE prefill layer=13 tokens=1024 unique=210 refs=6144 sync=14.698 ms plan=0.302 ms stage/compute=107.406 ms misses=210
ds4: Flash-MoE hybrid prefill layer=13 ane_groups=10 ane_refs=1655 gpu_i8_groups=0 gpu_i8_refs=0 fp32_groups=0 ane_min_refs=64 concurrent=1 ane_pipeline=1 output_queue=4 async_ane=10 gpu_overlap=200 finishes=10 waits=20
ds4: Flash-MoE overlap plan layer=13 exec_groups=210 planned_ane_groups=10 planned_ane_refs=1655 planned_gpu_groups=200 planned_gpu_refs=4489 tail_gpu_groups=0 tail_gpu_refs=0 planned_ssd_groups=210 est_gpu=17289.0 est_ane=1631.0 est_idle=90.57% wall=107.058 ms actual_ane_groups=10 actual_ane_refs=1655 actual_gpu_groups=0 actual_gpu_refs=0 finishes=10 waits=20 overlap_gpu_groups=200
ds4: Flash-MoE async pread canceled queued=0 reading=0 ready=905 finished=0
ds4: gpu chunked prefill pos=2048 tokens=1024 layer 13 encode=122.932 ms execute=2.676 ms
ds4: Flash-MoE prefill layer=14 tokens=1024 unique=213 refs=6144 sync=37.088 ms plan=0.341 ms stage/compute=103.300 ms misses=213
ds4: Flash-MoE hybrid prefill layer=14 ane_groups=14 ane_refs=2194 gpu_i8_groups=0 gpu_i8_refs=0 fp32_groups=0 ane_min_refs=64 concurrent=1 ane_pipeline=1 output_queue=4 async_ane=14 gpu_overlap=199 finishes=14 waits=28
ds4: Flash-MoE overlap plan layer=14 exec_groups=213 planned_ane_groups=14 planned_ane_refs=2194 planned_gpu_groups=199 planned_gpu_refs=3950 tail_gpu_groups=0 tail_gpu_refs=0 planned_ssd_groups=213 est_gpu=16686.0 est_ane=2281.4 est_idle=86.33% wall=102.960 ms actual_ane_groups=14 actual_ane_refs=2194 actual_gpu_groups=0 actual_gpu_refs=0 finishes=14 waits=28 overlap_gpu_groups=199
ds4: Flash-MoE async pread canceled queued=0 reading=0 ready=915 finished=0
ds4: gpu chunked prefill pos=2048 tokens=1024 layer 14 encode=141.018 ms execute=2.521 ms
ds4: Flash-MoE prefill layer=15 tokens=1024 unique=206 refs=6144 sync=14.499 ms plan=0.341 ms stage/compute=104.321 ms misses=206
ds4: Flash-MoE hybrid prefill layer=15 ane_groups=16 ane_refs=1875 gpu_i8_groups=0 gpu_i8_refs=0 fp32_groups=0 ane_min_refs=64 concurrent=1 ane_pipeline=1 output_queue=4 async_ane=16 gpu_overlap=190 finishes=16 waits=32
ds4: Flash-MoE overlap plan layer=15 exec_groups=206 planned_ane_groups=16 planned_ane_refs=1875 planned_gpu_groups=190 planned_gpu_refs=4269 tail_gpu_groups=0 tail_gpu_refs=0 planned_ssd_groups=206 est_gpu=16429.0 est_ane=2604.0 est_idle=84.15% wall=103.989 ms actual_ane_groups=16 actual_ane_refs=1875 actual_gpu_groups=0 actual_gpu_refs=0 finishes=16 waits=32 overlap_gpu_groups=190
ds4: Flash-MoE async pread canceled queued=0 reading=0 ready=923 finished=0
ds4: gpu chunked prefill pos=2048 tokens=1024 layer 15 encode=119.712 ms execute=2.568 ms
ds4: Flash-MoE prefill layer=16 tokens=1024 unique=193 refs=6144 sync=37.522 ms plan=0.362 ms stage/compute=103.415 ms misses=193
ds4: Flash-MoE hybrid prefill layer=16 ane_groups=11 ane_refs=1784 gpu_i8_groups=0 gpu_i8_refs=0 fp32_groups=0 ane_min_refs=64 concurrent=1 ane_pipeline=1 output_queue=4 async_ane=11 gpu_overlap=182 finishes=11 waits=22
ds4: Flash-MoE overlap plan layer=16 exec_groups=193 planned_ane_groups=11 planned_ane_refs=1784 planned_gpu_groups=182 planned_gpu_refs=4360 tail_gpu_groups=0 tail_gpu_refs=0 planned_ssd_groups=193 est_gpu=16008.0 est_ane=1796.2 est_idle=88.78% wall=103.057 ms actual_ane_groups=11 actual_ane_refs=1784 actual_gpu_groups=0 actual_gpu_refs=0 finishes=11 waits=22 overlap_gpu_groups=182
ds4: Flash-MoE async pread canceled queued=0 reading=0 ready=936 finished=0
ds4: gpu chunked prefill pos=2048 tokens=1024 layer 16 encode=141.562 ms execute=2.552 ms
ds4: Flash-MoE prefill layer=17 tokens=1024 unique=198 refs=6144 sync=14.540 ms plan=0.317 ms stage/compute=99.492 ms misses=198
ds4: Flash-MoE hybrid prefill layer=17 ane_groups=12 ane_refs=2084 gpu_i8_groups=0 gpu_i8_refs=0 fp32_groups=0 ane_min_refs=64 concurrent=1 ane_pipeline=1 output_queue=4 async_ane=12 gpu_overlap=186 finishes=12 waits=24
ds4: Flash-MoE overlap plan layer=17 exec_groups=198 planned_ane_groups=12 planned_ane_refs=2084 planned_gpu_groups=186 planned_gpu_refs=4060 tail_gpu_groups=0 tail_gpu_refs=0 planned_ssd_groups=198 est_gpu=15964.0 est_ane=1956.2 est_idle=87.75% wall=99.163 ms actual_ane_groups=12 actual_ane_refs=2084 actual_gpu_groups=0 actual_gpu_refs=0 finishes=12 waits=24 overlap_gpu_groups=186
ds4: Flash-MoE async pread canceled queued=0 reading=0 ready=945 finished=0
ds4: gpu chunked prefill pos=2048 tokens=1024 layer 17 encode=114.892 ms execute=2.494 ms
ds4: Flash-MoE prefill layer=18 tokens=1024 unique=198 refs=6144 sync=37.054 ms plan=0.312 ms stage/compute=99.884 ms misses=198
ds4: Flash-MoE hybrid prefill layer=18 ane_groups=14 ane_refs=2234 gpu_i8_groups=0 gpu_i8_refs=0 fp32_groups=0 ane_min_refs=64 concurrent=1 ane_pipeline=1 output_queue=4 async_ane=14 gpu_overlap=184 finishes=14 waits=28
ds4: Flash-MoE overlap plan layer=18 exec_groups=198 planned_ane_groups=14 planned_ane_refs=2234 planned_gpu_groups=184 planned_gpu_refs=3910 tail_gpu_groups=0 tail_gpu_refs=0 planned_ssd_groups=198 est_gpu=15686.0 est_ane=2284.0 est_idle=85.44% wall=99.530 ms actual_ane_groups=14 actual_ane_refs=2234 actual_gpu_groups=0 actual_gpu_refs=0 finishes=14 waits=28 overlap_gpu_groups=184
ds4: Flash-MoE async pread canceled queued=0 reading=0 ready=956 finished=0
ds4: gpu chunked prefill pos=2048 tokens=1024 layer 18 encode=137.546 ms execute=2.479 ms
ds4: Flash-MoE prefill layer=19 tokens=1024 unique=230 refs=6144 sync=14.521 ms plan=0.319 ms stage/compute=120.662 ms misses=230
ds4: Flash-MoE hybrid prefill layer=19 ane_groups=11 ane_refs=1224 gpu_i8_groups=0 gpu_i8_refs=0 fp32_groups=0 ane_min_refs=64 concurrent=1 ane_pipeline=1 output_queue=4 async_ane=11 gpu_overlap=219 finishes=11 waits=22
ds4: Flash-MoE overlap plan layer=19 exec_groups=230 planned_ane_groups=11 planned_ane_refs=1224 planned_gpu_groups=219 planned_gpu_refs=4920 tail_gpu_groups=0 tail_gpu_refs=0 planned_ssd_groups=230 est_gpu=18936.0 est_ane=1791.0 est_idle=90.54% wall=120.298 ms actual_ane_groups=11 actual_ane_refs=1224 actual_gpu_groups=0 actual_gpu_refs=0 finishes=11 waits=22 overlap_gpu_groups=219
ds4: Flash-MoE async pread canceled queued=0 reading=0 ready=958 finished=0
ds4: gpu chunked prefill pos=2048 tokens=1024 layer 19 encode=136.077 ms execute=2.514 ms
ds4: Flash-MoE prefill layer=20 tokens=1024 unique=181 refs=6144 sync=36.994 ms plan=0.283 ms stage/compute=94.505 ms misses=181
ds4: Flash-MoE hybrid prefill layer=20 ane_groups=15 ane_refs=2426 gpu_i8_groups=0 gpu_i8_refs=0 fp32_groups=0 ane_min_refs=64 concurrent=1 ane_pipeline=1 output_queue=4 async_ane=15 gpu_overlap=166 finishes=15 waits=30
ds4: Flash-MoE overlap plan layer=20 exec_groups=181 planned_ane_groups=15 planned_ane_refs=2426 planned_gpu_groups=166 planned_gpu_refs=3718 tail_gpu_groups=0 tail_gpu_refs=0 planned_ssd_groups=181 est_gpu=14342.0 est_ane=2446.5 est_idle=82.94% wall=94.174 ms actual_ane_groups=15 actual_ane_refs=2426 actual_gpu_groups=0 actual_gpu_refs=0 finishes=15 waits=30 overlap_gpu_groups=166
ds4: Flash-MoE async pread canceled queued=0 reading=0 ready=973 finished=0
ds4: gpu chunked prefill pos=2048 tokens=1024 layer 20 encode=132.044 ms execute=2.528 ms
ds4: Flash-MoE prefill layer=21 tokens=1024 unique=201 refs=6144 sync=14.454 ms plan=0.345 ms stage/compute=107.722 ms misses=201
ds4: Flash-MoE hybrid prefill layer=21 ane_groups=13 ane_refs=1573 gpu_i8_groups=0 gpu_i8_refs=0 fp32_groups=0 ane_min_refs=64 concurrent=1 ane_pipeline=1 output_queue=4 async_ane=13 gpu_overlap=188 finishes=13 waits=26
ds4: Flash-MoE overlap plan layer=21 exec_groups=201 planned_ane_groups=13 planned_ane_refs=1573 planned_gpu_groups=188 planned_gpu_refs=4571 tail_gpu_groups=0 tail_gpu_refs=0 planned_ssd_groups=201 est_gpu=16603.0 est_ane=2116.2 est_idle=87.25% wall=107.359 ms actual_ane_groups=13 actual_ane_refs=1573 actual_gpu_groups=0 actual_gpu_refs=0 finishes=13 waits=26 overlap_gpu_groups=188
ds4: Flash-MoE async pread canceled queued=0 reading=0 ready=983 finished=0
ds4: gpu chunked prefill pos=2048 tokens=1024 layer 21 encode=123.083 ms execute=2.548 ms
ds4: Flash-MoE prefill layer=22 tokens=1024 unique=204 refs=6144 sync=37.386 ms plan=0.344 ms stage/compute=102.964 ms misses=204
ds4: Flash-MoE hybrid prefill layer=22 ane_groups=15 ane_refs=2034 gpu_i8_groups=0 gpu_i8_refs=0 fp32_groups=0 ane_min_refs=64 concurrent=1 ane_pipeline=1 output_queue=4 async_ane=15 gpu_overlap=189 finishes=15 waits=30
ds4: Flash-MoE overlap plan layer=22 exec_groups=204 planned_ane_groups=15 planned_ane_refs=2034 planned_gpu_groups=189 planned_gpu_refs=4110 tail_gpu_groups=0 tail_gpu_refs=0 planned_ssd_groups=204 est_gpu=16206.0 est_ane=2438.8 est_idle=84.95% wall=102.618 ms actual_ane_groups=15 actual_ane_refs=2034 actual_gpu_groups=0 actual_gpu_refs=0 finishes=15 waits=30 overlap_gpu_groups=189
ds4: Flash-MoE async pread canceled queued=0 reading=0 ready=994 finished=0
ds4: gpu chunked prefill pos=2048 tokens=1024 layer 22 encode=140.976 ms execute=2.542 ms
ds4: Flash-MoE prefill layer=23 tokens=1024 unique=207 refs=6144 sync=14.498 ms plan=0.301 ms stage/compute=110.265 ms misses=207
ds4: Flash-MoE hybrid prefill layer=23 ane_groups=14 ane_refs=1484 gpu_i8_groups=0 gpu_i8_refs=0 fp32_groups=0 ane_min_refs=64 concurrent=1 ane_pipeline=1 output_queue=4 async_ane=14 gpu_overlap=193 finishes=14 waits=28
ds4: Flash-MoE overlap plan layer=23 exec_groups=207 planned_ane_groups=14 planned_ane_refs=1484 planned_gpu_groups=193 planned_gpu_refs=4660 tail_gpu_groups=0 tail_gpu_refs=0 planned_ssd_groups=207 est_gpu=17012.0 est_ane=2276.2 est_idle=86.62% wall=109.917 ms actual_ane_groups=14 actual_ane_refs=1484 actual_gpu_groups=0 actual_gpu_refs=0 finishes=14 waits=28 overlap_gpu_groups=193
ds4: Flash-MoE async pread canceled queued=0 reading=0 ready=1002 finished=0
ds4: gpu chunked prefill pos=2048 tokens=1024 layer 23 encode=125.603 ms execute=2.539 ms
ds4: Flash-MoE prefill layer=24 tokens=1024 unique=182 refs=6144 sync=36.846 ms plan=0.306 ms stage/compute=95.897 ms misses=182
ds4: Flash-MoE hybrid prefill layer=24 ane_groups=12 ane_refs=2109 gpu_i8_groups=0 gpu_i8_refs=0 fp32_groups=0 ane_min_refs=64 concurrent=1 ane_pipeline=1 output_queue=4 async_ane=12 gpu_overlap=170 finishes=12 waits=24
ds4: Flash-MoE overlap plan layer=24 exec_groups=182 planned_ane_groups=12 planned_ane_refs=2109 planned_gpu_groups=170 planned_gpu_refs=4035 tail_gpu_groups=0 tail_gpu_refs=0 planned_ssd_groups=182 est_gpu=14915.0 est_ane=1958.8 est_idle=86.87% wall=95.559 ms actual_ane_groups=12 actual_ane_refs=2109 actual_gpu_groups=0 actual_gpu_refs=0 finishes=12 waits=24 overlap_gpu_groups=170
ds4: Flash-MoE async pread canceled queued=0 reading=0 ready=1012 finished=0
ds4: gpu chunked prefill pos=2048 tokens=1024 layer 24 encode=133.352 ms execute=2.513 ms
ds4: Flash-MoE prefill layer=25 tokens=1024 unique=198 refs=6144 sync=14.539 ms plan=0.329 ms stage/compute=103.851 ms misses=198
ds4: Flash-MoE hybrid prefill layer=25 ane_groups=15 ane_refs=1677 gpu_i8_groups=0 gpu_i8_refs=0 fp32_groups=0 ane_min_refs=64 concurrent=1 ane_pipeline=1 output_queue=4 async_ane=15 gpu_overlap=183 finishes=15 waits=30
ds4: Flash-MoE overlap plan layer=25 exec_groups=198 planned_ane_groups=15 planned_ane_refs=1677 planned_gpu_groups=183 planned_gpu_refs=4467 tail_gpu_groups=0 tail_gpu_refs=0 planned_ssd_groups=198 est_gpu=16179.0 est_ane=2441.4 est_idle=84.91% wall=103.519 ms actual_ane_groups=15 actual_ane_refs=1677 actual_gpu_groups=0 actual_gpu_refs=0 finishes=15 waits=30 overlap_gpu_groups=183
ds4: Flash-MoE async pread canceled queued=0 reading=0 ready=1028 finished=0
ds4: gpu chunked prefill pos=2048 tokens=1024 layer 25 encode=119.268 ms execute=2.519 ms
ds4: Flash-MoE prefill layer=26 tokens=1024 unique=189 refs=6144 sync=36.849 ms plan=0.316 ms stage/compute=98.409 ms misses=189
ds4: Flash-MoE hybrid prefill layer=26 ane_groups=15 ane_refs=2165 gpu_i8_groups=0 gpu_i8_refs=0 fp32_groups=0 ane_min_refs=64 concurrent=1 ane_pipeline=1 output_queue=4 async_ane=15 gpu_overlap=174 finishes=15 waits=30
ds4: Flash-MoE overlap plan layer=26 exec_groups=189 planned_ane_groups=15 planned_ane_refs=2165 planned_gpu_groups=174 planned_gpu_refs=3979 tail_gpu_groups=0 tail_gpu_refs=0 planned_ssd_groups=189 est_gpu=15115.0 est_ane=2441.4 est_idle=83.85% wall=98.075 ms actual_ane_groups=15 actual_ane_refs=2165 actual_gpu_groups=0 actual_gpu_refs=0 finishes=15 waits=30 overlap_gpu_groups=174
ds4: Flash-MoE async pread canceled queued=0 reading=0 ready=1036 finished=0
ds4: gpu chunked prefill pos=2048 tokens=1024 layer 26 encode=135.842 ms execute=2.508 ms
ds4: Flash-MoE prefill layer=27 tokens=1024 unique=201 refs=6144 sync=14.435 ms plan=0.317 ms stage/compute=106.549 ms misses=201
ds4: Flash-MoE hybrid prefill layer=27 ane_groups=13 ane_refs=1661 gpu_i8_groups=0 gpu_i8_refs=0 fp32_groups=0 ane_min_refs=64 concurrent=1 ane_pipeline=1 output_queue=4 async_ane=13 gpu_overlap=188 finishes=13 waits=26
ds4: Flash-MoE overlap plan layer=27 exec_groups=201 planned_ane_groups=13 planned_ane_refs=1661 planned_gpu_groups=188 planned_gpu_refs=4483 tail_gpu_groups=0 tail_gpu_refs=0 planned_ssd_groups=201 est_gpu=16515.0 est_ane=2116.2 est_idle=87.19% wall=106.203 ms actual_ane_groups=13 actual_ane_refs=1661 actual_gpu_groups=0 actual_gpu_refs=0 finishes=13 waits=26 overlap_gpu_groups=188
ds4: Flash-MoE async pread canceled queued=0 reading=0 ready=1048 finished=0
ds4: gpu chunked prefill pos=2048 tokens=1024 layer 27 encode=121.923 ms execute=2.506 ms
ds4: Flash-MoE prefill layer=28 tokens=1024 unique=194 refs=6144 sync=36.855 ms plan=0.621 ms stage/compute=103.078 ms misses=194
ds4: Flash-MoE hybrid prefill layer=28 ane_groups=14 ane_refs=1603 gpu_i8_groups=0 gpu_i8_refs=0 fp32_groups=0 ane_min_refs=64 concurrent=1 ane_pipeline=1 output_queue=4 async_ane=14 gpu_overlap=180 finishes=14 waits=28
ds4: Flash-MoE overlap plan layer=28 exec_groups=194 planned_ane_groups=14 planned_ane_refs=1603 planned_gpu_groups=180 planned_gpu_refs=4541 tail_gpu_groups=0 tail_gpu_refs=0 planned_ssd_groups=194 est_gpu=16061.0 est_ane=2276.2 est_idle=85.83% wall=102.680 ms actual_ane_groups=14 actual_ane_refs=1603 actual_gpu_groups=0 actual_gpu_refs=0 finishes=14 waits=28 overlap_gpu_groups=180
ds4: Flash-MoE async pread canceled queued=0 reading=0 ready=1068 finished=0
ds4: gpu chunked prefill pos=2048 tokens=1024 layer 28 encode=140.822 ms execute=2.547 ms
ds4: Flash-MoE prefill layer=29 tokens=1024 unique=190 refs=6144 sync=14.444 ms plan=0.313 ms stage/compute=100.653 ms misses=190
ds4: Flash-MoE hybrid prefill layer=29 ane_groups=12 ane_refs=1846 gpu_i8_groups=0 gpu_i8_refs=0 fp32_groups=0 ane_min_refs=64 concurrent=1 ane_pipeline=1 output_queue=4 async_ane=12 gpu_overlap=178 finishes=12 waits=24
ds4: Flash-MoE overlap plan layer=29 exec_groups=190 planned_ane_groups=12 planned_ane_refs=1846 planned_gpu_groups=178 planned_gpu_refs=4298 tail_gpu_groups=0 tail_gpu_refs=0 planned_ssd_groups=190 est_gpu=15690.0 est_ane=1956.2 est_idle=87.53% wall=100.298 ms actual_ane_groups=12 actual_ane_refs=1846 actual_gpu_groups=0 actual_gpu_refs=0 finishes=12 waits=24 overlap_gpu_groups=178
ds4: Flash-MoE async pread canceled queued=0 reading=0 ready=1082 finished=0
ds4: gpu chunked prefill pos=2048 tokens=1024 layer 29 encode=115.946 ms execute=2.612 ms
ds4: Flash-MoE prefill layer=30 tokens=1024 unique=199 refs=6144 sync=36.832 ms plan=0.382 ms stage/compute=106.007 ms misses=199
ds4: Flash-MoE hybrid prefill layer=30 ane_groups=15 ane_refs=1815 gpu_i8_groups=0 gpu_i8_refs=0 fp32_groups=0 ane_min_refs=64 concurrent=1 ane_pipeline=1 output_queue=4 async_ane=15 gpu_overlap=184 finishes=15 waits=30
ds4: Flash-MoE overlap plan layer=30 exec_groups=199 planned_ane_groups=15 planned_ane_refs=1815 planned_gpu_groups=184 planned_gpu_refs=4329 tail_gpu_groups=0 tail_gpu_refs=0 planned_ssd_groups=199 est_gpu=16105.0 est_ane=2441.4 est_idle=84.84% wall=105.674 ms actual_ane_groups=15 actual_ane_refs=1815 actual_gpu_groups=0 actual_gpu_refs=0 finishes=15 waits=30 overlap_gpu_groups=184
ds4: Flash-MoE async pread canceled queued=0 reading=0 ready=1095 finished=0
ds4: gpu chunked prefill pos=2048 tokens=1024 layer 30 encode=143.517 ms execute=2.516 ms
ds4: Flash-MoE prefill layer=31 tokens=1024 unique=195 refs=6144 sync=14.553 ms plan=0.329 ms stage/compute=101.389 ms misses=195
ds4: Flash-MoE hybrid prefill layer=31 ane_groups=14 ane_refs=1907 gpu_i8_groups=0 gpu_i8_refs=0 fp32_groups=0 ane_min_refs=64 concurrent=1 ane_pipeline=1 output_queue=4 async_ane=14 gpu_overlap=181 finishes=14 waits=28
ds4: Flash-MoE overlap plan layer=31 exec_groups=195 planned_ane_groups=14 planned_ane_refs=1907 planned_gpu_groups=181 planned_gpu_refs=4237 tail_gpu_groups=0 tail_gpu_refs=0 planned_ssd_groups=195 est_gpu=15821.0 est_ane=2281.4 est_idle=85.58% wall=101.063 ms actual_ane_groups=14 actual_ane_refs=1907 actual_gpu_groups=0 actual_gpu_refs=0 finishes=14 waits=28 overlap_gpu_groups=181
ds4: Flash-MoE async pread canceled queued=0 reading=0 ready=1107 finished=0
ds4: gpu chunked prefill pos=2048 tokens=1024 layer 31 encode=116.799 ms execute=2.666 ms
ds4: Flash-MoE prefill layer=32 tokens=1024 unique=193 refs=6144 sync=37.166 ms plan=0.354 ms stage/compute=103.228 ms misses=193
ds4: Flash-MoE hybrid prefill layer=32 ane_groups=14 ane_refs=1947 gpu_i8_groups=0 gpu_i8_refs=0 fp32_groups=0 ane_min_refs=64 concurrent=1 ane_pipeline=1 output_queue=4 async_ane=14 gpu_overlap=179 finishes=14 waits=28
ds4: Flash-MoE overlap plan layer=32 exec_groups=193 planned_ane_groups=14 planned_ane_refs=1947 planned_gpu_groups=179 planned_gpu_refs=4197 tail_gpu_groups=0 tail_gpu_refs=0 planned_ssd_groups=193 est_gpu=15653.0 est_ane=2278.8 est_idle=85.44% wall=102.877 ms actual_ane_groups=14 actual_ane_refs=1947 actual_gpu_groups=0 actual_gpu_refs=0 finishes=14 waits=28 overlap_gpu_groups=179
ds4: Flash-MoE async pread canceled queued=0 reading=0 ready=1122 finished=0
ds4: gpu chunked prefill pos=2048 tokens=1024 layer 32 encode=141.065 ms execute=2.526 ms
ds4: Flash-MoE prefill layer=33 tokens=1024 unique=187 refs=6144 sync=14.416 ms plan=0.349 ms stage/compute=95.646 ms misses=187
ds4: Flash-MoE hybrid prefill layer=33 ane_groups=15 ane_refs=2142 gpu_i8_groups=0 gpu_i8_refs=0 fp32_groups=0 ane_min_refs=64 concurrent=1 ane_pipeline=1 output_queue=4 async_ane=15 gpu_overlap=172 finishes=15 waits=30
ds4: Flash-MoE overlap plan layer=33 exec_groups=187 planned_ane_groups=15 planned_ane_refs=2142 planned_gpu_groups=172 planned_gpu_refs=4002 tail_gpu_groups=0 tail_gpu_refs=0 planned_ssd_groups=187 est_gpu=15010.0 est_ane=2441.4 est_idle=83.74% wall=95.315 ms actual_ane_groups=15 actual_ane_refs=2142 actual_gpu_groups=0 actual_gpu_refs=0 finishes=15 waits=30 overlap_gpu_groups=172
ds4: Flash-MoE async pread canceled queued=0 reading=0 ready=1135 finished=0
ds4: gpu chunked prefill pos=2048 tokens=1024 layer 33 encode=110.945 ms execute=2.489 ms
ds4: Flash-MoE prefill layer=34 tokens=1024 unique=180 refs=6144 sync=36.855 ms plan=0.322 ms stage/compute=94.001 ms misses=180
ds4: Flash-MoE hybrid prefill layer=34 ane_groups=14 ane_refs=2317 gpu_i8_groups=0 gpu_i8_refs=0 fp32_groups=0 ane_min_refs=64 concurrent=1 ane_pipeline=1 output_queue=4 async_ane=14 gpu_overlap=166 finishes=14 waits=28
ds4: Flash-MoE overlap plan layer=34 exec_groups=180 planned_ane_groups=14 planned_ane_refs=2317 planned_gpu_groups=166 planned_gpu_refs=3827 tail_gpu_groups=0 tail_gpu_refs=0 planned_ssd_groups=180 est_gpu=14451.0 est_ane=2286.5 est_idle=84.18% wall=93.671 ms actual_ane_groups=14 actual_ane_refs=2317 actual_gpu_groups=0 actual_gpu_refs=0 finishes=14 waits=28 overlap_gpu_groups=166
ds4: Flash-MoE async pread canceled queued=0 reading=0 ready=1148 finished=0
ds4: gpu chunked prefill pos=2048 tokens=1024 layer 34 encode=131.454 ms execute=2.518 ms
ds4: Flash-MoE prefill layer=35 tokens=1024 unique=192 refs=6144 sync=14.441 ms plan=0.336 ms stage/compute=99.610 ms misses=192
ds4: Flash-MoE hybrid prefill layer=35 ane_groups=15 ane_refs=1997 gpu_i8_groups=0 gpu_i8_refs=0 fp32_groups=0 ane_min_refs=64 concurrent=1 ane_pipeline=1 output_queue=4 async_ane=15 gpu_overlap=177 finishes=15 waits=30
ds4: Flash-MoE overlap plan layer=35 exec_groups=192 planned_ane_groups=15 planned_ane_refs=1997 planned_gpu_groups=177 planned_gpu_refs=4147 tail_gpu_groups=0 tail_gpu_refs=0 planned_ssd_groups=192 est_gpu=15475.0 est_ane=2441.4 est_idle=84.22% wall=99.290 ms actual_ane_groups=15 actual_ane_refs=1997 actual_gpu_groups=0 actual_gpu_refs=0 finishes=15 waits=30 overlap_gpu_groups=177
ds4: Flash-MoE async pread canceled queued=0 reading=0 ready=1162 finished=0
ds4: gpu chunked prefill pos=2048 tokens=1024 layer 35 encode=114.928 ms execute=2.711 ms
ds4: Flash-MoE prefill layer=36 tokens=1024 unique=182 refs=6144 sync=36.912 ms plan=0.280 ms stage/compute=91.937 ms misses=182
ds4: Flash-MoE hybrid prefill layer=36 ane_groups=16 ane_refs=2485 gpu_i8_groups=0 gpu_i8_refs=0 fp32_groups=0 ane_min_refs=64 concurrent=1 ane_pipeline=1 output_queue=4 async_ane=16 gpu_overlap=166 finishes=16 waits=32
ds4: Flash-MoE overlap plan layer=36 exec_groups=182 planned_ane_groups=16 planned_ane_refs=2485 planned_gpu_groups=166 planned_gpu_refs=3659 tail_gpu_groups=0 tail_gpu_refs=0 planned_ssd_groups=182 est_gpu=14283.0 est_ane=2606.5 est_idle=81.75% wall=91.599 ms actual_ane_groups=16 actual_ane_refs=2485 actual_gpu_groups=0 actual_gpu_refs=0 finishes=16 waits=32 overlap_gpu_groups=166
ds4: Flash-MoE async pread canceled queued=0 reading=0 ready=1176 finished=0
ds4: gpu chunked prefill pos=2048 tokens=1024 layer 36 encode=129.400 ms execute=2.510 ms
ds4: Flash-MoE prefill layer=37 tokens=1024 unique=188 refs=6144 sync=14.454 ms plan=0.326 ms stage/compute=95.571 ms misses=188
ds4: Flash-MoE hybrid prefill layer=37 ane_groups=13 ane_refs=2164 gpu_i8_groups=0 gpu_i8_refs=0 fp32_groups=0 ane_min_refs=64 concurrent=1 ane_pipeline=1 output_queue=4 async_ane=13 gpu_overlap=175 finishes=13 waits=26
ds4: Flash-MoE overlap plan layer=37 exec_groups=188 planned_ane_groups=13 planned_ane_refs=2164 planned_gpu_groups=175 planned_gpu_refs=3980 tail_gpu_groups=0 tail_gpu_refs=0 planned_ssd_groups=188 est_gpu=15180.0 est_ane=2118.8 est_idle=86.04% wall=95.253 ms actual_ane_groups=13 actual_ane_refs=2164 actual_gpu_groups=0 actual_gpu_refs=0 finishes=13 waits=26 overlap_gpu_groups=175
ds4: Flash-MoE async pread canceled queued=0 reading=0 ready=1192 finished=0
ds4: gpu chunked prefill pos=2048 tokens=1024 layer 37 encode=110.926 ms execute=2.549 ms
ds4: Flash-MoE prefill layer=38 tokens=1024 unique=187 refs=6144 sync=36.832 ms plan=0.353 ms stage/compute=96.678 ms misses=187
ds4: Flash-MoE hybrid prefill layer=38 ane_groups=13 ane_refs=2039 gpu_i8_groups=0 gpu_i8_refs=0 fp32_groups=0 ane_min_refs=64 concurrent=1 ane_pipeline=1 output_queue=4 async_ane=13 gpu_overlap=174 finishes=13 waits=26
ds4: Flash-MoE overlap plan layer=38 exec_groups=187 planned_ane_groups=13 planned_ane_refs=2039 planned_gpu_groups=174 planned_gpu_refs=4105 tail_gpu_groups=0 tail_gpu_refs=0 planned_ssd_groups=187 est_gpu=15241.0 est_ane=2116.2 est_idle=86.12% wall=96.352 ms actual_ane_groups=13 actual_ane_refs=2039 actual_gpu_groups=0 actual_gpu_refs=0 finishes=13 waits=26 overlap_gpu_groups=174
ds4: Flash-MoE async pread canceled queued=0 reading=0 ready=1207 finished=0
ds4: gpu chunked prefill pos=2048 tokens=1024 layer 38 encode=134.113 ms execute=2.573 ms
ds4: Flash-MoE prefill layer=39 tokens=1024 unique=202 refs=6144 sync=14.743 ms plan=0.371 ms stage/compute=102.321 ms misses=202
ds4: Flash-MoE hybrid prefill layer=39 ane_groups=15 ane_refs=1963 gpu_i8_groups=0 gpu_i8_refs=0 fp32_groups=0 ane_min_refs=64 concurrent=1 ane_pipeline=1 output_queue=4 async_ane=15 gpu_overlap=187 finishes=15 waits=30
ds4: Flash-MoE overlap plan layer=39 exec_groups=202 planned_ane_groups=15 planned_ane_refs=1963 planned_gpu_groups=187 planned_gpu_refs=4181 tail_gpu_groups=0 tail_gpu_refs=0 planned_ssd_groups=202 est_gpu=16149.0 est_ane=2438.8 est_idle=84.90% wall=101.967 ms actual_ane_groups=15 actual_ane_refs=1963 actual_gpu_groups=0 actual_gpu_refs=0 finishes=15 waits=30 overlap_gpu_groups=187
ds4: Flash-MoE async pread canceled queued=0 reading=0 ready=1217 finished=0
ds4: gpu chunked prefill pos=2048 tokens=1024 layer 39 encode=118.102 ms execute=2.587 ms
ds4: Flash-MoE prefill layer=40 tokens=1024 unique=159 refs=6144 sync=36.823 ms plan=0.318 ms stage/compute=90.528 ms misses=159
ds4: Flash-MoE hybrid prefill layer=40 ane_groups=12 ane_refs=2584 gpu_i8_groups=0 gpu_i8_refs=0 fp32_groups=0 ane_min_refs=64 concurrent=1 ane_pipeline=1 output_queue=4 async_ane=12 gpu_overlap=147 finishes=12 waits=24
ds4: Flash-MoE overlap plan layer=40 exec_groups=159 planned_ane_groups=12 planned_ane_refs=2584 planned_gpu_groups=147 planned_gpu_refs=3560 tail_gpu_groups=0 tail_gpu_refs=0 planned_ssd_groups=159 est_gpu=12968.0 est_ane=1964.0 est_idle=84.86% wall=90.210 ms actual_ane_groups=12 actual_ane_refs=2584 actual_gpu_groups=0 actual_gpu_refs=0 finishes=12 waits=24 overlap_gpu_groups=147
ds4: Flash-MoE async pread canceled queued=0 reading=0 ready=1233 finished=0
ds4: gpu chunked prefill pos=2048 tokens=1024 layer 40 encode=127.960 ms execute=2.544 ms
ds4: Flash-MoE prefill layer=41 tokens=1024 unique=180 refs=6144 sync=14.447 ms plan=0.349 ms stage/compute=96.777 ms misses=180
ds4: Flash-MoE hybrid prefill layer=41 ane_groups=13 ane_refs=1758 gpu_i8_groups=0 gpu_i8_refs=0 fp32_groups=0 ane_min_refs=64 concurrent=1 ane_pipeline=1 output_queue=4 async_ane=13 gpu_overlap=167 finishes=13 waits=26
ds4: Flash-MoE overlap plan layer=41 exec_groups=180 planned_ane_groups=13 planned_ane_refs=1758 planned_gpu_groups=167 planned_gpu_refs=4386 tail_gpu_groups=0 tail_gpu_refs=0 planned_ssd_groups=180 est_gpu=15074.0 est_ane=2116.2 est_idle=85.96% wall=96.455 ms actual_ane_groups=13 actual_ane_refs=1758 actual_gpu_groups=0 actual_gpu_refs=0 finishes=13 waits=26 overlap_gpu_groups=167
ds4: Flash-MoE async pread canceled queued=0 reading=0 ready=1244 finished=0
ds4: gpu chunked prefill pos=2048 tokens=1024 layer 41 encode=112.138 ms execute=2.515 ms
ds4: Flash-MoE prefill layer=42 tokens=1024 unique=202 refs=6144 sync=36.856 ms plan=0.359 ms stage/compute=105.186 ms misses=202
ds4: Flash-MoE hybrid prefill layer=42 ane_groups=13 ane_refs=1757 gpu_i8_groups=0 gpu_i8_refs=0 fp32_groups=0 ane_min_refs=64 concurrent=1 ane_pipeline=1 output_queue=4 async_ane=13 gpu_overlap=189 finishes=13 waits=26
ds4: Flash-MoE overlap plan layer=42 exec_groups=202 planned_ane_groups=13 planned_ane_refs=1757 planned_gpu_groups=189 planned_gpu_refs=4387 tail_gpu_groups=0 tail_gpu_refs=0 planned_ssd_groups=202 est_gpu=16483.0 est_ane=2116.2 est_idle=87.16% wall=104.852 ms actual_ane_groups=13 actual_ane_refs=1757 actual_gpu_groups=0 actual_gpu_refs=0 finishes=13 waits=26 overlap_gpu_groups=189
ds4: Flash-MoE async pread canceled queued=0 reading=0 ready=1260 finished=0
ds4: gpu chunked prefill pos=2048 tokens=1024 layer 42 encode=142.681 ms execute=2.548 ms
processing 8423 input tokens: 3072/8423 (36.5%) batch=173.21 t/s avg=176.36 t/s
ds4: Flash-MoE prefill layer=0 tokens=1024 unique=256 refs=6144 sync=12.097 ms plan=0.284 ms stage/compute=149.522 ms misses=256
ds4: Flash-MoE hybrid prefill layer=0 ane_groups=0 ane_refs=0 gpu_i8_groups=0 gpu_i8_refs=0 fp32_groups=0 ane_min_refs=64 concurrent=1 ane_pipeline=1 output_queue=4 async_ane=0 gpu_overlap=0 finishes=0 waits=0
ds4: Flash-MoE overlap plan layer=0 exec_groups=256 planned_ane_groups=0 planned_ane_refs=0 planned_gpu_groups=256 planned_gpu_refs=6144 tail_gpu_groups=0 tail_gpu_refs=0 planned_ssd_groups=256 est_gpu=22528.0 est_ane=0.0 est_idle=100.00% wall=149.108 ms actual_ane_groups=0 actual_ane_refs=0 actual_gpu_groups=0 actual_gpu_refs=0 finishes=0 waits=0 overlap_gpu_groups=0
ds4: Flash-MoE async pread canceled queued=0 reading=0 ready=1260 finished=0
ds4: gpu chunked prefill pos=3072 tokens=1024 layer 0 encode=162.281 ms execute=2.624 ms
ds4: Flash-MoE prefill layer=1 tokens=1024 unique=256 refs=6144 sync=12.514 ms plan=0.366 ms stage/compute=149.040 ms misses=256
ds4: Flash-MoE hybrid prefill layer=1 ane_groups=1 ane_refs=65 gpu_i8_groups=0 gpu_i8_refs=0 fp32_groups=0 ane_min_refs=64 concurrent=1 ane_pipeline=1 output_queue=4 async_ane=1 gpu_overlap=255 finishes=1 waits=2
ds4: Flash-MoE overlap plan layer=1 exec_groups=256 planned_ane_groups=1 planned_ane_refs=65 planned_gpu_groups=255 planned_gpu_refs=6079 tail_gpu_groups=0 tail_gpu_refs=0 planned_ssd_groups=256 est_gpu=22399.0 est_ane=162.6 est_idle=99.27% wall=148.626 ms actual_ane_groups=1 actual_ane_refs=65 actual_gpu_groups=0 actual_gpu_refs=0 finishes=1 waits=2 overlap_gpu_groups=255
ds4: Flash-MoE async pread canceled queued=0 reading=0 ready=1260 finished=0
ds4: gpu chunked prefill pos=3072 tokens=1024 layer 1 encode=162.481 ms execute=2.555 ms
ds4: Flash-MoE prefill layer=2 tokens=1024 unique=256 refs=6144 sync=37.639 ms plan=0.320 ms stage/compute=147.477 ms misses=256
ds4: Flash-MoE hybrid prefill layer=2 ane_groups=2 ane_refs=135 gpu_i8_groups=0 gpu_i8_refs=0 fp32_groups=0 ane_min_refs=64 concurrent=1 ane_pipeline=1 output_queue=4 async_ane=2 gpu_overlap=254 finishes=2 waits=4
ds4: Flash-MoE overlap plan layer=2 exec_groups=256 planned_ane_groups=2 planned_ane_refs=135 planned_gpu_groups=254 planned_gpu_refs=6009 tail_gpu_groups=0 tail_gpu_refs=0 planned_ssd_groups=256 est_gpu=22265.0 est_ane=325.2 est_idle=98.54% wall=147.028 ms actual_ane_groups=2 actual_ane_refs=135 actual_gpu_groups=0 actual_gpu_refs=0 finishes=2 waits=4 overlap_gpu_groups=254
ds4: Flash-MoE async pread canceled queued=0 reading=0 ready=1260 finished=0
ds4: gpu chunked prefill pos=3072 tokens=1024 layer 2 encode=185.709 ms execute=2.544 ms
ds4: Flash-MoE prefill layer=3 tokens=1024 unique=234 refs=6144 sync=14.571 ms plan=0.328 ms stage/compute=123.391 ms misses=234
ds4: Flash-MoE hybrid prefill layer=3 ane_groups=9 ane_refs=1105 gpu_i8_groups=0 gpu_i8_refs=0 fp32_groups=0 ane_min_refs=64 concurrent=1 ane_pipeline=1 output_queue=4 async_ane=9 gpu_overlap=225 finishes=9 waits=18
ds4: Flash-MoE overlap plan layer=3 exec_groups=234 planned_ane_groups=9 planned_ane_refs=1105 planned_gpu_groups=225 planned_gpu_refs=5039 tail_gpu_groups=0 tail_gpu_refs=0 planned_ssd_groups=234 est_gpu=19439.0 est_ane=1465.9 est_idle=92.46% wall=123.021 ms actual_ane_groups=9 actual_ane_refs=1105 actual_gpu_groups=0 actual_gpu_refs=0 finishes=9 waits=18 overlap_gpu_groups=225
ds4: Flash-MoE async pread canceled queued=0 reading=0 ready=1266 finished=0
ds4: gpu chunked prefill pos=3072 tokens=1024 layer 3 encode=138.872 ms execute=2.520 ms
ds4: Flash-MoE prefill layer=4 tokens=1024 unique=227 refs=6144 sync=37.883 ms plan=0.306 ms stage/compute=114.757 ms misses=227
ds4: Flash-MoE hybrid prefill layer=4 ane_groups=12 ane_refs=1641 gpu_i8_groups=0 gpu_i8_refs=0 fp32_groups=0 ane_min_refs=64 concurrent=1 ane_pipeline=1 output_queue=4 async_ane=12 gpu_overlap=215 finishes=12 waits=24
ds4: Flash-MoE overlap plan layer=4 exec_groups=227 planned_ane_groups=12 planned_ane_refs=1641 planned_gpu_groups=215 planned_gpu_refs=4503 tail_gpu_groups=0 tail_gpu_refs=0 planned_ssd_groups=227 est_gpu=18263.0 est_ane=1953.6 est_idle=89.30% wall=114.359 ms actual_ane_groups=12 actual_ane_refs=1641 actual_gpu_groups=0 actual_gpu_refs=0 finishes=12 waits=24 overlap_gpu_groups=215
ds4: Flash-MoE async pread canceled queued=0 reading=0 ready=1272 finished=0
ds4: gpu chunked prefill pos=3072 tokens=1024 layer 4 encode=153.210 ms execute=2.526 ms
ds4: Flash-MoE prefill layer=5 tokens=1024 unique=239 refs=6144 sync=14.561 ms plan=0.315 ms stage/compute=122.064 ms misses=239
ds4: Flash-MoE hybrid prefill layer=5 ane_groups=10 ane_refs=1370 gpu_i8_groups=0 gpu_i8_refs=0 fp32_groups=0 ane_min_refs=64 concurrent=1 ane_pipeline=1 output_queue=4 async_ane=10 gpu_overlap=229 finishes=10 waits=20
ds4: Flash-MoE overlap plan layer=5 exec_groups=239 planned_ane_groups=10 planned_ane_refs=1370 planned_gpu_groups=229 planned_gpu_refs=4774 tail_gpu_groups=0 tail_gpu_refs=0 planned_ssd_groups=239 est_gpu=19430.0 est_ane=1631.0 est_idle=91.61% wall=121.691 ms actual_ane_groups=10 actual_ane_refs=1370 actual_gpu_groups=0 actual_gpu_refs=0 finishes=10 waits=20 overlap_gpu_groups=229
ds4: Flash-MoE async pread canceled queued=0 reading=0 ready=1275 finished=0
ds4: gpu chunked prefill pos=3072 tokens=1024 layer 5 encode=137.490 ms execute=2.531 ms
ds4: Flash-MoE prefill layer=6 tokens=1024 unique=227 refs=6144 sync=37.730 ms plan=0.324 ms stage/compute=121.030 ms misses=227
ds4: Flash-MoE hybrid prefill layer=6 ane_groups=9 ane_refs=1137 gpu_i8_groups=0 gpu_i8_refs=0 fp32_groups=0 ane_min_refs=64 concurrent=1 ane_pipeline=1 output_queue=4 async_ane=9 gpu_overlap=218 finishes=9 waits=18
ds4: Flash-MoE overlap plan layer=6 exec_groups=227 planned_ane_groups=9 planned_ane_refs=1137 planned_gpu_groups=218 planned_gpu_refs=5007 tail_gpu_groups=0 tail_gpu_refs=0 planned_ssd_groups=227 est_gpu=18959.0 est_ane=1465.9 est_idle=92.27% wall=120.668 ms actual_ane_groups=9 actual_ane_refs=1137 actual_gpu_groups=0 actual_gpu_refs=0 finishes=9 waits=18 overlap_gpu_groups=218
ds4: Flash-MoE async pread canceled queued=0 reading=0 ready=1279 finished=0
ds4: gpu chunked prefill pos=3072 tokens=1024 layer 6 encode=159.364 ms execute=2.521 ms
ds4: Flash-MoE prefill layer=7 tokens=1024 unique=231 refs=6144 sync=14.561 ms plan=0.332 ms stage/compute=119.639 ms misses=231
ds4: Flash-MoE hybrid prefill layer=7 ane_groups=13 ane_refs=1882 gpu_i8_groups=0 gpu_i8_refs=0 fp32_groups=0 ane_min_refs=64 concurrent=1 ane_pipeline=1 output_queue=4 async_ane=13 gpu_overlap=218 finishes=13 waits=26
ds4: Flash-MoE overlap plan layer=7 exec_groups=231 planned_ane_groups=13 planned_ane_refs=1882 planned_gpu_groups=218 planned_gpu_refs=4262 tail_gpu_groups=0 tail_gpu_refs=0 planned_ssd_groups=231 est_gpu=18214.0 est_ane=2121.4 est_idle=88.35% wall=119.239 ms actual_ane_groups=13 actual_ane_refs=1882 actual_gpu_groups=0 actual_gpu_refs=0 finishes=13 waits=26 overlap_gpu_groups=218
ds4: Flash-MoE async pread canceled queued=0 reading=0 ready=1282 finished=0
ds4: gpu chunked prefill pos=3072 tokens=1024 layer 7 encode=135.140 ms execute=2.627 ms
ds4: Flash-MoE prefill layer=8 tokens=1024 unique=226 refs=6144 sync=37.680 ms plan=0.317 ms stage/compute=118.053 ms misses=226
ds4: Flash-MoE hybrid prefill layer=8 ane_groups=11 ane_refs=1792 gpu_i8_groups=0 gpu_i8_refs=0 fp32_groups=0 ane_min_refs=64 concurrent=1 ane_pipeline=1 output_queue=4 async_ane=11 gpu_overlap=215 finishes=11 waits=22
ds4: Flash-MoE overlap plan layer=8 exec_groups=226 planned_ane_groups=11 planned_ane_refs=1792 planned_gpu_groups=215 planned_gpu_refs=4352 tail_gpu_groups=0 tail_gpu_refs=0 planned_ssd_groups=226 est_gpu=18112.0 est_ane=1796.2 est_idle=90.08% wall=117.680 ms actual_ane_groups=11 actual_ane_refs=1792 actual_gpu_groups=0 actual_gpu_refs=0 finishes=11 waits=22 overlap_gpu_groups=215
ds4: Flash-MoE async pread canceled queued=0 reading=0 ready=1289 finished=0
ds4: gpu chunked prefill pos=3072 tokens=1024 layer 8 encode=156.337 ms execute=2.519 ms
ds4: Flash-MoE prefill layer=9 tokens=1024 unique=226 refs=6144 sync=14.585 ms plan=0.333 ms stage/compute=120.681 ms misses=226
ds4: Flash-MoE hybrid prefill layer=9 ane_groups=11 ane_refs=1247 gpu_i8_groups=0 gpu_i8_refs=0 fp32_groups=0 ane_min_refs=64 concurrent=1 ane_pipeline=1 output_queue=4 async_ane=11 gpu_overlap=215 finishes=11 waits=22
ds4: Flash-MoE overlap plan layer=9 exec_groups=226 planned_ane_groups=11 planned_ane_refs=1247 planned_gpu_groups=215 planned_gpu_refs=4897 tail_gpu_groups=0 tail_gpu_refs=0 planned_ssd_groups=226 est_gpu=18657.0 est_ane=1791.0 est_idle=90.40% wall=120.289 ms actual_ane_groups=11 actual_ane_refs=1247 actual_gpu_groups=0 actual_gpu_refs=0 finishes=11 waits=22 overlap_gpu_groups=215
ds4: Flash-MoE async pread canceled queued=0 reading=0 ready=1294 finished=0
ds4: gpu chunked prefill pos=3072 tokens=1024 layer 9 encode=136.148 ms execute=2.576 ms
ds4: Flash-MoE prefill layer=10 tokens=1024 unique=223 refs=6144 sync=37.903 ms plan=0.331 ms stage/compute=119.623 ms misses=223
ds4: Flash-MoE hybrid prefill layer=10 ane_groups=11 ane_refs=1384 gpu_i8_groups=0 gpu_i8_refs=0 fp32_groups=0 ane_min_refs=64 concurrent=1 ane_pipeline=1 output_queue=4 async_ane=11 gpu_overlap=212 finishes=11 waits=22
ds4: Flash-MoE overlap plan layer=10 exec_groups=223 planned_ane_groups=11 planned_ane_refs=1384 planned_gpu_groups=212 planned_gpu_refs=4760 tail_gpu_groups=0 tail_gpu_refs=0 planned_ssd_groups=223 est_gpu=18328.0 est_ane=1791.0 est_idle=90.23% wall=119.257 ms actual_ane_groups=11 actual_ane_refs=1384 actual_gpu_groups=0 actual_gpu_refs=0 finishes=11 waits=22 overlap_gpu_groups=212
ds4: Flash-MoE async pread canceled queued=0 reading=0 ready=1302 finished=0
ds4: gpu chunked prefill pos=3072 tokens=1024 layer 10 encode=158.145 ms execute=2.539 ms
ds4: Flash-MoE prefill layer=11 tokens=1024 unique=231 refs=6144 sync=14.618 ms plan=0.357 ms stage/compute=118.056 ms misses=231
ds4: Flash-MoE hybrid prefill layer=11 ane_groups=12 ane_refs=1441 gpu_i8_groups=0 gpu_i8_refs=0 fp32_groups=0 ane_min_refs=64 concurrent=1 ane_pipeline=1 output_queue=4 async_ane=12 gpu_overlap=219 finishes=12 waits=24
ds4: Flash-MoE overlap plan layer=11 exec_groups=231 planned_ane_groups=12 planned_ane_refs=1441 planned_gpu_groups=219 planned_gpu_refs=4703 tail_gpu_groups=0 tail_gpu_refs=0 planned_ssd_groups=231 est_gpu=18719.0 est_ane=1953.6 est_idle=89.56% wall=117.689 ms actual_ane_groups=12 actual_ane_refs=1441 actual_gpu_groups=0 actual_gpu_refs=0 finishes=12 waits=24 overlap_gpu_groups=219
ds4: Flash-MoE async pread canceled queued=0 reading=0 ready=1306 finished=0
ds4: gpu chunked prefill pos=3072 tokens=1024 layer 11 encode=133.611 ms execute=2.527 ms
ds4: Flash-MoE prefill layer=12 tokens=1024 unique=204 refs=6144 sync=37.688 ms plan=0.393 ms stage/compute=107.836 ms misses=204
ds4: Flash-MoE hybrid prefill layer=12 ane_groups=14 ane_refs=1665 gpu_i8_groups=0 gpu_i8_refs=0 fp32_groups=0 ane_min_refs=64 concurrent=1 ane_pipeline=1 output_queue=4 async_ane=14 gpu_overlap=190 finishes=14 waits=28
ds4: Flash-MoE overlap plan layer=12 exec_groups=204 planned_ane_groups=14 planned_ane_refs=1665 planned_gpu_groups=190 planned_gpu_refs=4479 tail_gpu_groups=0 tail_gpu_refs=0 planned_ssd_groups=204 est_gpu=16639.0 est_ane=2278.8 est_idle=86.30% wall=107.486 ms actual_ane_groups=14 actual_ane_refs=1665 actual_gpu_groups=0 actual_gpu_refs=0 finishes=14 waits=28 overlap_gpu_groups=190
ds4: Flash-MoE async pread canceled queued=0 reading=0 ready=1316 finished=0
ds4: gpu chunked prefill pos=3072 tokens=1024 layer 12 encode=146.212 ms execute=2.512 ms
ds4: Flash-MoE prefill layer=13 tokens=1024 unique=211 refs=6144 sync=14.704 ms plan=0.322 ms stage/compute=106.582 ms misses=211
ds4: Flash-MoE hybrid prefill layer=13 ane_groups=13 ane_refs=1752 gpu_i8_groups=0 gpu_i8_refs=0 fp32_groups=0 ane_min_refs=64 concurrent=1 ane_pipeline=1 output_queue=4 async_ane=13 gpu_overlap=198 finishes=13 waits=26
ds4: Flash-MoE overlap plan layer=13 exec_groups=211 planned_ane_groups=13 planned_ane_refs=1752 planned_gpu_groups=198 planned_gpu_refs=4392 tail_gpu_groups=0 tail_gpu_refs=0 planned_ssd_groups=211 est_gpu=17064.0 est_ane=2116.2 est_idle=87.60% wall=106.236 ms actual_ane_groups=13 actual_ane_refs=1752 actual_gpu_groups=0 actual_gpu_refs=0 finishes=13 waits=26 overlap_gpu_groups=198
ds4: Flash-MoE async pread canceled queued=0 reading=0 ready=1325 finished=0
ds4: gpu chunked prefill pos=3072 tokens=1024 layer 13 encode=122.137 ms execute=2.525 ms
ds4: Flash-MoE prefill layer=14 tokens=1024 unique=205 refs=6144 sync=37.659 ms plan=0.406 ms stage/compute=104.168 ms misses=205
ds4: Flash-MoE hybrid prefill layer=14 ane_groups=16 ane_refs=2100 gpu_i8_groups=0 gpu_i8_refs=0 fp32_groups=0 ane_min_refs=64 concurrent=1 ane_pipeline=1 output_queue=4 async_ane=16 gpu_overlap=189 finishes=16 waits=32
ds4: Flash-MoE overlap plan layer=14 exec_groups=205 planned_ane_groups=16 planned_ane_refs=2100 planned_gpu_groups=189 planned_gpu_refs=4044 tail_gpu_groups=0 tail_gpu_refs=0 planned_ssd_groups=205 est_gpu=16140.0 est_ane=2601.4 est_idle=83.88% wall=103.814 ms actual_ane_groups=16 actual_ane_refs=2100 actual_gpu_groups=0 actual_gpu_refs=0 finishes=16 waits=32 overlap_gpu_groups=189
ds4: Flash-MoE async pread canceled queued=0 reading=0 ready=1333 finished=0
ds4: gpu chunked prefill pos=3072 tokens=1024 layer 14 encode=142.507 ms execute=2.486 ms
ds4: Flash-MoE prefill layer=15 tokens=1024 unique=199 refs=6144 sync=14.577 ms plan=0.337 ms stage/compute=101.984 ms misses=199
ds4: Flash-MoE hybrid prefill layer=15 ane_groups=16 ane_refs=2064 gpu_i8_groups=0 gpu_i8_refs=0 fp32_groups=0 ane_min_refs=64 concurrent=1 ane_pipeline=1 output_queue=4 async_ane=16 gpu_overlap=183 finishes=16 waits=32
ds4: Flash-MoE overlap plan layer=15 exec_groups=199 planned_ane_groups=16 planned_ane_refs=2064 planned_gpu_groups=183 planned_gpu_refs=4080 tail_gpu_groups=0 tail_gpu_refs=0 planned_ssd_groups=199 est_gpu=15792.0 est_ane=2606.5 est_idle=83.49% wall=101.620 ms actual_ane_groups=16 actual_ane_refs=2064 actual_gpu_groups=0 actual_gpu_refs=0 finishes=16 waits=32 overlap_gpu_groups=183
ds4: Flash-MoE async pread canceled queued=0 reading=0 ready=1341 finished=0
ds4: gpu chunked prefill pos=3072 tokens=1024 layer 15 encode=117.475 ms execute=2.528 ms
ds4: Flash-MoE prefill layer=16 tokens=1024 unique=201 refs=6144 sync=38.211 ms plan=0.327 ms stage/compute=102.889 ms misses=201
ds4: Flash-MoE hybrid prefill layer=16 ane_groups=12 ane_refs=1981 gpu_i8_groups=0 gpu_i8_refs=0 fp32_groups=0 ane_min_refs=64 concurrent=1 ane_pipeline=1 output_queue=4 async_ane=12 gpu_overlap=189 finishes=12 waits=24
ds4: Flash-MoE overlap plan layer=16 exec_groups=201 planned_ane_groups=12 planned_ane_refs=1981 planned_gpu_groups=189 planned_gpu_refs=4163 tail_gpu_groups=0 tail_gpu_refs=0 planned_ssd_groups=201 est_gpu=16259.0 est_ane=1958.8 est_idle=87.95% wall=102.544 ms actual_ane_groups=12 actual_ane_refs=1981 actual_gpu_groups=0 actual_gpu_refs=0 finishes=12 waits=24 overlap_gpu_groups=189
ds4: Flash-MoE async pread canceled queued=0 reading=0 ready=1351 finished=0
ds4: gpu chunked prefill pos=3072 tokens=1024 layer 16 encode=141.702 ms execute=2.548 ms
ds4: Flash-MoE prefill layer=17 tokens=1024 unique=209 refs=6144 sync=14.533 ms plan=0.350 ms stage/compute=104.605 ms misses=209
ds4: Flash-MoE hybrid prefill layer=17 ane_groups=14 ane_refs=2180 gpu_i8_groups=0 gpu_i8_refs=0 fp32_groups=0 ane_min_refs=64 concurrent=1 ane_pipeline=1 output_queue=4 async_ane=14 gpu_overlap=195 finishes=14 waits=28
ds4: Flash-MoE overlap plan layer=17 exec_groups=209 planned_ane_groups=14 planned_ane_refs=2180 planned_gpu_groups=195 planned_gpu_refs=3964 tail_gpu_groups=0 tail_gpu_refs=0 planned_ssd_groups=209 est_gpu=16444.0 est_ane=2281.4 est_idle=86.13% wall=104.260 ms actual_ane_groups=14 actual_ane_refs=2180 actual_gpu_groups=0 actual_gpu_refs=0 finishes=14 waits=28 overlap_gpu_groups=195
ds4: Flash-MoE async pread canceled queued=0 reading=0 ready=1362 finished=0
ds4: gpu chunked prefill pos=3072 tokens=1024 layer 17 encode=120.037 ms execute=2.542 ms
ds4: Flash-MoE prefill layer=18 tokens=1024 unique=195 refs=6144 sync=37.727 ms plan=0.336 ms stage/compute=98.910 ms misses=195
ds4: Flash-MoE hybrid prefill layer=18 ane_groups=14 ane_refs=2264 gpu_i8_groups=0 gpu_i8_refs=0 fp32_groups=0 ane_min_refs=64 concurrent=1 ane_pipeline=1 output_queue=4 async_ane=14 gpu_overlap=181 finishes=14 waits=28
ds4: Flash-MoE overlap plan layer=18 exec_groups=195 planned_ane_groups=14 planned_ane_refs=2264 planned_gpu_groups=181 planned_gpu_refs=3880 tail_gpu_groups=0 tail_gpu_refs=0 planned_ssd_groups=195 est_gpu=15464.0 est_ane=2284.0 est_idle=85.23% wall=98.572 ms actual_ane_groups=14 actual_ane_refs=2264 actual_gpu_groups=0 actual_gpu_refs=0 finishes=14 waits=28 overlap_gpu_groups=181
ds4: Flash-MoE async pread canceled queued=0 reading=0 ready=1376 finished=0
ds4: gpu chunked prefill pos=3072 tokens=1024 layer 18 encode=137.281 ms execute=2.513 ms
ds4: Flash-MoE prefill layer=19 tokens=1024 unique=227 refs=6144 sync=14.703 ms plan=0.334 ms stage/compute=121.364 ms misses=227
ds4: Flash-MoE hybrid prefill layer=19 ane_groups=11 ane_refs=1213 gpu_i8_groups=0 gpu_i8_refs=0 fp32_groups=0 ane_min_refs=64 concurrent=1 ane_pipeline=1 output_queue=4 async_ane=11 gpu_overlap=216 finishes=11 waits=22
ds4: Flash-MoE overlap plan layer=19 exec_groups=227 planned_ane_groups=11 planned_ane_refs=1213 planned_gpu_groups=216 planned_gpu_refs=4931 tail_gpu_groups=0 tail_gpu_refs=0 planned_ssd_groups=227 est_gpu=18755.0 est_ane=1788.4 est_idle=90.46% wall=120.998 ms actual_ane_groups=11 actual_ane_refs=1213 actual_gpu_groups=0 actual_gpu_refs=0 finishes=11 waits=22 overlap_gpu_groups=216
ds4: Flash-MoE async pread canceled queued=0 reading=0 ready=1379 finished=0
ds4: gpu chunked prefill pos=3072 tokens=1024 layer 19 encode=136.928 ms execute=2.487 ms
ds4: Flash-MoE prefill layer=20 tokens=1024 unique=180 refs=6144 sync=37.603 ms plan=0.353 ms stage/compute=95.793 ms misses=180
ds4: Flash-MoE hybrid prefill layer=20 ane_groups=16 ane_refs=2297 gpu_i8_groups=0 gpu_i8_refs=0 fp32_groups=0 ane_min_refs=64 concurrent=1 ane_pipeline=1 output_queue=4 async_ane=16 gpu_overlap=164 finishes=16 waits=32
ds4: Flash-MoE overlap plan layer=20 exec_groups=180 planned_ane_groups=16 planned_ane_refs=2297 planned_gpu_groups=164 planned_gpu_refs=3847 tail_gpu_groups=0 tail_gpu_refs=0 planned_ssd_groups=180 est_gpu=14343.0 est_ane=2606.5 est_idle=81.83% wall=95.437 ms actual_ane_groups=16 actual_ane_refs=2297 actual_gpu_groups=0 actual_gpu_refs=0 finishes=16 waits=32 overlap_gpu_groups=164
ds4: Flash-MoE async pread canceled queued=0 reading=0 ready=1394 finished=0
ds4: gpu chunked prefill pos=3072 tokens=1024 layer 20 encode=134.068 ms execute=2.501 ms
ds4: Flash-MoE prefill layer=21 tokens=1024 unique=204 refs=6144 sync=14.481 ms plan=0.345 ms stage/compute=106.765 ms misses=204
ds4: Flash-MoE hybrid prefill layer=21 ane_groups=14 ane_refs=1686 gpu_i8_groups=0 gpu_i8_refs=0 fp32_groups=0 ane_min_refs=64 concurrent=1 ane_pipeline=1 output_queue=4 async_ane=14 gpu_overlap=190 finishes=14 waits=28
ds4: Flash-MoE overlap plan layer=21 exec_groups=204 planned_ane_groups=14 planned_ane_refs=1686 planned_gpu_groups=190 planned_gpu_refs=4458 tail_gpu_groups=0 tail_gpu_refs=0 planned_ssd_groups=204 est_gpu=16618.0 est_ane=2278.8 est_idle=86.29% wall=106.419 ms actual_ane_groups=14 actual_ane_refs=1686 actual_gpu_groups=0 actual_gpu_refs=0 finishes=14 waits=28 overlap_gpu_groups=190
ds4: Flash-MoE async pread canceled queued=0 reading=0 ready=1401 finished=0
ds4: gpu chunked prefill pos=3072 tokens=1024 layer 21 encode=122.100 ms execute=2.599 ms
ds4: Flash-MoE prefill layer=22 tokens=1024 unique=199 refs=6144 sync=37.660 ms plan=0.391 ms stage/compute=100.926 ms misses=199
ds4: Flash-MoE hybrid prefill layer=22 ane_groups=15 ane_refs=2151 gpu_i8_groups=0 gpu_i8_refs=0 fp32_groups=0 ane_min_refs=64 concurrent=1 ane_pipeline=1 output_queue=4 async_ane=15 gpu_overlap=184 finishes=15 waits=30
ds4: Flash-MoE overlap plan layer=22 exec_groups=199 planned_ane_groups=15 planned_ane_refs=2151 planned_gpu_groups=184 planned_gpu_refs=3993 tail_gpu_groups=0 tail_gpu_refs=0 planned_ssd_groups=199 est_gpu=15769.0 est_ane=2444.0 est_idle=84.50% wall=100.571 ms actual_ane_groups=15 actual_ane_refs=2151 actual_gpu_groups=0 actual_gpu_refs=0 finishes=15 waits=30 overlap_gpu_groups=184
ds4: Flash-MoE async pread canceled queued=0 reading=0 ready=1412 finished=0
ds4: gpu chunked prefill pos=3072 tokens=1024 layer 22 encode=139.244 ms execute=2.515 ms
ds4: Flash-MoE prefill layer=23 tokens=1024 unique=202 refs=6144 sync=14.446 ms plan=0.405 ms stage/compute=107.829 ms misses=202
ds4: Flash-MoE hybrid prefill layer=23 ane_groups=14 ane_refs=1576 gpu_i8_groups=0 gpu_i8_refs=0 fp32_groups=0 ane_min_refs=64 concurrent=1 ane_pipeline=1 output_queue=4 async_ane=14 gpu_overlap=188 finishes=14 waits=28
ds4: Flash-MoE overlap plan layer=23 exec_groups=202 planned_ane_groups=14 planned_ane_refs=1576 planned_gpu_groups=188 planned_gpu_refs=4568 tail_gpu_groups=0 tail_gpu_refs=0 planned_ssd_groups=202 est_gpu=16600.0 est_ane=2276.2 est_idle=86.29% wall=107.430 ms actual_ane_groups=14 actual_ane_refs=1576 actual_gpu_groups=0 actual_gpu_refs=0 finishes=14 waits=28 overlap_gpu_groups=188
ds4: Flash-MoE async pread canceled queued=0 reading=0 ready=1421 finished=0
ds4: gpu chunked prefill pos=3072 tokens=1024 layer 23 encode=123.230 ms execute=2.533 ms
ds4: Flash-MoE prefill layer=24 tokens=1024 unique=183 refs=6144 sync=37.728 ms plan=0.332 ms stage/compute=95.409 ms misses=183
ds4: Flash-MoE hybrid prefill layer=24 ane_groups=14 ane_refs=2082 gpu_i8_groups=0 gpu_i8_refs=0 fp32_groups=0 ane_min_refs=64 concurrent=1 ane_pipeline=1 output_queue=4 async_ane=14 gpu_overlap=169 finishes=14 waits=28
ds4: Flash-MoE overlap plan layer=24 exec_groups=183 planned_ane_groups=14 planned_ane_refs=2082 planned_gpu_groups=169 planned_gpu_refs=4062 tail_gpu_groups=0 tail_gpu_refs=0 planned_ssd_groups=183 est_gpu=14878.0 est_ane=2281.4 est_idle=84.67% wall=95.058 ms actual_ane_groups=14 actual_ane_refs=2082 actual_gpu_groups=0 actual_gpu_refs=0 finishes=14 waits=28 overlap_gpu_groups=169
ds4: Flash-MoE async pread canceled queued=0 reading=0 ready=1430 finished=0
ds4: gpu chunked prefill pos=3072 tokens=1024 layer 24 encode=133.770 ms execute=2.567 ms
ds4: Flash-MoE prefill layer=25 tokens=1024 unique=202 refs=6144 sync=14.447 ms plan=0.309 ms stage/compute=105.764 ms misses=202
ds4: Flash-MoE hybrid prefill layer=25 ane_groups=16 ane_refs=1728 gpu_i8_groups=0 gpu_i8_refs=0 fp32_groups=0 ane_min_refs=64 concurrent=1 ane_pipeline=1 output_queue=4 async_ane=16 gpu_overlap=186 finishes=16 waits=32
ds4: Flash-MoE overlap plan layer=25 exec_groups=202 planned_ane_groups=16 planned_ane_refs=1728 planned_gpu_groups=186 planned_gpu_refs=4416 tail_gpu_groups=0 tail_gpu_refs=0 planned_ssd_groups=202 est_gpu=16320.0 est_ane=2604.0 est_idle=84.04% wall=105.428 ms actual_ane_groups=16 actual_ane_refs=1728 actual_gpu_groups=0 actual_gpu_refs=0 finishes=16 waits=32 overlap_gpu_groups=186
ds4: Flash-MoE async pread canceled queued=0 reading=0 ready=1444 finished=0
ds4: gpu chunked prefill pos=3072 tokens=1024 layer 25 encode=121.096 ms execute=2.506 ms
ds4: Flash-MoE prefill layer=26 tokens=1024 unique=192 refs=6144 sync=37.547 ms plan=0.318 ms stage/compute=98.643 ms misses=192
ds4: Flash-MoE hybrid prefill layer=26 ane_groups=17 ane_refs=2313 gpu_i8_groups=0 gpu_i8_refs=0 fp32_groups=0 ane_min_refs=64 concurrent=1 ane_pipeline=1 output_queue=4 async_ane=17 gpu_overlap=175 finishes=17 waits=34
ds4: Flash-MoE overlap plan layer=26 exec_groups=192 planned_ane_groups=17 planned_ane_refs=2313 planned_gpu_groups=175 planned_gpu_refs=3831 tail_gpu_groups=0 tail_gpu_refs=0 planned_ssd_groups=192 est_gpu=15031.0 est_ane=2769.1 est_idle=81.58% wall=98.286 ms actual_ane_groups=17 actual_ane_refs=2313 actual_gpu_groups=0 actual_gpu_refs=0 finishes=17 waits=34 overlap_gpu_groups=175
ds4: Flash-MoE async pread canceled queued=0 reading=0 ready=1451 finished=0
ds4: gpu chunked prefill pos=3072 tokens=1024 layer 26 encode=136.822 ms execute=2.534 ms
ds4: Flash-MoE prefill layer=27 tokens=1024 unique=203 refs=6144 sync=14.512 ms plan=0.324 ms stage/compute=106.452 ms misses=203
ds4: Flash-MoE hybrid prefill layer=27 ane_groups=14 ane_refs=1681 gpu_i8_groups=0 gpu_i8_refs=0 fp32_groups=0 ane_min_refs=64 concurrent=1 ane_pipeline=1 output_queue=4 async_ane=14 gpu_overlap=189 finishes=14 waits=28
ds4: Flash-MoE overlap plan layer=27 exec_groups=203 planned_ane_groups=14 planned_ane_refs=1681 planned_gpu_groups=189 planned_gpu_refs=4463 tail_gpu_groups=0 tail_gpu_refs=0 planned_ssd_groups=203 est_gpu=16559.0 est_ane=2278.8 est_idle=86.24% wall=106.117 ms actual_ane_groups=14 actual_ane_refs=1681 actual_gpu_groups=0 actual_gpu_refs=0 finishes=14 waits=28 overlap_gpu_groups=189
ds4: Flash-MoE async pread canceled queued=0 reading=0 ready=1462 finished=0
ds4: gpu chunked prefill pos=3072 tokens=1024 layer 27 encode=121.848 ms execute=2.512 ms
ds4: Flash-MoE prefill layer=28 tokens=1024 unique=189 refs=6144 sync=37.515 ms plan=0.343 ms stage/compute=103.452 ms misses=189
ds4: Flash-MoE hybrid prefill layer=28 ane_groups=14 ane_refs=1611 gpu_i8_groups=0 gpu_i8_refs=0 fp32_groups=0 ane_min_refs=64 concurrent=1 ane_pipeline=1 output_queue=4 async_ane=14 gpu_overlap=175 finishes=14 waits=28
ds4: Flash-MoE overlap plan layer=28 exec_groups=189 planned_ane_groups=14 planned_ane_refs=1611 planned_gpu_groups=175 planned_gpu_refs=4533 tail_gpu_groups=0 tail_gpu_refs=0 planned_ssd_groups=189 est_gpu=15733.0 est_ane=2276.2 est_idle=85.53% wall=103.071 ms actual_ane_groups=14 actual_ane_refs=1611 actual_gpu_groups=0 actual_gpu_refs=0 finishes=14 waits=28 overlap_gpu_groups=175
ds4: Flash-MoE async pread canceled queued=0 reading=0 ready=1479 finished=0
ds4: gpu chunked prefill pos=3072 tokens=1024 layer 28 encode=141.580 ms execute=2.502 ms
ds4: Flash-MoE prefill layer=29 tokens=1024 unique=188 refs=6144 sync=14.478 ms plan=0.359 ms stage/compute=99.583 ms misses=188
ds4: Flash-MoE hybrid prefill layer=29 ane_groups=14 ane_refs=1898 gpu_i8_groups=0 gpu_i8_refs=0 fp32_groups=0 ane_min_refs=64 concurrent=1 ane_pipeline=1 output_queue=4 async_ane=14 gpu_overlap=174 finishes=14 waits=28
ds4: Flash-MoE overlap plan layer=29 exec_groups=188 planned_ane_groups=14 planned_ane_refs=1898 planned_gpu_groups=174 planned_gpu_refs=4246 tail_gpu_groups=0 tail_gpu_refs=0 planned_ssd_groups=188 est_gpu=15382.0 est_ane=2278.8 est_idle=85.19% wall=99.242 ms actual_ane_groups=14 actual_ane_refs=1898 actual_gpu_groups=0 actual_gpu_refs=0 finishes=14 waits=28 overlap_gpu_groups=174
ds4: Flash-MoE async pread canceled queued=0 reading=0 ready=1496 finished=0
ds4: gpu chunked prefill pos=3072 tokens=1024 layer 29 encode=115.022 ms execute=2.532 ms
ds4: Flash-MoE prefill layer=30 tokens=1024 unique=197 refs=6144 sync=37.485 ms plan=0.372 ms stage/compute=104.205 ms misses=197
ds4: Flash-MoE hybrid prefill layer=30 ane_groups=15 ane_refs=1736 gpu_i8_groups=0 gpu_i8_refs=0 fp32_groups=0 ane_min_refs=64 concurrent=1 ane_pipeline=1 output_queue=4 async_ane=15 gpu_overlap=182 finishes=15 waits=30
ds4: Flash-MoE overlap plan layer=30 exec_groups=197 planned_ane_groups=15 planned_ane_refs=1736 planned_gpu_groups=182 planned_gpu_refs=4408 tail_gpu_groups=0 tail_gpu_refs=0 planned_ssd_groups=197 est_gpu=16056.0 est_ane=2441.4 est_idle=84.79% wall=103.850 ms actual_ane_groups=15 actual_ane_refs=1736 actual_gpu_groups=0 actual_gpu_refs=0 finishes=15 waits=30 overlap_gpu_groups=182
ds4: Flash-MoE async pread canceled queued=0 reading=0 ready=1507 finished=0
ds4: gpu chunked prefill pos=3072 tokens=1024 layer 30 encode=142.330 ms execute=2.569 ms
ds4: Flash-MoE prefill layer=31 tokens=1024 unique=193 refs=6144 sync=14.487 ms plan=0.369 ms stage/compute=101.101 ms misses=193
ds4: Flash-MoE hybrid prefill layer=31 ane_groups=15 ane_refs=1825 gpu_i8_groups=0 gpu_i8_refs=0 fp32_groups=0 ane_min_refs=64 concurrent=1 ane_pipeline=1 output_queue=4 async_ane=15 gpu_overlap=178 finishes=15 waits=30
ds4: Flash-MoE overlap plan layer=31 exec_groups=193 planned_ane_groups=15 planned_ane_refs=1825 planned_gpu_groups=178 planned_gpu_refs=4319 tail_gpu_groups=0 tail_gpu_refs=0 planned_ssd_groups=193 est_gpu=15711.0 est_ane=2438.8 est_idle=84.48% wall=100.747 ms actual_ane_groups=15 actual_ane_refs=1825 actual_gpu_groups=0 actual_gpu_refs=0 finishes=15 waits=30 overlap_gpu_groups=178
ds4: Flash-MoE async pread canceled queued=0 reading=0 ready=1517 finished=0
ds4: gpu chunked prefill pos=3072 tokens=1024 layer 31 encode=116.468 ms execute=2.510 ms
ds4: Flash-MoE prefill layer=32 tokens=1024 unique=186 refs=6144 sync=37.488 ms plan=0.293 ms stage/compute=99.023 ms misses=186
ds4: Flash-MoE hybrid prefill layer=32 ane_groups=13 ane_refs=1793 gpu_i8_groups=0 gpu_i8_refs=0 fp32_groups=0 ane_min_refs=64 concurrent=1 ane_pipeline=1 output_queue=4 async_ane=13 gpu_overlap=173 finishes=13 waits=26
ds4: Flash-MoE overlap plan layer=32 exec_groups=186 planned_ane_groups=13 planned_ane_refs=1793 planned_gpu_groups=173 planned_gpu_refs=4351 tail_gpu_groups=0 tail_gpu_refs=0 planned_ssd_groups=186 est_gpu=15423.0 est_ane=2113.6 est_idle=86.30% wall=98.685 ms actual_ane_groups=13 actual_ane_refs=1793 actual_gpu_groups=0 actual_gpu_refs=0 finishes=13 waits=26 overlap_gpu_groups=173
ds4: Flash-MoE async pread canceled queued=0 reading=0 ready=1531 finished=0
ds4: gpu chunked prefill pos=3072 tokens=1024 layer 32 encode=137.098 ms execute=2.556 ms
ds4: Flash-MoE prefill layer=33 tokens=1024 unique=180 refs=6144 sync=14.457 ms plan=0.346 ms stage/compute=94.848 ms misses=180
ds4: Flash-MoE hybrid prefill layer=33 ane_groups=15 ane_refs=2127 gpu_i8_groups=0 gpu_i8_refs=0 fp32_groups=0 ane_min_refs=64 concurrent=1 ane_pipeline=1 output_queue=4 async_ane=15 gpu_overlap=165 finishes=15 waits=30
ds4: Flash-MoE overlap plan layer=33 exec_groups=180 planned_ane_groups=15 planned_ane_refs=2127 planned_gpu_groups=165 planned_gpu_refs=4017 tail_gpu_groups=0 tail_gpu_refs=0 planned_ssd_groups=180 est_gpu=14577.0 est_ane=2441.4 est_idle=83.25% wall=94.539 ms actual_ane_groups=15 actual_ane_refs=2127 actual_gpu_groups=0 actual_gpu_refs=0 finishes=15 waits=30 overlap_gpu_groups=165
ds4: Flash-MoE async pread canceled queued=0 reading=0 ready=1549 finished=0
ds4: gpu chunked prefill pos=3072 tokens=1024 layer 33 encode=110.177 ms execute=2.489 ms
ds4: Flash-MoE prefill layer=34 tokens=1024 unique=177 refs=6144 sync=37.717 ms plan=0.331 ms stage/compute=93.952 ms misses=177
ds4: Flash-MoE hybrid prefill layer=34 ane_groups=14 ane_refs=2292 gpu_i8_groups=0 gpu_i8_refs=0 fp32_groups=0 ane_min_refs=64 concurrent=1 ane_pipeline=1 output_queue=4 async_ane=14 gpu_overlap=163 finishes=14 waits=28
ds4: Flash-MoE overlap plan layer=34 exec_groups=177 planned_ane_groups=14 planned_ane_refs=2292 planned_gpu_groups=163 planned_gpu_refs=3852 tail_gpu_groups=0 tail_gpu_refs=0 planned_ssd_groups=177 est_gpu=14284.0 est_ane=2284.0 est_idle=84.01% wall=93.615 ms actual_ane_groups=14 actual_ane_refs=2292 actual_gpu_groups=0 actual_gpu_refs=0 finishes=14 waits=28 overlap_gpu_groups=163
ds4: Flash-MoE async pread canceled queued=0 reading=0 ready=1565 finished=0
ds4: gpu chunked prefill pos=3072 tokens=1024 layer 34 encode=132.275 ms execute=2.515 ms
ds4: Flash-MoE prefill layer=35 tokens=1024 unique=193 refs=6144 sync=14.600 ms plan=0.321 ms stage/compute=98.601 ms misses=193
ds4: Flash-MoE hybrid prefill layer=35 ane_groups=15 ane_refs=2025 gpu_i8_groups=0 gpu_i8_refs=0 fp32_groups=0 ane_min_refs=64 concurrent=1 ane_pipeline=1 output_queue=4 async_ane=15 gpu_overlap=178 finishes=15 waits=30
ds4: Flash-MoE overlap plan layer=35 exec_groups=193 planned_ane_groups=15 planned_ane_refs=2025 planned_gpu_groups=178 planned_gpu_refs=4119 tail_gpu_groups=0 tail_gpu_refs=0 planned_ssd_groups=193 est_gpu=15511.0 est_ane=2441.4 est_idle=84.26% wall=98.275 ms actual_ane_groups=15 actual_ane_refs=2025 actual_gpu_groups=0 actual_gpu_refs=0 finishes=15 waits=30 overlap_gpu_groups=178
ds4: Flash-MoE async pread canceled queued=0 reading=0 ready=1578 finished=0
ds4: gpu chunked prefill pos=3072 tokens=1024 layer 35 encode=114.062 ms execute=2.522 ms
ds4: Flash-MoE prefill layer=36 tokens=1024 unique=185 refs=6144 sync=37.541 ms plan=0.307 ms stage/compute=92.916 ms misses=185
ds4: Flash-MoE hybrid prefill layer=36 ane_groups=16 ane_refs=2491 gpu_i8_groups=0 gpu_i8_refs=0 fp32_groups=0 ane_min_refs=64 concurrent=1 ane_pipeline=1 output_queue=4 async_ane=16 gpu_overlap=169 finishes=16 waits=32
ds4: Flash-MoE overlap plan layer=36 exec_groups=185 planned_ane_groups=16 planned_ane_refs=2491 planned_gpu_groups=169 planned_gpu_refs=3653 tail_gpu_groups=0 tail_gpu_refs=0 planned_ssd_groups=185 est_gpu=14469.0 est_ane=2606.5 est_idle=81.99% wall=92.581 ms actual_ane_groups=16 actual_ane_refs=2491 actual_gpu_groups=0 actual_gpu_refs=0 finishes=16 waits=32 overlap_gpu_groups=169
ds4: Flash-MoE async pread canceled queued=0 reading=0 ready=1593 finished=0
ds4: gpu chunked prefill pos=3072 tokens=1024 layer 36 encode=131.043 ms execute=2.514 ms
ds4: Flash-MoE prefill layer=37 tokens=1024 unique=187 refs=6144 sync=14.452 ms plan=0.298 ms stage/compute=95.450 ms misses=187
ds4: Flash-MoE hybrid prefill layer=37 ane_groups=15 ane_refs=2319 gpu_i8_groups=0 gpu_i8_refs=0 fp32_groups=0 ane_min_refs=64 concurrent=1 ane_pipeline=1 output_queue=4 async_ane=15 gpu_overlap=172 finishes=15 waits=30
ds4: Flash-MoE overlap plan layer=37 exec_groups=187 planned_ane_groups=15 planned_ane_refs=2319 planned_gpu_groups=172 planned_gpu_refs=3825 tail_gpu_groups=0 tail_gpu_refs=0 planned_ssd_groups=187 est_gpu=14833.0 est_ane=2444.0 est_idle=83.52% wall=95.098 ms actual_ane_groups=15 actual_ane_refs=2319 actual_gpu_groups=0 actual_gpu_refs=0 finishes=15 waits=30 overlap_gpu_groups=172
ds4: Flash-MoE async pread canceled queued=0 reading=0 ready=1607 finished=0
ds4: gpu chunked prefill pos=3072 tokens=1024 layer 37 encode=110.785 ms execute=2.526 ms
ds4: Flash-MoE prefill layer=38 tokens=1024 unique=194 refs=6144 sync=37.907 ms plan=0.377 ms stage/compute=99.827 ms misses=194
ds4: Flash-MoE hybrid prefill layer=38 ane_groups=14 ane_refs=2121 gpu_i8_groups=0 gpu_i8_refs=0 fp32_groups=0 ane_min_refs=64 concurrent=1 ane_pipeline=1 output_queue=4 async_ane=14 gpu_overlap=180 finishes=14 waits=28
ds4: Flash-MoE overlap plan layer=38 exec_groups=194 planned_ane_groups=14 planned_ane_refs=2121 planned_gpu_groups=180 planned_gpu_refs=4023 tail_gpu_groups=0 tail_gpu_refs=0 planned_ssd_groups=194 est_gpu=15543.0 est_ane=2278.8 est_idle=85.34% wall=99.477 ms actual_ane_groups=14 actual_ane_refs=2121 actual_gpu_groups=0 actual_gpu_refs=0 finishes=14 waits=28 overlap_gpu_groups=180
ds4: Flash-MoE async pread canceled queued=0 reading=0 ready=1623 finished=0
ds4: gpu chunked prefill pos=3072 tokens=1024 layer 38 encode=138.388 ms execute=2.515 ms
ds4: Flash-MoE prefill layer=39 tokens=1024 unique=205 refs=6144 sync=14.600 ms plan=0.382 ms stage/compute=103.185 ms misses=205
ds4: Flash-MoE hybrid prefill layer=39 ane_groups=14 ane_refs=1848 gpu_i8_groups=0 gpu_i8_refs=0 fp32_groups=0 ane_min_refs=64 concurrent=1 ane_pipeline=1 output_queue=4 async_ane=14 gpu_overlap=191 finishes=14 waits=28
ds4: Flash-MoE overlap plan layer=39 exec_groups=205 planned_ane_groups=14 planned_ane_refs=1848 planned_gpu_groups=191 planned_gpu_refs=4296 tail_gpu_groups=0 tail_gpu_refs=0 planned_ssd_groups=205 est_gpu=16520.0 est_ane=2276.2 est_idle=86.22% wall=102.827 ms actual_ane_groups=14 actual_ane_refs=1848 actual_gpu_groups=0 actual_gpu_refs=0 finishes=14 waits=28 overlap_gpu_groups=191
ds4: Flash-MoE async pread canceled queued=0 reading=0 ready=1630 finished=0
ds4: gpu chunked prefill pos=3072 tokens=1024 layer 39 encode=118.693 ms execute=2.489 ms
ds4: Flash-MoE prefill layer=40 tokens=1024 unique=160 refs=6144 sync=37.542 ms plan=0.310 ms stage/compute=90.573 ms misses=160
ds4: Flash-MoE hybrid prefill layer=40 ane_groups=12 ane_refs=2621 gpu_i8_groups=0 gpu_i8_refs=0 fp32_groups=0 ane_min_refs=64 concurrent=1 ane_pipeline=1 output_queue=4 async_ane=12 gpu_overlap=148 finishes=12 waits=24
ds4: Flash-MoE overlap plan layer=40 exec_groups=160 planned_ane_groups=12 planned_ane_refs=2621 planned_gpu_groups=148 planned_gpu_refs=3523 tail_gpu_groups=0 tail_gpu_refs=0 planned_ssd_groups=160 est_gpu=12995.0 est_ane=1964.0 est_idle=84.89% wall=90.258 ms actual_ane_groups=12 actual_ane_refs=2621 actual_gpu_groups=0 actual_gpu_refs=0 finishes=12 waits=24 overlap_gpu_groups=148
ds4: Flash-MoE async pread canceled queued=0 reading=0 ready=1646 finished=0
ds4: gpu chunked prefill pos=3072 tokens=1024 layer 40 encode=128.724 ms execute=2.556 ms
ds4: Flash-MoE prefill layer=41 tokens=1024 unique=181 refs=6144 sync=14.491 ms plan=0.302 ms stage/compute=97.198 ms misses=181
ds4: Flash-MoE hybrid prefill layer=41 ane_groups=14 ane_refs=1835 gpu_i8_groups=0 gpu_i8_refs=0 fp32_groups=0 ane_min_refs=64 concurrent=1 ane_pipeline=1 output_queue=4 async_ane=14 gpu_overlap=167 finishes=14 waits=28
ds4: Flash-MoE overlap plan layer=41 exec_groups=181 planned_ane_groups=14 planned_ane_refs=1835 planned_gpu_groups=167 planned_gpu_refs=4309 tail_gpu_groups=0 tail_gpu_refs=0 planned_ssd_groups=181 est_gpu=14997.0 est_ane=2278.8 est_idle=84.81% wall=96.865 ms actual_ane_groups=14 actual_ane_refs=1835 actual_gpu_groups=0 actual_gpu_refs=0 finishes=14 waits=28 overlap_gpu_groups=167
ds4: Flash-MoE async pread canceled queued=0 reading=0 ready=1658 finished=0
ds4: gpu chunked prefill pos=3072 tokens=1024 layer 41 encode=112.527 ms execute=2.530 ms
ds4: Flash-MoE prefill layer=42 tokens=1024 unique=192 refs=6144 sync=38.260 ms plan=0.341 ms stage/compute=102.526 ms misses=192
ds4: Flash-MoE hybrid prefill layer=42 ane_groups=14 ane_refs=1740 gpu_i8_groups=0 gpu_i8_refs=0 fp32_groups=0 ane_min_refs=64 concurrent=1 ane_pipeline=1 output_queue=4 async_ane=14 gpu_overlap=178 finishes=14 waits=28
ds4: Flash-MoE overlap plan layer=42 exec_groups=192 planned_ane_groups=14 planned_ane_refs=1740 planned_gpu_groups=178 planned_gpu_refs=4404 tail_gpu_groups=0 tail_gpu_refs=0 planned_ssd_groups=192 est_gpu=15796.0 est_ane=2278.8 est_idle=85.57% wall=102.188 ms actual_ane_groups=14 actual_ane_refs=1740 actual_gpu_groups=0 actual_gpu_refs=0 finishes=14 waits=28 overlap_gpu_groups=178
ds4: Flash-MoE async pread canceled queued=0 reading=0 ready=1675 finished=0
ds4: gpu chunked prefill pos=3072 tokens=1024 layer 42 encode=141.394 ms execute=2.399 ms
processing 8423 input tokens: 4096/8423 (48.6%) batch=173.04 t/s avg=175.52 t/s
ds4: Flash-MoE prefill layer=0 tokens=1024 unique=256 refs=6144 sync=12.073 ms plan=0.333 ms stage/compute=149.378 ms misses=256
ds4: Flash-MoE hybrid prefill layer=0 ane_groups=0 ane_refs=0 gpu_i8_groups=0 gpu_i8_refs=0 fp32_groups=0 ane_min_refs=64 concurrent=1 ane_pipeline=1 output_queue=4 async_ane=0 gpu_overlap=0 finishes=0 waits=0
ds4: Flash-MoE overlap plan layer=0 exec_groups=256 planned_ane_groups=0 planned_ane_refs=0 planned_gpu_groups=256 planned_gpu_refs=6144 tail_gpu_groups=0 tail_gpu_refs=0 planned_ssd_groups=256 est_gpu=22528.0 est_ane=0.0 est_idle=100.00% wall=148.958 ms actual_ane_groups=0 actual_ane_refs=0 actual_gpu_groups=0 actual_gpu_refs=0 finishes=0 waits=0 overlap_gpu_groups=0
ds4: Flash-MoE async pread canceled queued=0 reading=0 ready=1675 finished=0
ds4: gpu chunked prefill pos=4096 tokens=1024 layer 0 encode=162.236 ms execute=2.666 ms
ds4: Flash-MoE prefill layer=1 tokens=1024 unique=256 refs=6144 sync=12.590 ms plan=0.291 ms stage/compute=149.926 ms misses=256
ds4: Flash-MoE hybrid prefill layer=1 ane_groups=1 ane_refs=65 gpu_i8_groups=0 gpu_i8_refs=0 fp32_groups=0 ane_min_refs=64 concurrent=1 ane_pipeline=1 output_queue=4 async_ane=1 gpu_overlap=255 finishes=1 waits=2
ds4: Flash-MoE overlap plan layer=1 exec_groups=256 planned_ane_groups=1 planned_ane_refs=65 planned_gpu_groups=255 planned_gpu_refs=6079 tail_gpu_groups=0 tail_gpu_refs=0 planned_ssd_groups=256 est_gpu=22399.0 est_ane=162.6 est_idle=99.27% wall=149.543 ms actual_ane_groups=1 actual_ane_refs=65 actual_gpu_groups=0 actual_gpu_refs=0 finishes=1 waits=2 overlap_gpu_groups=255
ds4: Flash-MoE async pread canceled queued=0 reading=0 ready=1675 finished=0
ds4: gpu chunked prefill pos=4096 tokens=1024 layer 1 encode=163.334 ms execute=2.543 ms
ds4: Flash-MoE prefill layer=2 tokens=1024 unique=256 refs=6144 sync=38.835 ms plan=0.362 ms stage/compute=147.863 ms misses=256
ds4: Flash-MoE hybrid prefill layer=2 ane_groups=2 ane_refs=136 gpu_i8_groups=0 gpu_i8_refs=0 fp32_groups=0 ane_min_refs=64 concurrent=1 ane_pipeline=1 output_queue=4 async_ane=2 gpu_overlap=254 finishes=2 waits=4
ds4: Flash-MoE overlap plan layer=2 exec_groups=256 planned_ane_groups=2 planned_ane_refs=136 planned_gpu_groups=254 planned_gpu_refs=6008 tail_gpu_groups=0 tail_gpu_refs=0 planned_ssd_groups=256 est_gpu=22264.0 est_ane=325.2 est_idle=98.54% wall=147.444 ms actual_ane_groups=2 actual_ane_refs=136 actual_gpu_groups=0 actual_gpu_refs=0 finishes=2 waits=4 overlap_gpu_groups=254
ds4: Flash-MoE async pread canceled queued=0 reading=0 ready=1675 finished=0
ds4: gpu chunked prefill pos=4096 tokens=1024 layer 2 encode=187.436 ms execute=2.547 ms
ds4: Flash-MoE prefill layer=3 tokens=1024 unique=236 refs=6144 sync=14.548 ms plan=0.300 ms stage/compute=125.627 ms misses=236
ds4: Flash-MoE hybrid prefill layer=3 ane_groups=9 ane_refs=1115 gpu_i8_groups=0 gpu_i8_refs=0 fp32_groups=0 ane_min_refs=64 concurrent=1 ane_pipeline=1 output_queue=4 async_ane=9 gpu_overlap=227 finishes=9 waits=18
ds4: Flash-MoE overlap plan layer=3 exec_groups=236 planned_ane_groups=9 planned_ane_refs=1115 planned_gpu_groups=227 planned_gpu_refs=5029 tail_gpu_groups=0 tail_gpu_refs=0 planned_ssd_groups=236 est_gpu=19557.0 est_ane=1465.9 est_idle=92.50% wall=125.256 ms actual_ane_groups=9 actual_ane_refs=1115 actual_gpu_groups=0 actual_gpu_refs=0 finishes=9 waits=18 overlap_gpu_groups=227
ds4: Flash-MoE async pread canceled queued=0 reading=0 ready=1680 finished=0
ds4: gpu chunked prefill pos=4096 tokens=1024 layer 3 encode=141.046 ms execute=2.502 ms
ds4: Flash-MoE prefill layer=4 tokens=1024 unique=219 refs=6144 sync=39.187 ms plan=0.319 ms stage/compute=113.697 ms misses=219
ds4: Flash-MoE hybrid prefill layer=4 ane_groups=12 ane_refs=1640 gpu_i8_groups=0 gpu_i8_refs=0 fp32_groups=0 ane_min_refs=64 concurrent=1 ane_pipeline=1 output_queue=4 async_ane=12 gpu_overlap=207 finishes=12 waits=24
ds4: Flash-MoE overlap plan layer=4 exec_groups=219 planned_ane_groups=12 planned_ane_refs=1640 planned_gpu_groups=207 planned_gpu_refs=4504 tail_gpu_groups=0 tail_gpu_refs=0 planned_ssd_groups=219 est_gpu=17752.0 est_ane=1953.6 est_idle=88.99% wall=113.351 ms actual_ane_groups=12 actual_ane_refs=1640 actual_gpu_groups=0 actual_gpu_refs=0 finishes=12 waits=24 overlap_gpu_groups=207
ds4: Flash-MoE async pread canceled queued=0 reading=0 ready=1689 finished=0
ds4: gpu chunked prefill pos=4096 tokens=1024 layer 4 encode=153.497 ms execute=2.540 ms
ds4: Flash-MoE prefill layer=5 tokens=1024 unique=238 refs=6144 sync=14.551 ms plan=0.313 ms stage/compute=122.449 ms misses=238
ds4: Flash-MoE hybrid prefill layer=5 ane_groups=10 ane_refs=1394 gpu_i8_groups=0 gpu_i8_refs=0 fp32_groups=0 ane_min_refs=64 concurrent=1 ane_pipeline=1 output_queue=4 async_ane=10 gpu_overlap=228 finishes=10 waits=20
ds4: Flash-MoE overlap plan layer=5 exec_groups=238 planned_ane_groups=10 planned_ane_refs=1394 planned_gpu_groups=228 planned_gpu_refs=4750 tail_gpu_groups=0 tail_gpu_refs=0 planned_ssd_groups=238 est_gpu=19342.0 est_ane=1628.4 est_idle=91.58% wall=122.046 ms actual_ane_groups=10 actual_ane_refs=1394 actual_gpu_groups=0 actual_gpu_refs=0 finishes=10 waits=20 overlap_gpu_groups=228
ds4: Flash-MoE async pread canceled queued=0 reading=0 ready=1693 finished=0
ds4: gpu chunked prefill pos=4096 tokens=1024 layer 5 encode=137.882 ms execute=2.518 ms
ds4: Flash-MoE prefill layer=6 tokens=1024 unique=225 refs=6144 sync=39.169 ms plan=0.296 ms stage/compute=120.047 ms misses=225
ds4: Flash-MoE hybrid prefill layer=6 ane_groups=10 ane_refs=1241 gpu_i8_groups=0 gpu_i8_refs=0 fp32_groups=0 ane_min_refs=64 concurrent=1 ane_pipeline=1 output_queue=4 async_ane=10 gpu_overlap=215 finishes=10 waits=20
ds4: Flash-MoE overlap plan layer=6 exec_groups=225 planned_ane_groups=10 planned_ane_refs=1241 planned_gpu_groups=215 planned_gpu_refs=4903 tail_gpu_groups=0 tail_gpu_refs=0 planned_ssd_groups=225 est_gpu=18663.0 est_ane=1628.4 est_idle=91.27% wall=119.638 ms actual_ane_groups=10 actual_ane_refs=1241 actual_gpu_groups=0 actual_gpu_refs=0 finishes=10 waits=20 overlap_gpu_groups=215
ds4: Flash-MoE async pread canceled queued=0 reading=0 ready=1697 finished=0
ds4: gpu chunked prefill pos=4096 tokens=1024 layer 6 encode=159.780 ms execute=2.514 ms
ds4: Flash-MoE prefill layer=7 tokens=1024 unique=225 refs=6144 sync=14.549 ms plan=0.339 ms stage/compute=113.953 ms misses=225
ds4: Flash-MoE hybrid prefill layer=7 ane_groups=13 ane_refs=1892 gpu_i8_groups=0 gpu_i8_refs=0 fp32_groups=0 ane_min_refs=64 concurrent=1 ane_pipeline=1 output_queue=4 async_ane=13 gpu_overlap=212 finishes=13 waits=26
ds4: Flash-MoE overlap plan layer=7 exec_groups=225 planned_ane_groups=13 planned_ane_refs=1892 planned_gpu_groups=212 planned_gpu_refs=4252 tail_gpu_groups=0 tail_gpu_refs=0 planned_ssd_groups=225 est_gpu=17820.0 est_ane=2118.8 est_idle=88.11% wall=113.570 ms actual_ane_groups=13 actual_ane_refs=1892 actual_gpu_groups=0 actual_gpu_refs=0 finishes=13 waits=26 overlap_gpu_groups=212
ds4: Flash-MoE async pread canceled queued=0 reading=0 ready=1702 finished=0
ds4: gpu chunked prefill pos=4096 tokens=1024 layer 7 encode=129.445 ms execute=2.576 ms
ds4: Flash-MoE prefill layer=8 tokens=1024 unique=219 refs=6144 sync=39.254 ms plan=0.305 ms stage/compute=113.414 ms misses=219
ds4: Flash-MoE hybrid prefill layer=8 ane_groups=12 ane_refs=1860 gpu_i8_groups=0 gpu_i8_refs=0 fp32_groups=0 ane_min_refs=64 concurrent=1 ane_pipeline=1 output_queue=4 async_ane=12 gpu_overlap=207 finishes=12 waits=24
ds4: Flash-MoE overlap plan layer=8 exec_groups=219 planned_ane_groups=12 planned_ane_refs=1860 planned_gpu_groups=207 planned_gpu_refs=4284 tail_gpu_groups=0 tail_gpu_refs=0 planned_ssd_groups=219 est_gpu=17532.0 est_ane=1956.2 est_idle=88.84% wall=113.046 ms actual_ane_groups=12 actual_ane_refs=1860 actual_gpu_groups=0 actual_gpu_refs=0 finishes=12 waits=24 overlap_gpu_groups=207
ds4: Flash-MoE async pread canceled queued=0 reading=0 ready=1712 finished=0
ds4: gpu chunked prefill pos=4096 tokens=1024 layer 8 encode=153.284 ms execute=2.514 ms
ds4: Flash-MoE prefill layer=9 tokens=1024 unique=226 refs=6144 sync=14.479 ms plan=0.341 ms stage/compute=120.867 ms misses=226
ds4: Flash-MoE hybrid prefill layer=9 ane_groups=11 ane_refs=1190 gpu_i8_groups=0 gpu_i8_refs=0 fp32_groups=0 ane_min_refs=64 concurrent=1 ane_pipeline=1 output_queue=4 async_ane=11 gpu_overlap=215 finishes=11 waits=22
ds4: Flash-MoE overlap plan layer=9 exec_groups=226 planned_ane_groups=11 planned_ane_refs=1190 planned_gpu_groups=215 planned_gpu_refs=4954 tail_gpu_groups=0 tail_gpu_refs=0 planned_ssd_groups=226 est_gpu=18714.0 est_ane=1791.0 est_idle=90.43% wall=120.487 ms actual_ane_groups=11 actual_ane_refs=1190 actual_gpu_groups=0 actual_gpu_refs=0 finishes=11 waits=22 overlap_gpu_groups=215
ds4: Flash-MoE async pread canceled queued=0 reading=0 ready=1716 finished=0
ds4: gpu chunked prefill pos=4096 tokens=1024 layer 9 encode=136.245 ms execute=2.523 ms
ds4: Flash-MoE prefill layer=10 tokens=1024 unique=228 refs=6144 sync=38.874 ms plan=0.317 ms stage/compute=116.929 ms misses=228
ds4: Flash-MoE hybrid prefill layer=10 ane_groups=12 ane_refs=1451 gpu_i8_groups=0 gpu_i8_refs=0 fp32_groups=0 ane_min_refs=64 concurrent=1 ane_pipeline=1 output_queue=4 async_ane=12 gpu_overlap=216 finishes=12 waits=24
ds4: Flash-MoE overlap plan layer=10 exec_groups=228 planned_ane_groups=12 planned_ane_refs=1451 planned_gpu_groups=216 planned_gpu_refs=4693 tail_gpu_groups=0 tail_gpu_refs=0 planned_ssd_groups=228 est_gpu=18517.0 est_ane=1951.0 est_idle=89.46% wall=116.575 ms actual_ane_groups=12 actual_ane_refs=1451 actual_gpu_groups=0 actual_gpu_refs=0 finishes=12 waits=24 overlap_gpu_groups=216
ds4: Flash-MoE async pread canceled queued=0 reading=0 ready=1723 finished=0
ds4: gpu chunked prefill pos=4096 tokens=1024 layer 10 encode=156.392 ms execute=2.505 ms
ds4: Flash-MoE prefill layer=11 tokens=1024 unique=232 refs=6144 sync=14.515 ms plan=0.329 ms stage/compute=118.490 ms misses=232
ds4: Flash-MoE hybrid prefill layer=11 ane_groups=12 ane_refs=1446 gpu_i8_groups=0 gpu_i8_refs=0 fp32_groups=0 ane_min_refs=64 concurrent=1 ane_pipeline=1 output_queue=4 async_ane=12 gpu_overlap=220 finishes=12 waits=24
ds4: Flash-MoE overlap plan layer=11 exec_groups=232 planned_ane_groups=12 planned_ane_refs=1446 planned_gpu_groups=220 planned_gpu_refs=4698 tail_gpu_groups=0 tail_gpu_refs=0 planned_ssd_groups=232 est_gpu=18778.0 est_ane=1953.6 est_idle=89.60% wall=118.123 ms actual_ane_groups=12 actual_ane_refs=1446 actual_gpu_groups=0 actual_gpu_refs=0 finishes=12 waits=24 overlap_gpu_groups=220
ds4: Flash-MoE async pread canceled queued=0 reading=0 ready=1727 finished=0
ds4: gpu chunked prefill pos=4096 tokens=1024 layer 11 encode=133.885 ms execute=2.490 ms
ds4: Flash-MoE prefill layer=12 tokens=1024 unique=208 refs=6144 sync=38.927 ms plan=0.346 ms stage/compute=108.177 ms misses=208
ds4: Flash-MoE hybrid prefill layer=12 ane_groups=14 ane_refs=1602 gpu_i8_groups=0 gpu_i8_refs=0 fp32_groups=0 ane_min_refs=64 concurrent=1 ane_pipeline=1 output_queue=4 async_ane=14 gpu_overlap=194 finishes=14 waits=28
ds4: Flash-MoE overlap plan layer=12 exec_groups=208 planned_ane_groups=14 planned_ane_refs=1602 planned_gpu_groups=194 planned_gpu_refs=4542 tail_gpu_groups=0 tail_gpu_refs=0 planned_ssd_groups=208 est_gpu=16958.0 est_ane=2276.2 est_idle=86.58% wall=107.805 ms actual_ane_groups=14 actual_ane_refs=1602 actual_gpu_groups=0 actual_gpu_refs=0 finishes=14 waits=28 overlap_gpu_groups=194
ds4: Flash-MoE async pread canceled queued=0 reading=0 ready=1737 finished=0
ds4: gpu chunked prefill pos=4096 tokens=1024 layer 12 encode=147.728 ms execute=2.536 ms
ds4: Flash-MoE prefill layer=13 tokens=1024 unique=208 refs=6144 sync=14.532 ms plan=0.354 ms stage/compute=104.450 ms misses=208
ds4: Flash-MoE hybrid prefill layer=13 ane_groups=14 ane_refs=1894 gpu_i8_groups=0 gpu_i8_refs=0 fp32_groups=0 ane_min_refs=64 concurrent=1 ane_pipeline=1 output_queue=4 async_ane=14 gpu_overlap=194 finishes=14 waits=28
ds4: Flash-MoE overlap plan layer=13 exec_groups=208 planned_ane_groups=14 planned_ane_refs=1894 planned_gpu_groups=194 planned_gpu_refs=4250 tail_gpu_groups=0 tail_gpu_refs=0 planned_ssd_groups=208 est_gpu=16666.0 est_ane=2278.8 est_idle=86.33% wall=104.108 ms actual_ane_groups=14 actual_ane_refs=1894 actual_gpu_groups=0 actual_gpu_refs=0 finishes=14 waits=28 overlap_gpu_groups=194
ds4: Flash-MoE async pread canceled queued=0 reading=0 ready=1743 finished=0
ds4: gpu chunked prefill pos=4096 tokens=1024 layer 13 encode=119.901 ms execute=2.522 ms
ds4: Flash-MoE prefill layer=14 tokens=1024 unique=209 refs=6144 sync=38.847 ms plan=0.314 ms stage/compute=108.000 ms misses=209
ds4: Flash-MoE hybrid prefill layer=14 ane_groups=16 ane_refs=2029 gpu_i8_groups=0 gpu_i8_refs=0 fp32_groups=0 ane_min_refs=64 concurrent=1 ane_pipeline=1 output_queue=4 async_ane=16 gpu_overlap=193 finishes=16 waits=32
ds4: Flash-MoE overlap plan layer=14 exec_groups=209 planned_ane_groups=16 planned_ane_refs=2029 planned_gpu_groups=193 planned_gpu_refs=4115 tail_gpu_groups=0 tail_gpu_refs=0 planned_ssd_groups=209 est_gpu=16467.0 est_ane=2604.0 est_idle=84.19% wall=107.630 ms actual_ane_groups=16 actual_ane_refs=2029 actual_gpu_groups=0 actual_gpu_refs=0 finishes=16 waits=32 overlap_gpu_groups=193
ds4: Flash-MoE async pread canceled queued=0 reading=0 ready=1751 finished=0
ds4: gpu chunked prefill pos=4096 tokens=1024 layer 14 encode=147.433 ms execute=2.510 ms
ds4: Flash-MoE prefill layer=15 tokens=1024 unique=198 refs=6144 sync=14.633 ms plan=0.329 ms stage/compute=101.981 ms misses=198
ds4: Flash-MoE hybrid prefill layer=15 ane_groups=16 ane_refs=2017 gpu_i8_groups=0 gpu_i8_refs=0 fp32_groups=0 ane_min_refs=64 concurrent=1 ane_pipeline=1 output_queue=4 async_ane=16 gpu_overlap=182 finishes=16 waits=32
ds4: Flash-MoE overlap plan layer=15 exec_groups=198 planned_ane_groups=16 planned_ane_refs=2017 planned_gpu_groups=182 planned_gpu_refs=4127 tail_gpu_groups=0 tail_gpu_refs=0 planned_ssd_groups=198 est_gpu=15775.0 est_ane=2604.0 est_idle=83.49% wall=101.622 ms actual_ane_groups=16 actual_ane_refs=2017 actual_gpu_groups=0 actual_gpu_refs=0 finishes=16 waits=32 overlap_gpu_groups=182
ds4: Flash-MoE async pread canceled queued=0 reading=0 ready=1761 finished=0
ds4: gpu chunked prefill pos=4096 tokens=1024 layer 15 encode=117.500 ms execute=2.524 ms
ds4: Flash-MoE prefill layer=16 tokens=1024 unique=199 refs=6144 sync=38.636 ms plan=0.317 ms stage/compute=109.013 ms misses=199
ds4: Flash-MoE hybrid prefill layer=16 ane_groups=13 ane_refs=2045 gpu_i8_groups=0 gpu_i8_refs=0 fp32_groups=0 ane_min_refs=64 concurrent=1 ane_pipeline=1 output_queue=4 async_ane=13 gpu_overlap=186 finishes=13 waits=26
ds4: Flash-MoE overlap plan layer=16 exec_groups=199 planned_ane_groups=13 planned_ane_refs=2045 planned_gpu_groups=186 planned_gpu_refs=4099 tail_gpu_groups=0 tail_gpu_refs=0 planned_ssd_groups=199 est_gpu=16003.0 est_ane=2121.4 est_idle=86.74% wall=108.687 ms actual_ane_groups=13 actual_ane_refs=2045 actual_gpu_groups=0 actual_gpu_refs=0 finishes=13 waits=26 overlap_gpu_groups=186
ds4: Flash-MoE async pread canceled queued=0 reading=0 ready=1771 finished=0
ds4: gpu chunked prefill pos=4096 tokens=1024 layer 16 encode=148.242 ms execute=2.526 ms
ds4: Flash-MoE prefill layer=17 tokens=1024 unique=196 refs=6144 sync=14.542 ms plan=0.332 ms stage/compute=99.874 ms misses=196
ds4: Flash-MoE hybrid prefill layer=17 ane_groups=13 ane_refs=2099 gpu_i8_groups=0 gpu_i8_refs=0 fp32_groups=0 ane_min_refs=64 concurrent=1 ane_pipeline=1 output_queue=4 async_ane=13 gpu_overlap=183 finishes=13 waits=26
ds4: Flash-MoE overlap plan layer=17 exec_groups=196 planned_ane_groups=13 planned_ane_refs=2099 planned_gpu_groups=183 planned_gpu_refs=4045 tail_gpu_groups=0 tail_gpu_refs=0 planned_ssd_groups=196 est_gpu=15757.0 est_ane=2121.4 est_idle=86.54% wall=99.517 ms actual_ane_groups=13 actual_ane_refs=2099 actual_gpu_groups=0 actual_gpu_refs=0 finishes=13 waits=26 overlap_gpu_groups=183
ds4: Flash-MoE async pread canceled queued=0 reading=0 ready=1786 finished=0
ds4: gpu chunked prefill pos=4096 tokens=1024 layer 17 encode=115.361 ms execute=2.655 ms
ds4: Flash-MoE prefill layer=18 tokens=1024 unique=190 refs=6144 sync=39.305 ms plan=0.298 ms stage/compute=94.897 ms misses=190
ds4: Flash-MoE hybrid prefill layer=18 ane_groups=15 ane_refs=2353 gpu_i8_groups=0 gpu_i8_refs=0 fp32_groups=0 ane_min_refs=64 concurrent=1 ane_pipeline=1 output_queue=4 async_ane=15 gpu_overlap=175 finishes=15 waits=30
ds4: Flash-MoE overlap plan layer=18 exec_groups=190 planned_ane_groups=15 planned_ane_refs=2353 planned_gpu_groups=175 planned_gpu_refs=3791 tail_gpu_groups=0 tail_gpu_refs=0 planned_ssd_groups=190 est_gpu=14991.0 est_ane=2446.5 est_idle=83.68% wall=94.558 ms actual_ane_groups=15 actual_ane_refs=2353 actual_gpu_groups=0 actual_gpu_refs=0 finishes=15 waits=30 overlap_gpu_groups=175
ds4: Flash-MoE async pread canceled queued=0 reading=0 ready=1803 finished=0
ds4: gpu chunked prefill pos=4096 tokens=1024 layer 18 encode=134.785 ms execute=2.501 ms
ds4: Flash-MoE prefill layer=19 tokens=1024 unique=223 refs=6144 sync=14.485 ms plan=0.308 ms stage/compute=119.315 ms misses=223
ds4: Flash-MoE hybrid prefill layer=19 ane_groups=11 ane_refs=1257 gpu_i8_groups=0 gpu_i8_refs=0 fp32_groups=0 ane_min_refs=64 concurrent=1 ane_pipeline=1 output_queue=4 async_ane=11 gpu_overlap=212 finishes=11 waits=22
ds4: Flash-MoE overlap plan layer=19 exec_groups=223 planned_ane_groups=11 planned_ane_refs=1257 planned_gpu_groups=212 planned_gpu_refs=4887 tail_gpu_groups=0 tail_gpu_refs=0 planned_ssd_groups=223 est_gpu=18455.0 est_ane=1788.4 est_idle=90.31% wall=118.965 ms actual_ane_groups=11 actual_ane_refs=1257 actual_gpu_groups=0 actual_gpu_refs=0 finishes=11 waits=22 overlap_gpu_groups=212
ds4: Flash-MoE async pread canceled queued=0 reading=0 ready=1808 finished=0
ds4: gpu chunked prefill pos=4096 tokens=1024 layer 19 encode=134.634 ms execute=2.517 ms
ds4: Flash-MoE prefill layer=20 tokens=1024 unique=184 refs=6144 sync=38.569 ms plan=0.311 ms stage/compute=94.805 ms misses=184
ds4: Flash-MoE hybrid prefill layer=20 ane_groups=15 ane_refs=2208 gpu_i8_groups=0 gpu_i8_refs=0 fp32_groups=0 ane_min_refs=64 concurrent=1 ane_pipeline=1 output_queue=4 async_ane=15 gpu_overlap=169 finishes=15 waits=30
ds4: Flash-MoE overlap plan layer=20 exec_groups=184 planned_ane_groups=15 planned_ane_refs=2208 planned_gpu_groups=169 planned_gpu_refs=3936 tail_gpu_groups=0 tail_gpu_refs=0 planned_ssd_groups=184 est_gpu=14752.0 est_ane=2444.0 est_idle=83.43% wall=94.477 ms actual_ane_groups=15 actual_ane_refs=2208 actual_gpu_groups=0 actual_gpu_refs=0 finishes=15 waits=30 overlap_gpu_groups=169
ds4: Flash-MoE async pread canceled queued=0 reading=0 ready=1826 finished=0
ds4: gpu chunked prefill pos=4096 tokens=1024 layer 20 encode=133.964 ms execute=2.538 ms
ds4: Flash-MoE prefill layer=21 tokens=1024 unique=200 refs=6144 sync=14.630 ms plan=0.285 ms stage/compute=104.975 ms misses=200
ds4: Flash-MoE hybrid prefill layer=21 ane_groups=14 ane_refs=1774 gpu_i8_groups=0 gpu_i8_refs=0 fp32_groups=0 ane_min_refs=64 concurrent=1 ane_pipeline=1 output_queue=4 async_ane=14 gpu_overlap=186 finishes=14 waits=28
ds4: Flash-MoE overlap plan layer=21 exec_groups=200 planned_ane_groups=14 planned_ane_refs=1774 planned_gpu_groups=186 planned_gpu_refs=4370 tail_gpu_groups=0 tail_gpu_refs=0 planned_ssd_groups=200 est_gpu=16274.0 est_ane=2278.8 est_idle=86.00% wall=104.648 ms actual_ane_groups=14 actual_ane_refs=1774 actual_gpu_groups=0 actual_gpu_refs=0 finishes=14 waits=28 overlap_gpu_groups=186
ds4: Flash-MoE async pread canceled queued=0 reading=0 ready=1834 finished=0
ds4: gpu chunked prefill pos=4096 tokens=1024 layer 21 encode=120.428 ms execute=2.517 ms
ds4: Flash-MoE prefill layer=22 tokens=1024 unique=198 refs=6144 sync=38.547 ms plan=0.374 ms stage/compute=102.599 ms misses=198
ds4: Flash-MoE hybrid prefill layer=22 ane_groups=14 ane_refs=1963 gpu_i8_groups=0 gpu_i8_refs=0 fp32_groups=0 ane_min_refs=64 concurrent=1 ane_pipeline=1 output_queue=4 async_ane=14 gpu_overlap=184 finishes=14 waits=28
ds4: Flash-MoE overlap plan layer=22 exec_groups=198 planned_ane_groups=14 planned_ane_refs=1963 planned_gpu_groups=184 planned_gpu_refs=4181 tail_gpu_groups=0 tail_gpu_refs=0 planned_ssd_groups=198 est_gpu=15957.0 est_ane=2278.8 est_idle=85.72% wall=102.238 ms actual_ane_groups=14 actual_ane_refs=1963 actual_gpu_groups=0 actual_gpu_refs=0 finishes=14 waits=28 overlap_gpu_groups=184
ds4: Flash-MoE async pread canceled queued=0 reading=0 ready=1841 finished=0
ds4: gpu chunked prefill pos=4096 tokens=1024 layer 22 encode=141.786 ms execute=2.592 ms
ds4: Flash-MoE prefill layer=23 tokens=1024 unique=203 refs=6144 sync=14.408 ms plan=0.311 ms stage/compute=107.351 ms misses=203
ds4: Flash-MoE hybrid prefill layer=23 ane_groups=13 ane_refs=1537 gpu_i8_groups=0 gpu_i8_refs=0 fp32_groups=0 ane_min_refs=64 concurrent=1 ane_pipeline=1 output_queue=4 async_ane=13 gpu_overlap=190 finishes=13 waits=26
ds4: Flash-MoE overlap plan layer=23 exec_groups=203 planned_ane_groups=13 planned_ane_refs=1537 planned_gpu_groups=190 planned_gpu_refs=4607 tail_gpu_groups=0 tail_gpu_refs=0 planned_ssd_groups=203 est_gpu=16767.0 est_ane=2116.2 est_idle=87.38% wall=106.985 ms actual_ane_groups=13 actual_ane_refs=1537 actual_gpu_groups=0 actual_gpu_refs=0 finishes=13 waits=26 overlap_gpu_groups=190
ds4: Flash-MoE async pread canceled queued=0 reading=0 ready=1854 finished=0
ds4: gpu chunked prefill pos=4096 tokens=1024 layer 23 encode=122.608 ms execute=2.531 ms
ds4: Flash-MoE prefill layer=24 tokens=1024 unique=193 refs=6144 sync=39.200 ms plan=0.367 ms stage/compute=101.085 ms misses=193
ds4: Flash-MoE hybrid prefill layer=24 ane_groups=14 ane_refs=1982 gpu_i8_groups=0 gpu_i8_refs=0 fp32_groups=0 ane_min_refs=64 concurrent=1 ane_pipeline=1 output_queue=4 async_ane=14 gpu_overlap=179 finishes=14 waits=28
ds4: Flash-MoE overlap plan layer=24 exec_groups=193 planned_ane_groups=14 planned_ane_refs=1982 planned_gpu_groups=179 planned_gpu_refs=4162 tail_gpu_groups=0 tail_gpu_refs=0 planned_ssd_groups=193 est_gpu=15618.0 est_ane=2281.4 est_idle=85.39% wall=100.718 ms actual_ane_groups=14 actual_ane_refs=1982 actual_gpu_groups=0 actual_gpu_refs=0 finishes=14 waits=28 overlap_gpu_groups=179
ds4: Flash-MoE async pread canceled queued=0 reading=0 ready=1862 finished=0
ds4: gpu chunked prefill pos=4096 tokens=1024 layer 24 encode=140.927 ms execute=2.486 ms
ds4: Flash-MoE prefill layer=25 tokens=1024 unique=198 refs=6144 sync=15.207 ms plan=0.303 ms stage/compute=107.117 ms misses=198
ds4: Flash-MoE hybrid prefill layer=25 ane_groups=14 ane_refs=1552 gpu_i8_groups=0 gpu_i8_refs=0 fp32_groups=0 ane_min_refs=64 concurrent=1 ane_pipeline=1 output_queue=4 async_ane=14 gpu_overlap=184 finishes=14 waits=28
ds4: Flash-MoE overlap plan layer=25 exec_groups=198 planned_ane_groups=14 planned_ane_refs=1552 planned_gpu_groups=184 planned_gpu_refs=4592 tail_gpu_groups=0 tail_gpu_refs=0 planned_ssd_groups=198 est_gpu=16368.0 est_ane=2276.2 est_idle=86.09% wall=106.755 ms actual_ane_groups=14 actual_ane_refs=1552 actual_gpu_groups=0 actual_gpu_refs=0 finishes=14 waits=28 overlap_gpu_groups=184
ds4: Flash-MoE async pread canceled queued=0 reading=0 ready=1877 finished=0
ds4: gpu chunked prefill pos=4096 tokens=1024 layer 25 encode=123.150 ms execute=2.531 ms
ds4: Flash-MoE prefill layer=26 tokens=1024 unique=193 refs=6144 sync=38.576 ms plan=0.299 ms stage/compute=96.140 ms misses=193
ds4: Flash-MoE hybrid prefill layer=26 ane_groups=15 ane_refs=2334 gpu_i8_groups=0 gpu_i8_refs=0 fp32_groups=0 ane_min_refs=64 concurrent=1 ane_pipeline=1 output_queue=4 async_ane=15 gpu_overlap=178 finishes=15 waits=30
ds4: Flash-MoE overlap plan layer=26 exec_groups=193 planned_ane_groups=15 planned_ane_refs=2334 planned_gpu_groups=178 planned_gpu_refs=3810 tail_gpu_groups=0 tail_gpu_refs=0 planned_ssd_groups=193 est_gpu=15202.0 est_ane=2444.0 est_idle=83.92% wall=95.817 ms actual_ane_groups=15 actual_ane_refs=2334 actual_gpu_groups=0 actual_gpu_refs=0 finishes=15 waits=30 overlap_gpu_groups=178
ds4: Flash-MoE async pread canceled queued=0 reading=0 ready=1883 finished=0
ds4: gpu chunked prefill pos=4096 tokens=1024 layer 26 encode=135.270 ms execute=2.541 ms
ds4: Flash-MoE prefill layer=27 tokens=1024 unique=211 refs=6144 sync=14.539 ms plan=0.327 ms stage/compute=109.527 ms misses=211
ds4: Flash-MoE hybrid prefill layer=27 ane_groups=14 ane_refs=1724 gpu_i8_groups=0 gpu_i8_refs=0 fp32_groups=0 ane_min_refs=64 concurrent=1 ane_pipeline=1 output_queue=4 async_ane=14 gpu_overlap=197 finishes=14 waits=28
ds4: Flash-MoE overlap plan layer=27 exec_groups=211 planned_ane_groups=14 planned_ane_refs=1724 planned_gpu_groups=197 planned_gpu_refs=4420 tail_gpu_groups=0 tail_gpu_refs=0 planned_ssd_groups=211 est_gpu=17028.0 est_ane=2278.8 est_idle=86.62% wall=109.178 ms actual_ane_groups=14 actual_ane_refs=1724 actual_gpu_groups=0 actual_gpu_refs=0 finishes=14 waits=28 overlap_gpu_groups=197
ds4: Flash-MoE async pread canceled queued=0 reading=0 ready=1892 finished=0
ds4: gpu chunked prefill pos=4096 tokens=1024 layer 27 encode=124.908 ms execute=2.526 ms
ds4: Flash-MoE prefill layer=28 tokens=1024 unique=197 refs=6144 sync=38.550 ms plan=0.328 ms stage/compute=105.760 ms misses=197
ds4: Flash-MoE hybrid prefill layer=28 ane_groups=14 ane_refs=1631 gpu_i8_groups=0 gpu_i8_refs=0 fp32_groups=0 ane_min_refs=64 concurrent=1 ane_pipeline=1 output_queue=4 async_ane=14 gpu_overlap=183 finishes=14 waits=28
ds4: Flash-MoE overlap plan layer=28 exec_groups=197 planned_ane_groups=14 planned_ane_refs=1631 planned_gpu_groups=183 planned_gpu_refs=4513 tail_gpu_groups=0 tail_gpu_refs=0 planned_ssd_groups=197 est_gpu=16225.0 est_ane=2276.2 est_idle=85.97% wall=105.403 ms actual_ane_groups=14 actual_ane_refs=1631 actual_gpu_groups=0 actual_gpu_refs=0 finishes=14 waits=28 overlap_gpu_groups=183
ds4: Flash-MoE async pread canceled queued=0 reading=0 ready=1907 finished=0
ds4: gpu chunked prefill pos=4096 tokens=1024 layer 28 encode=144.922 ms execute=2.642 ms
ds4: Flash-MoE prefill layer=29 tokens=1024 unique=189 refs=6144 sync=14.569 ms plan=0.305 ms stage/compute=98.039 ms misses=189
ds4: Flash-MoE hybrid prefill layer=29 ane_groups=14 ane_refs=1866 gpu_i8_groups=0 gpu_i8_refs=0 fp32_groups=0 ane_min_refs=64 concurrent=1 ane_pipeline=1 output_queue=4 async_ane=14 gpu_overlap=175 finishes=14 waits=28
ds4: Flash-MoE overlap plan layer=29 exec_groups=189 planned_ane_groups=14 planned_ane_refs=1866 planned_gpu_groups=175 planned_gpu_refs=4278 tail_gpu_groups=0 tail_gpu_refs=0 planned_ssd_groups=189 est_gpu=15478.0 est_ane=2276.2 est_idle=85.29% wall=97.722 ms actual_ane_groups=14 actual_ane_refs=1866 actual_gpu_groups=0 actual_gpu_refs=0 finishes=14 waits=28 overlap_gpu_groups=175
ds4: Flash-MoE async pread canceled queued=0 reading=0 ready=1923 finished=0
ds4: gpu chunked prefill pos=4096 tokens=1024 layer 29 encode=113.448 ms execute=2.503 ms
ds4: Flash-MoE prefill layer=30 tokens=1024 unique=200 refs=6144 sync=39.013 ms plan=0.352 ms stage/compute=107.071 ms misses=200
ds4: Flash-MoE hybrid prefill layer=30 ane_groups=15 ane_refs=1768 gpu_i8_groups=0 gpu_i8_refs=0 fp32_groups=0 ane_min_refs=64 concurrent=1 ane_pipeline=1 output_queue=4 async_ane=15 gpu_overlap=185 finishes=15 waits=30
ds4: Flash-MoE overlap plan layer=30 exec_groups=200 planned_ane_groups=15 planned_ane_refs=1768 planned_gpu_groups=185 planned_gpu_refs=4376 tail_gpu_groups=0 tail_gpu_refs=0 planned_ssd_groups=200 est_gpu=16216.0 est_ane=2441.4 est_idle=84.94% wall=106.688 ms actual_ane_groups=15 actual_ane_refs=1768 actual_gpu_groups=0 actual_gpu_refs=0 finishes=15 waits=30 overlap_gpu_groups=185
ds4: Flash-MoE async pread canceled queued=0 reading=0 ready=1939 finished=0
ds4: gpu chunked prefill pos=4096 tokens=1024 layer 30 encode=146.721 ms execute=2.455 ms
ds4: Flash-MoE prefill layer=31 tokens=1024 unique=199 refs=6144 sync=14.424 ms plan=0.308 ms stage/compute=102.584 ms misses=199
ds4: Flash-MoE hybrid prefill layer=31 ane_groups=16 ane_refs=1878 gpu_i8_groups=0 gpu_i8_refs=0 fp32_groups=0 ane_min_refs=64 concurrent=1 ane_pipeline=1 output_queue=4 async_ane=16 gpu_overlap=183 finishes=16 waits=32
ds4: Flash-MoE overlap plan layer=31 exec_groups=199 planned_ane_groups=16 planned_ane_refs=1878 planned_gpu_groups=183 planned_gpu_refs=4266 tail_gpu_groups=0 tail_gpu_refs=0 planned_ssd_groups=199 est_gpu=15978.0 est_ane=2601.4 est_idle=83.72% wall=102.214 ms actual_ane_groups=16 actual_ane_refs=1878 actual_gpu_groups=0 actual_gpu_refs=0 finishes=16 waits=32 overlap_gpu_groups=183
ds4: Flash-MoE async pread canceled queued=0 reading=0 ready=1949 finished=0
ds4: gpu chunked prefill pos=4096 tokens=1024 layer 31 encode=117.821 ms execute=2.531 ms
ds4: Flash-MoE prefill layer=32 tokens=1024 unique=188 refs=6144 sync=38.518 ms plan=0.333 ms stage/compute=100.199 ms misses=188
ds4: Flash-MoE hybrid prefill layer=32 ane_groups=14 ane_refs=1971 gpu_i8_groups=0 gpu_i8_refs=0 fp32_groups=0 ane_min_refs=64 concurrent=1 ane_pipeline=1 output_queue=4 async_ane=14 gpu_overlap=174 finishes=14 waits=28
ds4: Flash-MoE overlap plan layer=32 exec_groups=188 planned_ane_groups=14 planned_ane_refs=1971 planned_gpu_groups=174 planned_gpu_refs=4173 tail_gpu_groups=0 tail_gpu_refs=0 planned_ssd_groups=188 est_gpu=15309.0 est_ane=2278.8 est_idle=85.11% wall=99.854 ms actual_ane_groups=14 actual_ane_refs=1971 actual_gpu_groups=0 actual_gpu_refs=0 finishes=14 waits=28 overlap_gpu_groups=174
ds4: Flash-MoE async pread canceled queued=0 reading=0 ready=1962 finished=0
ds4: gpu chunked prefill pos=4096 tokens=1024 layer 32 encode=139.319 ms execute=2.523 ms
ds4: Flash-MoE prefill layer=33 tokens=1024 unique=184 refs=6144 sync=14.479 ms plan=0.337 ms stage/compute=96.053 ms misses=184
ds4: Flash-MoE hybrid prefill layer=33 ane_groups=15 ane_refs=2147 gpu_i8_groups=0 gpu_i8_refs=0 fp32_groups=0 ane_min_refs=64 concurrent=1 ane_pipeline=1 output_queue=4 async_ane=15 gpu_overlap=169 finishes=15 waits=30
ds4: Flash-MoE overlap plan layer=33 exec_groups=184 planned_ane_groups=15 planned_ane_refs=2147 planned_gpu_groups=169 planned_gpu_refs=3997 tail_gpu_groups=0 tail_gpu_refs=0 planned_ssd_groups=184 est_gpu=14813.0 est_ane=2441.4 est_idle=83.52% wall=95.719 ms actual_ane_groups=15 actual_ane_refs=2147 actual_gpu_groups=0 actual_gpu_refs=0 finishes=15 waits=30 overlap_gpu_groups=169
ds4: Flash-MoE async pread canceled queued=0 reading=0 ready=1975 finished=0
ds4: gpu chunked prefill pos=4096 tokens=1024 layer 33 encode=111.398 ms execute=2.500 ms
ds4: Flash-MoE prefill layer=34 tokens=1024 unique=182 refs=6144 sync=38.441 ms plan=0.332 ms stage/compute=91.809 ms misses=182
ds4: Flash-MoE hybrid prefill layer=34 ane_groups=13 ane_refs=2276 gpu_i8_groups=0 gpu_i8_refs=0 fp32_groups=0 ane_min_refs=64 concurrent=1 ane_pipeline=1 output_queue=4 async_ane=13 gpu_overlap=169 finishes=13 waits=26
ds4: Flash-MoE overlap plan layer=34 exec_groups=182 planned_ane_groups=13 planned_ane_refs=2276 planned_gpu_groups=169 planned_gpu_refs=3868 tail_gpu_groups=0 tail_gpu_refs=0 planned_ssd_groups=182 est_gpu=14684.0 est_ane=2118.8 est_idle=85.57% wall=91.484 ms actual_ane_groups=13 actual_ane_refs=2276 actual_gpu_groups=0 actual_gpu_refs=0 finishes=13 waits=26 overlap_gpu_groups=169
ds4: Flash-MoE async pread canceled queued=0 reading=0 ready=1986 finished=0
ds4: gpu chunked prefill pos=4096 tokens=1024 layer 34 encode=130.857 ms execute=2.515 ms
ds4: Flash-MoE prefill layer=35 tokens=1024 unique=190 refs=6144 sync=14.413 ms plan=0.287 ms stage/compute=95.541 ms misses=190
ds4: Flash-MoE hybrid prefill layer=35 ane_groups=15 ane_refs=2081 gpu_i8_groups=0 gpu_i8_refs=0 fp32_groups=0 ane_min_refs=64 concurrent=1 ane_pipeline=1 output_queue=4 async_ane=15 gpu_overlap=175 finishes=15 waits=30
ds4: Flash-MoE overlap plan layer=35 exec_groups=190 planned_ane_groups=15 planned_ane_refs=2081 planned_gpu_groups=175 planned_gpu_refs=4063 tail_gpu_groups=0 tail_gpu_refs=0 planned_ssd_groups=190 est_gpu=15263.0 est_ane=2441.4 est_idle=84.00% wall=95.211 ms actual_ane_groups=15 actual_ane_refs=2081 actual_gpu_groups=0 actual_gpu_refs=0 finishes=15 waits=30 overlap_gpu_groups=175
ds4: Flash-MoE async pread canceled queued=0 reading=0 ready=1997 finished=0
ds4: gpu chunked prefill pos=4096 tokens=1024 layer 35 encode=110.752 ms execute=2.525 ms
ds4: Flash-MoE prefill layer=36 tokens=1024 unique=194 refs=6144 sync=38.508 ms plan=0.313 ms stage/compute=96.250 ms misses=194
ds4: Flash-MoE hybrid prefill layer=36 ane_groups=14 ane_refs=2422 gpu_i8_groups=0 gpu_i8_refs=0 fp32_groups=0 ane_min_refs=64 concurrent=1 ane_pipeline=1 output_queue=4 async_ane=14 gpu_overlap=180 finishes=14 waits=28
ds4: Flash-MoE overlap plan layer=36 exec_groups=194 planned_ane_groups=14 planned_ane_refs=2422 planned_gpu_groups=180 planned_gpu_refs=3722 tail_gpu_groups=0 tail_gpu_refs=0 planned_ssd_groups=194 est_gpu=15242.0 est_ane=2281.4 est_idle=85.03% wall=95.919 ms actual_ane_groups=14 actual_ane_refs=2422 actual_gpu_groups=0 actual_gpu_refs=0 finishes=14 waits=28 overlap_gpu_groups=180
ds4: Flash-MoE async pread canceled queued=0 reading=0 ready=2012 finished=0
ds4: gpu chunked prefill pos=4096 tokens=1024 layer 36 encode=135.334 ms execute=2.511 ms
ds4: Flash-MoE prefill layer=37 tokens=1024 unique=189 refs=6144 sync=14.535 ms plan=0.361 ms stage/compute=96.378 ms misses=189
ds4: Flash-MoE hybrid prefill layer=37 ane_groups=15 ane_refs=2310 gpu_i8_groups=0 gpu_i8_refs=0 fp32_groups=0 ane_min_refs=64 concurrent=1 ane_pipeline=1 output_queue=4 async_ane=15 gpu_overlap=174 finishes=15 waits=30
ds4: Flash-MoE overlap plan layer=37 exec_groups=189 planned_ane_groups=15 planned_ane_refs=2310 planned_gpu_groups=174 planned_gpu_refs=3834 tail_gpu_groups=0 tail_gpu_refs=0 planned_ssd_groups=189 est_gpu=14970.0 est_ane=2444.0 est_idle=83.67% wall=96.059 ms actual_ane_groups=15 actual_ane_refs=2310 actual_gpu_groups=0 actual_gpu_refs=0 finishes=15 waits=30 overlap_gpu_groups=174
ds4: Flash-MoE async pread canceled queued=0 reading=0 ready=2023 finished=0
ds4: gpu chunked prefill pos=4096 tokens=1024 layer 37 encode=111.822 ms execute=2.854 ms
ds4: Flash-MoE prefill layer=38 tokens=1024 unique=191 refs=6144 sync=38.592 ms plan=0.357 ms stage/compute=100.938 ms misses=191
ds4: Flash-MoE hybrid prefill layer=38 ane_groups=15 ane_refs=2101 gpu_i8_groups=0 gpu_i8_refs=0 fp32_groups=0 ane_min_refs=64 concurrent=1 ane_pipeline=1 output_queue=4 async_ane=15 gpu_overlap=176 finishes=15 waits=30
ds4: Flash-MoE overlap plan layer=38 exec_groups=191 planned_ane_groups=15 planned_ane_refs=2101 planned_gpu_groups=176 planned_gpu_refs=4043 tail_gpu_groups=0 tail_gpu_refs=0 planned_ssd_groups=191 est_gpu=15307.0 est_ane=2441.4 est_idle=84.05% wall=100.572 ms actual_ane_groups=15 actual_ane_refs=2101 actual_gpu_groups=0 actual_gpu_refs=0 finishes=15 waits=30 overlap_gpu_groups=176
ds4: Flash-MoE async pread canceled queued=0 reading=0 ready=2044 finished=0
ds4: gpu chunked prefill pos=4096 tokens=1024 layer 38 encode=140.188 ms execute=2.558 ms
ds4: Flash-MoE prefill layer=39 tokens=1024 unique=208 refs=6144 sync=14.415 ms plan=0.355 ms stage/compute=105.794 ms misses=208
ds4: Flash-MoE hybrid prefill layer=39 ane_groups=14 ane_refs=1836 gpu_i8_groups=0 gpu_i8_refs=0 fp32_groups=0 ane_min_refs=64 concurrent=1 ane_pipeline=1 output_queue=4 async_ane=14 gpu_overlap=194 finishes=14 waits=28
ds4: Flash-MoE overlap plan layer=39 exec_groups=208 planned_ane_groups=14 planned_ane_refs=1836 planned_gpu_groups=194 planned_gpu_refs=4308 tail_gpu_groups=0 tail_gpu_refs=0 planned_ssd_groups=208 est_gpu=16724.0 est_ane=2278.8 est_idle=86.37% wall=105.444 ms actual_ane_groups=14 actual_ane_refs=1836 actual_gpu_groups=0 actual_gpu_refs=0 finishes=14 waits=28 overlap_gpu_groups=194
ds4: Flash-MoE async pread canceled queued=0 reading=0 ready=2050 finished=0
ds4: gpu chunked prefill pos=4096 tokens=1024 layer 39 encode=121.121 ms execute=2.528 ms
ds4: Flash-MoE prefill layer=40 tokens=1024 unique=160 refs=6144 sync=38.734 ms plan=0.390 ms stage/compute=84.679 ms misses=160
ds4: Flash-MoE hybrid prefill layer=40 ane_groups=13 ane_refs=2683 gpu_i8_groups=0 gpu_i8_refs=0 fp32_groups=0 ane_min_refs=64 concurrent=1 ane_pipeline=1 output_queue=4 async_ane=13 gpu_overlap=147 finishes=13 waits=26
ds4: Flash-MoE overlap plan layer=40 exec_groups=160 planned_ane_groups=13 planned_ane_refs=2683 planned_gpu_groups=147 planned_gpu_refs=3461 tail_gpu_groups=0 tail_gpu_refs=0 planned_ssd_groups=160 est_gpu=12869.0 est_ane=2124.0 est_idle=83.50% wall=84.387 ms actual_ane_groups=13 actual_ane_refs=2683 actual_gpu_groups=0 actual_gpu_refs=0 finishes=13 waits=26 overlap_gpu_groups=147
ds4: Flash-MoE async pread canceled queued=0 reading=0 ready=2068 finished=0
ds4: gpu chunked prefill pos=4096 tokens=1024 layer 40 encode=124.069 ms execute=2.537 ms
ds4: Flash-MoE prefill layer=41 tokens=1024 unique=177 refs=6144 sync=14.614 ms plan=0.310 ms stage/compute=94.641 ms misses=177
ds4: Flash-MoE hybrid prefill layer=41 ane_groups=15 ane_refs=1860 gpu_i8_groups=0 gpu_i8_refs=0 fp32_groups=0 ane_min_refs=64 concurrent=1 ane_pipeline=1 output_queue=4 async_ane=15 gpu_overlap=162 finishes=15 waits=30
ds4: Flash-MoE overlap plan layer=41 exec_groups=177 planned_ane_groups=15 planned_ane_refs=1860 planned_gpu_groups=162 planned_gpu_refs=4284 tail_gpu_groups=0 tail_gpu_refs=0 planned_ssd_groups=177 est_gpu=14652.0 est_ane=2441.4 est_idle=83.34% wall=94.335 ms actual_ane_groups=15 actual_ane_refs=1860 actual_gpu_groups=0 actual_gpu_refs=0 finishes=15 waits=30 overlap_gpu_groups=162
ds4: Flash-MoE async pread canceled queued=0 reading=0 ready=2081 finished=0
ds4: gpu chunked prefill pos=4096 tokens=1024 layer 41 encode=110.191 ms execute=2.528 ms
ds4: Flash-MoE prefill layer=42 tokens=1024 unique=193 refs=6144 sync=38.682 ms plan=0.371 ms stage/compute=103.599 ms misses=193
ds4: Flash-MoE hybrid prefill layer=42 ane_groups=14 ane_refs=1759 gpu_i8_groups=0 gpu_i8_refs=0 fp32_groups=0 ane_min_refs=64 concurrent=1 ane_pipeline=1 output_queue=4 async_ane=14 gpu_overlap=179 finishes=14 waits=28
ds4: Flash-MoE overlap plan layer=42 exec_groups=193 planned_ane_groups=14 planned_ane_refs=1759 planned_gpu_groups=179 planned_gpu_refs=4385 tail_gpu_groups=0 tail_gpu_refs=0 planned_ssd_groups=193 est_gpu=15841.0 est_ane=2278.8 est_idle=85.61% wall=103.222 ms actual_ane_groups=14 actual_ane_refs=1759 actual_gpu_groups=0 actual_gpu_refs=0 finishes=14 waits=28 overlap_gpu_groups=179
ds4: Flash-MoE async pread canceled queued=0 reading=0 ready=2095 finished=0
ds4: gpu chunked prefill pos=4096 tokens=1024 layer 42 encode=143.278 ms execute=2.373 ms
processing 8423 input tokens: 5120/8423 (60.8%) batch=172.49 t/s avg=174.90 t/s
ds4: Flash-MoE prefill layer=0 tokens=1024 unique=256 refs=6144 sync=12.081 ms plan=0.301 ms stage/compute=148.567 ms misses=256
ds4: Flash-MoE hybrid prefill layer=0 ane_groups=0 ane_refs=0 gpu_i8_groups=0 gpu_i8_refs=0 fp32_groups=0 ane_min_refs=64 concurrent=1 ane_pipeline=1 output_queue=4 async_ane=0 gpu_overlap=0 finishes=0 waits=0
ds4: Flash-MoE overlap plan layer=0 exec_groups=256 planned_ane_groups=0 planned_ane_refs=0 planned_gpu_groups=256 planned_gpu_refs=6144 tail_gpu_groups=0 tail_gpu_refs=0 planned_ssd_groups=256 est_gpu=22528.0 est_ane=0.0 est_idle=100.00% wall=148.152 ms actual_ane_groups=0 actual_ane_refs=0 actual_gpu_groups=0 actual_gpu_refs=0 finishes=0 waits=0 overlap_gpu_groups=0
ds4: Flash-MoE async pread canceled queued=0 reading=0 ready=2095 finished=0
ds4: gpu chunked prefill pos=5120 tokens=1024 layer 0 encode=161.406 ms execute=2.681 ms
ds4: Flash-MoE prefill layer=1 tokens=1024 unique=256 refs=6144 sync=12.528 ms plan=0.326 ms stage/compute=148.399 ms misses=256
ds4: Flash-MoE hybrid prefill layer=1 ane_groups=1 ane_refs=65 gpu_i8_groups=0 gpu_i8_refs=0 fp32_groups=0 ane_min_refs=64 concurrent=1 ane_pipeline=1 output_queue=4 async_ane=1 gpu_overlap=255 finishes=1 waits=2
ds4: Flash-MoE overlap plan layer=1 exec_groups=256 planned_ane_groups=1 planned_ane_refs=65 planned_gpu_groups=255 planned_gpu_refs=6079 tail_gpu_groups=0 tail_gpu_refs=0 planned_ssd_groups=256 est_gpu=22399.0 est_ane=162.6 est_idle=99.27% wall=147.984 ms actual_ane_groups=1 actual_ane_refs=65 actual_gpu_groups=0 actual_gpu_refs=0 finishes=1 waits=2 overlap_gpu_groups=255
ds4: Flash-MoE async pread canceled queued=0 reading=0 ready=2095 finished=0
ds4: gpu chunked prefill pos=5120 tokens=1024 layer 1 encode=161.785 ms execute=2.580 ms
ds4: Flash-MoE prefill layer=2 tokens=1024 unique=256 refs=6144 sync=39.940 ms plan=0.383 ms stage/compute=149.078 ms misses=256
ds4: Flash-MoE hybrid prefill layer=2 ane_groups=2 ane_refs=135 gpu_i8_groups=0 gpu_i8_refs=0 fp32_groups=0 ane_min_refs=64 concurrent=1 ane_pipeline=1 output_queue=4 async_ane=2 gpu_overlap=254 finishes=2 waits=4
ds4: Flash-MoE overlap plan layer=2 exec_groups=256 planned_ane_groups=2 planned_ane_refs=135 planned_gpu_groups=254 planned_gpu_refs=6009 tail_gpu_groups=0 tail_gpu_refs=0 planned_ssd_groups=256 est_gpu=22265.0 est_ane=325.2 est_idle=98.54% wall=148.685 ms actual_ane_groups=2 actual_ane_refs=135 actual_gpu_groups=0 actual_gpu_refs=0 finishes=2 waits=4 overlap_gpu_groups=254
ds4: Flash-MoE async pread canceled queued=0 reading=0 ready=2095 finished=0
ds4: gpu chunked prefill pos=5120 tokens=1024 layer 2 encode=189.748 ms execute=2.566 ms
ds4: Flash-MoE prefill layer=3 tokens=1024 unique=236 refs=6144 sync=14.600 ms plan=0.290 ms stage/compute=127.158 ms misses=236
ds4: Flash-MoE hybrid prefill layer=3 ane_groups=8 ane_refs=1055 gpu_i8_groups=0 gpu_i8_refs=0 fp32_groups=0 ane_min_refs=64 concurrent=1 ane_pipeline=1 output_queue=4 async_ane=8 gpu_overlap=228 finishes=8 waits=16
ds4: Flash-MoE overlap plan layer=3 exec_groups=236 planned_ane_groups=8 planned_ane_refs=1055 planned_gpu_groups=228 planned_gpu_refs=5089 tail_gpu_groups=0 tail_gpu_refs=0 planned_ssd_groups=236 est_gpu=19681.0 est_ane=1303.3 est_idle=93.38% wall=126.761 ms actual_ane_groups=8 actual_ane_refs=1055 actual_gpu_groups=0 actual_gpu_refs=0 finishes=8 waits=16 overlap_gpu_groups=228
ds4: Flash-MoE async pread canceled queued=0 reading=0 ready=2100 finished=0
ds4: gpu chunked prefill pos=5120 tokens=1024 layer 3 encode=142.659 ms execute=2.553 ms
ds4: Flash-MoE prefill layer=4 tokens=1024 unique=222 refs=6144 sync=39.386 ms plan=0.344 ms stage/compute=114.447 ms misses=222
ds4: Flash-MoE hybrid prefill layer=4 ane_groups=12 ane_refs=1529 gpu_i8_groups=0 gpu_i8_refs=0 fp32_groups=0 ane_min_refs=64 concurrent=1 ane_pipeline=1 output_queue=4 async_ane=12 gpu_overlap=210 finishes=12 waits=24
ds4: Flash-MoE overlap plan layer=4 exec_groups=222 planned_ane_groups=12 planned_ane_refs=1529 planned_gpu_groups=210 planned_gpu_refs=4615 tail_gpu_groups=0 tail_gpu_refs=0 planned_ssd_groups=222 est_gpu=18055.0 est_ane=1953.6 est_idle=89.18% wall=114.049 ms actual_ane_groups=12 actual_ane_refs=1529 actual_gpu_groups=0 actual_gpu_refs=0 finishes=12 waits=24 overlap_gpu_groups=210
ds4: Flash-MoE async pread canceled queued=0 reading=0 ready=2108 finished=0
ds4: gpu chunked prefill pos=5120 tokens=1024 layer 4 encode=154.472 ms execute=2.503 ms
ds4: Flash-MoE prefill layer=5 tokens=1024 unique=240 refs=6144 sync=14.481 ms plan=0.375 ms stage/compute=125.286 ms misses=240
ds4: Flash-MoE hybrid prefill layer=5 ane_groups=10 ane_refs=1375 gpu_i8_groups=0 gpu_i8_refs=0 fp32_groups=0 ane_min_refs=64 concurrent=1 ane_pipeline=1 output_queue=4 async_ane=10 gpu_overlap=230 finishes=10 waits=20
ds4: Flash-MoE overlap plan layer=5 exec_groups=240 planned_ane_groups=10 planned_ane_refs=1375 planned_gpu_groups=230 planned_gpu_refs=4769 tail_gpu_groups=0 tail_gpu_refs=0 planned_ssd_groups=240 est_gpu=19489.0 est_ane=1631.0 est_idle=91.63% wall=124.902 ms actual_ane_groups=10 actual_ane_refs=1375 actual_gpu_groups=0 actual_gpu_refs=0 finishes=10 waits=20 overlap_gpu_groups=230
ds4: Flash-MoE async pread canceled queued=0 reading=0 ready=2110 finished=0
ds4: gpu chunked prefill pos=5120 tokens=1024 layer 5 encode=140.717 ms execute=2.485 ms
ds4: Flash-MoE prefill layer=6 tokens=1024 unique=229 refs=6144 sync=39.364 ms plan=0.356 ms stage/compute=119.913 ms misses=229
ds4: Flash-MoE hybrid prefill layer=6 ane_groups=12 ane_refs=1386 gpu_i8_groups=0 gpu_i8_refs=0 fp32_groups=0 ane_min_refs=64 concurrent=1 ane_pipeline=1 output_queue=4 async_ane=12 gpu_overlap=217 finishes=12 waits=24
ds4: Flash-MoE overlap plan layer=6 exec_groups=229 planned_ane_groups=12 planned_ane_refs=1386 planned_gpu_groups=217 planned_gpu_refs=4758 tail_gpu_groups=0 tail_gpu_refs=0 planned_ssd_groups=229 est_gpu=18646.0 est_ane=1953.6 est_idle=89.52% wall=119.539 ms actual_ane_groups=12 actual_ane_refs=1386 actual_gpu_groups=0 actual_gpu_refs=0 finishes=12 waits=24 overlap_gpu_groups=217
ds4: Flash-MoE async pread canceled queued=0 reading=0 ready=2117 finished=0
ds4: gpu chunked prefill pos=5120 tokens=1024 layer 6 encode=159.977 ms execute=2.694 ms
ds4: Flash-MoE prefill layer=7 tokens=1024 unique=225 refs=6144 sync=14.561 ms plan=0.333 ms stage/compute=112.525 ms misses=225
ds4: Flash-MoE hybrid prefill layer=7 ane_groups=13 ane_refs=1847 gpu_i8_groups=0 gpu_i8_refs=0 fp32_groups=0 ane_min_refs=64 concurrent=1 ane_pipeline=1 output_queue=4 async_ane=13 gpu_overlap=212 finishes=13 waits=26
ds4: Flash-MoE overlap plan layer=7 exec_groups=225 planned_ane_groups=13 planned_ane_refs=1847 planned_gpu_groups=212 planned_gpu_refs=4297 tail_gpu_groups=0 tail_gpu_refs=0 planned_ssd_groups=225 est_gpu=17865.0 est_ane=2121.4 est_idle=88.13% wall=112.157 ms actual_ane_groups=13 actual_ane_refs=1847 actual_gpu_groups=0 actual_gpu_refs=0 finishes=13 waits=26 overlap_gpu_groups=212
ds4: Flash-MoE async pread canceled queued=0 reading=0 ready=2121 finished=0
ds4: gpu chunked prefill pos=5120 tokens=1024 layer 7 encode=127.974 ms execute=2.545 ms
ds4: Flash-MoE prefill layer=8 tokens=1024 unique=219 refs=6144 sync=39.508 ms plan=0.335 ms stage/compute=112.908 ms misses=219
ds4: Flash-MoE hybrid prefill layer=8 ane_groups=11 ane_refs=1770 gpu_i8_groups=0 gpu_i8_refs=0 fp32_groups=0 ane_min_refs=64 concurrent=1 ane_pipeline=1 output_queue=4 async_ane=11 gpu_overlap=208 finishes=11 waits=22
ds4: Flash-MoE overlap plan layer=8 exec_groups=219 planned_ane_groups=11 planned_ane_refs=1770 planned_gpu_groups=208 planned_gpu_refs=4374 tail_gpu_groups=0 tail_gpu_refs=0 planned_ssd_groups=219 est_gpu=17686.0 est_ane=1793.6 est_idle=89.86% wall=112.521 ms actual_ane_groups=11 actual_ane_refs=1770 actual_gpu_groups=0 actual_gpu_refs=0 finishes=11 waits=22 overlap_gpu_groups=208
ds4: Flash-MoE async pread canceled queued=0 reading=0 ready=2126 finished=0
ds4: gpu chunked prefill pos=5120 tokens=1024 layer 8 encode=153.025 ms execute=2.740 ms
ds4: Flash-MoE prefill layer=9 tokens=1024 unique=226 refs=6144 sync=14.674 ms plan=0.323 ms stage/compute=119.385 ms misses=226
ds4: Flash-MoE hybrid prefill layer=9 ane_groups=11 ane_refs=1196 gpu_i8_groups=0 gpu_i8_refs=0 fp32_groups=0 ane_min_refs=64 concurrent=1 ane_pipeline=1 output_queue=4 async_ane=11 gpu_overlap=215 finishes=11 waits=22
ds4: Flash-MoE overlap plan layer=9 exec_groups=226 planned_ane_groups=11 planned_ane_refs=1196 planned_gpu_groups=215 planned_gpu_refs=4948 tail_gpu_groups=0 tail_gpu_refs=0 planned_ssd_groups=226 est_gpu=18708.0 est_ane=1791.0 est_idle=90.43% wall=119.030 ms actual_ane_groups=11 actual_ane_refs=1196 actual_gpu_groups=0 actual_gpu_refs=0 finishes=11 waits=22 overlap_gpu_groups=215
ds4: Flash-MoE async pread canceled queued=0 reading=0 ready=2131 finished=0
ds4: gpu chunked prefill pos=5120 tokens=1024 layer 9 encode=135.030 ms execute=2.621 ms
ds4: Flash-MoE prefill layer=10 tokens=1024 unique=224 refs=6144 sync=39.512 ms plan=0.378 ms stage/compute=117.655 ms misses=224
ds4: Flash-MoE hybrid prefill layer=10 ane_groups=13 ane_refs=1541 gpu_i8_groups=0 gpu_i8_refs=0 fp32_groups=0 ane_min_refs=64 concurrent=1 ane_pipeline=1 output_queue=4 async_ane=13 gpu_overlap=211 finishes=13 waits=26
ds4: Flash-MoE overlap plan layer=10 exec_groups=224 planned_ane_groups=13 planned_ane_refs=1541 planned_gpu_groups=211 planned_gpu_refs=4603 tail_gpu_groups=0 tail_gpu_refs=0 planned_ssd_groups=224 est_gpu=18107.0 est_ane=2116.2 est_idle=88.31% wall=117.244 ms actual_ane_groups=13 actual_ane_refs=1541 actual_gpu_groups=0 actual_gpu_refs=0 finishes=13 waits=26 overlap_gpu_groups=211
ds4: Flash-MoE async pread canceled queued=0 reading=0 ready=2144 finished=0
ds4: gpu chunked prefill pos=5120 tokens=1024 layer 10 encode=157.847 ms execute=2.536 ms
ds4: Flash-MoE prefill layer=11 tokens=1024 unique=233 refs=6144 sync=14.538 ms plan=0.360 ms stage/compute=118.731 ms misses=233
ds4: Flash-MoE hybrid prefill layer=11 ane_groups=14 ane_refs=1590 gpu_i8_groups=0 gpu_i8_refs=0 fp32_groups=0 ane_min_refs=64 concurrent=1 ane_pipeline=1 output_queue=4 async_ane=14 gpu_overlap=219 finishes=14 waits=28
ds4: Flash-MoE overlap plan layer=11 exec_groups=233 planned_ane_groups=14 planned_ane_refs=1590 planned_gpu_groups=219 planned_gpu_refs=4554 tail_gpu_groups=0 tail_gpu_refs=0 planned_ssd_groups=233 est_gpu=18570.0 est_ane=2278.8 est_idle=87.73% wall=118.341 ms actual_ane_groups=14 actual_ane_refs=1590 actual_gpu_groups=0 actual_gpu_refs=0 finishes=14 waits=28 overlap_gpu_groups=219
ds4: Flash-MoE async pread canceled queued=0 reading=0 ready=2148 finished=0
ds4: gpu chunked prefill pos=5120 tokens=1024 layer 11 encode=134.243 ms execute=2.515 ms
ds4: Flash-MoE prefill layer=12 tokens=1024 unique=206 refs=6144 sync=39.497 ms plan=0.369 ms stage/compute=107.816 ms misses=206
ds4: Flash-MoE hybrid prefill layer=12 ane_groups=15 ane_refs=1681 gpu_i8_groups=0 gpu_i8_refs=0 fp32_groups=0 ane_min_refs=64 concurrent=1 ane_pipeline=1 output_queue=4 async_ane=15 gpu_overlap=191 finishes=15 waits=30
ds4: Flash-MoE overlap plan layer=12 exec_groups=206 planned_ane_groups=15 planned_ane_refs=1681 planned_gpu_groups=191 planned_gpu_refs=4463 tail_gpu_groups=0 tail_gpu_refs=0 planned_ssd_groups=206 est_gpu=16687.0 est_ane=2438.8 est_idle=85.39% wall=107.433 ms actual_ane_groups=15 actual_ane_refs=1681 actual_gpu_groups=0 actual_gpu_refs=0 finishes=15 waits=30 overlap_gpu_groups=191
ds4: Flash-MoE async pread canceled queued=0 reading=0 ready=2157 finished=0
ds4: gpu chunked prefill pos=5120 tokens=1024 layer 12 encode=147.966 ms execute=2.524 ms
ds4: Flash-MoE prefill layer=13 tokens=1024 unique=206 refs=6144 sync=14.545 ms plan=0.307 ms stage/compute=103.315 ms misses=206
ds4: Flash-MoE hybrid prefill layer=13 ane_groups=16 ane_refs=2182 gpu_i8_groups=0 gpu_i8_refs=0 fp32_groups=0 ane_min_refs=64 concurrent=1 ane_pipeline=1 output_queue=4 async_ane=16 gpu_overlap=190 finishes=16 waits=32
ds4: Flash-MoE overlap plan layer=13 exec_groups=206 planned_ane_groups=16 planned_ane_refs=2182 planned_gpu_groups=190 planned_gpu_refs=3962 tail_gpu_groups=0 tail_gpu_refs=0 planned_ssd_groups=206 est_gpu=16122.0 est_ane=2604.0 est_idle=83.85% wall=102.956 ms actual_ane_groups=16 actual_ane_refs=2182 actual_gpu_groups=0 actual_gpu_refs=0 finishes=16 waits=32 overlap_gpu_groups=190
ds4: Flash-MoE async pread canceled queued=0 reading=0 ready=2164 finished=0
ds4: gpu chunked prefill pos=5120 tokens=1024 layer 13 encode=118.725 ms execute=2.514 ms
ds4: Flash-MoE prefill layer=14 tokens=1024 unique=201 refs=6144 sync=39.890 ms plan=0.324 ms stage/compute=100.549 ms misses=201
ds4: Flash-MoE hybrid prefill layer=14 ane_groups=17 ane_refs=2159 gpu_i8_groups=0 gpu_i8_refs=0 fp32_groups=0 ane_min_refs=64 concurrent=1 ane_pipeline=1 output_queue=4 async_ane=17 gpu_overlap=184 finishes=17 waits=34
ds4: Flash-MoE overlap plan layer=14 exec_groups=201 planned_ane_groups=17 planned_ane_refs=2159 planned_gpu_groups=184 planned_gpu_refs=3985 tail_gpu_groups=0 tail_gpu_refs=0 planned_ssd_groups=201 est_gpu=15761.0 est_ane=2766.5 est_idle=82.45% wall=100.218 ms actual_ane_groups=17 actual_ane_refs=2159 actual_gpu_groups=0 actual_gpu_refs=0 finishes=17 waits=34 overlap_gpu_groups=184
ds4: Flash-MoE async pread canceled queued=0 reading=0 ready=2174 finished=0
ds4: gpu chunked prefill pos=5120 tokens=1024 layer 14 encode=141.082 ms execute=2.568 ms
ds4: Flash-MoE prefill layer=15 tokens=1024 unique=195 refs=6144 sync=14.511 ms plan=0.333 ms stage/compute=97.997 ms misses=195
ds4: Flash-MoE hybrid prefill layer=15 ane_groups=15 ane_refs=2081 gpu_i8_groups=0 gpu_i8_refs=0 fp32_groups=0 ane_min_refs=64 concurrent=1 ane_pipeline=1 output_queue=4 async_ane=15 gpu_overlap=180 finishes=15 waits=30
ds4: Flash-MoE overlap plan layer=15 exec_groups=195 planned_ane_groups=15 planned_ane_refs=2081 planned_gpu_groups=180 planned_gpu_refs=4063 tail_gpu_groups=0 tail_gpu_refs=0 planned_ssd_groups=195 est_gpu=15583.0 est_ane=2441.4 est_idle=84.33% wall=97.653 ms actual_ane_groups=15 actual_ane_refs=2081 actual_gpu_groups=0 actual_gpu_refs=0 finishes=15 waits=30 overlap_gpu_groups=180
ds4: Flash-MoE async pread canceled queued=0 reading=0 ready=2189 finished=0
ds4: gpu chunked prefill pos=5120 tokens=1024 layer 15 encode=113.394 ms execute=2.510 ms
ds4: Flash-MoE prefill layer=16 tokens=1024 unique=192 refs=6144 sync=39.343 ms plan=0.336 ms stage/compute=99.020 ms misses=192
ds4: Flash-MoE hybrid prefill layer=16 ane_groups=14 ane_refs=2131 gpu_i8_groups=0 gpu_i8_refs=0 fp32_groups=0 ane_min_refs=64 concurrent=1 ane_pipeline=1 output_queue=4 async_ane=14 gpu_overlap=178 finishes=14 waits=28
ds4: Flash-MoE overlap plan layer=16 exec_groups=192 planned_ane_groups=14 planned_ane_refs=2131 planned_gpu_groups=178 planned_gpu_refs=4013 tail_gpu_groups=0 tail_gpu_refs=0 planned_ssd_groups=192 est_gpu=15405.0 est_ane=2281.4 est_idle=85.19% wall=98.668 ms actual_ane_groups=14 actual_ane_refs=2131 actual_gpu_groups=0 actual_gpu_refs=0 finishes=14 waits=28 overlap_gpu_groups=178
ds4: Flash-MoE async pread canceled queued=0 reading=0 ready=2199 finished=0
ds4: gpu chunked prefill pos=5120 tokens=1024 layer 16 encode=138.992 ms execute=2.660 ms
ds4: Flash-MoE prefill layer=17 tokens=1024 unique=198 refs=6144 sync=14.625 ms plan=0.312 ms stage/compute=99.765 ms misses=198
ds4: Flash-MoE hybrid prefill layer=17 ane_groups=13 ane_refs=2143 gpu_i8_groups=0 gpu_i8_refs=0 fp32_groups=0 ane_min_refs=64 concurrent=1 ane_pipeline=1 output_queue=4 async_ane=13 gpu_overlap=185 finishes=13 waits=26
ds4: Flash-MoE overlap plan layer=17 exec_groups=198 planned_ane_groups=13 planned_ane_refs=2143 planned_gpu_groups=185 planned_gpu_refs=4001 tail_gpu_groups=0 tail_gpu_refs=0 planned_ssd_groups=198 est_gpu=15841.0 est_ane=2121.4 est_idle=86.61% wall=99.430 ms actual_ane_groups=13 actual_ane_refs=2143 actual_gpu_groups=0 actual_gpu_refs=0 finishes=13 waits=26 overlap_gpu_groups=185
ds4: Flash-MoE async pread canceled queued=0 reading=0 ready=2215 finished=0
ds4: gpu chunked prefill pos=5120 tokens=1024 layer 17 encode=115.321 ms execute=2.536 ms
ds4: Flash-MoE prefill layer=18 tokens=1024 unique=192 refs=6144 sync=39.809 ms plan=0.317 ms stage/compute=97.423 ms misses=192
ds4: Flash-MoE hybrid prefill layer=18 ane_groups=14 ane_refs=2323 gpu_i8_groups=0 gpu_i8_refs=0 fp32_groups=0 ane_min_refs=64 concurrent=1 ane_pipeline=1 output_queue=4 async_ane=14 gpu_overlap=178 finishes=14 waits=28
ds4: Flash-MoE overlap plan layer=18 exec_groups=192 planned_ane_groups=14 planned_ane_refs=2323 planned_gpu_groups=178 planned_gpu_refs=3821 tail_gpu_groups=0 tail_gpu_refs=0 planned_ssd_groups=192 est_gpu=15213.0 est_ane=2284.0 est_idle=84.99% wall=97.064 ms actual_ane_groups=14 actual_ane_refs=2323 actual_gpu_groups=0 actual_gpu_refs=0 finishes=14 waits=28 overlap_gpu_groups=178
ds4: Flash-MoE async pread canceled queued=0 reading=0 ready=2229 finished=0
ds4: gpu chunked prefill pos=5120 tokens=1024 layer 18 encode=137.845 ms execute=2.468 ms
ds4: Flash-MoE prefill layer=19 tokens=1024 unique=223 refs=6144 sync=14.503 ms plan=0.373 ms stage/compute=118.848 ms misses=223
ds4: Flash-MoE hybrid prefill layer=19 ane_groups=11 ane_refs=1300 gpu_i8_groups=0 gpu_i8_refs=0 fp32_groups=0 ane_min_refs=64 concurrent=1 ane_pipeline=1 output_queue=4 async_ane=11 gpu_overlap=212 finishes=11 waits=22
ds4: Flash-MoE overlap plan layer=19 exec_groups=223 planned_ane_groups=11 planned_ane_refs=1300 planned_gpu_groups=212 planned_gpu_refs=4844 tail_gpu_groups=0 tail_gpu_refs=0 planned_ssd_groups=223 est_gpu=18412.0 est_ane=1788.4 est_idle=90.29% wall=118.461 ms actual_ane_groups=11 actual_ane_refs=1300 actual_gpu_groups=0 actual_gpu_refs=0 finishes=11 waits=22 overlap_gpu_groups=212
ds4: Flash-MoE async pread canceled queued=0 reading=0 ready=2232 finished=0
ds4: gpu chunked prefill pos=5120 tokens=1024 layer 19 encode=134.273 ms execute=2.526 ms
ds4: Flash-MoE prefill layer=20 tokens=1024 unique=182 refs=6144 sync=39.572 ms plan=0.337 ms stage/compute=93.906 ms misses=182
ds4: Flash-MoE hybrid prefill layer=20 ane_groups=15 ane_refs=2127 gpu_i8_groups=0 gpu_i8_refs=0 fp32_groups=0 ane_min_refs=64 concurrent=1 ane_pipeline=1 output_queue=4 async_ane=15 gpu_overlap=167 finishes=15 waits=30
ds4: Flash-MoE overlap plan layer=20 exec_groups=182 planned_ane_groups=15 planned_ane_refs=2127 planned_gpu_groups=167 planned_gpu_refs=4017 tail_gpu_groups=0 tail_gpu_refs=0 planned_ssd_groups=182 est_gpu=14705.0 est_ane=2441.4 est_idle=83.40% wall=93.568 ms actual_ane_groups=15 actual_ane_refs=2127 actual_gpu_groups=0 actual_gpu_refs=0 finishes=15 waits=30 overlap_gpu_groups=167
ds4: Flash-MoE async pread canceled queued=0 reading=0 ready=2248 finished=0
ds4: gpu chunked prefill pos=5120 tokens=1024 layer 20 encode=134.084 ms execute=2.531 ms
ds4: Flash-MoE prefill layer=21 tokens=1024 unique=192 refs=6144 sync=14.450 ms plan=0.309 ms stage/compute=102.306 ms misses=192
ds4: Flash-MoE hybrid prefill layer=21 ane_groups=14 ane_refs=1812 gpu_i8_groups=0 gpu_i8_refs=0 fp32_groups=0 ane_min_refs=64 concurrent=1 ane_pipeline=1 output_queue=4 async_ane=14 gpu_overlap=178 finishes=14 waits=28
ds4: Flash-MoE overlap plan layer=21 exec_groups=192 planned_ane_groups=14 planned_ane_refs=1812 planned_gpu_groups=178 planned_gpu_refs=4332 tail_gpu_groups=0 tail_gpu_refs=0 planned_ssd_groups=192 est_gpu=15724.0 est_ane=2278.8 est_idle=85.51% wall=101.979 ms actual_ane_groups=14 actual_ane_refs=1812 actual_gpu_groups=0 actual_gpu_refs=0 finishes=14 waits=28 overlap_gpu_groups=178
ds4: Flash-MoE async pread canceled queued=0 reading=0 ready=2256 finished=0
ds4: gpu chunked prefill pos=5120 tokens=1024 layer 21 encode=117.639 ms execute=2.500 ms
ds4: Flash-MoE prefill layer=22 tokens=1024 unique=192 refs=6144 sync=39.258 ms plan=0.363 ms stage/compute=98.914 ms misses=192
ds4: Flash-MoE hybrid prefill layer=22 ane_groups=14 ane_refs=2016 gpu_i8_groups=0 gpu_i8_refs=0 fp32_groups=0 ane_min_refs=64 concurrent=1 ane_pipeline=1 output_queue=4 async_ane=14 gpu_overlap=178 finishes=14 waits=28
ds4: Flash-MoE overlap plan layer=22 exec_groups=192 planned_ane_groups=14 planned_ane_refs=2016 planned_gpu_groups=178 planned_gpu_refs=4128 tail_gpu_groups=0 tail_gpu_refs=0 planned_ssd_groups=192 est_gpu=15520.0 est_ane=2281.4 est_idle=85.30% wall=98.570 ms actual_ane_groups=14 actual_ane_refs=2016 actual_gpu_groups=0 actual_gpu_refs=0 finishes=14 waits=28 overlap_gpu_groups=178
ds4: Flash-MoE async pread canceled queued=0 reading=0 ready=2263 finished=0
ds4: gpu chunked prefill pos=5120 tokens=1024 layer 22 encode=138.807 ms execute=2.504 ms
ds4: Flash-MoE prefill layer=23 tokens=1024 unique=206 refs=6144 sync=14.387 ms plan=0.349 ms stage/compute=110.783 ms misses=206
ds4: Flash-MoE hybrid prefill layer=23 ane_groups=15 ane_refs=1678 gpu_i8_groups=0 gpu_i8_refs=0 fp32_groups=0 ane_min_refs=64 concurrent=1 ane_pipeline=1 output_queue=4 async_ane=15 gpu_overlap=191 finishes=15 waits=30
ds4: Flash-MoE overlap plan layer=23 exec_groups=206 planned_ane_groups=15 planned_ane_refs=1678 planned_gpu_groups=191 planned_gpu_refs=4466 tail_gpu_groups=0 tail_gpu_refs=0 planned_ssd_groups=206 est_gpu=16690.0 est_ane=2438.8 est_idle=85.39% wall=110.418 ms actual_ane_groups=15 actual_ane_refs=1678 actual_gpu_groups=0 actual_gpu_refs=0 finishes=15 waits=30 overlap_gpu_groups=191
ds4: Flash-MoE async pread canceled queued=0 reading=0 ready=2272 finished=0
ds4: gpu chunked prefill pos=5120 tokens=1024 layer 23 encode=126.090 ms execute=2.531 ms
ds4: Flash-MoE prefill layer=24 tokens=1024 unique=190 refs=6144 sync=39.383 ms plan=0.362 ms stage/compute=98.691 ms misses=190
ds4: Flash-MoE hybrid prefill layer=24 ane_groups=14 ane_refs=2039 gpu_i8_groups=0 gpu_i8_refs=0 fp32_groups=0 ane_min_refs=64 concurrent=1 ane_pipeline=1 output_queue=4 async_ane=14 gpu_overlap=176 finishes=14 waits=28
ds4: Flash-MoE overlap plan layer=24 exec_groups=190 planned_ane_groups=14 planned_ane_refs=2039 planned_gpu_groups=176 planned_gpu_refs=4105 tail_gpu_groups=0 tail_gpu_refs=0 planned_ssd_groups=190 est_gpu=15369.0 est_ane=2281.4 est_idle=85.16% wall=98.367 ms actual_ane_groups=14 actual_ane_refs=2039 actual_gpu_groups=0 actual_gpu_refs=0 finishes=14 waits=28 overlap_gpu_groups=176
ds4: Flash-MoE async pread canceled queued=0 reading=0 ready=2279 finished=0
ds4: gpu chunked prefill pos=5120 tokens=1024 layer 24 encode=138.718 ms execute=2.560 ms
ds4: Flash-MoE prefill layer=25 tokens=1024 unique=200 refs=6144 sync=14.436 ms plan=0.309 ms stage/compute=106.493 ms misses=200
ds4: Flash-MoE hybrid prefill layer=25 ane_groups=13 ane_refs=1534 gpu_i8_groups=0 gpu_i8_refs=0 fp32_groups=0 ane_min_refs=64 concurrent=1 ane_pipeline=1 output_queue=4 async_ane=13 gpu_overlap=187 finishes=13 waits=26
ds4: Flash-MoE overlap plan layer=25 exec_groups=200 planned_ane_groups=13 planned_ane_refs=1534 planned_gpu_groups=187 planned_gpu_refs=4610 tail_gpu_groups=0 tail_gpu_refs=0 planned_ssd_groups=200 est_gpu=16578.0 est_ane=2113.6 est_idle=87.25% wall=106.138 ms actual_ane_groups=13 actual_ane_refs=1534 actual_gpu_groups=0 actual_gpu_refs=0 finishes=13 waits=26 overlap_gpu_groups=187
ds4: Flash-MoE async pread canceled queued=0 reading=0 ready=2293 finished=0
ds4: gpu chunked prefill pos=5120 tokens=1024 layer 25 encode=121.869 ms execute=2.527 ms
ds4: Flash-MoE prefill layer=26 tokens=1024 unique=182 refs=6144 sync=39.505 ms plan=0.304 ms stage/compute=93.476 ms misses=182
ds4: Flash-MoE hybrid prefill layer=26 ane_groups=15 ane_refs=2346 gpu_i8_groups=0 gpu_i8_refs=0 fp32_groups=0 ane_min_refs=64 concurrent=1 ane_pipeline=1 output_queue=4 async_ane=15 gpu_overlap=167 finishes=15 waits=30
ds4: Flash-MoE overlap plan layer=26 exec_groups=182 planned_ane_groups=15 planned_ane_refs=2346 planned_gpu_groups=167 planned_gpu_refs=3798 tail_gpu_groups=0 tail_gpu_refs=0 planned_ssd_groups=182 est_gpu=14486.0 est_ane=2444.0 est_idle=83.13% wall=93.165 ms actual_ane_groups=15 actual_ane_refs=2346 actual_gpu_groups=0 actual_gpu_refs=0 finishes=15 waits=30 overlap_gpu_groups=167
ds4: Flash-MoE async pread canceled queued=0 reading=0 ready=2303 finished=0
ds4: gpu chunked prefill pos=5120 tokens=1024 layer 26 encode=133.579 ms execute=2.540 ms
ds4: Flash-MoE prefill layer=27 tokens=1024 unique=198 refs=6144 sync=14.538 ms plan=0.331 ms stage/compute=104.112 ms misses=198
ds4: Flash-MoE hybrid prefill layer=27 ane_groups=14 ane_refs=1837 gpu_i8_groups=0 gpu_i8_refs=0 fp32_groups=0 ane_min_refs=64 concurrent=1 ane_pipeline=1 output_queue=4 async_ane=14 gpu_overlap=184 finishes=14 waits=28
ds4: Flash-MoE overlap plan layer=27 exec_groups=198 planned_ane_groups=14 planned_ane_refs=1837 planned_gpu_groups=184 planned_gpu_refs=4307 tail_gpu_groups=0 tail_gpu_refs=0 planned_ssd_groups=198 est_gpu=16083.0 est_ane=2278.8 est_idle=85.83% wall=103.773 ms actual_ane_groups=14 actual_ane_refs=1837 actual_gpu_groups=0 actual_gpu_refs=0 finishes=14 waits=28 overlap_gpu_groups=184
ds4: Flash-MoE async pread canceled queued=0 reading=0 ready=2317 finished=0
ds4: gpu chunked prefill pos=5120 tokens=1024 layer 27 encode=119.499 ms execute=2.501 ms
ds4: Flash-MoE prefill layer=28 tokens=1024 unique=193 refs=6144 sync=39.267 ms plan=0.338 ms stage/compute=101.043 ms misses=193
ds4: Flash-MoE hybrid prefill layer=28 ane_groups=15 ane_refs=1818 gpu_i8_groups=0 gpu_i8_refs=0 fp32_groups=0 ane_min_refs=64 concurrent=1 ane_pipeline=1 output_queue=4 async_ane=15 gpu_overlap=178 finishes=15 waits=30
ds4: Flash-MoE overlap plan layer=28 exec_groups=193 planned_ane_groups=15 planned_ane_refs=1818 planned_gpu_groups=178 planned_gpu_refs=4326 tail_gpu_groups=0 tail_gpu_refs=0 planned_ssd_groups=193 est_gpu=15718.0 est_ane=2441.4 est_idle=84.47% wall=100.682 ms actual_ane_groups=15 actual_ane_refs=1818 actual_gpu_groups=0 actual_gpu_refs=0 finishes=15 waits=30 overlap_gpu_groups=178
ds4: Flash-MoE async pread canceled queued=0 reading=0 ready=2329 finished=0
ds4: gpu chunked prefill pos=5120 tokens=1024 layer 28 encode=140.936 ms execute=2.519 ms
ds4: Flash-MoE prefill layer=29 tokens=1024 unique=185 refs=6144 sync=14.446 ms plan=0.316 ms stage/compute=96.315 ms misses=185
ds4: Flash-MoE hybrid prefill layer=29 ane_groups=15 ane_refs=1924 gpu_i8_groups=0 gpu_i8_refs=0 fp32_groups=0 ane_min_refs=64 concurrent=1 ane_pipeline=1 output_queue=4 async_ane=15 gpu_overlap=170 finishes=15 waits=30
ds4: Flash-MoE overlap plan layer=29 exec_groups=185 planned_ane_groups=15 planned_ane_refs=1924 planned_gpu_groups=170 planned_gpu_refs=4220 tail_gpu_groups=0 tail_gpu_refs=0 planned_ssd_groups=185 est_gpu=15100.0 est_ane=2438.8 est_idle=83.85% wall=95.997 ms actual_ane_groups=15 actual_ane_refs=1924 actual_gpu_groups=0 actual_gpu_refs=0 finishes=15 waits=30 overlap_gpu_groups=170
ds4: Flash-MoE async pread canceled queued=0 reading=0 ready=2347 finished=0
ds4: gpu chunked prefill pos=5120 tokens=1024 layer 29 encode=111.609 ms execute=2.527 ms
ds4: Flash-MoE prefill layer=30 tokens=1024 unique=193 refs=6144 sync=39.836 ms plan=0.303 ms stage/compute=104.351 ms misses=193
ds4: Flash-MoE hybrid prefill layer=30 ane_groups=15 ane_refs=1726 gpu_i8_groups=0 gpu_i8_refs=0 fp32_groups=0 ane_min_refs=64 concurrent=1 ane_pipeline=1 output_queue=4 async_ane=15 gpu_overlap=178 finishes=15 waits=30
ds4: Flash-MoE overlap plan layer=30 exec_groups=193 planned_ane_groups=15 planned_ane_refs=1726 planned_gpu_groups=178 planned_gpu_refs=4418 tail_gpu_groups=0 tail_gpu_refs=0 planned_ssd_groups=193 est_gpu=15810.0 est_ane=2438.8 est_idle=84.57% wall=104.003 ms actual_ane_groups=15 actual_ane_refs=1726 actual_gpu_groups=0 actual_gpu_refs=0 finishes=15 waits=30 overlap_gpu_groups=178
ds4: Flash-MoE async pread canceled queued=0 reading=0 ready=2361 finished=0
ds4: gpu chunked prefill pos=5120 tokens=1024 layer 30 encode=144.793 ms execute=2.506 ms
ds4: Flash-MoE prefill layer=31 tokens=1024 unique=195 refs=6144 sync=14.420 ms plan=0.350 ms stage/compute=99.877 ms misses=195
ds4: Flash-MoE hybrid prefill layer=31 ane_groups=18 ane_refs=2017 gpu_i8_groups=0 gpu_i8_refs=0 fp32_groups=0 ane_min_refs=64 concurrent=1 ane_pipeline=1 output_queue=4 async_ane=18 gpu_overlap=177 finishes=18 waits=36
ds4: Flash-MoE overlap plan layer=31 exec_groups=195 planned_ane_groups=18 planned_ane_refs=2017 planned_gpu_groups=177 planned_gpu_refs=4127 tail_gpu_groups=0 tail_gpu_refs=0 planned_ssd_groups=195 est_gpu=15455.0 est_ane=2926.5 est_idle=81.06% wall=99.523 ms actual_ane_groups=18 actual_ane_refs=2017 actual_gpu_groups=0 actual_gpu_refs=0 finishes=18 waits=36 overlap_gpu_groups=177
ds4: Flash-MoE async pread canceled queued=0 reading=0 ready=2374 finished=0
ds4: gpu chunked prefill pos=5120 tokens=1024 layer 31 encode=115.176 ms execute=2.508 ms
ds4: Flash-MoE prefill layer=32 tokens=1024 unique=191 refs=6144 sync=39.295 ms plan=0.330 ms stage/compute=100.909 ms misses=191
ds4: Flash-MoE hybrid prefill layer=32 ane_groups=16 ane_refs=2141 gpu_i8_groups=0 gpu_i8_refs=0 fp32_groups=0 ane_min_refs=64 concurrent=1 ane_pipeline=1 output_queue=4 async_ane=16 gpu_overlap=175 finishes=16 waits=32
ds4: Flash-MoE overlap plan layer=32 exec_groups=191 planned_ane_groups=16 planned_ane_refs=2141 planned_gpu_groups=175 planned_gpu_refs=4003 tail_gpu_groups=0 tail_gpu_refs=0 planned_ssd_groups=191 est_gpu=15203.0 est_ane=2604.0 est_idle=82.87% wall=100.535 ms actual_ane_groups=16 actual_ane_refs=2141 actual_gpu_groups=0 actual_gpu_refs=0 finishes=16 waits=32 overlap_gpu_groups=175
ds4: Flash-MoE async pread canceled queued=0 reading=0 ready=2385 finished=0
ds4: gpu chunked prefill pos=5120 tokens=1024 layer 32 encode=140.833 ms execute=2.527 ms
ds4: Flash-MoE prefill layer=33 tokens=1024 unique=177 refs=6144 sync=14.524 ms plan=0.321 ms stage/compute=92.766 ms misses=177
ds4: Flash-MoE hybrid prefill layer=33 ane_groups=15 ane_refs=2225 gpu_i8_groups=0 gpu_i8_refs=0 fp32_groups=0 ane_min_refs=64 concurrent=1 ane_pipeline=1 output_queue=4 async_ane=15 gpu_overlap=162 finishes=15 waits=30
ds4: Flash-MoE overlap plan layer=33 exec_groups=177 planned_ane_groups=15 planned_ane_refs=2225 planned_gpu_groups=162 planned_gpu_refs=3919 tail_gpu_groups=0 tail_gpu_refs=0 planned_ssd_groups=177 est_gpu=14287.0 est_ane=2441.4 est_idle=82.91% wall=92.448 ms actual_ane_groups=15 actual_ane_refs=2225 actual_gpu_groups=0 actual_gpu_refs=0 finishes=15 waits=30 overlap_gpu_groups=162
ds4: Flash-MoE async pread canceled queued=0 reading=0 ready=2403 finished=0
ds4: gpu chunked prefill pos=5120 tokens=1024 layer 33 encode=108.228 ms execute=2.585 ms
ds4: Flash-MoE prefill layer=34 tokens=1024 unique=173 refs=6144 sync=39.336 ms plan=0.338 ms stage/compute=90.794 ms misses=173
ds4: Flash-MoE hybrid prefill layer=34 ane_groups=14 ane_refs=2381 gpu_i8_groups=0 gpu_i8_refs=0 fp32_groups=0 ane_min_refs=64 concurrent=1 ane_pipeline=1 output_queue=4 async_ane=14 gpu_overlap=159 finishes=14 waits=28
ds4: Flash-MoE overlap plan layer=34 exec_groups=173 planned_ane_groups=14 planned_ane_refs=2381 planned_gpu_groups=159 planned_gpu_refs=3763 tail_gpu_groups=0 tail_gpu_refs=0 planned_ssd_groups=173 est_gpu=13939.0 est_ane=2284.0 est_idle=83.61% wall=90.454 ms actual_ane_groups=14 actual_ane_refs=2381 actual_gpu_groups=0 actual_gpu_refs=0 finishes=14 waits=28 overlap_gpu_groups=159
ds4: Flash-MoE async pread canceled queued=0 reading=0 ready=2420 finished=0
ds4: gpu chunked prefill pos=5120 tokens=1024 layer 34 encode=130.743 ms execute=2.496 ms
ds4: Flash-MoE prefill layer=35 tokens=1024 unique=183 refs=6144 sync=14.497 ms plan=0.340 ms stage/compute=96.571 ms misses=183
ds4: Flash-MoE hybrid prefill layer=35 ane_groups=15 ane_refs=2163 gpu_i8_groups=0 gpu_i8_refs=0 fp32_groups=0 ane_min_refs=64 concurrent=1 ane_pipeline=1 output_queue=4 async_ane=15 gpu_overlap=168 finishes=15 waits=30
ds4: Flash-MoE overlap plan layer=35 exec_groups=183 planned_ane_groups=15 planned_ane_refs=2163 planned_gpu_groups=168 planned_gpu_refs=3981 tail_gpu_groups=0 tail_gpu_refs=0 planned_ssd_groups=183 est_gpu=14733.0 est_ane=2444.0 est_idle=83.41% wall=96.256 ms actual_ane_groups=15 actual_ane_refs=2163 actual_gpu_groups=0 actual_gpu_refs=0 finishes=15 waits=30 overlap_gpu_groups=168
ds4: Flash-MoE async pread canceled queued=0 reading=0 ready=2432 finished=0
ds4: gpu chunked prefill pos=5120 tokens=1024 layer 35 encode=111.940 ms execute=2.523 ms
ds4: Flash-MoE prefill layer=36 tokens=1024 unique=184 refs=6144 sync=39.211 ms plan=0.332 ms stage/compute=92.400 ms misses=184
ds4: Flash-MoE hybrid prefill layer=36 ane_groups=15 ane_refs=2526 gpu_i8_groups=0 gpu_i8_refs=0 fp32_groups=0 ane_min_refs=64 concurrent=1 ane_pipeline=1 output_queue=4 async_ane=15 gpu_overlap=169 finishes=15 waits=30
ds4: Flash-MoE overlap plan layer=36 exec_groups=184 planned_ane_groups=15 planned_ane_refs=2526 planned_gpu_groups=169 planned_gpu_refs=3618 tail_gpu_groups=0 tail_gpu_refs=0 planned_ssd_groups=184 est_gpu=14434.0 est_ane=2444.0 est_idle=83.07% wall=92.061 ms actual_ane_groups=15 actual_ane_refs=2526 actual_gpu_groups=0 actual_gpu_refs=0 finishes=15 waits=30 overlap_gpu_groups=169
ds4: Flash-MoE async pread canceled queued=0 reading=0 ready=2445 finished=0
ds4: gpu chunked prefill pos=5120 tokens=1024 layer 36 encode=132.231 ms execute=2.508 ms
ds4: Flash-MoE prefill layer=37 tokens=1024 unique=188 refs=6144 sync=14.511 ms plan=0.291 ms stage/compute=96.049 ms misses=188
ds4: Flash-MoE hybrid prefill layer=37 ane_groups=15 ane_refs=2316 gpu_i8_groups=0 gpu_i8_refs=0 fp32_groups=0 ane_min_refs=64 concurrent=1 ane_pipeline=1 output_queue=4 async_ane=15 gpu_overlap=173 finishes=15 waits=30
ds4: Flash-MoE overlap plan layer=37 exec_groups=188 planned_ane_groups=15 planned_ane_refs=2316 planned_gpu_groups=173 planned_gpu_refs=3828 tail_gpu_groups=0 tail_gpu_refs=0 planned_ssd_groups=188 est_gpu=14900.0 est_ane=2446.5 est_idle=83.58% wall=95.725 ms actual_ane_groups=15 actual_ane_refs=2316 actual_gpu_groups=0 actual_gpu_refs=0 finishes=15 waits=30 overlap_gpu_groups=173
ds4: Flash-MoE async pread canceled queued=0 reading=0 ready=2461 finished=0
ds4: gpu chunked prefill pos=5120 tokens=1024 layer 37 encode=111.388 ms execute=2.489 ms
ds4: Flash-MoE prefill layer=38 tokens=1024 unique=199 refs=6144 sync=39.365 ms plan=0.326 ms stage/compute=100.004 ms misses=199
ds4: Flash-MoE hybrid prefill layer=38 ane_groups=15 ane_refs=2173 gpu_i8_groups=0 gpu_i8_refs=0 fp32_groups=0 ane_min_refs=64 concurrent=1 ane_pipeline=1 output_queue=4 async_ane=15 gpu_overlap=184 finishes=15 waits=30
ds4: Flash-MoE overlap plan layer=38 exec_groups=199 planned_ane_groups=15 planned_ane_refs=2173 planned_gpu_groups=184 planned_gpu_refs=3971 tail_gpu_groups=0 tail_gpu_refs=0 planned_ssd_groups=199 est_gpu=15747.0 est_ane=2441.4 est_idle=84.50% wall=99.650 ms actual_ane_groups=15 actual_ane_refs=2173 actual_gpu_groups=0 actual_gpu_refs=0 finishes=15 waits=30 overlap_gpu_groups=184
ds4: Flash-MoE async pread canceled queued=0 reading=0 ready=2473 finished=0
ds4: gpu chunked prefill pos=5120 tokens=1024 layer 38 encode=139.973 ms execute=2.507 ms
ds4: Flash-MoE prefill layer=39 tokens=1024 unique=206 refs=6144 sync=14.403 ms plan=0.300 ms stage/compute=104.637 ms misses=206
ds4: Flash-MoE hybrid prefill layer=39 ane_groups=11 ane_refs=1758 gpu_i8_groups=0 gpu_i8_refs=0 fp32_groups=0 ane_min_refs=64 concurrent=1 ane_pipeline=1 output_queue=4 async_ane=11 gpu_overlap=195 finishes=11 waits=22
ds4: Flash-MoE overlap plan layer=39 exec_groups=206 planned_ane_groups=11 planned_ane_refs=1758 planned_gpu_groups=195 planned_gpu_refs=4386 tail_gpu_groups=0 tail_gpu_refs=0 planned_ssd_groups=206 est_gpu=16866.0 est_ane=1793.6 est_idle=89.37% wall=104.283 ms actual_ane_groups=11 actual_ane_refs=1758 actual_gpu_groups=0 actual_gpu_refs=0 finishes=11 waits=22 overlap_gpu_groups=195
ds4: Flash-MoE async pread canceled queued=0 reading=0 ready=2482 finished=0
ds4: gpu chunked prefill pos=5120 tokens=1024 layer 39 encode=119.867 ms execute=2.550 ms
ds4: Flash-MoE prefill layer=40 tokens=1024 unique=158 refs=6144 sync=39.544 ms plan=0.353 ms stage/compute=85.110 ms misses=158
ds4: Flash-MoE hybrid prefill layer=40 ane_groups=13 ane_refs=2649 gpu_i8_groups=0 gpu_i8_refs=0 fp32_groups=0 ane_min_refs=64 concurrent=1 ane_pipeline=1 output_queue=4 async_ane=13 gpu_overlap=145 finishes=13 waits=26
ds4: Flash-MoE overlap plan layer=40 exec_groups=158 planned_ane_groups=13 planned_ane_refs=2649 planned_gpu_groups=145 planned_gpu_refs=3495 tail_gpu_groups=0 tail_gpu_refs=0 planned_ssd_groups=158 est_gpu=12775.0 est_ane=2124.0 est_idle=83.37% wall=84.796 ms actual_ane_groups=13 actual_ane_refs=2649 actual_gpu_groups=0 actual_gpu_refs=0 finishes=13 waits=26 overlap_gpu_groups=145
ds4: Flash-MoE async pread canceled queued=0 reading=0 ready=2503 finished=0
ds4: gpu chunked prefill pos=5120 tokens=1024 layer 40 encode=125.264 ms execute=2.536 ms
ds4: Flash-MoE prefill layer=41 tokens=1024 unique=178 refs=6144 sync=14.547 ms plan=0.316 ms stage/compute=97.605 ms misses=178
ds4: Flash-MoE hybrid prefill layer=41 ane_groups=15 ane_refs=1890 gpu_i8_groups=0 gpu_i8_refs=0 fp32_groups=0 ane_min_refs=64 concurrent=1 ane_pipeline=1 output_queue=4 async_ane=15 gpu_overlap=163 finishes=15 waits=30
ds4: Flash-MoE overlap plan layer=41 exec_groups=178 planned_ane_groups=15 planned_ane_refs=1890 planned_gpu_groups=163 planned_gpu_refs=4254 tail_gpu_groups=0 tail_gpu_refs=0 planned_ssd_groups=178 est_gpu=14686.0 est_ane=2444.0 est_idle=83.36% wall=97.293 ms actual_ane_groups=15 actual_ane_refs=1890 actual_gpu_groups=0 actual_gpu_refs=0 finishes=15 waits=30 overlap_gpu_groups=163
ds4: Flash-MoE async pread canceled queued=0 reading=0 ready=2516 finished=0
ds4: gpu chunked prefill pos=5120 tokens=1024 layer 41 encode=113.015 ms execute=2.502 ms
ds4: Flash-MoE prefill layer=42 tokens=1024 unique=192 refs=6144 sync=39.318 ms plan=0.359 ms stage/compute=101.503 ms misses=192
ds4: Flash-MoE hybrid prefill layer=42 ane_groups=15 ane_refs=1907 gpu_i8_groups=0 gpu_i8_refs=0 fp32_groups=0 ane_min_refs=64 concurrent=1 ane_pipeline=1 output_queue=4 async_ane=15 gpu_overlap=177 finishes=15 waits=30
ds4: Flash-MoE overlap plan layer=42 exec_groups=192 planned_ane_groups=15 planned_ane_refs=1907 planned_gpu_groups=177 planned_gpu_refs=4237 tail_gpu_groups=0 tail_gpu_refs=0 planned_ssd_groups=192 est_gpu=15565.0 est_ane=2441.4 est_idle=84.31% wall=101.145 ms actual_ane_groups=15 actual_ane_refs=1907 actual_gpu_groups=0 actual_gpu_refs=0 finishes=15 waits=30 overlap_gpu_groups=177
ds4: Flash-MoE async pread canceled queued=0 reading=0 ready=2530 finished=0
ds4: gpu chunked prefill pos=5120 tokens=1024 layer 42 encode=141.447 ms execute=2.446 ms
processing 8423 input tokens: 6144/8423 (72.9%) batch=173.66 t/s avg=174.70 t/s
ds4: Flash-MoE prefill layer=0 tokens=1024 unique=256 refs=6144 sync=12.073 ms plan=0.301 ms stage/compute=150.964 ms misses=256
ds4: Flash-MoE hybrid prefill layer=0 ane_groups=0 ane_refs=0 gpu_i8_groups=0 gpu_i8_refs=0 fp32_groups=0 ane_min_refs=64 concurrent=1 ane_pipeline=1 output_queue=4 async_ane=0 gpu_overlap=0 finishes=0 waits=0
ds4: Flash-MoE overlap plan layer=0 exec_groups=256 planned_ane_groups=0 planned_ane_refs=0 planned_gpu_groups=256 planned_gpu_refs=6144 tail_gpu_groups=0 tail_gpu_refs=0 planned_ssd_groups=256 est_gpu=22528.0 est_ane=0.0 est_idle=100.00% wall=150.578 ms actual_ane_groups=0 actual_ane_refs=0 actual_gpu_groups=0 actual_gpu_refs=0 finishes=0 waits=0 overlap_gpu_groups=0
ds4: Flash-MoE async pread canceled queued=0 reading=0 ready=2530 finished=0
ds4: gpu chunked prefill pos=6144 tokens=1024 layer 0 encode=163.722 ms execute=2.648 ms
ds4: Flash-MoE prefill layer=1 tokens=1024 unique=256 refs=6144 sync=12.455 ms plan=0.313 ms stage/compute=149.273 ms misses=256
ds4: Flash-MoE hybrid prefill layer=1 ane_groups=1 ane_refs=65 gpu_i8_groups=0 gpu_i8_refs=0 fp32_groups=0 ane_min_refs=64 concurrent=1 ane_pipeline=1 output_queue=4 async_ane=1 gpu_overlap=255 finishes=1 waits=2
ds4: Flash-MoE overlap plan layer=1 exec_groups=256 planned_ane_groups=1 planned_ane_refs=65 planned_gpu_groups=255 planned_gpu_refs=6079 tail_gpu_groups=0 tail_gpu_refs=0 planned_ssd_groups=256 est_gpu=22399.0 est_ane=162.6 est_idle=99.27% wall=148.864 ms actual_ane_groups=1 actual_ane_refs=65 actual_gpu_groups=0 actual_gpu_refs=0 finishes=1 waits=2 overlap_gpu_groups=255
ds4: Flash-MoE async pread canceled queued=0 reading=0 ready=2530 finished=0
ds4: gpu chunked prefill pos=6144 tokens=1024 layer 1 encode=162.577 ms execute=2.628 ms
ds4: Flash-MoE prefill layer=2 tokens=1024 unique=256 refs=6144 sync=40.442 ms plan=0.349 ms stage/compute=146.027 ms misses=256
ds4: Flash-MoE hybrid prefill layer=2 ane_groups=2 ane_refs=136 gpu_i8_groups=0 gpu_i8_refs=0 fp32_groups=0 ane_min_refs=64 concurrent=1 ane_pipeline=1 output_queue=4 async_ane=2 gpu_overlap=254 finishes=2 waits=4
ds4: Flash-MoE overlap plan layer=2 exec_groups=256 planned_ane_groups=2 planned_ane_refs=136 planned_gpu_groups=254 planned_gpu_refs=6008 tail_gpu_groups=0 tail_gpu_refs=0 planned_ssd_groups=256 est_gpu=22264.0 est_ane=325.2 est_idle=98.54% wall=145.644 ms actual_ane_groups=2 actual_ane_refs=136 actual_gpu_groups=0 actual_gpu_refs=0 finishes=2 waits=4 overlap_gpu_groups=254
ds4: Flash-MoE async pread canceled queued=0 reading=0 ready=2530 finished=0
ds4: gpu chunked prefill pos=6144 tokens=1024 layer 2 encode=187.153 ms execute=2.561 ms
ds4: Flash-MoE prefill layer=3 tokens=1024 unique=238 refs=6144 sync=14.540 ms plan=0.311 ms stage/compute=127.649 ms misses=238
ds4: Flash-MoE hybrid prefill layer=3 ane_groups=7 ane_refs=985 gpu_i8_groups=0 gpu_i8_refs=0 fp32_groups=0 ane_min_refs=64 concurrent=1 ane_pipeline=1 output_queue=4 async_ane=7 gpu_overlap=231 finishes=7 waits=14
ds4: Flash-MoE overlap plan layer=3 exec_groups=238 planned_ane_groups=7 planned_ane_refs=985 planned_gpu_groups=231 planned_gpu_refs=5159 tail_gpu_groups=0 tail_gpu_refs=0 planned_ssd_groups=238 est_gpu=19943.0 est_ane=1140.7 est_idle=94.28% wall=127.224 ms actual_ane_groups=7 actual_ane_refs=985 actual_gpu_groups=0 actual_gpu_refs=0 finishes=7 waits=14 overlap_gpu_groups=231
ds4: Flash-MoE async pread canceled queued=0 reading=0 ready=2535 finished=0
ds4: gpu chunked prefill pos=6144 tokens=1024 layer 3 encode=143.046 ms execute=2.540 ms
ds4: Flash-MoE prefill layer=4 tokens=1024 unique=221 refs=6144 sync=40.120 ms plan=0.372 ms stage/compute=114.079 ms misses=221
ds4: Flash-MoE hybrid prefill layer=4 ane_groups=12 ane_refs=1507 gpu_i8_groups=0 gpu_i8_refs=0 fp32_groups=0 ane_min_refs=64 concurrent=1 ane_pipeline=1 output_queue=4 async_ane=12 gpu_overlap=209 finishes=12 waits=24
ds4: Flash-MoE overlap plan layer=4 exec_groups=221 planned_ane_groups=12 planned_ane_refs=1507 planned_gpu_groups=209 planned_gpu_refs=4637 tail_gpu_groups=0 tail_gpu_refs=0 planned_ssd_groups=221 est_gpu=18013.0 est_ane=1953.6 est_idle=89.15% wall=113.733 ms actual_ane_groups=12 actual_ane_refs=1507 actual_gpu_groups=0 actual_gpu_refs=0 finishes=12 waits=24 overlap_gpu_groups=209
ds4: Flash-MoE async pread canceled queued=0 reading=0 ready=2545 finished=0
ds4: gpu chunked prefill pos=6144 tokens=1024 layer 4 encode=154.846 ms execute=2.537 ms
ds4: Flash-MoE prefill layer=5 tokens=1024 unique=235 refs=6144 sync=14.495 ms plan=0.315 ms stage/compute=122.780 ms misses=235
ds4: Flash-MoE hybrid prefill layer=5 ane_groups=9 ane_refs=1265 gpu_i8_groups=0 gpu_i8_refs=0 fp32_groups=0 ane_min_refs=64 concurrent=1 ane_pipeline=1 output_queue=4 async_ane=9 gpu_overlap=226 finishes=9 waits=18
ds4: Flash-MoE overlap plan layer=5 exec_groups=235 planned_ane_groups=9 planned_ane_refs=1265 planned_gpu_groups=226 planned_gpu_refs=4879 tail_gpu_groups=0 tail_gpu_refs=0 planned_ssd_groups=235 est_gpu=19343.0 est_ane=1465.9 est_idle=92.42% wall=122.417 ms actual_ane_groups=9 actual_ane_refs=1265 actual_gpu_groups=0 actual_gpu_refs=0 finishes=9 waits=18 overlap_gpu_groups=226
ds4: Flash-MoE async pread canceled queued=0 reading=0 ready=2548 finished=0
ds4: gpu chunked prefill pos=6144 tokens=1024 layer 5 encode=138.156 ms execute=2.512 ms
ds4: Flash-MoE prefill layer=6 tokens=1024 unique=218 refs=6144 sync=40.153 ms plan=0.306 ms stage/compute=117.179 ms misses=218
ds4: Flash-MoE hybrid prefill layer=6 ane_groups=11 ane_refs=1342 gpu_i8_groups=0 gpu_i8_refs=0 fp32_groups=0 ane_min_refs=64 concurrent=1 ane_pipeline=1 output_queue=4 async_ane=11 gpu_overlap=207 finishes=11 waits=22
ds4: Flash-MoE overlap plan layer=6 exec_groups=218 planned_ane_groups=11 planned_ane_refs=1342 planned_gpu_groups=207 planned_gpu_refs=4802 tail_gpu_groups=0 tail_gpu_refs=0 planned_ssd_groups=218 est_gpu=18050.0 est_ane=1791.0 est_idle=90.08% wall=116.802 ms actual_ane_groups=11 actual_ane_refs=1342 actual_gpu_groups=0 actual_gpu_refs=0 finishes=11 waits=22 overlap_gpu_groups=207
ds4: Flash-MoE async pread canceled queued=0 reading=0 ready=2554 finished=0
ds4: gpu chunked prefill pos=6144 tokens=1024 layer 6 encode=157.923 ms execute=2.547 ms
ds4: Flash-MoE prefill layer=7 tokens=1024 unique=220 refs=6144 sync=14.526 ms plan=0.292 ms stage/compute=111.705 ms misses=220
ds4: Flash-MoE hybrid prefill layer=7 ane_groups=14 ane_refs=1855 gpu_i8_groups=0 gpu_i8_refs=0 fp32_groups=0 ane_min_refs=64 concurrent=1 ane_pipeline=1 output_queue=4 async_ane=14 gpu_overlap=206 finishes=14 waits=28
ds4: Flash-MoE overlap plan layer=7 exec_groups=220 planned_ane_groups=14 planned_ane_refs=1855 planned_gpu_groups=206 planned_gpu_refs=4289 tail_gpu_groups=0 tail_gpu_refs=0 planned_ssd_groups=220 est_gpu=17473.0 est_ane=2278.8 est_idle=86.96% wall=111.345 ms actual_ane_groups=14 actual_ane_refs=1855 actual_gpu_groups=0 actual_gpu_refs=0 finishes=14 waits=28 overlap_gpu_groups=206
ds4: Flash-MoE async pread canceled queued=0 reading=0 ready=2557 finished=0
ds4: gpu chunked prefill pos=6144 tokens=1024 layer 7 encode=127.097 ms execute=2.491 ms
ds4: Flash-MoE prefill layer=8 tokens=1024 unique=224 refs=6144 sync=40.065 ms plan=0.349 ms stage/compute=115.089 ms misses=224
ds4: Flash-MoE hybrid prefill layer=8 ane_groups=13 ane_refs=1921 gpu_i8_groups=0 gpu_i8_refs=0 fp32_groups=0 ane_min_refs=64 concurrent=1 ane_pipeline=1 output_queue=4 async_ane=13 gpu_overlap=211 finishes=13 waits=26
ds4: Flash-MoE overlap plan layer=8 exec_groups=224 planned_ane_groups=13 planned_ane_refs=1921 planned_gpu_groups=211 planned_gpu_refs=4223 tail_gpu_groups=0 tail_gpu_refs=0 planned_ssd_groups=224 est_gpu=17727.0 est_ane=2118.8 est_idle=88.05% wall=114.689 ms actual_ane_groups=13 actual_ane_refs=1921 actual_gpu_groups=0 actual_gpu_refs=0 finishes=13 waits=26 overlap_gpu_groups=211
ds4: Flash-MoE async pread canceled queued=0 reading=0 ready=2561 finished=0
ds4: gpu chunked prefill pos=6144 tokens=1024 layer 8 encode=155.799 ms execute=2.511 ms
ds4: Flash-MoE prefill layer=9 tokens=1024 unique=227 refs=6144 sync=14.551 ms plan=0.344 ms stage/compute=119.474 ms misses=227
ds4: Flash-MoE hybrid prefill layer=9 ane_groups=10 ane_refs=1134 gpu_i8_groups=0 gpu_i8_refs=0 fp32_groups=0 ane_min_refs=64 concurrent=1 ane_pipeline=1 output_queue=4 async_ane=10 gpu_overlap=217 finishes=10 waits=20
ds4: Flash-MoE overlap plan layer=9 exec_groups=227 planned_ane_groups=10 planned_ane_refs=1134 planned_gpu_groups=217 planned_gpu_refs=5010 tail_gpu_groups=0 tail_gpu_refs=0 planned_ssd_groups=227 est_gpu=18898.0 est_ane=1628.4 est_idle=91.38% wall=119.120 ms actual_ane_groups=10 actual_ane_refs=1134 actual_gpu_groups=0 actual_gpu_refs=0 finishes=10 waits=20 overlap_gpu_groups=217
ds4: Flash-MoE async pread canceled queued=0 reading=0 ready=2565 finished=0
ds4: gpu chunked prefill pos=6144 tokens=1024 layer 9 encode=134.930 ms execute=2.515 ms
ds4: Flash-MoE prefill layer=10 tokens=1024 unique=223 refs=6144 sync=40.381 ms plan=0.321 ms stage/compute=113.752 ms misses=223
ds4: Flash-MoE hybrid prefill layer=10 ane_groups=13 ane_refs=1564 gpu_i8_groups=0 gpu_i8_refs=0 fp32_groups=0 ane_min_refs=64 concurrent=1 ane_pipeline=1 output_queue=4 async_ane=13 gpu_overlap=210 finishes=13 waits=26
ds4: Flash-MoE overlap plan layer=10 exec_groups=223 planned_ane_groups=13 planned_ane_refs=1564 planned_gpu_groups=210 planned_gpu_refs=4580 tail_gpu_groups=0 tail_gpu_refs=0 planned_ssd_groups=223 est_gpu=18020.0 est_ane=2116.2 est_idle=88.26% wall=113.371 ms actual_ane_groups=13 actual_ane_refs=1564 actual_gpu_groups=0 actual_gpu_refs=0 finishes=13 waits=26 overlap_gpu_groups=210
ds4: Flash-MoE async pread canceled queued=0 reading=0 ready=2576 finished=0
ds4: gpu chunked prefill pos=6144 tokens=1024 layer 10 encode=154.759 ms execute=2.647 ms
ds4: Flash-MoE prefill layer=11 tokens=1024 unique=228 refs=6144 sync=14.514 ms plan=0.321 ms stage/compute=116.546 ms misses=228
ds4: Flash-MoE hybrid prefill layer=11 ane_groups=14 ane_refs=1600 gpu_i8_groups=0 gpu_i8_refs=0 fp32_groups=0 ane_min_refs=64 concurrent=1 ane_pipeline=1 output_queue=4 async_ane=14 gpu_overlap=214 finishes=14 waits=28
ds4: Flash-MoE overlap plan layer=11 exec_groups=228 planned_ane_groups=14 planned_ane_refs=1600 planned_gpu_groups=214 planned_gpu_refs=4544 tail_gpu_groups=0 tail_gpu_refs=0 planned_ssd_groups=228 est_gpu=18240.0 est_ane=2276.2 est_idle=87.52% wall=116.162 ms actual_ane_groups=14 actual_ane_refs=1600 actual_gpu_groups=0 actual_gpu_refs=0 finishes=14 waits=28 overlap_gpu_groups=214
ds4: Flash-MoE async pread canceled queued=0 reading=0 ready=2579 finished=0
ds4: gpu chunked prefill pos=6144 tokens=1024 layer 11 encode=131.946 ms execute=2.651 ms
ds4: Flash-MoE prefill layer=12 tokens=1024 unique=200 refs=6144 sync=40.277 ms plan=0.360 ms stage/compute=106.746 ms misses=200
ds4: Flash-MoE hybrid prefill layer=12 ane_groups=17 ane_refs=1823 gpu_i8_groups=0 gpu_i8_refs=0 fp32_groups=0 ane_min_refs=64 concurrent=1 ane_pipeline=1 output_queue=4 async_ane=17 gpu_overlap=183 finishes=17 waits=34
ds4: Flash-MoE overlap plan layer=12 exec_groups=200 planned_ane_groups=17 planned_ane_refs=1823 planned_gpu_groups=183 planned_gpu_refs=4321 tail_gpu_groups=0 tail_gpu_refs=0 planned_ssd_groups=200 est_gpu=16033.0 est_ane=2764.0 est_idle=82.76% wall=106.401 ms actual_ane_groups=17 actual_ane_refs=1823 actual_gpu_groups=0 actual_gpu_refs=0 finishes=17 waits=34 overlap_gpu_groups=183
ds4: Flash-MoE async pread canceled queued=0 reading=0 ready=2587 finished=0
ds4: gpu chunked prefill pos=6144 tokens=1024 layer 12 encode=147.750 ms execute=2.563 ms
ds4: Flash-MoE prefill layer=13 tokens=1024 unique=205 refs=6144 sync=14.575 ms plan=0.346 ms stage/compute=102.746 ms misses=205
ds4: Flash-MoE hybrid prefill layer=13 ane_groups=14 ane_refs=2021 gpu_i8_groups=0 gpu_i8_refs=0 fp32_groups=0 ane_min_refs=64 concurrent=1 ane_pipeline=1 output_queue=4 async_ane=14 gpu_overlap=191 finishes=14 waits=28
ds4: Flash-MoE overlap plan layer=13 exec_groups=205 planned_ane_groups=14 planned_ane_refs=2021 planned_gpu_groups=191 planned_gpu_refs=4123 tail_gpu_groups=0 tail_gpu_refs=0 planned_ssd_groups=205 est_gpu=16347.0 est_ane=2278.8 est_idle=86.06% wall=102.407 ms actual_ane_groups=14 actual_ane_refs=2021 actual_gpu_groups=0 actual_gpu_refs=0 finishes=14 waits=28 overlap_gpu_groups=191
ds4: Flash-MoE async pread canceled queued=0 reading=0 ready=2595 finished=0
ds4: gpu chunked prefill pos=6144 tokens=1024 layer 13 encode=118.256 ms execute=2.512 ms
ds4: Flash-MoE prefill layer=14 tokens=1024 unique=209 refs=6144 sync=40.557 ms plan=0.324 ms stage/compute=103.393 ms misses=209
ds4: Flash-MoE hybrid prefill layer=14 ane_groups=16 ane_refs=2098 gpu_i8_groups=0 gpu_i8_refs=0 fp32_groups=0 ane_min_refs=64 concurrent=1 ane_pipeline=1 output_queue=4 async_ane=16 gpu_overlap=193 finishes=16 waits=32
ds4: Flash-MoE overlap plan layer=14 exec_groups=209 planned_ane_groups=16 planned_ane_refs=2098 planned_gpu_groups=193 planned_gpu_refs=4046 tail_gpu_groups=0 tail_gpu_refs=0 planned_ssd_groups=209 est_gpu=16398.0 est_ane=2604.0 est_idle=84.12% wall=103.012 ms actual_ane_groups=16 actual_ane_refs=2098 actual_gpu_groups=0 actual_gpu_refs=0 finishes=16 waits=32 overlap_gpu_groups=193
ds4: Flash-MoE async pread canceled queued=0 reading=0 ready=2600 finished=0
ds4: gpu chunked prefill pos=6144 tokens=1024 layer 14 encode=144.542 ms execute=2.518 ms
ds4: Flash-MoE prefill layer=15 tokens=1024 unique=187 refs=6144 sync=14.525 ms plan=0.307 ms stage/compute=93.769 ms misses=187
ds4: Flash-MoE hybrid prefill layer=15 ane_groups=17 ane_refs=2232 gpu_i8_groups=0 gpu_i8_refs=0 fp32_groups=0 ane_min_refs=64 concurrent=1 ane_pipeline=1 output_queue=4 async_ane=17 gpu_overlap=170 finishes=17 waits=34
ds4: Flash-MoE overlap plan layer=15 exec_groups=187 planned_ane_groups=17 planned_ane_refs=2232 planned_gpu_groups=170 planned_gpu_refs=3912 tail_gpu_groups=0 tail_gpu_refs=0 planned_ssd_groups=187 est_gpu=14792.0 est_ane=2766.5 est_idle=81.30% wall=93.433 ms actual_ane_groups=17 actual_ane_refs=2232 actual_gpu_groups=0 actual_gpu_refs=0 finishes=17 waits=34 overlap_gpu_groups=170
ds4: Flash-MoE async pread canceled queued=0 reading=0 ready=2616 finished=0
ds4: gpu chunked prefill pos=6144 tokens=1024 layer 15 encode=109.149 ms execute=2.526 ms
ds4: Flash-MoE prefill layer=16 tokens=1024 unique=193 refs=6144 sync=40.105 ms plan=0.373 ms stage/compute=99.019 ms misses=193
ds4: Flash-MoE hybrid prefill layer=16 ane_groups=14 ane_refs=2124 gpu_i8_groups=0 gpu_i8_refs=0 fp32_groups=0 ane_min_refs=64 concurrent=1 ane_pipeline=1 output_queue=4 async_ane=14 gpu_overlap=179 finishes=14 waits=28
ds4: Flash-MoE overlap plan layer=16 exec_groups=193 planned_ane_groups=14 planned_ane_refs=2124 planned_gpu_groups=179 planned_gpu_refs=4020 tail_gpu_groups=0 tail_gpu_refs=0 planned_ssd_groups=193 est_gpu=15476.0 est_ane=2281.4 est_idle=85.26% wall=98.658 ms actual_ane_groups=14 actual_ane_refs=2124 actual_gpu_groups=0 actual_gpu_refs=0 finishes=14 waits=28 overlap_gpu_groups=179
ds4: Flash-MoE async pread canceled queued=0 reading=0 ready=2630 finished=0
ds4: gpu chunked prefill pos=6144 tokens=1024 layer 16 encode=139.767 ms execute=2.618 ms
ds4: Flash-MoE prefill layer=17 tokens=1024 unique=199 refs=6144 sync=14.611 ms plan=0.317 ms stage/compute=98.906 ms misses=199
ds4: Flash-MoE hybrid prefill layer=17 ane_groups=12 ane_refs=2048 gpu_i8_groups=0 gpu_i8_refs=0 fp32_groups=0 ane_min_refs=64 concurrent=1 ane_pipeline=1 output_queue=4 async_ane=12 gpu_overlap=187 finishes=12 waits=24
ds4: Flash-MoE overlap plan layer=17 exec_groups=199 planned_ane_groups=12 planned_ane_refs=2048 planned_gpu_groups=187 planned_gpu_refs=4096 tail_gpu_groups=0 tail_gpu_refs=0 planned_ssd_groups=199 est_gpu=16064.0 est_ane=1958.8 est_idle=87.81% wall=98.574 ms actual_ane_groups=12 actual_ane_refs=2048 actual_gpu_groups=0 actual_gpu_refs=0 finishes=12 waits=24 overlap_gpu_groups=187
ds4: Flash-MoE async pread canceled queued=0 reading=0 ready=2647 finished=0
ds4: gpu chunked prefill pos=6144 tokens=1024 layer 17 encode=114.490 ms execute=2.512 ms
ds4: Flash-MoE prefill layer=18 tokens=1024 unique=185 refs=6144 sync=40.355 ms plan=0.312 ms stage/compute=93.752 ms misses=185
ds4: Flash-MoE hybrid prefill layer=18 ane_groups=14 ane_refs=2279 gpu_i8_groups=0 gpu_i8_refs=0 fp32_groups=0 ane_min_refs=64 concurrent=1 ane_pipeline=1 output_queue=4 async_ane=14 gpu_overlap=171 finishes=14 waits=28
ds4: Flash-MoE overlap plan layer=18 exec_groups=185 planned_ane_groups=14 planned_ane_refs=2279 planned_gpu_groups=171 planned_gpu_refs=3865 tail_gpu_groups=0 tail_gpu_refs=0 planned_ssd_groups=185 est_gpu=14809.0 est_ane=2284.0 est_idle=84.58% wall=93.417 ms actual_ane_groups=14 actual_ane_refs=2279 actual_gpu_groups=0 actual_gpu_refs=0 finishes=14 waits=28 overlap_gpu_groups=171
ds4: Flash-MoE async pread canceled queued=0 reading=0 ready=2663 finished=0
ds4: gpu chunked prefill pos=6144 tokens=1024 layer 18 encode=134.682 ms execute=2.507 ms
ds4: Flash-MoE prefill layer=19 tokens=1024 unique=223 refs=6144 sync=14.474 ms plan=0.281 ms stage/compute=117.338 ms misses=223
ds4: Flash-MoE hybrid prefill layer=19 ane_groups=10 ane_refs=1241 gpu_i8_groups=0 gpu_i8_refs=0 fp32_groups=0 ane_min_refs=64 concurrent=1 ane_pipeline=1 output_queue=4 async_ane=10 gpu_overlap=213 finishes=10 waits=20
ds4: Flash-MoE overlap plan layer=19 exec_groups=223 planned_ane_groups=10 planned_ane_refs=1241 planned_gpu_groups=213 planned_gpu_refs=4903 tail_gpu_groups=0 tail_gpu_refs=0 planned_ssd_groups=223 est_gpu=18535.0 est_ane=1625.9 est_idle=91.23% wall=116.969 ms actual_ane_groups=10 actual_ane_refs=1241 actual_gpu_groups=0 actual_gpu_refs=0 finishes=10 waits=20 overlap_gpu_groups=213
ds4: Flash-MoE async pread canceled queued=0 reading=0 ready=2666 finished=0
ds4: gpu chunked prefill pos=6144 tokens=1024 layer 19 encode=132.657 ms execute=2.576 ms
ds4: Flash-MoE prefill layer=20 tokens=1024 unique=179 refs=6144 sync=40.211 ms plan=0.380 ms stage/compute=93.473 ms misses=179
ds4: Flash-MoE hybrid prefill layer=20 ane_groups=15 ane_refs=2142 gpu_i8_groups=0 gpu_i8_refs=0 fp32_groups=0 ane_min_refs=64 concurrent=1 ane_pipeline=1 output_queue=4 async_ane=15 gpu_overlap=164 finishes=15 waits=30
ds4: Flash-MoE overlap plan layer=20 exec_groups=179 planned_ane_groups=15 planned_ane_refs=2142 planned_gpu_groups=164 planned_gpu_refs=4002 tail_gpu_groups=0 tail_gpu_refs=0 planned_ssd_groups=179 est_gpu=14498.0 est_ane=2444.0 est_idle=83.14% wall=93.153 ms actual_ane_groups=15 actual_ane_refs=2142 actual_gpu_groups=0 actual_gpu_refs=0 finishes=15 waits=30 overlap_gpu_groups=164
ds4: Flash-MoE async pread canceled queued=0 reading=0 ready=2679 finished=0
ds4: gpu chunked prefill pos=6144 tokens=1024 layer 20 encode=134.335 ms execute=2.513 ms
ds4: Flash-MoE prefill layer=21 tokens=1024 unique=196 refs=6144 sync=14.633 ms plan=0.328 ms stage/compute=103.823 ms misses=196
ds4: Flash-MoE hybrid prefill layer=21 ane_groups=14 ane_refs=1753 gpu_i8_groups=0 gpu_i8_refs=0 fp32_groups=0 ane_min_refs=64 concurrent=1 ane_pipeline=1 output_queue=4 async_ane=14 gpu_overlap=182 finishes=14 waits=28
ds4: Flash-MoE overlap plan layer=21 exec_groups=196 planned_ane_groups=14 planned_ane_refs=1753 planned_gpu_groups=182 planned_gpu_refs=4391 tail_gpu_groups=0 tail_gpu_refs=0 planned_ssd_groups=196 est_gpu=16039.0 est_ane=2278.8 est_idle=85.79% wall=103.463 ms actual_ane_groups=14 actual_ane_refs=1753 actual_gpu_groups=0 actual_gpu_refs=0 finishes=14 waits=28 overlap_gpu_groups=182
ds4: Flash-MoE async pread canceled queued=0 reading=0 ready=2687 finished=0
ds4: gpu chunked prefill pos=6144 tokens=1024 layer 21 encode=119.345 ms execute=2.527 ms
ds4: Flash-MoE prefill layer=22 tokens=1024 unique=194 refs=6144 sync=40.018 ms plan=0.412 ms stage/compute=99.124 ms misses=194
ds4: Flash-MoE hybrid prefill layer=22 ane_groups=14 ane_refs=1961 gpu_i8_groups=0 gpu_i8_refs=0 fp32_groups=0 ane_min_refs=64 concurrent=1 ane_pipeline=1 output_queue=4 async_ane=14 gpu_overlap=180 finishes=14 waits=28
ds4: Flash-MoE overlap plan layer=22 exec_groups=194 planned_ane_groups=14 planned_ane_refs=1961 planned_gpu_groups=180 planned_gpu_refs=4183 tail_gpu_groups=0 tail_gpu_refs=0 planned_ssd_groups=194 est_gpu=15703.0 est_ane=2278.8 est_idle=85.49% wall=98.791 ms actual_ane_groups=14 actual_ane_refs=1961 actual_gpu_groups=0 actual_gpu_refs=0 finishes=14 waits=28 overlap_gpu_groups=180
ds4: Flash-MoE async pread canceled queued=0 reading=0 ready=2697 finished=0
ds4: gpu chunked prefill pos=6144 tokens=1024 layer 22 encode=139.862 ms execute=2.560 ms
ds4: Flash-MoE prefill layer=23 tokens=1024 unique=208 refs=6144 sync=14.407 ms plan=0.323 ms stage/compute=108.536 ms misses=208
ds4: Flash-MoE hybrid prefill layer=23 ane_groups=14 ane_refs=1568 gpu_i8_groups=0 gpu_i8_refs=0 fp32_groups=0 ane_min_refs=64 concurrent=1 ane_pipeline=1 output_queue=4 async_ane=14 gpu_overlap=194 finishes=14 waits=28
ds4: Flash-MoE overlap plan layer=23 exec_groups=208 planned_ane_groups=14 planned_ane_refs=1568 planned_gpu_groups=194 planned_gpu_refs=4576 tail_gpu_groups=0 tail_gpu_refs=0 planned_ssd_groups=208 est_gpu=16992.0 est_ane=2276.2 est_idle=86.60% wall=108.186 ms actual_ane_groups=14 actual_ane_refs=1568 actual_gpu_groups=0 actual_gpu_refs=0 finishes=14 waits=28 overlap_gpu_groups=194
ds4: Flash-MoE async pread canceled queued=0 reading=0 ready=2706 finished=0
ds4: gpu chunked prefill pos=6144 tokens=1024 layer 23 encode=123.826 ms execute=2.528 ms
ds4: Flash-MoE prefill layer=24 tokens=1024 unique=193 refs=6144 sync=40.091 ms plan=0.296 ms stage/compute=100.951 ms misses=193
ds4: Flash-MoE hybrid prefill layer=24 ane_groups=14 ane_refs=1888 gpu_i8_groups=0 gpu_i8_refs=0 fp32_groups=0 ane_min_refs=64 concurrent=1 ane_pipeline=1 output_queue=4 async_ane=14 gpu_overlap=179 finishes=14 waits=28
ds4: Flash-MoE overlap plan layer=24 exec_groups=193 planned_ane_groups=14 planned_ane_refs=1888 planned_gpu_groups=179 planned_gpu_refs=4256 tail_gpu_groups=0 tail_gpu_refs=0 planned_ssd_groups=193 est_gpu=15712.0 est_ane=2278.8 est_idle=85.50% wall=100.603 ms actual_ane_groups=14 actual_ane_refs=1888 actual_gpu_groups=0 actual_gpu_refs=0 finishes=14 waits=28 overlap_gpu_groups=179
ds4: Flash-MoE async pread canceled queued=0 reading=0 ready=2715 finished=0
ds4: gpu chunked prefill pos=6144 tokens=1024 layer 24 encode=141.626 ms execute=2.526 ms
ds4: Flash-MoE prefill layer=25 tokens=1024 unique=208 refs=6144 sync=14.440 ms plan=0.345 ms stage/compute=110.222 ms misses=208
ds4: Flash-MoE hybrid prefill layer=25 ane_groups=14 ane_refs=1547 gpu_i8_groups=0 gpu_i8_refs=0 fp32_groups=0 ane_min_refs=64 concurrent=1 ane_pipeline=1 output_queue=4 async_ane=14 gpu_overlap=194 finishes=14 waits=28
ds4: Flash-MoE overlap plan layer=25 exec_groups=208 planned_ane_groups=14 planned_ane_refs=1547 planned_gpu_groups=194 planned_gpu_refs=4597 tail_gpu_groups=0 tail_gpu_refs=0 planned_ssd_groups=208 est_gpu=17013.0 est_ane=2276.2 est_idle=86.62% wall=109.878 ms actual_ane_groups=14 actual_ane_refs=1547 actual_gpu_groups=0 actual_gpu_refs=0 finishes=14 waits=28 overlap_gpu_groups=194
ds4: Flash-MoE async pread canceled queued=0 reading=0 ready=2727 finished=0
ds4: gpu chunked prefill pos=6144 tokens=1024 layer 25 encode=125.616 ms execute=2.575 ms
ds4: Flash-MoE prefill layer=26 tokens=1024 unique=185 refs=6144 sync=40.037 ms plan=0.348 ms stage/compute=95.541 ms misses=185
ds4: Flash-MoE hybrid prefill layer=26 ane_groups=15 ane_refs=2289 gpu_i8_groups=0 gpu_i8_refs=0 fp32_groups=0 ane_min_refs=64 concurrent=1 ane_pipeline=1 output_queue=4 async_ane=15 gpu_overlap=170 finishes=15 waits=30
ds4: Flash-MoE overlap plan layer=26 exec_groups=185 planned_ane_groups=15 planned_ane_refs=2289 planned_gpu_groups=170 planned_gpu_refs=3855 tail_gpu_groups=0 tail_gpu_refs=0 planned_ssd_groups=185 est_gpu=14735.0 est_ane=2444.0 est_idle=83.41% wall=95.211 ms actual_ane_groups=15 actual_ane_refs=2289 actual_gpu_groups=0 actual_gpu_refs=0 finishes=15 waits=30 overlap_gpu_groups=170
ds4: Flash-MoE async pread canceled queued=0 reading=0 ready=2736 finished=0
ds4: gpu chunked prefill pos=6144 tokens=1024 layer 26 encode=136.289 ms execute=2.573 ms
ds4: Flash-MoE prefill layer=27 tokens=1024 unique=202 refs=6144 sync=14.520 ms plan=0.323 ms stage/compute=105.467 ms misses=202
ds4: Flash-MoE hybrid prefill layer=27 ane_groups=15 ane_refs=1843 gpu_i8_groups=0 gpu_i8_refs=0 fp32_groups=0 ane_min_refs=64 concurrent=1 ane_pipeline=1 output_queue=4 async_ane=15 gpu_overlap=187 finishes=15 waits=30
ds4: Flash-MoE overlap plan layer=27 exec_groups=202 planned_ane_groups=15 planned_ane_refs=1843 planned_gpu_groups=187 planned_gpu_refs=4301 tail_gpu_groups=0 tail_gpu_refs=0 planned_ssd_groups=202 est_gpu=16269.0 est_ane=2441.4 est_idle=84.99% wall=105.108 ms actual_ane_groups=15 actual_ane_refs=1843 actual_gpu_groups=0 actual_gpu_refs=0 finishes=15 waits=30 overlap_gpu_groups=187
ds4: Flash-MoE async pread canceled queued=0 reading=0 ready=2747 finished=0
ds4: gpu chunked prefill pos=6144 tokens=1024 layer 27 encode=120.897 ms execute=2.519 ms
ds4: Flash-MoE prefill layer=28 tokens=1024 unique=194 refs=6144 sync=40.014 ms plan=0.333 ms stage/compute=102.268 ms misses=194
ds4: Flash-MoE hybrid prefill layer=28 ane_groups=14 ane_refs=1720 gpu_i8_groups=0 gpu_i8_refs=0 fp32_groups=0 ane_min_refs=64 concurrent=1 ane_pipeline=1 output_queue=4 async_ane=14 gpu_overlap=180 finishes=14 waits=28
ds4: Flash-MoE overlap plan layer=28 exec_groups=194 planned_ane_groups=14 planned_ane_refs=1720 planned_gpu_groups=180 planned_gpu_refs=4424 tail_gpu_groups=0 tail_gpu_refs=0 planned_ssd_groups=194 est_gpu=15944.0 est_ane=2276.2 est_idle=85.72% wall=101.938 ms actual_ane_groups=14 actual_ane_refs=1720 actual_gpu_groups=0 actual_gpu_refs=0 finishes=14 waits=28 overlap_gpu_groups=180
ds4: Flash-MoE async pread canceled queued=0 reading=0 ready=2761 finished=0
ds4: gpu chunked prefill pos=6144 tokens=1024 layer 28 encode=142.900 ms execute=2.529 ms
ds4: Flash-MoE prefill layer=29 tokens=1024 unique=186 refs=6144 sync=14.437 ms plan=0.336 ms stage/compute=99.353 ms misses=186
ds4: Flash-MoE hybrid prefill layer=29 ane_groups=15 ane_refs=1884 gpu_i8_groups=0 gpu_i8_refs=0 fp32_groups=0 ane_min_refs=64 concurrent=1 ane_pipeline=1 output_queue=4 async_ane=15 gpu_overlap=171 finishes=15 waits=30
ds4: Flash-MoE overlap plan layer=29 exec_groups=186 planned_ane_groups=15 planned_ane_refs=1884 planned_gpu_groups=171 planned_gpu_refs=4260 tail_gpu_groups=0 tail_gpu_refs=0 planned_ssd_groups=186 est_gpu=15204.0 est_ane=2441.4 est_idle=83.94% wall=99.034 ms actual_ane_groups=15 actual_ane_refs=1884 actual_gpu_groups=0 actual_gpu_refs=0 finishes=15 waits=30 overlap_gpu_groups=171
ds4: Flash-MoE async pread canceled queued=0 reading=0 ready=2777 finished=0
ds4: gpu chunked prefill pos=6144 tokens=1024 layer 29 encode=114.682 ms execute=2.572 ms
ds4: Flash-MoE prefill layer=30 tokens=1024 unique=201 refs=6144 sync=40.139 ms plan=0.323 ms stage/compute=106.270 ms misses=201
ds4: Flash-MoE hybrid prefill layer=30 ane_groups=16 ane_refs=1759 gpu_i8_groups=0 gpu_i8_refs=0 fp32_groups=0 ane_min_refs=64 concurrent=1 ane_pipeline=1 output_queue=4 async_ane=16 gpu_overlap=185 finishes=16 waits=32
ds4: Flash-MoE overlap plan layer=30 exec_groups=201 planned_ane_groups=16 planned_ane_refs=1759 planned_gpu_groups=185 planned_gpu_refs=4385 tail_gpu_groups=0 tail_gpu_refs=0 planned_ssd_groups=201 est_gpu=16225.0 est_ane=2601.4 est_idle=83.97% wall=105.887 ms actual_ane_groups=16 actual_ane_refs=1759 actual_gpu_groups=0 actual_gpu_refs=0 finishes=16 waits=32 overlap_gpu_groups=185
ds4: Flash-MoE async pread canceled queued=0 reading=0 ready=2789 finished=0
ds4: gpu chunked prefill pos=6144 tokens=1024 layer 30 encode=147.014 ms execute=2.554 ms
ds4: Flash-MoE prefill layer=31 tokens=1024 unique=197 refs=6144 sync=14.423 ms plan=0.314 ms stage/compute=101.633 ms misses=197
ds4: Flash-MoE hybrid prefill layer=31 ane_groups=17 ane_refs=1902 gpu_i8_groups=0 gpu_i8_refs=0 fp32_groups=0 ane_min_refs=64 concurrent=1 ane_pipeline=1 output_queue=4 async_ane=17 gpu_overlap=180 finishes=17 waits=34
ds4: Flash-MoE overlap plan layer=31 exec_groups=197 planned_ane_groups=17 planned_ane_refs=1902 planned_gpu_groups=180 planned_gpu_refs=4242 tail_gpu_groups=0 tail_gpu_refs=0 planned_ssd_groups=197 est_gpu=15762.0 est_ane=2764.0 est_idle=82.46% wall=101.304 ms actual_ane_groups=17 actual_ane_refs=1902 actual_gpu_groups=0 actual_gpu_refs=0 finishes=17 waits=34 overlap_gpu_groups=180
ds4: Flash-MoE async pread canceled queued=0 reading=0 ready=2798 finished=0
ds4: gpu chunked prefill pos=6144 tokens=1024 layer 31 encode=116.907 ms execute=2.532 ms
ds4: Flash-MoE prefill layer=32 tokens=1024 unique=192 refs=6144 sync=39.982 ms plan=0.329 ms stage/compute=99.614 ms misses=192
ds4: Flash-MoE hybrid prefill layer=32 ane_groups=13 ane_refs=1923 gpu_i8_groups=0 gpu_i8_refs=0 fp32_groups=0 ane_min_refs=64 concurrent=1 ane_pipeline=1 output_queue=4 async_ane=13 gpu_overlap=179 finishes=13 waits=26
ds4: Flash-MoE overlap plan layer=32 exec_groups=192 planned_ane_groups=13 planned_ane_refs=1923 planned_gpu_groups=179 planned_gpu_refs=4221 tail_gpu_groups=0 tail_gpu_refs=0 planned_ssd_groups=192 est_gpu=15677.0 est_ane=2118.8 est_idle=86.48% wall=99.278 ms actual_ane_groups=13 actual_ane_refs=1923 actual_gpu_groups=0 actual_gpu_refs=0 finishes=13 waits=26 overlap_gpu_groups=179
ds4: Flash-MoE async pread canceled queued=0 reading=0 ready=2811 finished=0
ds4: gpu chunked prefill pos=6144 tokens=1024 layer 32 encode=140.196 ms execute=2.526 ms
ds4: Flash-MoE prefill layer=33 tokens=1024 unique=177 refs=6144 sync=14.670 ms plan=0.317 ms stage/compute=93.270 ms misses=177
ds4: Flash-MoE hybrid prefill layer=33 ane_groups=15 ane_refs=2170 gpu_i8_groups=0 gpu_i8_refs=0 fp32_groups=0 ane_min_refs=64 concurrent=1 ane_pipeline=1 output_queue=4 async_ane=15 gpu_overlap=162 finishes=15 waits=30
ds4: Flash-MoE overlap plan layer=33 exec_groups=177 planned_ane_groups=15 planned_ane_refs=2170 planned_gpu_groups=162 planned_gpu_refs=3974 tail_gpu_groups=0 tail_gpu_refs=0 planned_ssd_groups=177 est_gpu=14342.0 est_ane=2438.8 est_idle=83.00% wall=92.930 ms actual_ane_groups=15 actual_ane_refs=2170 actual_gpu_groups=0 actual_gpu_refs=0 finishes=15 waits=30 overlap_gpu_groups=162
ds4: Flash-MoE async pread canceled queued=0 reading=0 ready=2825 finished=0
ds4: gpu chunked prefill pos=6144 tokens=1024 layer 33 encode=108.909 ms execute=2.653 ms
ds4: Flash-MoE prefill layer=34 tokens=1024 unique=186 refs=6144 sync=39.936 ms plan=0.326 ms stage/compute=95.272 ms misses=186
ds4: Flash-MoE hybrid prefill layer=34 ane_groups=12 ane_refs=2426 gpu_i8_groups=0 gpu_i8_refs=0 fp32_groups=0 ane_min_refs=64 concurrent=1 ane_pipeline=1 output_queue=4 async_ane=12 gpu_overlap=174 finishes=12 waits=24
ds4: Flash-MoE overlap plan layer=34 exec_groups=186 planned_ane_groups=12 planned_ane_refs=2426 planned_gpu_groups=174 planned_gpu_refs=3718 tail_gpu_groups=0 tail_gpu_refs=0 planned_ssd_groups=186 est_gpu=14854.0 est_ane=1958.8 est_idle=86.81% wall=94.923 ms actual_ane_groups=12 actual_ane_refs=2426 actual_gpu_groups=0 actual_gpu_refs=0 finishes=12 waits=24 overlap_gpu_groups=174
ds4: Flash-MoE async pread canceled queued=0 reading=0 ready=2838 finished=0
ds4: gpu chunked prefill pos=6144 tokens=1024 layer 34 encode=135.832 ms execute=2.528 ms
ds4: Flash-MoE prefill layer=35 tokens=1024 unique=187 refs=6144 sync=14.398 ms plan=0.328 ms stage/compute=96.882 ms misses=187
ds4: Flash-MoE hybrid prefill layer=35 ane_groups=14 ane_refs=2148 gpu_i8_groups=0 gpu_i8_refs=0 fp32_groups=0 ane_min_refs=64 concurrent=1 ane_pipeline=1 output_queue=4 async_ane=14 gpu_overlap=173 finishes=14 waits=28
ds4: Flash-MoE overlap plan layer=35 exec_groups=187 planned_ane_groups=14 planned_ane_refs=2148 planned_gpu_groups=173 planned_gpu_refs=3996 tail_gpu_groups=0 tail_gpu_refs=0 planned_ssd_groups=187 est_gpu=15068.0 est_ane=2281.4 est_idle=84.86% wall=96.536 ms actual_ane_groups=14 actual_ane_refs=2148 actual_gpu_groups=0 actual_gpu_refs=0 finishes=14 waits=28 overlap_gpu_groups=173
ds4: Flash-MoE async pread canceled queued=0 reading=0 ready=2855 finished=0
ds4: gpu chunked prefill pos=6144 tokens=1024 layer 35 encode=112.143 ms execute=2.552 ms
ds4: Flash-MoE prefill layer=36 tokens=1024 unique=186 refs=6144 sync=40.033 ms plan=0.307 ms stage/compute=90.780 ms misses=186
ds4: Flash-MoE hybrid prefill layer=36 ane_groups=14 ane_refs=2464 gpu_i8_groups=0 gpu_i8_refs=0 fp32_groups=0 ane_min_refs=64 concurrent=1 ane_pipeline=1 output_queue=4 async_ane=14 gpu_overlap=172 finishes=14 waits=28
ds4: Flash-MoE overlap plan layer=36 exec_groups=186 planned_ane_groups=14 planned_ane_refs=2464 planned_gpu_groups=172 planned_gpu_refs=3680 tail_gpu_groups=0 tail_gpu_refs=0 planned_ssd_groups=186 est_gpu=14688.0 est_ane=2281.4 est_idle=84.47% wall=90.433 ms actual_ane_groups=14 actual_ane_refs=2464 actual_gpu_groups=0 actual_gpu_refs=0 finishes=14 waits=28 overlap_gpu_groups=172
ds4: Flash-MoE async pread canceled queued=0 reading=0 ready=2865 finished=0
ds4: gpu chunked prefill pos=6144 tokens=1024 layer 36 encode=131.386 ms execute=2.511 ms
ds4: Flash-MoE prefill layer=37 tokens=1024 unique=185 refs=6144 sync=14.668 ms plan=0.312 ms stage/compute=92.980 ms misses=185
ds4: Flash-MoE hybrid prefill layer=37 ane_groups=16 ane_refs=2349 gpu_i8_groups=0 gpu_i8_refs=0 fp32_groups=0 ane_min_refs=64 concurrent=1 ane_pipeline=1 output_queue=4 async_ane=16 gpu_overlap=169 finishes=16 waits=32
ds4: Flash-MoE overlap plan layer=37 exec_groups=185 planned_ane_groups=16 planned_ane_refs=2349 planned_gpu_groups=169 planned_gpu_refs=3795 tail_gpu_groups=0 tail_gpu_refs=0 planned_ssd_groups=185 est_gpu=14611.0 est_ane=2606.5 est_idle=82.16% wall=92.661 ms actual_ane_groups=16 actual_ane_refs=2349 actual_gpu_groups=0 actual_gpu_refs=0 finishes=16 waits=32 overlap_gpu_groups=169
ds4: Flash-MoE async pread canceled queued=0 reading=0 ready=2878 finished=0
ds4: gpu chunked prefill pos=6144 tokens=1024 layer 37 encode=108.556 ms execute=2.551 ms
ds4: Flash-MoE prefill layer=38 tokens=1024 unique=201 refs=6144 sync=40.296 ms plan=0.382 ms stage/compute=101.849 ms misses=201
ds4: Flash-MoE hybrid prefill layer=38 ane_groups=15 ane_refs=2105 gpu_i8_groups=0 gpu_i8_refs=0 fp32_groups=0 ane_min_refs=64 concurrent=1 ane_pipeline=1 output_queue=4 async_ane=15 gpu_overlap=186 finishes=15 waits=30
ds4: Flash-MoE overlap plan layer=38 exec_groups=201 planned_ane_groups=15 planned_ane_refs=2105 planned_gpu_groups=186 planned_gpu_refs=4039 tail_gpu_groups=0 tail_gpu_refs=0 planned_ssd_groups=201 est_gpu=15943.0 est_ane=2441.4 est_idle=84.69% wall=101.471 ms actual_ane_groups=15 actual_ane_refs=2105 actual_gpu_groups=0 actual_gpu_refs=0 finishes=15 waits=30 overlap_gpu_groups=186
ds4: Flash-MoE async pread canceled queued=0 reading=0 ready=2893 finished=0
ds4: gpu chunked prefill pos=6144 tokens=1024 layer 38 encode=142.852 ms execute=2.609 ms
ds4: Flash-MoE prefill layer=39 tokens=1024 unique=204 refs=6144 sync=14.427 ms plan=0.324 ms stage/compute=103.200 ms misses=204
ds4: Flash-MoE hybrid prefill layer=39 ane_groups=13 ane_refs=1839 gpu_i8_groups=0 gpu_i8_refs=0 fp32_groups=0 ane_min_refs=64 concurrent=1 ane_pipeline=1 output_queue=4 async_ane=13 gpu_overlap=191 finishes=13 waits=26
ds4: Flash-MoE overlap plan layer=39 exec_groups=204 planned_ane_groups=13 planned_ane_refs=1839 planned_gpu_groups=191 planned_gpu_refs=4305 tail_gpu_groups=0 tail_gpu_refs=0 planned_ssd_groups=204 est_gpu=16529.0 est_ane=2118.8 est_idle=87.18% wall=102.867 ms actual_ane_groups=13 actual_ane_refs=1839 actual_gpu_groups=0 actual_gpu_refs=0 finishes=13 waits=26 overlap_gpu_groups=191
ds4: Flash-MoE async pread canceled queued=0 reading=0 ready=2903 finished=0
ds4: gpu chunked prefill pos=6144 tokens=1024 layer 39 encode=118.459 ms execute=2.525 ms
ds4: Flash-MoE prefill layer=40 tokens=1024 unique=152 refs=6144 sync=40.105 ms plan=0.323 ms stage/compute=84.103 ms misses=152
ds4: Flash-MoE hybrid prefill layer=40 ane_groups=12 ane_refs=2552 gpu_i8_groups=0 gpu_i8_refs=0 fp32_groups=0 ane_min_refs=64 concurrent=1 ane_pipeline=1 output_queue=4 async_ane=12 gpu_overlap=140 finishes=12 waits=24
ds4: Flash-MoE overlap plan layer=40 exec_groups=152 planned_ane_groups=12 planned_ane_refs=2552 planned_gpu_groups=140 planned_gpu_refs=3592 tail_gpu_groups=0 tail_gpu_refs=0 planned_ssd_groups=152 est_gpu=12552.0 est_ane=1961.4 est_idle=84.37% wall=83.805 ms actual_ane_groups=12 actual_ane_refs=2552 actual_gpu_groups=0 actual_gpu_refs=0 finishes=12 waits=24 overlap_gpu_groups=140
ds4: Flash-MoE async pread canceled queued=0 reading=0 ready=2925 finished=0
ds4: gpu chunked prefill pos=6144 tokens=1024 layer 40 encode=124.805 ms execute=2.598 ms
ds4: Flash-MoE prefill layer=41 tokens=1024 unique=175 refs=6144 sync=14.458 ms plan=0.379 ms stage/compute=95.594 ms misses=175
ds4: Flash-MoE hybrid prefill layer=41 ane_groups=14 ane_refs=1811 gpu_i8_groups=0 gpu_i8_refs=0 fp32_groups=0 ane_min_refs=64 concurrent=1 ane_pipeline=1 output_queue=4 async_ane=14 gpu_overlap=161 finishes=14 waits=28
ds4: Flash-MoE overlap plan layer=41 exec_groups=175 planned_ane_groups=14 planned_ane_refs=1811 planned_gpu_groups=161 planned_gpu_refs=4333 tail_gpu_groups=0 tail_gpu_refs=0 planned_ssd_groups=175 est_gpu=14637.0 est_ane=2281.4 est_idle=84.41% wall=95.256 ms actual_ane_groups=14 actual_ane_refs=1811 actual_gpu_groups=0 actual_gpu_refs=0 finishes=14 waits=28 overlap_gpu_groups=161
ds4: Flash-MoE async pread canceled queued=0 reading=0 ready=2940 finished=0
ds4: gpu chunked prefill pos=6144 tokens=1024 layer 41 encode=111.001 ms execute=2.538 ms
ds4: Flash-MoE prefill layer=42 tokens=1024 unique=185 refs=6144 sync=39.937 ms plan=0.325 ms stage/compute=98.938 ms misses=185
ds4: Flash-MoE hybrid prefill layer=42 ane_groups=15 ane_refs=1894 gpu_i8_groups=0 gpu_i8_refs=0 fp32_groups=0 ane_min_refs=64 concurrent=1 ane_pipeline=1 output_queue=4 async_ane=15 gpu_overlap=170 finishes=15 waits=30
ds4: Flash-MoE overlap plan layer=42 exec_groups=185 planned_ane_groups=15 planned_ane_refs=1894 planned_gpu_groups=170 planned_gpu_refs=4250 tail_gpu_groups=0 tail_gpu_refs=0 planned_ssd_groups=185 est_gpu=15130.0 est_ane=2441.4 est_idle=83.86% wall=98.601 ms actual_ane_groups=15 actual_ane_refs=1894 actual_gpu_groups=0 actual_gpu_refs=0 finishes=15 waits=30 overlap_gpu_groups=170
ds4: Flash-MoE async pread canceled queued=0 reading=0 ready=2958 finished=0
ds4: gpu chunked prefill pos=6144 tokens=1024 layer 42 encode=139.465 ms execute=2.384 ms
processing 8423 input tokens: 7168/8423 (85.1%) batch=173.47 t/s avg=174.52 t/s
ds4: Flash-MoE prefill layer=0 tokens=1024 unique=256 refs=6144 sync=12.043 ms plan=0.354 ms stage/compute=149.853 ms misses=256
ds4: Flash-MoE hybrid prefill layer=0 ane_groups=0 ane_refs=0 gpu_i8_groups=0 gpu_i8_refs=0 fp32_groups=0 ane_min_refs=64 concurrent=1 ane_pipeline=1 output_queue=4 async_ane=0 gpu_overlap=0 finishes=0 waits=0
ds4: Flash-MoE overlap plan layer=0 exec_groups=256 planned_ane_groups=0 planned_ane_refs=0 planned_gpu_groups=256 planned_gpu_refs=6144 tail_gpu_groups=0 tail_gpu_refs=0 planned_ssd_groups=256 est_gpu=22528.0 est_ane=0.0 est_idle=100.00% wall=149.451 ms actual_ane_groups=0 actual_ane_refs=0 actual_gpu_groups=0 actual_gpu_refs=0 finishes=0 waits=0 overlap_gpu_groups=0
ds4: Flash-MoE async pread canceled queued=0 reading=0 ready=2958 finished=0
ds4: gpu chunked prefill pos=7168 tokens=1024 layer 0 encode=162.655 ms execute=2.627 ms
ds4: Flash-MoE prefill layer=1 tokens=1024 unique=256 refs=6144 sync=12.478 ms plan=0.338 ms stage/compute=148.748 ms misses=256
ds4: Flash-MoE hybrid prefill layer=1 ane_groups=1 ane_refs=66 gpu_i8_groups=0 gpu_i8_refs=0 fp32_groups=0 ane_min_refs=64 concurrent=1 ane_pipeline=1 output_queue=4 async_ane=1 gpu_overlap=255 finishes=1 waits=2
ds4: Flash-MoE overlap plan layer=1 exec_groups=256 planned_ane_groups=1 planned_ane_refs=66 planned_gpu_groups=255 planned_gpu_refs=6078 tail_gpu_groups=0 tail_gpu_refs=0 planned_ssd_groups=256 est_gpu=22398.0 est_ane=162.6 est_idle=99.27% wall=148.316 ms actual_ane_groups=1 actual_ane_refs=66 actual_gpu_groups=0 actual_gpu_refs=0 finishes=1 waits=2 overlap_gpu_groups=255
ds4: Flash-MoE async pread canceled queued=0 reading=0 ready=2958 finished=0
ds4: gpu chunked prefill pos=7168 tokens=1024 layer 1 encode=162.163 ms execute=2.672 ms
ds4: Flash-MoE prefill layer=2 tokens=1024 unique=256 refs=6144 sync=41.662 ms plan=0.344 ms stage/compute=148.969 ms misses=256
ds4: Flash-MoE hybrid prefill layer=2 ane_groups=2 ane_refs=136 gpu_i8_groups=0 gpu_i8_refs=0 fp32_groups=0 ane_min_refs=64 concurrent=1 ane_pipeline=1 output_queue=4 async_ane=2 gpu_overlap=254 finishes=2 waits=4
ds4: Flash-MoE overlap plan layer=2 exec_groups=256 planned_ane_groups=2 planned_ane_refs=136 planned_gpu_groups=254 planned_gpu_refs=6008 tail_gpu_groups=0 tail_gpu_refs=0 planned_ssd_groups=256 est_gpu=22264.0 est_ane=325.2 est_idle=98.54% wall=148.553 ms actual_ane_groups=2 actual_ane_refs=136 actual_gpu_groups=0 actual_gpu_refs=0 finishes=2 waits=4 overlap_gpu_groups=254
ds4: Flash-MoE async pread canceled queued=0 reading=0 ready=2958 finished=0
ds4: gpu chunked prefill pos=7168 tokens=1024 layer 2 encode=191.244 ms execute=2.548 ms
ds4: Flash-MoE prefill layer=3 tokens=1024 unique=238 refs=6144 sync=14.453 ms plan=0.322 ms stage/compute=126.986 ms misses=238
ds4: Flash-MoE hybrid prefill layer=3 ane_groups=9 ane_refs=1092 gpu_i8_groups=0 gpu_i8_refs=0 fp32_groups=0 ane_min_refs=64 concurrent=1 ane_pipeline=1 output_queue=4 async_ane=9 gpu_overlap=229 finishes=9 waits=18
ds4: Flash-MoE overlap plan layer=3 exec_groups=238 planned_ane_groups=9 planned_ane_refs=1092 planned_gpu_groups=229 planned_gpu_refs=5052 tail_gpu_groups=0 tail_gpu_refs=0 planned_ssd_groups=238 est_gpu=19708.0 est_ane=1465.9 est_idle=92.56% wall=126.580 ms actual_ane_groups=9 actual_ane_refs=1092 actual_gpu_groups=0 actual_gpu_refs=0 finishes=9 waits=18 overlap_gpu_groups=229
ds4: Flash-MoE async pread canceled queued=0 reading=0 ready=2963 finished=0
ds4: gpu chunked prefill pos=7168 tokens=1024 layer 3 encode=142.343 ms execute=2.577 ms
ds4: Flash-MoE prefill layer=4 tokens=1024 unique=220 refs=6144 sync=40.879 ms plan=0.344 ms stage/compute=115.555 ms misses=220
ds4: Flash-MoE hybrid prefill layer=4 ane_groups=12 ane_refs=1508 gpu_i8_groups=0 gpu_i8_refs=0 fp32_groups=0 ane_min_refs=64 concurrent=1 ane_pipeline=1 output_queue=4 async_ane=12 gpu_overlap=208 finishes=12 waits=24
ds4: Flash-MoE overlap plan layer=4 exec_groups=220 planned_ane_groups=12 planned_ane_refs=1508 planned_gpu_groups=208 planned_gpu_refs=4636 tail_gpu_groups=0 tail_gpu_refs=0 planned_ssd_groups=220 est_gpu=17948.0 est_ane=1953.6 est_idle=89.12% wall=115.208 ms actual_ane_groups=12 actual_ane_refs=1508 actual_gpu_groups=0 actual_gpu_refs=0 finishes=12 waits=24 overlap_gpu_groups=208
ds4: Flash-MoE async pread canceled queued=0 reading=0 ready=2971 finished=0
ds4: gpu chunked prefill pos=7168 tokens=1024 layer 4 encode=157.065 ms execute=2.550 ms
ds4: Flash-MoE prefill layer=5 tokens=1024 unique=239 refs=6144 sync=14.498 ms plan=0.350 ms stage/compute=122.847 ms misses=239
ds4: Flash-MoE hybrid prefill layer=5 ane_groups=9 ane_refs=1244 gpu_i8_groups=0 gpu_i8_refs=0 fp32_groups=0 ane_min_refs=64 concurrent=1 ane_pipeline=1 output_queue=4 async_ane=9 gpu_overlap=230 finishes=9 waits=18
ds4: Flash-MoE overlap plan layer=5 exec_groups=239 planned_ane_groups=9 planned_ane_refs=1244 planned_gpu_groups=230 planned_gpu_refs=4900 tail_gpu_groups=0 tail_gpu_refs=0 planned_ssd_groups=239 est_gpu=19620.0 est_ane=1465.9 est_idle=92.53% wall=122.471 ms actual_ane_groups=9 actual_ane_refs=1244 actual_gpu_groups=0 actual_gpu_refs=0 finishes=9 waits=18 overlap_gpu_groups=230
ds4: Flash-MoE async pread canceled queued=0 reading=0 ready=2974 finished=0
ds4: gpu chunked prefill pos=7168 tokens=1024 layer 5 encode=138.289 ms execute=2.524 ms
ds4: Flash-MoE prefill layer=6 tokens=1024 unique=221 refs=6144 sync=40.868 ms plan=0.326 ms stage/compute=118.051 ms misses=221
ds4: Flash-MoE hybrid prefill layer=6 ane_groups=12 ane_refs=1369 gpu_i8_groups=0 gpu_i8_refs=0 fp32_groups=0 ane_min_refs=64 concurrent=1 ane_pipeline=1 output_queue=4 async_ane=12 gpu_overlap=209 finishes=12 waits=24
ds4: Flash-MoE overlap plan layer=6 exec_groups=221 planned_ane_groups=12 planned_ane_refs=1369 planned_gpu_groups=209 planned_gpu_refs=4775 tail_gpu_groups=0 tail_gpu_refs=0 planned_ssd_groups=221 est_gpu=18151.0 est_ane=1951.0 est_idle=89.25% wall=117.692 ms actual_ane_groups=12 actual_ane_refs=1369 actual_gpu_groups=0 actual_gpu_refs=0 finishes=12 waits=24 overlap_gpu_groups=209
ds4: Flash-MoE async pread canceled queued=0 reading=0 ready=2980 finished=0
ds4: gpu chunked prefill pos=7168 tokens=1024 layer 6 encode=159.526 ms execute=2.498 ms
ds4: Flash-MoE prefill layer=7 tokens=1024 unique=218 refs=6144 sync=14.801 ms plan=0.307 ms stage/compute=110.752 ms misses=218
ds4: Flash-MoE hybrid prefill layer=7 ane_groups=14 ane_refs=1828 gpu_i8_groups=0 gpu_i8_refs=0 fp32_groups=0 ane_min_refs=64 concurrent=1 ane_pipeline=1 output_queue=4 async_ane=14 gpu_overlap=204 finishes=14 waits=28
ds4: Flash-MoE overlap plan layer=7 exec_groups=218 planned_ane_groups=14 planned_ane_refs=1828 planned_gpu_groups=204 planned_gpu_refs=4316 tail_gpu_groups=0 tail_gpu_refs=0 planned_ssd_groups=218 est_gpu=17372.0 est_ane=2278.8 est_idle=86.88% wall=110.392 ms actual_ane_groups=14 actual_ane_refs=1828 actual_gpu_groups=0 actual_gpu_refs=0 finishes=14 waits=28 overlap_gpu_groups=204
ds4: Flash-MoE async pread canceled queued=0 reading=0 ready=2985 finished=0
ds4: gpu chunked prefill pos=7168 tokens=1024 layer 7 encode=126.440 ms execute=2.520 ms
ds4: Flash-MoE prefill layer=8 tokens=1024 unique=222 refs=6144 sync=40.841 ms plan=0.321 ms stage/compute=112.352 ms misses=222
ds4: Flash-MoE hybrid prefill layer=8 ane_groups=12 ane_refs=1876 gpu_i8_groups=0 gpu_i8_refs=0 fp32_groups=0 ane_min_refs=64 concurrent=1 ane_pipeline=1 output_queue=4 async_ane=12 gpu_overlap=210 finishes=12 waits=24
ds4: Flash-MoE overlap plan layer=8 exec_groups=222 planned_ane_groups=12 planned_ane_refs=1876 planned_gpu_groups=210 planned_gpu_refs=4268 tail_gpu_groups=0 tail_gpu_refs=0 planned_ssd_groups=222 est_gpu=17708.0 est_ane=1956.2 est_idle=88.95% wall=111.988 ms actual_ane_groups=12 actual_ane_refs=1876 actual_gpu_groups=0 actual_gpu_refs=0 finishes=12 waits=24 overlap_gpu_groups=210
ds4: Flash-MoE async pread canceled queued=0 reading=0 ready=2995 finished=0
ds4: gpu chunked prefill pos=7168 tokens=1024 layer 8 encode=153.870 ms execute=2.554 ms
ds4: Flash-MoE prefill layer=9 tokens=1024 unique=226 refs=6144 sync=14.544 ms plan=0.298 ms stage/compute=120.617 ms misses=226
ds4: Flash-MoE hybrid prefill layer=9 ane_groups=10 ane_refs=1076 gpu_i8_groups=0 gpu_i8_refs=0 fp32_groups=0 ane_min_refs=64 concurrent=1 ane_pipeline=1 output_queue=4 async_ane=10 gpu_overlap=216 finishes=10 waits=20
ds4: Flash-MoE overlap plan layer=9 exec_groups=226 planned_ane_groups=10 planned_ane_refs=1076 planned_gpu_groups=216 planned_gpu_refs=5068 tail_gpu_groups=0 tail_gpu_refs=0 planned_ssd_groups=226 est_gpu=18892.0 est_ane=1628.4 est_idle=91.38% wall=120.251 ms actual_ane_groups=10 actual_ane_refs=1076 actual_gpu_groups=0 actual_gpu_refs=0 finishes=10 waits=20 overlap_gpu_groups=216
ds4: Flash-MoE async pread canceled queued=0 reading=0 ready=3000 finished=0
ds4: gpu chunked prefill pos=7168 tokens=1024 layer 9 encode=136.057 ms execute=2.502 ms
ds4: Flash-MoE prefill layer=10 tokens=1024 unique=220 refs=6144 sync=40.837 ms plan=0.363 ms stage/compute=114.264 ms misses=220
ds4: Flash-MoE hybrid prefill layer=10 ane_groups=13 ane_refs=1562 gpu_i8_groups=0 gpu_i8_refs=0 fp32_groups=0 ane_min_refs=64 concurrent=1 ane_pipeline=1 output_queue=4 async_ane=13 gpu_overlap=207 finishes=13 waits=26
ds4: Flash-MoE overlap plan layer=10 exec_groups=220 planned_ane_groups=13 planned_ane_refs=1562 planned_gpu_groups=207 planned_gpu_refs=4582 tail_gpu_groups=0 tail_gpu_refs=0 planned_ssd_groups=220 est_gpu=17830.0 est_ane=2113.6 est_idle=88.15% wall=113.906 ms actual_ane_groups=13 actual_ane_refs=1562 actual_gpu_groups=0 actual_gpu_refs=0 finishes=13 waits=26 overlap_gpu_groups=207
ds4: Flash-MoE async pread canceled queued=0 reading=0 ready=3009 finished=0
ds4: gpu chunked prefill pos=7168 tokens=1024 layer 10 encode=155.806 ms execute=2.604 ms
ds4: Flash-MoE prefill layer=11 tokens=1024 unique=232 refs=6144 sync=14.429 ms plan=0.298 ms stage/compute=117.357 ms misses=232
ds4: Flash-MoE hybrid prefill layer=11 ane_groups=14 ane_refs=1636 gpu_i8_groups=0 gpu_i8_refs=0 fp32_groups=0 ane_min_refs=64 concurrent=1 ane_pipeline=1 output_queue=4 async_ane=14 gpu_overlap=218 finishes=14 waits=28
ds4: Flash-MoE overlap plan layer=11 exec_groups=232 planned_ane_groups=14 planned_ane_refs=1636 planned_gpu_groups=218 planned_gpu_refs=4508 tail_gpu_groups=0 tail_gpu_refs=0 planned_ssd_groups=232 est_gpu=18460.0 est_ane=2276.2 est_idle=87.67% wall=116.972 ms actual_ane_groups=14 actual_ane_refs=1636 actual_gpu_groups=0 actual_gpu_refs=0 finishes=14 waits=28 overlap_gpu_groups=218
ds4: Flash-MoE async pread canceled queued=0 reading=0 ready=3011 finished=0
ds4: gpu chunked prefill pos=7168 tokens=1024 layer 11 encode=132.630 ms execute=2.574 ms
ds4: Flash-MoE prefill layer=12 tokens=1024 unique=200 refs=6144 sync=41.328 ms plan=0.352 ms stage/compute=105.595 ms misses=200
ds4: Flash-MoE hybrid prefill layer=12 ane_groups=16 ane_refs=1759 gpu_i8_groups=0 gpu_i8_refs=0 fp32_groups=0 ane_min_refs=64 concurrent=1 ane_pipeline=1 output_queue=4 async_ane=16 gpu_overlap=184 finishes=16 waits=32
ds4: Flash-MoE overlap plan layer=12 exec_groups=200 planned_ane_groups=16 planned_ane_refs=1759 planned_gpu_groups=184 planned_gpu_refs=4385 tail_gpu_groups=0 tail_gpu_refs=0 planned_ssd_groups=200 est_gpu=16161.0 est_ane=2601.4 est_idle=83.90% wall=105.242 ms actual_ane_groups=16 actual_ane_refs=1759 actual_gpu_groups=0 actual_gpu_refs=0 finishes=16 waits=32 overlap_gpu_groups=184
ds4: Flash-MoE async pread canceled queued=0 reading=0 ready=3020 finished=0
ds4: gpu chunked prefill pos=7168 tokens=1024 layer 12 encode=147.555 ms execute=2.529 ms
ds4: Flash-MoE prefill layer=13 tokens=1024 unique=210 refs=6144 sync=14.476 ms plan=0.341 ms stage/compute=104.855 ms misses=210
ds4: Flash-MoE hybrid prefill layer=13 ane_groups=16 ane_refs=2182 gpu_i8_groups=0 gpu_i8_refs=0 fp32_groups=0 ane_min_refs=64 concurrent=1 ane_pipeline=1 output_queue=4 async_ane=16 gpu_overlap=194 finishes=16 waits=32
ds4: Flash-MoE overlap plan layer=13 exec_groups=210 planned_ane_groups=16 planned_ane_refs=2182 planned_gpu_groups=194 planned_gpu_refs=3962 tail_gpu_groups=0 tail_gpu_refs=0 planned_ssd_groups=210 est_gpu=16378.0 est_ane=2604.0 est_idle=84.10% wall=104.493 ms actual_ane_groups=16 actual_ane_refs=2182 actual_gpu_groups=0 actual_gpu_refs=0 finishes=16 waits=32 overlap_gpu_groups=194
ds4: Flash-MoE async pread canceled queued=0 reading=0 ready=3029 finished=0
ds4: gpu chunked prefill pos=7168 tokens=1024 layer 13 encode=120.381 ms execute=2.556 ms
ds4: Flash-MoE prefill layer=14 tokens=1024 unique=211 refs=6144 sync=41.304 ms plan=0.369 ms stage/compute=103.857 ms misses=211
ds4: Flash-MoE hybrid prefill layer=14 ane_groups=18 ane_refs=2301 gpu_i8_groups=0 gpu_i8_refs=0 fp32_groups=0 ane_min_refs=64 concurrent=1 ane_pipeline=1 output_queue=4 async_ane=18 gpu_overlap=193 finishes=18 waits=36
ds4: Flash-MoE overlap plan layer=14 exec_groups=211 planned_ane_groups=18 planned_ane_refs=2301 planned_gpu_groups=193 planned_gpu_refs=3843 tail_gpu_groups=0 tail_gpu_refs=0 planned_ssd_groups=211 est_gpu=16195.0 est_ane=2931.7 est_idle=81.90% wall=103.484 ms actual_ane_groups=18 actual_ane_refs=2301 actual_gpu_groups=0 actual_gpu_refs=0 finishes=18 waits=36 overlap_gpu_groups=193
ds4: Flash-MoE async pread canceled queued=0 reading=0 ready=3035 finished=0
ds4: gpu chunked prefill pos=7168 tokens=1024 layer 14 encode=145.803 ms execute=2.513 ms
ds4: Flash-MoE prefill layer=15 tokens=1024 unique=203 refs=6144 sync=14.510 ms plan=0.293 ms stage/compute=101.798 ms misses=203
ds4: Flash-MoE hybrid prefill layer=15 ane_groups=14 ane_refs=2121 gpu_i8_groups=0 gpu_i8_refs=0 fp32_groups=0 ane_min_refs=64 concurrent=1 ane_pipeline=1 output_queue=4 async_ane=14 gpu_overlap=189 finishes=14 waits=28
ds4: Flash-MoE overlap plan layer=15 exec_groups=203 planned_ane_groups=14 planned_ane_refs=2121 planned_gpu_groups=189 planned_gpu_refs=4023 tail_gpu_groups=0 tail_gpu_refs=0 planned_ssd_groups=203 est_gpu=16119.0 est_ane=2281.4 est_idle=85.85% wall=101.468 ms actual_ane_groups=14 actual_ane_refs=2121 actual_gpu_groups=0 actual_gpu_refs=0 finishes=14 waits=28 overlap_gpu_groups=189
ds4: Flash-MoE async pread canceled queued=0 reading=0 ready=3048 finished=0
ds4: gpu chunked prefill pos=7168 tokens=1024 layer 15 encode=117.150 ms execute=2.519 ms
ds4: Flash-MoE prefill layer=16 tokens=1024 unique=192 refs=6144 sync=40.874 ms plan=0.331 ms stage/compute=99.891 ms misses=192
ds4: Flash-MoE hybrid prefill layer=16 ane_groups=15 ane_refs=2141 gpu_i8_groups=0 gpu_i8_refs=0 fp32_groups=0 ane_min_refs=64 concurrent=1 ane_pipeline=1 output_queue=4 async_ane=15 gpu_overlap=177 finishes=15 waits=30
ds4: Flash-MoE overlap plan layer=16 exec_groups=192 planned_ane_groups=15 planned_ane_refs=2141 planned_gpu_groups=177 planned_gpu_refs=4003 tail_gpu_groups=0 tail_gpu_refs=0 planned_ssd_groups=192 est_gpu=15331.0 est_ane=2444.0 est_idle=84.06% wall=99.540 ms actual_ane_groups=15 actual_ane_refs=2141 actual_gpu_groups=0 actual_gpu_refs=0 finishes=15 waits=30 overlap_gpu_groups=177
ds4: Flash-MoE async pread canceled queued=0 reading=0 ready=3061 finished=0
ds4: gpu chunked prefill pos=7168 tokens=1024 layer 16 encode=141.395 ms execute=2.504 ms
ds4: Flash-MoE prefill layer=17 tokens=1024 unique=197 refs=6144 sync=14.608 ms plan=0.329 ms stage/compute=99.429 ms misses=197
ds4: Flash-MoE hybrid prefill layer=17 ane_groups=13 ane_refs=2098 gpu_i8_groups=0 gpu_i8_refs=0 fp32_groups=0 ane_min_refs=64 concurrent=1 ane_pipeline=1 output_queue=4 async_ane=13 gpu_overlap=184 finishes=13 waits=26
ds4: Flash-MoE overlap plan layer=17 exec_groups=197 planned_ane_groups=13 planned_ane_refs=2098 planned_gpu_groups=184 planned_gpu_refs=4046 tail_gpu_groups=0 tail_gpu_refs=0 planned_ssd_groups=197 est_gpu=15822.0 est_ane=2121.4 est_idle=86.59% wall=99.106 ms actual_ane_groups=13 actual_ane_refs=2098 actual_gpu_groups=0 actual_gpu_refs=0 finishes=13 waits=26 overlap_gpu_groups=184
ds4: Flash-MoE async pread canceled queued=0 reading=0 ready=3076 finished=0
ds4: gpu chunked prefill pos=7168 tokens=1024 layer 17 encode=114.911 ms execute=2.524 ms
ds4: Flash-MoE prefill layer=18 tokens=1024 unique=193 refs=6144 sync=40.867 ms plan=0.379 ms stage/compute=98.484 ms misses=193
ds4: Flash-MoE hybrid prefill layer=18 ane_groups=14 ane_refs=2177 gpu_i8_groups=0 gpu_i8_refs=0 fp32_groups=0 ane_min_refs=64 concurrent=1 ane_pipeline=1 output_queue=4 async_ane=14 gpu_overlap=179 finishes=14 waits=28
ds4: Flash-MoE overlap plan layer=18 exec_groups=193 planned_ane_groups=14 planned_ane_refs=2177 planned_gpu_groups=179 planned_gpu_refs=3967 tail_gpu_groups=0 tail_gpu_refs=0 planned_ssd_groups=193 est_gpu=15423.0 est_ane=2281.4 est_idle=85.21% wall=98.129 ms actual_ane_groups=14 actual_ane_refs=2177 actual_gpu_groups=0 actual_gpu_refs=0 finishes=14 waits=28 overlap_gpu_groups=179
ds4: Flash-MoE async pread canceled queued=0 reading=0 ready=3090 finished=0
ds4: gpu chunked prefill pos=7168 tokens=1024 layer 18 encode=140.011 ms execute=2.491 ms
ds4: Flash-MoE prefill layer=19 tokens=1024 unique=219 refs=6144 sync=14.509 ms plan=0.333 ms stage/compute=116.500 ms misses=219
ds4: Flash-MoE hybrid prefill layer=19 ane_groups=11 ane_refs=1354 gpu_i8_groups=0 gpu_i8_refs=0 fp32_groups=0 ane_min_refs=64 concurrent=1 ane_pipeline=1 output_queue=4 async_ane=11 gpu_overlap=208 finishes=11 waits=22
ds4: Flash-MoE overlap plan layer=19 exec_groups=219 planned_ane_groups=11 planned_ane_refs=1354 planned_gpu_groups=208 planned_gpu_refs=4790 tail_gpu_groups=0 tail_gpu_refs=0 planned_ssd_groups=219 est_gpu=18102.0 est_ane=1788.4 est_idle=90.12% wall=116.121 ms actual_ane_groups=11 actual_ane_refs=1354 actual_gpu_groups=0 actual_gpu_refs=0 finishes=11 waits=22 overlap_gpu_groups=208
ds4: Flash-MoE async pread canceled queued=0 reading=0 ready=3094 finished=0
ds4: gpu chunked prefill pos=7168 tokens=1024 layer 19 encode=131.874 ms execute=2.532 ms
ds4: Flash-MoE prefill layer=20 tokens=1024 unique=182 refs=6144 sync=41.393 ms plan=0.319 ms stage/compute=102.108 ms misses=182
ds4: Flash-MoE hybrid prefill layer=20 ane_groups=15 ane_refs=2152 gpu_i8_groups=0 gpu_i8_refs=0 fp32_groups=0 ane_min_refs=64 concurrent=1 ane_pipeline=1 output_queue=4 async_ane=15 gpu_overlap=167 finishes=15 waits=30
ds4: Flash-MoE overlap plan layer=20 exec_groups=182 planned_ane_groups=15 planned_ane_refs=2152 planned_gpu_groups=167 planned_gpu_refs=3992 tail_gpu_groups=0 tail_gpu_refs=0 planned_ssd_groups=182 est_gpu=14680.0 est_ane=2441.4 est_idle=83.37% wall=101.776 ms actual_ane_groups=15 actual_ane_refs=2152 actual_gpu_groups=0 actual_gpu_refs=0 finishes=15 waits=30 overlap_gpu_groups=167
ds4: Flash-MoE async pread canceled queued=0 reading=0 ready=3110 finished=0
ds4: gpu chunked prefill pos=7168 tokens=1024 layer 20 encode=144.095 ms execute=2.491 ms
ds4: Flash-MoE prefill layer=21 tokens=1024 unique=196 refs=6144 sync=14.382 ms plan=0.345 ms stage/compute=103.094 ms misses=196
ds4: Flash-MoE hybrid prefill layer=21 ane_groups=13 ane_refs=1817 gpu_i8_groups=0 gpu_i8_refs=0 fp32_groups=0 ane_min_refs=64 concurrent=1 ane_pipeline=1 output_queue=4 async_ane=13 gpu_overlap=183 finishes=13 waits=26
ds4: Flash-MoE overlap plan layer=21 exec_groups=196 planned_ane_groups=13 planned_ane_refs=1817 planned_gpu_groups=183 planned_gpu_refs=4327 tail_gpu_groups=0 tail_gpu_refs=0 planned_ssd_groups=196 est_gpu=16039.0 est_ane=2116.2 est_idle=86.81% wall=102.736 ms actual_ane_groups=13 actual_ane_refs=1817 actual_gpu_groups=0 actual_gpu_refs=0 finishes=13 waits=26 overlap_gpu_groups=183
ds4: Flash-MoE async pread canceled queued=0 reading=0 ready=3119 finished=0
ds4: gpu chunked prefill pos=7168 tokens=1024 layer 21 encode=118.362 ms execute=2.535 ms
ds4: Flash-MoE prefill layer=22 tokens=1024 unique=197 refs=6144 sync=40.739 ms plan=0.322 ms stage/compute=99.149 ms misses=197
ds4: Flash-MoE hybrid prefill layer=22 ane_groups=15 ane_refs=2102 gpu_i8_groups=0 gpu_i8_refs=0 fp32_groups=0 ane_min_refs=64 concurrent=1 ane_pipeline=1 output_queue=4 async_ane=15 gpu_overlap=182 finishes=15 waits=30
ds4: Flash-MoE overlap plan layer=22 exec_groups=197 planned_ane_groups=15 planned_ane_refs=2102 planned_gpu_groups=182 planned_gpu_refs=4042 tail_gpu_groups=0 tail_gpu_refs=0 planned_ssd_groups=197 est_gpu=15690.0 est_ane=2444.0 est_idle=84.42% wall=98.806 ms actual_ane_groups=15 actual_ane_refs=2102 actual_gpu_groups=0 actual_gpu_refs=0 finishes=15 waits=30 overlap_gpu_groups=182
ds4: Flash-MoE async pread canceled queued=0 reading=0 ready=3128 finished=0
ds4: gpu chunked prefill pos=7168 tokens=1024 layer 22 encode=140.478 ms execute=2.542 ms
ds4: Flash-MoE prefill layer=23 tokens=1024 unique=208 refs=6144 sync=14.522 ms plan=0.285 ms stage/compute=110.394 ms misses=208
ds4: Flash-MoE hybrid prefill layer=23 ane_groups=15 ane_refs=1671 gpu_i8_groups=0 gpu_i8_refs=0 fp32_groups=0 ane_min_refs=64 concurrent=1 ane_pipeline=1 output_queue=4 async_ane=15 gpu_overlap=193 finishes=15 waits=30
ds4: Flash-MoE overlap plan layer=23 exec_groups=208 planned_ane_groups=15 planned_ane_refs=1671 planned_gpu_groups=193 planned_gpu_refs=4473 tail_gpu_groups=0 tail_gpu_refs=0 planned_ssd_groups=208 est_gpu=16825.0 est_ane=2438.8 est_idle=85.50% wall=110.059 ms actual_ane_groups=15 actual_ane_refs=1671 actual_gpu_groups=0 actual_gpu_refs=0 finishes=15 waits=30 overlap_gpu_groups=193
ds4: Flash-MoE async pread canceled queued=0 reading=0 ready=3138 finished=0
ds4: gpu chunked prefill pos=7168 tokens=1024 layer 23 encode=125.769 ms execute=2.552 ms
ds4: Flash-MoE prefill layer=24 tokens=1024 unique=192 refs=6144 sync=40.726 ms plan=0.361 ms stage/compute=98.462 ms misses=192
ds4: Flash-MoE hybrid prefill layer=24 ane_groups=17 ane_refs=2208 gpu_i8_groups=0 gpu_i8_refs=0 fp32_groups=0 ane_min_refs=64 concurrent=1 ane_pipeline=1 output_queue=4 async_ane=17 gpu_overlap=175 finishes=17 waits=34
ds4: Flash-MoE overlap plan layer=24 exec_groups=192 planned_ane_groups=17 planned_ane_refs=2208 planned_gpu_groups=175 planned_gpu_refs=3936 tail_gpu_groups=0 tail_gpu_refs=0 planned_ssd_groups=192 est_gpu=15136.0 est_ane=2769.1 est_idle=81.70% wall=98.116 ms actual_ane_groups=17 actual_ane_refs=2208 actual_gpu_groups=0 actual_gpu_refs=0 finishes=17 waits=34 overlap_gpu_groups=175
ds4: Flash-MoE async pread canceled queued=0 reading=0 ready=3147 finished=0
ds4: gpu chunked prefill pos=7168 tokens=1024 layer 24 encode=139.823 ms execute=2.566 ms
ds4: Flash-MoE prefill layer=25 tokens=1024 unique=207 refs=6144 sync=14.439 ms plan=0.309 ms stage/compute=108.835 ms misses=207
ds4: Flash-MoE hybrid prefill layer=25 ane_groups=13 ane_refs=1557 gpu_i8_groups=0 gpu_i8_refs=0 fp32_groups=0 ane_min_refs=64 concurrent=1 ane_pipeline=1 output_queue=4 async_ane=13 gpu_overlap=194 finishes=13 waits=26
ds4: Flash-MoE overlap plan layer=25 exec_groups=207 planned_ane_groups=13 planned_ane_refs=1557 planned_gpu_groups=194 planned_gpu_refs=4587 tail_gpu_groups=0 tail_gpu_refs=0 planned_ssd_groups=207 est_gpu=17003.0 est_ane=2116.2 est_idle=87.55% wall=108.497 ms actual_ane_groups=13 actual_ane_refs=1557 actual_gpu_groups=0 actual_gpu_refs=0 finishes=13 waits=26 overlap_gpu_groups=194
ds4: Flash-MoE async pread canceled queued=0 reading=0 ready=3164 finished=0
ds4: gpu chunked prefill pos=7168 tokens=1024 layer 25 encode=124.146 ms execute=2.611 ms
ds4: Flash-MoE prefill layer=26 tokens=1024 unique=190 refs=6144 sync=40.952 ms plan=0.394 ms stage/compute=97.569 ms misses=190
ds4: Flash-MoE hybrid prefill layer=26 ane_groups=14 ane_refs=2220 gpu_i8_groups=0 gpu_i8_refs=0 fp32_groups=0 ane_min_refs=64 concurrent=1 ane_pipeline=1 output_queue=4 async_ane=14 gpu_overlap=176 finishes=14 waits=28
ds4: Flash-MoE overlap plan layer=26 exec_groups=190 planned_ane_groups=14 planned_ane_refs=2220 planned_gpu_groups=176 planned_gpu_refs=3924 tail_gpu_groups=0 tail_gpu_refs=0 planned_ssd_groups=190 est_gpu=15188.0 est_ane=2281.4 est_idle=84.98% wall=97.221 ms actual_ane_groups=14 actual_ane_refs=2220 actual_gpu_groups=0 actual_gpu_refs=0 finishes=14 waits=28 overlap_gpu_groups=176
ds4: Flash-MoE async pread canceled queued=0 reading=0 ready=3173 finished=0
ds4: gpu chunked prefill pos=7168 tokens=1024 layer 26 encode=139.186 ms execute=2.503 ms
ds4: Flash-MoE prefill layer=27 tokens=1024 unique=202 refs=6144 sync=14.379 ms plan=0.330 ms stage/compute=103.995 ms misses=202
ds4: Flash-MoE hybrid prefill layer=27 ane_groups=14 ane_refs=1961 gpu_i8_groups=0 gpu_i8_refs=0 fp32_groups=0 ane_min_refs=64 concurrent=1 ane_pipeline=1 output_queue=4 async_ane=14 gpu_overlap=188 finishes=14 waits=28
ds4: Flash-MoE overlap plan layer=27 exec_groups=202 planned_ane_groups=14 planned_ane_refs=1961 planned_gpu_groups=188 planned_gpu_refs=4183 tail_gpu_groups=0 tail_gpu_refs=0 planned_ssd_groups=202 est_gpu=16215.0 est_ane=2278.8 est_idle=85.95% wall=103.634 ms actual_ane_groups=14 actual_ane_refs=1961 actual_gpu_groups=0 actual_gpu_refs=0 finishes=14 waits=28 overlap_gpu_groups=188
ds4: Flash-MoE async pread canceled queued=0 reading=0 ready=3182 finished=0
ds4: gpu chunked prefill pos=7168 tokens=1024 layer 27 encode=119.301 ms execute=2.518 ms
ds4: Flash-MoE prefill layer=28 tokens=1024 unique=190 refs=6144 sync=40.784 ms plan=0.323 ms stage/compute=102.161 ms misses=190
ds4: Flash-MoE hybrid prefill layer=28 ane_groups=14 ane_refs=1825 gpu_i8_groups=0 gpu_i8_refs=0 fp32_groups=0 ane_min_refs=64 concurrent=1 ane_pipeline=1 output_queue=4 async_ane=14 gpu_overlap=176 finishes=14 waits=28
ds4: Flash-MoE overlap plan layer=28 exec_groups=190 planned_ane_groups=14 planned_ane_refs=1825 planned_gpu_groups=176 planned_gpu_refs=4319 tail_gpu_groups=0 tail_gpu_refs=0 planned_ssd_groups=190 est_gpu=15583.0 est_ane=2281.4 est_idle=85.36% wall=101.801 ms actual_ane_groups=14 actual_ane_refs=1825 actual_gpu_groups=0 actual_gpu_refs=0 finishes=14 waits=28 overlap_gpu_groups=176
ds4: Flash-MoE async pread canceled queued=0 reading=0 ready=3195 finished=0
ds4: gpu chunked prefill pos=7168 tokens=1024 layer 28 encode=143.534 ms execute=2.542 ms
ds4: Flash-MoE prefill layer=29 tokens=1024 unique=187 refs=6144 sync=14.534 ms plan=0.329 ms stage/compute=99.975 ms misses=187
ds4: Flash-MoE hybrid prefill layer=29 ane_groups=14 ane_refs=1866 gpu_i8_groups=0 gpu_i8_refs=0 fp32_groups=0 ane_min_refs=64 concurrent=1 ane_pipeline=1 output_queue=4 async_ane=14 gpu_overlap=173 finishes=14 waits=28
ds4: Flash-MoE overlap plan layer=29 exec_groups=187 planned_ane_groups=14 planned_ane_refs=1866 planned_gpu_groups=173 planned_gpu_refs=4278 tail_gpu_groups=0 tail_gpu_refs=0 planned_ssd_groups=187 est_gpu=15350.0 est_ane=2278.8 est_idle=85.15% wall=99.636 ms actual_ane_groups=14 actual_ane_refs=1866 actual_gpu_groups=0 actual_gpu_refs=0 finishes=14 waits=28 overlap_gpu_groups=173
ds4: Flash-MoE async pread canceled queued=0 reading=0 ready=3213 finished=0
ds4: gpu chunked prefill pos=7168 tokens=1024 layer 29 encode=115.588 ms execute=2.547 ms
ds4: Flash-MoE prefill layer=30 tokens=1024 unique=195 refs=6144 sync=40.755 ms plan=0.332 ms stage/compute=106.091 ms misses=195
ds4: Flash-MoE hybrid prefill layer=30 ane_groups=15 ane_refs=1663 gpu_i8_groups=0 gpu_i8_refs=0 fp32_groups=0 ane_min_refs=64 concurrent=1 ane_pipeline=1 output_queue=4 async_ane=15 gpu_overlap=180 finishes=15 waits=30
ds4: Flash-MoE overlap plan layer=30 exec_groups=195 planned_ane_groups=15 planned_ane_refs=1663 planned_gpu_groups=180 planned_gpu_refs=4481 tail_gpu_groups=0 tail_gpu_refs=0 planned_ssd_groups=195 est_gpu=16001.0 est_ane=2438.8 est_idle=84.76% wall=105.767 ms actual_ane_groups=15 actual_ane_refs=1663 actual_gpu_groups=0 actual_gpu_refs=0 finishes=15 waits=30 overlap_gpu_groups=180
ds4: Flash-MoE async pread canceled queued=0 reading=0 ready=3225 finished=0
ds4: gpu chunked prefill pos=7168 tokens=1024 layer 30 encode=147.504 ms execute=2.467 ms
ds4: Flash-MoE prefill layer=31 tokens=1024 unique=196 refs=6144 sync=14.375 ms plan=0.333 ms stage/compute=101.840 ms misses=196
ds4: Flash-MoE hybrid prefill layer=31 ane_groups=16 ane_refs=1875 gpu_i8_groups=0 gpu_i8_refs=0 fp32_groups=0 ane_min_refs=64 concurrent=1 ane_pipeline=1 output_queue=4 async_ane=16 gpu_overlap=180 finishes=16 waits=32
ds4: Flash-MoE overlap plan layer=31 exec_groups=196 planned_ane_groups=16 planned_ane_refs=1875 planned_gpu_groups=180 planned_gpu_refs=4269 tail_gpu_groups=0 tail_gpu_refs=0 planned_ssd_groups=196 est_gpu=15789.0 est_ane=2601.4 est_idle=83.52% wall=101.512 ms actual_ane_groups=16 actual_ane_refs=1875 actual_gpu_groups=0 actual_gpu_refs=0 finishes=16 waits=32 overlap_gpu_groups=180
ds4: Flash-MoE async pread canceled queued=0 reading=0 ready=3239 finished=0
ds4: gpu chunked prefill pos=7168 tokens=1024 layer 31 encode=117.093 ms execute=2.513 ms
ds4: Flash-MoE prefill layer=32 tokens=1024 unique=193 refs=6144 sync=41.003 ms plan=0.339 ms stage/compute=101.590 ms misses=193
ds4: Flash-MoE hybrid prefill layer=32 ane_groups=15 ane_refs=1972 gpu_i8_groups=0 gpu_i8_refs=0 fp32_groups=0 ane_min_refs=64 concurrent=1 ane_pipeline=1 output_queue=4 async_ane=15 gpu_overlap=178 finishes=15 waits=30
ds4: Flash-MoE overlap plan layer=32 exec_groups=193 planned_ane_groups=15 planned_ane_refs=1972 planned_gpu_groups=178 planned_gpu_refs=4172 tail_gpu_groups=0 tail_gpu_refs=0 planned_ssd_groups=193 est_gpu=15564.0 est_ane=2441.4 est_idle=84.31% wall=101.264 ms actual_ane_groups=15 actual_ane_refs=1972 actual_gpu_groups=0 actual_gpu_refs=0 finishes=15 waits=30 overlap_gpu_groups=178
ds4: Flash-MoE async pread canceled queued=0 reading=0 ready=3251 finished=0
ds4: gpu chunked prefill pos=7168 tokens=1024 layer 32 encode=143.225 ms execute=2.491 ms
ds4: Flash-MoE prefill layer=33 tokens=1024 unique=181 refs=6144 sync=14.377 ms plan=0.293 ms stage/compute=93.906 ms misses=181
ds4: Flash-MoE hybrid prefill layer=33 ane_groups=14 ane_refs=2134 gpu_i8_groups=0 gpu_i8_refs=0 fp32_groups=0 ane_min_refs=64 concurrent=1 ane_pipeline=1 output_queue=4 async_ane=14 gpu_overlap=167 finishes=14 waits=28
ds4: Flash-MoE overlap plan layer=33 exec_groups=181 planned_ane_groups=14 planned_ane_refs=2134 planned_gpu_groups=167 planned_gpu_refs=4010 tail_gpu_groups=0 tail_gpu_refs=0 planned_ssd_groups=181 est_gpu=14698.0 est_ane=2278.8 est_idle=84.50% wall=93.575 ms actual_ane_groups=14 actual_ane_refs=2134 actual_gpu_groups=0 actual_gpu_refs=0 finishes=14 waits=28 overlap_gpu_groups=167
ds4: Flash-MoE async pread canceled queued=0 reading=0 ready=3268 finished=0
ds4: gpu chunked prefill pos=7168 tokens=1024 layer 33 encode=109.139 ms execute=2.551 ms
ds4: Flash-MoE prefill layer=34 tokens=1024 unique=191 refs=6144 sync=40.718 ms plan=0.316 ms stage/compute=97.173 ms misses=191
ds4: Flash-MoE hybrid prefill layer=34 ane_groups=14 ane_refs=2265 gpu_i8_groups=0 gpu_i8_refs=0 fp32_groups=0 ane_min_refs=64 concurrent=1 ane_pipeline=1 output_queue=4 async_ane=14 gpu_overlap=177 finishes=14 waits=28
ds4: Flash-MoE overlap plan layer=34 exec_groups=191 planned_ane_groups=14 planned_ane_refs=2265 planned_gpu_groups=177 planned_gpu_refs=3879 tail_gpu_groups=0 tail_gpu_refs=0 planned_ssd_groups=191 est_gpu=15207.0 est_ane=2281.4 est_idle=85.00% wall=96.831 ms actual_ane_groups=14 actual_ane_refs=2265 actual_gpu_groups=0 actual_gpu_refs=0 finishes=14 waits=28 overlap_gpu_groups=177
ds4: Flash-MoE async pread canceled queued=0 reading=0 ready=3279 finished=0
ds4: gpu chunked prefill pos=7168 tokens=1024 layer 34 encode=138.471 ms execute=2.560 ms
ds4: Flash-MoE prefill layer=35 tokens=1024 unique=189 refs=6144 sync=14.946 ms plan=0.389 ms stage/compute=97.294 ms misses=189
ds4: Flash-MoE hybrid prefill layer=35 ane_groups=15 ane_refs=2195 gpu_i8_groups=0 gpu_i8_refs=0 fp32_groups=0 ane_min_refs=64 concurrent=1 ane_pipeline=1 output_queue=4 async_ane=15 gpu_overlap=174 finishes=15 waits=30
ds4: Flash-MoE overlap plan layer=35 exec_groups=189 planned_ane_groups=15 planned_ane_refs=2195 planned_gpu_groups=174 planned_gpu_refs=3949 tail_gpu_groups=0 tail_gpu_refs=0 planned_ssd_groups=189 est_gpu=15085.0 est_ane=2444.0 est_idle=83.80% wall=96.949 ms actual_ane_groups=15 actual_ane_refs=2195 actual_gpu_groups=0 actual_gpu_refs=0 finishes=15 waits=30 overlap_gpu_groups=174
ds4: Flash-MoE async pread canceled queued=0 reading=0 ready=3293 finished=0
ds4: gpu chunked prefill pos=7168 tokens=1024 layer 35 encode=113.319 ms execute=2.541 ms
ds4: Flash-MoE prefill layer=36 tokens=1024 unique=192 refs=6144 sync=40.852 ms plan=0.358 ms stage/compute=93.226 ms misses=192
ds4: Flash-MoE hybrid prefill layer=36 ane_groups=13 ane_refs=2296 gpu_i8_groups=0 gpu_i8_refs=0 fp32_groups=0 ane_min_refs=64 concurrent=1 ane_pipeline=1 output_queue=4 async_ane=13 gpu_overlap=179 finishes=13 waits=26
ds4: Flash-MoE overlap plan layer=36 exec_groups=192 planned_ane_groups=13 planned_ane_refs=2296 planned_gpu_groups=179 planned_gpu_refs=3848 tail_gpu_groups=0 tail_gpu_refs=0 planned_ssd_groups=192 est_gpu=15304.0 est_ane=2118.8 est_idle=86.16% wall=92.877 ms actual_ane_groups=13 actual_ane_refs=2296 actual_gpu_groups=0 actual_gpu_refs=0 finishes=13 waits=26 overlap_gpu_groups=179
ds4: Flash-MoE async pread canceled queued=0 reading=0 ready=3308 finished=0
ds4: gpu chunked prefill pos=7168 tokens=1024 layer 36 encode=134.764 ms execute=2.483 ms
ds4: Flash-MoE prefill layer=37 tokens=1024 unique=184 refs=6144 sync=14.426 ms plan=0.348 ms stage/compute=96.165 ms misses=184
ds4: Flash-MoE hybrid prefill layer=37 ane_groups=16 ane_refs=2286 gpu_i8_groups=0 gpu_i8_refs=0 fp32_groups=0 ane_min_refs=64 concurrent=1 ane_pipeline=1 output_queue=4 async_ane=16 gpu_overlap=168 finishes=16 waits=32
ds4: Flash-MoE overlap plan layer=37 exec_groups=184 planned_ane_groups=16 planned_ane_refs=2286 planned_gpu_groups=168 planned_gpu_refs=3858 tail_gpu_groups=0 tail_gpu_refs=0 planned_ssd_groups=184 est_gpu=14610.0 est_ane=2606.5 est_idle=82.16% wall=95.837 ms actual_ane_groups=16 actual_ane_refs=2286 actual_gpu_groups=0 actual_gpu_refs=0 finishes=16 waits=32 overlap_gpu_groups=168
ds4: Flash-MoE async pread canceled queued=0 reading=0 ready=3320 finished=0
ds4: gpu chunked prefill pos=7168 tokens=1024 layer 37 encode=111.475 ms execute=2.488 ms
ds4: Flash-MoE prefill layer=38 tokens=1024 unique=199 refs=6144 sync=40.711 ms plan=0.302 ms stage/compute=101.735 ms misses=199
ds4: Flash-MoE hybrid prefill layer=38 ane_groups=15 ane_refs=2092 gpu_i8_groups=0 gpu_i8_refs=0 fp32_groups=0 ane_min_refs=64 concurrent=1 ane_pipeline=1 output_queue=4 async_ane=15 gpu_overlap=184 finishes=15 waits=30
ds4: Flash-MoE overlap plan layer=38 exec_groups=199 planned_ane_groups=15 planned_ane_refs=2092 planned_gpu_groups=184 planned_gpu_refs=4052 tail_gpu_groups=0 tail_gpu_refs=0 planned_ssd_groups=199 est_gpu=15828.0 est_ane=2441.4 est_idle=84.58% wall=101.378 ms actual_ane_groups=15 actual_ane_refs=2092 actual_gpu_groups=0 actual_gpu_refs=0 finishes=15 waits=30 overlap_gpu_groups=184
ds4: Flash-MoE async pread canceled queued=0 reading=0 ready=3338 finished=0
ds4: gpu chunked prefill pos=7168 tokens=1024 layer 38 encode=143.044 ms execute=2.669 ms
ds4: Flash-MoE prefill layer=39 tokens=1024 unique=205 refs=6144 sync=14.386 ms plan=0.374 ms stage/compute=103.147 ms misses=205
ds4: Flash-MoE hybrid prefill layer=39 ane_groups=11 ane_refs=1743 gpu_i8_groups=0 gpu_i8_refs=0 fp32_groups=0 ane_min_refs=64 concurrent=1 ane_pipeline=1 output_queue=4 async_ane=11 gpu_overlap=194 finishes=11 waits=22
ds4: Flash-MoE overlap plan layer=39 exec_groups=205 planned_ane_groups=11 planned_ane_refs=1743 planned_gpu_groups=194 planned_gpu_refs=4401 tail_gpu_groups=0 tail_gpu_refs=0 planned_ssd_groups=205 est_gpu=16817.0 est_ane=1793.6 est_idle=89.33% wall=102.802 ms actual_ane_groups=11 actual_ane_refs=1743 actual_gpu_groups=0 actual_gpu_refs=0 finishes=11 waits=22 overlap_gpu_groups=194
ds4: Flash-MoE async pread canceled queued=0 reading=0 ready=3347 finished=0
ds4: gpu chunked prefill pos=7168 tokens=1024 layer 39 encode=118.443 ms execute=2.506 ms
ds4: Flash-MoE prefill layer=40 tokens=1024 unique=152 refs=6144 sync=41.557 ms plan=0.325 ms stage/compute=85.417 ms misses=152
ds4: Flash-MoE hybrid prefill layer=40 ane_groups=13 ane_refs=2626 gpu_i8_groups=0 gpu_i8_refs=0 fp32_groups=0 ane_min_refs=64 concurrent=1 ane_pipeline=1 output_queue=4 async_ane=13 gpu_overlap=139 finishes=13 waits=26
ds4: Flash-MoE overlap plan layer=40 exec_groups=152 planned_ane_groups=13 planned_ane_refs=2626 planned_gpu_groups=139 planned_gpu_refs=3518 tail_gpu_groups=0 tail_gpu_refs=0 planned_ssd_groups=152 est_gpu=12414.0 est_ane=2124.0 est_idle=82.89% wall=85.105 ms actual_ane_groups=13 actual_ane_refs=2626 actual_gpu_groups=0 actual_gpu_refs=0 finishes=13 waits=26 overlap_gpu_groups=139
ds4: Flash-MoE async pread canceled queued=0 reading=0 ready=3368 finished=0
ds4: gpu chunked prefill pos=7168 tokens=1024 layer 40 encode=127.565 ms execute=2.534 ms
ds4: Flash-MoE prefill layer=41 tokens=1024 unique=172 refs=6144 sync=14.402 ms plan=0.317 ms stage/compute=94.509 ms misses=172
ds4: Flash-MoE hybrid prefill layer=41 ane_groups=15 ane_refs=1791 gpu_i8_groups=0 gpu_i8_refs=0 fp32_groups=0 ane_min_refs=64 concurrent=1 ane_pipeline=1 output_queue=4 async_ane=15 gpu_overlap=157 finishes=15 waits=30
ds4: Flash-MoE overlap plan layer=41 exec_groups=172 planned_ane_groups=15 planned_ane_refs=1791 planned_gpu_groups=157 planned_gpu_refs=4353 tail_gpu_groups=0 tail_gpu_refs=0 planned_ssd_groups=172 est_gpu=14401.0 est_ane=2441.4 est_idle=83.05% wall=94.166 ms actual_ane_groups=15 actual_ane_refs=1791 actual_gpu_groups=0 actual_gpu_refs=0 finishes=15 waits=30 overlap_gpu_groups=157
ds4: Flash-MoE async pread canceled queued=0 reading=0 ready=3383 finished=0
ds4: gpu chunked prefill pos=7168 tokens=1024 layer 41 encode=109.780 ms execute=2.536 ms
ds4: Flash-MoE prefill layer=42 tokens=1024 unique=191 refs=6144 sync=40.836 ms plan=0.307 ms stage/compute=101.091 ms misses=191
ds4: Flash-MoE hybrid prefill layer=42 ane_groups=16 ane_refs=1929 gpu_i8_groups=0 gpu_i8_refs=0 fp32_groups=0 ane_min_refs=64 concurrent=1 ane_pipeline=1 output_queue=4 async_ane=16 gpu_overlap=175 finishes=16 waits=32
ds4: Flash-MoE overlap plan layer=42 exec_groups=191 planned_ane_groups=16 planned_ane_refs=1929 planned_gpu_groups=175 planned_gpu_refs=4215 tail_gpu_groups=0 tail_gpu_refs=0 planned_ssd_groups=191 est_gpu=15415.0 est_ane=2604.0 est_idle=83.11% wall=100.722 ms actual_ane_groups=16 actual_ane_refs=1929 actual_gpu_groups=0 actual_gpu_refs=0 finishes=16 waits=32 overlap_gpu_groups=175
ds4: Flash-MoE async pread canceled queued=0 reading=0 ready=3399 finished=0
ds4: gpu chunked prefill pos=7168 tokens=1024 layer 42 encode=142.567 ms execute=2.469 ms
processing 8423 input tokens: 8192/8423 (97.3%) batch=171.92 t/s avg=174.19 t/s
ds4: Flash-MoE prefill layer=0 tokens=231 unique=251 refs=1386 sync=4.858 ms plan=0.336 ms stage/compute=92.842 ms misses=251
ds4: Flash-MoE hybrid prefill layer=0 ane_groups=0 ane_refs=0 gpu_i8_groups=0 gpu_i8_refs=0 fp32_groups=0 ane_min_refs=64 concurrent=1 ane_pipeline=1 output_queue=4 async_ane=0 gpu_overlap=0 finishes=0 waits=0
ds4: Flash-MoE overlap plan layer=0 exec_groups=251 planned_ane_groups=0 planned_ane_refs=0 planned_gpu_groups=251 planned_gpu_refs=1386 tail_gpu_groups=0 tail_gpu_refs=0 planned_ssd_groups=251 est_gpu=17450.0 est_ane=0.0 est_idle=100.00% wall=92.523 ms actual_ane_groups=0 actual_ane_refs=0 actual_gpu_groups=0 actual_gpu_refs=0 finishes=0 waits=0 overlap_gpu_groups=0
ds4: Flash-MoE async pread canceled queued=0 reading=0 ready=3399 finished=0
ds4: gpu chunked prefill pos=8192 tokens=231 layer 0 encode=98.379 ms execute=0.928 ms
ds4: Flash-MoE prefill layer=1 tokens=231 unique=254 refs=1386 sync=4.656 ms plan=0.361 ms stage/compute=93.143 ms misses=254
ds4: Flash-MoE hybrid prefill layer=1 ane_groups=0 ane_refs=0 gpu_i8_groups=0 gpu_i8_refs=0 fp32_groups=0 ane_min_refs=64 concurrent=1 ane_pipeline=1 output_queue=4 async_ane=0 gpu_overlap=0 finishes=0 waits=0
ds4: Flash-MoE overlap plan layer=1 exec_groups=254 planned_ane_groups=0 planned_ane_refs=0 planned_gpu_groups=254 planned_gpu_refs=1386 tail_gpu_groups=0 tail_gpu_refs=0 planned_ssd_groups=254 est_gpu=17642.0 est_ane=0.0 est_idle=100.00% wall=92.789 ms actual_ane_groups=0 actual_ane_refs=0 actual_gpu_groups=0 actual_gpu_refs=0 finishes=0 waits=0 overlap_gpu_groups=0
ds4: Flash-MoE async pread canceled queued=0 reading=0 ready=3399 finished=0
ds4: gpu chunked prefill pos=8192 tokens=231 layer 1 encode=98.399 ms execute=0.998 ms
ds4: Flash-MoE prefill layer=2 tokens=231 unique=252 refs=1386 sync=14.791 ms plan=0.358 ms stage/compute=89.996 ms misses=252
ds4: Flash-MoE hybrid prefill layer=2 ane_groups=0 ane_refs=0 gpu_i8_groups=0 gpu_i8_refs=0 fp32_groups=0 ane_min_refs=64 concurrent=1 ane_pipeline=1 output_queue=4 async_ane=0 gpu_overlap=0 finishes=0 waits=0
ds4: Flash-MoE overlap plan layer=2 exec_groups=252 planned_ane_groups=0 planned_ane_refs=0 planned_gpu_groups=252 planned_gpu_refs=1386 tail_gpu_groups=0 tail_gpu_refs=0 planned_ssd_groups=252 est_gpu=17514.0 est_ane=0.0 est_idle=100.00% wall=89.716 ms actual_ane_groups=0 actual_ane_refs=0 actual_gpu_groups=0 actual_gpu_refs=0 finishes=0 waits=0 overlap_gpu_groups=0
ds4: Flash-MoE async pread canceled queued=0 reading=0 ready=3399 finished=0
ds4: gpu chunked prefill pos=8192 tokens=231 layer 2 encode=106.387 ms execute=0.938 ms
ds4: Flash-MoE prefill layer=3 tokens=231 unique=192 refs=1386 sync=5.554 ms plan=0.393 ms stage/compute=71.964 ms misses=192
ds4: Flash-MoE hybrid prefill layer=3 ane_groups=1 ane_refs=100 gpu_i8_groups=0 gpu_i8_refs=0 fp32_groups=0 ane_min_refs=64 concurrent=1 ane_pipeline=1 output_queue=4 async_ane=1 gpu_overlap=191 finishes=1 waits=2
ds4: Flash-MoE overlap plan layer=3 exec_groups=192 planned_ane_groups=1 planned_ane_refs=100 planned_gpu_groups=191 planned_gpu_refs=1286 tail_gpu_groups=0 tail_gpu_refs=0 planned_ssd_groups=192 est_gpu=13510.0 est_ane=162.6 est_idle=98.80% wall=71.740 ms actual_ane_groups=1 actual_ane_refs=100 actual_gpu_groups=0 actual_gpu_refs=0 finishes=1 waits=2 overlap_gpu_groups=191
ds4: Flash-MoE async pread canceled queued=0 reading=0 ready=3413 finished=0
ds4: gpu chunked prefill pos=8192 tokens=231 layer 3 encode=78.459 ms execute=0.863 ms
ds4: Flash-MoE prefill layer=4 tokens=231 unique=184 refs=1386 sync=14.717 ms plan=0.346 ms stage/compute=71.179 ms misses=184
ds4: Flash-MoE hybrid prefill layer=4 ane_groups=0 ane_refs=0 gpu_i8_groups=0 gpu_i8_refs=0 fp32_groups=0 ane_min_refs=64 concurrent=1 ane_pipeline=1 output_queue=4 async_ane=0 gpu_overlap=0 finishes=0 waits=0
ds4: Flash-MoE overlap plan layer=4 exec_groups=184 planned_ane_groups=0 planned_ane_refs=0 planned_gpu_groups=184 planned_gpu_refs=1386 tail_gpu_groups=0 tail_gpu_refs=0 planned_ssd_groups=184 est_gpu=13162.0 est_ane=0.0 est_idle=100.00% wall=70.927 ms actual_ane_groups=0 actual_ane_refs=0 actual_gpu_groups=0 actual_gpu_refs=0 finishes=0 waits=0 overlap_gpu_groups=0
ds4: Flash-MoE async pread canceled queued=0 reading=0 ready=3424 finished=0
ds4: gpu chunked prefill pos=8192 tokens=231 layer 4 encode=87.412 ms execute=0.975 ms
ds4: Flash-MoE prefill layer=5 tokens=231 unique=197 refs=1386 sync=5.490 ms plan=0.281 ms stage/compute=75.231 ms misses=197
ds4: Flash-MoE hybrid prefill layer=5 ane_groups=1 ane_refs=113 gpu_i8_groups=0 gpu_i8_refs=0 fp32_groups=0 ane_min_refs=64 concurrent=1 ane_pipeline=1 output_queue=4 async_ane=1 gpu_overlap=196 finishes=1 waits=2
ds4: Flash-MoE overlap plan layer=5 exec_groups=197 planned_ane_groups=1 planned_ane_refs=113 planned_gpu_groups=196 planned_gpu_refs=1273 tail_gpu_groups=0 tail_gpu_refs=0 planned_ssd_groups=197 est_gpu=13817.0 est_ane=162.6 est_idle=98.82% wall=75.000 ms actual_ane_groups=1 actual_ane_refs=113 actual_gpu_groups=0 actual_gpu_refs=0 finishes=1 waits=2 overlap_gpu_groups=196
ds4: Flash-MoE async pread canceled queued=0 reading=0 ready=3435 finished=0
ds4: gpu chunked prefill pos=8192 tokens=231 layer 5 encode=81.501 ms execute=0.849 ms
ds4: Flash-MoE prefill layer=6 tokens=231 unique=191 refs=1386 sync=14.733 ms plan=0.303 ms stage/compute=72.179 ms misses=191
ds4: Flash-MoE hybrid prefill layer=6 ane_groups=0 ane_refs=0 gpu_i8_groups=0 gpu_i8_refs=0 fp32_groups=0 ane_min_refs=64 concurrent=1 ane_pipeline=1 output_queue=4 async_ane=0 gpu_overlap=0 finishes=0 waits=0
ds4: Flash-MoE overlap plan layer=6 exec_groups=191 planned_ane_groups=0 planned_ane_refs=0 planned_gpu_groups=191 planned_gpu_refs=1386 tail_gpu_groups=0 tail_gpu_refs=0 planned_ssd_groups=191 est_gpu=13610.0 est_ane=0.0 est_idle=100.00% wall=71.929 ms actual_ane_groups=0 actual_ane_refs=0 actual_gpu_groups=0 actual_gpu_refs=0 finishes=0 waits=0 overlap_gpu_groups=0
ds4: Flash-MoE async pread canceled queued=0 reading=0 ready=3445 finished=0
ds4: gpu chunked prefill pos=8192 tokens=231 layer 6 encode=88.250 ms execute=0.952 ms
ds4: Flash-MoE prefill layer=7 tokens=231 unique=181 refs=1386 sync=5.515 ms plan=0.353 ms stage/compute=67.488 ms misses=181
ds4: Flash-MoE hybrid prefill layer=7 ane_groups=1 ane_refs=64 gpu_i8_groups=0 gpu_i8_refs=0 fp32_groups=0 ane_min_refs=64 concurrent=1 ane_pipeline=1 output_queue=4 async_ane=1 gpu_overlap=180 finishes=1 waits=2
ds4: Flash-MoE overlap plan layer=7 exec_groups=181 planned_ane_groups=1 planned_ane_refs=64 planned_gpu_groups=180 planned_gpu_refs=1322 tail_gpu_groups=0 tail_gpu_refs=0 planned_ssd_groups=181 est_gpu=12842.0 est_ane=162.6 est_idle=98.73% wall=67.266 ms actual_ane_groups=1 actual_ane_refs=64 actual_gpu_groups=0 actual_gpu_refs=0 finishes=1 waits=2 overlap_gpu_groups=180
ds4: Flash-MoE async pread canceled queued=0 reading=0 ready=3456 finished=0
ds4: gpu chunked prefill pos=8192 tokens=231 layer 7 encode=73.957 ms execute=0.912 ms
ds4: Flash-MoE prefill layer=8 tokens=231 unique=179 refs=1386 sync=14.605 ms plan=0.352 ms stage/compute=68.086 ms misses=179
ds4: Flash-MoE hybrid prefill layer=8 ane_groups=1 ane_refs=103 gpu_i8_groups=0 gpu_i8_refs=0 fp32_groups=0 ane_min_refs=64 concurrent=1 ane_pipeline=1 output_queue=4 async_ane=1 gpu_overlap=178 finishes=1 waits=2
ds4: Flash-MoE overlap plan layer=8 exec_groups=179 planned_ane_groups=1 planned_ane_refs=103 planned_gpu_groups=178 planned_gpu_refs=1283 tail_gpu_groups=0 tail_gpu_refs=0 planned_ssd_groups=179 est_gpu=12675.0 est_ane=162.6 est_idle=98.72% wall=67.861 ms actual_ane_groups=1 actual_ane_refs=103 actual_gpu_groups=0 actual_gpu_refs=0 finishes=1 waits=2 overlap_gpu_groups=178
ds4: Flash-MoE async pread canceled queued=0 reading=0 ready=3470 finished=0
ds4: gpu chunked prefill pos=8192 tokens=231 layer 8 encode=84.007 ms execute=0.859 ms
ds4: Flash-MoE prefill layer=9 tokens=231 unique=196 refs=1386 sync=5.562 ms plan=0.329 ms stage/compute=75.243 ms misses=196
ds4: Flash-MoE hybrid prefill layer=9 ane_groups=0 ane_refs=0 gpu_i8_groups=0 gpu_i8_refs=0 fp32_groups=0 ane_min_refs=64 concurrent=1 ane_pipeline=1 output_queue=4 async_ane=0 gpu_overlap=0 finishes=0 waits=0
ds4: Flash-MoE overlap plan layer=9 exec_groups=196 planned_ane_groups=0 planned_ane_refs=0 planned_gpu_groups=196 planned_gpu_refs=1386 tail_gpu_groups=0 tail_gpu_refs=0 planned_ssd_groups=196 est_gpu=13930.0 est_ane=0.0 est_idle=100.00% wall=75.007 ms actual_ane_groups=0 actual_ane_refs=0 actual_gpu_groups=0 actual_gpu_refs=0 finishes=0 waits=0 overlap_gpu_groups=0
ds4: Flash-MoE async pread canceled queued=0 reading=0 ready=3481 finished=0
ds4: gpu chunked prefill pos=8192 tokens=231 layer 9 encode=81.698 ms execute=0.939 ms
ds4: Flash-MoE prefill layer=10 tokens=231 unique=182 refs=1386 sync=14.648 ms plan=0.387 ms stage/compute=69.976 ms misses=182
ds4: Flash-MoE hybrid prefill layer=10 ane_groups=0 ane_refs=0 gpu_i8_groups=0 gpu_i8_refs=0 fp32_groups=0 ane_min_refs=64 concurrent=1 ane_pipeline=1 output_queue=4 async_ane=0 gpu_overlap=0 finishes=0 waits=0
ds4: Flash-MoE overlap plan layer=10 exec_groups=182 planned_ane_groups=0 planned_ane_refs=0 planned_gpu_groups=182 planned_gpu_refs=1386 tail_gpu_groups=0 tail_gpu_refs=0 planned_ssd_groups=182 est_gpu=13034.0 est_ane=0.0 est_idle=100.00% wall=69.762 ms actual_ane_groups=0 actual_ane_refs=0 actual_gpu_groups=0 actual_gpu_refs=0 finishes=0 waits=0 overlap_gpu_groups=0
ds4: Flash-MoE async pread canceled queued=0 reading=0 ready=3501 finished=0
ds4: gpu chunked prefill pos=8192 tokens=231 layer 10 encode=86.011 ms execute=0.916 ms
ds4: Flash-MoE prefill layer=11 tokens=231 unique=176 refs=1386 sync=5.555 ms plan=0.294 ms stage/compute=68.020 ms misses=176
ds4: Flash-MoE hybrid prefill layer=11 ane_groups=0 ane_refs=0 gpu_i8_groups=0 gpu_i8_refs=0 fp32_groups=0 ane_min_refs=64 concurrent=1 ane_pipeline=1 output_queue=4 async_ane=0 gpu_overlap=0 finishes=0 waits=0
ds4: Flash-MoE overlap plan layer=11 exec_groups=176 planned_ane_groups=0 planned_ane_refs=0 planned_gpu_groups=176 planned_gpu_refs=1386 tail_gpu_groups=0 tail_gpu_refs=0 planned_ssd_groups=176 est_gpu=12650.0 est_ane=0.0 est_idle=100.00% wall=67.815 ms actual_ane_groups=0 actual_ane_refs=0 actual_gpu_groups=0 actual_gpu_refs=0 finishes=0 waits=0 overlap_gpu_groups=0
ds4: Flash-MoE async pread canceled queued=0 reading=0 ready=3514 finished=0
ds4: gpu chunked prefill pos=8192 tokens=231 layer 11 encode=74.374 ms execute=0.923 ms
ds4: Flash-MoE prefill layer=12 tokens=231 unique=150 refs=1386 sync=14.699 ms plan=0.333 ms stage/compute=59.859 ms misses=150
ds4: Flash-MoE hybrid prefill layer=12 ane_groups=1 ane_refs=74 gpu_i8_groups=0 gpu_i8_refs=0 fp32_groups=0 ane_min_refs=64 concurrent=1 ane_pipeline=1 output_queue=4 async_ane=1 gpu_overlap=149 finishes=1 waits=2
ds4: Flash-MoE overlap plan layer=12 exec_groups=150 planned_ane_groups=1 planned_ane_refs=74 planned_gpu_groups=149 planned_gpu_refs=1312 tail_gpu_groups=0 tail_gpu_refs=0 planned_ssd_groups=150 est_gpu=10848.0 est_ane=162.6 est_idle=98.50% wall=59.680 ms actual_ane_groups=1 actual_ane_refs=74 actual_gpu_groups=0 actual_gpu_refs=0 finishes=1 waits=2 overlap_gpu_groups=149
ds4: Flash-MoE async pread canceled queued=0 reading=0 ready=3529 finished=0
ds4: gpu chunked prefill pos=8192 tokens=231 layer 12 encode=75.851 ms execute=0.836 ms
ds4: Flash-MoE prefill layer=13 tokens=231 unique=151 refs=1386 sync=5.530 ms plan=0.285 ms stage/compute=59.740 ms misses=151
ds4: Flash-MoE hybrid prefill layer=13 ane_groups=1 ane_refs=67 gpu_i8_groups=0 gpu_i8_refs=0 fp32_groups=0 ane_min_refs=64 concurrent=1 ane_pipeline=1 output_queue=4 async_ane=1 gpu_overlap=150 finishes=1 waits=2
ds4: Flash-MoE overlap plan layer=13 exec_groups=151 planned_ane_groups=1 planned_ane_refs=67 planned_gpu_groups=150 planned_gpu_refs=1319 tail_gpu_groups=0 tail_gpu_refs=0 planned_ssd_groups=151 est_gpu=10919.0 est_ane=162.6 est_idle=98.51% wall=59.557 ms actual_ane_groups=1 actual_ane_refs=67 actual_gpu_groups=0 actual_gpu_refs=0 finishes=1 waits=2 overlap_gpu_groups=150
ds4: Flash-MoE async pread canceled queued=0 reading=0 ready=3548 finished=0
ds4: gpu chunked prefill pos=8192 tokens=231 layer 13 encode=66.096 ms execute=0.892 ms
ds4: Flash-MoE prefill layer=14 tokens=231 unique=165 refs=1386 sync=14.674 ms plan=0.314 ms stage/compute=64.380 ms misses=165
ds4: Flash-MoE hybrid prefill layer=14 ane_groups=0 ane_refs=0 gpu_i8_groups=0 gpu_i8_refs=0 fp32_groups=0 ane_min_refs=64 concurrent=1 ane_pipeline=1 output_queue=4 async_ane=0 gpu_overlap=0 finishes=0 waits=0
ds4: Flash-MoE overlap plan layer=14 exec_groups=165 planned_ane_groups=0 planned_ane_refs=0 planned_gpu_groups=165 planned_gpu_refs=1386 tail_gpu_groups=0 tail_gpu_refs=0 planned_ssd_groups=165 est_gpu=11946.0 est_ane=0.0 est_idle=100.00% wall=64.179 ms actual_ane_groups=0 actual_ane_refs=0 actual_gpu_groups=0 actual_gpu_refs=0 finishes=0 waits=0 overlap_gpu_groups=0
ds4: Flash-MoE async pread canceled queued=0 reading=0 ready=3561 finished=0
ds4: gpu chunked prefill pos=8192 tokens=231 layer 14 encode=80.376 ms execute=0.953 ms
ds4: Flash-MoE prefill layer=15 tokens=231 unique=146 refs=1386 sync=5.537 ms plan=0.301 ms stage/compute=57.055 ms misses=146
ds4: Flash-MoE hybrid prefill layer=15 ane_groups=0 ane_refs=0 gpu_i8_groups=0 gpu_i8_refs=0 fp32_groups=0 ane_min_refs=64 concurrent=1 ane_pipeline=1 output_queue=4 async_ane=0 gpu_overlap=0 finishes=0 waits=0
ds4: Flash-MoE overlap plan layer=15 exec_groups=146 planned_ane_groups=0 planned_ane_refs=0 planned_gpu_groups=146 planned_gpu_refs=1386 tail_gpu_groups=0 tail_gpu_refs=0 planned_ssd_groups=146 est_gpu=10730.0 est_ane=0.0 est_idle=100.00% wall=56.865 ms actual_ane_groups=0 actual_ane_refs=0 actual_gpu_groups=0 actual_gpu_refs=0 finishes=0 waits=0 overlap_gpu_groups=0
ds4: Flash-MoE async pread canceled queued=0 reading=0 ready=3585 finished=0
ds4: gpu chunked prefill pos=8192 tokens=231 layer 15 encode=63.388 ms execute=0.953 ms
ds4: Flash-MoE prefill layer=16 tokens=231 unique=157 refs=1386 sync=14.669 ms plan=0.289 ms stage/compute=60.264 ms misses=157
ds4: Flash-MoE hybrid prefill layer=16 ane_groups=1 ane_refs=112 gpu_i8_groups=0 gpu_i8_refs=0 fp32_groups=0 ane_min_refs=64 concurrent=1 ane_pipeline=1 output_queue=4 async_ane=1 gpu_overlap=156 finishes=1 waits=2
ds4: Flash-MoE overlap plan layer=16 exec_groups=157 planned_ane_groups=1 planned_ane_refs=112 planned_gpu_groups=156 planned_gpu_refs=1274 tail_gpu_groups=0 tail_gpu_refs=0 planned_ssd_groups=157 est_gpu=11258.0 est_ane=162.6 est_idle=98.56% wall=60.074 ms actual_ane_groups=1 actual_ane_refs=112 actual_gpu_groups=0 actual_gpu_refs=0 finishes=1 waits=2 overlap_gpu_groups=156
ds4: Flash-MoE async pread canceled queued=0 reading=0 ready=3609 finished=0
ds4: gpu chunked prefill pos=8192 tokens=231 layer 16 encode=76.192 ms execute=0.879 ms
ds4: Flash-MoE prefill layer=17 tokens=231 unique=152 refs=1386 sync=5.502 ms plan=0.337 ms stage/compute=59.797 ms misses=152
ds4: Flash-MoE hybrid prefill layer=17 ane_groups=1 ane_refs=115 gpu_i8_groups=0 gpu_i8_refs=0 fp32_groups=0 ane_min_refs=64 concurrent=1 ane_pipeline=1 output_queue=4 async_ane=1 gpu_overlap=151 finishes=1 waits=2
ds4: Flash-MoE overlap plan layer=17 exec_groups=152 planned_ane_groups=1 planned_ane_refs=115 planned_gpu_groups=151 planned_gpu_refs=1271 tail_gpu_groups=0 tail_gpu_refs=0 planned_ssd_groups=152 est_gpu=10935.0 est_ane=162.6 est_idle=98.51% wall=59.600 ms actual_ane_groups=1 actual_ane_refs=115 actual_gpu_groups=0 actual_gpu_refs=0 finishes=1 waits=2 overlap_gpu_groups=151
ds4: Flash-MoE async pread canceled queued=0 reading=0 ready=3637 finished=0
ds4: gpu chunked prefill pos=8192 tokens=231 layer 17 encode=66.141 ms execute=1.044 ms
ds4: Flash-MoE prefill layer=18 tokens=231 unique=152 refs=1386 sync=14.890 ms plan=0.431 ms stage/compute=60.240 ms misses=152
ds4: Flash-MoE hybrid prefill layer=18 ane_groups=1 ane_refs=117 gpu_i8_groups=0 gpu_i8_refs=0 fp32_groups=0 ane_min_refs=64 concurrent=1 ane_pipeline=1 output_queue=4 async_ane=1 gpu_overlap=151 finishes=1 waits=2
ds4: Flash-MoE overlap plan layer=18 exec_groups=152 planned_ane_groups=1 planned_ane_refs=117 planned_gpu_groups=151 planned_gpu_refs=1269 tail_gpu_groups=0 tail_gpu_refs=0 planned_ssd_groups=152 est_gpu=10933.0 est_ane=162.6 est_idle=98.51% wall=60.039 ms actual_ane_groups=1 actual_ane_refs=117 actual_gpu_groups=0 actual_gpu_refs=0 finishes=1 waits=2 overlap_gpu_groups=151
ds4: Flash-MoE async pread canceled queued=0 reading=0 ready=3660 finished=0
ds4: gpu chunked prefill pos=8192 tokens=231 layer 18 encode=76.656 ms execute=0.852 ms
ds4: Flash-MoE prefill layer=19 tokens=231 unique=197 refs=1386 sync=5.533 ms plan=0.332 ms stage/compute=76.894 ms misses=197
ds4: Flash-MoE hybrid prefill layer=19 ane_groups=0 ane_refs=0 gpu_i8_groups=0 gpu_i8_refs=0 fp32_groups=0 ane_min_refs=64 concurrent=1 ane_pipeline=1 output_queue=4 async_ane=0 gpu_overlap=0 finishes=0 waits=0
ds4: Flash-MoE overlap plan layer=19 exec_groups=197 planned_ane_groups=0 planned_ane_refs=0 planned_gpu_groups=197 planned_gpu_refs=1386 tail_gpu_groups=0 tail_gpu_refs=0 planned_ssd_groups=197 est_gpu=13994.0 est_ane=0.0 est_idle=100.00% wall=76.601 ms actual_ane_groups=0 actual_ane_refs=0 actual_gpu_groups=0 actual_gpu_refs=0 finishes=0 waits=0 overlap_gpu_groups=0
ds4: Flash-MoE async pread canceled queued=0 reading=0 ready=3668 finished=0
ds4: gpu chunked prefill pos=8192 tokens=231 layer 19 encode=83.290 ms execute=1.035 ms
ds4: Flash-MoE prefill layer=20 tokens=231 unique=141 refs=1386 sync=14.650 ms plan=0.338 ms stage/compute=58.249 ms misses=141
ds4: Flash-MoE hybrid prefill layer=20 ane_groups=1 ane_refs=110 gpu_i8_groups=0 gpu_i8_refs=0 fp32_groups=0 ane_min_refs=64 concurrent=1 ane_pipeline=1 output_queue=4 async_ane=1 gpu_overlap=140 finishes=1 waits=2
ds4: Flash-MoE overlap plan layer=20 exec_groups=141 planned_ane_groups=1 planned_ane_refs=110 planned_gpu_groups=140 planned_gpu_refs=1276 tail_gpu_groups=0 tail_gpu_refs=0 planned_ssd_groups=141 est_gpu=10236.0 est_ane=162.6 est_idle=98.41% wall=58.077 ms actual_ane_groups=1 actual_ane_refs=110 actual_gpu_groups=0 actual_gpu_refs=0 finishes=1 waits=2 overlap_gpu_groups=140
ds4: Flash-MoE async pread canceled queued=0 reading=0 ready=3689 finished=0
ds4: gpu chunked prefill pos=8192 tokens=231 layer 20 encode=74.230 ms execute=0.857 ms
ds4: Flash-MoE prefill layer=21 tokens=231 unique=160 refs=1386 sync=5.479 ms plan=0.352 ms stage/compute=62.470 ms misses=160
ds4: Flash-MoE hybrid prefill layer=21 ane_groups=0 ane_refs=0 gpu_i8_groups=0 gpu_i8_refs=0 fp32_groups=0 ane_min_refs=64 concurrent=1 ane_pipeline=1 output_queue=4 async_ane=0 gpu_overlap=0 finishes=0 waits=0
ds4: Flash-MoE overlap plan layer=21 exec_groups=160 planned_ane_groups=0 planned_ane_refs=0 planned_gpu_groups=160 planned_gpu_refs=1386 tail_gpu_groups=0 tail_gpu_refs=0 planned_ssd_groups=160 est_gpu=11626.0 est_ane=0.0 est_idle=100.00% wall=62.248 ms actual_ane_groups=0 actual_ane_refs=0 actual_gpu_groups=0 actual_gpu_refs=0 finishes=0 waits=0 overlap_gpu_groups=0
ds4: Flash-MoE async pread canceled queued=0 reading=0 ready=3704 finished=0
ds4: gpu chunked prefill pos=8192 tokens=231 layer 21 encode=68.805 ms execute=0.902 ms
ds4: Flash-MoE prefill layer=22 tokens=231 unique=167 refs=1386 sync=14.549 ms plan=0.326 ms stage/compute=63.158 ms misses=167
ds4: Flash-MoE hybrid prefill layer=22 ane_groups=0 ane_refs=0 gpu_i8_groups=0 gpu_i8_refs=0 fp32_groups=0 ane_min_refs=64 concurrent=1 ane_pipeline=1 output_queue=4 async_ane=0 gpu_overlap=0 finishes=0 waits=0
ds4: Flash-MoE overlap plan layer=22 exec_groups=167 planned_ane_groups=0 planned_ane_refs=0 planned_gpu_groups=167 planned_gpu_refs=1386 tail_gpu_groups=0 tail_gpu_refs=0 planned_ssd_groups=167 est_gpu=12074.0 est_ane=0.0 est_idle=100.00% wall=62.956 ms actual_ane_groups=0 actual_ane_refs=0 actual_gpu_groups=0 actual_gpu_refs=0 finishes=0 waits=0 overlap_gpu_groups=0
ds4: Flash-MoE async pread canceled queued=0 reading=0 ready=3717 finished=0
ds4: gpu chunked prefill pos=8192 tokens=231 layer 22 encode=78.997 ms execute=0.935 ms
ds4: Flash-MoE prefill layer=23 tokens=231 unique=178 refs=1386 sync=5.510 ms plan=0.352 ms stage/compute=70.235 ms misses=178
ds4: Flash-MoE hybrid prefill layer=23 ane_groups=0 ane_refs=0 gpu_i8_groups=0 gpu_i8_refs=0 fp32_groups=0 ane_min_refs=64 concurrent=1 ane_pipeline=1 output_queue=4 async_ane=0 gpu_overlap=0 finishes=0 waits=0
ds4: Flash-MoE overlap plan layer=23 exec_groups=178 planned_ane_groups=0 planned_ane_refs=0 planned_gpu_groups=178 planned_gpu_refs=1386 tail_gpu_groups=0 tail_gpu_refs=0 planned_ssd_groups=178 est_gpu=12778.0 est_ane=0.0 est_idle=100.00% wall=69.998 ms actual_ane_groups=0 actual_ane_refs=0 actual_gpu_groups=0 actual_gpu_refs=0 finishes=0 waits=0 overlap_gpu_groups=0
ds4: Flash-MoE async pread canceled queued=0 reading=0 ready=3731 finished=0
ds4: gpu chunked prefill pos=8192 tokens=231 layer 23 encode=76.627 ms execute=0.930 ms
ds4: Flash-MoE prefill layer=24 tokens=231 unique=163 refs=1386 sync=14.518 ms plan=0.290 ms stage/compute=67.021 ms misses=163
ds4: Flash-MoE hybrid prefill layer=24 ane_groups=0 ane_refs=0 gpu_i8_groups=0 gpu_i8_refs=0 fp32_groups=0 ane_min_refs=64 concurrent=1 ane_pipeline=1 output_queue=4 async_ane=0 gpu_overlap=0 finishes=0 waits=0
ds4: Flash-MoE overlap plan layer=24 exec_groups=163 planned_ane_groups=0 planned_ane_refs=0 planned_gpu_groups=163 planned_gpu_refs=1386 tail_gpu_groups=0 tail_gpu_refs=0 planned_ssd_groups=163 est_gpu=11818.0 est_ane=0.0 est_idle=100.00% wall=66.811 ms actual_ane_groups=0 actual_ane_refs=0 actual_gpu_groups=0 actual_gpu_refs=0 finishes=0 waits=0 overlap_gpu_groups=0
ds4: Flash-MoE async pread canceled queued=0 reading=0 ready=3749 finished=0
ds4: gpu chunked prefill pos=8192 tokens=231 layer 24 encode=82.759 ms execute=0.939 ms
ds4: Flash-MoE prefill layer=25 tokens=231 unique=177 refs=1386 sync=5.536 ms plan=0.396 ms stage/compute=68.946 ms misses=177
ds4: Flash-MoE hybrid prefill layer=25 ane_groups=0 ane_refs=0 gpu_i8_groups=0 gpu_i8_refs=0 fp32_groups=0 ane_min_refs=64 concurrent=1 ane_pipeline=1 output_queue=4 async_ane=0 gpu_overlap=0 finishes=0 waits=0
ds4: Flash-MoE overlap plan layer=25 exec_groups=177 planned_ane_groups=0 planned_ane_refs=0 planned_gpu_groups=177 planned_gpu_refs=1386 tail_gpu_groups=0 tail_gpu_refs=0 planned_ssd_groups=177 est_gpu=12714.0 est_ane=0.0 est_idle=100.00% wall=68.719 ms actual_ane_groups=0 actual_ane_refs=0 actual_gpu_groups=0 actual_gpu_refs=0 finishes=0 waits=0 overlap_gpu_groups=0
ds4: Flash-MoE async pread canceled queued=0 reading=1 ready=3764 finished=1
ds4: gpu chunked prefill pos=8192 tokens=231 layer 25 encode=75.377 ms execute=0.923 ms
ds4: Flash-MoE prefill layer=26 tokens=231 unique=147 refs=1386 sync=14.644 ms plan=0.344 ms stage/compute=56.345 ms misses=147
ds4: Flash-MoE hybrid prefill layer=26 ane_groups=2 ane_refs=170 gpu_i8_groups=0 gpu_i8_refs=0 fp32_groups=0 ane_min_refs=64 concurrent=1 ane_pipeline=1 output_queue=4 async_ane=2 gpu_overlap=145 finishes=2 waits=4
ds4: Flash-MoE overlap plan layer=26 exec_groups=147 planned_ane_groups=2 planned_ane_refs=170 planned_gpu_groups=145 planned_gpu_refs=1216 tail_gpu_groups=0 tail_gpu_refs=0 planned_ssd_groups=147 est_gpu=10496.0 est_ane=325.2 est_idle=96.90% wall=56.163 ms actual_ane_groups=2 actual_ane_refs=170 actual_gpu_groups=0 actual_gpu_refs=0 finishes=2 waits=4 overlap_gpu_groups=145
ds4: Flash-MoE async pread canceled queued=0 reading=1 ready=3780 finished=1
ds4: gpu chunked prefill pos=8192 tokens=231 layer 26 encode=72.297 ms execute=1.040 ms
ds4: Flash-MoE prefill layer=27 tokens=231 unique=167 refs=1386 sync=5.453 ms plan=0.431 ms stage/compute=63.640 ms misses=167
ds4: Flash-MoE hybrid prefill layer=27 ane_groups=2 ane_refs=141 gpu_i8_groups=0 gpu_i8_refs=0 fp32_groups=0 ane_min_refs=64 concurrent=1 ane_pipeline=1 output_queue=4 async_ane=2 gpu_overlap=165 finishes=2 waits=4
ds4: Flash-MoE overlap plan layer=27 exec_groups=167 planned_ane_groups=2 planned_ane_refs=141 planned_gpu_groups=165 planned_gpu_refs=1245 tail_gpu_groups=0 tail_gpu_refs=0 planned_ssd_groups=167 est_gpu=11805.0 est_ane=325.2 est_idle=97.25% wall=63.381 ms actual_ane_groups=2 actual_ane_refs=141 actual_gpu_groups=0 actual_gpu_refs=0 finishes=2 waits=4 overlap_gpu_groups=165
ds4: Flash-MoE async pread canceled queued=4 reading=2 ready=3792 finished=2
ds4: gpu chunked prefill pos=8192 tokens=231 layer 27 encode=70.011 ms execute=0.881 ms
ds4: Flash-MoE prefill layer=28 tokens=231 unique=163 refs=1386 sync=14.545 ms plan=0.380 ms stage/compute=64.888 ms misses=163
ds4: Flash-MoE hybrid prefill layer=28 ane_groups=0 ane_refs=0 gpu_i8_groups=0 gpu_i8_refs=0 fp32_groups=0 ane_min_refs=64 concurrent=1 ane_pipeline=1 output_queue=4 async_ane=0 gpu_overlap=0 finishes=0 waits=0
ds4: Flash-MoE overlap plan layer=28 exec_groups=163 planned_ane_groups=0 planned_ane_refs=0 planned_gpu_groups=163 planned_gpu_refs=1386 tail_gpu_groups=0 tail_gpu_refs=0 planned_ssd_groups=163 est_gpu=11818.0 est_ane=0.0 est_idle=100.00% wall=64.698 ms actual_ane_groups=0 actual_ane_refs=0 actual_gpu_groups=0 actual_gpu_refs=0 finishes=0 waits=0 overlap_gpu_groups=0
ds4: Flash-MoE async pread canceled queued=4 reading=2 ready=3812 finished=2
ds4: gpu chunked prefill pos=8192 tokens=231 layer 28 encode=80.852 ms execute=0.938 ms
ds4: Flash-MoE prefill layer=29 tokens=231 unique=154 refs=1386 sync=5.457 ms plan=0.380 ms stage/compute=61.837 ms misses=154
ds4: Flash-MoE hybrid prefill layer=29 ane_groups=0 ane_refs=0 gpu_i8_groups=0 gpu_i8_refs=0 fp32_groups=0 ane_min_refs=64 concurrent=1 ane_pipeline=1 output_queue=4 async_ane=0 gpu_overlap=0 finishes=0 waits=0
ds4: Flash-MoE overlap plan layer=29 exec_groups=154 planned_ane_groups=0 planned_ane_refs=0 planned_gpu_groups=154 planned_gpu_refs=1386 tail_gpu_groups=0 tail_gpu_refs=0 planned_ssd_groups=154 est_gpu=11242.0 est_ane=0.0 est_idle=100.00% wall=61.641 ms actual_ane_groups=0 actual_ane_refs=0 actual_gpu_groups=0 actual_gpu_refs=0 finishes=0 waits=0 overlap_gpu_groups=0
ds4: Flash-MoE async pread canceled queued=4 reading=3 ready=3839 finished=3
ds4: gpu chunked prefill pos=8192 tokens=231 layer 29 encode=68.231 ms execute=0.921 ms
ds4: Flash-MoE prefill layer=30 tokens=231 unique=161 refs=1386 sync=14.623 ms plan=0.314 ms stage/compute=63.275 ms misses=161
ds4: Flash-MoE hybrid prefill layer=30 ane_groups=0 ane_refs=0 gpu_i8_groups=0 gpu_i8_refs=0 fp32_groups=0 ane_min_refs=64 concurrent=1 ane_pipeline=1 output_queue=4 async_ane=0 gpu_overlap=0 finishes=0 waits=0
ds4: Flash-MoE overlap plan layer=30 exec_groups=161 planned_ane_groups=0 planned_ane_refs=0 planned_gpu_groups=161 planned_gpu_refs=1386 tail_gpu_groups=0 tail_gpu_refs=0 planned_ssd_groups=161 est_gpu=11690.0 est_ane=0.0 est_idle=100.00% wall=63.085 ms actual_ane_groups=0 actual_ane_refs=0 actual_gpu_groups=0 actual_gpu_refs=0 finishes=0 waits=0 overlap_gpu_groups=0
ds4: Flash-MoE async pread canceled queued=4 reading=3 ready=3856 finished=3
ds4: gpu chunked prefill pos=8192 tokens=231 layer 30 encode=79.172 ms execute=0.916 ms
ds4: Flash-MoE prefill layer=31 tokens=231 unique=158 refs=1386 sync=5.430 ms plan=0.422 ms stage/compute=62.350 ms misses=158
ds4: Flash-MoE hybrid prefill layer=31 ane_groups=0 ane_refs=0 gpu_i8_groups=0 gpu_i8_refs=0 fp32_groups=0 ane_min_refs=64 concurrent=1 ane_pipeline=1 output_queue=4 async_ane=0 gpu_overlap=0 finishes=0 waits=0
ds4: Flash-MoE overlap plan layer=31 exec_groups=158 planned_ane_groups=0 planned_ane_refs=0 planned_gpu_groups=158 planned_gpu_refs=1386 tail_gpu_groups=0 tail_gpu_refs=0 planned_ssd_groups=158 est_gpu=11498.0 est_ane=0.0 est_idle=100.00% wall=62.130 ms actual_ane_groups=0 actual_ane_refs=0 actual_gpu_groups=0 actual_gpu_refs=0 finishes=0 waits=0 overlap_gpu_groups=0
ds4: Flash-MoE async pread canceled queued=5 reading=4 ready=3872 finished=4
ds4: gpu chunked prefill pos=8192 tokens=231 layer 31 encode=68.690 ms execute=0.934 ms
ds4: Flash-MoE prefill layer=32 tokens=231 unique=170 refs=1386 sync=14.601 ms plan=0.324 ms stage/compute=67.722 ms misses=170
ds4: Flash-MoE hybrid prefill layer=32 ane_groups=0 ane_refs=0 gpu_i8_groups=0 gpu_i8_refs=0 fp32_groups=0 ane_min_refs=64 concurrent=1 ane_pipeline=1 output_queue=4 async_ane=0 gpu_overlap=0 finishes=0 waits=0
ds4: Flash-MoE overlap plan layer=32 exec_groups=170 planned_ane_groups=0 planned_ane_refs=0 planned_gpu_groups=170 planned_gpu_refs=1386 tail_gpu_groups=0 tail_gpu_refs=0 planned_ssd_groups=170 est_gpu=12266.0 est_ane=0.0 est_idle=100.00% wall=67.509 ms actual_ane_groups=0 actual_ane_refs=0 actual_gpu_groups=0 actual_gpu_refs=0 finishes=0 waits=0 overlap_gpu_groups=0
ds4: Flash-MoE async pread canceled queued=5 reading=4 ready=3887 finished=4
ds4: gpu chunked prefill pos=8192 tokens=231 layer 32 encode=83.651 ms execute=0.930 ms
ds4: Flash-MoE prefill layer=33 tokens=231 unique=161 refs=1386 sync=5.439 ms plan=0.396 ms stage/compute=63.193 ms misses=161
ds4: Flash-MoE hybrid prefill layer=33 ane_groups=0 ane_refs=0 gpu_i8_groups=0 gpu_i8_refs=0 fp32_groups=0 ane_min_refs=64 concurrent=1 ane_pipeline=1 output_queue=4 async_ane=0 gpu_overlap=0 finishes=0 waits=0
ds4: Flash-MoE overlap plan layer=33 exec_groups=161 planned_ane_groups=0 planned_ane_refs=0 planned_gpu_groups=161 planned_gpu_refs=1386 tail_gpu_groups=0 tail_gpu_refs=0 planned_ssd_groups=161 est_gpu=11690.0 est_ane=0.0 est_idle=100.00% wall=62.984 ms actual_ane_groups=0 actual_ane_refs=0 actual_gpu_groups=0 actual_gpu_refs=0 finishes=0 waits=0 overlap_gpu_groups=0
ds4: Flash-MoE async pread canceled queued=5 reading=5 ready=3908 finished=5
ds4: gpu chunked prefill pos=8192 tokens=231 layer 33 encode=69.568 ms execute=0.929 ms
ds4: Flash-MoE prefill layer=34 tokens=231 unique=156 refs=1386 sync=14.532 ms plan=0.359 ms stage/compute=59.666 ms misses=156
ds4: Flash-MoE hybrid prefill layer=34 ane_groups=1 ane_refs=106 gpu_i8_groups=0 gpu_i8_refs=0 fp32_groups=0 ane_min_refs=64 concurrent=1 ane_pipeline=1 output_queue=4 async_ane=1 gpu_overlap=155 finishes=1 waits=2
ds4: Flash-MoE overlap plan layer=34 exec_groups=156 planned_ane_groups=1 planned_ane_refs=106 planned_gpu_groups=155 planned_gpu_refs=1280 tail_gpu_groups=0 tail_gpu_refs=0 planned_ssd_groups=156 est_gpu=11200.0 est_ane=162.6 est_idle=98.55% wall=59.472 ms actual_ane_groups=1 actual_ane_refs=106 actual_gpu_groups=0 actual_gpu_refs=0 finishes=1 waits=2 overlap_gpu_groups=155
ds4: Flash-MoE async pread canceled queued=5 reading=5 ready=3927 finished=5
ds4: gpu chunked prefill pos=8192 tokens=231 layer 34 encode=75.513 ms execute=0.853 ms
ds4: Flash-MoE prefill layer=35 tokens=231 unique=167 refs=1386 sync=5.498 ms plan=0.348 ms stage/compute=65.048 ms misses=167
ds4: Flash-MoE hybrid prefill layer=35 ane_groups=1 ane_refs=75 gpu_i8_groups=0 gpu_i8_refs=0 fp32_groups=0 ane_min_refs=64 concurrent=1 ane_pipeline=1 output_queue=4 async_ane=1 gpu_overlap=166 finishes=1 waits=2
ds4: Flash-MoE overlap plan layer=35 exec_groups=167 planned_ane_groups=1 planned_ane_refs=75 planned_gpu_groups=166 planned_gpu_refs=1311 tail_gpu_groups=0 tail_gpu_refs=0 planned_ssd_groups=167 est_gpu=11935.0 est_ane=162.6 est_idle=98.64% wall=64.725 ms actual_ane_groups=1 actual_ane_refs=75 actual_gpu_groups=0 actual_gpu_refs=0 finishes=1 waits=2 overlap_gpu_groups=166
ds4: Flash-MoE async pread canceled queued=7 reading=5 ready=3943 finished=5
ds4: gpu chunked prefill pos=8192 tokens=231 layer 35 encode=71.478 ms execute=0.862 ms
ds4: Flash-MoE prefill layer=36 tokens=231 unique=158 refs=1386 sync=14.533 ms plan=0.282 ms stage/compute=61.811 ms misses=158
ds4: Flash-MoE hybrid prefill layer=36 ane_groups=0 ane_refs=0 gpu_i8_groups=0 gpu_i8_refs=0 fp32_groups=0 ane_min_refs=64 concurrent=1 ane_pipeline=1 output_queue=4 async_ane=0 gpu_overlap=0 finishes=0 waits=0
ds4: Flash-MoE overlap plan layer=36 exec_groups=158 planned_ane_groups=0 planned_ane_refs=0 planned_gpu_groups=158 planned_gpu_refs=1386 tail_gpu_groups=0 tail_gpu_refs=0 planned_ssd_groups=158 est_gpu=11498.0 est_ane=0.0 est_idle=100.00% wall=61.626 ms actual_ane_groups=0 actual_ane_refs=0 actual_gpu_groups=0 actual_gpu_refs=0 finishes=0 waits=0 overlap_gpu_groups=0
ds4: Flash-MoE async pread canceled queued=7 reading=5 ready=3963 finished=5
ds4: gpu chunked prefill pos=8192 tokens=231 layer 36 encode=77.600 ms execute=0.937 ms
ds4: Flash-MoE prefill layer=37 tokens=231 unique=155 refs=1386 sync=5.458 ms plan=0.316 ms stage/compute=62.111 ms misses=155
ds4: Flash-MoE hybrid prefill layer=37 ane_groups=1 ane_refs=101 gpu_i8_groups=0 gpu_i8_refs=0 fp32_groups=0 ane_min_refs=64 concurrent=1 ane_pipeline=1 output_queue=4 async_ane=1 gpu_overlap=154 finishes=1 waits=2
ds4: Flash-MoE overlap plan layer=37 exec_groups=155 planned_ane_groups=1 planned_ane_refs=101 planned_gpu_groups=154 planned_gpu_refs=1285 tail_gpu_groups=0 tail_gpu_refs=0 planned_ssd_groups=155 est_gpu=11141.0 est_ane=162.6 est_idle=98.54% wall=61.906 ms actual_ane_groups=1 actual_ane_refs=101 actual_gpu_groups=0 actual_gpu_refs=0 finishes=1 waits=2 overlap_gpu_groups=154
ds4: Flash-MoE async pread canceled queued=7 reading=5 ready=3982 finished=5
ds4: gpu chunked prefill pos=8192 tokens=231 layer 37 encode=68.459 ms execute=0.834 ms
ds4: Flash-MoE prefill layer=38 tokens=231 unique=161 refs=1386 sync=14.536 ms plan=0.399 ms stage/compute=63.712 ms misses=161
ds4: Flash-MoE hybrid prefill layer=38 ane_groups=0 ane_refs=0 gpu_i8_groups=0 gpu_i8_refs=0 fp32_groups=0 ane_min_refs=64 concurrent=1 ane_pipeline=1 output_queue=4 async_ane=0 gpu_overlap=0 finishes=0 waits=0
ds4: Flash-MoE overlap plan layer=38 exec_groups=161 planned_ane_groups=0 planned_ane_refs=0 planned_gpu_groups=161 planned_gpu_refs=1386 tail_gpu_groups=0 tail_gpu_refs=0 planned_ssd_groups=161 est_gpu=11690.0 est_ane=0.0 est_idle=100.00% wall=63.509 ms actual_ane_groups=0 actual_ane_refs=0 actual_gpu_groups=0 actual_gpu_refs=0 finishes=0 waits=0 overlap_gpu_groups=0
ds4: Flash-MoE async pread canceled queued=7 reading=5 ready=4000 finished=5
ds4: gpu chunked prefill pos=8192 tokens=231 layer 38 encode=79.687 ms execute=0.926 ms
ds4: Flash-MoE prefill layer=39 tokens=231 unique=170 refs=1386 sync=5.402 ms plan=0.387 ms stage/compute=65.113 ms misses=170
ds4: Flash-MoE hybrid prefill layer=39 ane_groups=0 ane_refs=0 gpu_i8_groups=0 gpu_i8_refs=0 fp32_groups=0 ane_min_refs=64 concurrent=1 ane_pipeline=1 output_queue=4 async_ane=0 gpu_overlap=0 finishes=0 waits=0
ds4: Flash-MoE overlap plan layer=39 exec_groups=170 planned_ane_groups=0 planned_ane_refs=0 planned_gpu_groups=170 planned_gpu_refs=1386 tail_gpu_groups=0 tail_gpu_refs=0 planned_ssd_groups=170 est_gpu=12266.0 est_ane=0.0 est_idle=100.00% wall=64.849 ms actual_ane_groups=0 actual_ane_refs=0 actual_gpu_groups=0 actual_gpu_refs=0 finishes=0 waits=0 overlap_gpu_groups=0
ds4: Flash-MoE async pread canceled queued=9 reading=5 ready=4013 finished=5
ds4: gpu chunked prefill pos=8192 tokens=231 layer 39 encode=71.397 ms execute=0.933 ms
ds4: Flash-MoE prefill layer=40 tokens=231 unique=119 refs=1386 sync=14.564 ms plan=0.344 ms stage/compute=48.670 ms misses=119
ds4: Flash-MoE hybrid prefill layer=40 ane_groups=1 ane_refs=162 gpu_i8_groups=0 gpu_i8_refs=0 fp32_groups=0 ane_min_refs=64 concurrent=1 ane_pipeline=1 output_queue=4 async_ane=1 gpu_overlap=118 finishes=1 waits=2
ds4: Flash-MoE overlap plan layer=40 exec_groups=119 planned_ane_groups=1 planned_ane_refs=162 planned_gpu_groups=118 planned_gpu_refs=1224 tail_gpu_groups=0 tail_gpu_refs=0 planned_ssd_groups=119 est_gpu=8776.0 est_ane=162.6 est_idle=98.15% wall=48.514 ms actual_ane_groups=1 actual_ane_refs=162 actual_gpu_groups=0 actual_gpu_refs=0 finishes=1 waits=2 overlap_gpu_groups=118
ds4: Flash-MoE async pread canceled queued=9 reading=5 ready=4033 finished=5
ds4: gpu chunked prefill pos=8192 tokens=231 layer 40 encode=64.521 ms execute=0.866 ms
ds4: Flash-MoE prefill layer=41 tokens=231 unique=143 refs=1386 sync=5.439 ms plan=0.326 ms stage/compute=57.654 ms misses=143
ds4: Flash-MoE hybrid prefill layer=41 ane_groups=1 ane_refs=64 gpu_i8_groups=0 gpu_i8_refs=0 fp32_groups=0 ane_min_refs=64 concurrent=1 ane_pipeline=1 output_queue=4 async_ane=1 gpu_overlap=142 finishes=1 waits=2
ds4: Flash-MoE overlap plan layer=41 exec_groups=143 planned_ane_groups=1 planned_ane_refs=64 planned_gpu_groups=142 planned_gpu_refs=1322 tail_gpu_groups=0 tail_gpu_refs=0 planned_ssd_groups=143 est_gpu=10410.0 est_ane=162.6 est_idle=98.44% wall=57.456 ms actual_ane_groups=1 actual_ane_refs=64 actual_gpu_groups=0 actual_gpu_refs=0 finishes=1 waits=2 overlap_gpu_groups=142
ds4: Flash-MoE async pread canceled queued=10 reading=6 ready=4054 finished=6
ds4: gpu chunked prefill pos=8192 tokens=231 layer 41 encode=63.913 ms execute=0.895 ms
ds4: Flash-MoE prefill layer=42 tokens=231 unique=144 refs=1386 sync=14.791 ms plan=0.426 ms stage/compute=59.271 ms misses=144
ds4: Flash-MoE hybrid prefill layer=42 ane_groups=1 ane_refs=103 gpu_i8_groups=0 gpu_i8_refs=0 fp32_groups=0 ane_min_refs=64 concurrent=1 ane_pipeline=1 output_queue=4 async_ane=1 gpu_overlap=143 finishes=1 waits=2
ds4: Flash-MoE overlap plan layer=42 exec_groups=144 planned_ane_groups=1 planned_ane_refs=103 planned_gpu_groups=143 planned_gpu_refs=1283 tail_gpu_groups=0 tail_gpu_refs=0 planned_ssd_groups=144 est_gpu=10435.0 est_ane=162.6 est_idle=98.44% wall=59.061 ms actual_ane_groups=1 actual_ane_refs=103 actual_gpu_groups=0 actual_gpu_refs=0 finishes=1 waits=2 overlap_gpu_groups=143
ds4: Flash-MoE async pread canceled queued=10 reading=6 ready=4079 finished=6
ds4: gpu chunked prefill pos=8192 tokens=231 layer 42 encode=75.428 ms execute=0.850 ms
processing 8423 input tokens: 8423/8423 (100.0%) batch=68.59 t/s avg=167.13 t/s
ds4: gpu chunked prefill start=0 tokens=8423 chunk=1024 encode=49155.215 ms execute=921.986 ms read=0.009 ms total=50109.836 ms
ds4: prefill full: 8423 tokens in 50397.6 ms (167.1 t/s)
We
ds4: ----------------------------------------
ds4: prefill: 167.13 t/s, generation: 1.12 t/s
ds4: Flash-MoE cross-layer prefetch layers=378 experts_queued=18144 (avg=48.0/layer)
ds4: Flash-MoE slot-bank stats hits=0 misses=78336 hit-rate=0.0% resident-slots=258/4128 (6.2%, avg=6.0/layer min=6 max=6 of 96) installed=528768.00 MiB
ds4: Flash-MoE decode prefetch calls=43 loads=258 bytes=1741.50 MiB pread=296.923 ms upload=102.561 ms overlap-flushes=43
ds4: Flash-MoE prefill dedup refs=2173134 unique=78078 saved=2095056 (96.4%) reuse=27.83x
ds4: Flash-MoE prefill stage stats calls=78078 bytes=527026.50 MiB pread=15112.704 ms upload=8767.328 ms gate=2720.932 ms up=2686.006 ms down=3360.390 ms scatter=70.417 ms stage_rate=22069.76 MiB/s pread_rate=34873.08 MiB/s upload_rate=60112.56 MiB/s
ds4: Flash-MoE prefill pread issue stats span=49991.951 ms active=30.23% span_rate=10542.23 MiB/s issue_gap=927593.999 ms post_stage_gap=8584.046 ms same_layer_issue=909126.472 ms same_layer_post=29.393 ms cross_layer_issue=18467.527 ms cross_layer_post=8554.653 ms max_issue=307.725 ms max_post=45.730 ms issue_gaps=60768 post_gaps=446 issue_gt1=13085 issue_gt5=11934 issue_gt20=11003 post_gt1=370 post_gt5=337 post_gt20=132
ds4: Flash-MoE prefill pread bucket le16 calls=43789 refs=269746 bytes=295575.75 MiB pread=8545.070 ms issue_gap=645846.579 ms post_stage_gap=41.071 ms pread_rate=34590.21 MiB/s
ds4: Flash-MoE prefill pread bucket le32 calls=15392 refs=362297 bytes=103896.00 MiB pread=2620.836 ms issue_gap=155208.875 ms post_stage_gap=24.766 ms pread_rate=39642.31 MiB/s
ds4: Flash-MoE prefill pread bucket le64 calls=10902 refs=490740 bytes=73588.50 MiB pread=2069.090 ms issue_gap=73250.651 ms post_stage_gap=112.228 ms pread_rate=35565.64 MiB/s
ds4: Flash-MoE prefill pread bucket le128 calls=5333 refs=472393 bytes=35997.75 MiB pread=1223.976 ms issue_gap=27033.213 ms post_stage_gap=890.975 ms pread_rate=29410.50 MiB/s
ds4: Flash-MoE prefill pread bucket le256 calls=2128 refs=367438 bytes=14364.00 MiB pread=542.769 ms issue_gap=12017.061 ms post_stage_gap=912.355 ms pread_rate=26464.30 MiB/s
ds4: Flash-MoE prefill pread bucket le512 calls=448 refs=151726 bytes=3024.00 MiB pread=95.448 ms issue_gap=11614.846 ms post_stage_gap=5071.294 ms pread_rate=31682.17 MiB/s
ds4: Flash-MoE prefill pread bucket gt512 calls=86 refs=58794 bytes=580.50 MiB pread=15.515 ms issue_gap=2622.774 ms post_stage_gap=1531.357 ms pread_rate=37415.40 MiB/s
ds4: ANE prefill stats calls=4239 ok=4239 skipped_big_refs=0 compile_attempts=1 compile_failures=0 eval_calls=4795 eval_failures=0 write_failures=0 reopen_failures=0
ds4: ANE prefill timing dequant=33.801 ms input=1.067 ms ane_eval=10294.416 ms ane_eval_a=10294.416 ms ane_eval_b=0.000 ms ane_eval_c=0.000 ms ane_eval_d=0.000 ms ane_wall_est=10294.416 ms writeback=16.777 ms helper_avg=2.146906 ms ane_calls=4795 ane_call_avg=2.146906 ms
ds4: ANE prefill timing2 output_pack=15.988 ms measured_total=10362.049 ms
ds4: ANE prefill timing3 dequant_wait=2657.125 ms post_wait=0.000 ms x_zero=30.206 ms x_copy=50.225 ms out_zero=98.761 ms out_f16_copy=116.214 ms output_convert=15.988 ms output_gpu_encode=15.988 ms output_chunks=4239 output_elems=2536624128 output_convert_rate=158.658 Gelem/s
ds4: ANE prefill timing4 wait_predict=0.000 ms finish_join_ane=135.913 ms finish_join_post=0.000 ms wait_predict_calls=0 finish_calls=4239
ds4: ANE prefill chunks refs=619293 padded_refs=1227520 pad_util=50.45% le16=56 le64=225 le128=2634 full=558
ds4: ANE prefill batch_hist B256=4795 refs=619293 util=50.5%
